
Note: No compatibility mode selected!


Circuit: * cml-driver-eye @ tt_27c_3.63v_270mbps -- generated by sim/harness, do not edit

Doing analysis at TEMP = 27.000000 and TNOM = 27.000000

Using SPARSE 1.3 as Direct Linear Solver

Initial Transient Solution
--------------------------

Node                                   Voltage
----                                   -------
avcc                                       3.3
avcclo                                    2.97
avcchi                                    3.63
inp                                     3.0855
inn                                     1.9965
inpz                                    3.0855
innz                                    1.9965
inref                                    1.089
win                                          0
winc                                         0
xc0.xcore.tail__t186                   1.56855
xc0.xcore.ibias__t118                  1.12786
xc0.xcore.vss__t163                5.39437e-06
xc0.xcore.vss__t349                8.46094e-13
xc0.xcore.vss__t60                 5.19587e-06
xc0.xcore.ibias__t117                  1.12786
xc0.xcore.tail__t286                   1.56855
xc0.xcore.vss__t350                8.14963e-13
xc0.xcore.tail__t197                   1.56855
xc0.xcore.ibias__t140                  1.12786
xc0.xcore.vss__t174                4.99777e-06
xc0.xcore.vss__t351                7.83896e-13
xc0.xcore.vss__t68                 4.80015e-06
xc0.xcore.ibias__t133                  1.12786
xc0.xcore.tail__t294                   1.56855
xc0.xcore.vss__t352                7.52901e-13
xc0.xcore.tail__t193                   1.56855
xc0.xcore.ibias__t132                  1.12786
xc0.xcore.vss__t170                4.60305e-06
xc0.xcore.vss__t353                7.21989e-13
xc0.xcore.vss__t67                 4.40654e-06
xc0.xcore.ibias__t131                  1.12786
xc0.xcore.tail__t293                   1.56855
xc0.xcore.vss__t354                 6.9117e-13
xc0.xcore.tail__t192                   1.56855
xc0.xcore.ibias__t130                  1.12786
xc0.xcore.vss__t169                4.21072e-06
xc0.xcore.vss__t355                6.60458e-13
xc0.xcore.vss__t74                 4.01567e-06
xc0.xcore.ibias__t145                  1.12786
xc0.xcore.tail__t300                   1.56855
xc0.xcore.vss__t356                6.29867e-13
xc0.xcore.tail__t191                   1.56855
xc0.xcore.ibias__t128                  1.12786
xc0.xcore.vss__t168                3.82152e-06
xc0.xcore.vss__t357                5.99416e-13
xc0.xcore.vss__t65                 3.62841e-06
xc0.xcore.ibias__t127                  1.12786
xc0.xcore.tail__t291                   1.56855
xc0.xcore.vss__t358                5.69129e-13
xc0.xcore.tail__t190                   1.56855
xc0.xcore.ibias__t126                  1.12786
xc0.xcore.vss__t167                3.43652e-06
xc0.xcore.vss__t359                5.39033e-13
xc0.xcore.vss__t64                 3.24607e-06
xc0.xcore.ibias__t125                  1.12786
xc0.xcore.tail__t290                   1.56855
xc0.xcore.vss__t360                5.09161e-13
xc0.xcore.tail__t189                   1.56855
xc0.xcore.ibias__t124                  1.12786
xc0.xcore.vss__t166                3.05731e-06
xc0.xcore.vss__t361                4.79556e-13
xc0.xcore.vss__t63                 2.87059e-06
xc0.xcore.ibias__t123                  1.12786
xc0.xcore.tail__t289                   1.56855
xc0.xcore.vss__t362                 4.5027e-13
xc0.xcore.tail__t188                   1.56855
xc0.xcore.ibias__t122                  1.12786
xc0.xcore.vss__t165                2.68634e-06
xc0.xcore.vss__t363                4.21371e-13
xc0.xcore.vss__t62                 2.50509e-06
xc0.xcore.ibias__t121                  1.12786
xc0.xcore.tail__t288                   1.56855
xc0.xcore.vss__t364                3.92942e-13
xc0.xcore.tail__t187                   1.56855
xc0.xcore.ibias__t120                  1.12786
xc0.xcore.vss__t164                2.32755e-06
xc0.xcore.vss__t365                3.65096e-13
xc0.xcore.vss__t26                 2.15464e-06
xc0.xcore.ibias__t0                    1.12786
xc0.xcore.tail__t252                   1.56855
xc0.xcore.vss__t366                3.37974e-13
xc0.xcore.tail__t175                   1.56855
xc0.xcore.ibias__t97                   1.12786
xc0.xcore.vss__t152                1.98756e-06
xc0.xcore.vss__t367                3.11768e-13
xc0.xcore.vss__t42                 1.82792e-06
xc0.xcore.ibias__t78                   1.12786
xc0.xcore.tail__t268                   1.56855
xc0.xcore.vss__t368                2.86727e-13
xc0.xcore.tail__t164                   1.56855
xc0.xcore.ibias__t77                   1.12786
xc0.xcore.vss__t141                1.67783e-06
xc0.xcore.vss__t369                2.63185e-13
xc0.xcore.vss__t37                  1.5401e-06
xc0.xcore.ibias__t70                   1.12786
xc0.xcore.tail__t263                   1.56855
xc0.xcore.vss__t370                2.41582e-13
xc0.xcore.tail__t167                   1.56855
xc0.xcore.ibias__t82                   1.12786
xc0.xcore.vss__t144                1.41832e-06
xc0.xcore.vss__t371                2.22481e-13
xc0.xcore.vss__t39                 1.31694e-06
xc0.xcore.ibias__t72                   1.12786
xc0.xcore.tail__t265                   1.56855
xc0.xcore.vss__t372                2.06579e-13
xc0.xcore.tail__t162                   1.56856
xc0.xcore.ibias__t73                   1.12786
xc0.xcore.vss__t139                1.24096e-06
xc0.xcore.vss__t373                1.94662e-13
xc0.xcore.vss__t40                 1.19524e-06
xc0.xcore.ibias__t74                   1.12786
xc0.xcore.tail__t266                   1.56856
xc0.xcore.vss__t374                 1.8749e-13
xc0.xcore.tail__t163                   1.56856
xc0.xcore.ibias__t75                   1.12786
xc0.xcore.vss__t140                1.18329e-06
xc0.xcore.vss__t375                1.85616e-13
xc0.xcore.vss__t41                 1.20611e-06
xc0.xcore.ibias__t76                   1.12786
xc0.xcore.tail__t267                   1.56856
xc0.xcore.vss__t376                1.89197e-13
xc0.xcore.tail__t129                   1.56856
xc0.xcore.ibias__t9                    1.12786
xc0.xcore.vss__t107                1.26182e-06
xc0.xcore.vss__t377                1.97936e-13
xc0.xcore.vss__t6                  1.34634e-06
xc0.xcore.ibias__t8                    1.12786
xc0.xcore.tail__t232                   1.56856
xc0.xcore.vss__t378                2.11195e-13
xc0.xcore.tail__t128                   1.56856
xc0.xcore.ibias__t7                    1.12786
xc0.xcore.vss__t106                1.45465e-06
xc0.xcore.vss__t379                2.28187e-13
xc0.xcore.vss__t5                  1.58189e-06
xc0.xcore.ibias__t6                    1.12786
xc0.xcore.tail__t231                   1.56856
xc0.xcore.vss__t380                2.48147e-13
xc0.xcore.tail__t141                   1.56856
xc0.xcore.ibias__t31                   1.12786
xc0.xcore.vss__t119                1.72385e-06
xc0.xcore.vss__t381                2.70419e-13
xc0.xcore.vss__t4                  1.87721e-06
xc0.xcore.ibias__t5                    1.12786
xc0.xcore.tail__t230                   1.56856
xc0.xcore.vss__t382                2.94477e-13
xc0.xcore.tail__t158                   1.56856
xc0.xcore.ibias__t62                   1.12786
xc0.xcore.vss__t135                 2.0394e-06
xc0.xcore.vss__t383                 3.1992e-13
xc0.xcore.vss__t33                 2.20847e-06
xc0.xcore.ibias__t63                   1.12786
xc0.xcore.tail__t259                   1.56856
xc0.xcore.vss__t384                3.46443e-13
xc0.xcore.tail__t159                   1.56856
xc0.xcore.ibias__t64                   1.12786
xc0.xcore.vss__t136                2.38295e-06
xc0.xcore.vss__t385                3.73816e-13
xc0.xcore.vss__t34                 2.56174e-06
xc0.xcore.ibias__t65                   1.12786
xc0.xcore.tail__t260                   1.56856
xc0.xcore.vss__t386                4.01865e-13
xc0.xcore.tail__t160                   1.56856
xc0.xcore.ibias__t66                   1.12786
xc0.xcore.vss__t137                  2.744e-06
xc0.xcore.vss__t387                4.30458e-13
xc0.xcore.vss__t35                 2.92908e-06
xc0.xcore.ibias__t67                   1.12786
xc0.xcore.tail__t261                   1.56856
xc0.xcore.vss__t388                4.59494e-13
xc0.xcore.tail__t161                   1.56856
xc0.xcore.ibias__t68                   1.12786
xc0.xcore.vss__t138                3.11648e-06
xc0.xcore.vss__t389                4.88894e-13
xc0.xcore.vss__t36                 3.30581e-06
xc0.xcore.ibias__t69                   1.12786
xc0.xcore.tail__t262                   1.56856
xc0.xcore.vss__t390                5.18596e-13
xc0.xcore.tail__t130                   1.56856
xc0.xcore.ibias__t10                   1.12786
xc0.xcore.vss__t108                3.49674e-06
xc0.xcore.vss__t391                5.48551e-13
xc0.xcore.vss__t13                 3.68903e-06
xc0.xcore.ibias__t23                   1.12786
xc0.xcore.tail__t239                   1.56856
xc0.xcore.vss__t392                 5.7872e-13
xc0.xcore.tail__t137                   1.56856
xc0.xcore.ibias__t24                   1.12786
xc0.xcore.vss__t115                3.88249e-06
xc0.xcore.vss__t393                 6.0907e-13
xc0.xcore.vss__t14                 4.07693e-06
xc0.xcore.ibias__t25                   1.12786
xc0.xcore.tail__t240                   1.56856
xc0.xcore.vss__t394                6.39577e-13
xc0.xcore.tail__t138                   1.56856
xc0.xcore.ibias__t26                   1.12786
xc0.xcore.vss__t116                4.27224e-06
xc0.xcore.vss__t395                6.70218e-13
xc0.xcore.vss__t15                 4.46829e-06
xc0.xcore.ibias__t27                   1.12786
xc0.xcore.tail__t241                   1.56856
xc0.xcore.vss__t396                7.00976e-13
xc0.xcore.tail__t139                   1.56856
xc0.xcore.ibias__t28                   1.12786
xc0.xcore.vss__t117                4.66499e-06
xc0.xcore.vss__t397                7.31837e-13
xc0.xcore.vss__t16                 4.86226e-06
xc0.xcore.ibias__t29                   1.12786
xc0.xcore.tail__t242                   1.56856
xc0.xcore.vss__t398                7.62787e-13
xc0.xcore.tail__t140                   1.56856
xc0.xcore.ibias__t30                   1.12786
xc0.xcore.vss__t118                5.06004e-06
xc0.xcore.vss__t399                7.93815e-13
xc0.xcore.vss__t21                 5.25827e-06
xc0.xcore.ibias__t41                   1.12786
xc0.xcore.tail__t247                   1.56856
xc0.xcore.vss__t400                8.24913e-13
xc0.xcore.tail__t142                   1.56856
xc0.xcore.ibias__t32                   1.12786
xc0.xcore.vss__t120                5.45689e-06
xc0.xcore.vss__t401                8.56071e-13
xc0.xcore.vss__t17                 5.65588e-06
xc0.xcore.ibias__t33                   1.12786
xc0.xcore.tail__t243                   1.56856
xc0.xcore.vss__t402                8.87285e-13
xc0.xcore.tail__t143                   1.56856
xc0.xcore.ibias__t34                   1.12786
xc0.xcore.vss__t121                5.85518e-06
xc0.xcore.vss__t403                9.18548e-13
xc0.xcore.vss__t18                 6.05477e-06
xc0.xcore.ibias__t35                   1.12786
xc0.xcore.tail__t244                   1.56856
xc0.xcore.vss__t404                9.49856e-13
xc0.xcore.tail__t144                   1.56856
xc0.xcore.ibias__t36                   1.12786
xc0.xcore.vss__t122                6.25463e-06
xc0.xcore.vss__t405                9.81205e-13
xc0.xcore.vss__t19                 6.45472e-06
xc0.xcore.ibias__t37                   1.12786
xc0.xcore.tail__t245                   1.56856
xc0.xcore.vss__t406                1.01259e-12
xc0.xcore.tail__t145                   1.56856
xc0.xcore.ibias__t38                   1.12786
xc0.xcore.vss__t123                6.65502e-06
xc0.xcore.vss__t407                1.04401e-12
xc0.xcore.vss__t20                 6.85553e-06
xc0.xcore.ibias__t39                   1.12786
xc0.xcore.tail__t246                   1.56856
xc0.xcore.vss__t408                1.07546e-12
xc0.xcore.tail__t146                   1.56856
xc0.xcore.ibias__t40                   1.12786
xc0.xcore.vss__t124                7.05621e-06
xc0.xcore.vss__t409                1.10694e-12
xc0.xcore.vss__t8                  7.25706e-06
xc0.xcore.ibias__t12                   1.12786
xc0.xcore.tail__t234                   1.56856
xc0.xcore.vss__t410                1.13844e-12
xc0.xcore.tail__t135                   1.56856
xc0.xcore.ibias__t21                   1.12786
xc0.xcore.vss__t113                7.45806e-06
xc0.xcore.vss__t411                1.16997e-12
xc0.xcore.vss__t9                  7.65919e-06
xc0.xcore.ibias__t13                   1.12786
xc0.xcore.tail__t235                   1.56856
xc0.xcore.vss__t412                1.20151e-12
xc0.xcore.tail__t131                   1.56856
xc0.xcore.ibias__t14                   1.12786
xc0.xcore.vss__t109                7.86046e-06
xc0.xcore.vss__t413                1.23308e-12
xc0.xcore.vss__t10                 8.06185e-06
xc0.xcore.ibias__t15                   1.12786
xc0.xcore.tail__t236                   1.56856
xc0.xcore.vss__t414                1.26467e-12
xc0.xcore.tail__t134                   1.56856
xc0.xcore.ibias__t20                   1.12786
xc0.xcore.vss__t112                8.26335e-06
xc0.xcore.vss__t415                1.29627e-12
xc0.xcore.vss__t12                 8.46495e-06
xc0.xcore.ibias__t19                   1.12786
xc0.xcore.tail__t238                   1.56856
xc0.xcore.vss__t416                1.32789e-12
xc0.xcore.tail__t133                   1.56856
xc0.xcore.ibias__t18                   1.12786
xc0.xcore.vss__t111                8.66664e-06
xc0.xcore.vss__t417                1.35953e-12
xc0.xcore.vss__t11                 8.86842e-06
xc0.xcore.ibias__t17                   1.12786
xc0.xcore.tail__t237                   1.56856
xc0.xcore.vss__t418                1.39117e-12
xc0.xcore.tail__t132                   1.56856
xc0.xcore.ibias__t16                   1.12786
xc0.xcore.vss__t110                9.07029e-06
xc0.xcore.vss__t419                1.42283e-12
xc0.xcore.vss__t7                  9.27223e-06
xc0.xcore.ibias__t11                   1.12786
xc0.xcore.tail__t233                   1.56856
xc0.xcore.vss__t420                1.45451e-12
xc0.xcore.tail__t136                   1.56856
xc0.xcore.ibias__t22                   1.12786
xc0.xcore.vss__t114                9.47425e-06
xc0.xcore.vss__t421                1.48619e-12
xc0.xcore.vss__t23                 9.67633e-06
xc0.xcore.ibias__t45                   1.12786
xc0.xcore.tail__t249                   1.56856
xc0.xcore.vss__t422                1.51788e-12
xc0.xcore.tail__t150                   1.56856
xc0.xcore.ibias__t46                   1.12786
xc0.xcore.vss__t127                9.87848e-06
xc0.xcore.vss__t423                1.54959e-12
xc0.xcore.vss__t24                 1.00807e-05
xc0.xcore.ibias__t47                   1.12786
xc0.xcore.tail__t250                   1.56856
xc0.xcore.vss__t424                 1.5813e-12
xc0.xcore.tail__t151                   1.56856
xc0.xcore.ibias__t48                   1.12786
xc0.xcore.vss__t128                 1.0283e-05
xc0.xcore.vss__t425                1.61302e-12
xc0.xcore.vss__t25                 1.04853e-05
xc0.xcore.ibias__t49                   1.12786
xc0.xcore.tail__t251                   1.56856
xc0.xcore.vss__t426                1.64475e-12
xc0.xcore.tail__t152                   1.56855
xc0.xcore.ibias__t50                   1.12786
xc0.xcore.vss__t129                1.06876e-05
xc0.xcore.vss__t427                1.67649e-12
xc0.xcore.vss__t32                   1.089e-05
xc0.xcore.ibias__t61                   1.12786
xc0.xcore.tail__t258                   1.56855
xc0.xcore.vss__t428                1.70823e-12
xc0.xcore.tail__t153                   1.56855
xc0.xcore.ibias__t51                   1.12786
xc0.xcore.vss__t130                1.10925e-05
xc0.xcore.vss__t429                1.73998e-12
xc0.xcore.vss__t27                  1.1295e-05
xc0.xcore.ibias__t52                   1.12786
xc0.xcore.tail__t253                   1.56855
xc0.xcore.vss__t430                1.77174e-12
xc0.xcore.tail__t154                   1.56855
xc0.xcore.ibias__t53                   1.12786
xc0.xcore.vss__t131                1.14975e-05
xc0.xcore.vss__t431                 1.8035e-12
xc0.xcore.vss__t28                 1.17001e-05
xc0.xcore.ibias__t54                   1.12786
xc0.xcore.tail__t254                   1.56855
xc0.xcore.vss__t432                1.83527e-12
xc0.xcore.tail__t155                   1.56855
xc0.xcore.ibias__t55                   1.12786
xc0.xcore.vss__t132                1.19027e-05
xc0.xcore.vss__t433                1.86704e-12
xc0.xcore.vss__t29                 1.21054e-05
xc0.xcore.ibias__t56                   1.12786
xc0.xcore.tail__t255                   1.56855
xc0.xcore.vss__t434                1.89882e-12
xc0.xcore.tail__t156                   1.56855
xc0.xcore.ibias__t57                   1.12786
xc0.xcore.vss__t133                1.23081e-05
xc0.xcore.vss__t435                1.93061e-12
xc0.xcore.vss__t30                 1.25108e-05
xc0.xcore.ibias__t58                   1.12786
xc0.xcore.tail__t256                   1.56855
xc0.xcore.vss__t436                 1.9624e-12
xc0.xcore.tail__t157                   1.56855
xc0.xcore.ibias__t59                   1.12786
xc0.xcore.vss__t134                1.27135e-05
xc0.xcore.vss__t437                1.99419e-12
xc0.xcore.vss__t31                 1.29163e-05
xc0.xcore.ibias__t60                   1.12786
xc0.xcore.tail__t257                   1.56855
xc0.xcore.vss__t438                2.02598e-12
xc0.xcore.tail__t211                   1.56855
xc0.xcore.ibias__t176                  1.12786
xc0.xcore.vss__t193                1.31191e-05
xc0.xcore.vss__t439                2.05779e-12
xc0.xcore.vss__t88                 1.33219e-05
xc0.xcore.ibias__t175                  1.12786
xc0.xcore.tail__t311                   1.56855
xc0.xcore.vss__t440                2.08959e-12
xc0.xcore.tail__t165                   1.56855
xc0.xcore.ibias__t79                   1.12786
xc0.xcore.vss__t142                1.35247e-05
xc0.xcore.vss__t441                 2.1214e-12
xc0.xcore.vss__t43                 1.37276e-05
xc0.xcore.ibias__t80                   1.12786
xc0.xcore.tail__t269                   1.56855
xc0.xcore.vss__t442                2.15321e-12
xc0.xcore.tail__t166                   1.56855
xc0.xcore.ibias__t81                   1.12786
xc0.xcore.vss__t143                1.39305e-05
xc0.xcore.vss__t443                2.18502e-12
xc0.xcore.vss__t38                 1.41334e-05
xc0.xcore.ibias__t71                   1.12786
xc0.xcore.tail__t264                   1.56855
xc0.xcore.vss__t444                2.21684e-12
xc0.xcore.tail__t147                   1.56855
xc0.xcore.ibias__t42                   1.12786
xc0.xcore.vss__t125                1.43363e-05
xc0.xcore.vss__t445                2.24866e-12
xc0.xcore.vss__t22                 1.45393e-05
xc0.xcore.ibias__t43                   1.12786
xc0.xcore.tail__t248                   1.56855
xc0.xcore.vss__t446                2.28048e-12
xc0.xcore.tail__t148                   1.56855
xc0.xcore.ibias__t44                   1.12786
xc0.xcore.vss__t126                1.47422e-05
xc0.xcore.vss__t447                2.31231e-12
xc0.xcore.vss__t0                  1.49452e-05
xc0.xcore.ibias__t1                    1.12786
xc0.xcore.tail__t149                   1.56855
xc0.xcore.vss__t456                2.34414e-12
xc0.xcore.tail__t229                   1.56851
xc0.xcore.ibias__t2                    1.12786
xc0.xcore.vss__t1                  2.56535e-05
xc0.xcore.vss__t458                  4.022e-12
xc0.xcore.vss__t189                2.54501e-05
xc0.xcore.ibias__t170                  1.12786
xc0.xcore.tail__t228                   1.56851
xc0.xcore.vss__t250                3.99012e-12
xc0.xcore.tail__t209                   1.56851
xc0.xcore.ibias__t169                  1.12786
xc0.xcore.vss__t188                2.52467e-05
xc0.xcore.vss__t251                3.95825e-12
xc0.xcore.vss__t86                 2.50433e-05
xc0.xcore.ibias__t168                  1.12786
xc0.xcore.tail__t309                   1.56852
xc0.xcore.vss__t252                3.92638e-12
xc0.xcore.tail__t208                   1.56852
xc0.xcore.ibias__t167                  1.12786
xc0.xcore.vss__t187                2.48399e-05
xc0.xcore.vss__t253                3.89451e-12
xc0.xcore.vss__t85                 2.46365e-05
xc0.xcore.ibias__t166                  1.12786
xc0.xcore.tail__t308                   1.56852
xc0.xcore.vss__t254                3.86264e-12
xc0.xcore.tail__t207                   1.56852
xc0.xcore.ibias__t165                  1.12786
xc0.xcore.vss__t186                2.44332e-05
xc0.xcore.vss__t255                3.83077e-12
xc0.xcore.vss__t84                 2.42298e-05
xc0.xcore.ibias__t164                  1.12786
xc0.xcore.tail__t307                   1.56852
xc0.xcore.vss__t256                 3.7989e-12
xc0.xcore.tail__t210                   1.56852
xc0.xcore.ibias__t173                  1.12786
xc0.xcore.vss__t191                2.40264e-05
xc0.xcore.vss__t257                3.76703e-12
xc0.xcore.vss__t87                 2.38231e-05
xc0.xcore.ibias__t172                  1.12786
xc0.xcore.tail__t310                   1.56852
xc0.xcore.vss__t258                3.73516e-12
xc0.xcore.tail__t219                   1.56852
xc0.xcore.ibias__t195                  1.12786
xc0.xcore.vss__t201                2.36197e-05
xc0.xcore.vss__t259                 3.7033e-12
xc0.xcore.vss__t99                 2.34163e-05
xc0.xcore.ibias__t194                  1.12786
xc0.xcore.tail__t321                   1.56852
xc0.xcore.vss__t260                3.67143e-12
xc0.xcore.tail__t227                   1.56852
xc0.xcore.ibias__t209                  1.12786
xc0.xcore.vss__t209                 2.3213e-05
xc0.xcore.vss__t261                3.63956e-12
xc0.xcore.vss__t97                 2.30096e-05
xc0.xcore.ibias__t192                  1.12786
xc0.xcore.tail__t319                   1.56852
xc0.xcore.vss__t262                3.60769e-12
xc0.xcore.tail__t218                   1.56852
xc0.xcore.ibias__t191                  1.12786
xc0.xcore.vss__t200                2.28063e-05
xc0.xcore.vss__t263                3.57582e-12
xc0.xcore.vss__t96                  2.2603e-05
xc0.xcore.ibias__t190                  1.12786
xc0.xcore.tail__t318                   1.56852
xc0.xcore.vss__t264                3.54396e-12
xc0.xcore.tail__t217                   1.56852
xc0.xcore.ibias__t189                  1.12786
xc0.xcore.vss__t199                2.23996e-05
xc0.xcore.vss__t265                3.51209e-12
xc0.xcore.vss__t95                 2.21963e-05
xc0.xcore.ibias__t188                  1.12786
xc0.xcore.tail__t317                   1.56852
xc0.xcore.vss__t266                3.48022e-12
xc0.xcore.tail__t216                   1.56852
xc0.xcore.ibias__t187                  1.12786
xc0.xcore.vss__t198                 2.1993e-05
xc0.xcore.vss__t267                3.44836e-12
xc0.xcore.vss__t94                 2.17897e-05
xc0.xcore.ibias__t186                  1.12786
xc0.xcore.tail__t316                   1.56852
xc0.xcore.vss__t268                3.41649e-12
xc0.xcore.tail__t215                   1.56852
xc0.xcore.ibias__t185                  1.12786
xc0.xcore.vss__t197                2.15863e-05
xc0.xcore.vss__t269                3.38463e-12
xc0.xcore.vss__t93                  2.1383e-05
xc0.xcore.ibias__t184                  1.12786
xc0.xcore.tail__t315                   1.56852
xc0.xcore.vss__t270                3.35277e-12
xc0.xcore.tail__t214                   1.56852
xc0.xcore.ibias__t183                  1.12786
xc0.xcore.vss__t196                2.11797e-05
xc0.xcore.vss__t271                 3.3209e-12
xc0.xcore.vss__t92                 2.09764e-05
xc0.xcore.ibias__t182                  1.12786
xc0.xcore.tail__t314                   1.56852
xc0.xcore.vss__t272                3.28904e-12
xc0.xcore.tail__t213                   1.56852
xc0.xcore.ibias__t181                  1.12786
xc0.xcore.vss__t195                2.07731e-05
xc0.xcore.vss__t273                3.25718e-12
xc0.xcore.vss__t91                 2.05699e-05
xc0.xcore.ibias__t180                  1.12786
xc0.xcore.tail__t313                   1.56852
xc0.xcore.vss__t274                3.22532e-12
xc0.xcore.tail__t212                   1.56852
xc0.xcore.ibias__t179                  1.12786
xc0.xcore.vss__t194                2.03666e-05
xc0.xcore.vss__t275                3.19346e-12
xc0.xcore.vss__t90                 2.01633e-05
xc0.xcore.ibias__t178                  1.12786
xc0.xcore.tail__t312                   1.56852
xc0.xcore.vss__t276                 3.1616e-12
xc0.xcore.tail__t206                   1.56852
xc0.xcore.ibias__t161                  1.12786
xc0.xcore.vss__t184                  1.996e-05
xc0.xcore.vss__t277                3.12974e-12
xc0.xcore.vss__t57                 1.97568e-05
xc0.xcore.ibias__t112                  1.12786
xc0.xcore.tail__t283                   1.56852
xc0.xcore.vss__t278                3.09788e-12
xc0.xcore.tail__t183                   1.56852
xc0.xcore.ibias__t111                  1.12786
xc0.xcore.vss__t160                1.95535e-05
xc0.xcore.vss__t279                3.06602e-12
xc0.xcore.vss__t56                 1.93503e-05
xc0.xcore.ibias__t110                  1.12786
xc0.xcore.tail__t282                   1.56852
xc0.xcore.vss__t280                3.03417e-12
xc0.xcore.tail__t182                   1.56852
xc0.xcore.ibias__t109                  1.12786
xc0.xcore.vss__t159                 1.9147e-05
xc0.xcore.vss__t281                3.00231e-12
xc0.xcore.vss__t55                 1.89438e-05
xc0.xcore.ibias__t108                  1.12786
xc0.xcore.tail__t281                   1.56853
xc0.xcore.vss__t282                2.97046e-12
xc0.xcore.tail__t181                   1.56853
xc0.xcore.ibias__t107                  1.12786
xc0.xcore.vss__t158                1.87406e-05
xc0.xcore.vss__t283                 2.9386e-12
xc0.xcore.vss__t54                 1.85374e-05
xc0.xcore.ibias__t106                  1.12786
xc0.xcore.tail__t280                   1.56853
xc0.xcore.vss__t284                2.90675e-12
xc0.xcore.tail__t180                   1.56853
xc0.xcore.ibias__t105                  1.12786
xc0.xcore.vss__t157                1.83342e-05
xc0.xcore.vss__t285                 2.8749e-12
xc0.xcore.vss__t53                  1.8131e-05
xc0.xcore.ibias__t104                  1.12786
xc0.xcore.tail__t279                   1.56853
xc0.xcore.vss__t286                2.84305e-12
xc0.xcore.tail__t205                   1.56853
xc0.xcore.ibias__t156                  1.12786
xc0.xcore.vss__t182                1.79278e-05
xc0.xcore.vss__t287                 2.8112e-12
xc0.xcore.vss__t79                 1.77246e-05
xc0.xcore.ibias__t155                  1.12786
xc0.xcore.tail__t305                   1.56853
xc0.xcore.vss__t288                2.77935e-12
xc0.xcore.tail__t204                   1.56853
xc0.xcore.ibias__t154                  1.12786
xc0.xcore.vss__t181                1.75214e-05
xc0.xcore.vss__t289                 2.7475e-12
xc0.xcore.vss__t78                 1.73183e-05
xc0.xcore.ibias__t153                  1.12786
xc0.xcore.tail__t304                   1.56853
xc0.xcore.vss__t290                2.71566e-12
xc0.xcore.tail__t203                   1.56853
xc0.xcore.ibias__t152                  1.12786
xc0.xcore.vss__t180                1.71151e-05
xc0.xcore.vss__t291                2.68382e-12
xc0.xcore.vss__t77                  1.6912e-05
xc0.xcore.ibias__t151                  1.12786
xc0.xcore.tail__t303                   1.56853
xc0.xcore.vss__t292                2.65197e-12
xc0.xcore.tail__t202                   1.56853
xc0.xcore.ibias__t150                  1.12786
xc0.xcore.vss__t179                1.67089e-05
xc0.xcore.vss__t293                2.62013e-12
xc0.xcore.vss__t76                 1.65058e-05
xc0.xcore.ibias__t149                  1.12786
xc0.xcore.tail__t302                   1.56853
xc0.xcore.vss__t294                2.58829e-12
xc0.xcore.tail__t201                   1.56853
xc0.xcore.ibias__t148                  1.12786
xc0.xcore.vss__t178                1.63027e-05
xc0.xcore.vss__t295                2.55646e-12
xc0.xcore.vss__t75                 1.60996e-05
xc0.xcore.ibias__t147                  1.12786
xc0.xcore.tail__t301                   1.56853
xc0.xcore.vss__t296                2.52462e-12
xc0.xcore.tail__t200                   1.56853
xc0.xcore.ibias__t146                  1.12786
xc0.xcore.vss__t177                1.58965e-05
xc0.xcore.vss__t297                2.49279e-12
xc0.xcore.vss__t98                 1.56935e-05
xc0.xcore.ibias__t193                  1.12786
xc0.xcore.tail__t320                   1.56853
xc0.xcore.vss__t298                2.46095e-12
xc0.xcore.tail__t226                   1.56853
xc0.xcore.ibias__t208                  1.12786
xc0.xcore.vss__t208                1.54904e-05
xc0.xcore.vss__t299                2.42912e-12
xc0.xcore.vss__t105                1.52874e-05
xc0.xcore.ibias__t207                  1.12786
xc0.xcore.tail__t327                   1.56853
xc0.xcore.vss__t300                 2.3973e-12
xc0.xcore.tail__t225                   1.56853
xc0.xcore.ibias__t206                  1.12786
xc0.xcore.vss__t207                1.50844e-05
xc0.xcore.vss__t301                2.36547e-12
xc0.xcore.vss__t104                1.48814e-05
xc0.xcore.ibias__t205                  1.12786
xc0.xcore.tail__t326                   1.56853
xc0.xcore.vss__t302                2.33365e-12
xc0.xcore.tail__t224                   1.56853
xc0.xcore.ibias__t204                  1.12786
xc0.xcore.vss__t206                1.46784e-05
xc0.xcore.vss__t303                2.30183e-12
xc0.xcore.vss__t103                1.44754e-05
xc0.xcore.ibias__t203                  1.12786
xc0.xcore.tail__t325                   1.56853
xc0.xcore.vss__t304                2.27001e-12
xc0.xcore.tail__t223                   1.56853
xc0.xcore.ibias__t202                  1.12786
xc0.xcore.vss__t205                1.42725e-05
xc0.xcore.vss__t305                2.23819e-12
xc0.xcore.vss__t102                1.40696e-05
xc0.xcore.ibias__t201                  1.12786
xc0.xcore.tail__t324                   1.56853
xc0.xcore.vss__t306                2.20638e-12
xc0.xcore.tail__t222                   1.56853
xc0.xcore.ibias__t200                  1.12786
xc0.xcore.vss__t204                1.38667e-05
xc0.xcore.vss__t307                2.17457e-12
xc0.xcore.vss__t101                1.36638e-05
xc0.xcore.ibias__t199                  1.12786
xc0.xcore.tail__t323                   1.56853
xc0.xcore.vss__t308                2.14276e-12
xc0.xcore.tail__t221                   1.56853
xc0.xcore.ibias__t198                  1.12786
xc0.xcore.vss__t203                1.34609e-05
xc0.xcore.vss__t309                2.11096e-12
xc0.xcore.vss__t100                1.32581e-05
xc0.xcore.ibias__t197                  1.12786
xc0.xcore.tail__t322                   1.56853
xc0.xcore.vss__t310                2.07916e-12
xc0.xcore.tail__t220                   1.56853
xc0.xcore.ibias__t196                  1.12786
xc0.xcore.vss__t202                1.30553e-05
xc0.xcore.vss__t311                2.04736e-12
xc0.xcore.vss__t80                 1.28525e-05
xc0.xcore.ibias__t157                  1.12786
xc0.xcore.tail__t306                   1.56854
xc0.xcore.vss__t312                2.01557e-12
xc0.xcore.tail__t185                   1.56854
xc0.xcore.ibias__t116                  1.12786
xc0.xcore.vss__t162                1.26497e-05
xc0.xcore.vss__t313                1.98378e-12
xc0.xcore.vss__t59                  1.2447e-05
xc0.xcore.ibias__t115                  1.12786
xc0.xcore.tail__t285                   1.56854
xc0.xcore.vss__t314                  1.952e-12
xc0.xcore.tail__t184                   1.56854
xc0.xcore.ibias__t114                  1.12786
xc0.xcore.vss__t161                1.22443e-05
xc0.xcore.vss__t315                1.92022e-12
xc0.xcore.vss__t71                 1.20416e-05
xc0.xcore.ibias__t139                  1.12786
xc0.xcore.tail__t297                   1.56854
xc0.xcore.vss__t316                1.88844e-12
xc0.xcore.tail__t196                   1.56854
xc0.xcore.ibias__t138                  1.12786
xc0.xcore.vss__t173                 1.1839e-05
xc0.xcore.vss__t317                1.85667e-12
xc0.xcore.vss__t70                 1.16364e-05
xc0.xcore.ibias__t137                  1.12786
xc0.xcore.tail__t296                   1.56854
xc0.xcore.vss__t318                 1.8249e-12
xc0.xcore.tail__t195                   1.56854
xc0.xcore.ibias__t136                  1.12786
xc0.xcore.vss__t172                1.14338e-05
xc0.xcore.vss__t319                1.79314e-12
xc0.xcore.vss__t69                 1.12313e-05
xc0.xcore.ibias__t135                  1.12786
xc0.xcore.tail__t295                   1.56854
xc0.xcore.vss__t320                1.76139e-12
xc0.xcore.tail__t194                   1.56854
xc0.xcore.ibias__t134                  1.12786
xc0.xcore.vss__t171                1.10288e-05
xc0.xcore.vss__t321                1.72964e-12
xc0.xcore.vss__t61                 1.08264e-05
xc0.xcore.ibias__t119                  1.12786
xc0.xcore.tail__t287                   1.56854
xc0.xcore.vss__t322                 1.6979e-12
xc0.xcore.tail__t179                   1.56854
xc0.xcore.ibias__t103                  1.12786
xc0.xcore.vss__t156                 1.0624e-05
xc0.xcore.vss__t323                1.66616e-12
xc0.xcore.vss__t48                 1.04216e-05
xc0.xcore.ibias__t92                   1.12786
xc0.xcore.tail__t274                   1.56854
xc0.xcore.vss__t324                1.63443e-12
xc0.xcore.tail__t178                   1.56854
xc0.xcore.ibias__t102                  1.12786
xc0.xcore.vss__t155                1.02193e-05
xc0.xcore.vss__t325                1.60271e-12
xc0.xcore.vss__t52                 1.00171e-05
xc0.xcore.ibias__t101                  1.12786
xc0.xcore.tail__t278                   1.56854
xc0.xcore.vss__t326                  1.571e-12
xc0.xcore.tail__t177                   1.56854
xc0.xcore.ibias__t100                  1.12786
xc0.xcore.vss__t154                9.81488e-06
xc0.xcore.vss__t327                 1.5393e-12
xc0.xcore.vss__t51                 9.61276e-06
xc0.xcore.ibias__t99                   1.12786
xc0.xcore.tail__t277                   1.56854
xc0.xcore.vss__t328                1.50761e-12
xc0.xcore.tail__t176                   1.56854
xc0.xcore.ibias__t98                   1.12786
xc0.xcore.vss__t153                9.41069e-06
xc0.xcore.vss__t329                1.47592e-12
xc0.xcore.vss__t58                  9.2087e-06
xc0.xcore.ibias__t113                  1.12786
xc0.xcore.tail__t284                   1.56854
xc0.xcore.vss__t330                1.44425e-12
xc0.xcore.tail__t174                   1.56854
xc0.xcore.ibias__t96                   1.12786
xc0.xcore.vss__t151                9.00678e-06
xc0.xcore.vss__t331                1.41259e-12
xc0.xcore.vss__t50                 8.80494e-06
xc0.xcore.ibias__t95                   1.12786
xc0.xcore.tail__t276                   1.56854
xc0.xcore.vss__t332                1.38094e-12
xc0.xcore.tail__t173                   1.56854
xc0.xcore.ibias__t94                   1.12786
xc0.xcore.vss__t150                8.60318e-06
xc0.xcore.vss__t333                 1.3493e-12
xc0.xcore.vss__t49                 8.40152e-06
xc0.xcore.ibias__t93                   1.12786
xc0.xcore.tail__t275                   1.56854
xc0.xcore.vss__t334                1.31768e-12
xc0.xcore.tail__t172                   1.56854
xc0.xcore.ibias__t91                   1.12786
xc0.xcore.vss__t149                8.19995e-06
xc0.xcore.vss__t335                1.28607e-12
xc0.xcore.vss__t47                 7.99849e-06
xc0.xcore.ibias__t90                   1.12786
xc0.xcore.tail__t273                   1.56854
xc0.xcore.vss__t336                1.25448e-12
xc0.xcore.tail__t171                   1.56854
xc0.xcore.ibias__t89                   1.12786
xc0.xcore.vss__t148                7.79714e-06
xc0.xcore.vss__t337                 1.2229e-12
xc0.xcore.vss__t46                 7.59591e-06
xc0.xcore.ibias__t88                   1.12786
xc0.xcore.tail__t272                   1.56854
xc0.xcore.vss__t338                1.19135e-12
xc0.xcore.tail__t170                   1.56854
xc0.xcore.ibias__t87                   1.12786
xc0.xcore.vss__t147                7.39481e-06
xc0.xcore.vss__t339                1.15981e-12
xc0.xcore.vss__t45                 7.19386e-06
xc0.xcore.ibias__t86                   1.12786
xc0.xcore.tail__t271                   1.56854
xc0.xcore.vss__t340                 1.1283e-12
xc0.xcore.tail__t169                   1.56854
xc0.xcore.ibias__t85                   1.12786
xc0.xcore.vss__t146                6.99306e-06
xc0.xcore.vss__t341                1.09681e-12
xc0.xcore.vss__t44                 6.79243e-06
xc0.xcore.ibias__t84                   1.12786
xc0.xcore.tail__t270                   1.56855
xc0.xcore.vss__t342                1.06535e-12
xc0.xcore.tail__t168                   1.56855
xc0.xcore.ibias__t83                   1.12786
xc0.xcore.vss__t145                6.59199e-06
xc0.xcore.vss__t343                1.03391e-12
xc0.xcore.vss__t66                 6.39175e-06
xc0.xcore.ibias__t129                  1.12786
xc0.xcore.tail__t292                   1.56855
xc0.xcore.vss__t344                1.00251e-12
xc0.xcore.tail__t199                   1.56855
xc0.xcore.ibias__t144                  1.12786
xc0.xcore.vss__t176                6.19173e-06
xc0.xcore.vss__t345                9.71142e-13
xc0.xcore.vss__t73                 5.99196e-06
xc0.xcore.ibias__t143                  1.12786
xc0.xcore.tail__t299                   1.56855
xc0.xcore.vss__t346                9.39812e-13
xc0.xcore.tail__t198                   1.56855
xc0.xcore.ibias__t142                  1.12786
xc0.xcore.vss__t175                5.79245e-06
xc0.xcore.vss__t347                9.08525e-13
xc0.xcore.vss__t72                 5.59325e-06
xc0.xcore.ibias__t141                  1.12786
xc0.xcore.tail__t298                   1.56855
xc0.xcore.vss__t348                8.77284e-13
xc0.xcore.outp__t53                    2.79079
xc0.xcore.inp__t1                       3.0855
xc0.xcore.tail__t0                     1.56862
xc0.xcore.vss__t460                1.39766e-12
xc0.xcore.tail__t119                   1.56862
xc0.xcore.inp__t53                      3.0855
xc0.xcore.outp__t52                    2.79079
xc0.xcore.vss__t462                1.41089e-12
xc0.xcore.outp__t46                    2.79079
xc0.xcore.inp__t52                      3.0855
xc0.xcore.tail__t118                   1.56862
xc0.xcore.vss__t463                1.42413e-12
xc0.xcore.tail__t58                    1.56862
xc0.xcore.inp__t61                      3.0855
xc0.xcore.outp__t82                    2.79079
xc0.xcore.vss__t464                1.43736e-12
xc0.xcore.outp__t30                    2.79078
xc0.xcore.inp__t24                      3.0855
xc0.xcore.tail__t98                    1.56862
xc0.xcore.vss__t465                 1.4506e-12
xc0.xcore.tail__t38                    1.56863
xc0.xcore.inp__t23                      3.0855
xc0.xcore.outp__t64                    2.79078
xc0.xcore.vss__t466                1.46384e-12
xc0.xcore.outp__t29                    2.79078
xc0.xcore.inp__t22                      3.0855
xc0.xcore.tail__t97                    1.56863
xc0.xcore.vss__t467                1.47708e-12
xc0.xcore.tail__t37                    1.56863
xc0.xcore.inp__t21                      3.0855
xc0.xcore.outp__t63                    2.79078
xc0.xcore.vss__t468                1.49031e-12
xc0.xcore.outp__t28                    2.79078
xc0.xcore.inp__t20                      3.0855
xc0.xcore.tail__t96                    1.56863
xc0.xcore.vss__t469                1.50355e-12
xc0.xcore.tail__t36                    1.56863
xc0.xcore.inp__t19                      3.0855
xc0.xcore.outp__t62                    2.79078
xc0.xcore.vss__t470                1.51679e-12
xc0.xcore.outp__t27                    2.79077
xc0.xcore.inp__t18                      3.0855
xc0.xcore.tail__t95                    1.56863
xc0.xcore.vss__t471                1.53003e-12
xc0.xcore.tail__t35                    1.56863
xc0.xcore.inp__t17                      3.0855
xc0.xcore.outp__t61                    2.79077
xc0.xcore.vss__t472                1.54327e-12
xc0.xcore.outp__t26                    2.79077
xc0.xcore.inp__t16                      3.0855
xc0.xcore.tail__t94                    1.56863
xc0.xcore.vss__t473                1.55652e-12
xc0.xcore.tail__t33                    1.56863
xc0.xcore.inp__t15                      3.0855
xc0.xcore.outp__t60                    2.79077
xc0.xcore.vss__t474                1.56976e-12
xc0.xcore.outp__t47                    2.79077
xc0.xcore.inp__t54                      3.0855
xc0.xcore.tail__t120                   1.56863
xc0.xcore.vss__t475                  1.583e-12
xc0.xcore.tail__t54                    1.56863
xc0.xcore.inp__t55                      3.0855
xc0.xcore.outp__t78                    2.79077
xc0.xcore.vss__t476                1.59624e-12
xc0.xcore.outp__t51                    2.79076
xc0.xcore.inp__t63                      3.0855
xc0.xcore.tail__t126                   1.56863
xc0.xcore.vss__t477                1.60948e-12
xc0.xcore.tail__t57                    1.56864
xc0.xcore.inp__t60                      3.0855
xc0.xcore.outp__t81                    2.79076
xc0.xcore.vss__t478                1.62273e-12
xc0.xcore.outp__t49                    2.79076
xc0.xcore.inp__t59                      3.0855
xc0.xcore.tail__t122                   1.56864
xc0.xcore.vss__t479                1.63597e-12
xc0.xcore.tail__t56                    1.56864
xc0.xcore.inp__t58                      3.0855
xc0.xcore.outp__t80                    2.79076
xc0.xcore.vss__t480                1.64922e-12
xc0.xcore.outp__t48                    2.79076
xc0.xcore.inp__t57                      3.0855
xc0.xcore.tail__t121                   1.56864
xc0.xcore.vss__t481                1.66246e-12
xc0.xcore.tail__t55                    1.56864
xc0.xcore.inp__t56                      3.0855
xc0.xcore.outp__t79                    2.79076
xc0.xcore.vss__t482                 1.6757e-12
xc0.xcore.outp__t24                    2.79075
xc0.xcore.inp__t11                      3.0855
xc0.xcore.tail__t92                    1.56864
xc0.xcore.vss__t483                1.68895e-12
xc0.xcore.tail__t30                    1.56864
xc0.xcore.inp__t10                      3.0855
xc0.xcore.outp__t57                    2.79075
xc0.xcore.vss__t484                 1.7022e-12
xc0.xcore.outp__t23                    2.79075
xc0.xcore.inp__t9                       3.0855
xc0.xcore.tail__t88                    1.56864
xc0.xcore.vss__t485                1.71544e-12
xc0.xcore.tail__t32                    1.56864
xc0.xcore.inp__t14                      3.0855
xc0.xcore.outp__t59                    2.79075
xc0.xcore.vss__t486                1.72869e-12
xc0.xcore.outp__t25                    2.79075
xc0.xcore.inp__t13                      3.0855
xc0.xcore.tail__t93                    1.56864
xc0.xcore.vss__t487                1.74193e-12
xc0.xcore.tail__t60                    1.56864
xc0.xcore.inp__t0                       3.0855
xc0.xcore.outp__t83                    2.79075
xc0.xcore.vss__t488                1.75518e-12
xc0.xcore.outp__t50                    2.79074
xc0.xcore.inp__t62                      3.0855
xc0.xcore.tail__t123                   1.56864
xc0.xcore.vss__t489                1.76843e-12
xc0.xcore.tail__t42                    1.56864
xc0.xcore.inp__t29                      3.0855
xc0.xcore.outp__t67                    2.79074
xc0.xcore.vss__t490                1.78168e-12
xc0.xcore.outp__t32                    2.79074
xc0.xcore.inp__t28                      3.0855
xc0.xcore.tail__t102                   1.56865
xc0.xcore.vss__t491                1.79492e-12
xc0.xcore.tail__t41                    1.56865
xc0.xcore.inp__t27                      3.0855
xc0.xcore.outp__t66                    2.79074
xc0.xcore.vss__t492                1.80817e-12
xc0.xcore.outp__t31                    2.79074
xc0.xcore.inp__t26                      3.0855
xc0.xcore.tail__t101                   1.56865
xc0.xcore.vss__t493                1.82142e-12
xc0.xcore.tail__t40                    1.56865
xc0.xcore.inp__t25                      3.0855
xc0.xcore.outp__t65                    2.79074
xc0.xcore.vss__t494                1.83467e-12
xc0.xcore.outp__t20                    2.79074
xc0.xcore.inp__t4                       3.0855
xc0.xcore.tail__t74                    1.56865
xc0.xcore.vss__t495                1.84792e-12
xc0.xcore.tail__t14                    1.56865
xc0.xcore.inp__t3                       3.0855
xc0.xcore.outp__t54                    2.79073
xc0.xcore.vss__t496                1.86117e-12
xc0.xcore.outp__t22                    2.79073
xc0.xcore.inp__t7                       3.0855
xc0.xcore.tail__t76                    1.56865
xc0.xcore.vss__t497                1.87442e-12
xc0.xcore.tail__t16                    1.56865
xc0.xcore.inp__t6                       3.0855
xc0.xcore.outp__t55                    2.79073
xc0.xcore.vss__t498                1.88767e-12
xc0.xcore.outp__t21                    2.79073
xc0.xcore.inp__t5                       3.0855
xc0.xcore.tail__t75                    1.56865
xc0.xcore.vss__t499                1.90092e-12
xc0.xcore.tail__t19                    1.56865
xc0.xcore.inp__t8                       3.0855
xc0.xcore.outp__t56                    2.79073
xc0.xcore.vss__t500                1.91417e-12
xc0.xcore.outp__t45                    2.79073
xc0.xcore.inp__t50                      3.0855
xc0.xcore.tail__t116                   1.56865
xc0.xcore.vss__t501                1.92742e-12
xc0.xcore.tail__t51                    1.56865
xc0.xcore.inp__t49                      3.0855
xc0.xcore.outp__t76                    2.79072
xc0.xcore.vss__t502                1.94067e-12
xc0.xcore.outp__t44                    2.79072
xc0.xcore.inp__t48                      3.0855
xc0.xcore.tail__t115                   1.56866
xc0.xcore.vss__t503                1.95392e-12
xc0.xcore.tail__t50                    1.56866
xc0.xcore.inp__t47                      3.0855
xc0.xcore.outp__t75                    2.79072
xc0.xcore.vss__t504                1.96717e-12
xc0.xcore.outp__t43                    2.79072
xc0.xcore.inp__t46                      3.0855
xc0.xcore.tail__t114                   1.56866
xc0.xcore.vss__t505                1.98043e-12
xc0.xcore.tail__t49                    1.56866
xc0.xcore.inp__t45                      3.0855
xc0.xcore.outp__t74                    2.79072
xc0.xcore.vss__t506                1.99368e-12
xc0.xcore.outp__t42                    2.79072
xc0.xcore.inp__t44                      3.0855
xc0.xcore.tail__t113                   1.56866
xc0.xcore.vss__t507                2.00693e-12
xc0.xcore.tail__t48                    1.56866
xc0.xcore.inp__t43                      3.0855
xc0.xcore.outp__t73                    2.79071
xc0.xcore.vss__t508                2.02018e-12
xc0.xcore.outp__t41                    2.79071
xc0.xcore.inp__t42                      3.0855
xc0.xcore.tail__t112                   1.56866
xc0.xcore.vss__t509                2.03344e-12
xc0.xcore.tail__t47                    1.56866
xc0.xcore.inp__t41                      3.0855
xc0.xcore.outp__t72                    2.79071
xc0.xcore.vss__t510                2.04669e-12
xc0.xcore.outp__t40                    2.79071
xc0.xcore.inp__t40                      3.0855
xc0.xcore.tail__t111                   1.56866
xc0.xcore.vss__t511                2.05994e-12
xc0.xcore.tail__t46                    1.56866
xc0.xcore.inp__t39                      3.0855
xc0.xcore.outp__t71                    2.79071
xc0.xcore.vss__t512                 2.0732e-12
xc0.xcore.outp__t39                    2.79071
xc0.xcore.inp__t38                      3.0855
xc0.xcore.tail__t110                   1.56866
xc0.xcore.vss__t513                2.08645e-12
xc0.xcore.tail__t53                    1.56866
xc0.xcore.inp__t51                      3.0855
xc0.xcore.outp__t77                     2.7907
xc0.xcore.vss__t514                 2.0997e-12
xc0.xcore.outp__t38                     2.7907
xc0.xcore.inp__t37                      3.0855
xc0.xcore.tail__t108                   1.56866
xc0.xcore.vss__t515                2.11296e-12
xc0.xcore.tail__t45                    1.56867
xc0.xcore.inp__t36                      3.0855
xc0.xcore.outp__t70                     2.7907
xc0.xcore.vss__t516                2.12621e-12
xc0.xcore.outp__t37                     2.7907
xc0.xcore.inp__t35                      3.0855
xc0.xcore.tail__t107                   1.56867
xc0.xcore.vss__t517                2.13946e-12
xc0.xcore.tail__t44                    1.56867
xc0.xcore.inp__t34                      3.0855
xc0.xcore.outp__t69                     2.7907
xc0.xcore.vss__t518                2.15272e-12
xc0.xcore.outp__t36                     2.7907
xc0.xcore.inp__t33                      3.0855
xc0.xcore.tail__t106                   1.56867
xc0.xcore.vss__t519                2.16597e-12
xc0.xcore.tail__t31                    1.56867
xc0.xcore.inp__t12                      3.0855
xc0.xcore.outp__t58                    2.79069
xc0.xcore.vss__t520                2.17923e-12
xc0.xcore.outp__t35                    2.79069
xc0.xcore.inp__t32                      3.0855
xc0.xcore.tail__t104                   1.56867
xc0.xcore.vss__t521                2.19248e-12
xc0.xcore.tail__t43                    1.56867
xc0.xcore.inp__t31                      3.0855
xc0.xcore.outp__t68                    2.79069
xc0.xcore.vss__t522                2.20574e-12
xc0.xcore.outp__t33                    2.79069
xc0.xcore.inp__t30                      3.0855
xc0.xcore.tail__t103                   1.56867
xc0.xcore.vss__t523                2.21899e-12
xc0.xcore.tail__t1                     1.56867
xc0.xcore.inp__t2                       3.0855
xc0.xcore.outp__t34                    2.79069
xc0.xcore.vss__t586                2.23225e-12
xc0.xcore.ibias__t215                  1.12513
xc0.xcore.ibias__t3                    1.12786
xc0.xcore.vss__t2                  2.51858e-05
xc0.xcore.vss__t459                5.66833e-13
xc0.xcore.vss__t81                 2.49859e-05
xc0.xcore.ibias__t158                  1.12786
xc0.xcore.ibias__t216                  1.12516
xc0.xcore.vss__t448                5.62349e-13
xc0.xcore.ibias__t213                  1.12519
xc0.xcore.ibias__t171                  1.12786
xc0.xcore.vss__t190                2.47861e-05
xc0.xcore.vss__t449                5.57865e-13
xc0.xcore.vss__t83                 2.45863e-05
xc0.xcore.ibias__t163                  1.12786
xc0.xcore.ibias__t218                  1.12522
xc0.xcore.vss__t450                5.53381e-13
xc0.xcore.ibias__t212                  1.12525
xc0.xcore.ibias__t162                  1.12786
xc0.xcore.vss__t185                2.43865e-05
xc0.xcore.vss__t451                5.48897e-13
xc0.xcore.vss__t89                 2.41867e-05
xc0.xcore.ibias__t177                  1.12786
xc0.xcore.ibias__t219                  1.12528
xc0.xcore.vss__t452                5.44412e-13
xc0.xcore.ibias__t211                  1.12531
xc0.xcore.ibias__t160                  1.12786
xc0.xcore.vss__t183                2.39868e-05
xc0.xcore.vss__t453                5.39928e-13
xc0.xcore.vss__t82                  2.3787e-05
xc0.xcore.ibias__t159                  1.12786
xc0.xcore.ibias__t217                  1.12534
xc0.xcore.vss__t454                5.35443e-13
xc0.xcore.ibias__t214                  1.12537
xc0.xcore.ibias__t174                  1.12786
xc0.xcore.vss__t192                2.35872e-05
xc0.xcore.vss__t455                5.30958e-13
xc0.xcore.vss__t3                  2.33874e-05
xc0.xcore.ibias__t4                    1.12786
xc0.xcore.ibias__t210                   1.1254
xc0.xcore.vss__t457                5.26473e-13
xc0.xcore.outn__t52                        3.3
xc0.xcore.inn__t1                       1.9965
xc0.xcore.tail__t3                     1.56856
xc0.xcore.vss__t461                1.55989e-12
xc0.xcore.tail__t62                    1.56856
xc0.xcore.inn__t58                      1.9965
xc0.xcore.outn__t81                        3.3
xc0.xcore.vss__t524                1.57469e-12
xc0.xcore.outn__t49                        3.3
xc0.xcore.inn__t59                      1.9965
xc0.xcore.tail__t124                   1.56856
xc0.xcore.vss__t525                 1.5895e-12
xc0.xcore.tail__t63                    1.56856
xc0.xcore.inn__t60                      1.9965
xc0.xcore.outn__t82                        3.3
xc0.xcore.vss__t526                 1.6043e-12
xc0.xcore.outn__t50                        3.3
xc0.xcore.inn__t61                      1.9965
xc0.xcore.tail__t125                   1.56856
xc0.xcore.vss__t527                1.61911e-12
xc0.xcore.tail__t64                    1.56856
xc0.xcore.inn__t62                      1.9965
xc0.xcore.outn__t83                        3.3
xc0.xcore.vss__t528                1.63391e-12
xc0.xcore.outn__t46                        3.3
xc0.xcore.inn__t52                      1.9965
xc0.xcore.tail__t105                   1.56856
xc0.xcore.vss__t529                1.64871e-12
xc0.xcore.tail__t15                    1.56856
xc0.xcore.inn__t21                      1.9965
xc0.xcore.outn__t63                        3.3
xc0.xcore.vss__t530                1.66352e-12
xc0.xcore.outn__t45                        3.3
xc0.xcore.inn__t51                      1.9965
xc0.xcore.tail__t100                   1.56856
xc0.xcore.vss__t531                1.67833e-12
xc0.xcore.tail__t34                    1.56856
xc0.xcore.inn__t48                      1.9965
xc0.xcore.outn__t76                        3.3
xc0.xcore.vss__t532                1.69313e-12
xc0.xcore.outn__t44                        3.3
xc0.xcore.inn__t50                      1.9965
xc0.xcore.tail__t99                    1.56856
xc0.xcore.vss__t533                1.70794e-12
xc0.xcore.tail__t61                    1.56856
xc0.xcore.inn__t57                      1.9965
xc0.xcore.outn__t80                        3.3
xc0.xcore.vss__t534                1.72274e-12
xc0.xcore.outn__t40                        3.3
xc0.xcore.inn__t42                      1.9965
xc0.xcore.tail__t87                    1.56856
xc0.xcore.vss__t535                1.73755e-12
xc0.xcore.tail__t27                    1.56856
xc0.xcore.inn__t41                      1.9965
xc0.xcore.outn__t73                        3.3
xc0.xcore.vss__t536                1.75236e-12
xc0.xcore.outn__t39                        3.3
xc0.xcore.inn__t40                      1.9965
xc0.xcore.tail__t86                    1.56856
xc0.xcore.vss__t537                1.76717e-12
xc0.xcore.tail__t26                    1.56856
xc0.xcore.inn__t39                      1.9965
xc0.xcore.outn__t72                        3.3
xc0.xcore.vss__t538                1.78197e-12
xc0.xcore.outn__t38                        3.3
xc0.xcore.inn__t38                      1.9965
xc0.xcore.tail__t85                    1.56856
xc0.xcore.vss__t539                1.79678e-12
xc0.xcore.tail__t25                    1.56856
xc0.xcore.inn__t37                      1.9965
xc0.xcore.outn__t71                        3.3
xc0.xcore.vss__t540                1.81159e-12
xc0.xcore.outn__t47                        3.3
xc0.xcore.inn__t53                      1.9965
xc0.xcore.tail__t109                   1.56856
xc0.xcore.vss__t541                 1.8264e-12
xc0.xcore.tail__t52                    1.56856
xc0.xcore.inn__t55                      1.9965
xc0.xcore.outn__t78                        3.3
xc0.xcore.vss__t542                1.84121e-12
xc0.xcore.outn__t48                        3.3
xc0.xcore.inn__t54                      1.9965
xc0.xcore.tail__t117                   1.56856
xc0.xcore.vss__t543                1.85602e-12
xc0.xcore.tail__t39                    1.56856
xc0.xcore.inn__t49                      1.9965
xc0.xcore.outn__t77                        3.3
xc0.xcore.vss__t544                1.87083e-12
xc0.xcore.outn__t41                        3.3
xc0.xcore.inn__t43                      1.9965
xc0.xcore.tail__t89                    1.56856
xc0.xcore.vss__t545                1.88564e-12
xc0.xcore.tail__t29                    1.56856
xc0.xcore.inn__t47                      1.9965
xc0.xcore.outn__t75                        3.3
xc0.xcore.vss__t546                1.90045e-12
xc0.xcore.outn__t43                        3.3
xc0.xcore.inn__t46                      1.9965
xc0.xcore.tail__t91                    1.56856
xc0.xcore.vss__t547                1.91526e-12
xc0.xcore.tail__t28                    1.56856
xc0.xcore.inn__t45                      1.9965
xc0.xcore.outn__t74                        3.3
xc0.xcore.vss__t548                1.93007e-12
xc0.xcore.outn__t42                        3.3
xc0.xcore.inn__t44                      1.9965
xc0.xcore.tail__t90                    1.56856
xc0.xcore.vss__t549                1.94488e-12
xc0.xcore.tail__t59                    1.56856
xc0.xcore.inn__t56                      1.9965
xc0.xcore.outn__t79                        3.3
xc0.xcore.vss__t550                1.95969e-12
xc0.xcore.outn__t51                        3.3
xc0.xcore.inn__t63                      1.9965
xc0.xcore.tail__t127                   1.56856
xc0.xcore.vss__t551                 1.9745e-12
xc0.xcore.tail__t13                    1.56856
xc0.xcore.inn__t19                      1.9965
xc0.xcore.outn__t62                        3.3
xc0.xcore.vss__t552                1.98931e-12
xc0.xcore.outn__t28                        3.3
xc0.xcore.inn__t18                      1.9965
xc0.xcore.tail__t72                    1.56856
xc0.xcore.vss__t553                2.00413e-12
xc0.xcore.tail__t12                    1.56856
xc0.xcore.inn__t17                      1.9965
xc0.xcore.outn__t61                        3.3
xc0.xcore.vss__t554                2.01894e-12
xc0.xcore.outn__t27                        3.3
xc0.xcore.inn__t16                      1.9965
xc0.xcore.tail__t71                    1.56856
xc0.xcore.vss__t555                2.03375e-12
xc0.xcore.tail__t11                    1.56856
xc0.xcore.inn__t15                      1.9965
xc0.xcore.outn__t60                        3.3
xc0.xcore.vss__t556                2.04856e-12
xc0.xcore.outn__t26                        3.3
xc0.xcore.inn__t14                      1.9965
xc0.xcore.tail__t70                    1.56856
xc0.xcore.vss__t557                2.06338e-12
xc0.xcore.tail__t10                    1.56856
xc0.xcore.inn__t13                      1.9965
xc0.xcore.outn__t59                        3.3
xc0.xcore.vss__t558                2.07819e-12
xc0.xcore.outn__t25                        3.3
xc0.xcore.inn__t12                      1.9965
xc0.xcore.tail__t69                    1.56856
xc0.xcore.vss__t559                  2.093e-12
xc0.xcore.tail__t6                     1.56856
xc0.xcore.inn__t5                       1.9965
xc0.xcore.outn__t55                        3.3
xc0.xcore.vss__t560                2.10781e-12
xc0.xcore.outn__t24                        3.3
xc0.xcore.inn__t11                      1.9965
xc0.xcore.tail__t68                    1.56856
xc0.xcore.vss__t561                2.12263e-12
xc0.xcore.tail__t4                     1.56856
xc0.xcore.inn__t2                       1.9965
xc0.xcore.outn__t53                        3.3
xc0.xcore.vss__t562                2.13744e-12
xc0.xcore.outn__t21                        3.3
xc0.xcore.inn__t3                       1.9965
xc0.xcore.tail__t65                    1.56856
xc0.xcore.vss__t563                2.15225e-12
xc0.xcore.tail__t5                     1.56856
xc0.xcore.inn__t4                       1.9965
xc0.xcore.outn__t54                        3.3
xc0.xcore.vss__t564                2.16707e-12
xc0.xcore.outn__t22                        3.3
xc0.xcore.inn__t6                       1.9965
xc0.xcore.tail__t66                    1.56856
xc0.xcore.vss__t565                2.18188e-12
xc0.xcore.tail__t7                     1.56856
xc0.xcore.inn__t7                       1.9965
xc0.xcore.outn__t56                        3.3
xc0.xcore.vss__t566                 2.1967e-12
xc0.xcore.outn__t23                        3.3
xc0.xcore.inn__t8                       1.9965
xc0.xcore.tail__t67                    1.56856
xc0.xcore.vss__t567                2.21151e-12
xc0.xcore.tail__t8                     1.56856
xc0.xcore.inn__t9                       1.9965
xc0.xcore.outn__t57                        3.3
xc0.xcore.vss__t568                2.22632e-12
xc0.xcore.outn__t29                        3.3
xc0.xcore.inn__t20                      1.9965
xc0.xcore.tail__t73                    1.56856
xc0.xcore.vss__t569                2.24114e-12
xc0.xcore.tail__t9                     1.56856
xc0.xcore.inn__t10                      1.9965
xc0.xcore.outn__t58                        3.3
xc0.xcore.vss__t570                2.25595e-12
xc0.xcore.outn__t36                        3.3
xc0.xcore.inn__t35                      1.9965
xc0.xcore.tail__t83                    1.56856
xc0.xcore.vss__t571                2.27077e-12
xc0.xcore.tail__t24                    1.56856
xc0.xcore.inn__t34                      1.9965
xc0.xcore.outn__t70                        3.3
xc0.xcore.vss__t572                2.28558e-12
xc0.xcore.outn__t35                        3.3
xc0.xcore.inn__t33                      1.9965
xc0.xcore.tail__t82                    1.56856
xc0.xcore.vss__t573                 2.3004e-12
xc0.xcore.tail__t23                    1.56856
xc0.xcore.inn__t32                      1.9965
xc0.xcore.outn__t69                        3.3
xc0.xcore.vss__t574                2.31521e-12
xc0.xcore.outn__t34                        3.3
xc0.xcore.inn__t31                      1.9965
xc0.xcore.tail__t81                    1.56856
xc0.xcore.vss__t575                2.33003e-12
xc0.xcore.tail__t22                    1.56856
xc0.xcore.inn__t30                      1.9965
xc0.xcore.outn__t68                        3.3
xc0.xcore.vss__t576                2.34485e-12
xc0.xcore.outn__t33                        3.3
xc0.xcore.inn__t29                      1.9965
xc0.xcore.tail__t80                    1.56856
xc0.xcore.vss__t577                2.35966e-12
xc0.xcore.tail__t21                    1.56856
xc0.xcore.inn__t28                      1.9965
xc0.xcore.outn__t67                        3.3
xc0.xcore.vss__t578                2.37448e-12
xc0.xcore.outn__t32                        3.3
xc0.xcore.inn__t27                      1.9965
xc0.xcore.tail__t79                    1.56856
xc0.xcore.vss__t579                2.38929e-12
xc0.xcore.tail__t20                    1.56856
xc0.xcore.inn__t26                      1.9965
xc0.xcore.outn__t66                        3.3
xc0.xcore.vss__t580                2.40411e-12
xc0.xcore.outn__t37                        3.3
xc0.xcore.inn__t36                      1.9965
xc0.xcore.tail__t84                    1.56856
xc0.xcore.vss__t581                2.41893e-12
xc0.xcore.tail__t18                    1.56856
xc0.xcore.inn__t25                      1.9965
xc0.xcore.outn__t65                        3.3
xc0.xcore.vss__t582                2.43374e-12
xc0.xcore.outn__t31                        3.3
xc0.xcore.inn__t24                      1.9965
xc0.xcore.tail__t78                    1.56856
xc0.xcore.vss__t583                2.44856e-12
xc0.xcore.tail__t17                    1.56856
xc0.xcore.inn__t23                      1.9965
xc0.xcore.outn__t64                        3.3
xc0.xcore.vss__t584                2.46337e-12
xc0.xcore.outn__t30                        3.3
xc0.xcore.inn__t22                      1.9965
xc0.xcore.tail__t77                    1.56856
xc0.xcore.vss__t585                2.47819e-12
xc0.xcore.tail__t2                     1.56856
xc0.xcore.inn__t0                       1.9965
xc0.xcore.outn__t20                        3.3
xc0.xcore.vss__t587                2.49301e-12
xc0.xcore.vss__t210                2.59873e-12
xc0.xcore.outp__t16                     2.7909
xc0.xcore.vss__t211                2.56818e-12
xc0.xcore.outp__t17                     2.7909
xc0.xcore.vss__t212                2.53766e-12
xc0.xcore.outp__t18                     2.7909
xc0.xcore.vss__t213                2.50716e-12
xc0.xcore.outp__t19                     2.7909
xc0.xcore.vss__t214                 2.4767e-12
xc0.xcore.outp__t0                      2.7909
xc0.xcore.vss__t215                2.44626e-12
xc0.xcore.outp__t1                      2.7909
xc0.xcore.vss__t216                2.41584e-12
xc0.xcore.outp__t2                      2.7909
xc0.xcore.vss__t217                2.38546e-12
xc0.xcore.outp__t3                      2.7909
xc0.xcore.vss__t218                2.35511e-12
xc0.xcore.outp__t4                      2.7909
xc0.xcore.vss__t219                2.32479e-12
xc0.xcore.outp__t15                     2.7909
xc0.xcore.vss__t220                 2.2945e-12
xc0.xcore.outp__t6                      2.7909
xc0.xcore.vss__t221                2.26425e-12
xc0.xcore.outp__t7                      2.7909
xc0.xcore.vss__t222                2.23403e-12
xc0.xcore.outp__t8                      2.7909
xc0.xcore.vss__t223                2.20385e-12
xc0.xcore.outp__t9                      2.7909
xc0.xcore.vss__t224                2.17371e-12
xc0.xcore.outp__t10                     2.7909
xc0.xcore.vss__t225                2.14361e-12
xc0.xcore.outp__t11                     2.7909
xc0.xcore.vss__t226                2.11356e-12
xc0.xcore.outp__t12                     2.7909
xc0.xcore.vss__t227                2.08354e-12
xc0.xcore.outp__t13                     2.7909
xc0.xcore.vss__t228                2.05357e-12
xc0.xcore.outp__t14                     2.7909
xc0.xcore.vss__t229                2.02366e-12
xc0.xcore.outp__t5                      2.7909
xc0.xcore.vss__t230                2.18457e-12
xc0.xcore.outn__t0                         3.3
xc0.xcore.vss__t231                2.21955e-12
xc0.xcore.outn__t5                         3.3
xc0.xcore.vss__t232                2.25461e-12
xc0.xcore.outn__t6                         3.3
xc0.xcore.vss__t233                2.28973e-12
xc0.xcore.outn__t7                         3.3
xc0.xcore.vss__t234                2.32493e-12
xc0.xcore.outn__t8                         3.3
xc0.xcore.vss__t235                2.36019e-12
xc0.xcore.outn__t9                         3.3
xc0.xcore.vss__t236                2.39551e-12
xc0.xcore.outn__t10                        3.3
xc0.xcore.vss__t237                2.43089e-12
xc0.xcore.outn__t11                        3.3
xc0.xcore.vss__t238                2.46633e-12
xc0.xcore.outn__t12                        3.3
xc0.xcore.vss__t239                2.50182e-12
xc0.xcore.outn__t13                        3.3
xc0.xcore.vss__t240                2.53736e-12
xc0.xcore.outn__t14                        3.3
xc0.xcore.vss__t241                2.57296e-12
xc0.xcore.outn__t15                        3.3
xc0.xcore.vss__t242                 2.6086e-12
xc0.xcore.outn__t16                        3.3
xc0.xcore.vss__t243                2.64429e-12
xc0.xcore.outn__t17                        3.3
xc0.xcore.vss__t244                2.68002e-12
xc0.xcore.outn__t19                        3.3
xc0.xcore.vss__t245                2.71579e-12
xc0.xcore.outn__t18                        3.3
xc0.xcore.vss__t246                2.75161e-12
xc0.xcore.outn__t1                         3.3
xc0.xcore.vss__t247                2.78746e-12
xc0.xcore.outn__t2                         3.3
xc0.xcore.vss__t248                2.82335e-12
xc0.xcore.outn__t3                         3.3
xc0.xcore.vss__t249                2.85928e-12
xc0.xcore.outn__t4                         3.3
ib_c0                                  1.12786
xc0.xcore.vsubs                              0
outn_c0                                    3.3
outp_c0                                 2.7909
xc0.tail                               1.56856
vd_c0                                 0.509099
xc1.xcore.tail__t186                   1.56855
xc1.xcore.ibias__t118                  1.12786
xc1.xcore.vss__t163                5.39437e-06
xc1.xcore.vss__t349                8.46094e-13
xc1.xcore.vss__t60                 5.19587e-06
xc1.xcore.ibias__t117                  1.12786
xc1.xcore.tail__t286                   1.56855
xc1.xcore.vss__t350                8.14963e-13
xc1.xcore.tail__t197                   1.56855
xc1.xcore.ibias__t140                  1.12786
xc1.xcore.vss__t174                4.99777e-06
xc1.xcore.vss__t351                7.83896e-13
xc1.xcore.vss__t68                 4.80015e-06
xc1.xcore.ibias__t133                  1.12786
xc1.xcore.tail__t294                   1.56855
xc1.xcore.vss__t352                7.52901e-13
xc1.xcore.tail__t193                   1.56855
xc1.xcore.ibias__t132                  1.12786
xc1.xcore.vss__t170                4.60305e-06
xc1.xcore.vss__t353                7.21989e-13
xc1.xcore.vss__t67                 4.40654e-06
xc1.xcore.ibias__t131                  1.12786
xc1.xcore.tail__t293                   1.56855
xc1.xcore.vss__t354                 6.9117e-13
xc1.xcore.tail__t192                   1.56855
xc1.xcore.ibias__t130                  1.12786
xc1.xcore.vss__t169                4.21072e-06
xc1.xcore.vss__t355                6.60458e-13
xc1.xcore.vss__t74                 4.01567e-06
xc1.xcore.ibias__t145                  1.12786
xc1.xcore.tail__t300                   1.56855
xc1.xcore.vss__t356                6.29867e-13
xc1.xcore.tail__t191                   1.56855
xc1.xcore.ibias__t128                  1.12786
xc1.xcore.vss__t168                3.82152e-06
xc1.xcore.vss__t357                5.99416e-13
xc1.xcore.vss__t65                 3.62841e-06
xc1.xcore.ibias__t127                  1.12786
xc1.xcore.tail__t291                   1.56855
xc1.xcore.vss__t358                5.69129e-13
xc1.xcore.tail__t190                   1.56855
xc1.xcore.ibias__t126                  1.12786
xc1.xcore.vss__t167                3.43652e-06
xc1.xcore.vss__t359                5.39033e-13
xc1.xcore.vss__t64                 3.24607e-06
xc1.xcore.ibias__t125                  1.12786
xc1.xcore.tail__t290                   1.56855
xc1.xcore.vss__t360                5.09161e-13
xc1.xcore.tail__t189                   1.56855
xc1.xcore.ibias__t124                  1.12786
xc1.xcore.vss__t166                3.05731e-06
xc1.xcore.vss__t361                4.79556e-13
xc1.xcore.vss__t63                 2.87059e-06
xc1.xcore.ibias__t123                  1.12786
xc1.xcore.tail__t289                   1.56855
xc1.xcore.vss__t362                 4.5027e-13
xc1.xcore.tail__t188                   1.56855
xc1.xcore.ibias__t122                  1.12786
xc1.xcore.vss__t165                2.68634e-06
xc1.xcore.vss__t363                4.21371e-13
xc1.xcore.vss__t62                 2.50509e-06
xc1.xcore.ibias__t121                  1.12786
xc1.xcore.tail__t288                   1.56855
xc1.xcore.vss__t364                3.92942e-13
xc1.xcore.tail__t187                   1.56855
xc1.xcore.ibias__t120                  1.12786
xc1.xcore.vss__t164                2.32755e-06
xc1.xcore.vss__t365                3.65096e-13
xc1.xcore.vss__t26                 2.15464e-06
xc1.xcore.ibias__t0                    1.12786
xc1.xcore.tail__t252                   1.56855
xc1.xcore.vss__t366                3.37974e-13
xc1.xcore.tail__t175                   1.56855
xc1.xcore.ibias__t97                   1.12786
xc1.xcore.vss__t152                1.98756e-06
xc1.xcore.vss__t367                3.11768e-13
xc1.xcore.vss__t42                 1.82792e-06
xc1.xcore.ibias__t78                   1.12786
xc1.xcore.tail__t268                   1.56855
xc1.xcore.vss__t368                2.86727e-13
xc1.xcore.tail__t164                   1.56855
xc1.xcore.ibias__t77                   1.12786
xc1.xcore.vss__t141                1.67783e-06
xc1.xcore.vss__t369                2.63185e-13
xc1.xcore.vss__t37                  1.5401e-06
xc1.xcore.ibias__t70                   1.12786
xc1.xcore.tail__t263                   1.56855
xc1.xcore.vss__t370                2.41582e-13
xc1.xcore.tail__t167                   1.56855
xc1.xcore.ibias__t82                   1.12786
xc1.xcore.vss__t144                1.41832e-06
xc1.xcore.vss__t371                2.22481e-13
xc1.xcore.vss__t39                 1.31694e-06
xc1.xcore.ibias__t72                   1.12786
xc1.xcore.tail__t265                   1.56855
xc1.xcore.vss__t372                2.06579e-13
xc1.xcore.tail__t162                   1.56856
xc1.xcore.ibias__t73                   1.12786
xc1.xcore.vss__t139                1.24096e-06
xc1.xcore.vss__t373                1.94662e-13
xc1.xcore.vss__t40                 1.19524e-06
xc1.xcore.ibias__t74                   1.12786
xc1.xcore.tail__t266                   1.56856
xc1.xcore.vss__t374                 1.8749e-13
xc1.xcore.tail__t163                   1.56856
xc1.xcore.ibias__t75                   1.12786
xc1.xcore.vss__t140                1.18329e-06
xc1.xcore.vss__t375                1.85616e-13
xc1.xcore.vss__t41                 1.20611e-06
xc1.xcore.ibias__t76                   1.12786
xc1.xcore.tail__t267                   1.56856
xc1.xcore.vss__t376                1.89197e-13
xc1.xcore.tail__t129                   1.56856
xc1.xcore.ibias__t9                    1.12786
xc1.xcore.vss__t107                1.26182e-06
xc1.xcore.vss__t377                1.97936e-13
xc1.xcore.vss__t6                  1.34634e-06
xc1.xcore.ibias__t8                    1.12786
xc1.xcore.tail__t232                   1.56856
xc1.xcore.vss__t378                2.11195e-13
xc1.xcore.tail__t128                   1.56856
xc1.xcore.ibias__t7                    1.12786
xc1.xcore.vss__t106                1.45465e-06
xc1.xcore.vss__t379                2.28187e-13
xc1.xcore.vss__t5                  1.58189e-06
xc1.xcore.ibias__t6                    1.12786
xc1.xcore.tail__t231                   1.56856
xc1.xcore.vss__t380                2.48147e-13
xc1.xcore.tail__t141                   1.56856
xc1.xcore.ibias__t31                   1.12786
xc1.xcore.vss__t119                1.72385e-06
xc1.xcore.vss__t381                2.70419e-13
xc1.xcore.vss__t4                  1.87721e-06
xc1.xcore.ibias__t5                    1.12786
xc1.xcore.tail__t230                   1.56856
xc1.xcore.vss__t382                2.94477e-13
xc1.xcore.tail__t158                   1.56856
xc1.xcore.ibias__t62                   1.12786
xc1.xcore.vss__t135                 2.0394e-06
xc1.xcore.vss__t383                 3.1992e-13
xc1.xcore.vss__t33                 2.20847e-06
xc1.xcore.ibias__t63                   1.12786
xc1.xcore.tail__t259                   1.56856
xc1.xcore.vss__t384                3.46443e-13
xc1.xcore.tail__t159                   1.56856
xc1.xcore.ibias__t64                   1.12786
xc1.xcore.vss__t136                2.38295e-06
xc1.xcore.vss__t385                3.73816e-13
xc1.xcore.vss__t34                 2.56174e-06
xc1.xcore.ibias__t65                   1.12786
xc1.xcore.tail__t260                   1.56856
xc1.xcore.vss__t386                4.01865e-13
xc1.xcore.tail__t160                   1.56856
xc1.xcore.ibias__t66                   1.12786
xc1.xcore.vss__t137                  2.744e-06
xc1.xcore.vss__t387                4.30458e-13
xc1.xcore.vss__t35                 2.92908e-06
xc1.xcore.ibias__t67                   1.12786
xc1.xcore.tail__t261                   1.56856
xc1.xcore.vss__t388                4.59494e-13
xc1.xcore.tail__t161                   1.56856
xc1.xcore.ibias__t68                   1.12786
xc1.xcore.vss__t138                3.11648e-06
xc1.xcore.vss__t389                4.88894e-13
xc1.xcore.vss__t36                 3.30581e-06
xc1.xcore.ibias__t69                   1.12786
xc1.xcore.tail__t262                   1.56856
xc1.xcore.vss__t390                5.18596e-13
xc1.xcore.tail__t130                   1.56856
xc1.xcore.ibias__t10                   1.12786
xc1.xcore.vss__t108                3.49674e-06
xc1.xcore.vss__t391                5.48551e-13
xc1.xcore.vss__t13                 3.68903e-06
xc1.xcore.ibias__t23                   1.12786
xc1.xcore.tail__t239                   1.56856
xc1.xcore.vss__t392                 5.7872e-13
xc1.xcore.tail__t137                   1.56856
xc1.xcore.ibias__t24                   1.12786
xc1.xcore.vss__t115                3.88249e-06
xc1.xcore.vss__t393                 6.0907e-13
xc1.xcore.vss__t14                 4.07693e-06
xc1.xcore.ibias__t25                   1.12786
xc1.xcore.tail__t240                   1.56856
xc1.xcore.vss__t394                6.39577e-13
xc1.xcore.tail__t138                   1.56856
xc1.xcore.ibias__t26                   1.12786
xc1.xcore.vss__t116                4.27224e-06
xc1.xcore.vss__t395                6.70218e-13
xc1.xcore.vss__t15                 4.46829e-06
xc1.xcore.ibias__t27                   1.12786
xc1.xcore.tail__t241                   1.56856
xc1.xcore.vss__t396                7.00976e-13
xc1.xcore.tail__t139                   1.56856
xc1.xcore.ibias__t28                   1.12786
xc1.xcore.vss__t117                4.66499e-06
xc1.xcore.vss__t397                7.31837e-13
xc1.xcore.vss__t16                 4.86226e-06
xc1.xcore.ibias__t29                   1.12786
xc1.xcore.tail__t242                   1.56856
xc1.xcore.vss__t398                7.62787e-13
xc1.xcore.tail__t140                   1.56856
xc1.xcore.ibias__t30                   1.12786
xc1.xcore.vss__t118                5.06004e-06
xc1.xcore.vss__t399                7.93815e-13
xc1.xcore.vss__t21                 5.25827e-06
xc1.xcore.ibias__t41                   1.12786
xc1.xcore.tail__t247                   1.56856
xc1.xcore.vss__t400                8.24913e-13
xc1.xcore.tail__t142                   1.56856
xc1.xcore.ibias__t32                   1.12786
xc1.xcore.vss__t120                5.45689e-06
xc1.xcore.vss__t401                8.56071e-13
xc1.xcore.vss__t17                 5.65588e-06
xc1.xcore.ibias__t33                   1.12786
xc1.xcore.tail__t243                   1.56856
xc1.xcore.vss__t402                8.87285e-13
xc1.xcore.tail__t143                   1.56856
xc1.xcore.ibias__t34                   1.12786
xc1.xcore.vss__t121                5.85518e-06
xc1.xcore.vss__t403                9.18548e-13
xc1.xcore.vss__t18                 6.05477e-06
xc1.xcore.ibias__t35                   1.12786
xc1.xcore.tail__t244                   1.56856
xc1.xcore.vss__t404                9.49856e-13
xc1.xcore.tail__t144                   1.56856
xc1.xcore.ibias__t36                   1.12786
xc1.xcore.vss__t122                6.25463e-06
xc1.xcore.vss__t405                9.81205e-13
xc1.xcore.vss__t19                 6.45472e-06
xc1.xcore.ibias__t37                   1.12786
xc1.xcore.tail__t245                   1.56856
xc1.xcore.vss__t406                1.01259e-12
xc1.xcore.tail__t145                   1.56856
xc1.xcore.ibias__t38                   1.12786
xc1.xcore.vss__t123                6.65502e-06
xc1.xcore.vss__t407                1.04401e-12
xc1.xcore.vss__t20                 6.85553e-06
xc1.xcore.ibias__t39                   1.12786
xc1.xcore.tail__t246                   1.56856
xc1.xcore.vss__t408                1.07546e-12
xc1.xcore.tail__t146                   1.56856
xc1.xcore.ibias__t40                   1.12786
xc1.xcore.vss__t124                7.05621e-06
xc1.xcore.vss__t409                1.10694e-12
xc1.xcore.vss__t8                  7.25706e-06
xc1.xcore.ibias__t12                   1.12786
xc1.xcore.tail__t234                   1.56856
xc1.xcore.vss__t410                1.13844e-12
xc1.xcore.tail__t135                   1.56856
xc1.xcore.ibias__t21                   1.12786
xc1.xcore.vss__t113                7.45806e-06
xc1.xcore.vss__t411                1.16997e-12
xc1.xcore.vss__t9                  7.65919e-06
xc1.xcore.ibias__t13                   1.12786
xc1.xcore.tail__t235                   1.56856
xc1.xcore.vss__t412                1.20151e-12
xc1.xcore.tail__t131                   1.56856
xc1.xcore.ibias__t14                   1.12786
xc1.xcore.vss__t109                7.86046e-06
xc1.xcore.vss__t413                1.23308e-12
xc1.xcore.vss__t10                 8.06185e-06
xc1.xcore.ibias__t15                   1.12786
xc1.xcore.tail__t236                   1.56856
xc1.xcore.vss__t414                1.26467e-12
xc1.xcore.tail__t134                   1.56856
xc1.xcore.ibias__t20                   1.12786
xc1.xcore.vss__t112                8.26335e-06
xc1.xcore.vss__t415                1.29627e-12
xc1.xcore.vss__t12                 8.46495e-06
xc1.xcore.ibias__t19                   1.12786
xc1.xcore.tail__t238                   1.56856
xc1.xcore.vss__t416                1.32789e-12
xc1.xcore.tail__t133                   1.56856
xc1.xcore.ibias__t18                   1.12786
xc1.xcore.vss__t111                8.66664e-06
xc1.xcore.vss__t417                1.35953e-12
xc1.xcore.vss__t11                 8.86842e-06
xc1.xcore.ibias__t17                   1.12786
xc1.xcore.tail__t237                   1.56856
xc1.xcore.vss__t418                1.39117e-12
xc1.xcore.tail__t132                   1.56856
xc1.xcore.ibias__t16                   1.12786
xc1.xcore.vss__t110                9.07029e-06
xc1.xcore.vss__t419                1.42283e-12
xc1.xcore.vss__t7                  9.27223e-06
xc1.xcore.ibias__t11                   1.12786
xc1.xcore.tail__t233                   1.56856
xc1.xcore.vss__t420                1.45451e-12
xc1.xcore.tail__t136                   1.56856
xc1.xcore.ibias__t22                   1.12786
xc1.xcore.vss__t114                9.47425e-06
xc1.xcore.vss__t421                1.48619e-12
xc1.xcore.vss__t23                 9.67633e-06
xc1.xcore.ibias__t45                   1.12786
xc1.xcore.tail__t249                   1.56856
xc1.xcore.vss__t422                1.51788e-12
xc1.xcore.tail__t150                   1.56856
xc1.xcore.ibias__t46                   1.12786
xc1.xcore.vss__t127                9.87848e-06
xc1.xcore.vss__t423                1.54959e-12
xc1.xcore.vss__t24                 1.00807e-05
xc1.xcore.ibias__t47                   1.12786
xc1.xcore.tail__t250                   1.56856
xc1.xcore.vss__t424                 1.5813e-12
xc1.xcore.tail__t151                   1.56856
xc1.xcore.ibias__t48                   1.12786
xc1.xcore.vss__t128                 1.0283e-05
xc1.xcore.vss__t425                1.61302e-12
xc1.xcore.vss__t25                 1.04853e-05
xc1.xcore.ibias__t49                   1.12786
xc1.xcore.tail__t251                   1.56856
xc1.xcore.vss__t426                1.64475e-12
xc1.xcore.tail__t152                   1.56855
xc1.xcore.ibias__t50                   1.12786
xc1.xcore.vss__t129                1.06876e-05
xc1.xcore.vss__t427                1.67649e-12
xc1.xcore.vss__t32                   1.089e-05
xc1.xcore.ibias__t61                   1.12786
xc1.xcore.tail__t258                   1.56855
xc1.xcore.vss__t428                1.70823e-12
xc1.xcore.tail__t153                   1.56855
xc1.xcore.ibias__t51                   1.12786
xc1.xcore.vss__t130                1.10925e-05
xc1.xcore.vss__t429                1.73998e-12
xc1.xcore.vss__t27                  1.1295e-05
xc1.xcore.ibias__t52                   1.12786
xc1.xcore.tail__t253                   1.56855
xc1.xcore.vss__t430                1.77174e-12
xc1.xcore.tail__t154                   1.56855
xc1.xcore.ibias__t53                   1.12786
xc1.xcore.vss__t131                1.14975e-05
xc1.xcore.vss__t431                 1.8035e-12
xc1.xcore.vss__t28                 1.17001e-05
xc1.xcore.ibias__t54                   1.12786
xc1.xcore.tail__t254                   1.56855
xc1.xcore.vss__t432                1.83527e-12
xc1.xcore.tail__t155                   1.56855
xc1.xcore.ibias__t55                   1.12786
xc1.xcore.vss__t132                1.19027e-05
xc1.xcore.vss__t433                1.86704e-12
xc1.xcore.vss__t29                 1.21054e-05
xc1.xcore.ibias__t56                   1.12786
xc1.xcore.tail__t255                   1.56855
xc1.xcore.vss__t434                1.89882e-12
xc1.xcore.tail__t156                   1.56855
xc1.xcore.ibias__t57                   1.12786
xc1.xcore.vss__t133                1.23081e-05
xc1.xcore.vss__t435                1.93061e-12
xc1.xcore.vss__t30                 1.25108e-05
xc1.xcore.ibias__t58                   1.12786
xc1.xcore.tail__t256                   1.56855
xc1.xcore.vss__t436                 1.9624e-12
xc1.xcore.tail__t157                   1.56855
xc1.xcore.ibias__t59                   1.12786
xc1.xcore.vss__t134                1.27135e-05
xc1.xcore.vss__t437                1.99419e-12
xc1.xcore.vss__t31                 1.29163e-05
xc1.xcore.ibias__t60                   1.12786
xc1.xcore.tail__t257                   1.56855
xc1.xcore.vss__t438                2.02598e-12
xc1.xcore.tail__t211                   1.56855
xc1.xcore.ibias__t176                  1.12786
xc1.xcore.vss__t193                1.31191e-05
xc1.xcore.vss__t439                2.05779e-12
xc1.xcore.vss__t88                 1.33219e-05
xc1.xcore.ibias__t175                  1.12786
xc1.xcore.tail__t311                   1.56855
xc1.xcore.vss__t440                2.08959e-12
xc1.xcore.tail__t165                   1.56855
xc1.xcore.ibias__t79                   1.12786
xc1.xcore.vss__t142                1.35247e-05
xc1.xcore.vss__t441                 2.1214e-12
xc1.xcore.vss__t43                 1.37276e-05
xc1.xcore.ibias__t80                   1.12786
xc1.xcore.tail__t269                   1.56855
xc1.xcore.vss__t442                2.15321e-12
xc1.xcore.tail__t166                   1.56855
xc1.xcore.ibias__t81                   1.12786
xc1.xcore.vss__t143                1.39305e-05
xc1.xcore.vss__t443                2.18502e-12
xc1.xcore.vss__t38                 1.41334e-05
xc1.xcore.ibias__t71                   1.12786
xc1.xcore.tail__t264                   1.56855
xc1.xcore.vss__t444                2.21684e-12
xc1.xcore.tail__t147                   1.56855
xc1.xcore.ibias__t42                   1.12786
xc1.xcore.vss__t125                1.43363e-05
xc1.xcore.vss__t445                2.24866e-12
xc1.xcore.vss__t22                 1.45393e-05
xc1.xcore.ibias__t43                   1.12786
xc1.xcore.tail__t248                   1.56855
xc1.xcore.vss__t446                2.28048e-12
xc1.xcore.tail__t148                   1.56855
xc1.xcore.ibias__t44                   1.12786
xc1.xcore.vss__t126                1.47422e-05
xc1.xcore.vss__t447                2.31231e-12
xc1.xcore.vss__t0                  1.49452e-05
xc1.xcore.ibias__t1                    1.12786
xc1.xcore.tail__t149                   1.56855
xc1.xcore.vss__t456                2.34414e-12
xc1.xcore.tail__t229                   1.56851
xc1.xcore.ibias__t2                    1.12786
xc1.xcore.vss__t1                  2.56535e-05
xc1.xcore.vss__t458                  4.022e-12
xc1.xcore.vss__t189                2.54501e-05
xc1.xcore.ibias__t170                  1.12786
xc1.xcore.tail__t228                   1.56851
xc1.xcore.vss__t250                3.99012e-12
xc1.xcore.tail__t209                   1.56851
xc1.xcore.ibias__t169                  1.12786
xc1.xcore.vss__t188                2.52467e-05
xc1.xcore.vss__t251                3.95825e-12
xc1.xcore.vss__t86                 2.50433e-05
xc1.xcore.ibias__t168                  1.12786
xc1.xcore.tail__t309                   1.56852
xc1.xcore.vss__t252                3.92638e-12
xc1.xcore.tail__t208                   1.56852
xc1.xcore.ibias__t167                  1.12786
xc1.xcore.vss__t187                2.48399e-05
xc1.xcore.vss__t253                3.89451e-12
xc1.xcore.vss__t85                 2.46365e-05
xc1.xcore.ibias__t166                  1.12786
xc1.xcore.tail__t308                   1.56852
xc1.xcore.vss__t254                3.86264e-12
xc1.xcore.tail__t207                   1.56852
xc1.xcore.ibias__t165                  1.12786
xc1.xcore.vss__t186                2.44332e-05
xc1.xcore.vss__t255                3.83077e-12
xc1.xcore.vss__t84                 2.42298e-05
xc1.xcore.ibias__t164                  1.12786
xc1.xcore.tail__t307                   1.56852
xc1.xcore.vss__t256                 3.7989e-12
xc1.xcore.tail__t210                   1.56852
xc1.xcore.ibias__t173                  1.12786
xc1.xcore.vss__t191                2.40264e-05
xc1.xcore.vss__t257                3.76703e-12
xc1.xcore.vss__t87                 2.38231e-05
xc1.xcore.ibias__t172                  1.12786
xc1.xcore.tail__t310                   1.56852
xc1.xcore.vss__t258                3.73516e-12
xc1.xcore.tail__t219                   1.56852
xc1.xcore.ibias__t195                  1.12786
xc1.xcore.vss__t201                2.36197e-05
xc1.xcore.vss__t259                 3.7033e-12
xc1.xcore.vss__t99                 2.34163e-05
xc1.xcore.ibias__t194                  1.12786
xc1.xcore.tail__t321                   1.56852
xc1.xcore.vss__t260                3.67143e-12
xc1.xcore.tail__t227                   1.56852
xc1.xcore.ibias__t209                  1.12786
xc1.xcore.vss__t209                 2.3213e-05
xc1.xcore.vss__t261                3.63956e-12
xc1.xcore.vss__t97                 2.30096e-05
xc1.xcore.ibias__t192                  1.12786
xc1.xcore.tail__t319                   1.56852
xc1.xcore.vss__t262                3.60769e-12
xc1.xcore.tail__t218                   1.56852
xc1.xcore.ibias__t191                  1.12786
xc1.xcore.vss__t200                2.28063e-05
xc1.xcore.vss__t263                3.57582e-12
xc1.xcore.vss__t96                  2.2603e-05
xc1.xcore.ibias__t190                  1.12786
xc1.xcore.tail__t318                   1.56852
xc1.xcore.vss__t264                3.54396e-12
xc1.xcore.tail__t217                   1.56852
xc1.xcore.ibias__t189                  1.12786
xc1.xcore.vss__t199                2.23996e-05
xc1.xcore.vss__t265                3.51209e-12
xc1.xcore.vss__t95                 2.21963e-05
xc1.xcore.ibias__t188                  1.12786
xc1.xcore.tail__t317                   1.56852
xc1.xcore.vss__t266                3.48022e-12
xc1.xcore.tail__t216                   1.56852
xc1.xcore.ibias__t187                  1.12786
xc1.xcore.vss__t198                 2.1993e-05
xc1.xcore.vss__t267                3.44836e-12
xc1.xcore.vss__t94                 2.17897e-05
xc1.xcore.ibias__t186                  1.12786
xc1.xcore.tail__t316                   1.56852
xc1.xcore.vss__t268                3.41649e-12
xc1.xcore.tail__t215                   1.56852
xc1.xcore.ibias__t185                  1.12786
xc1.xcore.vss__t197                2.15863e-05
xc1.xcore.vss__t269                3.38463e-12
xc1.xcore.vss__t93                  2.1383e-05
xc1.xcore.ibias__t184                  1.12786
xc1.xcore.tail__t315                   1.56852
xc1.xcore.vss__t270                3.35277e-12
xc1.xcore.tail__t214                   1.56852
xc1.xcore.ibias__t183                  1.12786
xc1.xcore.vss__t196                2.11797e-05
xc1.xcore.vss__t271                 3.3209e-12
xc1.xcore.vss__t92                 2.09764e-05
xc1.xcore.ibias__t182                  1.12786
xc1.xcore.tail__t314                   1.56852
xc1.xcore.vss__t272                3.28904e-12
xc1.xcore.tail__t213                   1.56852
xc1.xcore.ibias__t181                  1.12786
xc1.xcore.vss__t195                2.07731e-05
xc1.xcore.vss__t273                3.25718e-12
xc1.xcore.vss__t91                 2.05699e-05
xc1.xcore.ibias__t180                  1.12786
xc1.xcore.tail__t313                   1.56852
xc1.xcore.vss__t274                3.22532e-12
xc1.xcore.tail__t212                   1.56852
xc1.xcore.ibias__t179                  1.12786
xc1.xcore.vss__t194                2.03666e-05
xc1.xcore.vss__t275                3.19346e-12
xc1.xcore.vss__t90                 2.01633e-05
xc1.xcore.ibias__t178                  1.12786
xc1.xcore.tail__t312                   1.56852
xc1.xcore.vss__t276                 3.1616e-12
xc1.xcore.tail__t206                   1.56852
xc1.xcore.ibias__t161                  1.12786
xc1.xcore.vss__t184                  1.996e-05
xc1.xcore.vss__t277                3.12974e-12
xc1.xcore.vss__t57                 1.97568e-05
xc1.xcore.ibias__t112                  1.12786
xc1.xcore.tail__t283                   1.56852
xc1.xcore.vss__t278                3.09788e-12
xc1.xcore.tail__t183                   1.56852
xc1.xcore.ibias__t111                  1.12786
xc1.xcore.vss__t160                1.95535e-05
xc1.xcore.vss__t279                3.06602e-12
xc1.xcore.vss__t56                 1.93503e-05
xc1.xcore.ibias__t110                  1.12786
xc1.xcore.tail__t282                   1.56852
xc1.xcore.vss__t280                3.03417e-12
xc1.xcore.tail__t182                   1.56852
xc1.xcore.ibias__t109                  1.12786
xc1.xcore.vss__t159                 1.9147e-05
xc1.xcore.vss__t281                3.00231e-12
xc1.xcore.vss__t55                 1.89438e-05
xc1.xcore.ibias__t108                  1.12786
xc1.xcore.tail__t281                   1.56853
xc1.xcore.vss__t282                2.97046e-12
xc1.xcore.tail__t181                   1.56853
xc1.xcore.ibias__t107                  1.12786
xc1.xcore.vss__t158                1.87406e-05
xc1.xcore.vss__t283                 2.9386e-12
xc1.xcore.vss__t54                 1.85374e-05
xc1.xcore.ibias__t106                  1.12786
xc1.xcore.tail__t280                   1.56853
xc1.xcore.vss__t284                2.90675e-12
xc1.xcore.tail__t180                   1.56853
xc1.xcore.ibias__t105                  1.12786
xc1.xcore.vss__t157                1.83342e-05
xc1.xcore.vss__t285                 2.8749e-12
xc1.xcore.vss__t53                  1.8131e-05
xc1.xcore.ibias__t104                  1.12786
xc1.xcore.tail__t279                   1.56853
xc1.xcore.vss__t286                2.84305e-12
xc1.xcore.tail__t205                   1.56853
xc1.xcore.ibias__t156                  1.12786
xc1.xcore.vss__t182                1.79278e-05
xc1.xcore.vss__t287                 2.8112e-12
xc1.xcore.vss__t79                 1.77246e-05
xc1.xcore.ibias__t155                  1.12786
xc1.xcore.tail__t305                   1.56853
xc1.xcore.vss__t288                2.77935e-12
xc1.xcore.tail__t204                   1.56853
xc1.xcore.ibias__t154                  1.12786
xc1.xcore.vss__t181                1.75214e-05
xc1.xcore.vss__t289                 2.7475e-12
xc1.xcore.vss__t78                 1.73183e-05
xc1.xcore.ibias__t153                  1.12786
xc1.xcore.tail__t304                   1.56853
xc1.xcore.vss__t290                2.71566e-12
xc1.xcore.tail__t203                   1.56853
xc1.xcore.ibias__t152                  1.12786
xc1.xcore.vss__t180                1.71151e-05
xc1.xcore.vss__t291                2.68382e-12
xc1.xcore.vss__t77                  1.6912e-05
xc1.xcore.ibias__t151                  1.12786
xc1.xcore.tail__t303                   1.56853
xc1.xcore.vss__t292                2.65197e-12
xc1.xcore.tail__t202                   1.56853
xc1.xcore.ibias__t150                  1.12786
xc1.xcore.vss__t179                1.67089e-05
xc1.xcore.vss__t293                2.62013e-12
xc1.xcore.vss__t76                 1.65058e-05
xc1.xcore.ibias__t149                  1.12786
xc1.xcore.tail__t302                   1.56853
xc1.xcore.vss__t294                2.58829e-12
xc1.xcore.tail__t201                   1.56853
xc1.xcore.ibias__t148                  1.12786
xc1.xcore.vss__t178                1.63027e-05
xc1.xcore.vss__t295                2.55646e-12
xc1.xcore.vss__t75                 1.60996e-05
xc1.xcore.ibias__t147                  1.12786
xc1.xcore.tail__t301                   1.56853
xc1.xcore.vss__t296                2.52462e-12
xc1.xcore.tail__t200                   1.56853
xc1.xcore.ibias__t146                  1.12786
xc1.xcore.vss__t177                1.58965e-05
xc1.xcore.vss__t297                2.49279e-12
xc1.xcore.vss__t98                 1.56935e-05
xc1.xcore.ibias__t193                  1.12786
xc1.xcore.tail__t320                   1.56853
xc1.xcore.vss__t298                2.46095e-12
xc1.xcore.tail__t226                   1.56853
xc1.xcore.ibias__t208                  1.12786
xc1.xcore.vss__t208                1.54904e-05
xc1.xcore.vss__t299                2.42912e-12
xc1.xcore.vss__t105                1.52874e-05
xc1.xcore.ibias__t207                  1.12786
xc1.xcore.tail__t327                   1.56853
xc1.xcore.vss__t300                 2.3973e-12
xc1.xcore.tail__t225                   1.56853
xc1.xcore.ibias__t206                  1.12786
xc1.xcore.vss__t207                1.50844e-05
xc1.xcore.vss__t301                2.36547e-12
xc1.xcore.vss__t104                1.48814e-05
xc1.xcore.ibias__t205                  1.12786
xc1.xcore.tail__t326                   1.56853
xc1.xcore.vss__t302                2.33365e-12
xc1.xcore.tail__t224                   1.56853
xc1.xcore.ibias__t204                  1.12786
xc1.xcore.vss__t206                1.46784e-05
xc1.xcore.vss__t303                2.30183e-12
xc1.xcore.vss__t103                1.44754e-05
xc1.xcore.ibias__t203                  1.12786
xc1.xcore.tail__t325                   1.56853
xc1.xcore.vss__t304                2.27001e-12
xc1.xcore.tail__t223                   1.56853
xc1.xcore.ibias__t202                  1.12786
xc1.xcore.vss__t205                1.42725e-05
xc1.xcore.vss__t305                2.23819e-12
xc1.xcore.vss__t102                1.40696e-05
xc1.xcore.ibias__t201                  1.12786
xc1.xcore.tail__t324                   1.56853
xc1.xcore.vss__t306                2.20638e-12
xc1.xcore.tail__t222                   1.56853
xc1.xcore.ibias__t200                  1.12786
xc1.xcore.vss__t204                1.38667e-05
xc1.xcore.vss__t307                2.17457e-12
xc1.xcore.vss__t101                1.36638e-05
xc1.xcore.ibias__t199                  1.12786
xc1.xcore.tail__t323                   1.56853
xc1.xcore.vss__t308                2.14276e-12
xc1.xcore.tail__t221                   1.56853
xc1.xcore.ibias__t198                  1.12786
xc1.xcore.vss__t203                1.34609e-05
xc1.xcore.vss__t309                2.11096e-12
xc1.xcore.vss__t100                1.32581e-05
xc1.xcore.ibias__t197                  1.12786
xc1.xcore.tail__t322                   1.56853
xc1.xcore.vss__t310                2.07916e-12
xc1.xcore.tail__t220                   1.56853
xc1.xcore.ibias__t196                  1.12786
xc1.xcore.vss__t202                1.30553e-05
xc1.xcore.vss__t311                2.04736e-12
xc1.xcore.vss__t80                 1.28525e-05
xc1.xcore.ibias__t157                  1.12786
xc1.xcore.tail__t306                   1.56854
xc1.xcore.vss__t312                2.01557e-12
xc1.xcore.tail__t185                   1.56854
xc1.xcore.ibias__t116                  1.12786
xc1.xcore.vss__t162                1.26497e-05
xc1.xcore.vss__t313                1.98378e-12
xc1.xcore.vss__t59                  1.2447e-05
xc1.xcore.ibias__t115                  1.12786
xc1.xcore.tail__t285                   1.56854
xc1.xcore.vss__t314                  1.952e-12
xc1.xcore.tail__t184                   1.56854
xc1.xcore.ibias__t114                  1.12786
xc1.xcore.vss__t161                1.22443e-05
xc1.xcore.vss__t315                1.92022e-12
xc1.xcore.vss__t71                 1.20416e-05
xc1.xcore.ibias__t139                  1.12786
xc1.xcore.tail__t297                   1.56854
xc1.xcore.vss__t316                1.88844e-12
xc1.xcore.tail__t196                   1.56854
xc1.xcore.ibias__t138                  1.12786
xc1.xcore.vss__t173                 1.1839e-05
xc1.xcore.vss__t317                1.85667e-12
xc1.xcore.vss__t70                 1.16364e-05
xc1.xcore.ibias__t137                  1.12786
xc1.xcore.tail__t296                   1.56854
xc1.xcore.vss__t318                 1.8249e-12
xc1.xcore.tail__t195                   1.56854
xc1.xcore.ibias__t136                  1.12786
xc1.xcore.vss__t172                1.14338e-05
xc1.xcore.vss__t319                1.79314e-12
xc1.xcore.vss__t69                 1.12313e-05
xc1.xcore.ibias__t135                  1.12786
xc1.xcore.tail__t295                   1.56854
xc1.xcore.vss__t320                1.76139e-12
xc1.xcore.tail__t194                   1.56854
xc1.xcore.ibias__t134                  1.12786
xc1.xcore.vss__t171                1.10288e-05
xc1.xcore.vss__t321                1.72964e-12
xc1.xcore.vss__t61                 1.08264e-05
xc1.xcore.ibias__t119                  1.12786
xc1.xcore.tail__t287                   1.56854
xc1.xcore.vss__t322                 1.6979e-12
xc1.xcore.tail__t179                   1.56854
xc1.xcore.ibias__t103                  1.12786
xc1.xcore.vss__t156                 1.0624e-05
xc1.xcore.vss__t323                1.66616e-12
xc1.xcore.vss__t48                 1.04216e-05
xc1.xcore.ibias__t92                   1.12786
xc1.xcore.tail__t274                   1.56854
xc1.xcore.vss__t324                1.63443e-12
xc1.xcore.tail__t178                   1.56854
xc1.xcore.ibias__t102                  1.12786
xc1.xcore.vss__t155                1.02193e-05
xc1.xcore.vss__t325                1.60271e-12
xc1.xcore.vss__t52                 1.00171e-05
xc1.xcore.ibias__t101                  1.12786
xc1.xcore.tail__t278                   1.56854
xc1.xcore.vss__t326                  1.571e-12
xc1.xcore.tail__t177                   1.56854
xc1.xcore.ibias__t100                  1.12786
xc1.xcore.vss__t154                9.81488e-06
xc1.xcore.vss__t327                 1.5393e-12
xc1.xcore.vss__t51                 9.61276e-06
xc1.xcore.ibias__t99                   1.12786
xc1.xcore.tail__t277                   1.56854
xc1.xcore.vss__t328                1.50761e-12
xc1.xcore.tail__t176                   1.56854
xc1.xcore.ibias__t98                   1.12786
xc1.xcore.vss__t153                9.41069e-06
xc1.xcore.vss__t329                1.47592e-12
xc1.xcore.vss__t58                  9.2087e-06
xc1.xcore.ibias__t113                  1.12786
xc1.xcore.tail__t284                   1.56854
xc1.xcore.vss__t330                1.44425e-12
xc1.xcore.tail__t174                   1.56854
xc1.xcore.ibias__t96                   1.12786
xc1.xcore.vss__t151                9.00678e-06
xc1.xcore.vss__t331                1.41259e-12
xc1.xcore.vss__t50                 8.80494e-06
xc1.xcore.ibias__t95                   1.12786
xc1.xcore.tail__t276                   1.56854
xc1.xcore.vss__t332                1.38094e-12
xc1.xcore.tail__t173                   1.56854
xc1.xcore.ibias__t94                   1.12786
xc1.xcore.vss__t150                8.60318e-06
xc1.xcore.vss__t333                 1.3493e-12
xc1.xcore.vss__t49                 8.40152e-06
xc1.xcore.ibias__t93                   1.12786
xc1.xcore.tail__t275                   1.56854
xc1.xcore.vss__t334                1.31768e-12
xc1.xcore.tail__t172                   1.56854
xc1.xcore.ibias__t91                   1.12786
xc1.xcore.vss__t149                8.19995e-06
xc1.xcore.vss__t335                1.28607e-12
xc1.xcore.vss__t47                 7.99849e-06
xc1.xcore.ibias__t90                   1.12786
xc1.xcore.tail__t273                   1.56854
xc1.xcore.vss__t336                1.25448e-12
xc1.xcore.tail__t171                   1.56854
xc1.xcore.ibias__t89                   1.12786
xc1.xcore.vss__t148                7.79714e-06
xc1.xcore.vss__t337                 1.2229e-12
xc1.xcore.vss__t46                 7.59591e-06
xc1.xcore.ibias__t88                   1.12786
xc1.xcore.tail__t272                   1.56854
xc1.xcore.vss__t338                1.19135e-12
xc1.xcore.tail__t170                   1.56854
xc1.xcore.ibias__t87                   1.12786
xc1.xcore.vss__t147                7.39481e-06
xc1.xcore.vss__t339                1.15981e-12
xc1.xcore.vss__t45                 7.19386e-06
xc1.xcore.ibias__t86                   1.12786
xc1.xcore.tail__t271                   1.56854
xc1.xcore.vss__t340                 1.1283e-12
xc1.xcore.tail__t169                   1.56854
xc1.xcore.ibias__t85                   1.12786
xc1.xcore.vss__t146                6.99306e-06
xc1.xcore.vss__t341                1.09681e-12
xc1.xcore.vss__t44                 6.79243e-06
xc1.xcore.ibias__t84                   1.12786
xc1.xcore.tail__t270                   1.56855
xc1.xcore.vss__t342                1.06535e-12
xc1.xcore.tail__t168                   1.56855
xc1.xcore.ibias__t83                   1.12786
xc1.xcore.vss__t145                6.59199e-06
xc1.xcore.vss__t343                1.03391e-12
xc1.xcore.vss__t66                 6.39175e-06
xc1.xcore.ibias__t129                  1.12786
xc1.xcore.tail__t292                   1.56855
xc1.xcore.vss__t344                1.00251e-12
xc1.xcore.tail__t199                   1.56855
xc1.xcore.ibias__t144                  1.12786
xc1.xcore.vss__t176                6.19173e-06
xc1.xcore.vss__t345                9.71142e-13
xc1.xcore.vss__t73                 5.99196e-06
xc1.xcore.ibias__t143                  1.12786
xc1.xcore.tail__t299                   1.56855
xc1.xcore.vss__t346                9.39812e-13
xc1.xcore.tail__t198                   1.56855
xc1.xcore.ibias__t142                  1.12786
xc1.xcore.vss__t175                5.79245e-06
xc1.xcore.vss__t347                9.08525e-13
xc1.xcore.vss__t72                 5.59325e-06
xc1.xcore.ibias__t141                  1.12786
xc1.xcore.tail__t298                   1.56855
xc1.xcore.vss__t348                8.77284e-13
xc1.xcore.outp__t53                    2.79079
xc1.xcore.inp__t1                       3.0855
xc1.xcore.tail__t0                     1.56862
xc1.xcore.vss__t460                1.39766e-12
xc1.xcore.tail__t119                   1.56862
xc1.xcore.inp__t53                      3.0855
xc1.xcore.outp__t52                    2.79079
xc1.xcore.vss__t462                1.41089e-12
xc1.xcore.outp__t46                    2.79079
xc1.xcore.inp__t52                      3.0855
xc1.xcore.tail__t118                   1.56862
xc1.xcore.vss__t463                1.42413e-12
xc1.xcore.tail__t58                    1.56862
xc1.xcore.inp__t61                      3.0855
xc1.xcore.outp__t82                    2.79079
xc1.xcore.vss__t464                1.43736e-12
xc1.xcore.outp__t30                    2.79078
xc1.xcore.inp__t24                      3.0855
xc1.xcore.tail__t98                    1.56862
xc1.xcore.vss__t465                 1.4506e-12
xc1.xcore.tail__t38                    1.56863
xc1.xcore.inp__t23                      3.0855
xc1.xcore.outp__t64                    2.79078
xc1.xcore.vss__t466                1.46384e-12
xc1.xcore.outp__t29                    2.79078
xc1.xcore.inp__t22                      3.0855
xc1.xcore.tail__t97                    1.56863
xc1.xcore.vss__t467                1.47708e-12
xc1.xcore.tail__t37                    1.56863
xc1.xcore.inp__t21                      3.0855
xc1.xcore.outp__t63                    2.79078
xc1.xcore.vss__t468                1.49031e-12
xc1.xcore.outp__t28                    2.79078
xc1.xcore.inp__t20                      3.0855
xc1.xcore.tail__t96                    1.56863
xc1.xcore.vss__t469                1.50355e-12
xc1.xcore.tail__t36                    1.56863
xc1.xcore.inp__t19                      3.0855
xc1.xcore.outp__t62                    2.79078
xc1.xcore.vss__t470                1.51679e-12
xc1.xcore.outp__t27                    2.79077
xc1.xcore.inp__t18                      3.0855
xc1.xcore.tail__t95                    1.56863
xc1.xcore.vss__t471                1.53003e-12
xc1.xcore.tail__t35                    1.56863
xc1.xcore.inp__t17                      3.0855
xc1.xcore.outp__t61                    2.79077
xc1.xcore.vss__t472                1.54327e-12
xc1.xcore.outp__t26                    2.79077
xc1.xcore.inp__t16                      3.0855
xc1.xcore.tail__t94                    1.56863
xc1.xcore.vss__t473                1.55652e-12
xc1.xcore.tail__t33                    1.56863
xc1.xcore.inp__t15                      3.0855
xc1.xcore.outp__t60                    2.79077
xc1.xcore.vss__t474                1.56976e-12
xc1.xcore.outp__t47                    2.79077
xc1.xcore.inp__t54                      3.0855
xc1.xcore.tail__t120                   1.56863
xc1.xcore.vss__t475                  1.583e-12
xc1.xcore.tail__t54                    1.56863
xc1.xcore.inp__t55                      3.0855
xc1.xcore.outp__t78                    2.79077
xc1.xcore.vss__t476                1.59624e-12
xc1.xcore.outp__t51                    2.79076
xc1.xcore.inp__t63                      3.0855
xc1.xcore.tail__t126                   1.56863
xc1.xcore.vss__t477                1.60948e-12
xc1.xcore.tail__t57                    1.56864
xc1.xcore.inp__t60                      3.0855
xc1.xcore.outp__t81                    2.79076
xc1.xcore.vss__t478                1.62273e-12
xc1.xcore.outp__t49                    2.79076
xc1.xcore.inp__t59                      3.0855
xc1.xcore.tail__t122                   1.56864
xc1.xcore.vss__t479                1.63597e-12
xc1.xcore.tail__t56                    1.56864
xc1.xcore.inp__t58                      3.0855
xc1.xcore.outp__t80                    2.79076
xc1.xcore.vss__t480                1.64922e-12
xc1.xcore.outp__t48                    2.79076
xc1.xcore.inp__t57                      3.0855
xc1.xcore.tail__t121                   1.56864
xc1.xcore.vss__t481                1.66246e-12
xc1.xcore.tail__t55                    1.56864
xc1.xcore.inp__t56                      3.0855
xc1.xcore.outp__t79                    2.79076
xc1.xcore.vss__t482                 1.6757e-12
xc1.xcore.outp__t24                    2.79075
xc1.xcore.inp__t11                      3.0855
xc1.xcore.tail__t92                    1.56864
xc1.xcore.vss__t483                1.68895e-12
xc1.xcore.tail__t30                    1.56864
xc1.xcore.inp__t10                      3.0855
xc1.xcore.outp__t57                    2.79075
xc1.xcore.vss__t484                 1.7022e-12
xc1.xcore.outp__t23                    2.79075
xc1.xcore.inp__t9                       3.0855
xc1.xcore.tail__t88                    1.56864
xc1.xcore.vss__t485                1.71544e-12
xc1.xcore.tail__t32                    1.56864
xc1.xcore.inp__t14                      3.0855
xc1.xcore.outp__t59                    2.79075
xc1.xcore.vss__t486                1.72869e-12
xc1.xcore.outp__t25                    2.79075
xc1.xcore.inp__t13                      3.0855
xc1.xcore.tail__t93                    1.56864
xc1.xcore.vss__t487                1.74193e-12
xc1.xcore.tail__t60                    1.56864
xc1.xcore.inp__t0                       3.0855
xc1.xcore.outp__t83                    2.79075
xc1.xcore.vss__t488                1.75518e-12
xc1.xcore.outp__t50                    2.79074
xc1.xcore.inp__t62                      3.0855
xc1.xcore.tail__t123                   1.56864
xc1.xcore.vss__t489                1.76843e-12
xc1.xcore.tail__t42                    1.56864
xc1.xcore.inp__t29                      3.0855
xc1.xcore.outp__t67                    2.79074
xc1.xcore.vss__t490                1.78168e-12
xc1.xcore.outp__t32                    2.79074
xc1.xcore.inp__t28                      3.0855
xc1.xcore.tail__t102                   1.56865
xc1.xcore.vss__t491                1.79492e-12
xc1.xcore.tail__t41                    1.56865
xc1.xcore.inp__t27                      3.0855
xc1.xcore.outp__t66                    2.79074
xc1.xcore.vss__t492                1.80817e-12
xc1.xcore.outp__t31                    2.79074
xc1.xcore.inp__t26                      3.0855
xc1.xcore.tail__t101                   1.56865
xc1.xcore.vss__t493                1.82142e-12
xc1.xcore.tail__t40                    1.56865
xc1.xcore.inp__t25                      3.0855
xc1.xcore.outp__t65                    2.79074
xc1.xcore.vss__t494                1.83467e-12
xc1.xcore.outp__t20                    2.79074
xc1.xcore.inp__t4                       3.0855
xc1.xcore.tail__t74                    1.56865
xc1.xcore.vss__t495                1.84792e-12
xc1.xcore.tail__t14                    1.56865
xc1.xcore.inp__t3                       3.0855
xc1.xcore.outp__t54                    2.79073
xc1.xcore.vss__t496                1.86117e-12
xc1.xcore.outp__t22                    2.79073
xc1.xcore.inp__t7                       3.0855
xc1.xcore.tail__t76                    1.56865
xc1.xcore.vss__t497                1.87442e-12
xc1.xcore.tail__t16                    1.56865
xc1.xcore.inp__t6                       3.0855
xc1.xcore.outp__t55                    2.79073
xc1.xcore.vss__t498                1.88767e-12
xc1.xcore.outp__t21                    2.79073
xc1.xcore.inp__t5                       3.0855
xc1.xcore.tail__t75                    1.56865
xc1.xcore.vss__t499                1.90092e-12
xc1.xcore.tail__t19                    1.56865
xc1.xcore.inp__t8                       3.0855
xc1.xcore.outp__t56                    2.79073
xc1.xcore.vss__t500                1.91417e-12
xc1.xcore.outp__t45                    2.79073
xc1.xcore.inp__t50                      3.0855
xc1.xcore.tail__t116                   1.56865
xc1.xcore.vss__t501                1.92742e-12
xc1.xcore.tail__t51                    1.56865
xc1.xcore.inp__t49                      3.0855
xc1.xcore.outp__t76                    2.79072
xc1.xcore.vss__t502                1.94067e-12
xc1.xcore.outp__t44                    2.79072
xc1.xcore.inp__t48                      3.0855
xc1.xcore.tail__t115                   1.56866
xc1.xcore.vss__t503                1.95392e-12
xc1.xcore.tail__t50                    1.56866
xc1.xcore.inp__t47                      3.0855
xc1.xcore.outp__t75                    2.79072
xc1.xcore.vss__t504                1.96717e-12
xc1.xcore.outp__t43                    2.79072
xc1.xcore.inp__t46                      3.0855
xc1.xcore.tail__t114                   1.56866
xc1.xcore.vss__t505                1.98043e-12
xc1.xcore.tail__t49                    1.56866
xc1.xcore.inp__t45                      3.0855
xc1.xcore.outp__t74                    2.79072
xc1.xcore.vss__t506                1.99368e-12
xc1.xcore.outp__t42                    2.79072
xc1.xcore.inp__t44                      3.0855
xc1.xcore.tail__t113                   1.56866
xc1.xcore.vss__t507                2.00693e-12
xc1.xcore.tail__t48                    1.56866
xc1.xcore.inp__t43                      3.0855
xc1.xcore.outp__t73                    2.79071
xc1.xcore.vss__t508                2.02018e-12
xc1.xcore.outp__t41                    2.79071
xc1.xcore.inp__t42                      3.0855
xc1.xcore.tail__t112                   1.56866
xc1.xcore.vss__t509                2.03344e-12
xc1.xcore.tail__t47                    1.56866
xc1.xcore.inp__t41                      3.0855
xc1.xcore.outp__t72                    2.79071
xc1.xcore.vss__t510                2.04669e-12
xc1.xcore.outp__t40                    2.79071
xc1.xcore.inp__t40                      3.0855
xc1.xcore.tail__t111                   1.56866
xc1.xcore.vss__t511                2.05994e-12
xc1.xcore.tail__t46                    1.56866
xc1.xcore.inp__t39                      3.0855
xc1.xcore.outp__t71                    2.79071
xc1.xcore.vss__t512                 2.0732e-12
xc1.xcore.outp__t39                    2.79071
xc1.xcore.inp__t38                      3.0855
xc1.xcore.tail__t110                   1.56866
xc1.xcore.vss__t513                2.08645e-12
xc1.xcore.tail__t53                    1.56866
xc1.xcore.inp__t51                      3.0855
xc1.xcore.outp__t77                     2.7907
xc1.xcore.vss__t514                 2.0997e-12
xc1.xcore.outp__t38                     2.7907
xc1.xcore.inp__t37                      3.0855
xc1.xcore.tail__t108                   1.56866
xc1.xcore.vss__t515                2.11296e-12
xc1.xcore.tail__t45                    1.56867
xc1.xcore.inp__t36                      3.0855
xc1.xcore.outp__t70                     2.7907
xc1.xcore.vss__t516                2.12621e-12
xc1.xcore.outp__t37                     2.7907
xc1.xcore.inp__t35                      3.0855
xc1.xcore.tail__t107                   1.56867
xc1.xcore.vss__t517                2.13946e-12
xc1.xcore.tail__t44                    1.56867
xc1.xcore.inp__t34                      3.0855
xc1.xcore.outp__t69                     2.7907
xc1.xcore.vss__t518                2.15272e-12
xc1.xcore.outp__t36                     2.7907
xc1.xcore.inp__t33                      3.0855
xc1.xcore.tail__t106                   1.56867
xc1.xcore.vss__t519                2.16597e-12
xc1.xcore.tail__t31                    1.56867
xc1.xcore.inp__t12                      3.0855
xc1.xcore.outp__t58                    2.79069
xc1.xcore.vss__t520                2.17923e-12
xc1.xcore.outp__t35                    2.79069
xc1.xcore.inp__t32                      3.0855
xc1.xcore.tail__t104                   1.56867
xc1.xcore.vss__t521                2.19248e-12
xc1.xcore.tail__t43                    1.56867
xc1.xcore.inp__t31                      3.0855
xc1.xcore.outp__t68                    2.79069
xc1.xcore.vss__t522                2.20574e-12
xc1.xcore.outp__t33                    2.79069
xc1.xcore.inp__t30                      3.0855
xc1.xcore.tail__t103                   1.56867
xc1.xcore.vss__t523                2.21899e-12
xc1.xcore.tail__t1                     1.56867
xc1.xcore.inp__t2                       3.0855
xc1.xcore.outp__t34                    2.79069
xc1.xcore.vss__t586                2.23225e-12
xc1.xcore.ibias__t215                  1.12513
xc1.xcore.ibias__t3                    1.12786
xc1.xcore.vss__t2                  2.51858e-05
xc1.xcore.vss__t459                5.66833e-13
xc1.xcore.vss__t81                 2.49859e-05
xc1.xcore.ibias__t158                  1.12786
xc1.xcore.ibias__t216                  1.12516
xc1.xcore.vss__t448                5.62349e-13
xc1.xcore.ibias__t213                  1.12519
xc1.xcore.ibias__t171                  1.12786
xc1.xcore.vss__t190                2.47861e-05
xc1.xcore.vss__t449                5.57865e-13
xc1.xcore.vss__t83                 2.45863e-05
xc1.xcore.ibias__t163                  1.12786
xc1.xcore.ibias__t218                  1.12522
xc1.xcore.vss__t450                5.53381e-13
xc1.xcore.ibias__t212                  1.12525
xc1.xcore.ibias__t162                  1.12786
xc1.xcore.vss__t185                2.43865e-05
xc1.xcore.vss__t451                5.48897e-13
xc1.xcore.vss__t89                 2.41867e-05
xc1.xcore.ibias__t177                  1.12786
xc1.xcore.ibias__t219                  1.12528
xc1.xcore.vss__t452                5.44412e-13
xc1.xcore.ibias__t211                  1.12531
xc1.xcore.ibias__t160                  1.12786
xc1.xcore.vss__t183                2.39868e-05
xc1.xcore.vss__t453                5.39928e-13
xc1.xcore.vss__t82                  2.3787e-05
xc1.xcore.ibias__t159                  1.12786
xc1.xcore.ibias__t217                  1.12534
xc1.xcore.vss__t454                5.35443e-13
xc1.xcore.ibias__t214                  1.12537
xc1.xcore.ibias__t174                  1.12786
xc1.xcore.vss__t192                2.35872e-05
xc1.xcore.vss__t455                5.30958e-13
xc1.xcore.vss__t3                  2.33874e-05
xc1.xcore.ibias__t4                    1.12786
xc1.xcore.ibias__t210                   1.1254
xc1.xcore.vss__t457                5.26473e-13
xc1.xcore.outn__t52                        3.3
xc1.xcore.inn__t1                       1.9965
xc1.xcore.tail__t3                     1.56856
xc1.xcore.vss__t461                1.55989e-12
xc1.xcore.tail__t62                    1.56856
xc1.xcore.inn__t58                      1.9965
xc1.xcore.outn__t81                        3.3
xc1.xcore.vss__t524                1.57469e-12
xc1.xcore.outn__t49                        3.3
xc1.xcore.inn__t59                      1.9965
xc1.xcore.tail__t124                   1.56856
xc1.xcore.vss__t525                 1.5895e-12
xc1.xcore.tail__t63                    1.56856
xc1.xcore.inn__t60                      1.9965
xc1.xcore.outn__t82                        3.3
xc1.xcore.vss__t526                 1.6043e-12
xc1.xcore.outn__t50                        3.3
xc1.xcore.inn__t61                      1.9965
xc1.xcore.tail__t125                   1.56856
xc1.xcore.vss__t527                1.61911e-12
xc1.xcore.tail__t64                    1.56856
xc1.xcore.inn__t62                      1.9965
xc1.xcore.outn__t83                        3.3
xc1.xcore.vss__t528                1.63391e-12
xc1.xcore.outn__t46                        3.3
xc1.xcore.inn__t52                      1.9965
xc1.xcore.tail__t105                   1.56856
xc1.xcore.vss__t529                1.64871e-12
xc1.xcore.tail__t15                    1.56856
xc1.xcore.inn__t21                      1.9965
xc1.xcore.outn__t63                        3.3
xc1.xcore.vss__t530                1.66352e-12
xc1.xcore.outn__t45                        3.3
xc1.xcore.inn__t51                      1.9965
xc1.xcore.tail__t100                   1.56856
xc1.xcore.vss__t531                1.67833e-12
xc1.xcore.tail__t34                    1.56856
xc1.xcore.inn__t48                      1.9965
xc1.xcore.outn__t76                        3.3
xc1.xcore.vss__t532                1.69313e-12
xc1.xcore.outn__t44                        3.3
xc1.xcore.inn__t50                      1.9965
xc1.xcore.tail__t99                    1.56856
xc1.xcore.vss__t533                1.70794e-12
xc1.xcore.tail__t61                    1.56856
xc1.xcore.inn__t57                      1.9965
xc1.xcore.outn__t80                        3.3
xc1.xcore.vss__t534                1.72274e-12
xc1.xcore.outn__t40                        3.3
xc1.xcore.inn__t42                      1.9965
xc1.xcore.tail__t87                    1.56856
xc1.xcore.vss__t535                1.73755e-12
xc1.xcore.tail__t27                    1.56856
xc1.xcore.inn__t41                      1.9965
xc1.xcore.outn__t73                        3.3
xc1.xcore.vss__t536                1.75236e-12
xc1.xcore.outn__t39                        3.3
xc1.xcore.inn__t40                      1.9965
xc1.xcore.tail__t86                    1.56856
xc1.xcore.vss__t537                1.76717e-12
xc1.xcore.tail__t26                    1.56856
xc1.xcore.inn__t39                      1.9965
xc1.xcore.outn__t72                        3.3
xc1.xcore.vss__t538                1.78197e-12
xc1.xcore.outn__t38                        3.3
xc1.xcore.inn__t38                      1.9965
xc1.xcore.tail__t85                    1.56856
xc1.xcore.vss__t539                1.79678e-12
xc1.xcore.tail__t25                    1.56856
xc1.xcore.inn__t37                      1.9965
xc1.xcore.outn__t71                        3.3
xc1.xcore.vss__t540                1.81159e-12
xc1.xcore.outn__t47                        3.3
xc1.xcore.inn__t53                      1.9965
xc1.xcore.tail__t109                   1.56856
xc1.xcore.vss__t541                 1.8264e-12
xc1.xcore.tail__t52                    1.56856
xc1.xcore.inn__t55                      1.9965
xc1.xcore.outn__t78                        3.3
xc1.xcore.vss__t542                1.84121e-12
xc1.xcore.outn__t48                        3.3
xc1.xcore.inn__t54                      1.9965
xc1.xcore.tail__t117                   1.56856
xc1.xcore.vss__t543                1.85602e-12
xc1.xcore.tail__t39                    1.56856
xc1.xcore.inn__t49                      1.9965
xc1.xcore.outn__t77                        3.3
xc1.xcore.vss__t544                1.87083e-12
xc1.xcore.outn__t41                        3.3
xc1.xcore.inn__t43                      1.9965
xc1.xcore.tail__t89                    1.56856
xc1.xcore.vss__t545                1.88564e-12
xc1.xcore.tail__t29                    1.56856
xc1.xcore.inn__t47                      1.9965
xc1.xcore.outn__t75                        3.3
xc1.xcore.vss__t546                1.90045e-12
xc1.xcore.outn__t43                        3.3
xc1.xcore.inn__t46                      1.9965
xc1.xcore.tail__t91                    1.56856
xc1.xcore.vss__t547                1.91526e-12
xc1.xcore.tail__t28                    1.56856
xc1.xcore.inn__t45                      1.9965
xc1.xcore.outn__t74                        3.3
xc1.xcore.vss__t548                1.93007e-12
xc1.xcore.outn__t42                        3.3
xc1.xcore.inn__t44                      1.9965
xc1.xcore.tail__t90                    1.56856
xc1.xcore.vss__t549                1.94488e-12
xc1.xcore.tail__t59                    1.56856
xc1.xcore.inn__t56                      1.9965
xc1.xcore.outn__t79                        3.3
xc1.xcore.vss__t550                1.95969e-12
xc1.xcore.outn__t51                        3.3
xc1.xcore.inn__t63                      1.9965
xc1.xcore.tail__t127                   1.56856
xc1.xcore.vss__t551                 1.9745e-12
xc1.xcore.tail__t13                    1.56856
xc1.xcore.inn__t19                      1.9965
xc1.xcore.outn__t62                        3.3
xc1.xcore.vss__t552                1.98931e-12
xc1.xcore.outn__t28                        3.3
xc1.xcore.inn__t18                      1.9965
xc1.xcore.tail__t72                    1.56856
xc1.xcore.vss__t553                2.00413e-12
xc1.xcore.tail__t12                    1.56856
xc1.xcore.inn__t17                      1.9965
xc1.xcore.outn__t61                        3.3
xc1.xcore.vss__t554                2.01894e-12
xc1.xcore.outn__t27                        3.3
xc1.xcore.inn__t16                      1.9965
xc1.xcore.tail__t71                    1.56856
xc1.xcore.vss__t555                2.03375e-12
xc1.xcore.tail__t11                    1.56856
xc1.xcore.inn__t15                      1.9965
xc1.xcore.outn__t60                        3.3
xc1.xcore.vss__t556                2.04856e-12
xc1.xcore.outn__t26                        3.3
xc1.xcore.inn__t14                      1.9965
xc1.xcore.tail__t70                    1.56856
xc1.xcore.vss__t557                2.06338e-12
xc1.xcore.tail__t10                    1.56856
xc1.xcore.inn__t13                      1.9965
xc1.xcore.outn__t59                        3.3
xc1.xcore.vss__t558                2.07819e-12
xc1.xcore.outn__t25                        3.3
xc1.xcore.inn__t12                      1.9965
xc1.xcore.tail__t69                    1.56856
xc1.xcore.vss__t559                  2.093e-12
xc1.xcore.tail__t6                     1.56856
xc1.xcore.inn__t5                       1.9965
xc1.xcore.outn__t55                        3.3
xc1.xcore.vss__t560                2.10781e-12
xc1.xcore.outn__t24                        3.3
xc1.xcore.inn__t11                      1.9965
xc1.xcore.tail__t68                    1.56856
xc1.xcore.vss__t561                2.12263e-12
xc1.xcore.tail__t4                     1.56856
xc1.xcore.inn__t2                       1.9965
xc1.xcore.outn__t53                        3.3
xc1.xcore.vss__t562                2.13744e-12
xc1.xcore.outn__t21                        3.3
xc1.xcore.inn__t3                       1.9965
xc1.xcore.tail__t65                    1.56856
xc1.xcore.vss__t563                2.15225e-12
xc1.xcore.tail__t5                     1.56856
xc1.xcore.inn__t4                       1.9965
xc1.xcore.outn__t54                        3.3
xc1.xcore.vss__t564                2.16707e-12
xc1.xcore.outn__t22                        3.3
xc1.xcore.inn__t6                       1.9965
xc1.xcore.tail__t66                    1.56856
xc1.xcore.vss__t565                2.18188e-12
xc1.xcore.tail__t7                     1.56856
xc1.xcore.inn__t7                       1.9965
xc1.xcore.outn__t56                        3.3
xc1.xcore.vss__t566                 2.1967e-12
xc1.xcore.outn__t23                        3.3
xc1.xcore.inn__t8                       1.9965
xc1.xcore.tail__t67                    1.56856
xc1.xcore.vss__t567                2.21151e-12
xc1.xcore.tail__t8                     1.56856
xc1.xcore.inn__t9                       1.9965
xc1.xcore.outn__t57                        3.3
xc1.xcore.vss__t568                2.22632e-12
xc1.xcore.outn__t29                        3.3
xc1.xcore.inn__t20                      1.9965
xc1.xcore.tail__t73                    1.56856
xc1.xcore.vss__t569                2.24114e-12
xc1.xcore.tail__t9                     1.56856
xc1.xcore.inn__t10                      1.9965
xc1.xcore.outn__t58                        3.3
xc1.xcore.vss__t570                2.25595e-12
xc1.xcore.outn__t36                        3.3
xc1.xcore.inn__t35                      1.9965
xc1.xcore.tail__t83                    1.56856
xc1.xcore.vss__t571                2.27077e-12
xc1.xcore.tail__t24                    1.56856
xc1.xcore.inn__t34                      1.9965
xc1.xcore.outn__t70                        3.3
xc1.xcore.vss__t572                2.28558e-12
xc1.xcore.outn__t35                        3.3
xc1.xcore.inn__t33                      1.9965
xc1.xcore.tail__t82                    1.56856
xc1.xcore.vss__t573                 2.3004e-12
xc1.xcore.tail__t23                    1.56856
xc1.xcore.inn__t32                      1.9965
xc1.xcore.outn__t69                        3.3
xc1.xcore.vss__t574                2.31521e-12
xc1.xcore.outn__t34                        3.3
xc1.xcore.inn__t31                      1.9965
xc1.xcore.tail__t81                    1.56856
xc1.xcore.vss__t575                2.33003e-12
xc1.xcore.tail__t22                    1.56856
xc1.xcore.inn__t30                      1.9965
xc1.xcore.outn__t68                        3.3
xc1.xcore.vss__t576                2.34485e-12
xc1.xcore.outn__t33                        3.3
xc1.xcore.inn__t29                      1.9965
xc1.xcore.tail__t80                    1.56856
xc1.xcore.vss__t577                2.35966e-12
xc1.xcore.tail__t21                    1.56856
xc1.xcore.inn__t28                      1.9965
xc1.xcore.outn__t67                        3.3
xc1.xcore.vss__t578                2.37448e-12
xc1.xcore.outn__t32                        3.3
xc1.xcore.inn__t27                      1.9965
xc1.xcore.tail__t79                    1.56856
xc1.xcore.vss__t579                2.38929e-12
xc1.xcore.tail__t20                    1.56856
xc1.xcore.inn__t26                      1.9965
xc1.xcore.outn__t66                        3.3
xc1.xcore.vss__t580                2.40411e-12
xc1.xcore.outn__t37                        3.3
xc1.xcore.inn__t36                      1.9965
xc1.xcore.tail__t84                    1.56856
xc1.xcore.vss__t581                2.41893e-12
xc1.xcore.tail__t18                    1.56856
xc1.xcore.inn__t25                      1.9965
xc1.xcore.outn__t65                        3.3
xc1.xcore.vss__t582                2.43374e-12
xc1.xcore.outn__t31                        3.3
xc1.xcore.inn__t24                      1.9965
xc1.xcore.tail__t78                    1.56856
xc1.xcore.vss__t583                2.44856e-12
xc1.xcore.tail__t17                    1.56856
xc1.xcore.inn__t23                      1.9965
xc1.xcore.outn__t64                        3.3
xc1.xcore.vss__t584                2.46337e-12
xc1.xcore.outn__t30                        3.3
xc1.xcore.inn__t22                      1.9965
xc1.xcore.tail__t77                    1.56856
xc1.xcore.vss__t585                2.47819e-12
xc1.xcore.tail__t2                     1.56856
xc1.xcore.inn__t0                       1.9965
xc1.xcore.outn__t20                        3.3
xc1.xcore.vss__t587                2.49301e-12
xc1.xcore.vss__t210                2.59873e-12
xc1.xcore.outp__t16                     2.7909
xc1.xcore.vss__t211                2.56818e-12
xc1.xcore.outp__t17                     2.7909
xc1.xcore.vss__t212                2.53766e-12
xc1.xcore.outp__t18                     2.7909
xc1.xcore.vss__t213                2.50716e-12
xc1.xcore.outp__t19                     2.7909
xc1.xcore.vss__t214                 2.4767e-12
xc1.xcore.outp__t0                      2.7909
xc1.xcore.vss__t215                2.44626e-12
xc1.xcore.outp__t1                      2.7909
xc1.xcore.vss__t216                2.41584e-12
xc1.xcore.outp__t2                      2.7909
xc1.xcore.vss__t217                2.38546e-12
xc1.xcore.outp__t3                      2.7909
xc1.xcore.vss__t218                2.35511e-12
xc1.xcore.outp__t4                      2.7909
xc1.xcore.vss__t219                2.32479e-12
xc1.xcore.outp__t15                     2.7909
xc1.xcore.vss__t220                 2.2945e-12
xc1.xcore.outp__t6                      2.7909
xc1.xcore.vss__t221                2.26425e-12
xc1.xcore.outp__t7                      2.7909
xc1.xcore.vss__t222                2.23403e-12
xc1.xcore.outp__t8                      2.7909
xc1.xcore.vss__t223                2.20385e-12
xc1.xcore.outp__t9                      2.7909
xc1.xcore.vss__t224                2.17371e-12
xc1.xcore.outp__t10                     2.7909
xc1.xcore.vss__t225                2.14361e-12
xc1.xcore.outp__t11                     2.7909
xc1.xcore.vss__t226                2.11356e-12
xc1.xcore.outp__t12                     2.7909
xc1.xcore.vss__t227                2.08354e-12
xc1.xcore.outp__t13                     2.7909
xc1.xcore.vss__t228                2.05357e-12
xc1.xcore.outp__t14                     2.7909
xc1.xcore.vss__t229                2.02366e-12
xc1.xcore.outp__t5                      2.7909
xc1.xcore.vss__t230                2.18457e-12
xc1.xcore.outn__t0                         3.3
xc1.xcore.vss__t231                2.21955e-12
xc1.xcore.outn__t5                         3.3
xc1.xcore.vss__t232                2.25461e-12
xc1.xcore.outn__t6                         3.3
xc1.xcore.vss__t233                2.28973e-12
xc1.xcore.outn__t7                         3.3
xc1.xcore.vss__t234                2.32493e-12
xc1.xcore.outn__t8                         3.3
xc1.xcore.vss__t235                2.36019e-12
xc1.xcore.outn__t9                         3.3
xc1.xcore.vss__t236                2.39551e-12
xc1.xcore.outn__t10                        3.3
xc1.xcore.vss__t237                2.43089e-12
xc1.xcore.outn__t11                        3.3
xc1.xcore.vss__t238                2.46633e-12
xc1.xcore.outn__t12                        3.3
xc1.xcore.vss__t239                2.50182e-12
xc1.xcore.outn__t13                        3.3
xc1.xcore.vss__t240                2.53736e-12
xc1.xcore.outn__t14                        3.3
xc1.xcore.vss__t241                2.57296e-12
xc1.xcore.outn__t15                        3.3
xc1.xcore.vss__t242                 2.6086e-12
xc1.xcore.outn__t16                        3.3
xc1.xcore.vss__t243                2.64429e-12
xc1.xcore.outn__t17                        3.3
xc1.xcore.vss__t244                2.68002e-12
xc1.xcore.outn__t19                        3.3
xc1.xcore.vss__t245                2.71579e-12
xc1.xcore.outn__t18                        3.3
xc1.xcore.vss__t246                2.75161e-12
xc1.xcore.outn__t1                         3.3
xc1.xcore.vss__t247                2.78746e-12
xc1.xcore.outn__t2                         3.3
xc1.xcore.vss__t248                2.82335e-12
xc1.xcore.outn__t3                         3.3
xc1.xcore.vss__t249                2.85928e-12
xc1.xcore.outn__t4                         3.3
ib_c1                                  1.12786
xc1.xcore.vsubs                              0
outn_c1                                    3.3
outp_c1                                 2.7909
xc1.tail                               1.56856
vd_c1                                 0.509099
xc2.xcore.tail__t186                   1.56855
xc2.xcore.ibias__t118                  1.12786
xc2.xcore.vss__t163                5.39437e-06
xc2.xcore.vss__t349                8.46094e-13
xc2.xcore.vss__t60                 5.19587e-06
xc2.xcore.ibias__t117                  1.12786
xc2.xcore.tail__t286                   1.56855
xc2.xcore.vss__t350                8.14963e-13
xc2.xcore.tail__t197                   1.56855
xc2.xcore.ibias__t140                  1.12786
xc2.xcore.vss__t174                4.99777e-06
xc2.xcore.vss__t351                7.83896e-13
xc2.xcore.vss__t68                 4.80015e-06
xc2.xcore.ibias__t133                  1.12786
xc2.xcore.tail__t294                   1.56855
xc2.xcore.vss__t352                7.52901e-13
xc2.xcore.tail__t193                   1.56855
xc2.xcore.ibias__t132                  1.12786
xc2.xcore.vss__t170                4.60305e-06
xc2.xcore.vss__t353                7.21989e-13
xc2.xcore.vss__t67                 4.40654e-06
xc2.xcore.ibias__t131                  1.12786
xc2.xcore.tail__t293                   1.56855
xc2.xcore.vss__t354                 6.9117e-13
xc2.xcore.tail__t192                   1.56855
xc2.xcore.ibias__t130                  1.12786
xc2.xcore.vss__t169                4.21072e-06
xc2.xcore.vss__t355                6.60458e-13
xc2.xcore.vss__t74                 4.01567e-06
xc2.xcore.ibias__t145                  1.12786
xc2.xcore.tail__t300                   1.56855
xc2.xcore.vss__t356                6.29867e-13
xc2.xcore.tail__t191                   1.56855
xc2.xcore.ibias__t128                  1.12786
xc2.xcore.vss__t168                3.82152e-06
xc2.xcore.vss__t357                5.99416e-13
xc2.xcore.vss__t65                 3.62841e-06
xc2.xcore.ibias__t127                  1.12786
xc2.xcore.tail__t291                   1.56855
xc2.xcore.vss__t358                5.69129e-13
xc2.xcore.tail__t190                   1.56855
xc2.xcore.ibias__t126                  1.12786
xc2.xcore.vss__t167                3.43652e-06
xc2.xcore.vss__t359                5.39033e-13
xc2.xcore.vss__t64                 3.24607e-06
xc2.xcore.ibias__t125                  1.12786
xc2.xcore.tail__t290                   1.56855
xc2.xcore.vss__t360                5.09161e-13
xc2.xcore.tail__t189                   1.56855
xc2.xcore.ibias__t124                  1.12786
xc2.xcore.vss__t166                3.05731e-06
xc2.xcore.vss__t361                4.79556e-13
xc2.xcore.vss__t63                 2.87059e-06
xc2.xcore.ibias__t123                  1.12786
xc2.xcore.tail__t289                   1.56855
xc2.xcore.vss__t362                 4.5027e-13
xc2.xcore.tail__t188                   1.56855
xc2.xcore.ibias__t122                  1.12786
xc2.xcore.vss__t165                2.68634e-06
xc2.xcore.vss__t363                4.21371e-13
xc2.xcore.vss__t62                 2.50509e-06
xc2.xcore.ibias__t121                  1.12786
xc2.xcore.tail__t288                   1.56855
xc2.xcore.vss__t364                3.92942e-13
xc2.xcore.tail__t187                   1.56855
xc2.xcore.ibias__t120                  1.12786
xc2.xcore.vss__t164                2.32755e-06
xc2.xcore.vss__t365                3.65096e-13
xc2.xcore.vss__t26                 2.15464e-06
xc2.xcore.ibias__t0                    1.12786
xc2.xcore.tail__t252                   1.56855
xc2.xcore.vss__t366                3.37974e-13
xc2.xcore.tail__t175                   1.56855
xc2.xcore.ibias__t97                   1.12786
xc2.xcore.vss__t152                1.98756e-06
xc2.xcore.vss__t367                3.11768e-13
xc2.xcore.vss__t42                 1.82792e-06
xc2.xcore.ibias__t78                   1.12786
xc2.xcore.tail__t268                   1.56855
xc2.xcore.vss__t368                2.86727e-13
xc2.xcore.tail__t164                   1.56855
xc2.xcore.ibias__t77                   1.12786
xc2.xcore.vss__t141                1.67783e-06
xc2.xcore.vss__t369                2.63185e-13
xc2.xcore.vss__t37                  1.5401e-06
xc2.xcore.ibias__t70                   1.12786
xc2.xcore.tail__t263                   1.56855
xc2.xcore.vss__t370                2.41582e-13
xc2.xcore.tail__t167                   1.56855
xc2.xcore.ibias__t82                   1.12786
xc2.xcore.vss__t144                1.41832e-06
xc2.xcore.vss__t371                2.22481e-13
xc2.xcore.vss__t39                 1.31694e-06
xc2.xcore.ibias__t72                   1.12786
xc2.xcore.tail__t265                   1.56855
xc2.xcore.vss__t372                2.06579e-13
xc2.xcore.tail__t162                   1.56856
xc2.xcore.ibias__t73                   1.12786
xc2.xcore.vss__t139                1.24096e-06
xc2.xcore.vss__t373                1.94662e-13
xc2.xcore.vss__t40                 1.19524e-06
xc2.xcore.ibias__t74                   1.12786
xc2.xcore.tail__t266                   1.56856
xc2.xcore.vss__t374                 1.8749e-13
xc2.xcore.tail__t163                   1.56856
xc2.xcore.ibias__t75                   1.12786
xc2.xcore.vss__t140                1.18329e-06
xc2.xcore.vss__t375                1.85616e-13
xc2.xcore.vss__t41                 1.20611e-06
xc2.xcore.ibias__t76                   1.12786
xc2.xcore.tail__t267                   1.56856
xc2.xcore.vss__t376                1.89197e-13
xc2.xcore.tail__t129                   1.56856
xc2.xcore.ibias__t9                    1.12786
xc2.xcore.vss__t107                1.26182e-06
xc2.xcore.vss__t377                1.97936e-13
xc2.xcore.vss__t6                  1.34634e-06
xc2.xcore.ibias__t8                    1.12786
xc2.xcore.tail__t232                   1.56856
xc2.xcore.vss__t378                2.11195e-13
xc2.xcore.tail__t128                   1.56856
xc2.xcore.ibias__t7                    1.12786
xc2.xcore.vss__t106                1.45465e-06
xc2.xcore.vss__t379                2.28187e-13
xc2.xcore.vss__t5                  1.58189e-06
xc2.xcore.ibias__t6                    1.12786
xc2.xcore.tail__t231                   1.56856
xc2.xcore.vss__t380                2.48147e-13
xc2.xcore.tail__t141                   1.56856
xc2.xcore.ibias__t31                   1.12786
xc2.xcore.vss__t119                1.72385e-06
xc2.xcore.vss__t381                2.70419e-13
xc2.xcore.vss__t4                  1.87721e-06
xc2.xcore.ibias__t5                    1.12786
xc2.xcore.tail__t230                   1.56856
xc2.xcore.vss__t382                2.94477e-13
xc2.xcore.tail__t158                   1.56856
xc2.xcore.ibias__t62                   1.12786
xc2.xcore.vss__t135                 2.0394e-06
xc2.xcore.vss__t383                 3.1992e-13
xc2.xcore.vss__t33                 2.20847e-06
xc2.xcore.ibias__t63                   1.12786
xc2.xcore.tail__t259                   1.56856
xc2.xcore.vss__t384                3.46443e-13
xc2.xcore.tail__t159                   1.56856
xc2.xcore.ibias__t64                   1.12786
xc2.xcore.vss__t136                2.38295e-06
xc2.xcore.vss__t385                3.73816e-13
xc2.xcore.vss__t34                 2.56174e-06
xc2.xcore.ibias__t65                   1.12786
xc2.xcore.tail__t260                   1.56856
xc2.xcore.vss__t386                4.01865e-13
xc2.xcore.tail__t160                   1.56856
xc2.xcore.ibias__t66                   1.12786
xc2.xcore.vss__t137                  2.744e-06
xc2.xcore.vss__t387                4.30458e-13
xc2.xcore.vss__t35                 2.92908e-06
xc2.xcore.ibias__t67                   1.12786
xc2.xcore.tail__t261                   1.56856
xc2.xcore.vss__t388                4.59494e-13
xc2.xcore.tail__t161                   1.56856
xc2.xcore.ibias__t68                   1.12786
xc2.xcore.vss__t138                3.11648e-06
xc2.xcore.vss__t389                4.88894e-13
xc2.xcore.vss__t36                 3.30581e-06
xc2.xcore.ibias__t69                   1.12786
xc2.xcore.tail__t262                   1.56856
xc2.xcore.vss__t390                5.18596e-13
xc2.xcore.tail__t130                   1.56856
xc2.xcore.ibias__t10                   1.12786
xc2.xcore.vss__t108                3.49674e-06
xc2.xcore.vss__t391                5.48551e-13
xc2.xcore.vss__t13                 3.68903e-06
xc2.xcore.ibias__t23                   1.12786
xc2.xcore.tail__t239                   1.56856
xc2.xcore.vss__t392                 5.7872e-13
xc2.xcore.tail__t137                   1.56856
xc2.xcore.ibias__t24                   1.12786
xc2.xcore.vss__t115                3.88249e-06
xc2.xcore.vss__t393                 6.0907e-13
xc2.xcore.vss__t14                 4.07693e-06
xc2.xcore.ibias__t25                   1.12786
xc2.xcore.tail__t240                   1.56856
xc2.xcore.vss__t394                6.39577e-13
xc2.xcore.tail__t138                   1.56856
xc2.xcore.ibias__t26                   1.12786
xc2.xcore.vss__t116                4.27224e-06
xc2.xcore.vss__t395                6.70218e-13
xc2.xcore.vss__t15                 4.46829e-06
xc2.xcore.ibias__t27                   1.12786
xc2.xcore.tail__t241                   1.56856
xc2.xcore.vss__t396                7.00976e-13
xc2.xcore.tail__t139                   1.56856
xc2.xcore.ibias__t28                   1.12786
xc2.xcore.vss__t117                4.66499e-06
xc2.xcore.vss__t397                7.31837e-13
xc2.xcore.vss__t16                 4.86226e-06
xc2.xcore.ibias__t29                   1.12786
xc2.xcore.tail__t242                   1.56856
xc2.xcore.vss__t398                7.62787e-13
xc2.xcore.tail__t140                   1.56856
xc2.xcore.ibias__t30                   1.12786
xc2.xcore.vss__t118                5.06004e-06
xc2.xcore.vss__t399                7.93815e-13
xc2.xcore.vss__t21                 5.25827e-06
xc2.xcore.ibias__t41                   1.12786
xc2.xcore.tail__t247                   1.56856
xc2.xcore.vss__t400                8.24913e-13
xc2.xcore.tail__t142                   1.56856
xc2.xcore.ibias__t32                   1.12786
xc2.xcore.vss__t120                5.45689e-06
xc2.xcore.vss__t401                8.56071e-13
xc2.xcore.vss__t17                 5.65588e-06
xc2.xcore.ibias__t33                   1.12786
xc2.xcore.tail__t243                   1.56856
xc2.xcore.vss__t402                8.87285e-13
xc2.xcore.tail__t143                   1.56856
xc2.xcore.ibias__t34                   1.12786
xc2.xcore.vss__t121                5.85518e-06
xc2.xcore.vss__t403                9.18548e-13
xc2.xcore.vss__t18                 6.05477e-06
xc2.xcore.ibias__t35                   1.12786
xc2.xcore.tail__t244                   1.56856
xc2.xcore.vss__t404                9.49856e-13
xc2.xcore.tail__t144                   1.56856
xc2.xcore.ibias__t36                   1.12786
xc2.xcore.vss__t122                6.25463e-06
xc2.xcore.vss__t405                9.81205e-13
xc2.xcore.vss__t19                 6.45472e-06
xc2.xcore.ibias__t37                   1.12786
xc2.xcore.tail__t245                   1.56856
xc2.xcore.vss__t406                1.01259e-12
xc2.xcore.tail__t145                   1.56856
xc2.xcore.ibias__t38                   1.12786
xc2.xcore.vss__t123                6.65502e-06
xc2.xcore.vss__t407                1.04401e-12
xc2.xcore.vss__t20                 6.85553e-06
xc2.xcore.ibias__t39                   1.12786
xc2.xcore.tail__t246                   1.56856
xc2.xcore.vss__t408                1.07546e-12
xc2.xcore.tail__t146                   1.56856
xc2.xcore.ibias__t40                   1.12786
xc2.xcore.vss__t124                7.05621e-06
xc2.xcore.vss__t409                1.10694e-12
xc2.xcore.vss__t8                  7.25706e-06
xc2.xcore.ibias__t12                   1.12786
xc2.xcore.tail__t234                   1.56856
xc2.xcore.vss__t410                1.13844e-12
xc2.xcore.tail__t135                   1.56856
xc2.xcore.ibias__t21                   1.12786
xc2.xcore.vss__t113                7.45806e-06
xc2.xcore.vss__t411                1.16997e-12
xc2.xcore.vss__t9                  7.65919e-06
xc2.xcore.ibias__t13                   1.12786
xc2.xcore.tail__t235                   1.56856
xc2.xcore.vss__t412                1.20151e-12
xc2.xcore.tail__t131                   1.56856
xc2.xcore.ibias__t14                   1.12786
xc2.xcore.vss__t109                7.86046e-06
xc2.xcore.vss__t413                1.23308e-12
xc2.xcore.vss__t10                 8.06185e-06
xc2.xcore.ibias__t15                   1.12786
xc2.xcore.tail__t236                   1.56856
xc2.xcore.vss__t414                1.26467e-12
xc2.xcore.tail__t134                   1.56856
xc2.xcore.ibias__t20                   1.12786
xc2.xcore.vss__t112                8.26335e-06
xc2.xcore.vss__t415                1.29627e-12
xc2.xcore.vss__t12                 8.46495e-06
xc2.xcore.ibias__t19                   1.12786
xc2.xcore.tail__t238                   1.56856
xc2.xcore.vss__t416                1.32789e-12
xc2.xcore.tail__t133                   1.56856
xc2.xcore.ibias__t18                   1.12786
xc2.xcore.vss__t111                8.66664e-06
xc2.xcore.vss__t417                1.35953e-12
xc2.xcore.vss__t11                 8.86842e-06
xc2.xcore.ibias__t17                   1.12786
xc2.xcore.tail__t237                   1.56856
xc2.xcore.vss__t418                1.39117e-12
xc2.xcore.tail__t132                   1.56856
xc2.xcore.ibias__t16                   1.12786
xc2.xcore.vss__t110                9.07029e-06
xc2.xcore.vss__t419                1.42283e-12
xc2.xcore.vss__t7                  9.27223e-06
xc2.xcore.ibias__t11                   1.12786
xc2.xcore.tail__t233                   1.56856
xc2.xcore.vss__t420                1.45451e-12
xc2.xcore.tail__t136                   1.56856
xc2.xcore.ibias__t22                   1.12786
xc2.xcore.vss__t114                9.47425e-06
xc2.xcore.vss__t421                1.48619e-12
xc2.xcore.vss__t23                 9.67633e-06
xc2.xcore.ibias__t45                   1.12786
xc2.xcore.tail__t249                   1.56856
xc2.xcore.vss__t422                1.51788e-12
xc2.xcore.tail__t150                   1.56856
xc2.xcore.ibias__t46                   1.12786
xc2.xcore.vss__t127                9.87848e-06
xc2.xcore.vss__t423                1.54959e-12
xc2.xcore.vss__t24                 1.00807e-05
xc2.xcore.ibias__t47                   1.12786
xc2.xcore.tail__t250                   1.56856
xc2.xcore.vss__t424                 1.5813e-12
xc2.xcore.tail__t151                   1.56856
xc2.xcore.ibias__t48                   1.12786
xc2.xcore.vss__t128                 1.0283e-05
xc2.xcore.vss__t425                1.61302e-12
xc2.xcore.vss__t25                 1.04853e-05
xc2.xcore.ibias__t49                   1.12786
xc2.xcore.tail__t251                   1.56856
xc2.xcore.vss__t426                1.64475e-12
xc2.xcore.tail__t152                   1.56855
xc2.xcore.ibias__t50                   1.12786
xc2.xcore.vss__t129                1.06876e-05
xc2.xcore.vss__t427                1.67649e-12
xc2.xcore.vss__t32                   1.089e-05
xc2.xcore.ibias__t61                   1.12786
xc2.xcore.tail__t258                   1.56855
xc2.xcore.vss__t428                1.70823e-12
xc2.xcore.tail__t153                   1.56855
xc2.xcore.ibias__t51                   1.12786
xc2.xcore.vss__t130                1.10925e-05
xc2.xcore.vss__t429                1.73998e-12
xc2.xcore.vss__t27                  1.1295e-05
xc2.xcore.ibias__t52                   1.12786
xc2.xcore.tail__t253                   1.56855
xc2.xcore.vss__t430                1.77174e-12
xc2.xcore.tail__t154                   1.56855
xc2.xcore.ibias__t53                   1.12786
xc2.xcore.vss__t131                1.14975e-05
xc2.xcore.vss__t431                 1.8035e-12
xc2.xcore.vss__t28                 1.17001e-05
xc2.xcore.ibias__t54                   1.12786
xc2.xcore.tail__t254                   1.56855
xc2.xcore.vss__t432                1.83527e-12
xc2.xcore.tail__t155                   1.56855
xc2.xcore.ibias__t55                   1.12786
xc2.xcore.vss__t132                1.19027e-05
xc2.xcore.vss__t433                1.86704e-12
xc2.xcore.vss__t29                 1.21054e-05
xc2.xcore.ibias__t56                   1.12786
xc2.xcore.tail__t255                   1.56855
xc2.xcore.vss__t434                1.89882e-12
xc2.xcore.tail__t156                   1.56855
xc2.xcore.ibias__t57                   1.12786
xc2.xcore.vss__t133                1.23081e-05
xc2.xcore.vss__t435                1.93061e-12
xc2.xcore.vss__t30                 1.25108e-05
xc2.xcore.ibias__t58                   1.12786
xc2.xcore.tail__t256                   1.56855
xc2.xcore.vss__t436                 1.9624e-12
xc2.xcore.tail__t157                   1.56855
xc2.xcore.ibias__t59                   1.12786
xc2.xcore.vss__t134                1.27135e-05
xc2.xcore.vss__t437                1.99419e-12
xc2.xcore.vss__t31                 1.29163e-05
xc2.xcore.ibias__t60                   1.12786
xc2.xcore.tail__t257                   1.56855
xc2.xcore.vss__t438                2.02598e-12
xc2.xcore.tail__t211                   1.56855
xc2.xcore.ibias__t176                  1.12786
xc2.xcore.vss__t193                1.31191e-05
xc2.xcore.vss__t439                2.05779e-12
xc2.xcore.vss__t88                 1.33219e-05
xc2.xcore.ibias__t175                  1.12786
xc2.xcore.tail__t311                   1.56855
xc2.xcore.vss__t440                2.08959e-12
xc2.xcore.tail__t165                   1.56855
xc2.xcore.ibias__t79                   1.12786
xc2.xcore.vss__t142                1.35247e-05
xc2.xcore.vss__t441                 2.1214e-12
xc2.xcore.vss__t43                 1.37276e-05
xc2.xcore.ibias__t80                   1.12786
xc2.xcore.tail__t269                   1.56855
xc2.xcore.vss__t442                2.15321e-12
xc2.xcore.tail__t166                   1.56855
xc2.xcore.ibias__t81                   1.12786
xc2.xcore.vss__t143                1.39305e-05
xc2.xcore.vss__t443                2.18502e-12
xc2.xcore.vss__t38                 1.41334e-05
xc2.xcore.ibias__t71                   1.12786
xc2.xcore.tail__t264                   1.56855
xc2.xcore.vss__t444                2.21684e-12
xc2.xcore.tail__t147                   1.56855
xc2.xcore.ibias__t42                   1.12786
xc2.xcore.vss__t125                1.43363e-05
xc2.xcore.vss__t445                2.24866e-12
xc2.xcore.vss__t22                 1.45393e-05
xc2.xcore.ibias__t43                   1.12786
xc2.xcore.tail__t248                   1.56855
xc2.xcore.vss__t446                2.28048e-12
xc2.xcore.tail__t148                   1.56855
xc2.xcore.ibias__t44                   1.12786
xc2.xcore.vss__t126                1.47422e-05
xc2.xcore.vss__t447                2.31231e-12
xc2.xcore.vss__t0                  1.49452e-05
xc2.xcore.ibias__t1                    1.12786
xc2.xcore.tail__t149                   1.56855
xc2.xcore.vss__t456                2.34414e-12
xc2.xcore.tail__t229                   1.56851
xc2.xcore.ibias__t2                    1.12786
xc2.xcore.vss__t1                  2.56535e-05
xc2.xcore.vss__t458                  4.022e-12
xc2.xcore.vss__t189                2.54501e-05
xc2.xcore.ibias__t170                  1.12786
xc2.xcore.tail__t228                   1.56851
xc2.xcore.vss__t250                3.99012e-12
xc2.xcore.tail__t209                   1.56851
xc2.xcore.ibias__t169                  1.12786
xc2.xcore.vss__t188                2.52467e-05
xc2.xcore.vss__t251                3.95825e-12
xc2.xcore.vss__t86                 2.50433e-05
xc2.xcore.ibias__t168                  1.12786
xc2.xcore.tail__t309                   1.56852
xc2.xcore.vss__t252                3.92638e-12
xc2.xcore.tail__t208                   1.56852
xc2.xcore.ibias__t167                  1.12786
xc2.xcore.vss__t187                2.48399e-05
xc2.xcore.vss__t253                3.89451e-12
xc2.xcore.vss__t85                 2.46365e-05
xc2.xcore.ibias__t166                  1.12786
xc2.xcore.tail__t308                   1.56852
xc2.xcore.vss__t254                3.86264e-12
xc2.xcore.tail__t207                   1.56852
xc2.xcore.ibias__t165                  1.12786
xc2.xcore.vss__t186                2.44332e-05
xc2.xcore.vss__t255                3.83077e-12
xc2.xcore.vss__t84                 2.42298e-05
xc2.xcore.ibias__t164                  1.12786
xc2.xcore.tail__t307                   1.56852
xc2.xcore.vss__t256                 3.7989e-12
xc2.xcore.tail__t210                   1.56852
xc2.xcore.ibias__t173                  1.12786
xc2.xcore.vss__t191                2.40264e-05
xc2.xcore.vss__t257                3.76703e-12
xc2.xcore.vss__t87                 2.38231e-05
xc2.xcore.ibias__t172                  1.12786
xc2.xcore.tail__t310                   1.56852
xc2.xcore.vss__t258                3.73516e-12
xc2.xcore.tail__t219                   1.56852
xc2.xcore.ibias__t195                  1.12786
xc2.xcore.vss__t201                2.36197e-05
xc2.xcore.vss__t259                 3.7033e-12
xc2.xcore.vss__t99                 2.34163e-05
xc2.xcore.ibias__t194                  1.12786
xc2.xcore.tail__t321                   1.56852
xc2.xcore.vss__t260                3.67143e-12
xc2.xcore.tail__t227                   1.56852
xc2.xcore.ibias__t209                  1.12786
xc2.xcore.vss__t209                 2.3213e-05
xc2.xcore.vss__t261                3.63956e-12
xc2.xcore.vss__t97                 2.30096e-05
xc2.xcore.ibias__t192                  1.12786
xc2.xcore.tail__t319                   1.56852
xc2.xcore.vss__t262                3.60769e-12
xc2.xcore.tail__t218                   1.56852
xc2.xcore.ibias__t191                  1.12786
xc2.xcore.vss__t200                2.28063e-05
xc2.xcore.vss__t263                3.57582e-12
xc2.xcore.vss__t96                  2.2603e-05
xc2.xcore.ibias__t190                  1.12786
xc2.xcore.tail__t318                   1.56852
xc2.xcore.vss__t264                3.54396e-12
xc2.xcore.tail__t217                   1.56852
xc2.xcore.ibias__t189                  1.12786
xc2.xcore.vss__t199                2.23996e-05
xc2.xcore.vss__t265                3.51209e-12
xc2.xcore.vss__t95                 2.21963e-05
xc2.xcore.ibias__t188                  1.12786
xc2.xcore.tail__t317                   1.56852
xc2.xcore.vss__t266                3.48022e-12
xc2.xcore.tail__t216                   1.56852
xc2.xcore.ibias__t187                  1.12786
xc2.xcore.vss__t198                 2.1993e-05
xc2.xcore.vss__t267                3.44836e-12
xc2.xcore.vss__t94                 2.17897e-05
xc2.xcore.ibias__t186                  1.12786
xc2.xcore.tail__t316                   1.56852
xc2.xcore.vss__t268                3.41649e-12
xc2.xcore.tail__t215                   1.56852
xc2.xcore.ibias__t185                  1.12786
xc2.xcore.vss__t197                2.15863e-05
xc2.xcore.vss__t269                3.38463e-12
xc2.xcore.vss__t93                  2.1383e-05
xc2.xcore.ibias__t184                  1.12786
xc2.xcore.tail__t315                   1.56852
xc2.xcore.vss__t270                3.35277e-12
xc2.xcore.tail__t214                   1.56852
xc2.xcore.ibias__t183                  1.12786
xc2.xcore.vss__t196                2.11797e-05
xc2.xcore.vss__t271                 3.3209e-12
xc2.xcore.vss__t92                 2.09764e-05
xc2.xcore.ibias__t182                  1.12786
xc2.xcore.tail__t314                   1.56852
xc2.xcore.vss__t272                3.28904e-12
xc2.xcore.tail__t213                   1.56852
xc2.xcore.ibias__t181                  1.12786
xc2.xcore.vss__t195                2.07731e-05
xc2.xcore.vss__t273                3.25718e-12
xc2.xcore.vss__t91                 2.05699e-05
xc2.xcore.ibias__t180                  1.12786
xc2.xcore.tail__t313                   1.56852
xc2.xcore.vss__t274                3.22532e-12
xc2.xcore.tail__t212                   1.56852
xc2.xcore.ibias__t179                  1.12786
xc2.xcore.vss__t194                2.03666e-05
xc2.xcore.vss__t275                3.19346e-12
xc2.xcore.vss__t90                 2.01633e-05
xc2.xcore.ibias__t178                  1.12786
xc2.xcore.tail__t312                   1.56852
xc2.xcore.vss__t276                 3.1616e-12
xc2.xcore.tail__t206                   1.56852
xc2.xcore.ibias__t161                  1.12786
xc2.xcore.vss__t184                  1.996e-05
xc2.xcore.vss__t277                3.12974e-12
xc2.xcore.vss__t57                 1.97568e-05
xc2.xcore.ibias__t112                  1.12786
xc2.xcore.tail__t283                   1.56852
xc2.xcore.vss__t278                3.09788e-12
xc2.xcore.tail__t183                   1.56852
xc2.xcore.ibias__t111                  1.12786
xc2.xcore.vss__t160                1.95535e-05
xc2.xcore.vss__t279                3.06602e-12
xc2.xcore.vss__t56                 1.93503e-05
xc2.xcore.ibias__t110                  1.12786
xc2.xcore.tail__t282                   1.56852
xc2.xcore.vss__t280                3.03417e-12
xc2.xcore.tail__t182                   1.56852
xc2.xcore.ibias__t109                  1.12786
xc2.xcore.vss__t159                 1.9147e-05
xc2.xcore.vss__t281                3.00231e-12
xc2.xcore.vss__t55                 1.89438e-05
xc2.xcore.ibias__t108                  1.12786
xc2.xcore.tail__t281                   1.56853
xc2.xcore.vss__t282                2.97046e-12
xc2.xcore.tail__t181                   1.56853
xc2.xcore.ibias__t107                  1.12786
xc2.xcore.vss__t158                1.87406e-05
xc2.xcore.vss__t283                 2.9386e-12
xc2.xcore.vss__t54                 1.85374e-05
xc2.xcore.ibias__t106                  1.12786
xc2.xcore.tail__t280                   1.56853
xc2.xcore.vss__t284                2.90675e-12
xc2.xcore.tail__t180                   1.56853
xc2.xcore.ibias__t105                  1.12786
xc2.xcore.vss__t157                1.83342e-05
xc2.xcore.vss__t285                 2.8749e-12
xc2.xcore.vss__t53                  1.8131e-05
xc2.xcore.ibias__t104                  1.12786
xc2.xcore.tail__t279                   1.56853
xc2.xcore.vss__t286                2.84305e-12
xc2.xcore.tail__t205                   1.56853
xc2.xcore.ibias__t156                  1.12786
xc2.xcore.vss__t182                1.79278e-05
xc2.xcore.vss__t287                 2.8112e-12
xc2.xcore.vss__t79                 1.77246e-05
xc2.xcore.ibias__t155                  1.12786
xc2.xcore.tail__t305                   1.56853
xc2.xcore.vss__t288                2.77935e-12
xc2.xcore.tail__t204                   1.56853
xc2.xcore.ibias__t154                  1.12786
xc2.xcore.vss__t181                1.75214e-05
xc2.xcore.vss__t289                 2.7475e-12
xc2.xcore.vss__t78                 1.73183e-05
xc2.xcore.ibias__t153                  1.12786
xc2.xcore.tail__t304                   1.56853
xc2.xcore.vss__t290                2.71566e-12
xc2.xcore.tail__t203                   1.56853
xc2.xcore.ibias__t152                  1.12786
xc2.xcore.vss__t180                1.71151e-05
xc2.xcore.vss__t291                2.68382e-12
xc2.xcore.vss__t77                  1.6912e-05
xc2.xcore.ibias__t151                  1.12786
xc2.xcore.tail__t303                   1.56853
xc2.xcore.vss__t292                2.65197e-12
xc2.xcore.tail__t202                   1.56853
xc2.xcore.ibias__t150                  1.12786
xc2.xcore.vss__t179                1.67089e-05
xc2.xcore.vss__t293                2.62013e-12
xc2.xcore.vss__t76                 1.65058e-05
xc2.xcore.ibias__t149                  1.12786
xc2.xcore.tail__t302                   1.56853
xc2.xcore.vss__t294                2.58829e-12
xc2.xcore.tail__t201                   1.56853
xc2.xcore.ibias__t148                  1.12786
xc2.xcore.vss__t178                1.63027e-05
xc2.xcore.vss__t295                2.55646e-12
xc2.xcore.vss__t75                 1.60996e-05
xc2.xcore.ibias__t147                  1.12786
xc2.xcore.tail__t301                   1.56853
xc2.xcore.vss__t296                2.52462e-12
xc2.xcore.tail__t200                   1.56853
xc2.xcore.ibias__t146                  1.12786
xc2.xcore.vss__t177                1.58965e-05
xc2.xcore.vss__t297                2.49279e-12
xc2.xcore.vss__t98                 1.56935e-05
xc2.xcore.ibias__t193                  1.12786
xc2.xcore.tail__t320                   1.56853
xc2.xcore.vss__t298                2.46095e-12
xc2.xcore.tail__t226                   1.56853
xc2.xcore.ibias__t208                  1.12786
xc2.xcore.vss__t208                1.54904e-05
xc2.xcore.vss__t299                2.42912e-12
xc2.xcore.vss__t105                1.52874e-05
xc2.xcore.ibias__t207                  1.12786
xc2.xcore.tail__t327                   1.56853
xc2.xcore.vss__t300                 2.3973e-12
xc2.xcore.tail__t225                   1.56853
xc2.xcore.ibias__t206                  1.12786
xc2.xcore.vss__t207                1.50844e-05
xc2.xcore.vss__t301                2.36547e-12
xc2.xcore.vss__t104                1.48814e-05
xc2.xcore.ibias__t205                  1.12786
xc2.xcore.tail__t326                   1.56853
xc2.xcore.vss__t302                2.33365e-12
xc2.xcore.tail__t224                   1.56853
xc2.xcore.ibias__t204                  1.12786
xc2.xcore.vss__t206                1.46784e-05
xc2.xcore.vss__t303                2.30183e-12
xc2.xcore.vss__t103                1.44754e-05
xc2.xcore.ibias__t203                  1.12786
xc2.xcore.tail__t325                   1.56853
xc2.xcore.vss__t304                2.27001e-12
xc2.xcore.tail__t223                   1.56853
xc2.xcore.ibias__t202                  1.12786
xc2.xcore.vss__t205                1.42725e-05
xc2.xcore.vss__t305                2.23819e-12
xc2.xcore.vss__t102                1.40696e-05
xc2.xcore.ibias__t201                  1.12786
xc2.xcore.tail__t324                   1.56853
xc2.xcore.vss__t306                2.20638e-12
xc2.xcore.tail__t222                   1.56853
xc2.xcore.ibias__t200                  1.12786
xc2.xcore.vss__t204                1.38667e-05
xc2.xcore.vss__t307                2.17457e-12
xc2.xcore.vss__t101                1.36638e-05
xc2.xcore.ibias__t199                  1.12786
xc2.xcore.tail__t323                   1.56853
xc2.xcore.vss__t308                2.14276e-12
xc2.xcore.tail__t221                   1.56853
xc2.xcore.ibias__t198                  1.12786
xc2.xcore.vss__t203                1.34609e-05
xc2.xcore.vss__t309                2.11096e-12
xc2.xcore.vss__t100                1.32581e-05
xc2.xcore.ibias__t197                  1.12786
xc2.xcore.tail__t322                   1.56853
xc2.xcore.vss__t310                2.07916e-12
xc2.xcore.tail__t220                   1.56853
xc2.xcore.ibias__t196                  1.12786
xc2.xcore.vss__t202                1.30553e-05
xc2.xcore.vss__t311                2.04736e-12
xc2.xcore.vss__t80                 1.28525e-05
xc2.xcore.ibias__t157                  1.12786
xc2.xcore.tail__t306                   1.56854
xc2.xcore.vss__t312                2.01557e-12
xc2.xcore.tail__t185                   1.56854
xc2.xcore.ibias__t116                  1.12786
xc2.xcore.vss__t162                1.26497e-05
xc2.xcore.vss__t313                1.98378e-12
xc2.xcore.vss__t59                  1.2447e-05
xc2.xcore.ibias__t115                  1.12786
xc2.xcore.tail__t285                   1.56854
xc2.xcore.vss__t314                  1.952e-12
xc2.xcore.tail__t184                   1.56854
xc2.xcore.ibias__t114                  1.12786
xc2.xcore.vss__t161                1.22443e-05
xc2.xcore.vss__t315                1.92022e-12
xc2.xcore.vss__t71                 1.20416e-05
xc2.xcore.ibias__t139                  1.12786
xc2.xcore.tail__t297                   1.56854
xc2.xcore.vss__t316                1.88844e-12
xc2.xcore.tail__t196                   1.56854
xc2.xcore.ibias__t138                  1.12786
xc2.xcore.vss__t173                 1.1839e-05
xc2.xcore.vss__t317                1.85667e-12
xc2.xcore.vss__t70                 1.16364e-05
xc2.xcore.ibias__t137                  1.12786
xc2.xcore.tail__t296                   1.56854
xc2.xcore.vss__t318                 1.8249e-12
xc2.xcore.tail__t195                   1.56854
xc2.xcore.ibias__t136                  1.12786
xc2.xcore.vss__t172                1.14338e-05
xc2.xcore.vss__t319                1.79314e-12
xc2.xcore.vss__t69                 1.12313e-05
xc2.xcore.ibias__t135                  1.12786
xc2.xcore.tail__t295                   1.56854
xc2.xcore.vss__t320                1.76139e-12
xc2.xcore.tail__t194                   1.56854
xc2.xcore.ibias__t134                  1.12786
xc2.xcore.vss__t171                1.10288e-05
xc2.xcore.vss__t321                1.72964e-12
xc2.xcore.vss__t61                 1.08264e-05
xc2.xcore.ibias__t119                  1.12786
xc2.xcore.tail__t287                   1.56854
xc2.xcore.vss__t322                 1.6979e-12
xc2.xcore.tail__t179                   1.56854
xc2.xcore.ibias__t103                  1.12786
xc2.xcore.vss__t156                 1.0624e-05
xc2.xcore.vss__t323                1.66616e-12
xc2.xcore.vss__t48                 1.04216e-05
xc2.xcore.ibias__t92                   1.12786
xc2.xcore.tail__t274                   1.56854
xc2.xcore.vss__t324                1.63443e-12
xc2.xcore.tail__t178                   1.56854
xc2.xcore.ibias__t102                  1.12786
xc2.xcore.vss__t155                1.02193e-05
xc2.xcore.vss__t325                1.60271e-12
xc2.xcore.vss__t52                 1.00171e-05
xc2.xcore.ibias__t101                  1.12786
xc2.xcore.tail__t278                   1.56854
xc2.xcore.vss__t326                  1.571e-12
xc2.xcore.tail__t177                   1.56854
xc2.xcore.ibias__t100                  1.12786
xc2.xcore.vss__t154                9.81488e-06
xc2.xcore.vss__t327                 1.5393e-12
xc2.xcore.vss__t51                 9.61276e-06
xc2.xcore.ibias__t99                   1.12786
xc2.xcore.tail__t277                   1.56854
xc2.xcore.vss__t328                1.50761e-12
xc2.xcore.tail__t176                   1.56854
xc2.xcore.ibias__t98                   1.12786
xc2.xcore.vss__t153                9.41069e-06
xc2.xcore.vss__t329                1.47592e-12
xc2.xcore.vss__t58                  9.2087e-06
xc2.xcore.ibias__t113                  1.12786
xc2.xcore.tail__t284                   1.56854
xc2.xcore.vss__t330                1.44425e-12
xc2.xcore.tail__t174                   1.56854
xc2.xcore.ibias__t96                   1.12786
xc2.xcore.vss__t151                9.00678e-06
xc2.xcore.vss__t331                1.41259e-12
xc2.xcore.vss__t50                 8.80494e-06
xc2.xcore.ibias__t95                   1.12786
xc2.xcore.tail__t276                   1.56854
xc2.xcore.vss__t332                1.38094e-12
xc2.xcore.tail__t173                   1.56854
xc2.xcore.ibias__t94                   1.12786
xc2.xcore.vss__t150                8.60318e-06
xc2.xcore.vss__t333                 1.3493e-12
xc2.xcore.vss__t49                 8.40152e-06
xc2.xcore.ibias__t93                   1.12786
xc2.xcore.tail__t275                   1.56854
xc2.xcore.vss__t334                1.31768e-12
xc2.xcore.tail__t172                   1.56854
xc2.xcore.ibias__t91                   1.12786
xc2.xcore.vss__t149                8.19995e-06
xc2.xcore.vss__t335                1.28607e-12
xc2.xcore.vss__t47                 7.99849e-06
xc2.xcore.ibias__t90                   1.12786
xc2.xcore.tail__t273                   1.56854
xc2.xcore.vss__t336                1.25448e-12
xc2.xcore.tail__t171                   1.56854
xc2.xcore.ibias__t89                   1.12786
xc2.xcore.vss__t148                7.79714e-06
xc2.xcore.vss__t337                 1.2229e-12
xc2.xcore.vss__t46                 7.59591e-06
xc2.xcore.ibias__t88                   1.12786
xc2.xcore.tail__t272                   1.56854
xc2.xcore.vss__t338                1.19135e-12
xc2.xcore.tail__t170                   1.56854
xc2.xcore.ibias__t87                   1.12786
xc2.xcore.vss__t147                7.39481e-06
xc2.xcore.vss__t339                1.15981e-12
xc2.xcore.vss__t45                 7.19386e-06
xc2.xcore.ibias__t86                   1.12786
xc2.xcore.tail__t271                   1.56854
xc2.xcore.vss__t340                 1.1283e-12
xc2.xcore.tail__t169                   1.56854
xc2.xcore.ibias__t85                   1.12786
xc2.xcore.vss__t146                6.99306e-06
xc2.xcore.vss__t341                1.09681e-12
xc2.xcore.vss__t44                 6.79243e-06
xc2.xcore.ibias__t84                   1.12786
xc2.xcore.tail__t270                   1.56855
xc2.xcore.vss__t342                1.06535e-12
xc2.xcore.tail__t168                   1.56855
xc2.xcore.ibias__t83                   1.12786
xc2.xcore.vss__t145                6.59199e-06
xc2.xcore.vss__t343                1.03391e-12
xc2.xcore.vss__t66                 6.39175e-06
xc2.xcore.ibias__t129                  1.12786
xc2.xcore.tail__t292                   1.56855
xc2.xcore.vss__t344                1.00251e-12
xc2.xcore.tail__t199                   1.56855
xc2.xcore.ibias__t144                  1.12786
xc2.xcore.vss__t176                6.19173e-06
xc2.xcore.vss__t345                9.71142e-13
xc2.xcore.vss__t73                 5.99196e-06
xc2.xcore.ibias__t143                  1.12786
xc2.xcore.tail__t299                   1.56855
xc2.xcore.vss__t346                9.39812e-13
xc2.xcore.tail__t198                   1.56855
xc2.xcore.ibias__t142                  1.12786
xc2.xcore.vss__t175                5.79245e-06
xc2.xcore.vss__t347                9.08525e-13
xc2.xcore.vss__t72                 5.59325e-06
xc2.xcore.ibias__t141                  1.12786
xc2.xcore.tail__t298                   1.56855
xc2.xcore.vss__t348                8.77284e-13
xc2.xcore.outp__t53                    2.79079
xc2.xcore.inp__t1                       3.0855
xc2.xcore.tail__t0                     1.56862
xc2.xcore.vss__t460                1.39766e-12
xc2.xcore.tail__t119                   1.56862
xc2.xcore.inp__t53                      3.0855
xc2.xcore.outp__t52                    2.79079
xc2.xcore.vss__t462                1.41089e-12
xc2.xcore.outp__t46                    2.79079
xc2.xcore.inp__t52                      3.0855
xc2.xcore.tail__t118                   1.56862
xc2.xcore.vss__t463                1.42413e-12
xc2.xcore.tail__t58                    1.56862
xc2.xcore.inp__t61                      3.0855
xc2.xcore.outp__t82                    2.79079
xc2.xcore.vss__t464                1.43736e-12
xc2.xcore.outp__t30                    2.79078
xc2.xcore.inp__t24                      3.0855
xc2.xcore.tail__t98                    1.56862
xc2.xcore.vss__t465                 1.4506e-12
xc2.xcore.tail__t38                    1.56863
xc2.xcore.inp__t23                      3.0855
xc2.xcore.outp__t64                    2.79078
xc2.xcore.vss__t466                1.46384e-12
xc2.xcore.outp__t29                    2.79078
xc2.xcore.inp__t22                      3.0855
xc2.xcore.tail__t97                    1.56863
xc2.xcore.vss__t467                1.47708e-12
xc2.xcore.tail__t37                    1.56863
xc2.xcore.inp__t21                      3.0855
xc2.xcore.outp__t63                    2.79078
xc2.xcore.vss__t468                1.49031e-12
xc2.xcore.outp__t28                    2.79078
xc2.xcore.inp__t20                      3.0855
xc2.xcore.tail__t96                    1.56863
xc2.xcore.vss__t469                1.50355e-12
xc2.xcore.tail__t36                    1.56863
xc2.xcore.inp__t19                      3.0855
xc2.xcore.outp__t62                    2.79078
xc2.xcore.vss__t470                1.51679e-12
xc2.xcore.outp__t27                    2.79077
xc2.xcore.inp__t18                      3.0855
xc2.xcore.tail__t95                    1.56863
xc2.xcore.vss__t471                1.53003e-12
xc2.xcore.tail__t35                    1.56863
xc2.xcore.inp__t17                      3.0855
xc2.xcore.outp__t61                    2.79077
xc2.xcore.vss__t472                1.54327e-12
xc2.xcore.outp__t26                    2.79077
xc2.xcore.inp__t16                      3.0855
xc2.xcore.tail__t94                    1.56863
xc2.xcore.vss__t473                1.55652e-12
xc2.xcore.tail__t33                    1.56863
xc2.xcore.inp__t15                      3.0855
xc2.xcore.outp__t60                    2.79077
xc2.xcore.vss__t474                1.56976e-12
xc2.xcore.outp__t47                    2.79077
xc2.xcore.inp__t54                      3.0855
xc2.xcore.tail__t120                   1.56863
xc2.xcore.vss__t475                  1.583e-12
xc2.xcore.tail__t54                    1.56863
xc2.xcore.inp__t55                      3.0855
xc2.xcore.outp__t78                    2.79077
xc2.xcore.vss__t476                1.59624e-12
xc2.xcore.outp__t51                    2.79076
xc2.xcore.inp__t63                      3.0855
xc2.xcore.tail__t126                   1.56863
xc2.xcore.vss__t477                1.60948e-12
xc2.xcore.tail__t57                    1.56864
xc2.xcore.inp__t60                      3.0855
xc2.xcore.outp__t81                    2.79076
xc2.xcore.vss__t478                1.62273e-12
xc2.xcore.outp__t49                    2.79076
xc2.xcore.inp__t59                      3.0855
xc2.xcore.tail__t122                   1.56864
xc2.xcore.vss__t479                1.63597e-12
xc2.xcore.tail__t56                    1.56864
xc2.xcore.inp__t58                      3.0855
xc2.xcore.outp__t80                    2.79076
xc2.xcore.vss__t480                1.64922e-12
xc2.xcore.outp__t48                    2.79076
xc2.xcore.inp__t57                      3.0855
xc2.xcore.tail__t121                   1.56864
xc2.xcore.vss__t481                1.66246e-12
xc2.xcore.tail__t55                    1.56864
xc2.xcore.inp__t56                      3.0855
xc2.xcore.outp__t79                    2.79076
xc2.xcore.vss__t482                 1.6757e-12
xc2.xcore.outp__t24                    2.79075
xc2.xcore.inp__t11                      3.0855
xc2.xcore.tail__t92                    1.56864
xc2.xcore.vss__t483                1.68895e-12
xc2.xcore.tail__t30                    1.56864
xc2.xcore.inp__t10                      3.0855
xc2.xcore.outp__t57                    2.79075
xc2.xcore.vss__t484                 1.7022e-12
xc2.xcore.outp__t23                    2.79075
xc2.xcore.inp__t9                       3.0855
xc2.xcore.tail__t88                    1.56864
xc2.xcore.vss__t485                1.71544e-12
xc2.xcore.tail__t32                    1.56864
xc2.xcore.inp__t14                      3.0855
xc2.xcore.outp__t59                    2.79075
xc2.xcore.vss__t486                1.72869e-12
xc2.xcore.outp__t25                    2.79075
xc2.xcore.inp__t13                      3.0855
xc2.xcore.tail__t93                    1.56864
xc2.xcore.vss__t487                1.74193e-12
xc2.xcore.tail__t60                    1.56864
xc2.xcore.inp__t0                       3.0855
xc2.xcore.outp__t83                    2.79075
xc2.xcore.vss__t488                1.75518e-12
xc2.xcore.outp__t50                    2.79074
xc2.xcore.inp__t62                      3.0855
xc2.xcore.tail__t123                   1.56864
xc2.xcore.vss__t489                1.76843e-12
xc2.xcore.tail__t42                    1.56864
xc2.xcore.inp__t29                      3.0855
xc2.xcore.outp__t67                    2.79074
xc2.xcore.vss__t490                1.78168e-12
xc2.xcore.outp__t32                    2.79074
xc2.xcore.inp__t28                      3.0855
xc2.xcore.tail__t102                   1.56865
xc2.xcore.vss__t491                1.79492e-12
xc2.xcore.tail__t41                    1.56865
xc2.xcore.inp__t27                      3.0855
xc2.xcore.outp__t66                    2.79074
xc2.xcore.vss__t492                1.80817e-12
xc2.xcore.outp__t31                    2.79074
xc2.xcore.inp__t26                      3.0855
xc2.xcore.tail__t101                   1.56865
xc2.xcore.vss__t493                1.82142e-12
xc2.xcore.tail__t40                    1.56865
xc2.xcore.inp__t25                      3.0855
xc2.xcore.outp__t65                    2.79074
xc2.xcore.vss__t494                1.83467e-12
xc2.xcore.outp__t20                    2.79074
xc2.xcore.inp__t4                       3.0855
xc2.xcore.tail__t74                    1.56865
xc2.xcore.vss__t495                1.84792e-12
xc2.xcore.tail__t14                    1.56865
xc2.xcore.inp__t3                       3.0855
xc2.xcore.outp__t54                    2.79073
xc2.xcore.vss__t496                1.86117e-12
xc2.xcore.outp__t22                    2.79073
xc2.xcore.inp__t7                       3.0855
xc2.xcore.tail__t76                    1.56865
xc2.xcore.vss__t497                1.87442e-12
xc2.xcore.tail__t16                    1.56865
xc2.xcore.inp__t6                       3.0855
xc2.xcore.outp__t55                    2.79073
xc2.xcore.vss__t498                1.88767e-12
xc2.xcore.outp__t21                    2.79073
xc2.xcore.inp__t5                       3.0855
xc2.xcore.tail__t75                    1.56865
xc2.xcore.vss__t499                1.90092e-12
xc2.xcore.tail__t19                    1.56865
xc2.xcore.inp__t8                       3.0855
xc2.xcore.outp__t56                    2.79073
xc2.xcore.vss__t500                1.91417e-12
xc2.xcore.outp__t45                    2.79073
xc2.xcore.inp__t50                      3.0855
xc2.xcore.tail__t116                   1.56865
xc2.xcore.vss__t501                1.92742e-12
xc2.xcore.tail__t51                    1.56865
xc2.xcore.inp__t49                      3.0855
xc2.xcore.outp__t76                    2.79072
xc2.xcore.vss__t502                1.94067e-12
xc2.xcore.outp__t44                    2.79072
xc2.xcore.inp__t48                      3.0855
xc2.xcore.tail__t115                   1.56866
xc2.xcore.vss__t503                1.95392e-12
xc2.xcore.tail__t50                    1.56866
xc2.xcore.inp__t47                      3.0855
xc2.xcore.outp__t75                    2.79072
xc2.xcore.vss__t504                1.96717e-12
xc2.xcore.outp__t43                    2.79072
xc2.xcore.inp__t46                      3.0855
xc2.xcore.tail__t114                   1.56866
xc2.xcore.vss__t505                1.98043e-12
xc2.xcore.tail__t49                    1.56866
xc2.xcore.inp__t45                      3.0855
xc2.xcore.outp__t74                    2.79072
xc2.xcore.vss__t506                1.99368e-12
xc2.xcore.outp__t42                    2.79072
xc2.xcore.inp__t44                      3.0855
xc2.xcore.tail__t113                   1.56866
xc2.xcore.vss__t507                2.00693e-12
xc2.xcore.tail__t48                    1.56866
xc2.xcore.inp__t43                      3.0855
xc2.xcore.outp__t73                    2.79071
xc2.xcore.vss__t508                2.02018e-12
xc2.xcore.outp__t41                    2.79071
xc2.xcore.inp__t42                      3.0855
xc2.xcore.tail__t112                   1.56866
xc2.xcore.vss__t509                2.03344e-12
xc2.xcore.tail__t47                    1.56866
xc2.xcore.inp__t41                      3.0855
xc2.xcore.outp__t72                    2.79071
xc2.xcore.vss__t510                2.04669e-12
xc2.xcore.outp__t40                    2.79071
xc2.xcore.inp__t40                      3.0855
xc2.xcore.tail__t111                   1.56866
xc2.xcore.vss__t511                2.05994e-12
xc2.xcore.tail__t46                    1.56866
xc2.xcore.inp__t39                      3.0855
xc2.xcore.outp__t71                    2.79071
xc2.xcore.vss__t512                 2.0732e-12
xc2.xcore.outp__t39                    2.79071
xc2.xcore.inp__t38                      3.0855
xc2.xcore.tail__t110                   1.56866
xc2.xcore.vss__t513                2.08645e-12
xc2.xcore.tail__t53                    1.56866
xc2.xcore.inp__t51                      3.0855
xc2.xcore.outp__t77                     2.7907
xc2.xcore.vss__t514                 2.0997e-12
xc2.xcore.outp__t38                     2.7907
xc2.xcore.inp__t37                      3.0855
xc2.xcore.tail__t108                   1.56866
xc2.xcore.vss__t515                2.11296e-12
xc2.xcore.tail__t45                    1.56867
xc2.xcore.inp__t36                      3.0855
xc2.xcore.outp__t70                     2.7907
xc2.xcore.vss__t516                2.12621e-12
xc2.xcore.outp__t37                     2.7907
xc2.xcore.inp__t35                      3.0855
xc2.xcore.tail__t107                   1.56867
xc2.xcore.vss__t517                2.13946e-12
xc2.xcore.tail__t44                    1.56867
xc2.xcore.inp__t34                      3.0855
xc2.xcore.outp__t69                     2.7907
xc2.xcore.vss__t518                2.15272e-12
xc2.xcore.outp__t36                     2.7907
xc2.xcore.inp__t33                      3.0855
xc2.xcore.tail__t106                   1.56867
xc2.xcore.vss__t519                2.16597e-12
xc2.xcore.tail__t31                    1.56867
xc2.xcore.inp__t12                      3.0855
xc2.xcore.outp__t58                    2.79069
xc2.xcore.vss__t520                2.17923e-12
xc2.xcore.outp__t35                    2.79069
xc2.xcore.inp__t32                      3.0855
xc2.xcore.tail__t104                   1.56867
xc2.xcore.vss__t521                2.19248e-12
xc2.xcore.tail__t43                    1.56867
xc2.xcore.inp__t31                      3.0855
xc2.xcore.outp__t68                    2.79069
xc2.xcore.vss__t522                2.20574e-12
xc2.xcore.outp__t33                    2.79069
xc2.xcore.inp__t30                      3.0855
xc2.xcore.tail__t103                   1.56867
xc2.xcore.vss__t523                2.21899e-12
xc2.xcore.tail__t1                     1.56867
xc2.xcore.inp__t2                       3.0855
xc2.xcore.outp__t34                    2.79069
xc2.xcore.vss__t586                2.23225e-12
xc2.xcore.ibias__t215                  1.12513
xc2.xcore.ibias__t3                    1.12786
xc2.xcore.vss__t2                  2.51858e-05
xc2.xcore.vss__t459                5.66833e-13
xc2.xcore.vss__t81                 2.49859e-05
xc2.xcore.ibias__t158                  1.12786
xc2.xcore.ibias__t216                  1.12516
xc2.xcore.vss__t448                5.62349e-13
xc2.xcore.ibias__t213                  1.12519
xc2.xcore.ibias__t171                  1.12786
xc2.xcore.vss__t190                2.47861e-05
xc2.xcore.vss__t449                5.57865e-13
xc2.xcore.vss__t83                 2.45863e-05
xc2.xcore.ibias__t163                  1.12786
xc2.xcore.ibias__t218                  1.12522
xc2.xcore.vss__t450                5.53381e-13
xc2.xcore.ibias__t212                  1.12525
xc2.xcore.ibias__t162                  1.12786
xc2.xcore.vss__t185                2.43865e-05
xc2.xcore.vss__t451                5.48897e-13
xc2.xcore.vss__t89                 2.41867e-05
xc2.xcore.ibias__t177                  1.12786
xc2.xcore.ibias__t219                  1.12528
xc2.xcore.vss__t452                5.44412e-13
xc2.xcore.ibias__t211                  1.12531
xc2.xcore.ibias__t160                  1.12786
xc2.xcore.vss__t183                2.39868e-05
xc2.xcore.vss__t453                5.39928e-13
xc2.xcore.vss__t82                  2.3787e-05
xc2.xcore.ibias__t159                  1.12786
xc2.xcore.ibias__t217                  1.12534
xc2.xcore.vss__t454                5.35443e-13
xc2.xcore.ibias__t214                  1.12537
xc2.xcore.ibias__t174                  1.12786
xc2.xcore.vss__t192                2.35872e-05
xc2.xcore.vss__t455                5.30958e-13
xc2.xcore.vss__t3                  2.33874e-05
xc2.xcore.ibias__t4                    1.12786
xc2.xcore.ibias__t210                   1.1254
xc2.xcore.vss__t457                5.26473e-13
xc2.xcore.outn__t52                        3.3
xc2.xcore.inn__t1                       1.9965
xc2.xcore.tail__t3                     1.56856
xc2.xcore.vss__t461                1.55989e-12
xc2.xcore.tail__t62                    1.56856
xc2.xcore.inn__t58                      1.9965
xc2.xcore.outn__t81                        3.3
xc2.xcore.vss__t524                1.57469e-12
xc2.xcore.outn__t49                        3.3
xc2.xcore.inn__t59                      1.9965
xc2.xcore.tail__t124                   1.56856
xc2.xcore.vss__t525                 1.5895e-12
xc2.xcore.tail__t63                    1.56856
xc2.xcore.inn__t60                      1.9965
xc2.xcore.outn__t82                        3.3
xc2.xcore.vss__t526                 1.6043e-12
xc2.xcore.outn__t50                        3.3
xc2.xcore.inn__t61                      1.9965
xc2.xcore.tail__t125                   1.56856
xc2.xcore.vss__t527                1.61911e-12
xc2.xcore.tail__t64                    1.56856
xc2.xcore.inn__t62                      1.9965
xc2.xcore.outn__t83                        3.3
xc2.xcore.vss__t528                1.63391e-12
xc2.xcore.outn__t46                        3.3
xc2.xcore.inn__t52                      1.9965
xc2.xcore.tail__t105                   1.56856
xc2.xcore.vss__t529                1.64871e-12
xc2.xcore.tail__t15                    1.56856
xc2.xcore.inn__t21                      1.9965
xc2.xcore.outn__t63                        3.3
xc2.xcore.vss__t530                1.66352e-12
xc2.xcore.outn__t45                        3.3
xc2.xcore.inn__t51                      1.9965
xc2.xcore.tail__t100                   1.56856
xc2.xcore.vss__t531                1.67833e-12
xc2.xcore.tail__t34                    1.56856
xc2.xcore.inn__t48                      1.9965
xc2.xcore.outn__t76                        3.3
xc2.xcore.vss__t532                1.69313e-12
xc2.xcore.outn__t44                        3.3
xc2.xcore.inn__t50                      1.9965
xc2.xcore.tail__t99                    1.56856
xc2.xcore.vss__t533                1.70794e-12
xc2.xcore.tail__t61                    1.56856
xc2.xcore.inn__t57                      1.9965
xc2.xcore.outn__t80                        3.3
xc2.xcore.vss__t534                1.72274e-12
xc2.xcore.outn__t40                        3.3
xc2.xcore.inn__t42                      1.9965
xc2.xcore.tail__t87                    1.56856
xc2.xcore.vss__t535                1.73755e-12
xc2.xcore.tail__t27                    1.56856
xc2.xcore.inn__t41                      1.9965
xc2.xcore.outn__t73                        3.3
xc2.xcore.vss__t536                1.75236e-12
xc2.xcore.outn__t39                        3.3
xc2.xcore.inn__t40                      1.9965
xc2.xcore.tail__t86                    1.56856
xc2.xcore.vss__t537                1.76717e-12
xc2.xcore.tail__t26                    1.56856
xc2.xcore.inn__t39                      1.9965
xc2.xcore.outn__t72                        3.3
xc2.xcore.vss__t538                1.78197e-12
xc2.xcore.outn__t38                        3.3
xc2.xcore.inn__t38                      1.9965
xc2.xcore.tail__t85                    1.56856
xc2.xcore.vss__t539                1.79678e-12
xc2.xcore.tail__t25                    1.56856
xc2.xcore.inn__t37                      1.9965
xc2.xcore.outn__t71                        3.3
xc2.xcore.vss__t540                1.81159e-12
xc2.xcore.outn__t47                        3.3
xc2.xcore.inn__t53                      1.9965
xc2.xcore.tail__t109                   1.56856
xc2.xcore.vss__t541                 1.8264e-12
xc2.xcore.tail__t52                    1.56856
xc2.xcore.inn__t55                      1.9965
xc2.xcore.outn__t78                        3.3
xc2.xcore.vss__t542                1.84121e-12
xc2.xcore.outn__t48                        3.3
xc2.xcore.inn__t54                      1.9965
xc2.xcore.tail__t117                   1.56856
xc2.xcore.vss__t543                1.85602e-12
xc2.xcore.tail__t39                    1.56856
xc2.xcore.inn__t49                      1.9965
xc2.xcore.outn__t77                        3.3
xc2.xcore.vss__t544                1.87083e-12
xc2.xcore.outn__t41                        3.3
xc2.xcore.inn__t43                      1.9965
xc2.xcore.tail__t89                    1.56856
xc2.xcore.vss__t545                1.88564e-12
xc2.xcore.tail__t29                    1.56856
xc2.xcore.inn__t47                      1.9965
xc2.xcore.outn__t75                        3.3
xc2.xcore.vss__t546                1.90045e-12
xc2.xcore.outn__t43                        3.3
xc2.xcore.inn__t46                      1.9965
xc2.xcore.tail__t91                    1.56856
xc2.xcore.vss__t547                1.91526e-12
xc2.xcore.tail__t28                    1.56856
xc2.xcore.inn__t45                      1.9965
xc2.xcore.outn__t74                        3.3
xc2.xcore.vss__t548                1.93007e-12
xc2.xcore.outn__t42                        3.3
xc2.xcore.inn__t44                      1.9965
xc2.xcore.tail__t90                    1.56856
xc2.xcore.vss__t549                1.94488e-12
xc2.xcore.tail__t59                    1.56856
xc2.xcore.inn__t56                      1.9965
xc2.xcore.outn__t79                        3.3
xc2.xcore.vss__t550                1.95969e-12
xc2.xcore.outn__t51                        3.3
xc2.xcore.inn__t63                      1.9965
xc2.xcore.tail__t127                   1.56856
xc2.xcore.vss__t551                 1.9745e-12
xc2.xcore.tail__t13                    1.56856
xc2.xcore.inn__t19                      1.9965
xc2.xcore.outn__t62                        3.3
xc2.xcore.vss__t552                1.98931e-12
xc2.xcore.outn__t28                        3.3
xc2.xcore.inn__t18                      1.9965
xc2.xcore.tail__t72                    1.56856
xc2.xcore.vss__t553                2.00413e-12
xc2.xcore.tail__t12                    1.56856
xc2.xcore.inn__t17                      1.9965
xc2.xcore.outn__t61                        3.3
xc2.xcore.vss__t554                2.01894e-12
xc2.xcore.outn__t27                        3.3
xc2.xcore.inn__t16                      1.9965
xc2.xcore.tail__t71                    1.56856
xc2.xcore.vss__t555                2.03375e-12
xc2.xcore.tail__t11                    1.56856
xc2.xcore.inn__t15                      1.9965
xc2.xcore.outn__t60                        3.3
xc2.xcore.vss__t556                2.04856e-12
xc2.xcore.outn__t26                        3.3
xc2.xcore.inn__t14                      1.9965
xc2.xcore.tail__t70                    1.56856
xc2.xcore.vss__t557                2.06338e-12
xc2.xcore.tail__t10                    1.56856
xc2.xcore.inn__t13                      1.9965
xc2.xcore.outn__t59                        3.3
xc2.xcore.vss__t558                2.07819e-12
xc2.xcore.outn__t25                        3.3
xc2.xcore.inn__t12                      1.9965
xc2.xcore.tail__t69                    1.56856
xc2.xcore.vss__t559                  2.093e-12
xc2.xcore.tail__t6                     1.56856
xc2.xcore.inn__t5                       1.9965
xc2.xcore.outn__t55                        3.3
xc2.xcore.vss__t560                2.10781e-12
xc2.xcore.outn__t24                        3.3
xc2.xcore.inn__t11                      1.9965
xc2.xcore.tail__t68                    1.56856
xc2.xcore.vss__t561                2.12263e-12
xc2.xcore.tail__t4                     1.56856
xc2.xcore.inn__t2                       1.9965
xc2.xcore.outn__t53                        3.3
xc2.xcore.vss__t562                2.13744e-12
xc2.xcore.outn__t21                        3.3
xc2.xcore.inn__t3                       1.9965
xc2.xcore.tail__t65                    1.56856
xc2.xcore.vss__t563                2.15225e-12
xc2.xcore.tail__t5                     1.56856
xc2.xcore.inn__t4                       1.9965
xc2.xcore.outn__t54                        3.3
xc2.xcore.vss__t564                2.16707e-12
xc2.xcore.outn__t22                        3.3
xc2.xcore.inn__t6                       1.9965
xc2.xcore.tail__t66                    1.56856
xc2.xcore.vss__t565                2.18188e-12
xc2.xcore.tail__t7                     1.56856
xc2.xcore.inn__t7                       1.9965
xc2.xcore.outn__t56                        3.3
xc2.xcore.vss__t566                 2.1967e-12
xc2.xcore.outn__t23                        3.3
xc2.xcore.inn__t8                       1.9965
xc2.xcore.tail__t67                    1.56856
xc2.xcore.vss__t567                2.21151e-12
xc2.xcore.tail__t8                     1.56856
xc2.xcore.inn__t9                       1.9965
xc2.xcore.outn__t57                        3.3
xc2.xcore.vss__t568                2.22632e-12
xc2.xcore.outn__t29                        3.3
xc2.xcore.inn__t20                      1.9965
xc2.xcore.tail__t73                    1.56856
xc2.xcore.vss__t569                2.24114e-12
xc2.xcore.tail__t9                     1.56856
xc2.xcore.inn__t10                      1.9965
xc2.xcore.outn__t58                        3.3
xc2.xcore.vss__t570                2.25595e-12
xc2.xcore.outn__t36                        3.3
xc2.xcore.inn__t35                      1.9965
xc2.xcore.tail__t83                    1.56856
xc2.xcore.vss__t571                2.27077e-12
xc2.xcore.tail__t24                    1.56856
xc2.xcore.inn__t34                      1.9965
xc2.xcore.outn__t70                        3.3
xc2.xcore.vss__t572                2.28558e-12
xc2.xcore.outn__t35                        3.3
xc2.xcore.inn__t33                      1.9965
xc2.xcore.tail__t82                    1.56856
xc2.xcore.vss__t573                 2.3004e-12
xc2.xcore.tail__t23                    1.56856
xc2.xcore.inn__t32                      1.9965
xc2.xcore.outn__t69                        3.3
xc2.xcore.vss__t574                2.31521e-12
xc2.xcore.outn__t34                        3.3
xc2.xcore.inn__t31                      1.9965
xc2.xcore.tail__t81                    1.56856
xc2.xcore.vss__t575                2.33003e-12
xc2.xcore.tail__t22                    1.56856
xc2.xcore.inn__t30                      1.9965
xc2.xcore.outn__t68                        3.3
xc2.xcore.vss__t576                2.34485e-12
xc2.xcore.outn__t33                        3.3
xc2.xcore.inn__t29                      1.9965
xc2.xcore.tail__t80                    1.56856
xc2.xcore.vss__t577                2.35966e-12
xc2.xcore.tail__t21                    1.56856
xc2.xcore.inn__t28                      1.9965
xc2.xcore.outn__t67                        3.3
xc2.xcore.vss__t578                2.37448e-12
xc2.xcore.outn__t32                        3.3
xc2.xcore.inn__t27                      1.9965
xc2.xcore.tail__t79                    1.56856
xc2.xcore.vss__t579                2.38929e-12
xc2.xcore.tail__t20                    1.56856
xc2.xcore.inn__t26                      1.9965
xc2.xcore.outn__t66                        3.3
xc2.xcore.vss__t580                2.40411e-12
xc2.xcore.outn__t37                        3.3
xc2.xcore.inn__t36                      1.9965
xc2.xcore.tail__t84                    1.56856
xc2.xcore.vss__t581                2.41893e-12
xc2.xcore.tail__t18                    1.56856
xc2.xcore.inn__t25                      1.9965
xc2.xcore.outn__t65                        3.3
xc2.xcore.vss__t582                2.43374e-12
xc2.xcore.outn__t31                        3.3
xc2.xcore.inn__t24                      1.9965
xc2.xcore.tail__t78                    1.56856
xc2.xcore.vss__t583                2.44856e-12
xc2.xcore.tail__t17                    1.56856
xc2.xcore.inn__t23                      1.9965
xc2.xcore.outn__t64                        3.3
xc2.xcore.vss__t584                2.46337e-12
xc2.xcore.outn__t30                        3.3
xc2.xcore.inn__t22                      1.9965
xc2.xcore.tail__t77                    1.56856
xc2.xcore.vss__t585                2.47819e-12
xc2.xcore.tail__t2                     1.56856
xc2.xcore.inn__t0                       1.9965
xc2.xcore.outn__t20                        3.3
xc2.xcore.vss__t587                2.49301e-12
xc2.xcore.vss__t210                2.59873e-12
xc2.xcore.outp__t16                     2.7909
xc2.xcore.vss__t211                2.56818e-12
xc2.xcore.outp__t17                     2.7909
xc2.xcore.vss__t212                2.53766e-12
xc2.xcore.outp__t18                     2.7909
xc2.xcore.vss__t213                2.50716e-12
xc2.xcore.outp__t19                     2.7909
xc2.xcore.vss__t214                 2.4767e-12
xc2.xcore.outp__t0                      2.7909
xc2.xcore.vss__t215                2.44626e-12
xc2.xcore.outp__t1                      2.7909
xc2.xcore.vss__t216                2.41584e-12
xc2.xcore.outp__t2                      2.7909
xc2.xcore.vss__t217                2.38546e-12
xc2.xcore.outp__t3                      2.7909
xc2.xcore.vss__t218                2.35511e-12
xc2.xcore.outp__t4                      2.7909
xc2.xcore.vss__t219                2.32479e-12
xc2.xcore.outp__t15                     2.7909
xc2.xcore.vss__t220                 2.2945e-12
xc2.xcore.outp__t6                      2.7909
xc2.xcore.vss__t221                2.26425e-12
xc2.xcore.outp__t7                      2.7909
xc2.xcore.vss__t222                2.23403e-12
xc2.xcore.outp__t8                      2.7909
xc2.xcore.vss__t223                2.20385e-12
xc2.xcore.outp__t9                      2.7909
xc2.xcore.vss__t224                2.17371e-12
xc2.xcore.outp__t10                     2.7909
xc2.xcore.vss__t225                2.14361e-12
xc2.xcore.outp__t11                     2.7909
xc2.xcore.vss__t226                2.11356e-12
xc2.xcore.outp__t12                     2.7909
xc2.xcore.vss__t227                2.08354e-12
xc2.xcore.outp__t13                     2.7909
xc2.xcore.vss__t228                2.05357e-12
xc2.xcore.outp__t14                     2.7909
xc2.xcore.vss__t229                2.02366e-12
xc2.xcore.outp__t5                      2.7909
xc2.xcore.vss__t230                2.18457e-12
xc2.xcore.outn__t0                         3.3
xc2.xcore.vss__t231                2.21955e-12
xc2.xcore.outn__t5                         3.3
xc2.xcore.vss__t232                2.25461e-12
xc2.xcore.outn__t6                         3.3
xc2.xcore.vss__t233                2.28973e-12
xc2.xcore.outn__t7                         3.3
xc2.xcore.vss__t234                2.32493e-12
xc2.xcore.outn__t8                         3.3
xc2.xcore.vss__t235                2.36019e-12
xc2.xcore.outn__t9                         3.3
xc2.xcore.vss__t236                2.39551e-12
xc2.xcore.outn__t10                        3.3
xc2.xcore.vss__t237                2.43089e-12
xc2.xcore.outn__t11                        3.3
xc2.xcore.vss__t238                2.46633e-12
xc2.xcore.outn__t12                        3.3
xc2.xcore.vss__t239                2.50182e-12
xc2.xcore.outn__t13                        3.3
xc2.xcore.vss__t240                2.53736e-12
xc2.xcore.outn__t14                        3.3
xc2.xcore.vss__t241                2.57296e-12
xc2.xcore.outn__t15                        3.3
xc2.xcore.vss__t242                 2.6086e-12
xc2.xcore.outn__t16                        3.3
xc2.xcore.vss__t243                2.64429e-12
xc2.xcore.outn__t17                        3.3
xc2.xcore.vss__t244                2.68002e-12
xc2.xcore.outn__t19                        3.3
xc2.xcore.vss__t245                2.71579e-12
xc2.xcore.outn__t18                        3.3
xc2.xcore.vss__t246                2.75161e-12
xc2.xcore.outn__t1                         3.3
xc2.xcore.vss__t247                2.78746e-12
xc2.xcore.outn__t2                         3.3
xc2.xcore.vss__t248                2.82335e-12
xc2.xcore.outn__t3                         3.3
xc2.xcore.vss__t249                2.85928e-12
xc2.xcore.outn__t4                         3.3
ib_c2                                  1.12786
xc2.xcore.vsubs                              0
outn_c2                                    3.3
outp_c2                                 2.7909
xc2.tail                               1.56856
vd_c2                                 0.509099
xcmis.xcore.tail__t186                 1.56855
xcmis.xcore.ibias__t118                1.12786
xcmis.xcore.vss__t163              5.39437e-06
xcmis.xcore.vss__t349              8.46094e-13
xcmis.xcore.vss__t60               5.19587e-06
xcmis.xcore.ibias__t117                1.12786
xcmis.xcore.tail__t286                 1.56855
xcmis.xcore.vss__t350              8.14963e-13
xcmis.xcore.tail__t197                 1.56855
xcmis.xcore.ibias__t140                1.12786
xcmis.xcore.vss__t174              4.99777e-06
xcmis.xcore.vss__t351              7.83896e-13
xcmis.xcore.vss__t68               4.80015e-06
xcmis.xcore.ibias__t133                1.12786
xcmis.xcore.tail__t294                 1.56855
xcmis.xcore.vss__t352              7.52901e-13
xcmis.xcore.tail__t193                 1.56855
xcmis.xcore.ibias__t132                1.12786
xcmis.xcore.vss__t170              4.60305e-06
xcmis.xcore.vss__t353              7.21989e-13
xcmis.xcore.vss__t67               4.40654e-06
xcmis.xcore.ibias__t131                1.12786
xcmis.xcore.tail__t293                 1.56855
xcmis.xcore.vss__t354               6.9117e-13
xcmis.xcore.tail__t192                 1.56855
xcmis.xcore.ibias__t130                1.12786
xcmis.xcore.vss__t169              4.21072e-06
xcmis.xcore.vss__t355              6.60458e-13
xcmis.xcore.vss__t74               4.01567e-06
xcmis.xcore.ibias__t145                1.12786
xcmis.xcore.tail__t300                 1.56855
xcmis.xcore.vss__t356              6.29867e-13
xcmis.xcore.tail__t191                 1.56855
xcmis.xcore.ibias__t128                1.12786
xcmis.xcore.vss__t168              3.82152e-06
xcmis.xcore.vss__t357              5.99416e-13
xcmis.xcore.vss__t65               3.62841e-06
xcmis.xcore.ibias__t127                1.12786
xcmis.xcore.tail__t291                 1.56855
xcmis.xcore.vss__t358              5.69129e-13
xcmis.xcore.tail__t190                 1.56855
xcmis.xcore.ibias__t126                1.12786
xcmis.xcore.vss__t167              3.43652e-06
xcmis.xcore.vss__t359              5.39033e-13
xcmis.xcore.vss__t64               3.24607e-06
xcmis.xcore.ibias__t125                1.12786
xcmis.xcore.tail__t290                 1.56855
xcmis.xcore.vss__t360              5.09161e-13
xcmis.xcore.tail__t189                 1.56855
xcmis.xcore.ibias__t124                1.12786
xcmis.xcore.vss__t166              3.05731e-06
xcmis.xcore.vss__t361              4.79556e-13
xcmis.xcore.vss__t63               2.87059e-06
xcmis.xcore.ibias__t123                1.12786
xcmis.xcore.tail__t289                 1.56855
xcmis.xcore.vss__t362               4.5027e-13
xcmis.xcore.tail__t188                 1.56855
xcmis.xcore.ibias__t122                1.12786
xcmis.xcore.vss__t165              2.68634e-06
xcmis.xcore.vss__t363              4.21371e-13
xcmis.xcore.vss__t62               2.50509e-06
xcmis.xcore.ibias__t121                1.12786
xcmis.xcore.tail__t288                 1.56855
xcmis.xcore.vss__t364              3.92942e-13
xcmis.xcore.tail__t187                 1.56855
xcmis.xcore.ibias__t120                1.12786
xcmis.xcore.vss__t164              2.32755e-06
xcmis.xcore.vss__t365              3.65096e-13
xcmis.xcore.vss__t26               2.15464e-06
xcmis.xcore.ibias__t0                  1.12786
xcmis.xcore.tail__t252                 1.56855
xcmis.xcore.vss__t366              3.37974e-13
xcmis.xcore.tail__t175                 1.56855
xcmis.xcore.ibias__t97                 1.12786
xcmis.xcore.vss__t152              1.98756e-06
xcmis.xcore.vss__t367              3.11768e-13
xcmis.xcore.vss__t42               1.82792e-06
xcmis.xcore.ibias__t78                 1.12786
xcmis.xcore.tail__t268                 1.56855
xcmis.xcore.vss__t368              2.86727e-13
xcmis.xcore.tail__t164                 1.56855
xcmis.xcore.ibias__t77                 1.12786
xcmis.xcore.vss__t141              1.67783e-06
xcmis.xcore.vss__t369              2.63185e-13
xcmis.xcore.vss__t37                1.5401e-06
xcmis.xcore.ibias__t70                 1.12786
xcmis.xcore.tail__t263                 1.56855
xcmis.xcore.vss__t370              2.41582e-13
xcmis.xcore.tail__t167                 1.56855
xcmis.xcore.ibias__t82                 1.12786
xcmis.xcore.vss__t144              1.41832e-06
xcmis.xcore.vss__t371              2.22481e-13
xcmis.xcore.vss__t39               1.31694e-06
xcmis.xcore.ibias__t72                 1.12786
xcmis.xcore.tail__t265                 1.56855
xcmis.xcore.vss__t372              2.06579e-13
xcmis.xcore.tail__t162                 1.56856
xcmis.xcore.ibias__t73                 1.12786
xcmis.xcore.vss__t139              1.24096e-06
xcmis.xcore.vss__t373              1.94662e-13
xcmis.xcore.vss__t40               1.19524e-06
xcmis.xcore.ibias__t74                 1.12786
xcmis.xcore.tail__t266                 1.56856
xcmis.xcore.vss__t374               1.8749e-13
xcmis.xcore.tail__t163                 1.56856
xcmis.xcore.ibias__t75                 1.12786
xcmis.xcore.vss__t140              1.18329e-06
xcmis.xcore.vss__t375              1.85616e-13
xcmis.xcore.vss__t41               1.20611e-06
xcmis.xcore.ibias__t76                 1.12786
xcmis.xcore.tail__t267                 1.56856
xcmis.xcore.vss__t376              1.89197e-13
xcmis.xcore.tail__t129                 1.56856
xcmis.xcore.ibias__t9                  1.12786
xcmis.xcore.vss__t107              1.26182e-06
xcmis.xcore.vss__t377              1.97936e-13
xcmis.xcore.vss__t6                1.34634e-06
xcmis.xcore.ibias__t8                  1.12786
xcmis.xcore.tail__t232                 1.56856
xcmis.xcore.vss__t378              2.11195e-13
xcmis.xcore.tail__t128                 1.56856
xcmis.xcore.ibias__t7                  1.12786
xcmis.xcore.vss__t106              1.45465e-06
xcmis.xcore.vss__t379              2.28187e-13
xcmis.xcore.vss__t5                1.58189e-06
xcmis.xcore.ibias__t6                  1.12786
xcmis.xcore.tail__t231                 1.56856
xcmis.xcore.vss__t380              2.48147e-13
xcmis.xcore.tail__t141                 1.56856
xcmis.xcore.ibias__t31                 1.12786
xcmis.xcore.vss__t119              1.72385e-06
xcmis.xcore.vss__t381              2.70419e-13
xcmis.xcore.vss__t4                1.87721e-06
xcmis.xcore.ibias__t5                  1.12786
xcmis.xcore.tail__t230                 1.56856
xcmis.xcore.vss__t382              2.94477e-13
xcmis.xcore.tail__t158                 1.56856
xcmis.xcore.ibias__t62                 1.12786
xcmis.xcore.vss__t135               2.0394e-06
xcmis.xcore.vss__t383               3.1992e-13
xcmis.xcore.vss__t33               2.20847e-06
xcmis.xcore.ibias__t63                 1.12786
xcmis.xcore.tail__t259                 1.56856
xcmis.xcore.vss__t384              3.46443e-13
xcmis.xcore.tail__t159                 1.56856
xcmis.xcore.ibias__t64                 1.12786
xcmis.xcore.vss__t136              2.38295e-06
xcmis.xcore.vss__t385              3.73816e-13
xcmis.xcore.vss__t34               2.56174e-06
xcmis.xcore.ibias__t65                 1.12786
xcmis.xcore.tail__t260                 1.56856
xcmis.xcore.vss__t386              4.01865e-13
xcmis.xcore.tail__t160                 1.56856
xcmis.xcore.ibias__t66                 1.12786
xcmis.xcore.vss__t137                2.744e-06
xcmis.xcore.vss__t387              4.30458e-13
xcmis.xcore.vss__t35               2.92908e-06
xcmis.xcore.ibias__t67                 1.12786
xcmis.xcore.tail__t261                 1.56856
xcmis.xcore.vss__t388              4.59494e-13
xcmis.xcore.tail__t161                 1.56856
xcmis.xcore.ibias__t68                 1.12786
xcmis.xcore.vss__t138              3.11648e-06
xcmis.xcore.vss__t389              4.88894e-13
xcmis.xcore.vss__t36               3.30581e-06
xcmis.xcore.ibias__t69                 1.12786
xcmis.xcore.tail__t262                 1.56856
xcmis.xcore.vss__t390              5.18596e-13
xcmis.xcore.tail__t130                 1.56856
xcmis.xcore.ibias__t10                 1.12786
xcmis.xcore.vss__t108              3.49674e-06
xcmis.xcore.vss__t391              5.48551e-13
xcmis.xcore.vss__t13               3.68903e-06
xcmis.xcore.ibias__t23                 1.12786
xcmis.xcore.tail__t239                 1.56856
xcmis.xcore.vss__t392               5.7872e-13
xcmis.xcore.tail__t137                 1.56856
xcmis.xcore.ibias__t24                 1.12786
xcmis.xcore.vss__t115              3.88249e-06
xcmis.xcore.vss__t393               6.0907e-13
xcmis.xcore.vss__t14               4.07693e-06
xcmis.xcore.ibias__t25                 1.12786
xcmis.xcore.tail__t240                 1.56856
xcmis.xcore.vss__t394              6.39577e-13
xcmis.xcore.tail__t138                 1.56856
xcmis.xcore.ibias__t26                 1.12786
xcmis.xcore.vss__t116              4.27224e-06
xcmis.xcore.vss__t395              6.70218e-13
xcmis.xcore.vss__t15               4.46829e-06
xcmis.xcore.ibias__t27                 1.12786
xcmis.xcore.tail__t241                 1.56856
xcmis.xcore.vss__t396              7.00976e-13
xcmis.xcore.tail__t139                 1.56856
xcmis.xcore.ibias__t28                 1.12786
xcmis.xcore.vss__t117              4.66499e-06
xcmis.xcore.vss__t397              7.31837e-13
xcmis.xcore.vss__t16               4.86226e-06
xcmis.xcore.ibias__t29                 1.12786
xcmis.xcore.tail__t242                 1.56856
xcmis.xcore.vss__t398              7.62787e-13
xcmis.xcore.tail__t140                 1.56856
xcmis.xcore.ibias__t30                 1.12786
xcmis.xcore.vss__t118              5.06004e-06
xcmis.xcore.vss__t399              7.93815e-13
xcmis.xcore.vss__t21               5.25827e-06
xcmis.xcore.ibias__t41                 1.12786
xcmis.xcore.tail__t247                 1.56856
xcmis.xcore.vss__t400              8.24913e-13
xcmis.xcore.tail__t142                 1.56856
xcmis.xcore.ibias__t32                 1.12786
xcmis.xcore.vss__t120              5.45689e-06
xcmis.xcore.vss__t401              8.56071e-13
xcmis.xcore.vss__t17               5.65588e-06
xcmis.xcore.ibias__t33                 1.12786
xcmis.xcore.tail__t243                 1.56856
xcmis.xcore.vss__t402              8.87285e-13
xcmis.xcore.tail__t143                 1.56856
xcmis.xcore.ibias__t34                 1.12786
xcmis.xcore.vss__t121              5.85518e-06
xcmis.xcore.vss__t403              9.18548e-13
xcmis.xcore.vss__t18               6.05477e-06
xcmis.xcore.ibias__t35                 1.12786
xcmis.xcore.tail__t244                 1.56856
xcmis.xcore.vss__t404              9.49856e-13
xcmis.xcore.tail__t144                 1.56856
xcmis.xcore.ibias__t36                 1.12786
xcmis.xcore.vss__t122              6.25463e-06
xcmis.xcore.vss__t405              9.81205e-13
xcmis.xcore.vss__t19               6.45472e-06
xcmis.xcore.ibias__t37                 1.12786
xcmis.xcore.tail__t245                 1.56856
xcmis.xcore.vss__t406              1.01259e-12
xcmis.xcore.tail__t145                 1.56856
xcmis.xcore.ibias__t38                 1.12786
xcmis.xcore.vss__t123              6.65502e-06
xcmis.xcore.vss__t407              1.04401e-12
xcmis.xcore.vss__t20               6.85553e-06
xcmis.xcore.ibias__t39                 1.12786
xcmis.xcore.tail__t246                 1.56856
xcmis.xcore.vss__t408              1.07546e-12
xcmis.xcore.tail__t146                 1.56856
xcmis.xcore.ibias__t40                 1.12786
xcmis.xcore.vss__t124              7.05621e-06
xcmis.xcore.vss__t409              1.10694e-12
xcmis.xcore.vss__t8                7.25706e-06
xcmis.xcore.ibias__t12                 1.12786
xcmis.xcore.tail__t234                 1.56856
xcmis.xcore.vss__t410              1.13844e-12
xcmis.xcore.tail__t135                 1.56856
xcmis.xcore.ibias__t21                 1.12786
xcmis.xcore.vss__t113              7.45806e-06
xcmis.xcore.vss__t411              1.16997e-12
xcmis.xcore.vss__t9                7.65919e-06
xcmis.xcore.ibias__t13                 1.12786
xcmis.xcore.tail__t235                 1.56856
xcmis.xcore.vss__t412              1.20151e-12
xcmis.xcore.tail__t131                 1.56856
xcmis.xcore.ibias__t14                 1.12786
xcmis.xcore.vss__t109              7.86046e-06
xcmis.xcore.vss__t413              1.23308e-12
xcmis.xcore.vss__t10               8.06185e-06
xcmis.xcore.ibias__t15                 1.12786
xcmis.xcore.tail__t236                 1.56856
xcmis.xcore.vss__t414              1.26467e-12
xcmis.xcore.tail__t134                 1.56856
xcmis.xcore.ibias__t20                 1.12786
xcmis.xcore.vss__t112              8.26335e-06
xcmis.xcore.vss__t415              1.29627e-12
xcmis.xcore.vss__t12               8.46495e-06
xcmis.xcore.ibias__t19                 1.12786
xcmis.xcore.tail__t238                 1.56856
xcmis.xcore.vss__t416              1.32789e-12
xcmis.xcore.tail__t133                 1.56856
xcmis.xcore.ibias__t18                 1.12786
xcmis.xcore.vss__t111              8.66664e-06
xcmis.xcore.vss__t417              1.35953e-12
xcmis.xcore.vss__t11               8.86842e-06
xcmis.xcore.ibias__t17                 1.12786
xcmis.xcore.tail__t237                 1.56856
xcmis.xcore.vss__t418              1.39117e-12
xcmis.xcore.tail__t132                 1.56856
xcmis.xcore.ibias__t16                 1.12786
xcmis.xcore.vss__t110              9.07029e-06
xcmis.xcore.vss__t419              1.42283e-12
xcmis.xcore.vss__t7                9.27223e-06
xcmis.xcore.ibias__t11                 1.12786
xcmis.xcore.tail__t233                 1.56856
xcmis.xcore.vss__t420              1.45451e-12
xcmis.xcore.tail__t136                 1.56856
xcmis.xcore.ibias__t22                 1.12786
xcmis.xcore.vss__t114              9.47425e-06
xcmis.xcore.vss__t421              1.48619e-12
xcmis.xcore.vss__t23               9.67633e-06
xcmis.xcore.ibias__t45                 1.12786
xcmis.xcore.tail__t249                 1.56856
xcmis.xcore.vss__t422              1.51788e-12
xcmis.xcore.tail__t150                 1.56856
xcmis.xcore.ibias__t46                 1.12786
xcmis.xcore.vss__t127              9.87848e-06
xcmis.xcore.vss__t423              1.54959e-12
xcmis.xcore.vss__t24               1.00807e-05
xcmis.xcore.ibias__t47                 1.12786
xcmis.xcore.tail__t250                 1.56856
xcmis.xcore.vss__t424               1.5813e-12
xcmis.xcore.tail__t151                 1.56856
xcmis.xcore.ibias__t48                 1.12786
xcmis.xcore.vss__t128               1.0283e-05
xcmis.xcore.vss__t425              1.61302e-12
xcmis.xcore.vss__t25               1.04853e-05
xcmis.xcore.ibias__t49                 1.12786
xcmis.xcore.tail__t251                 1.56856
xcmis.xcore.vss__t426              1.64475e-12
xcmis.xcore.tail__t152                 1.56855
xcmis.xcore.ibias__t50                 1.12786
xcmis.xcore.vss__t129              1.06876e-05
xcmis.xcore.vss__t427              1.67649e-12
xcmis.xcore.vss__t32                 1.089e-05
xcmis.xcore.ibias__t61                 1.12786
xcmis.xcore.tail__t258                 1.56855
xcmis.xcore.vss__t428              1.70823e-12
xcmis.xcore.tail__t153                 1.56855
xcmis.xcore.ibias__t51                 1.12786
xcmis.xcore.vss__t130              1.10925e-05
xcmis.xcore.vss__t429              1.73998e-12
xcmis.xcore.vss__t27                1.1295e-05
xcmis.xcore.ibias__t52                 1.12786
xcmis.xcore.tail__t253                 1.56855
xcmis.xcore.vss__t430              1.77174e-12
xcmis.xcore.tail__t154                 1.56855
xcmis.xcore.ibias__t53                 1.12786
xcmis.xcore.vss__t131              1.14975e-05
xcmis.xcore.vss__t431               1.8035e-12
xcmis.xcore.vss__t28               1.17001e-05
xcmis.xcore.ibias__t54                 1.12786
xcmis.xcore.tail__t254                 1.56855
xcmis.xcore.vss__t432              1.83527e-12
xcmis.xcore.tail__t155                 1.56855
xcmis.xcore.ibias__t55                 1.12786
xcmis.xcore.vss__t132              1.19027e-05
xcmis.xcore.vss__t433              1.86704e-12
xcmis.xcore.vss__t29               1.21054e-05
xcmis.xcore.ibias__t56                 1.12786
xcmis.xcore.tail__t255                 1.56855
xcmis.xcore.vss__t434              1.89882e-12
xcmis.xcore.tail__t156                 1.56855
xcmis.xcore.ibias__t57                 1.12786
xcmis.xcore.vss__t133              1.23081e-05
xcmis.xcore.vss__t435              1.93061e-12
xcmis.xcore.vss__t30               1.25108e-05
xcmis.xcore.ibias__t58                 1.12786
xcmis.xcore.tail__t256                 1.56855
xcmis.xcore.vss__t436               1.9624e-12
xcmis.xcore.tail__t157                 1.56855
xcmis.xcore.ibias__t59                 1.12786
xcmis.xcore.vss__t134              1.27135e-05
xcmis.xcore.vss__t437              1.99419e-12
xcmis.xcore.vss__t31               1.29163e-05
xcmis.xcore.ibias__t60                 1.12786
xcmis.xcore.tail__t257                 1.56855
xcmis.xcore.vss__t438              2.02598e-12
xcmis.xcore.tail__t211                 1.56855
xcmis.xcore.ibias__t176                1.12786
xcmis.xcore.vss__t193              1.31191e-05
xcmis.xcore.vss__t439              2.05779e-12
xcmis.xcore.vss__t88               1.33219e-05
xcmis.xcore.ibias__t175                1.12786
xcmis.xcore.tail__t311                 1.56855
xcmis.xcore.vss__t440              2.08959e-12
xcmis.xcore.tail__t165                 1.56855
xcmis.xcore.ibias__t79                 1.12786
xcmis.xcore.vss__t142              1.35247e-05
xcmis.xcore.vss__t441               2.1214e-12
xcmis.xcore.vss__t43               1.37276e-05
xcmis.xcore.ibias__t80                 1.12786
xcmis.xcore.tail__t269                 1.56855
xcmis.xcore.vss__t442              2.15321e-12
xcmis.xcore.tail__t166                 1.56855
xcmis.xcore.ibias__t81                 1.12786
xcmis.xcore.vss__t143              1.39305e-05
xcmis.xcore.vss__t443              2.18502e-12
xcmis.xcore.vss__t38               1.41334e-05
xcmis.xcore.ibias__t71                 1.12786
xcmis.xcore.tail__t264                 1.56855
xcmis.xcore.vss__t444              2.21684e-12
xcmis.xcore.tail__t147                 1.56855
xcmis.xcore.ibias__t42                 1.12786
xcmis.xcore.vss__t125              1.43363e-05
xcmis.xcore.vss__t445              2.24866e-12
xcmis.xcore.vss__t22               1.45393e-05
xcmis.xcore.ibias__t43                 1.12786
xcmis.xcore.tail__t248                 1.56855
xcmis.xcore.vss__t446              2.28048e-12
xcmis.xcore.tail__t148                 1.56855
xcmis.xcore.ibias__t44                 1.12786
xcmis.xcore.vss__t126              1.47422e-05
xcmis.xcore.vss__t447              2.31231e-12
xcmis.xcore.vss__t0                1.49452e-05
xcmis.xcore.ibias__t1                  1.12786
xcmis.xcore.tail__t149                 1.56855
xcmis.xcore.vss__t456              2.34414e-12
xcmis.xcore.tail__t229                 1.56851
xcmis.xcore.ibias__t2                  1.12786
xcmis.xcore.vss__t1                2.56535e-05
xcmis.xcore.vss__t458                4.022e-12
xcmis.xcore.vss__t189              2.54501e-05
xcmis.xcore.ibias__t170                1.12786
xcmis.xcore.tail__t228                 1.56851
xcmis.xcore.vss__t250              3.99012e-12
xcmis.xcore.tail__t209                 1.56851
xcmis.xcore.ibias__t169                1.12786
xcmis.xcore.vss__t188              2.52467e-05
xcmis.xcore.vss__t251              3.95825e-12
xcmis.xcore.vss__t86               2.50433e-05
xcmis.xcore.ibias__t168                1.12786
xcmis.xcore.tail__t309                 1.56852
xcmis.xcore.vss__t252              3.92638e-12
xcmis.xcore.tail__t208                 1.56852
xcmis.xcore.ibias__t167                1.12786
xcmis.xcore.vss__t187              2.48399e-05
xcmis.xcore.vss__t253              3.89451e-12
xcmis.xcore.vss__t85               2.46365e-05
xcmis.xcore.ibias__t166                1.12786
xcmis.xcore.tail__t308                 1.56852
xcmis.xcore.vss__t254              3.86264e-12
xcmis.xcore.tail__t207                 1.56852
xcmis.xcore.ibias__t165                1.12786
xcmis.xcore.vss__t186              2.44332e-05
xcmis.xcore.vss__t255              3.83077e-12
xcmis.xcore.vss__t84               2.42298e-05
xcmis.xcore.ibias__t164                1.12786
xcmis.xcore.tail__t307                 1.56852
xcmis.xcore.vss__t256               3.7989e-12
xcmis.xcore.tail__t210                 1.56852
xcmis.xcore.ibias__t173                1.12786
xcmis.xcore.vss__t191              2.40264e-05
xcmis.xcore.vss__t257              3.76703e-12
xcmis.xcore.vss__t87               2.38231e-05
xcmis.xcore.ibias__t172                1.12786
xcmis.xcore.tail__t310                 1.56852
xcmis.xcore.vss__t258              3.73516e-12
xcmis.xcore.tail__t219                 1.56852
xcmis.xcore.ibias__t195                1.12786
xcmis.xcore.vss__t201              2.36197e-05
xcmis.xcore.vss__t259               3.7033e-12
xcmis.xcore.vss__t99               2.34163e-05
xcmis.xcore.ibias__t194                1.12786
xcmis.xcore.tail__t321                 1.56852
xcmis.xcore.vss__t260              3.67143e-12
xcmis.xcore.tail__t227                 1.56852
xcmis.xcore.ibias__t209                1.12786
xcmis.xcore.vss__t209               2.3213e-05
xcmis.xcore.vss__t261              3.63956e-12
xcmis.xcore.vss__t97               2.30096e-05
xcmis.xcore.ibias__t192                1.12786
xcmis.xcore.tail__t319                 1.56852
xcmis.xcore.vss__t262              3.60769e-12
xcmis.xcore.tail__t218                 1.56852
xcmis.xcore.ibias__t191                1.12786
xcmis.xcore.vss__t200              2.28063e-05
xcmis.xcore.vss__t263              3.57582e-12
xcmis.xcore.vss__t96                2.2603e-05
xcmis.xcore.ibias__t190                1.12786
xcmis.xcore.tail__t318                 1.56852
xcmis.xcore.vss__t264              3.54396e-12
xcmis.xcore.tail__t217                 1.56852
xcmis.xcore.ibias__t189                1.12786
xcmis.xcore.vss__t199              2.23996e-05
xcmis.xcore.vss__t265              3.51209e-12
xcmis.xcore.vss__t95               2.21963e-05
xcmis.xcore.ibias__t188                1.12786
xcmis.xcore.tail__t317                 1.56852
xcmis.xcore.vss__t266              3.48022e-12
xcmis.xcore.tail__t216                 1.56852
xcmis.xcore.ibias__t187                1.12786
xcmis.xcore.vss__t198               2.1993e-05
xcmis.xcore.vss__t267              3.44836e-12
xcmis.xcore.vss__t94               2.17897e-05
xcmis.xcore.ibias__t186                1.12786
xcmis.xcore.tail__t316                 1.56852
xcmis.xcore.vss__t268              3.41649e-12
xcmis.xcore.tail__t215                 1.56852
xcmis.xcore.ibias__t185                1.12786
xcmis.xcore.vss__t197              2.15863e-05
xcmis.xcore.vss__t269              3.38463e-12
xcmis.xcore.vss__t93                2.1383e-05
xcmis.xcore.ibias__t184                1.12786
xcmis.xcore.tail__t315                 1.56852
xcmis.xcore.vss__t270              3.35277e-12
xcmis.xcore.tail__t214                 1.56852
xcmis.xcore.ibias__t183                1.12786
xcmis.xcore.vss__t196              2.11797e-05
xcmis.xcore.vss__t271               3.3209e-12
xcmis.xcore.vss__t92               2.09764e-05
xcmis.xcore.ibias__t182                1.12786
xcmis.xcore.tail__t314                 1.56852
xcmis.xcore.vss__t272              3.28904e-12
xcmis.xcore.tail__t213                 1.56852
xcmis.xcore.ibias__t181                1.12786
xcmis.xcore.vss__t195              2.07731e-05
xcmis.xcore.vss__t273              3.25718e-12
xcmis.xcore.vss__t91               2.05699e-05
xcmis.xcore.ibias__t180                1.12786
xcmis.xcore.tail__t313                 1.56852
xcmis.xcore.vss__t274              3.22532e-12
xcmis.xcore.tail__t212                 1.56852
xcmis.xcore.ibias__t179                1.12786
xcmis.xcore.vss__t194              2.03666e-05
xcmis.xcore.vss__t275              3.19346e-12
xcmis.xcore.vss__t90               2.01633e-05
xcmis.xcore.ibias__t178                1.12786
xcmis.xcore.tail__t312                 1.56852
xcmis.xcore.vss__t276               3.1616e-12
xcmis.xcore.tail__t206                 1.56852
xcmis.xcore.ibias__t161                1.12786
xcmis.xcore.vss__t184                1.996e-05
xcmis.xcore.vss__t277              3.12974e-12
xcmis.xcore.vss__t57               1.97568e-05
xcmis.xcore.ibias__t112                1.12786
xcmis.xcore.tail__t283                 1.56852
xcmis.xcore.vss__t278              3.09788e-12
xcmis.xcore.tail__t183                 1.56852
xcmis.xcore.ibias__t111                1.12786
xcmis.xcore.vss__t160              1.95535e-05
xcmis.xcore.vss__t279              3.06602e-12
xcmis.xcore.vss__t56               1.93503e-05
xcmis.xcore.ibias__t110                1.12786
xcmis.xcore.tail__t282                 1.56852
xcmis.xcore.vss__t280              3.03417e-12
xcmis.xcore.tail__t182                 1.56852
xcmis.xcore.ibias__t109                1.12786
xcmis.xcore.vss__t159               1.9147e-05
xcmis.xcore.vss__t281              3.00231e-12
xcmis.xcore.vss__t55               1.89438e-05
xcmis.xcore.ibias__t108                1.12786
xcmis.xcore.tail__t281                 1.56853
xcmis.xcore.vss__t282              2.97046e-12
xcmis.xcore.tail__t181                 1.56853
xcmis.xcore.ibias__t107                1.12786
xcmis.xcore.vss__t158              1.87406e-05
xcmis.xcore.vss__t283               2.9386e-12
xcmis.xcore.vss__t54               1.85374e-05
xcmis.xcore.ibias__t106                1.12786
xcmis.xcore.tail__t280                 1.56853
xcmis.xcore.vss__t284              2.90675e-12
xcmis.xcore.tail__t180                 1.56853
xcmis.xcore.ibias__t105                1.12786
xcmis.xcore.vss__t157              1.83342e-05
xcmis.xcore.vss__t285               2.8749e-12
xcmis.xcore.vss__t53                1.8131e-05
xcmis.xcore.ibias__t104                1.12786
xcmis.xcore.tail__t279                 1.56853
xcmis.xcore.vss__t286              2.84305e-12
xcmis.xcore.tail__t205                 1.56853
xcmis.xcore.ibias__t156                1.12786
xcmis.xcore.vss__t182              1.79278e-05
xcmis.xcore.vss__t287               2.8112e-12
xcmis.xcore.vss__t79               1.77246e-05
xcmis.xcore.ibias__t155                1.12786
xcmis.xcore.tail__t305                 1.56853
xcmis.xcore.vss__t288              2.77935e-12
xcmis.xcore.tail__t204                 1.56853
xcmis.xcore.ibias__t154                1.12786
xcmis.xcore.vss__t181              1.75214e-05
xcmis.xcore.vss__t289               2.7475e-12
xcmis.xcore.vss__t78               1.73183e-05
xcmis.xcore.ibias__t153                1.12786
xcmis.xcore.tail__t304                 1.56853
xcmis.xcore.vss__t290              2.71566e-12
xcmis.xcore.tail__t203                 1.56853
xcmis.xcore.ibias__t152                1.12786
xcmis.xcore.vss__t180              1.71151e-05
xcmis.xcore.vss__t291              2.68382e-12
xcmis.xcore.vss__t77                1.6912e-05
xcmis.xcore.ibias__t151                1.12786
xcmis.xcore.tail__t303                 1.56853
xcmis.xcore.vss__t292              2.65197e-12
xcmis.xcore.tail__t202                 1.56853
xcmis.xcore.ibias__t150                1.12786
xcmis.xcore.vss__t179              1.67089e-05
xcmis.xcore.vss__t293              2.62013e-12
xcmis.xcore.vss__t76               1.65058e-05
xcmis.xcore.ibias__t149                1.12786
xcmis.xcore.tail__t302                 1.56853
xcmis.xcore.vss__t294              2.58829e-12
xcmis.xcore.tail__t201                 1.56853
xcmis.xcore.ibias__t148                1.12786
xcmis.xcore.vss__t178              1.63027e-05
xcmis.xcore.vss__t295              2.55646e-12
xcmis.xcore.vss__t75               1.60996e-05
xcmis.xcore.ibias__t147                1.12786
xcmis.xcore.tail__t301                 1.56853
xcmis.xcore.vss__t296              2.52462e-12
xcmis.xcore.tail__t200                 1.56853
xcmis.xcore.ibias__t146                1.12786
xcmis.xcore.vss__t177              1.58965e-05
xcmis.xcore.vss__t297              2.49279e-12
xcmis.xcore.vss__t98               1.56935e-05
xcmis.xcore.ibias__t193                1.12786
xcmis.xcore.tail__t320                 1.56853
xcmis.xcore.vss__t298              2.46095e-12
xcmis.xcore.tail__t226                 1.56853
xcmis.xcore.ibias__t208                1.12786
xcmis.xcore.vss__t208              1.54904e-05
xcmis.xcore.vss__t299              2.42912e-12
xcmis.xcore.vss__t105              1.52874e-05
xcmis.xcore.ibias__t207                1.12786
xcmis.xcore.tail__t327                 1.56853
xcmis.xcore.vss__t300               2.3973e-12
xcmis.xcore.tail__t225                 1.56853
xcmis.xcore.ibias__t206                1.12786
xcmis.xcore.vss__t207              1.50844e-05
xcmis.xcore.vss__t301              2.36547e-12
xcmis.xcore.vss__t104              1.48814e-05
xcmis.xcore.ibias__t205                1.12786
xcmis.xcore.tail__t326                 1.56853
xcmis.xcore.vss__t302              2.33365e-12
xcmis.xcore.tail__t224                 1.56853
xcmis.xcore.ibias__t204                1.12786
xcmis.xcore.vss__t206              1.46784e-05
xcmis.xcore.vss__t303              2.30183e-12
xcmis.xcore.vss__t103              1.44754e-05
xcmis.xcore.ibias__t203                1.12786
xcmis.xcore.tail__t325                 1.56853
xcmis.xcore.vss__t304              2.27001e-12
xcmis.xcore.tail__t223                 1.56853
xcmis.xcore.ibias__t202                1.12786
xcmis.xcore.vss__t205              1.42725e-05
xcmis.xcore.vss__t305              2.23819e-12
xcmis.xcore.vss__t102              1.40696e-05
xcmis.xcore.ibias__t201                1.12786
xcmis.xcore.tail__t324                 1.56853
xcmis.xcore.vss__t306              2.20638e-12
xcmis.xcore.tail__t222                 1.56853
xcmis.xcore.ibias__t200                1.12786
xcmis.xcore.vss__t204              1.38667e-05
xcmis.xcore.vss__t307              2.17457e-12
xcmis.xcore.vss__t101              1.36638e-05
xcmis.xcore.ibias__t199                1.12786
xcmis.xcore.tail__t323                 1.56853
xcmis.xcore.vss__t308              2.14276e-12
xcmis.xcore.tail__t221                 1.56853
xcmis.xcore.ibias__t198                1.12786
xcmis.xcore.vss__t203              1.34609e-05
xcmis.xcore.vss__t309              2.11096e-12
xcmis.xcore.vss__t100              1.32581e-05
xcmis.xcore.ibias__t197                1.12786
xcmis.xcore.tail__t322                 1.56853
xcmis.xcore.vss__t310              2.07916e-12
xcmis.xcore.tail__t220                 1.56853
xcmis.xcore.ibias__t196                1.12786
xcmis.xcore.vss__t202              1.30553e-05
xcmis.xcore.vss__t311              2.04736e-12
xcmis.xcore.vss__t80               1.28525e-05
xcmis.xcore.ibias__t157                1.12786
xcmis.xcore.tail__t306                 1.56854
xcmis.xcore.vss__t312              2.01557e-12
xcmis.xcore.tail__t185                 1.56854
xcmis.xcore.ibias__t116                1.12786
xcmis.xcore.vss__t162              1.26497e-05
xcmis.xcore.vss__t313              1.98378e-12
xcmis.xcore.vss__t59                1.2447e-05
xcmis.xcore.ibias__t115                1.12786
xcmis.xcore.tail__t285                 1.56854
xcmis.xcore.vss__t314                1.952e-12
xcmis.xcore.tail__t184                 1.56854
xcmis.xcore.ibias__t114                1.12786
xcmis.xcore.vss__t161              1.22443e-05
xcmis.xcore.vss__t315              1.92022e-12
xcmis.xcore.vss__t71               1.20416e-05
xcmis.xcore.ibias__t139                1.12786
xcmis.xcore.tail__t297                 1.56854
xcmis.xcore.vss__t316              1.88844e-12
xcmis.xcore.tail__t196                 1.56854
xcmis.xcore.ibias__t138                1.12786
xcmis.xcore.vss__t173               1.1839e-05
xcmis.xcore.vss__t317              1.85667e-12
xcmis.xcore.vss__t70               1.16364e-05
xcmis.xcore.ibias__t137                1.12786
xcmis.xcore.tail__t296                 1.56854
xcmis.xcore.vss__t318               1.8249e-12
xcmis.xcore.tail__t195                 1.56854
xcmis.xcore.ibias__t136                1.12786
xcmis.xcore.vss__t172              1.14338e-05
xcmis.xcore.vss__t319              1.79314e-12
xcmis.xcore.vss__t69               1.12313e-05
xcmis.xcore.ibias__t135                1.12786
xcmis.xcore.tail__t295                 1.56854
xcmis.xcore.vss__t320              1.76139e-12
xcmis.xcore.tail__t194                 1.56854
xcmis.xcore.ibias__t134                1.12786
xcmis.xcore.vss__t171              1.10288e-05
xcmis.xcore.vss__t321              1.72964e-12
xcmis.xcore.vss__t61               1.08264e-05
xcmis.xcore.ibias__t119                1.12786
xcmis.xcore.tail__t287                 1.56854
xcmis.xcore.vss__t322               1.6979e-12
xcmis.xcore.tail__t179                 1.56854
xcmis.xcore.ibias__t103                1.12786
xcmis.xcore.vss__t156               1.0624e-05
xcmis.xcore.vss__t323              1.66616e-12
xcmis.xcore.vss__t48               1.04216e-05
xcmis.xcore.ibias__t92                 1.12786
xcmis.xcore.tail__t274                 1.56854
xcmis.xcore.vss__t324              1.63443e-12
xcmis.xcore.tail__t178                 1.56854
xcmis.xcore.ibias__t102                1.12786
xcmis.xcore.vss__t155              1.02193e-05
xcmis.xcore.vss__t325              1.60271e-12
xcmis.xcore.vss__t52               1.00171e-05
xcmis.xcore.ibias__t101                1.12786
xcmis.xcore.tail__t278                 1.56854
xcmis.xcore.vss__t326                1.571e-12
xcmis.xcore.tail__t177                 1.56854
xcmis.xcore.ibias__t100                1.12786
xcmis.xcore.vss__t154              9.81488e-06
xcmis.xcore.vss__t327               1.5393e-12
xcmis.xcore.vss__t51               9.61276e-06
xcmis.xcore.ibias__t99                 1.12786
xcmis.xcore.tail__t277                 1.56854
xcmis.xcore.vss__t328              1.50761e-12
xcmis.xcore.tail__t176                 1.56854
xcmis.xcore.ibias__t98                 1.12786
xcmis.xcore.vss__t153              9.41069e-06
xcmis.xcore.vss__t329              1.47592e-12
xcmis.xcore.vss__t58                9.2087e-06
xcmis.xcore.ibias__t113                1.12786
xcmis.xcore.tail__t284                 1.56854
xcmis.xcore.vss__t330              1.44425e-12
xcmis.xcore.tail__t174                 1.56854
xcmis.xcore.ibias__t96                 1.12786
xcmis.xcore.vss__t151              9.00678e-06
xcmis.xcore.vss__t331              1.41259e-12
xcmis.xcore.vss__t50               8.80494e-06
xcmis.xcore.ibias__t95                 1.12786
xcmis.xcore.tail__t276                 1.56854
xcmis.xcore.vss__t332              1.38094e-12
xcmis.xcore.tail__t173                 1.56854
xcmis.xcore.ibias__t94                 1.12786
xcmis.xcore.vss__t150              8.60318e-06
xcmis.xcore.vss__t333               1.3493e-12
xcmis.xcore.vss__t49               8.40152e-06
xcmis.xcore.ibias__t93                 1.12786
xcmis.xcore.tail__t275                 1.56854
xcmis.xcore.vss__t334              1.31768e-12
xcmis.xcore.tail__t172                 1.56854
xcmis.xcore.ibias__t91                 1.12786
xcmis.xcore.vss__t149              8.19995e-06
xcmis.xcore.vss__t335              1.28607e-12
xcmis.xcore.vss__t47               7.99849e-06
xcmis.xcore.ibias__t90                 1.12786
xcmis.xcore.tail__t273                 1.56854
xcmis.xcore.vss__t336              1.25448e-12
xcmis.xcore.tail__t171                 1.56854
xcmis.xcore.ibias__t89                 1.12786
xcmis.xcore.vss__t148              7.79714e-06
xcmis.xcore.vss__t337               1.2229e-12
xcmis.xcore.vss__t46               7.59591e-06
xcmis.xcore.ibias__t88                 1.12786
xcmis.xcore.tail__t272                 1.56854
xcmis.xcore.vss__t338              1.19135e-12
xcmis.xcore.tail__t170                 1.56854
xcmis.xcore.ibias__t87                 1.12786
xcmis.xcore.vss__t147              7.39481e-06
xcmis.xcore.vss__t339              1.15981e-12
xcmis.xcore.vss__t45               7.19386e-06
xcmis.xcore.ibias__t86                 1.12786
xcmis.xcore.tail__t271                 1.56854
xcmis.xcore.vss__t340               1.1283e-12
xcmis.xcore.tail__t169                 1.56854
xcmis.xcore.ibias__t85                 1.12786
xcmis.xcore.vss__t146              6.99306e-06
xcmis.xcore.vss__t341              1.09681e-12
xcmis.xcore.vss__t44               6.79243e-06
xcmis.xcore.ibias__t84                 1.12786
xcmis.xcore.tail__t270                 1.56855
xcmis.xcore.vss__t342              1.06535e-12
xcmis.xcore.tail__t168                 1.56855
xcmis.xcore.ibias__t83                 1.12786
xcmis.xcore.vss__t145              6.59199e-06
xcmis.xcore.vss__t343              1.03391e-12
xcmis.xcore.vss__t66               6.39175e-06
xcmis.xcore.ibias__t129                1.12786
xcmis.xcore.tail__t292                 1.56855
xcmis.xcore.vss__t344              1.00251e-12
xcmis.xcore.tail__t199                 1.56855
xcmis.xcore.ibias__t144                1.12786
xcmis.xcore.vss__t176              6.19173e-06
xcmis.xcore.vss__t345              9.71142e-13
xcmis.xcore.vss__t73               5.99196e-06
xcmis.xcore.ibias__t143                1.12786
xcmis.xcore.tail__t299                 1.56855
xcmis.xcore.vss__t346              9.39812e-13
xcmis.xcore.tail__t198                 1.56855
xcmis.xcore.ibias__t142                1.12786
xcmis.xcore.vss__t175              5.79245e-06
xcmis.xcore.vss__t347              9.08525e-13
xcmis.xcore.vss__t72               5.59325e-06
xcmis.xcore.ibias__t141                1.12786
xcmis.xcore.tail__t298                 1.56855
xcmis.xcore.vss__t348              8.77284e-13
xcmis.xcore.outp__t53                  2.79079
xcmis.xcore.inp__t1                     3.0855
xcmis.xcore.tail__t0                   1.56862
xcmis.xcore.vss__t460              1.39766e-12
xcmis.xcore.tail__t119                 1.56862
xcmis.xcore.inp__t53                    3.0855
xcmis.xcore.outp__t52                  2.79079
xcmis.xcore.vss__t462              1.41089e-12
xcmis.xcore.outp__t46                  2.79079
xcmis.xcore.inp__t52                    3.0855
xcmis.xcore.tail__t118                 1.56862
xcmis.xcore.vss__t463              1.42413e-12
xcmis.xcore.tail__t58                  1.56862
xcmis.xcore.inp__t61                    3.0855
xcmis.xcore.outp__t82                  2.79079
xcmis.xcore.vss__t464              1.43736e-12
xcmis.xcore.outp__t30                  2.79078
xcmis.xcore.inp__t24                    3.0855
xcmis.xcore.tail__t98                  1.56862
xcmis.xcore.vss__t465               1.4506e-12
xcmis.xcore.tail__t38                  1.56863
xcmis.xcore.inp__t23                    3.0855
xcmis.xcore.outp__t64                  2.79078
xcmis.xcore.vss__t466              1.46384e-12
xcmis.xcore.outp__t29                  2.79078
xcmis.xcore.inp__t22                    3.0855
xcmis.xcore.tail__t97                  1.56863
xcmis.xcore.vss__t467              1.47708e-12
xcmis.xcore.tail__t37                  1.56863
xcmis.xcore.inp__t21                    3.0855
xcmis.xcore.outp__t63                  2.79078
xcmis.xcore.vss__t468              1.49031e-12
xcmis.xcore.outp__t28                  2.79078
xcmis.xcore.inp__t20                    3.0855
xcmis.xcore.tail__t96                  1.56863
xcmis.xcore.vss__t469              1.50355e-12
xcmis.xcore.tail__t36                  1.56863
xcmis.xcore.inp__t19                    3.0855
xcmis.xcore.outp__t62                  2.79078
xcmis.xcore.vss__t470              1.51679e-12
xcmis.xcore.outp__t27                  2.79077
xcmis.xcore.inp__t18                    3.0855
xcmis.xcore.tail__t95                  1.56863
xcmis.xcore.vss__t471              1.53003e-12
xcmis.xcore.tail__t35                  1.56863
xcmis.xcore.inp__t17                    3.0855
xcmis.xcore.outp__t61                  2.79077
xcmis.xcore.vss__t472              1.54327e-12
xcmis.xcore.outp__t26                  2.79077
xcmis.xcore.inp__t16                    3.0855
xcmis.xcore.tail__t94                  1.56863
xcmis.xcore.vss__t473              1.55652e-12
xcmis.xcore.tail__t33                  1.56863
xcmis.xcore.inp__t15                    3.0855
xcmis.xcore.outp__t60                  2.79077
xcmis.xcore.vss__t474              1.56976e-12
xcmis.xcore.outp__t47                  2.79077
xcmis.xcore.inp__t54                    3.0855
xcmis.xcore.tail__t120                 1.56863
xcmis.xcore.vss__t475                1.583e-12
xcmis.xcore.tail__t54                  1.56863
xcmis.xcore.inp__t55                    3.0855
xcmis.xcore.outp__t78                  2.79077
xcmis.xcore.vss__t476              1.59624e-12
xcmis.xcore.outp__t51                  2.79076
xcmis.xcore.inp__t63                    3.0855
xcmis.xcore.tail__t126                 1.56863
xcmis.xcore.vss__t477              1.60948e-12
xcmis.xcore.tail__t57                  1.56864
xcmis.xcore.inp__t60                    3.0855
xcmis.xcore.outp__t81                  2.79076
xcmis.xcore.vss__t478              1.62273e-12
xcmis.xcore.outp__t49                  2.79076
xcmis.xcore.inp__t59                    3.0855
xcmis.xcore.tail__t122                 1.56864
xcmis.xcore.vss__t479              1.63597e-12
xcmis.xcore.tail__t56                  1.56864
xcmis.xcore.inp__t58                    3.0855
xcmis.xcore.outp__t80                  2.79076
xcmis.xcore.vss__t480              1.64922e-12
xcmis.xcore.outp__t48                  2.79076
xcmis.xcore.inp__t57                    3.0855
xcmis.xcore.tail__t121                 1.56864
xcmis.xcore.vss__t481              1.66246e-12
xcmis.xcore.tail__t55                  1.56864
xcmis.xcore.inp__t56                    3.0855
xcmis.xcore.outp__t79                  2.79076
xcmis.xcore.vss__t482               1.6757e-12
xcmis.xcore.outp__t24                  2.79075
xcmis.xcore.inp__t11                    3.0855
xcmis.xcore.tail__t92                  1.56864
xcmis.xcore.vss__t483              1.68895e-12
xcmis.xcore.tail__t30                  1.56864
xcmis.xcore.inp__t10                    3.0855
xcmis.xcore.outp__t57                  2.79075
xcmis.xcore.vss__t484               1.7022e-12
xcmis.xcore.outp__t23                  2.79075
xcmis.xcore.inp__t9                     3.0855
xcmis.xcore.tail__t88                  1.56864
xcmis.xcore.vss__t485              1.71544e-12
xcmis.xcore.tail__t32                  1.56864
xcmis.xcore.inp__t14                    3.0855
xcmis.xcore.outp__t59                  2.79075
xcmis.xcore.vss__t486              1.72869e-12
xcmis.xcore.outp__t25                  2.79075
xcmis.xcore.inp__t13                    3.0855
xcmis.xcore.tail__t93                  1.56864
xcmis.xcore.vss__t487              1.74193e-12
xcmis.xcore.tail__t60                  1.56864
xcmis.xcore.inp__t0                     3.0855
xcmis.xcore.outp__t83                  2.79075
xcmis.xcore.vss__t488              1.75518e-12
xcmis.xcore.outp__t50                  2.79074
xcmis.xcore.inp__t62                    3.0855
xcmis.xcore.tail__t123                 1.56864
xcmis.xcore.vss__t489              1.76843e-12
xcmis.xcore.tail__t42                  1.56864
xcmis.xcore.inp__t29                    3.0855
xcmis.xcore.outp__t67                  2.79074
xcmis.xcore.vss__t490              1.78168e-12
xcmis.xcore.outp__t32                  2.79074
xcmis.xcore.inp__t28                    3.0855
xcmis.xcore.tail__t102                 1.56865
xcmis.xcore.vss__t491              1.79492e-12
xcmis.xcore.tail__t41                  1.56865
xcmis.xcore.inp__t27                    3.0855
xcmis.xcore.outp__t66                  2.79074
xcmis.xcore.vss__t492              1.80817e-12
xcmis.xcore.outp__t31                  2.79074
xcmis.xcore.inp__t26                    3.0855
xcmis.xcore.tail__t101                 1.56865
xcmis.xcore.vss__t493              1.82142e-12
xcmis.xcore.tail__t40                  1.56865
xcmis.xcore.inp__t25                    3.0855
xcmis.xcore.outp__t65                  2.79074
xcmis.xcore.vss__t494              1.83467e-12
xcmis.xcore.outp__t20                  2.79074
xcmis.xcore.inp__t4                     3.0855
xcmis.xcore.tail__t74                  1.56865
xcmis.xcore.vss__t495              1.84792e-12
xcmis.xcore.tail__t14                  1.56865
xcmis.xcore.inp__t3                     3.0855
xcmis.xcore.outp__t54                  2.79073
xcmis.xcore.vss__t496              1.86117e-12
xcmis.xcore.outp__t22                  2.79073
xcmis.xcore.inp__t7                     3.0855
xcmis.xcore.tail__t76                  1.56865
xcmis.xcore.vss__t497              1.87442e-12
xcmis.xcore.tail__t16                  1.56865
xcmis.xcore.inp__t6                     3.0855
xcmis.xcore.outp__t55                  2.79073
xcmis.xcore.vss__t498              1.88767e-12
xcmis.xcore.outp__t21                  2.79073
xcmis.xcore.inp__t5                     3.0855
xcmis.xcore.tail__t75                  1.56865
xcmis.xcore.vss__t499              1.90092e-12
xcmis.xcore.tail__t19                  1.56865
xcmis.xcore.inp__t8                     3.0855
xcmis.xcore.outp__t56                  2.79073
xcmis.xcore.vss__t500              1.91417e-12
xcmis.xcore.outp__t45                  2.79073
xcmis.xcore.inp__t50                    3.0855
xcmis.xcore.tail__t116                 1.56865
xcmis.xcore.vss__t501              1.92742e-12
xcmis.xcore.tail__t51                  1.56865
xcmis.xcore.inp__t49                    3.0855
xcmis.xcore.outp__t76                  2.79072
xcmis.xcore.vss__t502              1.94067e-12
xcmis.xcore.outp__t44                  2.79072
xcmis.xcore.inp__t48                    3.0855
xcmis.xcore.tail__t115                 1.56866
xcmis.xcore.vss__t503              1.95392e-12
xcmis.xcore.tail__t50                  1.56866
xcmis.xcore.inp__t47                    3.0855
xcmis.xcore.outp__t75                  2.79072
xcmis.xcore.vss__t504              1.96717e-12
xcmis.xcore.outp__t43                  2.79072
xcmis.xcore.inp__t46                    3.0855
xcmis.xcore.tail__t114                 1.56866
xcmis.xcore.vss__t505              1.98043e-12
xcmis.xcore.tail__t49                  1.56866
xcmis.xcore.inp__t45                    3.0855
xcmis.xcore.outp__t74                  2.79072
xcmis.xcore.vss__t506              1.99368e-12
xcmis.xcore.outp__t42                  2.79072
xcmis.xcore.inp__t44                    3.0855
xcmis.xcore.tail__t113                 1.56866
xcmis.xcore.vss__t507              2.00693e-12
xcmis.xcore.tail__t48                  1.56866
xcmis.xcore.inp__t43                    3.0855
xcmis.xcore.outp__t73                  2.79071
xcmis.xcore.vss__t508              2.02018e-12
xcmis.xcore.outp__t41                  2.79071
xcmis.xcore.inp__t42                    3.0855
xcmis.xcore.tail__t112                 1.56866
xcmis.xcore.vss__t509              2.03344e-12
xcmis.xcore.tail__t47                  1.56866
xcmis.xcore.inp__t41                    3.0855
xcmis.xcore.outp__t72                  2.79071
xcmis.xcore.vss__t510              2.04669e-12
xcmis.xcore.outp__t40                  2.79071
xcmis.xcore.inp__t40                    3.0855
xcmis.xcore.tail__t111                 1.56866
xcmis.xcore.vss__t511              2.05994e-12
xcmis.xcore.tail__t46                  1.56866
xcmis.xcore.inp__t39                    3.0855
xcmis.xcore.outp__t71                  2.79071
xcmis.xcore.vss__t512               2.0732e-12
xcmis.xcore.outp__t39                  2.79071
xcmis.xcore.inp__t38                    3.0855
xcmis.xcore.tail__t110                 1.56866
xcmis.xcore.vss__t513              2.08645e-12
xcmis.xcore.tail__t53                  1.56866
xcmis.xcore.inp__t51                    3.0855
xcmis.xcore.outp__t77                   2.7907
xcmis.xcore.vss__t514               2.0997e-12
xcmis.xcore.outp__t38                   2.7907
xcmis.xcore.inp__t37                    3.0855
xcmis.xcore.tail__t108                 1.56866
xcmis.xcore.vss__t515              2.11296e-12
xcmis.xcore.tail__t45                  1.56867
xcmis.xcore.inp__t36                    3.0855
xcmis.xcore.outp__t70                   2.7907
xcmis.xcore.vss__t516              2.12621e-12
xcmis.xcore.outp__t37                   2.7907
xcmis.xcore.inp__t35                    3.0855
xcmis.xcore.tail__t107                 1.56867
xcmis.xcore.vss__t517              2.13946e-12
xcmis.xcore.tail__t44                  1.56867
xcmis.xcore.inp__t34                    3.0855
xcmis.xcore.outp__t69                   2.7907
xcmis.xcore.vss__t518              2.15272e-12
xcmis.xcore.outp__t36                   2.7907
xcmis.xcore.inp__t33                    3.0855
xcmis.xcore.tail__t106                 1.56867
xcmis.xcore.vss__t519              2.16597e-12
xcmis.xcore.tail__t31                  1.56867
xcmis.xcore.inp__t12                    3.0855
xcmis.xcore.outp__t58                  2.79069
xcmis.xcore.vss__t520              2.17923e-12
xcmis.xcore.outp__t35                  2.79069
xcmis.xcore.inp__t32                    3.0855
xcmis.xcore.tail__t104                 1.56867
xcmis.xcore.vss__t521              2.19248e-12
xcmis.xcore.tail__t43                  1.56867
xcmis.xcore.inp__t31                    3.0855
xcmis.xcore.outp__t68                  2.79069
xcmis.xcore.vss__t522              2.20574e-12
xcmis.xcore.outp__t33                  2.79069
xcmis.xcore.inp__t30                    3.0855
xcmis.xcore.tail__t103                 1.56867
xcmis.xcore.vss__t523              2.21899e-12
xcmis.xcore.tail__t1                   1.56867
xcmis.xcore.inp__t2                     3.0855
xcmis.xcore.outp__t34                  2.79069
xcmis.xcore.vss__t586              2.23225e-12
xcmis.xcore.ibias__t215                1.12513
xcmis.xcore.ibias__t3                  1.12786
xcmis.xcore.vss__t2                2.51858e-05
xcmis.xcore.vss__t459              5.66833e-13
xcmis.xcore.vss__t81               2.49859e-05
xcmis.xcore.ibias__t158                1.12786
xcmis.xcore.ibias__t216                1.12516
xcmis.xcore.vss__t448              5.62349e-13
xcmis.xcore.ibias__t213                1.12519
xcmis.xcore.ibias__t171                1.12786
xcmis.xcore.vss__t190              2.47861e-05
xcmis.xcore.vss__t449              5.57865e-13
xcmis.xcore.vss__t83               2.45863e-05
xcmis.xcore.ibias__t163                1.12786
xcmis.xcore.ibias__t218                1.12522
xcmis.xcore.vss__t450              5.53381e-13
xcmis.xcore.ibias__t212                1.12525
xcmis.xcore.ibias__t162                1.12786
xcmis.xcore.vss__t185              2.43865e-05
xcmis.xcore.vss__t451              5.48897e-13
xcmis.xcore.vss__t89               2.41867e-05
xcmis.xcore.ibias__t177                1.12786
xcmis.xcore.ibias__t219                1.12528
xcmis.xcore.vss__t452              5.44412e-13
xcmis.xcore.ibias__t211                1.12531
xcmis.xcore.ibias__t160                1.12786
xcmis.xcore.vss__t183              2.39868e-05
xcmis.xcore.vss__t453              5.39928e-13
xcmis.xcore.vss__t82                2.3787e-05
xcmis.xcore.ibias__t159                1.12786
xcmis.xcore.ibias__t217                1.12534
xcmis.xcore.vss__t454              5.35443e-13
xcmis.xcore.ibias__t214                1.12537
xcmis.xcore.ibias__t174                1.12786
xcmis.xcore.vss__t192              2.35872e-05
xcmis.xcore.vss__t455              5.30958e-13
xcmis.xcore.vss__t3                2.33874e-05
xcmis.xcore.ibias__t4                  1.12786
xcmis.xcore.ibias__t210                 1.1254
xcmis.xcore.vss__t457              5.26473e-13
xcmis.xcore.outn__t52                      3.3
xcmis.xcore.inn__t1                     1.9965
xcmis.xcore.tail__t3                   1.56856
xcmis.xcore.vss__t461              1.55989e-12
xcmis.xcore.tail__t62                  1.56856
xcmis.xcore.inn__t58                    1.9965
xcmis.xcore.outn__t81                      3.3
xcmis.xcore.vss__t524              1.57469e-12
xcmis.xcore.outn__t49                      3.3
xcmis.xcore.inn__t59                    1.9965
xcmis.xcore.tail__t124                 1.56856
xcmis.xcore.vss__t525               1.5895e-12
xcmis.xcore.tail__t63                  1.56856
xcmis.xcore.inn__t60                    1.9965
xcmis.xcore.outn__t82                      3.3
xcmis.xcore.vss__t526               1.6043e-12
xcmis.xcore.outn__t50                      3.3
xcmis.xcore.inn__t61                    1.9965
xcmis.xcore.tail__t125                 1.56856
xcmis.xcore.vss__t527              1.61911e-12
xcmis.xcore.tail__t64                  1.56856
xcmis.xcore.inn__t62                    1.9965
xcmis.xcore.outn__t83                      3.3
xcmis.xcore.vss__t528              1.63391e-12
xcmis.xcore.outn__t46                      3.3
xcmis.xcore.inn__t52                    1.9965
xcmis.xcore.tail__t105                 1.56856
xcmis.xcore.vss__t529              1.64871e-12
xcmis.xcore.tail__t15                  1.56856
xcmis.xcore.inn__t21                    1.9965
xcmis.xcore.outn__t63                      3.3
xcmis.xcore.vss__t530              1.66352e-12
xcmis.xcore.outn__t45                      3.3
xcmis.xcore.inn__t51                    1.9965
xcmis.xcore.tail__t100                 1.56856
xcmis.xcore.vss__t531              1.67833e-12
xcmis.xcore.tail__t34                  1.56856
xcmis.xcore.inn__t48                    1.9965
xcmis.xcore.outn__t76                      3.3
xcmis.xcore.vss__t532              1.69313e-12
xcmis.xcore.outn__t44                      3.3
xcmis.xcore.inn__t50                    1.9965
xcmis.xcore.tail__t99                  1.56856
xcmis.xcore.vss__t533              1.70794e-12
xcmis.xcore.tail__t61                  1.56856
xcmis.xcore.inn__t57                    1.9965
xcmis.xcore.outn__t80                      3.3
xcmis.xcore.vss__t534              1.72274e-12
xcmis.xcore.outn__t40                      3.3
xcmis.xcore.inn__t42                    1.9965
xcmis.xcore.tail__t87                  1.56856
xcmis.xcore.vss__t535              1.73755e-12
xcmis.xcore.tail__t27                  1.56856
xcmis.xcore.inn__t41                    1.9965
xcmis.xcore.outn__t73                      3.3
xcmis.xcore.vss__t536              1.75236e-12
xcmis.xcore.outn__t39                      3.3
xcmis.xcore.inn__t40                    1.9965
xcmis.xcore.tail__t86                  1.56856
xcmis.xcore.vss__t537              1.76717e-12
xcmis.xcore.tail__t26                  1.56856
xcmis.xcore.inn__t39                    1.9965
xcmis.xcore.outn__t72                      3.3
xcmis.xcore.vss__t538              1.78197e-12
xcmis.xcore.outn__t38                      3.3
xcmis.xcore.inn__t38                    1.9965
xcmis.xcore.tail__t85                  1.56856
xcmis.xcore.vss__t539              1.79678e-12
xcmis.xcore.tail__t25                  1.56856
xcmis.xcore.inn__t37                    1.9965
xcmis.xcore.outn__t71                      3.3
xcmis.xcore.vss__t540              1.81159e-12
xcmis.xcore.outn__t47                      3.3
xcmis.xcore.inn__t53                    1.9965
xcmis.xcore.tail__t109                 1.56856
xcmis.xcore.vss__t541               1.8264e-12
xcmis.xcore.tail__t52                  1.56856
xcmis.xcore.inn__t55                    1.9965
xcmis.xcore.outn__t78                      3.3
xcmis.xcore.vss__t542              1.84121e-12
xcmis.xcore.outn__t48                      3.3
xcmis.xcore.inn__t54                    1.9965
xcmis.xcore.tail__t117                 1.56856
xcmis.xcore.vss__t543              1.85602e-12
xcmis.xcore.tail__t39                  1.56856
xcmis.xcore.inn__t49                    1.9965
xcmis.xcore.outn__t77                      3.3
xcmis.xcore.vss__t544              1.87083e-12
xcmis.xcore.outn__t41                      3.3
xcmis.xcore.inn__t43                    1.9965
xcmis.xcore.tail__t89                  1.56856
xcmis.xcore.vss__t545              1.88564e-12
xcmis.xcore.tail__t29                  1.56856
xcmis.xcore.inn__t47                    1.9965
xcmis.xcore.outn__t75                      3.3
xcmis.xcore.vss__t546              1.90045e-12
xcmis.xcore.outn__t43                      3.3
xcmis.xcore.inn__t46                    1.9965
xcmis.xcore.tail__t91                  1.56856
xcmis.xcore.vss__t547              1.91526e-12
xcmis.xcore.tail__t28                  1.56856
xcmis.xcore.inn__t45                    1.9965
xcmis.xcore.outn__t74                      3.3
xcmis.xcore.vss__t548              1.93007e-12
xcmis.xcore.outn__t42                      3.3
xcmis.xcore.inn__t44                    1.9965
xcmis.xcore.tail__t90                  1.56856
xcmis.xcore.vss__t549              1.94488e-12
xcmis.xcore.tail__t59                  1.56856
xcmis.xcore.inn__t56                    1.9965
xcmis.xcore.outn__t79                      3.3
xcmis.xcore.vss__t550              1.95969e-12
xcmis.xcore.outn__t51                      3.3
xcmis.xcore.inn__t63                    1.9965
xcmis.xcore.tail__t127                 1.56856
xcmis.xcore.vss__t551               1.9745e-12
xcmis.xcore.tail__t13                  1.56856
xcmis.xcore.inn__t19                    1.9965
xcmis.xcore.outn__t62                      3.3
xcmis.xcore.vss__t552              1.98931e-12
xcmis.xcore.outn__t28                      3.3
xcmis.xcore.inn__t18                    1.9965
xcmis.xcore.tail__t72                  1.56856
xcmis.xcore.vss__t553              2.00413e-12
xcmis.xcore.tail__t12                  1.56856
xcmis.xcore.inn__t17                    1.9965
xcmis.xcore.outn__t61                      3.3
xcmis.xcore.vss__t554              2.01894e-12
xcmis.xcore.outn__t27                      3.3
xcmis.xcore.inn__t16                    1.9965
xcmis.xcore.tail__t71                  1.56856
xcmis.xcore.vss__t555              2.03375e-12
xcmis.xcore.tail__t11                  1.56856
xcmis.xcore.inn__t15                    1.9965
xcmis.xcore.outn__t60                      3.3
xcmis.xcore.vss__t556              2.04856e-12
xcmis.xcore.outn__t26                      3.3
xcmis.xcore.inn__t14                    1.9965
xcmis.xcore.tail__t70                  1.56856
xcmis.xcore.vss__t557              2.06338e-12
xcmis.xcore.tail__t10                  1.56856
xcmis.xcore.inn__t13                    1.9965
xcmis.xcore.outn__t59                      3.3
xcmis.xcore.vss__t558              2.07819e-12
xcmis.xcore.outn__t25                      3.3
xcmis.xcore.inn__t12                    1.9965
xcmis.xcore.tail__t69                  1.56856
xcmis.xcore.vss__t559                2.093e-12
xcmis.xcore.tail__t6                   1.56856
xcmis.xcore.inn__t5                     1.9965
xcmis.xcore.outn__t55                      3.3
xcmis.xcore.vss__t560              2.10781e-12
xcmis.xcore.outn__t24                      3.3
xcmis.xcore.inn__t11                    1.9965
xcmis.xcore.tail__t68                  1.56856
xcmis.xcore.vss__t561              2.12263e-12
xcmis.xcore.tail__t4                   1.56856
xcmis.xcore.inn__t2                     1.9965
xcmis.xcore.outn__t53                      3.3
xcmis.xcore.vss__t562              2.13744e-12
xcmis.xcore.outn__t21                      3.3
xcmis.xcore.inn__t3                     1.9965
xcmis.xcore.tail__t65                  1.56856
xcmis.xcore.vss__t563              2.15225e-12
xcmis.xcore.tail__t5                   1.56856
xcmis.xcore.inn__t4                     1.9965
xcmis.xcore.outn__t54                      3.3
xcmis.xcore.vss__t564              2.16707e-12
xcmis.xcore.outn__t22                      3.3
xcmis.xcore.inn__t6                     1.9965
xcmis.xcore.tail__t66                  1.56856
xcmis.xcore.vss__t565              2.18188e-12
xcmis.xcore.tail__t7                   1.56856
xcmis.xcore.inn__t7                     1.9965
xcmis.xcore.outn__t56                      3.3
xcmis.xcore.vss__t566               2.1967e-12
xcmis.xcore.outn__t23                      3.3
xcmis.xcore.inn__t8                     1.9965
xcmis.xcore.tail__t67                  1.56856
xcmis.xcore.vss__t567              2.21151e-12
xcmis.xcore.tail__t8                   1.56856
xcmis.xcore.inn__t9                     1.9965
xcmis.xcore.outn__t57                      3.3
xcmis.xcore.vss__t568              2.22632e-12
xcmis.xcore.outn__t29                      3.3
xcmis.xcore.inn__t20                    1.9965
xcmis.xcore.tail__t73                  1.56856
xcmis.xcore.vss__t569              2.24114e-12
xcmis.xcore.tail__t9                   1.56856
xcmis.xcore.inn__t10                    1.9965
xcmis.xcore.outn__t58                      3.3
xcmis.xcore.vss__t570              2.25595e-12
xcmis.xcore.outn__t36                      3.3
xcmis.xcore.inn__t35                    1.9965
xcmis.xcore.tail__t83                  1.56856
xcmis.xcore.vss__t571              2.27077e-12
xcmis.xcore.tail__t24                  1.56856
xcmis.xcore.inn__t34                    1.9965
xcmis.xcore.outn__t70                      3.3
xcmis.xcore.vss__t572              2.28558e-12
xcmis.xcore.outn__t35                      3.3
xcmis.xcore.inn__t33                    1.9965
xcmis.xcore.tail__t82                  1.56856
xcmis.xcore.vss__t573               2.3004e-12
xcmis.xcore.tail__t23                  1.56856
xcmis.xcore.inn__t32                    1.9965
xcmis.xcore.outn__t69                      3.3
xcmis.xcore.vss__t574              2.31521e-12
xcmis.xcore.outn__t34                      3.3
xcmis.xcore.inn__t31                    1.9965
xcmis.xcore.tail__t81                  1.56856
xcmis.xcore.vss__t575              2.33003e-12
xcmis.xcore.tail__t22                  1.56856
xcmis.xcore.inn__t30                    1.9965
xcmis.xcore.outn__t68                      3.3
xcmis.xcore.vss__t576              2.34485e-12
xcmis.xcore.outn__t33                      3.3
xcmis.xcore.inn__t29                    1.9965
xcmis.xcore.tail__t80                  1.56856
xcmis.xcore.vss__t577              2.35966e-12
xcmis.xcore.tail__t21                  1.56856
xcmis.xcore.inn__t28                    1.9965
xcmis.xcore.outn__t67                      3.3
xcmis.xcore.vss__t578              2.37448e-12
xcmis.xcore.outn__t32                      3.3
xcmis.xcore.inn__t27                    1.9965
xcmis.xcore.tail__t79                  1.56856
xcmis.xcore.vss__t579              2.38929e-12
xcmis.xcore.tail__t20                  1.56856
xcmis.xcore.inn__t26                    1.9965
xcmis.xcore.outn__t66                      3.3
xcmis.xcore.vss__t580              2.40411e-12
xcmis.xcore.outn__t37                      3.3
xcmis.xcore.inn__t36                    1.9965
xcmis.xcore.tail__t84                  1.56856
xcmis.xcore.vss__t581              2.41893e-12
xcmis.xcore.tail__t18                  1.56856
xcmis.xcore.inn__t25                    1.9965
xcmis.xcore.outn__t65                      3.3
xcmis.xcore.vss__t582              2.43374e-12
xcmis.xcore.outn__t31                      3.3
xcmis.xcore.inn__t24                    1.9965
xcmis.xcore.tail__t78                  1.56856
xcmis.xcore.vss__t583              2.44856e-12
xcmis.xcore.tail__t17                  1.56856
xcmis.xcore.inn__t23                    1.9965
xcmis.xcore.outn__t64                      3.3
xcmis.xcore.vss__t584              2.46337e-12
xcmis.xcore.outn__t30                      3.3
xcmis.xcore.inn__t22                    1.9965
xcmis.xcore.tail__t77                  1.56856
xcmis.xcore.vss__t585              2.47819e-12
xcmis.xcore.tail__t2                   1.56856
xcmis.xcore.inn__t0                     1.9965
xcmis.xcore.outn__t20                      3.3
xcmis.xcore.vss__t587              2.49301e-12
xcmis.xcore.vss__t210              2.59873e-12
xcmis.xcore.outp__t16                   2.7909
xcmis.xcore.vss__t211              2.56818e-12
xcmis.xcore.outp__t17                   2.7909
xcmis.xcore.vss__t212              2.53766e-12
xcmis.xcore.outp__t18                   2.7909
xcmis.xcore.vss__t213              2.50716e-12
xcmis.xcore.outp__t19                   2.7909
xcmis.xcore.vss__t214               2.4767e-12
xcmis.xcore.outp__t0                    2.7909
xcmis.xcore.vss__t215              2.44626e-12
xcmis.xcore.outp__t1                    2.7909
xcmis.xcore.vss__t216              2.41584e-12
xcmis.xcore.outp__t2                    2.7909
xcmis.xcore.vss__t217              2.38546e-12
xcmis.xcore.outp__t3                    2.7909
xcmis.xcore.vss__t218              2.35511e-12
xcmis.xcore.outp__t4                    2.7909
xcmis.xcore.vss__t219              2.32479e-12
xcmis.xcore.outp__t15                   2.7909
xcmis.xcore.vss__t220               2.2945e-12
xcmis.xcore.outp__t6                    2.7909
xcmis.xcore.vss__t221              2.26425e-12
xcmis.xcore.outp__t7                    2.7909
xcmis.xcore.vss__t222              2.23403e-12
xcmis.xcore.outp__t8                    2.7909
xcmis.xcore.vss__t223              2.20385e-12
xcmis.xcore.outp__t9                    2.7909
xcmis.xcore.vss__t224              2.17371e-12
xcmis.xcore.outp__t10                   2.7909
xcmis.xcore.vss__t225              2.14361e-12
xcmis.xcore.outp__t11                   2.7909
xcmis.xcore.vss__t226              2.11356e-12
xcmis.xcore.outp__t12                   2.7909
xcmis.xcore.vss__t227              2.08354e-12
xcmis.xcore.outp__t13                   2.7909
xcmis.xcore.vss__t228              2.05357e-12
xcmis.xcore.outp__t14                   2.7909
xcmis.xcore.vss__t229              2.02366e-12
xcmis.xcore.outp__t5                    2.7909
xcmis.xcore.vss__t230              2.18457e-12
xcmis.xcore.outn__t0                       3.3
xcmis.xcore.vss__t231              2.21955e-12
xcmis.xcore.outn__t5                       3.3
xcmis.xcore.vss__t232              2.25461e-12
xcmis.xcore.outn__t6                       3.3
xcmis.xcore.vss__t233              2.28973e-12
xcmis.xcore.outn__t7                       3.3
xcmis.xcore.vss__t234              2.32493e-12
xcmis.xcore.outn__t8                       3.3
xcmis.xcore.vss__t235              2.36019e-12
xcmis.xcore.outn__t9                       3.3
xcmis.xcore.vss__t236              2.39551e-12
xcmis.xcore.outn__t10                      3.3
xcmis.xcore.vss__t237              2.43089e-12
xcmis.xcore.outn__t11                      3.3
xcmis.xcore.vss__t238              2.46633e-12
xcmis.xcore.outn__t12                      3.3
xcmis.xcore.vss__t239              2.50182e-12
xcmis.xcore.outn__t13                      3.3
xcmis.xcore.vss__t240              2.53736e-12
xcmis.xcore.outn__t14                      3.3
xcmis.xcore.vss__t241              2.57296e-12
xcmis.xcore.outn__t15                      3.3
xcmis.xcore.vss__t242               2.6086e-12
xcmis.xcore.outn__t16                      3.3
xcmis.xcore.vss__t243              2.64429e-12
xcmis.xcore.outn__t17                      3.3
xcmis.xcore.vss__t244              2.68002e-12
xcmis.xcore.outn__t19                      3.3
xcmis.xcore.vss__t245              2.71579e-12
xcmis.xcore.outn__t18                      3.3
xcmis.xcore.vss__t246              2.75161e-12
xcmis.xcore.outn__t1                       3.3
xcmis.xcore.vss__t247              2.78746e-12
xcmis.xcore.outn__t2                       3.3
xcmis.xcore.vss__t248              2.82335e-12
xcmis.xcore.outn__t3                       3.3
xcmis.xcore.vss__t249              2.85928e-12
xcmis.xcore.outn__t4                       3.3
ib_cmis                                1.12786
xcmis.xcore.vsubs                            0
outn_cmis                                  3.3
outp_cmis                               2.7909
xcmis.tail                             1.56856
vd_cmis                               0.509099
xvlo.xcore.tail__t186                  1.54879
xvlo.xcore.ibias__t118                 1.12786
xvlo.xcore.vss__t163               5.39053e-06
xvlo.xcore.vss__t349               6.62226e-13
xvlo.xcore.vss__t60                5.19217e-06
xvlo.xcore.ibias__t117                 1.12786
xvlo.xcore.tail__t286                  1.54879
xvlo.xcore.vss__t350                6.3786e-13
xvlo.xcore.tail__t197                  1.54879
xvlo.xcore.ibias__t140                 1.12786
xvlo.xcore.vss__t174               4.99422e-06
xvlo.xcore.vss__t351               6.13544e-13
xvlo.xcore.vss__t68                4.79673e-06
xvlo.xcore.ibias__t133                 1.12786
xvlo.xcore.tail__t294                  1.54879
xvlo.xcore.vss__t352               5.89285e-13
xvlo.xcore.tail__t193                  1.54879
xvlo.xcore.ibias__t132                 1.12786
xvlo.xcore.vss__t170               4.59977e-06
xvlo.xcore.vss__t353                5.6509e-13
xvlo.xcore.vss__t67                4.40341e-06
xvlo.xcore.ibias__t131                 1.12786
xvlo.xcore.tail__t293                  1.54879
xvlo.xcore.vss__t354               5.40969e-13
xvlo.xcore.tail__t192                  1.54879
xvlo.xcore.ibias__t130                 1.12786
xvlo.xcore.vss__t169               4.20772e-06
xvlo.xcore.vss__t355                5.1693e-13
xvlo.xcore.vss__t74                4.01281e-06
xvlo.xcore.ibias__t145                 1.12786
xvlo.xcore.tail__t300                  1.54879
xvlo.xcore.vss__t356               4.92987e-13
xvlo.xcore.tail__t191                  1.54879
xvlo.xcore.ibias__t128                 1.12786
xvlo.xcore.vss__t168                3.8188e-06
xvlo.xcore.vss__t357               4.69154e-13
xvlo.xcore.vss__t65                3.62583e-06
xvlo.xcore.ibias__t127                 1.12786
xvlo.xcore.tail__t291                  1.54879
xvlo.xcore.vss__t358               4.45449e-13
xvlo.xcore.tail__t190                  1.54879
xvlo.xcore.ibias__t126                 1.12786
xvlo.xcore.vss__t167               3.43408e-06
xvlo.xcore.vss__t359               4.21893e-13
xvlo.xcore.vss__t64                3.24376e-06
xvlo.xcore.ibias__t125                 1.12786
xvlo.xcore.tail__t290                  1.54879
xvlo.xcore.vss__t360               3.98512e-13
xvlo.xcore.tail__t189                  1.54879
xvlo.xcore.ibias__t124                 1.12786
xvlo.xcore.vss__t166               3.05514e-06
xvlo.xcore.vss__t361               3.75341e-13
xvlo.xcore.vss__t63                2.86855e-06
xvlo.xcore.ibias__t123                 1.12786
xvlo.xcore.tail__t289                  1.54879
xvlo.xcore.vss__t362               3.52419e-13
xvlo.xcore.tail__t188                  1.54879
xvlo.xcore.ibias__t122                 1.12786
xvlo.xcore.vss__t165               2.68443e-06
xvlo.xcore.vss__t363                 3.298e-13
xvlo.xcore.vss__t62                2.50331e-06
xvlo.xcore.ibias__t121                 1.12786
xvlo.xcore.tail__t288                  1.54879
xvlo.xcore.vss__t364                3.0755e-13
xvlo.xcore.tail__t187                  1.54879
xvlo.xcore.ibias__t120                 1.12786
xvlo.xcore.vss__t164                2.3259e-06
xvlo.xcore.vss__t365               2.85754e-13
xvlo.xcore.vss__t26                2.15311e-06
xvlo.xcore.ibias__t0                   1.12786
xvlo.xcore.tail__t252                  1.54879
xvlo.xcore.vss__t366               2.64527e-13
xvlo.xcore.tail__t175                  1.54879
xvlo.xcore.ibias__t97                  1.12786
xvlo.xcore.vss__t152               1.98615e-06
xvlo.xcore.vss__t367               2.44015e-13
xvlo.xcore.vss__t42                1.82662e-06
xvlo.xcore.ibias__t78                  1.12786
xvlo.xcore.tail__t268                  1.54879
xvlo.xcore.vss__t368               2.24416e-13
xvlo.xcore.tail__t164                  1.54879
xvlo.xcore.ibias__t77                  1.12786
xvlo.xcore.vss__t141               1.67663e-06
xvlo.xcore.vss__t369               2.05991e-13
xvlo.xcore.vss__t37                  1.539e-06
xvlo.xcore.ibias__t70                  1.12786
xvlo.xcore.tail__t263                  1.54879
xvlo.xcore.vss__t370               1.89082e-13
xvlo.xcore.tail__t167                  1.54879
xvlo.xcore.ibias__t82                  1.12786
xvlo.xcore.vss__t144               1.41731e-06
xvlo.xcore.vss__t371               1.74132e-13
xvlo.xcore.vss__t39                1.31601e-06
xvlo.xcore.ibias__t72                  1.12786
xvlo.xcore.tail__t265                  1.54879
xvlo.xcore.vss__t372               1.61686e-13
xvlo.xcore.tail__t162                  1.54879
xvlo.xcore.ibias__t73                  1.12786
xvlo.xcore.vss__t139               1.24008e-06
xvlo.xcore.vss__t373               1.52358e-13
xvlo.xcore.vss__t40                1.19439e-06
xvlo.xcore.ibias__t74                  1.12786
xvlo.xcore.tail__t266                   1.5488
xvlo.xcore.vss__t374               1.46745e-13
xvlo.xcore.tail__t163                   1.5488
xvlo.xcore.ibias__t75                  1.12786
xvlo.xcore.vss__t140               1.18245e-06
xvlo.xcore.vss__t375               1.45278e-13
xvlo.xcore.vss__t41                1.20525e-06
xvlo.xcore.ibias__t76                  1.12786
xvlo.xcore.tail__t267                   1.5488
xvlo.xcore.vss__t376               1.48081e-13
xvlo.xcore.tail__t129                   1.5488
xvlo.xcore.ibias__t9                   1.12786
xvlo.xcore.vss__t107               1.26092e-06
xvlo.xcore.vss__t377               1.54921e-13
xvlo.xcore.vss__t6                 1.34538e-06
xvlo.xcore.ibias__t8                   1.12786
xvlo.xcore.tail__t232                   1.5488
xvlo.xcore.vss__t378               1.65299e-13
xvlo.xcore.tail__t128                   1.5488
xvlo.xcore.ibias__t7                   1.12786
xvlo.xcore.vss__t106               1.45362e-06
xvlo.xcore.vss__t379               1.78598e-13
xvlo.xcore.vss__t5                 1.58076e-06
xvlo.xcore.ibias__t6                   1.12786
xvlo.xcore.tail__t231                   1.5488
xvlo.xcore.vss__t380                1.9422e-13
xvlo.xcore.tail__t141                   1.5488
xvlo.xcore.ibias__t31                  1.12786
xvlo.xcore.vss__t119               1.72263e-06
xvlo.xcore.vss__t381               2.11652e-13
xvlo.xcore.vss__t4                 1.87588e-06
xvlo.xcore.ibias__t5                   1.12786
xvlo.xcore.tail__t230                   1.5488
xvlo.xcore.vss__t382               2.30482e-13
xvlo.xcore.tail__t158                   1.5488
xvlo.xcore.ibias__t62                  1.12786
xvlo.xcore.vss__t135               2.03795e-06
xvlo.xcore.vss__t383               2.50396e-13
xvlo.xcore.vss__t33                2.20689e-06
xvlo.xcore.ibias__t63                  1.12786
xvlo.xcore.tail__t259                   1.5488
xvlo.xcore.vss__t384               2.71155e-13
xvlo.xcore.tail__t159                   1.5488
xvlo.xcore.ibias__t64                  1.12786
xvlo.xcore.vss__t136               2.38125e-06
xvlo.xcore.vss__t385               2.92579e-13
xvlo.xcore.vss__t34                2.55992e-06
xvlo.xcore.ibias__t65                  1.12786
xvlo.xcore.tail__t260                   1.5488
xvlo.xcore.vss__t386               3.14532e-13
xvlo.xcore.tail__t160                   1.5488
xvlo.xcore.ibias__t66                  1.12786
xvlo.xcore.vss__t137               2.74205e-06
xvlo.xcore.vss__t387               3.36912e-13
xvlo.xcore.vss__t35                  2.927e-06
xvlo.xcore.ibias__t67                  1.12786
xvlo.xcore.tail__t261                   1.5488
xvlo.xcore.vss__t388               3.59638e-13
xvlo.xcore.tail__t161                   1.5488
xvlo.xcore.ibias__t68                  1.12786
xvlo.xcore.vss__t138               3.11427e-06
xvlo.xcore.vss__t389               3.82648e-13
xvlo.xcore.vss__t36                3.30345e-06
xvlo.xcore.ibias__t69                  1.12786
xvlo.xcore.tail__t262                   1.5488
xvlo.xcore.vss__t390               4.05895e-13
xvlo.xcore.tail__t130                   1.5488
xvlo.xcore.ibias__t10                  1.12786
xvlo.xcore.vss__t108               3.49425e-06
xvlo.xcore.vss__t391                4.2934e-13
xvlo.xcore.vss__t13                3.68641e-06
xvlo.xcore.ibias__t23                  1.12786
xvlo.xcore.tail__t239                   1.5488
xvlo.xcore.vss__t392               4.52953e-13
xvlo.xcore.tail__t137                   1.5488
xvlo.xcore.ibias__t24                  1.12786
xvlo.xcore.vss__t115               3.87972e-06
xvlo.xcore.vss__t393               4.76708e-13
xvlo.xcore.vss__t14                4.07403e-06
xvlo.xcore.ibias__t25                  1.12786
xvlo.xcore.tail__t240                   1.5488
xvlo.xcore.vss__t394               5.00584e-13
xvlo.xcore.tail__t138                   1.5488
xvlo.xcore.ibias__t26                  1.12786
xvlo.xcore.vss__t116                4.2692e-06
xvlo.xcore.vss__t395               5.24567e-13
xvlo.xcore.vss__t15                4.46511e-06
xvlo.xcore.ibias__t27                  1.12786
xvlo.xcore.tail__t241                   1.5488
xvlo.xcore.vss__t396               5.48641e-13
xvlo.xcore.tail__t139                   1.5488
xvlo.xcore.ibias__t28                  1.12786
xvlo.xcore.vss__t117               4.66167e-06
xvlo.xcore.vss__t397               5.72795e-13
xvlo.xcore.vss__t16                 4.8588e-06
xvlo.xcore.ibias__t29                  1.12786
xvlo.xcore.tail__t242                   1.5488
xvlo.xcore.vss__t398               5.97019e-13
xvlo.xcore.tail__t140                   1.5488
xvlo.xcore.ibias__t30                  1.12786
xvlo.xcore.vss__t118               5.05644e-06
xvlo.xcore.vss__t399               6.21304e-13
xvlo.xcore.vss__t21                5.25453e-06
xvlo.xcore.ibias__t41                  1.12786
xvlo.xcore.tail__t247                   1.5488
xvlo.xcore.vss__t400               6.45643e-13
xvlo.xcore.tail__t142                   1.5488
xvlo.xcore.ibias__t32                  1.12786
xvlo.xcore.vss__t120               5.45301e-06
xvlo.xcore.vss__t401               6.70031e-13
xvlo.xcore.vss__t17                5.65185e-06
xvlo.xcore.ibias__t33                  1.12786
xvlo.xcore.tail__t243                   1.5488
xvlo.xcore.vss__t402               6.94461e-13
xvlo.xcore.tail__t143                   1.5488
xvlo.xcore.ibias__t34                  1.12786
xvlo.xcore.vss__t121               5.85101e-06
xvlo.xcore.vss__t403                7.1893e-13
xvlo.xcore.vss__t18                6.05047e-06
xvlo.xcore.ibias__t35                  1.12786
xvlo.xcore.tail__t244                   1.5488
xvlo.xcore.vss__t404               7.43435e-13
xvlo.xcore.tail__t144                   1.5488
xvlo.xcore.ibias__t36                  1.12786
xvlo.xcore.vss__t122               6.25018e-06
xvlo.xcore.vss__t405               7.67971e-13
xvlo.xcore.vss__t19                6.45013e-06
xvlo.xcore.ibias__t37                  1.12786
xvlo.xcore.tail__t245                   1.5488
xvlo.xcore.vss__t406               7.92536e-13
xvlo.xcore.tail__t145                   1.5488
xvlo.xcore.ibias__t38                  1.12786
xvlo.xcore.vss__t123               6.65029e-06
xvlo.xcore.vss__t407               8.17127e-13
xvlo.xcore.vss__t20                6.85065e-06
xvlo.xcore.ibias__t39                  1.12786
xvlo.xcore.tail__t246                   1.5488
xvlo.xcore.vss__t408               8.41742e-13
xvlo.xcore.tail__t146                   1.5488
xvlo.xcore.ibias__t40                  1.12786
xvlo.xcore.vss__t124               7.05119e-06
xvlo.xcore.vss__t409               8.66379e-13
xvlo.xcore.vss__t8                 7.25189e-06
xvlo.xcore.ibias__t12                  1.12786
xvlo.xcore.tail__t234                   1.5488
xvlo.xcore.vss__t410               8.91037e-13
xvlo.xcore.tail__t135                   1.5488
xvlo.xcore.ibias__t21                  1.12786
xvlo.xcore.vss__t113               7.45275e-06
xvlo.xcore.vss__t411               9.15712e-13
xvlo.xcore.vss__t9                 7.65375e-06
xvlo.xcore.ibias__t13                  1.12786
xvlo.xcore.tail__t235                   1.5488
xvlo.xcore.vss__t412               9.40404e-13
xvlo.xcore.tail__t131                   1.5488
xvlo.xcore.ibias__t14                  1.12786
xvlo.xcore.vss__t109               7.85487e-06
xvlo.xcore.vss__t413               9.65113e-13
xvlo.xcore.vss__t10                8.05611e-06
xvlo.xcore.ibias__t15                  1.12786
xvlo.xcore.tail__t236                   1.5488
xvlo.xcore.vss__t414               9.89835e-13
xvlo.xcore.tail__t134                   1.5488
xvlo.xcore.ibias__t20                  1.12786
xvlo.xcore.vss__t112               8.25747e-06
xvlo.xcore.vss__t415               1.01457e-12
xvlo.xcore.vss__t12                8.45892e-06
xvlo.xcore.ibias__t19                  1.12786
xvlo.xcore.tail__t238                   1.5488
xvlo.xcore.vss__t416               1.03932e-12
xvlo.xcore.tail__t133                   1.5488
xvlo.xcore.ibias__t18                  1.12786
xvlo.xcore.vss__t111               8.66048e-06
xvlo.xcore.vss__t417               1.06408e-12
xvlo.xcore.vss__t11                8.86212e-06
xvlo.xcore.ibias__t17                  1.12786
xvlo.xcore.tail__t237                   1.5488
xvlo.xcore.vss__t418               1.08885e-12
xvlo.xcore.tail__t132                   1.5488
xvlo.xcore.ibias__t16                  1.12786
xvlo.xcore.vss__t110               9.06384e-06
xvlo.xcore.vss__t419               1.11363e-12
xvlo.xcore.vss__t7                 9.26564e-06
xvlo.xcore.ibias__t11                  1.12786
xvlo.xcore.tail__t233                   1.5488
xvlo.xcore.vss__t420               1.13842e-12
xvlo.xcore.tail__t136                   1.5488
xvlo.xcore.ibias__t22                  1.12786
xvlo.xcore.vss__t114               9.46751e-06
xvlo.xcore.vss__t421               1.16322e-12
xvlo.xcore.vss__t23                9.66945e-06
xvlo.xcore.ibias__t45                  1.12786
xvlo.xcore.tail__t249                   1.5488
xvlo.xcore.vss__t422               1.18802e-12
xvlo.xcore.tail__t150                   1.5488
xvlo.xcore.ibias__t46                  1.12786
xvlo.xcore.vss__t127               9.87146e-06
xvlo.xcore.vss__t423               1.21284e-12
xvlo.xcore.vss__t24                1.00735e-05
xvlo.xcore.ibias__t47                  1.12786
xvlo.xcore.tail__t250                   1.5488
xvlo.xcore.vss__t424               1.23766e-12
xvlo.xcore.tail__t151                   1.5488
xvlo.xcore.ibias__t48                  1.12786
xvlo.xcore.vss__t128               1.02756e-05
xvlo.xcore.vss__t425               1.26249e-12
xvlo.xcore.vss__t25                1.04778e-05
xvlo.xcore.ibias__t49                  1.12786
xvlo.xcore.tail__t251                  1.54879
xvlo.xcore.vss__t426               1.28732e-12
xvlo.xcore.tail__t152                  1.54879
xvlo.xcore.ibias__t50                  1.12786
xvlo.xcore.vss__t129                 1.068e-05
xvlo.xcore.vss__t427               1.31216e-12
xvlo.xcore.vss__t32                1.08823e-05
xvlo.xcore.ibias__t61                  1.12786
xvlo.xcore.tail__t258                  1.54879
xvlo.xcore.vss__t428               1.33701e-12
xvlo.xcore.tail__t153                  1.54879
xvlo.xcore.ibias__t51                  1.12786
xvlo.xcore.vss__t130               1.10846e-05
xvlo.xcore.vss__t429               1.36186e-12
xvlo.xcore.vss__t27                 1.1287e-05
xvlo.xcore.ibias__t52                  1.12786
xvlo.xcore.tail__t253                  1.54879
xvlo.xcore.vss__t430               1.38671e-12
xvlo.xcore.tail__t154                  1.54879
xvlo.xcore.ibias__t53                  1.12786
xvlo.xcore.vss__t131               1.14894e-05
xvlo.xcore.vss__t431               1.41157e-12
xvlo.xcore.vss__t28                1.16918e-05
xvlo.xcore.ibias__t54                  1.12786
xvlo.xcore.tail__t254                  1.54879
xvlo.xcore.vss__t432               1.43644e-12
xvlo.xcore.tail__t155                  1.54879
xvlo.xcore.ibias__t55                  1.12786
xvlo.xcore.vss__t132               1.18943e-05
xvlo.xcore.vss__t433               1.46131e-12
xvlo.xcore.vss__t29                1.20968e-05
xvlo.xcore.ibias__t56                  1.12786
xvlo.xcore.tail__t255                  1.54879
xvlo.xcore.vss__t434               1.48618e-12
xvlo.xcore.tail__t156                  1.54879
xvlo.xcore.ibias__t57                  1.12786
xvlo.xcore.vss__t133               1.22993e-05
xvlo.xcore.vss__t435               1.51106e-12
xvlo.xcore.vss__t30                1.25019e-05
xvlo.xcore.ibias__t58                  1.12786
xvlo.xcore.tail__t256                  1.54879
xvlo.xcore.vss__t436               1.53594e-12
xvlo.xcore.tail__t157                  1.54879
xvlo.xcore.ibias__t59                  1.12786
xvlo.xcore.vss__t134               1.27045e-05
xvlo.xcore.vss__t437               1.56082e-12
xvlo.xcore.vss__t31                1.29071e-05
xvlo.xcore.ibias__t60                  1.12786
xvlo.xcore.tail__t257                  1.54879
xvlo.xcore.vss__t438               1.58571e-12
xvlo.xcore.tail__t211                  1.54879
xvlo.xcore.ibias__t176                 1.12786
xvlo.xcore.vss__t193               1.31097e-05
xvlo.xcore.vss__t439                1.6106e-12
xvlo.xcore.vss__t88                1.33124e-05
xvlo.xcore.ibias__t175                 1.12786
xvlo.xcore.tail__t311                  1.54879
xvlo.xcore.vss__t440               1.63549e-12
xvlo.xcore.tail__t165                  1.54879
xvlo.xcore.ibias__t79                  1.12786
xvlo.xcore.vss__t142               1.35151e-05
xvlo.xcore.vss__t441               1.66039e-12
xvlo.xcore.vss__t43                1.37178e-05
xvlo.xcore.ibias__t80                  1.12786
xvlo.xcore.tail__t269                  1.54879
xvlo.xcore.vss__t442               1.68529e-12
xvlo.xcore.tail__t166                  1.54879
xvlo.xcore.ibias__t81                  1.12786
xvlo.xcore.vss__t143               1.39206e-05
xvlo.xcore.vss__t443               1.71019e-12
xvlo.xcore.vss__t38                1.41233e-05
xvlo.xcore.ibias__t71                  1.12786
xvlo.xcore.tail__t264                  1.54879
xvlo.xcore.vss__t444               1.73509e-12
xvlo.xcore.tail__t147                  1.54879
xvlo.xcore.ibias__t42                  1.12786
xvlo.xcore.vss__t125               1.43261e-05
xvlo.xcore.vss__t445                  1.76e-12
xvlo.xcore.vss__t22                1.45289e-05
xvlo.xcore.ibias__t43                  1.12786
xvlo.xcore.tail__t248                  1.54879
xvlo.xcore.vss__t446               1.78491e-12
xvlo.xcore.tail__t148                  1.54879
xvlo.xcore.ibias__t44                  1.12786
xvlo.xcore.vss__t126               1.47318e-05
xvlo.xcore.vss__t447               1.80982e-12
xvlo.xcore.vss__t0                 1.49346e-05
xvlo.xcore.ibias__t1                   1.12786
xvlo.xcore.tail__t149                  1.54879
xvlo.xcore.vss__t456               1.83473e-12
xvlo.xcore.tail__t229                  1.54875
xvlo.xcore.ibias__t2                   1.12786
xvlo.xcore.vss__t1                 2.56352e-05
xvlo.xcore.vss__t458               3.14802e-12
xvlo.xcore.vss__t189                2.5432e-05
xvlo.xcore.ibias__t170                 1.12786
xvlo.xcore.tail__t228                  1.54875
xvlo.xcore.vss__t250               3.12308e-12
xvlo.xcore.tail__t209                  1.54875
xvlo.xcore.ibias__t169                 1.12786
xvlo.xcore.vss__t188               2.52287e-05
xvlo.xcore.vss__t251               3.09813e-12
xvlo.xcore.vss__t86                2.50255e-05
xvlo.xcore.ibias__t168                 1.12786
xvlo.xcore.tail__t309                  1.54875
xvlo.xcore.vss__t252               3.07318e-12
xvlo.xcore.tail__t208                  1.54875
xvlo.xcore.ibias__t167                 1.12786
xvlo.xcore.vss__t187               2.48222e-05
xvlo.xcore.vss__t253               3.04824e-12
xvlo.xcore.vss__t85                 2.4619e-05
xvlo.xcore.ibias__t166                 1.12786
xvlo.xcore.tail__t308                  1.54876
xvlo.xcore.vss__t254               3.02329e-12
xvlo.xcore.tail__t207                  1.54876
xvlo.xcore.ibias__t165                 1.12786
xvlo.xcore.vss__t186               2.44158e-05
xvlo.xcore.vss__t255               2.99835e-12
xvlo.xcore.vss__t84                2.42126e-05
xvlo.xcore.ibias__t164                 1.12786
xvlo.xcore.tail__t307                  1.54876
xvlo.xcore.vss__t256                2.9734e-12
xvlo.xcore.tail__t210                  1.54876
xvlo.xcore.ibias__t173                 1.12786
xvlo.xcore.vss__t191               2.40093e-05
xvlo.xcore.vss__t257               2.94846e-12
xvlo.xcore.vss__t87                2.38061e-05
xvlo.xcore.ibias__t172                 1.12786
xvlo.xcore.tail__t310                  1.54876
xvlo.xcore.vss__t258               2.92351e-12
xvlo.xcore.tail__t219                  1.54876
xvlo.xcore.ibias__t195                 1.12786
xvlo.xcore.vss__t201               2.36029e-05
xvlo.xcore.vss__t259               2.89857e-12
xvlo.xcore.vss__t99                2.33997e-05
xvlo.xcore.ibias__t194                 1.12786
xvlo.xcore.tail__t321                  1.54876
xvlo.xcore.vss__t260               2.87362e-12
xvlo.xcore.tail__t227                  1.54876
xvlo.xcore.ibias__t209                 1.12786
xvlo.xcore.vss__t209               2.31965e-05
xvlo.xcore.vss__t261               2.84868e-12
xvlo.xcore.vss__t97                2.29933e-05
xvlo.xcore.ibias__t192                 1.12786
xvlo.xcore.tail__t319                  1.54876
xvlo.xcore.vss__t262               2.82374e-12
xvlo.xcore.tail__t218                  1.54876
xvlo.xcore.ibias__t191                 1.12786
xvlo.xcore.vss__t200               2.27901e-05
xvlo.xcore.vss__t263               2.79879e-12
xvlo.xcore.vss__t96                2.25869e-05
xvlo.xcore.ibias__t190                 1.12786
xvlo.xcore.tail__t318                  1.54876
xvlo.xcore.vss__t264               2.77385e-12
xvlo.xcore.tail__t217                  1.54876
xvlo.xcore.ibias__t189                 1.12786
xvlo.xcore.vss__t199               2.23837e-05
xvlo.xcore.vss__t265               2.74891e-12
xvlo.xcore.vss__t95                2.21805e-05
xvlo.xcore.ibias__t188                 1.12786
xvlo.xcore.tail__t317                  1.54876
xvlo.xcore.vss__t266               2.72397e-12
xvlo.xcore.tail__t216                  1.54876
xvlo.xcore.ibias__t187                 1.12786
xvlo.xcore.vss__t198               2.19773e-05
xvlo.xcore.vss__t267               2.69903e-12
xvlo.xcore.vss__t94                2.17742e-05
xvlo.xcore.ibias__t186                 1.12786
xvlo.xcore.tail__t316                  1.54876
xvlo.xcore.vss__t268               2.67409e-12
xvlo.xcore.tail__t215                  1.54876
xvlo.xcore.ibias__t185                 1.12786
xvlo.xcore.vss__t197                2.1571e-05
xvlo.xcore.vss__t269               2.64914e-12
xvlo.xcore.vss__t93                2.13678e-05
xvlo.xcore.ibias__t184                 1.12786
xvlo.xcore.tail__t315                  1.54876
xvlo.xcore.vss__t270                2.6242e-12
xvlo.xcore.tail__t214                  1.54876
xvlo.xcore.ibias__t183                 1.12786
xvlo.xcore.vss__t196               2.11647e-05
xvlo.xcore.vss__t271               2.59926e-12
xvlo.xcore.vss__t92                2.09615e-05
xvlo.xcore.ibias__t182                 1.12786
xvlo.xcore.tail__t314                  1.54876
xvlo.xcore.vss__t272               2.57433e-12
xvlo.xcore.tail__t213                  1.54876
xvlo.xcore.ibias__t181                 1.12786
xvlo.xcore.vss__t195               2.07584e-05
xvlo.xcore.vss__t273               2.54939e-12
xvlo.xcore.vss__t91                2.05552e-05
xvlo.xcore.ibias__t180                 1.12786
xvlo.xcore.tail__t313                  1.54876
xvlo.xcore.vss__t274               2.52445e-12
xvlo.xcore.tail__t212                  1.54876
xvlo.xcore.ibias__t179                 1.12786
xvlo.xcore.vss__t194               2.03521e-05
xvlo.xcore.vss__t275               2.49951e-12
xvlo.xcore.vss__t90                 2.0149e-05
xvlo.xcore.ibias__t178                 1.12786
xvlo.xcore.tail__t312                  1.54876
xvlo.xcore.vss__t276               2.47457e-12
xvlo.xcore.tail__t206                  1.54876
xvlo.xcore.ibias__t161                 1.12786
xvlo.xcore.vss__t184               1.99458e-05
xvlo.xcore.vss__t277               2.44964e-12
xvlo.xcore.vss__t57                1.97427e-05
xvlo.xcore.ibias__t112                 1.12786
xvlo.xcore.tail__t283                  1.54876
xvlo.xcore.vss__t278                2.4247e-12
xvlo.xcore.tail__t183                  1.54876
xvlo.xcore.ibias__t111                 1.12786
xvlo.xcore.vss__t160               1.95396e-05
xvlo.xcore.vss__t279               2.39977e-12
xvlo.xcore.vss__t56                1.93365e-05
xvlo.xcore.ibias__t110                 1.12786
xvlo.xcore.tail__t282                  1.54876
xvlo.xcore.vss__t280               2.37483e-12
xvlo.xcore.tail__t182                  1.54876
xvlo.xcore.ibias__t109                 1.12786
xvlo.xcore.vss__t159               1.91334e-05
xvlo.xcore.vss__t281                2.3499e-12
xvlo.xcore.vss__t55                1.89303e-05
xvlo.xcore.ibias__t108                 1.12786
xvlo.xcore.tail__t281                  1.54876
xvlo.xcore.vss__t282               2.32497e-12
xvlo.xcore.tail__t181                  1.54876
xvlo.xcore.ibias__t107                 1.12786
xvlo.xcore.vss__t158               1.87273e-05
xvlo.xcore.vss__t283               2.30003e-12
xvlo.xcore.vss__t54                1.85242e-05
xvlo.xcore.ibias__t106                 1.12786
xvlo.xcore.tail__t280                  1.54877
xvlo.xcore.vss__t284                2.2751e-12
xvlo.xcore.tail__t180                  1.54877
xvlo.xcore.ibias__t105                 1.12786
xvlo.xcore.vss__t157               1.83211e-05
xvlo.xcore.vss__t285               2.25017e-12
xvlo.xcore.vss__t53                1.81181e-05
xvlo.xcore.ibias__t104                 1.12786
xvlo.xcore.tail__t279                  1.54877
xvlo.xcore.vss__t286               2.22524e-12
xvlo.xcore.tail__t205                  1.54877
xvlo.xcore.ibias__t156                 1.12786
xvlo.xcore.vss__t182                1.7915e-05
xvlo.xcore.vss__t287               2.20031e-12
xvlo.xcore.vss__t79                 1.7712e-05
xvlo.xcore.ibias__t155                 1.12786
xvlo.xcore.tail__t305                  1.54877
xvlo.xcore.vss__t288               2.17539e-12
xvlo.xcore.tail__t204                  1.54877
xvlo.xcore.ibias__t154                 1.12786
xvlo.xcore.vss__t181                1.7509e-05
xvlo.xcore.vss__t289               2.15046e-12
xvlo.xcore.vss__t78                 1.7306e-05
xvlo.xcore.ibias__t153                 1.12786
xvlo.xcore.tail__t304                  1.54877
xvlo.xcore.vss__t290               2.12553e-12
xvlo.xcore.tail__t203                  1.54877
xvlo.xcore.ibias__t152                 1.12786
xvlo.xcore.vss__t180                1.7103e-05
xvlo.xcore.vss__t291               2.10061e-12
xvlo.xcore.vss__t77                   1.69e-05
xvlo.xcore.ibias__t151                 1.12786
xvlo.xcore.tail__t303                  1.54877
xvlo.xcore.vss__t292               2.07569e-12
xvlo.xcore.tail__t202                  1.54877
xvlo.xcore.ibias__t150                 1.12786
xvlo.xcore.vss__t179                1.6697e-05
xvlo.xcore.vss__t293               2.05076e-12
xvlo.xcore.vss__t76                 1.6494e-05
xvlo.xcore.ibias__t149                 1.12786
xvlo.xcore.tail__t302                  1.54877
xvlo.xcore.vss__t294               2.02584e-12
xvlo.xcore.tail__t201                  1.54877
xvlo.xcore.ibias__t148                 1.12786
xvlo.xcore.vss__t178               1.62911e-05
xvlo.xcore.vss__t295               2.00092e-12
xvlo.xcore.vss__t75                1.60881e-05
xvlo.xcore.ibias__t147                 1.12786
xvlo.xcore.tail__t301                  1.54877
xvlo.xcore.vss__t296               1.97601e-12
xvlo.xcore.tail__t200                  1.54877
xvlo.xcore.ibias__t146                 1.12786
xvlo.xcore.vss__t177               1.58852e-05
xvlo.xcore.vss__t297               1.95109e-12
xvlo.xcore.vss__t98                1.56823e-05
xvlo.xcore.ibias__t193                 1.12786
xvlo.xcore.tail__t320                  1.54877
xvlo.xcore.vss__t298               1.92617e-12
xvlo.xcore.tail__t226                  1.54877
xvlo.xcore.ibias__t208                 1.12786
xvlo.xcore.vss__t208               1.54794e-05
xvlo.xcore.vss__t299               1.90126e-12
xvlo.xcore.vss__t105               1.52765e-05
xvlo.xcore.ibias__t207                 1.12786
xvlo.xcore.tail__t327                  1.54877
xvlo.xcore.vss__t300               1.87635e-12
xvlo.xcore.tail__t225                  1.54877
xvlo.xcore.ibias__t206                 1.12786
xvlo.xcore.vss__t207               1.50736e-05
xvlo.xcore.vss__t301               1.85144e-12
xvlo.xcore.vss__t104               1.48708e-05
xvlo.xcore.ibias__t205                 1.12786
xvlo.xcore.tail__t326                  1.54877
xvlo.xcore.vss__t302               1.82653e-12
xvlo.xcore.tail__t224                  1.54877
xvlo.xcore.ibias__t204                 1.12786
xvlo.xcore.vss__t206                1.4668e-05
xvlo.xcore.vss__t303               1.80162e-12
xvlo.xcore.vss__t103               1.44651e-05
xvlo.xcore.ibias__t203                 1.12786
xvlo.xcore.tail__t325                  1.54877
xvlo.xcore.vss__t304               1.77672e-12
xvlo.xcore.tail__t223                  1.54877
xvlo.xcore.ibias__t202                 1.12786
xvlo.xcore.vss__t205               1.42623e-05
xvlo.xcore.vss__t305               1.75182e-12
xvlo.xcore.vss__t102               1.40596e-05
xvlo.xcore.ibias__t201                 1.12786
xvlo.xcore.tail__t324                  1.54877
xvlo.xcore.vss__t306               1.72692e-12
xvlo.xcore.tail__t222                  1.54877
xvlo.xcore.ibias__t200                 1.12786
xvlo.xcore.vss__t204               1.38568e-05
xvlo.xcore.vss__t307               1.70202e-12
xvlo.xcore.vss__t101               1.36541e-05
xvlo.xcore.ibias__t199                 1.12786
xvlo.xcore.tail__t323                  1.54877
xvlo.xcore.vss__t308               1.67712e-12
xvlo.xcore.tail__t221                  1.54877
xvlo.xcore.ibias__t198                 1.12786
xvlo.xcore.vss__t203               1.34513e-05
xvlo.xcore.vss__t309               1.65223e-12
xvlo.xcore.vss__t100               1.32487e-05
xvlo.xcore.ibias__t197                 1.12786
xvlo.xcore.tail__t322                  1.54877
xvlo.xcore.vss__t310               1.62734e-12
xvlo.xcore.tail__t220                  1.54877
xvlo.xcore.ibias__t196                 1.12786
xvlo.xcore.vss__t202                1.3046e-05
xvlo.xcore.vss__t311               1.60245e-12
xvlo.xcore.vss__t80                1.28433e-05
xvlo.xcore.ibias__t157                 1.12786
xvlo.xcore.tail__t306                  1.54877
xvlo.xcore.vss__t312               1.57757e-12
xvlo.xcore.tail__t185                  1.54877
xvlo.xcore.ibias__t116                 1.12786
xvlo.xcore.vss__t162               1.26407e-05
xvlo.xcore.vss__t313               1.55269e-12
xvlo.xcore.vss__t59                1.24381e-05
xvlo.xcore.ibias__t115                 1.12786
xvlo.xcore.tail__t285                  1.54878
xvlo.xcore.vss__t314               1.52781e-12
xvlo.xcore.tail__t184                  1.54878
xvlo.xcore.ibias__t114                 1.12786
xvlo.xcore.vss__t161               1.22356e-05
xvlo.xcore.vss__t315               1.50294e-12
xvlo.xcore.vss__t71                1.20331e-05
xvlo.xcore.ibias__t139                 1.12786
xvlo.xcore.tail__t297                  1.54878
xvlo.xcore.vss__t316               1.47806e-12
xvlo.xcore.tail__t196                  1.54878
xvlo.xcore.ibias__t138                 1.12786
xvlo.xcore.vss__t173               1.18306e-05
xvlo.xcore.vss__t317                1.4532e-12
xvlo.xcore.vss__t70                1.16281e-05
xvlo.xcore.ibias__t137                 1.12786
xvlo.xcore.tail__t296                  1.54878
xvlo.xcore.vss__t318               1.42833e-12
xvlo.xcore.tail__t195                  1.54878
xvlo.xcore.ibias__t136                 1.12786
xvlo.xcore.vss__t172               1.14257e-05
xvlo.xcore.vss__t319               1.40348e-12
xvlo.xcore.vss__t69                1.12233e-05
xvlo.xcore.ibias__t135                 1.12786
xvlo.xcore.tail__t295                  1.54878
xvlo.xcore.vss__t320               1.37862e-12
xvlo.xcore.tail__t194                  1.54878
xvlo.xcore.ibias__t134                 1.12786
xvlo.xcore.vss__t171                1.1021e-05
xvlo.xcore.vss__t321               1.35377e-12
xvlo.xcore.vss__t61                1.08187e-05
xvlo.xcore.ibias__t119                 1.12786
xvlo.xcore.tail__t287                  1.54878
xvlo.xcore.vss__t322               1.32893e-12
xvlo.xcore.tail__t179                  1.54878
xvlo.xcore.ibias__t103                 1.12786
xvlo.xcore.vss__t156               1.06164e-05
xvlo.xcore.vss__t323               1.30409e-12
xvlo.xcore.vss__t48                1.04142e-05
xvlo.xcore.ibias__t92                  1.12786
xvlo.xcore.tail__t274                  1.54878
xvlo.xcore.vss__t324               1.27926e-12
xvlo.xcore.tail__t178                  1.54878
xvlo.xcore.ibias__t102                 1.12786
xvlo.xcore.vss__t155                1.0212e-05
xvlo.xcore.vss__t325               1.25443e-12
xvlo.xcore.vss__t52                1.00099e-05
xvlo.xcore.ibias__t101                 1.12786
xvlo.xcore.tail__t278                  1.54878
xvlo.xcore.vss__t326               1.22961e-12
xvlo.xcore.tail__t177                  1.54878
xvlo.xcore.ibias__t100                 1.12786
xvlo.xcore.vss__t154                9.8079e-06
xvlo.xcore.vss__t327               1.20479e-12
xvlo.xcore.vss__t51                9.60592e-06
xvlo.xcore.ibias__t99                  1.12786
xvlo.xcore.tail__t277                  1.54878
xvlo.xcore.vss__t328               1.17999e-12
xvlo.xcore.tail__t176                  1.54878
xvlo.xcore.ibias__t98                  1.12786
xvlo.xcore.vss__t153                 9.404e-06
xvlo.xcore.vss__t329               1.15519e-12
xvlo.xcore.vss__t58                9.20215e-06
xvlo.xcore.ibias__t113                 1.12786
xvlo.xcore.tail__t284                  1.54878
xvlo.xcore.vss__t330                1.1304e-12
xvlo.xcore.tail__t174                  1.54878
xvlo.xcore.ibias__t96                  1.12786
xvlo.xcore.vss__t151               9.00037e-06
xvlo.xcore.vss__t331               1.10561e-12
xvlo.xcore.vss__t50                8.79868e-06
xvlo.xcore.ibias__t95                  1.12786
xvlo.xcore.tail__t276                  1.54878
xvlo.xcore.vss__t332               1.08084e-12
xvlo.xcore.tail__t173                  1.54878
xvlo.xcore.ibias__t94                  1.12786
xvlo.xcore.vss__t150               8.59706e-06
xvlo.xcore.vss__t333               1.05608e-12
xvlo.xcore.vss__t49                8.39554e-06
xvlo.xcore.ibias__t93                  1.12786
xvlo.xcore.tail__t275                  1.54878
xvlo.xcore.vss__t334               1.03133e-12
xvlo.xcore.tail__t172                  1.54878
xvlo.xcore.ibias__t91                  1.12786
xvlo.xcore.vss__t149               8.19412e-06
xvlo.xcore.vss__t335               1.00659e-12
xvlo.xcore.vss__t47                 7.9928e-06
xvlo.xcore.ibias__t90                  1.12786
xvlo.xcore.tail__t273                  1.54878
xvlo.xcore.vss__t336               9.81862e-13
xvlo.xcore.tail__t171                  1.54878
xvlo.xcore.ibias__t89                  1.12786
xvlo.xcore.vss__t148               7.79159e-06
xvlo.xcore.vss__t337               9.57149e-13
xvlo.xcore.vss__t46                 7.5905e-06
xvlo.xcore.ibias__t88                  1.12786
xvlo.xcore.tail__t272                  1.54878
xvlo.xcore.vss__t338               9.32451e-13
xvlo.xcore.tail__t170                  1.54878
xvlo.xcore.ibias__t87                  1.12786
xvlo.xcore.vss__t147               7.38955e-06
xvlo.xcore.vss__t339               9.07769e-13
xvlo.xcore.vss__t45                7.18874e-06
xvlo.xcore.ibias__t86                  1.12786
xvlo.xcore.tail__t271                  1.54878
xvlo.xcore.vss__t340               8.83104e-13
xvlo.xcore.tail__t169                  1.54878
xvlo.xcore.ibias__t85                  1.12786
xvlo.xcore.vss__t146               6.98809e-06
xvlo.xcore.vss__t341               8.58458e-13
xvlo.xcore.vss__t44                 6.7876e-06
xvlo.xcore.ibias__t84                  1.12786
xvlo.xcore.tail__t270                  1.54878
xvlo.xcore.vss__t342               8.33832e-13
xvlo.xcore.tail__t168                  1.54878
xvlo.xcore.ibias__t83                  1.12786
xvlo.xcore.vss__t145                6.5873e-06
xvlo.xcore.vss__t343               8.09229e-13
xvlo.xcore.vss__t66                 6.3872e-06
xvlo.xcore.ibias__t129                 1.12786
xvlo.xcore.tail__t292                  1.54879
xvlo.xcore.vss__t344               7.84651e-13
xvlo.xcore.tail__t199                  1.54879
xvlo.xcore.ibias__t144                 1.12786
xvlo.xcore.vss__t176               6.18733e-06
xvlo.xcore.vss__t345                 7.601e-13
xvlo.xcore.vss__t73                5.98769e-06
xvlo.xcore.ibias__t143                 1.12786
xvlo.xcore.tail__t299                  1.54879
xvlo.xcore.vss__t346               7.35578e-13
xvlo.xcore.tail__t198                  1.54879
xvlo.xcore.ibias__t142                 1.12786
xvlo.xcore.vss__t175               5.78833e-06
xvlo.xcore.vss__t347                7.1109e-13
xvlo.xcore.vss__t72                5.58927e-06
xvlo.xcore.ibias__t141                 1.12786
xvlo.xcore.tail__t298                  1.54879
xvlo.xcore.vss__t348               6.86638e-13
xvlo.xcore.outp__t53                   2.46115
xvlo.xcore.inp__t1                      3.0855
xvlo.xcore.tail__t0                    1.54886
xvlo.xcore.vss__t460               1.28553e-12
xvlo.xcore.tail__t119                  1.54886
xvlo.xcore.inp__t53                     3.0855
xvlo.xcore.outp__t52                   2.46115
xvlo.xcore.vss__t462                1.2977e-12
xvlo.xcore.outp__t46                   2.46115
xvlo.xcore.inp__t52                     3.0855
xvlo.xcore.tail__t118                  1.54886
xvlo.xcore.vss__t463               1.30987e-12
xvlo.xcore.tail__t58                   1.54886
xvlo.xcore.inp__t61                     3.0855
xvlo.xcore.outp__t82                   2.46115
xvlo.xcore.vss__t464               1.32205e-12
xvlo.xcore.outp__t30                   2.46115
xvlo.xcore.inp__t24                     3.0855
xvlo.xcore.tail__t98                   1.54886
xvlo.xcore.vss__t465               1.33422e-12
xvlo.xcore.tail__t38                   1.54887
xvlo.xcore.inp__t23                     3.0855
xvlo.xcore.outp__t64                   2.46114
xvlo.xcore.vss__t466                1.3464e-12
xvlo.xcore.outp__t29                   2.46114
xvlo.xcore.inp__t22                     3.0855
xvlo.xcore.tail__t97                   1.54887
xvlo.xcore.vss__t467               1.35857e-12
xvlo.xcore.tail__t37                   1.54887
xvlo.xcore.inp__t21                     3.0855
xvlo.xcore.outp__t63                   2.46114
xvlo.xcore.vss__t468               1.37075e-12
xvlo.xcore.outp__t28                   2.46114
xvlo.xcore.inp__t20                     3.0855
xvlo.xcore.tail__t96                   1.54887
xvlo.xcore.vss__t469               1.38293e-12
xvlo.xcore.tail__t36                   1.54887
xvlo.xcore.inp__t19                     3.0855
xvlo.xcore.outp__t62                   2.46114
xvlo.xcore.vss__t470                1.3951e-12
xvlo.xcore.outp__t27                   2.46114
xvlo.xcore.inp__t18                     3.0855
xvlo.xcore.tail__t95                   1.54887
xvlo.xcore.vss__t471               1.40728e-12
xvlo.xcore.tail__t35                   1.54887
xvlo.xcore.inp__t17                     3.0855
xvlo.xcore.outp__t61                   2.46113
xvlo.xcore.vss__t472               1.41946e-12
xvlo.xcore.outp__t26                   2.46113
xvlo.xcore.inp__t16                     3.0855
xvlo.xcore.tail__t94                   1.54887
xvlo.xcore.vss__t473               1.43164e-12
xvlo.xcore.tail__t33                   1.54887
xvlo.xcore.inp__t15                     3.0855
xvlo.xcore.outp__t60                   2.46113
xvlo.xcore.vss__t474               1.44382e-12
xvlo.xcore.outp__t47                   2.46113
xvlo.xcore.inp__t54                     3.0855
xvlo.xcore.tail__t120                  1.54887
xvlo.xcore.vss__t475                 1.456e-12
xvlo.xcore.tail__t54                   1.54887
xvlo.xcore.inp__t55                     3.0855
xvlo.xcore.outp__t78                   2.46113
xvlo.xcore.vss__t476               1.46818e-12
xvlo.xcore.outp__t51                   2.46113
xvlo.xcore.inp__t63                     3.0855
xvlo.xcore.tail__t126                  1.54887
xvlo.xcore.vss__t477               1.48036e-12
xvlo.xcore.tail__t57                   1.54887
xvlo.xcore.inp__t60                     3.0855
xvlo.xcore.outp__t81                   2.46113
xvlo.xcore.vss__t478               1.49254e-12
xvlo.xcore.outp__t49                   2.46112
xvlo.xcore.inp__t59                     3.0855
xvlo.xcore.tail__t122                  1.54888
xvlo.xcore.vss__t479               1.50472e-12
xvlo.xcore.tail__t56                   1.54888
xvlo.xcore.inp__t58                     3.0855
xvlo.xcore.outp__t80                   2.46112
xvlo.xcore.vss__t480                1.5169e-12
xvlo.xcore.outp__t48                   2.46112
xvlo.xcore.inp__t57                     3.0855
xvlo.xcore.tail__t121                  1.54888
xvlo.xcore.vss__t481               1.52908e-12
xvlo.xcore.tail__t55                   1.54888
xvlo.xcore.inp__t56                     3.0855
xvlo.xcore.outp__t79                   2.46112
xvlo.xcore.vss__t482               1.54127e-12
xvlo.xcore.outp__t24                   2.46112
xvlo.xcore.inp__t11                     3.0855
xvlo.xcore.tail__t92                   1.54888
xvlo.xcore.vss__t483               1.55345e-12
xvlo.xcore.tail__t30                   1.54888
xvlo.xcore.inp__t10                     3.0855
xvlo.xcore.outp__t57                   2.46112
xvlo.xcore.vss__t484               1.56563e-12
xvlo.xcore.outp__t23                   2.46111
xvlo.xcore.inp__t9                      3.0855
xvlo.xcore.tail__t88                   1.54888
xvlo.xcore.vss__t485               1.57782e-12
xvlo.xcore.tail__t32                   1.54888
xvlo.xcore.inp__t14                     3.0855
xvlo.xcore.outp__t59                   2.46111
xvlo.xcore.vss__t486                  1.59e-12
xvlo.xcore.outp__t25                   2.46111
xvlo.xcore.inp__t13                     3.0855
xvlo.xcore.tail__t93                   1.54888
xvlo.xcore.vss__t487               1.60218e-12
xvlo.xcore.tail__t60                   1.54888
xvlo.xcore.inp__t0                      3.0855
xvlo.xcore.outp__t83                   2.46111
xvlo.xcore.vss__t488               1.61437e-12
xvlo.xcore.outp__t50                   2.46111
xvlo.xcore.inp__t62                     3.0855
xvlo.xcore.tail__t123                  1.54888
xvlo.xcore.vss__t489               1.62655e-12
xvlo.xcore.tail__t42                   1.54888
xvlo.xcore.inp__t29                     3.0855
xvlo.xcore.outp__t67                   2.46111
xvlo.xcore.vss__t490               1.63874e-12
xvlo.xcore.outp__t32                    2.4611
xvlo.xcore.inp__t28                     3.0855
xvlo.xcore.tail__t102                  1.54888
xvlo.xcore.vss__t491               1.65092e-12
xvlo.xcore.tail__t41                   1.54889
xvlo.xcore.inp__t27                     3.0855
xvlo.xcore.outp__t66                    2.4611
xvlo.xcore.vss__t492               1.66311e-12
xvlo.xcore.outp__t31                    2.4611
xvlo.xcore.inp__t26                     3.0855
xvlo.xcore.tail__t101                  1.54889
xvlo.xcore.vss__t493               1.67529e-12
xvlo.xcore.tail__t40                   1.54889
xvlo.xcore.inp__t25                     3.0855
xvlo.xcore.outp__t65                    2.4611
xvlo.xcore.vss__t494               1.68748e-12
xvlo.xcore.outp__t20                    2.4611
xvlo.xcore.inp__t4                      3.0855
xvlo.xcore.tail__t74                   1.54889
xvlo.xcore.vss__t495               1.69967e-12
xvlo.xcore.tail__t14                   1.54889
xvlo.xcore.inp__t3                      3.0855
xvlo.xcore.outp__t54                    2.4611
xvlo.xcore.vss__t496               1.71185e-12
xvlo.xcore.outp__t22                   2.46109
xvlo.xcore.inp__t7                      3.0855
xvlo.xcore.tail__t76                   1.54889
xvlo.xcore.vss__t497               1.72404e-12
xvlo.xcore.tail__t16                   1.54889
xvlo.xcore.inp__t6                      3.0855
xvlo.xcore.outp__t55                   2.46109
xvlo.xcore.vss__t498               1.73623e-12
xvlo.xcore.outp__t21                   2.46109
xvlo.xcore.inp__t5                      3.0855
xvlo.xcore.tail__t75                   1.54889
xvlo.xcore.vss__t499               1.74841e-12
xvlo.xcore.tail__t19                   1.54889
xvlo.xcore.inp__t8                      3.0855
xvlo.xcore.outp__t56                   2.46109
xvlo.xcore.vss__t500                1.7606e-12
xvlo.xcore.outp__t45                   2.46109
xvlo.xcore.inp__t50                     3.0855
xvlo.xcore.tail__t116                  1.54889
xvlo.xcore.vss__t501               1.77279e-12
xvlo.xcore.tail__t51                   1.54889
xvlo.xcore.inp__t49                     3.0855
xvlo.xcore.outp__t76                   2.46109
xvlo.xcore.vss__t502               1.78498e-12
xvlo.xcore.outp__t44                   2.46108
xvlo.xcore.inp__t48                     3.0855
xvlo.xcore.tail__t115                  1.54889
xvlo.xcore.vss__t503               1.79716e-12
xvlo.xcore.tail__t50                    1.5489
xvlo.xcore.inp__t47                     3.0855
xvlo.xcore.outp__t75                   2.46108
xvlo.xcore.vss__t504               1.80935e-12
xvlo.xcore.outp__t43                   2.46108
xvlo.xcore.inp__t46                     3.0855
xvlo.xcore.tail__t114                   1.5489
xvlo.xcore.vss__t505               1.82154e-12
xvlo.xcore.tail__t49                    1.5489
xvlo.xcore.inp__t45                     3.0855
xvlo.xcore.outp__t74                   2.46108
xvlo.xcore.vss__t506               1.83373e-12
xvlo.xcore.outp__t42                   2.46108
xvlo.xcore.inp__t44                     3.0855
xvlo.xcore.tail__t113                   1.5489
xvlo.xcore.vss__t507               1.84592e-12
xvlo.xcore.tail__t48                    1.5489
xvlo.xcore.inp__t43                     3.0855
xvlo.xcore.outp__t73                   2.46108
xvlo.xcore.vss__t508               1.85811e-12
xvlo.xcore.outp__t41                   2.46107
xvlo.xcore.inp__t42                     3.0855
xvlo.xcore.tail__t112                   1.5489
xvlo.xcore.vss__t509                1.8703e-12
xvlo.xcore.tail__t47                    1.5489
xvlo.xcore.inp__t41                     3.0855
xvlo.xcore.outp__t72                   2.46107
xvlo.xcore.vss__t510               1.88249e-12
xvlo.xcore.outp__t40                   2.46107
xvlo.xcore.inp__t40                     3.0855
xvlo.xcore.tail__t111                   1.5489
xvlo.xcore.vss__t511               1.89468e-12
xvlo.xcore.tail__t46                    1.5489
xvlo.xcore.inp__t39                     3.0855
xvlo.xcore.outp__t71                   2.46107
xvlo.xcore.vss__t512               1.90687e-12
xvlo.xcore.outp__t39                   2.46107
xvlo.xcore.inp__t38                     3.0855
xvlo.xcore.tail__t110                   1.5489
xvlo.xcore.vss__t513               1.91906e-12
xvlo.xcore.tail__t53                    1.5489
xvlo.xcore.inp__t51                     3.0855
xvlo.xcore.outp__t77                   2.46107
xvlo.xcore.vss__t514               1.93125e-12
xvlo.xcore.outp__t38                   2.46106
xvlo.xcore.inp__t37                     3.0855
xvlo.xcore.tail__t108                   1.5489
xvlo.xcore.vss__t515               1.94344e-12
xvlo.xcore.tail__t45                    1.5489
xvlo.xcore.inp__t36                     3.0855
xvlo.xcore.outp__t70                   2.46106
xvlo.xcore.vss__t516               1.95563e-12
xvlo.xcore.outp__t37                   2.46106
xvlo.xcore.inp__t35                     3.0855
xvlo.xcore.tail__t107                  1.54891
xvlo.xcore.vss__t517               1.96782e-12
xvlo.xcore.tail__t44                   1.54891
xvlo.xcore.inp__t34                     3.0855
xvlo.xcore.outp__t69                   2.46106
xvlo.xcore.vss__t518               1.98001e-12
xvlo.xcore.outp__t36                   2.46106
xvlo.xcore.inp__t33                     3.0855
xvlo.xcore.tail__t106                  1.54891
xvlo.xcore.vss__t519                1.9922e-12
xvlo.xcore.tail__t31                   1.54891
xvlo.xcore.inp__t12                     3.0855
xvlo.xcore.outp__t58                   2.46106
xvlo.xcore.vss__t520               2.00439e-12
xvlo.xcore.outp__t35                   2.46105
xvlo.xcore.inp__t32                     3.0855
xvlo.xcore.tail__t104                  1.54891
xvlo.xcore.vss__t521               2.01658e-12
xvlo.xcore.tail__t43                   1.54891
xvlo.xcore.inp__t31                     3.0855
xvlo.xcore.outp__t68                   2.46105
xvlo.xcore.vss__t522               2.02878e-12
xvlo.xcore.outp__t33                   2.46105
xvlo.xcore.inp__t30                     3.0855
xvlo.xcore.tail__t103                  1.54891
xvlo.xcore.vss__t523               2.04097e-12
xvlo.xcore.tail__t1                    1.54891
xvlo.xcore.inp__t2                      3.0855
xvlo.xcore.outp__t34                   2.46105
xvlo.xcore.vss__t586               2.05316e-12
xvlo.xcore.ibias__t215                 1.12513
xvlo.xcore.ibias__t3                   1.12786
xvlo.xcore.vss__t2                 2.51858e-05
xvlo.xcore.vss__t459               5.66833e-13
xvlo.xcore.vss__t81                2.49859e-05
xvlo.xcore.ibias__t158                 1.12786
xvlo.xcore.ibias__t216                 1.12516
xvlo.xcore.vss__t448               5.62349e-13
xvlo.xcore.ibias__t213                 1.12519
xvlo.xcore.ibias__t171                 1.12786
xvlo.xcore.vss__t190               2.47861e-05
xvlo.xcore.vss__t449               5.57865e-13
xvlo.xcore.vss__t83                2.45863e-05
xvlo.xcore.ibias__t163                 1.12786
xvlo.xcore.ibias__t218                 1.12522
xvlo.xcore.vss__t450               5.53381e-13
xvlo.xcore.ibias__t212                 1.12525
xvlo.xcore.ibias__t162                 1.12786
xvlo.xcore.vss__t185               2.43865e-05
xvlo.xcore.vss__t451               5.48897e-13
xvlo.xcore.vss__t89                2.41867e-05
xvlo.xcore.ibias__t177                 1.12786
xvlo.xcore.ibias__t219                 1.12528
xvlo.xcore.vss__t452               5.44412e-13
xvlo.xcore.ibias__t211                 1.12531
xvlo.xcore.ibias__t160                 1.12786
xvlo.xcore.vss__t183               2.39868e-05
xvlo.xcore.vss__t453               5.39928e-13
xvlo.xcore.vss__t82                 2.3787e-05
xvlo.xcore.ibias__t159                 1.12786
xvlo.xcore.ibias__t217                 1.12534
xvlo.xcore.vss__t454               5.35443e-13
xvlo.xcore.ibias__t214                 1.12537
xvlo.xcore.ibias__t174                 1.12786
xvlo.xcore.vss__t192               2.35872e-05
xvlo.xcore.vss__t455               5.30958e-13
xvlo.xcore.vss__t3                 2.33874e-05
xvlo.xcore.ibias__t4                   1.12786
xvlo.xcore.ibias__t210                  1.1254
xvlo.xcore.vss__t457               5.26473e-13
xvlo.xcore.outn__t52                      2.97
xvlo.xcore.inn__t1                      1.9965
xvlo.xcore.tail__t3                     1.5488
xvlo.xcore.vss__t461               1.44714e-12
xvlo.xcore.tail__t62                    1.5488
xvlo.xcore.inn__t58                     1.9965
xvlo.xcore.outn__t81                      2.97
xvlo.xcore.vss__t524               1.46087e-12
xvlo.xcore.outn__t49                      2.97
xvlo.xcore.inn__t59                     1.9965
xvlo.xcore.tail__t124                   1.5488
xvlo.xcore.vss__t525                1.4746e-12
xvlo.xcore.tail__t63                    1.5488
xvlo.xcore.inn__t60                     1.9965
xvlo.xcore.outn__t82                      2.97
xvlo.xcore.vss__t526               1.48834e-12
xvlo.xcore.outn__t50                      2.97
xvlo.xcore.inn__t61                     1.9965
xvlo.xcore.tail__t125                   1.5488
xvlo.xcore.vss__t527               1.50207e-12
xvlo.xcore.tail__t64                    1.5488
xvlo.xcore.inn__t62                     1.9965
xvlo.xcore.outn__t83                      2.97
xvlo.xcore.vss__t528               1.51581e-12
xvlo.xcore.outn__t46                      2.97
xvlo.xcore.inn__t52                     1.9965
xvlo.xcore.tail__t105                   1.5488
xvlo.xcore.vss__t529               1.52954e-12
xvlo.xcore.tail__t15                    1.5488
xvlo.xcore.inn__t21                     1.9965
xvlo.xcore.outn__t63                      2.97
xvlo.xcore.vss__t530               1.54328e-12
xvlo.xcore.outn__t45                      2.97
xvlo.xcore.inn__t51                     1.9965
xvlo.xcore.tail__t100                   1.5488
xvlo.xcore.vss__t531               1.55701e-12
xvlo.xcore.tail__t34                    1.5488
xvlo.xcore.inn__t48                     1.9965
xvlo.xcore.outn__t76                      2.97
xvlo.xcore.vss__t532               1.57075e-12
xvlo.xcore.outn__t44                      2.97
xvlo.xcore.inn__t50                     1.9965
xvlo.xcore.tail__t99                    1.5488
xvlo.xcore.vss__t533               1.58448e-12
xvlo.xcore.tail__t61                    1.5488
xvlo.xcore.inn__t57                     1.9965
xvlo.xcore.outn__t80                      2.97
xvlo.xcore.vss__t534               1.59822e-12
xvlo.xcore.outn__t40                      2.97
xvlo.xcore.inn__t42                     1.9965
xvlo.xcore.tail__t87                    1.5488
xvlo.xcore.vss__t535               1.61196e-12
xvlo.xcore.tail__t27                    1.5488
xvlo.xcore.inn__t41                     1.9965
xvlo.xcore.outn__t73                      2.97
xvlo.xcore.vss__t536               1.62569e-12
xvlo.xcore.outn__t39                      2.97
xvlo.xcore.inn__t40                     1.9965
xvlo.xcore.tail__t86                    1.5488
xvlo.xcore.vss__t537               1.63943e-12
xvlo.xcore.tail__t26                    1.5488
xvlo.xcore.inn__t39                     1.9965
xvlo.xcore.outn__t72                      2.97
xvlo.xcore.vss__t538               1.65317e-12
xvlo.xcore.outn__t38                      2.97
xvlo.xcore.inn__t38                     1.9965
xvlo.xcore.tail__t85                    1.5488
xvlo.xcore.vss__t539               1.66691e-12
xvlo.xcore.tail__t25                    1.5488
xvlo.xcore.inn__t37                     1.9965
xvlo.xcore.outn__t71                      2.97
xvlo.xcore.vss__t540               1.68065e-12
xvlo.xcore.outn__t47                      2.97
xvlo.xcore.inn__t53                     1.9965
xvlo.xcore.tail__t109                   1.5488
xvlo.xcore.vss__t541               1.69438e-12
xvlo.xcore.tail__t52                    1.5488
xvlo.xcore.inn__t55                     1.9965
xvlo.xcore.outn__t78                      2.97
xvlo.xcore.vss__t542               1.70812e-12
xvlo.xcore.outn__t48                      2.97
xvlo.xcore.inn__t54                     1.9965
xvlo.xcore.tail__t117                   1.5488
xvlo.xcore.vss__t543               1.72186e-12
xvlo.xcore.tail__t39                    1.5488
xvlo.xcore.inn__t49                     1.9965
xvlo.xcore.outn__t77                      2.97
xvlo.xcore.vss__t544                1.7356e-12
xvlo.xcore.outn__t41                      2.97
xvlo.xcore.inn__t43                     1.9965
xvlo.xcore.tail__t89                    1.5488
xvlo.xcore.vss__t545               1.74934e-12
xvlo.xcore.tail__t29                    1.5488
xvlo.xcore.inn__t47                     1.9965
xvlo.xcore.outn__t75                      2.97
xvlo.xcore.vss__t546               1.76308e-12
xvlo.xcore.outn__t43                      2.97
xvlo.xcore.inn__t46                     1.9965
xvlo.xcore.tail__t91                    1.5488
xvlo.xcore.vss__t547               1.77682e-12
xvlo.xcore.tail__t28                    1.5488
xvlo.xcore.inn__t45                     1.9965
xvlo.xcore.outn__t74                      2.97
xvlo.xcore.vss__t548               1.79056e-12
xvlo.xcore.outn__t42                      2.97
xvlo.xcore.inn__t44                     1.9965
xvlo.xcore.tail__t90                    1.5488
xvlo.xcore.vss__t549                1.8043e-12
xvlo.xcore.tail__t59                    1.5488
xvlo.xcore.inn__t56                     1.9965
xvlo.xcore.outn__t79                      2.97
xvlo.xcore.vss__t550               1.81804e-12
xvlo.xcore.outn__t51                      2.97
xvlo.xcore.inn__t63                     1.9965
xvlo.xcore.tail__t127                   1.5488
xvlo.xcore.vss__t551               1.83178e-12
xvlo.xcore.tail__t13                    1.5488
xvlo.xcore.inn__t19                     1.9965
xvlo.xcore.outn__t62                      2.97
xvlo.xcore.vss__t552               1.84552e-12
xvlo.xcore.outn__t28                      2.97
xvlo.xcore.inn__t18                     1.9965
xvlo.xcore.tail__t72                    1.5488
xvlo.xcore.vss__t553               1.85926e-12
xvlo.xcore.tail__t12                    1.5488
xvlo.xcore.inn__t17                     1.9965
xvlo.xcore.outn__t61                      2.97
xvlo.xcore.vss__t554                 1.873e-12
xvlo.xcore.outn__t27                      2.97
xvlo.xcore.inn__t16                     1.9965
xvlo.xcore.tail__t71                    1.5488
xvlo.xcore.vss__t555               1.88675e-12
xvlo.xcore.tail__t11                    1.5488
xvlo.xcore.inn__t15                     1.9965
xvlo.xcore.outn__t60                      2.97
xvlo.xcore.vss__t556               1.90049e-12
xvlo.xcore.outn__t26                      2.97
xvlo.xcore.inn__t14                     1.9965
xvlo.xcore.tail__t70                    1.5488
xvlo.xcore.vss__t557               1.91423e-12
xvlo.xcore.tail__t10                    1.5488
xvlo.xcore.inn__t13                     1.9965
xvlo.xcore.outn__t59                      2.97
xvlo.xcore.vss__t558               1.92797e-12
xvlo.xcore.outn__t25                      2.97
xvlo.xcore.inn__t12                     1.9965
xvlo.xcore.tail__t69                    1.5488
xvlo.xcore.vss__t559               1.94171e-12
xvlo.xcore.tail__t6                     1.5488
xvlo.xcore.inn__t5                      1.9965
xvlo.xcore.outn__t55                      2.97
xvlo.xcore.vss__t560               1.95546e-12
xvlo.xcore.outn__t24                      2.97
xvlo.xcore.inn__t11                     1.9965
xvlo.xcore.tail__t68                    1.5488
xvlo.xcore.vss__t561                1.9692e-12
xvlo.xcore.tail__t4                     1.5488
xvlo.xcore.inn__t2                      1.9965
xvlo.xcore.outn__t53                      2.97
xvlo.xcore.vss__t562               1.98294e-12
xvlo.xcore.outn__t21                      2.97
xvlo.xcore.inn__t3                      1.9965
xvlo.xcore.tail__t65                    1.5488
xvlo.xcore.vss__t563               1.99668e-12
xvlo.xcore.tail__t5                     1.5488
xvlo.xcore.inn__t4                      1.9965
xvlo.xcore.outn__t54                      2.97
xvlo.xcore.vss__t564               2.01043e-12
xvlo.xcore.outn__t22                      2.97
xvlo.xcore.inn__t6                      1.9965
xvlo.xcore.tail__t66                    1.5488
xvlo.xcore.vss__t565               2.02417e-12
xvlo.xcore.tail__t7                     1.5488
xvlo.xcore.inn__t7                      1.9965
xvlo.xcore.outn__t56                      2.97
xvlo.xcore.vss__t566               2.03791e-12
xvlo.xcore.outn__t23                      2.97
xvlo.xcore.inn__t8                      1.9965
xvlo.xcore.tail__t67                    1.5488
xvlo.xcore.vss__t567               2.05166e-12
xvlo.xcore.tail__t8                     1.5488
xvlo.xcore.inn__t9                      1.9965
xvlo.xcore.outn__t57                      2.97
xvlo.xcore.vss__t568                2.0654e-12
xvlo.xcore.outn__t29                      2.97
xvlo.xcore.inn__t20                     1.9965
xvlo.xcore.tail__t73                    1.5488
xvlo.xcore.vss__t569               2.07914e-12
xvlo.xcore.tail__t9                     1.5488
xvlo.xcore.inn__t10                     1.9965
xvlo.xcore.outn__t58                      2.97
xvlo.xcore.vss__t570               2.09289e-12
xvlo.xcore.outn__t36                      2.97
xvlo.xcore.inn__t35                     1.9965
xvlo.xcore.tail__t83                    1.5488
xvlo.xcore.vss__t571               2.10663e-12
xvlo.xcore.tail__t24                    1.5488
xvlo.xcore.inn__t34                     1.9965
xvlo.xcore.outn__t70                      2.97
xvlo.xcore.vss__t572               2.12038e-12
xvlo.xcore.outn__t35                      2.97
xvlo.xcore.inn__t33                     1.9965
xvlo.xcore.tail__t82                    1.5488
xvlo.xcore.vss__t573               2.13412e-12
xvlo.xcore.tail__t23                    1.5488
xvlo.xcore.inn__t32                     1.9965
xvlo.xcore.outn__t69                      2.97
xvlo.xcore.vss__t574               2.14787e-12
xvlo.xcore.outn__t34                      2.97
xvlo.xcore.inn__t31                     1.9965
xvlo.xcore.tail__t81                    1.5488
xvlo.xcore.vss__t575               2.16161e-12
xvlo.xcore.tail__t22                    1.5488
xvlo.xcore.inn__t30                     1.9965
xvlo.xcore.outn__t68                      2.97
xvlo.xcore.vss__t576               2.17535e-12
xvlo.xcore.outn__t33                      2.97
xvlo.xcore.inn__t29                     1.9965
xvlo.xcore.tail__t80                    1.5488
xvlo.xcore.vss__t577                2.1891e-12
xvlo.xcore.tail__t21                    1.5488
xvlo.xcore.inn__t28                     1.9965
xvlo.xcore.outn__t67                      2.97
xvlo.xcore.vss__t578               2.20284e-12
xvlo.xcore.outn__t32                      2.97
xvlo.xcore.inn__t27                     1.9965
xvlo.xcore.tail__t79                    1.5488
xvlo.xcore.vss__t579               2.21659e-12
xvlo.xcore.tail__t20                    1.5488
xvlo.xcore.inn__t26                     1.9965
xvlo.xcore.outn__t66                      2.97
xvlo.xcore.vss__t580               2.23033e-12
xvlo.xcore.outn__t37                      2.97
xvlo.xcore.inn__t36                     1.9965
xvlo.xcore.tail__t84                    1.5488
xvlo.xcore.vss__t581               2.24408e-12
xvlo.xcore.tail__t18                    1.5488
xvlo.xcore.inn__t25                     1.9965
xvlo.xcore.outn__t65                      2.97
xvlo.xcore.vss__t582               2.25783e-12
xvlo.xcore.outn__t31                      2.97
xvlo.xcore.inn__t24                     1.9965
xvlo.xcore.tail__t78                    1.5488
xvlo.xcore.vss__t583               2.27157e-12
xvlo.xcore.tail__t17                    1.5488
xvlo.xcore.inn__t23                     1.9965
xvlo.xcore.outn__t64                      2.97
xvlo.xcore.vss__t584               2.28532e-12
xvlo.xcore.outn__t30                      2.97
xvlo.xcore.inn__t22                     1.9965
xvlo.xcore.tail__t77                    1.5488
xvlo.xcore.vss__t585               2.29906e-12
xvlo.xcore.tail__t2                     1.5488
xvlo.xcore.inn__t0                      1.9965
xvlo.xcore.outn__t20                      2.97
xvlo.xcore.vss__t587               2.31281e-12
xvlo.xcore.vss__t210               2.29179e-12
xvlo.xcore.outp__t16                   2.46126
xvlo.xcore.vss__t211               2.26485e-12
xvlo.xcore.outp__t17                   2.46126
xvlo.xcore.vss__t212               2.23793e-12
xvlo.xcore.outp__t18                   2.46126
xvlo.xcore.vss__t213               2.21104e-12
xvlo.xcore.outp__t19                   2.46126
xvlo.xcore.vss__t214               2.18417e-12
xvlo.xcore.outp__t0                    2.46126
xvlo.xcore.vss__t215               2.15732e-12
xvlo.xcore.outp__t1                    2.46126
xvlo.xcore.vss__t216                2.1305e-12
xvlo.xcore.outp__t2                    2.46126
xvlo.xcore.vss__t217               2.10371e-12
xvlo.xcore.outp__t3                    2.46126
xvlo.xcore.vss__t218               2.07694e-12
xvlo.xcore.outp__t4                    2.46126
xvlo.xcore.vss__t219                2.0502e-12
xvlo.xcore.outp__t15                   2.46126
xvlo.xcore.vss__t220               2.02349e-12
xvlo.xcore.outp__t6                    2.46126
xvlo.xcore.vss__t221               1.99681e-12
xvlo.xcore.outp__t7                    2.46126
xvlo.xcore.vss__t222               1.97017e-12
xvlo.xcore.outp__t8                    2.46126
xvlo.xcore.vss__t223               1.94355e-12
xvlo.xcore.outp__t9                    2.46126
xvlo.xcore.vss__t224               1.91697e-12
xvlo.xcore.outp__t10                   2.46126
xvlo.xcore.vss__t225               1.89043e-12
xvlo.xcore.outp__t11                   2.46126
xvlo.xcore.vss__t226               1.86392e-12
xvlo.xcore.outp__t12                   2.46126
xvlo.xcore.vss__t227               1.83745e-12
xvlo.xcore.outp__t13                   2.46126
xvlo.xcore.vss__t228               1.81102e-12
xvlo.xcore.outp__t14                   2.46126
xvlo.xcore.vss__t229               1.78464e-12
xvlo.xcore.outp__t5                    2.46126
xvlo.xcore.vss__t230               1.96611e-12
xvlo.xcore.outn__t0                       2.97
xvlo.xcore.vss__t231                1.9976e-12
xvlo.xcore.outn__t5                       2.97
xvlo.xcore.vss__t232               2.02915e-12
xvlo.xcore.outn__t6                       2.97
xvlo.xcore.vss__t233               2.06076e-12
xvlo.xcore.outn__t7                       2.97
xvlo.xcore.vss__t234               2.09244e-12
xvlo.xcore.outn__t8                       2.97
xvlo.xcore.vss__t235               2.12417e-12
xvlo.xcore.outn__t9                       2.97
xvlo.xcore.vss__t236               2.15596e-12
xvlo.xcore.outn__t10                      2.97
xvlo.xcore.vss__t237                2.1878e-12
xvlo.xcore.outn__t11                      2.97
xvlo.xcore.vss__t238                2.2197e-12
xvlo.xcore.outn__t12                      2.97
xvlo.xcore.vss__t239               2.25164e-12
xvlo.xcore.outn__t13                      2.97
xvlo.xcore.vss__t240               2.28363e-12
xvlo.xcore.outn__t14                      2.97
xvlo.xcore.vss__t241               2.31566e-12
xvlo.xcore.outn__t15                      2.97
xvlo.xcore.vss__t242               2.34774e-12
xvlo.xcore.outn__t16                      2.97
xvlo.xcore.vss__t243               2.37986e-12
xvlo.xcore.outn__t17                      2.97
xvlo.xcore.vss__t244               2.41202e-12
xvlo.xcore.outn__t19                      2.97
xvlo.xcore.vss__t245               2.44421e-12
xvlo.xcore.outn__t18                      2.97
xvlo.xcore.vss__t246               2.47645e-12
xvlo.xcore.outn__t1                       2.97
xvlo.xcore.vss__t247               2.50872e-12
xvlo.xcore.outn__t2                       2.97
xvlo.xcore.vss__t248               2.54102e-12
xvlo.xcore.outn__t3                       2.97
xvlo.xcore.vss__t249               2.57335e-12
xvlo.xcore.outn__t4                       2.97
ib_vlo                                 1.12786
xvlo.xcore.vsubs                             0
outn_vlo                                  2.97
outp_vlo                               2.46126
xvlo.tail                               1.5488
xvhi.xcore.tail__t186                   1.5858
xvhi.xcore.ibias__t118                 1.12786
xvhi.xcore.vss__t163                5.3977e-06
xvhi.xcore.vss__t349               1.05295e-12
xvhi.xcore.vss__t60                5.19907e-06
xvhi.xcore.ibias__t117                 1.12786
xvhi.xcore.tail__t286                   1.5858
xvhi.xcore.vss__t350               1.01421e-12
xvhi.xcore.tail__t197                   1.5858
xvhi.xcore.ibias__t140                 1.12786
xvhi.xcore.vss__t174               5.00086e-06
xvhi.xcore.vss__t351               9.75545e-13
xvhi.xcore.vss__t68                4.80311e-06
xvhi.xcore.ibias__t133                 1.12786
xvhi.xcore.tail__t294                   1.5858
xvhi.xcore.vss__t352               9.36973e-13
xvhi.xcore.tail__t193                   1.5858
xvhi.xcore.ibias__t132                 1.12786
xvhi.xcore.vss__t170               4.60589e-06
xvhi.xcore.vss__t353               8.98503e-13
xvhi.xcore.vss__t67                4.40926e-06
xvhi.xcore.ibias__t131                 1.12786
xvhi.xcore.tail__t293                   1.5858
xvhi.xcore.vss__t354                8.6015e-13
xvhi.xcore.tail__t192                   1.5858
xvhi.xcore.ibias__t130                 1.12786
xvhi.xcore.vss__t169               4.21331e-06
xvhi.xcore.vss__t355               8.21928e-13
xvhi.xcore.vss__t74                4.01814e-06
xvhi.xcore.ibias__t145                 1.12786
xvhi.xcore.tail__t300                   1.5858
xvhi.xcore.vss__t356               7.83859e-13
xvhi.xcore.tail__t191                   1.5858
xvhi.xcore.ibias__t128                 1.12786
xvhi.xcore.vss__t168               3.82387e-06
xvhi.xcore.vss__t357               7.45964e-13
xvhi.xcore.vss__t65                3.63065e-06
xvhi.xcore.ibias__t127                 1.12786
xvhi.xcore.tail__t291                   1.5858
xvhi.xcore.vss__t358               7.08272e-13
xvhi.xcore.tail__t190                   1.5858
xvhi.xcore.ibias__t126                 1.12786
xvhi.xcore.vss__t167               3.43864e-06
xvhi.xcore.vss__t359               6.70818e-13
xvhi.xcore.vss__t64                3.24807e-06
xvhi.xcore.ibias__t125                 1.12786
xvhi.xcore.tail__t290                   1.5858
xvhi.xcore.vss__t360               6.33643e-13
xvhi.xcore.tail__t189                   1.5858
xvhi.xcore.ibias__t124                 1.12786
xvhi.xcore.vss__t166                3.0592e-06
xvhi.xcore.vss__t361                 5.968e-13
xvhi.xcore.vss__t63                2.87236e-06
xvhi.xcore.ibias__t123                 1.12786
xvhi.xcore.tail__t289                   1.5858
xvhi.xcore.vss__t362               5.60354e-13
xvhi.xcore.tail__t188                   1.5858
xvhi.xcore.ibias__t122                 1.12786
xvhi.xcore.vss__t165                 2.688e-06
xvhi.xcore.vss__t363               5.24389e-13
xvhi.xcore.vss__t62                2.50664e-06
xvhi.xcore.ibias__t121                 1.12786
xvhi.xcore.tail__t288                   1.5858
xvhi.xcore.vss__t364               4.89011e-13
xvhi.xcore.tail__t187                   1.5858
xvhi.xcore.ibias__t120                 1.12786
xvhi.xcore.vss__t164               2.32899e-06
xvhi.xcore.vss__t365               4.54356e-13
xvhi.xcore.vss__t26                2.15597e-06
xvhi.xcore.ibias__t0                   1.12786
xvhi.xcore.tail__t252                   1.5858
xvhi.xcore.vss__t366               4.20604e-13
xvhi.xcore.tail__t175                   1.5858
xvhi.xcore.ibias__t97                  1.12786
xvhi.xcore.vss__t152               1.98879e-06
xvhi.xcore.vss__t367                3.8799e-13
xvhi.xcore.vss__t42                1.82904e-06
xvhi.xcore.ibias__t78                  1.12786
xvhi.xcore.tail__t268                   1.5858
xvhi.xcore.vss__t368               3.56828e-13
xvhi.xcore.tail__t164                  1.58581
xvhi.xcore.ibias__t77                  1.12786
xvhi.xcore.vss__t141               1.67886e-06
xvhi.xcore.vss__t369                3.2753e-13
xvhi.xcore.vss__t37                1.54104e-06
xvhi.xcore.ibias__t70                  1.12786
xvhi.xcore.tail__t263                  1.58581
xvhi.xcore.vss__t370               3.00645e-13
xvhi.xcore.tail__t167                  1.58581
xvhi.xcore.ibias__t82                  1.12786
xvhi.xcore.vss__t144                1.4192e-06
xvhi.xcore.vss__t371               2.76874e-13
xvhi.xcore.vss__t39                1.31775e-06
xvhi.xcore.ibias__t72                  1.12786
xvhi.xcore.tail__t265                  1.58581
xvhi.xcore.vss__t372               2.57085e-13
xvhi.xcore.tail__t162                  1.58581
xvhi.xcore.ibias__t73                  1.12786
xvhi.xcore.vss__t139               1.24173e-06
xvhi.xcore.vss__t373               2.42254e-13
xvhi.xcore.vss__t40                1.19598e-06
xvhi.xcore.ibias__t74                  1.12786
xvhi.xcore.tail__t266                  1.58581
xvhi.xcore.vss__t374               2.33329e-13
xvhi.xcore.tail__t163                  1.58581
xvhi.xcore.ibias__t75                  1.12786
xvhi.xcore.vss__t140               1.18402e-06
xvhi.xcore.vss__t375               2.30997e-13
xvhi.xcore.vss__t41                1.20685e-06
xvhi.xcore.ibias__t76                  1.12786
xvhi.xcore.tail__t267                  1.58581
xvhi.xcore.vss__t376               2.35453e-13
xvhi.xcore.tail__t129                  1.58581
xvhi.xcore.ibias__t9                   1.12786
xvhi.xcore.vss__t107               1.26259e-06
xvhi.xcore.vss__t377               2.46329e-13
xvhi.xcore.vss__t6                 1.34717e-06
xvhi.xcore.ibias__t8                   1.12786
xvhi.xcore.tail__t232                  1.58581
xvhi.xcore.vss__t378               2.62829e-13
xvhi.xcore.tail__t128                  1.58581
xvhi.xcore.ibias__t7                   1.12786
xvhi.xcore.vss__t106               1.45555e-06
xvhi.xcore.vss__t379               2.83976e-13
xvhi.xcore.vss__t5                 1.58286e-06
xvhi.xcore.ibias__t6                   1.12786
xvhi.xcore.tail__t231                  1.58581
xvhi.xcore.vss__t380               3.08816e-13
xvhi.xcore.tail__t141                  1.58581
xvhi.xcore.ibias__t31                  1.12786
xvhi.xcore.vss__t119               1.72492e-06
xvhi.xcore.vss__t381               3.36532e-13
xvhi.xcore.vss__t4                 1.87837e-06
xvhi.xcore.ibias__t5                   1.12786
xvhi.xcore.tail__t230                  1.58581
xvhi.xcore.vss__t382               3.66473e-13
xvhi.xcore.tail__t158                  1.58581
xvhi.xcore.ibias__t62                  1.12786
xvhi.xcore.vss__t135               2.04066e-06
xvhi.xcore.vss__t383               3.98137e-13
xvhi.xcore.vss__t33                2.20983e-06
xvhi.xcore.ibias__t63                  1.12786
xvhi.xcore.tail__t259                  1.58581
xvhi.xcore.vss__t384               4.31144e-13
xvhi.xcore.tail__t159                  1.58581
xvhi.xcore.ibias__t64                  1.12786
xvhi.xcore.vss__t136               2.38442e-06
xvhi.xcore.vss__t385               4.65209e-13
xvhi.xcore.vss__t34                2.56332e-06
xvhi.xcore.ibias__t65                  1.12786
xvhi.xcore.tail__t260                  1.58581
xvhi.xcore.vss__t386               5.00116e-13
xvhi.xcore.tail__t160                  1.58581
xvhi.xcore.ibias__t66                  1.12786
xvhi.xcore.vss__t137               2.74569e-06
xvhi.xcore.vss__t387                 5.357e-13
xvhi.xcore.vss__t35                2.93089e-06
xvhi.xcore.ibias__t67                  1.12786
xvhi.xcore.tail__t261                  1.58581
xvhi.xcore.vss__t388               5.71835e-13
xvhi.xcore.tail__t161                  1.58581
xvhi.xcore.ibias__t68                  1.12786
xvhi.xcore.vss__t138                3.1184e-06
xvhi.xcore.vss__t389               6.08422e-13
xvhi.xcore.vss__t36                3.30784e-06
xvhi.xcore.ibias__t69                  1.12786
xvhi.xcore.tail__t262                  1.58581
xvhi.xcore.vss__t390               6.45386e-13
xvhi.xcore.tail__t130                  1.58581
xvhi.xcore.ibias__t10                  1.12786
xvhi.xcore.vss__t108               3.49889e-06
xvhi.xcore.vss__t391               6.82664e-13
xvhi.xcore.vss__t13                3.69131e-06
xvhi.xcore.ibias__t23                  1.12786
xvhi.xcore.tail__t239                  1.58581
xvhi.xcore.vss__t392               7.20209e-13
xvhi.xcore.tail__t137                  1.58581
xvhi.xcore.ibias__t24                  1.12786
xvhi.xcore.vss__t115               3.88488e-06
xvhi.xcore.vss__t393               7.57979e-13
xvhi.xcore.vss__t14                4.07945e-06
xvhi.xcore.ibias__t25                  1.12786
xvhi.xcore.tail__t240                  1.58581
xvhi.xcore.vss__t394               7.95944e-13
xvhi.xcore.tail__t138                  1.58581
xvhi.xcore.ibias__t26                  1.12786
xvhi.xcore.vss__t116               4.27487e-06
xvhi.xcore.vss__t395               8.34077e-13
xvhi.xcore.vss__t15                4.47104e-06
xvhi.xcore.ibias__t27                  1.12786
xvhi.xcore.tail__t241                  1.58581
xvhi.xcore.vss__t396               8.72356e-13
xvhi.xcore.tail__t139                  1.58581
xvhi.xcore.ibias__t28                  1.12786
xvhi.xcore.vss__t117               4.66786e-06
xvhi.xcore.vss__t397               9.10761e-13
xvhi.xcore.vss__t16                4.86526e-06
xvhi.xcore.ibias__t29                  1.12786
xvhi.xcore.tail__t242                  1.58581
xvhi.xcore.vss__t398               9.49278e-13
xvhi.xcore.tail__t140                  1.58581
xvhi.xcore.ibias__t30                  1.12786
xvhi.xcore.vss__t118               5.06316e-06
xvhi.xcore.vss__t399               9.87893e-13
xvhi.xcore.vss__t21                5.26151e-06
xvhi.xcore.ibias__t41                  1.12786
xvhi.xcore.tail__t247                  1.58581
xvhi.xcore.vss__t400               1.02659e-12
xvhi.xcore.tail__t142                  1.58581
xvhi.xcore.ibias__t32                  1.12786
xvhi.xcore.vss__t120               5.46026e-06
xvhi.xcore.vss__t401               1.06537e-12
xvhi.xcore.vss__t17                5.65936e-06
xvhi.xcore.ibias__t33                  1.12786
xvhi.xcore.tail__t243                  1.58581
xvhi.xcore.vss__t402               1.10421e-12
xvhi.xcore.tail__t143                  1.58581
xvhi.xcore.ibias__t34                  1.12786
xvhi.xcore.vss__t121               5.85879e-06
xvhi.xcore.vss__t403               1.14312e-12
xvhi.xcore.vss__t18                 6.0585e-06
xvhi.xcore.ibias__t35                  1.12786
xvhi.xcore.tail__t244                  1.58581
xvhi.xcore.vss__t404               1.18208e-12
xvhi.xcore.tail__t144                  1.58581
xvhi.xcore.ibias__t36                  1.12786
xvhi.xcore.vss__t122               6.25848e-06
xvhi.xcore.vss__t405                1.2211e-12
xvhi.xcore.vss__t19                 6.4587e-06
xvhi.xcore.ibias__t37                  1.12786
xvhi.xcore.tail__t245                  1.58581
xvhi.xcore.vss__t406               1.26015e-12
xvhi.xcore.tail__t145                  1.58581
xvhi.xcore.ibias__t38                  1.12786
xvhi.xcore.vss__t123               6.65912e-06
xvhi.xcore.vss__t407               1.29925e-12
xvhi.xcore.vss__t20                6.85975e-06
xvhi.xcore.ibias__t39                  1.12786
xvhi.xcore.tail__t246                  1.58581
xvhi.xcore.vss__t408               1.33839e-12
xvhi.xcore.tail__t146                  1.58581
xvhi.xcore.ibias__t40                  1.12786
xvhi.xcore.vss__t124               7.06056e-06
xvhi.xcore.vss__t409               1.37757e-12
xvhi.xcore.vss__t8                 7.26153e-06
xvhi.xcore.ibias__t12                  1.12786
xvhi.xcore.tail__t234                  1.58581
xvhi.xcore.vss__t410               1.41677e-12
xvhi.xcore.tail__t135                  1.58581
xvhi.xcore.ibias__t21                  1.12786
xvhi.xcore.vss__t113               7.46265e-06
xvhi.xcore.vss__t411               1.45601e-12
xvhi.xcore.vss__t9                 7.66392e-06
xvhi.xcore.ibias__t13                  1.12786
xvhi.xcore.tail__t235                  1.58581
xvhi.xcore.vss__t412               1.49527e-12
xvhi.xcore.tail__t131                  1.58581
xvhi.xcore.ibias__t14                  1.12786
xvhi.xcore.vss__t109               7.86531e-06
xvhi.xcore.vss__t413               1.53455e-12
xvhi.xcore.vss__t10                8.06682e-06
xvhi.xcore.ibias__t15                  1.12786
xvhi.xcore.tail__t236                  1.58581
xvhi.xcore.vss__t414               1.57386e-12
xvhi.xcore.tail__t134                  1.58581
xvhi.xcore.ibias__t20                  1.12786
xvhi.xcore.vss__t112               8.26844e-06
xvhi.xcore.vss__t415               1.61319e-12
xvhi.xcore.vss__t12                8.47016e-06
xvhi.xcore.ibias__t19                  1.12786
xvhi.xcore.tail__t238                  1.58581
xvhi.xcore.vss__t416               1.65254e-12
xvhi.xcore.tail__t133                  1.58581
xvhi.xcore.ibias__t18                  1.12786
xvhi.xcore.vss__t111               8.67198e-06
xvhi.xcore.vss__t417               1.69191e-12
xvhi.xcore.vss__t11                8.87389e-06
xvhi.xcore.ibias__t17                  1.12786
xvhi.xcore.tail__t237                  1.58581
xvhi.xcore.vss__t418               1.73129e-12
xvhi.xcore.tail__t132                  1.58581
xvhi.xcore.ibias__t16                  1.12786
xvhi.xcore.vss__t110               9.07588e-06
xvhi.xcore.vss__t419               1.77069e-12
xvhi.xcore.vss__t7                 9.27795e-06
xvhi.xcore.ibias__t11                  1.12786
xvhi.xcore.tail__t233                  1.58581
xvhi.xcore.vss__t420               1.81011e-12
xvhi.xcore.tail__t136                  1.58581
xvhi.xcore.ibias__t22                  1.12786
xvhi.xcore.vss__t114               9.48009e-06
xvhi.xcore.vss__t421               1.84954e-12
xvhi.xcore.vss__t23                 9.6823e-06
xvhi.xcore.ibias__t45                  1.12786
xvhi.xcore.tail__t249                  1.58581
xvhi.xcore.vss__t422               1.88898e-12
xvhi.xcore.tail__t150                  1.58581
xvhi.xcore.ibias__t46                  1.12786
xvhi.xcore.vss__t127               9.88457e-06
xvhi.xcore.vss__t423               1.92844e-12
xvhi.xcore.vss__t24                1.00869e-05
xvhi.xcore.ibias__t47                  1.12786
xvhi.xcore.tail__t250                  1.58581
xvhi.xcore.vss__t424                1.9679e-12
xvhi.xcore.tail__t151                  1.58581
xvhi.xcore.ibias__t48                  1.12786
xvhi.xcore.vss__t128               1.02893e-05
xvhi.xcore.vss__t425               2.00738e-12
xvhi.xcore.vss__t25                1.04917e-05
xvhi.xcore.ibias__t49                  1.12786
xvhi.xcore.tail__t251                  1.58581
xvhi.xcore.vss__t426               2.04686e-12
xvhi.xcore.tail__t152                  1.58581
xvhi.xcore.ibias__t50                  1.12786
xvhi.xcore.vss__t129               1.06942e-05
xvhi.xcore.vss__t427               2.08636e-12
xvhi.xcore.vss__t32                1.08968e-05
xvhi.xcore.ibias__t61                  1.12786
xvhi.xcore.tail__t258                  1.58581
xvhi.xcore.vss__t428               2.12586e-12
xvhi.xcore.tail__t153                  1.58581
xvhi.xcore.ibias__t51                  1.12786
xvhi.xcore.vss__t130               1.10993e-05
xvhi.xcore.vss__t429               2.16538e-12
xvhi.xcore.vss__t27                 1.1302e-05
xvhi.xcore.ibias__t52                  1.12786
xvhi.xcore.tail__t253                   1.5858
xvhi.xcore.vss__t430                2.2049e-12
xvhi.xcore.tail__t154                   1.5858
xvhi.xcore.ibias__t53                  1.12786
xvhi.xcore.vss__t131               1.15046e-05
xvhi.xcore.vss__t431               2.24443e-12
xvhi.xcore.vss__t28                1.17073e-05
xvhi.xcore.ibias__t54                  1.12786
xvhi.xcore.tail__t254                   1.5858
xvhi.xcore.vss__t432               2.28396e-12
xvhi.xcore.tail__t155                   1.5858
xvhi.xcore.ibias__t55                  1.12786
xvhi.xcore.vss__t132               1.19101e-05
xvhi.xcore.vss__t433                2.3235e-12
xvhi.xcore.vss__t29                1.21128e-05
xvhi.xcore.ibias__t56                  1.12786
xvhi.xcore.tail__t255                   1.5858
xvhi.xcore.vss__t434               2.36305e-12
xvhi.xcore.tail__t156                   1.5858
xvhi.xcore.ibias__t57                  1.12786
xvhi.xcore.vss__t133               1.23157e-05
xvhi.xcore.vss__t435               2.40261e-12
xvhi.xcore.vss__t30                1.25185e-05
xvhi.xcore.ibias__t58                  1.12786
xvhi.xcore.tail__t256                   1.5858
xvhi.xcore.vss__t436               2.44216e-12
xvhi.xcore.tail__t157                   1.5858
xvhi.xcore.ibias__t59                  1.12786
xvhi.xcore.vss__t134               1.27214e-05
xvhi.xcore.vss__t437               2.48173e-12
xvhi.xcore.vss__t31                1.29242e-05
xvhi.xcore.ibias__t60                  1.12786
xvhi.xcore.tail__t257                   1.5858
xvhi.xcore.vss__t438                2.5213e-12
xvhi.xcore.tail__t211                   1.5858
xvhi.xcore.ibias__t176                 1.12786
xvhi.xcore.vss__t193               1.31272e-05
xvhi.xcore.vss__t439               2.56088e-12
xvhi.xcore.vss__t88                1.33301e-05
xvhi.xcore.ibias__t175                 1.12786
xvhi.xcore.tail__t311                   1.5858
xvhi.xcore.vss__t440               2.60045e-12
xvhi.xcore.tail__t165                   1.5858
xvhi.xcore.ibias__t79                  1.12786
xvhi.xcore.vss__t142               1.35331e-05
xvhi.xcore.vss__t441               2.64004e-12
xvhi.xcore.vss__t43                1.37361e-05
xvhi.xcore.ibias__t80                  1.12786
xvhi.xcore.tail__t269                   1.5858
xvhi.xcore.vss__t442               2.67963e-12
xvhi.xcore.tail__t166                   1.5858
xvhi.xcore.ibias__t81                  1.12786
xvhi.xcore.vss__t143               1.39391e-05
xvhi.xcore.vss__t443               2.71922e-12
xvhi.xcore.vss__t38                1.41421e-05
xvhi.xcore.ibias__t71                  1.12786
xvhi.xcore.tail__t264                   1.5858
xvhi.xcore.vss__t444               2.75881e-12
xvhi.xcore.tail__t147                   1.5858
xvhi.xcore.ibias__t42                  1.12786
xvhi.xcore.vss__t125               1.43452e-05
xvhi.xcore.vss__t445               2.79841e-12
xvhi.xcore.vss__t22                1.45482e-05
xvhi.xcore.ibias__t43                  1.12786
xvhi.xcore.tail__t248                   1.5858
xvhi.xcore.vss__t446               2.83802e-12
xvhi.xcore.tail__t148                   1.5858
xvhi.xcore.ibias__t44                  1.12786
xvhi.xcore.vss__t126               1.47513e-05
xvhi.xcore.vss__t447               2.87762e-12
xvhi.xcore.vss__t0                 1.49544e-05
xvhi.xcore.ibias__t1                   1.12786
xvhi.xcore.tail__t149                   1.5858
xvhi.xcore.vss__t456               2.91723e-12
xvhi.xcore.tail__t229                  1.58577
xvhi.xcore.ibias__t2                   1.12786
xvhi.xcore.vss__t1                 2.56693e-05
xvhi.xcore.vss__t458               5.00525e-12
xvhi.xcore.vss__t189               2.54657e-05
xvhi.xcore.ibias__t170                 1.12786
xvhi.xcore.tail__t228                  1.58577
xvhi.xcore.vss__t250               4.96558e-12
xvhi.xcore.tail__t209                  1.58577
xvhi.xcore.ibias__t169                 1.12786
xvhi.xcore.vss__t188               2.52622e-05
xvhi.xcore.vss__t251               4.92592e-12
xvhi.xcore.vss__t86                2.50587e-05
xvhi.xcore.ibias__t168                 1.12786
xvhi.xcore.tail__t309                  1.58577
xvhi.xcore.vss__t252               4.88626e-12
xvhi.xcore.tail__t208                  1.58577
xvhi.xcore.ibias__t167                 1.12786
xvhi.xcore.vss__t187               2.48552e-05
xvhi.xcore.vss__t253                4.8466e-12
xvhi.xcore.vss__t85                2.46517e-05
xvhi.xcore.ibias__t166                 1.12786
xvhi.xcore.tail__t308                  1.58577
xvhi.xcore.vss__t254               4.80694e-12
xvhi.xcore.tail__t207                  1.58577
xvhi.xcore.ibias__t165                 1.12786
xvhi.xcore.vss__t186               2.44482e-05
xvhi.xcore.vss__t255               4.76728e-12
xvhi.xcore.vss__t84                2.42447e-05
xvhi.xcore.ibias__t164                 1.12786
xvhi.xcore.tail__t307                  1.58577
xvhi.xcore.vss__t256               4.72762e-12
xvhi.xcore.tail__t210                  1.58577
xvhi.xcore.ibias__t173                 1.12786
xvhi.xcore.vss__t191               2.40412e-05
xvhi.xcore.vss__t257               4.68796e-12
xvhi.xcore.vss__t87                2.38377e-05
xvhi.xcore.ibias__t172                 1.12786
xvhi.xcore.tail__t310                  1.58577
xvhi.xcore.vss__t258                4.6483e-12
xvhi.xcore.tail__t219                  1.58577
xvhi.xcore.ibias__t195                 1.12786
xvhi.xcore.vss__t201               2.36343e-05
xvhi.xcore.vss__t259               4.60864e-12
xvhi.xcore.vss__t99                2.34308e-05
xvhi.xcore.ibias__t194                 1.12786
xvhi.xcore.tail__t321                  1.58577
xvhi.xcore.vss__t260               4.56898e-12
xvhi.xcore.tail__t227                  1.58577
xvhi.xcore.ibias__t209                 1.12786
xvhi.xcore.vss__t209               2.32273e-05
xvhi.xcore.vss__t261               4.52932e-12
xvhi.xcore.vss__t97                2.30238e-05
xvhi.xcore.ibias__t192                 1.12786
xvhi.xcore.tail__t319                  1.58577
xvhi.xcore.vss__t262               4.48966e-12
xvhi.xcore.tail__t218                  1.58577
xvhi.xcore.ibias__t191                 1.12786
xvhi.xcore.vss__t200               2.28204e-05
xvhi.xcore.vss__t263               4.45001e-12
xvhi.xcore.vss__t96                2.26169e-05
xvhi.xcore.ibias__t190                 1.12786
xvhi.xcore.tail__t318                  1.58577
xvhi.xcore.vss__t264               4.41035e-12
xvhi.xcore.tail__t217                  1.58577
xvhi.xcore.ibias__t189                 1.12786
xvhi.xcore.vss__t199               2.24134e-05
xvhi.xcore.vss__t265               4.37069e-12
xvhi.xcore.vss__t95                  2.221e-05
xvhi.xcore.ibias__t188                 1.12786
xvhi.xcore.tail__t317                  1.58577
xvhi.xcore.vss__t266               4.33104e-12
xvhi.xcore.tail__t216                  1.58577
xvhi.xcore.ibias__t187                 1.12786
xvhi.xcore.vss__t198               2.20065e-05
xvhi.xcore.vss__t267               4.29138e-12
xvhi.xcore.vss__t94                2.18031e-05
xvhi.xcore.ibias__t186                 1.12786
xvhi.xcore.tail__t316                  1.58577
xvhi.xcore.vss__t268               4.25173e-12
xvhi.xcore.tail__t215                  1.58577
xvhi.xcore.ibias__t185                 1.12786
xvhi.xcore.vss__t197               2.15996e-05
xvhi.xcore.vss__t269               4.21207e-12
xvhi.xcore.vss__t93                2.13962e-05
xvhi.xcore.ibias__t184                 1.12786
xvhi.xcore.tail__t315                  1.58577
xvhi.xcore.vss__t270               4.17242e-12
xvhi.xcore.tail__t214                  1.58577
xvhi.xcore.ibias__t183                 1.12786
xvhi.xcore.vss__t196               2.11928e-05
xvhi.xcore.vss__t271               4.13277e-12
xvhi.xcore.vss__t92                2.09894e-05
xvhi.xcore.ibias__t182                 1.12786
xvhi.xcore.tail__t314                  1.58577
xvhi.xcore.vss__t272               4.09312e-12
xvhi.xcore.tail__t213                  1.58577
xvhi.xcore.ibias__t181                 1.12786
xvhi.xcore.vss__t195               2.07859e-05
xvhi.xcore.vss__t273               4.05347e-12
xvhi.xcore.vss__t91                2.05825e-05
xvhi.xcore.ibias__t180                 1.12786
xvhi.xcore.tail__t313                  1.58577
xvhi.xcore.vss__t274               4.01382e-12
xvhi.xcore.tail__t212                  1.58577
xvhi.xcore.ibias__t179                 1.12786
xvhi.xcore.vss__t194               2.03791e-05
xvhi.xcore.vss__t275               3.97417e-12
xvhi.xcore.vss__t90                2.01757e-05
xvhi.xcore.ibias__t178                 1.12786
xvhi.xcore.tail__t312                  1.58577
xvhi.xcore.vss__t276               3.93452e-12
xvhi.xcore.tail__t206                  1.58577
xvhi.xcore.ibias__t161                 1.12786
xvhi.xcore.vss__t184               1.99723e-05
xvhi.xcore.vss__t277               3.89487e-12
xvhi.xcore.vss__t57                1.97689e-05
xvhi.xcore.ibias__t112                 1.12786
xvhi.xcore.tail__t283                  1.58577
xvhi.xcore.vss__t278               3.85523e-12
xvhi.xcore.tail__t183                  1.58578
xvhi.xcore.ibias__t111                 1.12786
xvhi.xcore.vss__t160               1.95656e-05
xvhi.xcore.vss__t279               3.81558e-12
xvhi.xcore.vss__t56                1.93622e-05
xvhi.xcore.ibias__t110                 1.12786
xvhi.xcore.tail__t282                  1.58578
xvhi.xcore.vss__t280               3.77594e-12
xvhi.xcore.tail__t182                  1.58578
xvhi.xcore.ibias__t109                 1.12786
xvhi.xcore.vss__t159               1.91588e-05
xvhi.xcore.vss__t281               3.73629e-12
xvhi.xcore.vss__t55                1.89555e-05
xvhi.xcore.ibias__t108                 1.12786
xvhi.xcore.tail__t281                  1.58578
xvhi.xcore.vss__t282               3.69665e-12
xvhi.xcore.tail__t181                  1.58578
xvhi.xcore.ibias__t107                 1.12786
xvhi.xcore.vss__t158               1.87521e-05
xvhi.xcore.vss__t283               3.65701e-12
xvhi.xcore.vss__t54                1.85488e-05
xvhi.xcore.ibias__t106                 1.12786
xvhi.xcore.tail__t280                  1.58578
xvhi.xcore.vss__t284               3.61737e-12
xvhi.xcore.tail__t180                  1.58578
xvhi.xcore.ibias__t105                 1.12786
xvhi.xcore.vss__t157               1.83455e-05
xvhi.xcore.vss__t285               3.57773e-12
xvhi.xcore.vss__t53                1.81421e-05
xvhi.xcore.ibias__t104                 1.12786
xvhi.xcore.tail__t279                  1.58578
xvhi.xcore.vss__t286                3.5381e-12
xvhi.xcore.tail__t205                  1.58578
xvhi.xcore.ibias__t156                 1.12786
xvhi.xcore.vss__t182               1.79388e-05
xvhi.xcore.vss__t287               3.49846e-12
xvhi.xcore.vss__t79                1.77355e-05
xvhi.xcore.ibias__t155                 1.12786
xvhi.xcore.tail__t305                  1.58578
xvhi.xcore.vss__t288               3.45883e-12
xvhi.xcore.tail__t204                  1.58578
xvhi.xcore.ibias__t154                 1.12786
xvhi.xcore.vss__t181               1.75322e-05
xvhi.xcore.vss__t289                3.4192e-12
xvhi.xcore.vss__t78                 1.7329e-05
xvhi.xcore.ibias__t153                 1.12786
xvhi.xcore.tail__t304                  1.58578
xvhi.xcore.vss__t290               3.37957e-12
xvhi.xcore.tail__t203                  1.58578
xvhi.xcore.ibias__t152                 1.12786
xvhi.xcore.vss__t180               1.71257e-05
xvhi.xcore.vss__t291               3.33994e-12
xvhi.xcore.vss__t77                1.69224e-05
xvhi.xcore.ibias__t151                 1.12786
xvhi.xcore.tail__t303                  1.58578
xvhi.xcore.vss__t292               3.30031e-12
xvhi.xcore.tail__t202                  1.58578
xvhi.xcore.ibias__t150                 1.12786
xvhi.xcore.vss__t179               1.67192e-05
xvhi.xcore.vss__t293               3.26069e-12
xvhi.xcore.vss__t76                1.65159e-05
xvhi.xcore.ibias__t149                 1.12786
xvhi.xcore.tail__t302                  1.58578
xvhi.xcore.vss__t294               3.22107e-12
xvhi.xcore.tail__t201                  1.58578
xvhi.xcore.ibias__t148                 1.12786
xvhi.xcore.vss__t178               1.63127e-05
xvhi.xcore.vss__t295               3.18145e-12
xvhi.xcore.vss__t75                1.61095e-05
xvhi.xcore.ibias__t147                 1.12786
xvhi.xcore.tail__t301                  1.58578
xvhi.xcore.vss__t296               3.14183e-12
xvhi.xcore.tail__t200                  1.58578
xvhi.xcore.ibias__t146                 1.12786
xvhi.xcore.vss__t177               1.59063e-05
xvhi.xcore.vss__t297               3.10221e-12
xvhi.xcore.vss__t98                1.57031e-05
xvhi.xcore.ibias__t193                 1.12786
xvhi.xcore.tail__t320                  1.58578
xvhi.xcore.vss__t298                3.0626e-12
xvhi.xcore.tail__t226                  1.58578
xvhi.xcore.ibias__t208                 1.12786
xvhi.xcore.vss__t208                  1.55e-05
xvhi.xcore.vss__t299               3.02299e-12
xvhi.xcore.vss__t105               1.52968e-05
xvhi.xcore.ibias__t207                 1.12786
xvhi.xcore.tail__t327                  1.58578
xvhi.xcore.vss__t300               2.98338e-12
xvhi.xcore.tail__t225                  1.58578
xvhi.xcore.ibias__t206                 1.12786
xvhi.xcore.vss__t207               1.50937e-05
xvhi.xcore.vss__t301               2.94377e-12
xvhi.xcore.vss__t104               1.48905e-05
xvhi.xcore.ibias__t205                 1.12786
xvhi.xcore.tail__t326                  1.58578
xvhi.xcore.vss__t302               2.90417e-12
xvhi.xcore.tail__t224                  1.58578
xvhi.xcore.ibias__t204                 1.12786
xvhi.xcore.vss__t206               1.46874e-05
xvhi.xcore.vss__t303               2.86457e-12
xvhi.xcore.vss__t103               1.44844e-05
xvhi.xcore.ibias__t203                 1.12786
xvhi.xcore.tail__t325                  1.58578
xvhi.xcore.vss__t304               2.82497e-12
xvhi.xcore.tail__t223                  1.58578
xvhi.xcore.ibias__t202                 1.12786
xvhi.xcore.vss__t205               1.42813e-05
xvhi.xcore.vss__t305               2.78538e-12
xvhi.xcore.vss__t102               1.40782e-05
xvhi.xcore.ibias__t201                 1.12786
xvhi.xcore.tail__t324                  1.58578
xvhi.xcore.vss__t306               2.74579e-12
xvhi.xcore.tail__t222                  1.58578
xvhi.xcore.ibias__t200                 1.12786
xvhi.xcore.vss__t204               1.38752e-05
xvhi.xcore.vss__t307                2.7062e-12
xvhi.xcore.vss__t101               1.36722e-05
xvhi.xcore.ibias__t199                 1.12786
xvhi.xcore.tail__t323                  1.58578
xvhi.xcore.vss__t308               2.66662e-12
xvhi.xcore.tail__t221                  1.58579
xvhi.xcore.ibias__t198                 1.12786
xvhi.xcore.vss__t203               1.34692e-05
xvhi.xcore.vss__t309               2.62704e-12
xvhi.xcore.vss__t100               1.32663e-05
xvhi.xcore.ibias__t197                 1.12786
xvhi.xcore.tail__t322                  1.58579
xvhi.xcore.vss__t310               2.58747e-12
xvhi.xcore.tail__t220                  1.58579
xvhi.xcore.ibias__t196                 1.12786
xvhi.xcore.vss__t202               1.30633e-05
xvhi.xcore.vss__t311                2.5479e-12
xvhi.xcore.vss__t80                1.28604e-05
xvhi.xcore.ibias__t157                 1.12786
xvhi.xcore.tail__t306                  1.58579
xvhi.xcore.vss__t312               2.50833e-12
xvhi.xcore.tail__t185                  1.58579
xvhi.xcore.ibias__t116                 1.12786
xvhi.xcore.vss__t162               1.26575e-05
xvhi.xcore.vss__t313               2.46877e-12
xvhi.xcore.vss__t59                1.24547e-05
xvhi.xcore.ibias__t115                 1.12786
xvhi.xcore.tail__t285                  1.58579
xvhi.xcore.vss__t314               2.42922e-12
xvhi.xcore.tail__t184                  1.58579
xvhi.xcore.ibias__t114                 1.12786
xvhi.xcore.vss__t161               1.22518e-05
xvhi.xcore.vss__t315               2.38967e-12
xvhi.xcore.vss__t71                1.20491e-05
xvhi.xcore.ibias__t139                 1.12786
xvhi.xcore.tail__t297                  1.58579
xvhi.xcore.vss__t316               2.35012e-12
xvhi.xcore.tail__t196                  1.58579
xvhi.xcore.ibias__t138                 1.12786
xvhi.xcore.vss__t173               1.18463e-05
xvhi.xcore.vss__t317               2.31058e-12
xvhi.xcore.vss__t70                1.16436e-05
xvhi.xcore.ibias__t137                 1.12786
xvhi.xcore.tail__t296                  1.58579
xvhi.xcore.vss__t318               2.27105e-12
xvhi.xcore.tail__t195                  1.58579
xvhi.xcore.ibias__t136                 1.12786
xvhi.xcore.vss__t172               1.14409e-05
xvhi.xcore.vss__t319               2.23153e-12
xvhi.xcore.vss__t69                1.12382e-05
xvhi.xcore.ibias__t135                 1.12786
xvhi.xcore.tail__t295                  1.58579
xvhi.xcore.vss__t320               2.19201e-12
xvhi.xcore.tail__t194                  1.58579
xvhi.xcore.ibias__t134                 1.12786
xvhi.xcore.vss__t171               1.10356e-05
xvhi.xcore.vss__t321                2.1525e-12
xvhi.xcore.vss__t61                 1.0833e-05
xvhi.xcore.ibias__t119                 1.12786
xvhi.xcore.tail__t287                  1.58579
xvhi.xcore.vss__t322                 2.113e-12
xvhi.xcore.tail__t179                  1.58579
xvhi.xcore.ibias__t103                 1.12786
xvhi.xcore.vss__t156               1.06305e-05
xvhi.xcore.vss__t323                2.0735e-12
xvhi.xcore.vss__t48                 1.0428e-05
xvhi.xcore.ibias__t92                  1.12786
xvhi.xcore.tail__t274                  1.58579
xvhi.xcore.vss__t324               2.03402e-12
xvhi.xcore.tail__t178                  1.58579
xvhi.xcore.ibias__t102                 1.12786
xvhi.xcore.vss__t155               1.02256e-05
xvhi.xcore.vss__t325               1.99454e-12
xvhi.xcore.vss__t52                1.00232e-05
xvhi.xcore.ibias__t101                 1.12786
xvhi.xcore.tail__t278                  1.58579
xvhi.xcore.vss__t326               1.95508e-12
xvhi.xcore.tail__t177                  1.58579
xvhi.xcore.ibias__t100                 1.12786
xvhi.xcore.vss__t154               9.82093e-06
xvhi.xcore.vss__t327               1.91563e-12
xvhi.xcore.vss__t51                9.61868e-06
xvhi.xcore.ibias__t99                  1.12786
xvhi.xcore.tail__t277                  1.58579
xvhi.xcore.vss__t328               1.87618e-12
xvhi.xcore.tail__t176                  1.58579
xvhi.xcore.ibias__t98                  1.12786
xvhi.xcore.vss__t153               9.41649e-06
xvhi.xcore.vss__t329               1.83675e-12
xvhi.xcore.vss__t58                9.21437e-06
xvhi.xcore.ibias__t113                 1.12786
xvhi.xcore.tail__t284                  1.58579
xvhi.xcore.vss__t330               1.79734e-12
xvhi.xcore.tail__t174                  1.58579
xvhi.xcore.ibias__t96                  1.12786
xvhi.xcore.vss__t151               9.01233e-06
xvhi.xcore.vss__t331               1.75793e-12
xvhi.xcore.vss__t50                8.81037e-06
xvhi.xcore.ibias__t95                  1.12786
xvhi.xcore.tail__t276                  1.58579
xvhi.xcore.vss__t332               1.71855e-12
xvhi.xcore.tail__t173                  1.58579
xvhi.xcore.ibias__t94                  1.12786
xvhi.xcore.vss__t150               8.60848e-06
xvhi.xcore.vss__t333               1.67917e-12
xvhi.xcore.vss__t49                 8.4067e-06
xvhi.xcore.ibias__t93                  1.12786
xvhi.xcore.tail__t275                  1.58579
xvhi.xcore.vss__t334               1.63982e-12
xvhi.xcore.tail__t172                  1.58579
xvhi.xcore.ibias__t91                  1.12786
xvhi.xcore.vss__t149                 8.205e-06
xvhi.xcore.vss__t335               1.60049e-12
xvhi.xcore.vss__t47                8.00342e-06
xvhi.xcore.ibias__t90                  1.12786
xvhi.xcore.tail__t273                  1.58579
xvhi.xcore.vss__t336               1.56117e-12
xvhi.xcore.tail__t171                  1.58579
xvhi.xcore.ibias__t89                  1.12786
xvhi.xcore.vss__t148               7.80194e-06
xvhi.xcore.vss__t337               1.52188e-12
xvhi.xcore.vss__t46                7.60059e-06
xvhi.xcore.ibias__t88                  1.12786
xvhi.xcore.tail__t272                  1.58579
xvhi.xcore.vss__t338               1.48261e-12
xvhi.xcore.tail__t170                   1.5858
xvhi.xcore.ibias__t87                  1.12786
xvhi.xcore.vss__t147               7.39937e-06
xvhi.xcore.vss__t339               1.44336e-12
xvhi.xcore.vss__t45                7.19829e-06
xvhi.xcore.ibias__t86                  1.12786
xvhi.xcore.tail__t271                   1.5858
xvhi.xcore.vss__t340               1.40414e-12
xvhi.xcore.tail__t169                   1.5858
xvhi.xcore.ibias__t85                  1.12786
xvhi.xcore.vss__t146               6.99737e-06
xvhi.xcore.vss__t341               1.36496e-12
xvhi.xcore.vss__t44                6.79662e-06
xvhi.xcore.ibias__t84                  1.12786
xvhi.xcore.tail__t270                   1.5858
xvhi.xcore.vss__t342                1.3258e-12
xvhi.xcore.tail__t168                   1.5858
xvhi.xcore.ibias__t83                  1.12786
xvhi.xcore.vss__t145               6.59605e-06
xvhi.xcore.vss__t343               1.28668e-12
xvhi.xcore.vss__t66                6.39569e-06
xvhi.xcore.ibias__t129                 1.12786
xvhi.xcore.tail__t292                   1.5858
xvhi.xcore.vss__t344               1.24761e-12
xvhi.xcore.tail__t199                   1.5858
xvhi.xcore.ibias__t144                 1.12786
xvhi.xcore.vss__t176               6.19555e-06
xvhi.xcore.vss__t345               1.20857e-12
xvhi.xcore.vss__t73                5.99565e-06
xvhi.xcore.ibias__t143                 1.12786
xvhi.xcore.tail__t299                   1.5858
xvhi.xcore.vss__t346               1.16958e-12
xvhi.xcore.tail__t198                   1.5858
xvhi.xcore.ibias__t142                 1.12786
xvhi.xcore.vss__t175               5.79602e-06
xvhi.xcore.vss__t347               1.13064e-12
xvhi.xcore.vss__t72                5.59669e-06
xvhi.xcore.ibias__t141                 1.12786
xvhi.xcore.tail__t298                   1.5858
xvhi.xcore.vss__t348               1.09176e-12
xvhi.xcore.outp__t53                   3.12048
xvhi.xcore.inp__t1                      3.0855
xvhi.xcore.tail__t0                    1.58587
xvhi.xcore.vss__t460               2.28645e-12
xvhi.xcore.tail__t119                  1.58587
xvhi.xcore.inp__t53                     3.0855
xvhi.xcore.outp__t52                   3.12047
xvhi.xcore.vss__t462               2.30806e-12
xvhi.xcore.outp__t46                   3.12047
xvhi.xcore.inp__t52                     3.0855
xvhi.xcore.tail__t118                  1.58587
xvhi.xcore.vss__t463               2.32969e-12
xvhi.xcore.tail__t58                   1.58588
xvhi.xcore.inp__t61                     3.0855
xvhi.xcore.outp__t82                   3.12047
xvhi.xcore.vss__t464               2.35131e-12
xvhi.xcore.outp__t30                   3.12047
xvhi.xcore.inp__t24                     3.0855
xvhi.xcore.tail__t98                   1.58588
xvhi.xcore.vss__t465               2.37293e-12
xvhi.xcore.tail__t38                   1.58588
xvhi.xcore.inp__t23                     3.0855
xvhi.xcore.outp__t64                   3.12047
xvhi.xcore.vss__t466               2.39455e-12
xvhi.xcore.outp__t29                   3.12047
xvhi.xcore.inp__t22                     3.0855
xvhi.xcore.tail__t97                   1.58588
xvhi.xcore.vss__t467               2.41617e-12
xvhi.xcore.tail__t37                   1.58588
xvhi.xcore.inp__t21                     3.0855
xvhi.xcore.outp__t63                   3.12047
xvhi.xcore.vss__t468               2.43779e-12
xvhi.xcore.outp__t28                   3.12046
xvhi.xcore.inp__t20                     3.0855
xvhi.xcore.tail__t96                   1.58588
xvhi.xcore.vss__t469               2.45942e-12
xvhi.xcore.tail__t36                   1.58588
xvhi.xcore.inp__t19                     3.0855
xvhi.xcore.outp__t62                   3.12046
xvhi.xcore.vss__t470               2.48104e-12
xvhi.xcore.outp__t27                   3.12046
xvhi.xcore.inp__t18                     3.0855
xvhi.xcore.tail__t95                   1.58588
xvhi.xcore.vss__t471               2.50266e-12
xvhi.xcore.tail__t35                   1.58588
xvhi.xcore.inp__t17                     3.0855
xvhi.xcore.outp__t61                   3.12046
xvhi.xcore.vss__t472               2.52429e-12
xvhi.xcore.outp__t26                   3.12046
xvhi.xcore.inp__t16                     3.0855
xvhi.xcore.tail__t94                   1.58588
xvhi.xcore.vss__t473               2.54591e-12
xvhi.xcore.tail__t33                   1.58588
xvhi.xcore.inp__t15                     3.0855
xvhi.xcore.outp__t60                   3.12046
xvhi.xcore.vss__t474               2.56753e-12
xvhi.xcore.outp__t47                   3.12045
xvhi.xcore.inp__t54                     3.0855
xvhi.xcore.tail__t120                  1.58588
xvhi.xcore.vss__t475               2.58916e-12
xvhi.xcore.tail__t54                   1.58588
xvhi.xcore.inp__t55                     3.0855
xvhi.xcore.outp__t78                   3.12045
xvhi.xcore.vss__t476               2.61078e-12
xvhi.xcore.outp__t51                   3.12045
xvhi.xcore.inp__t63                     3.0855
xvhi.xcore.tail__t126                  1.58589
xvhi.xcore.vss__t477                2.6324e-12
xvhi.xcore.tail__t57                   1.58589
xvhi.xcore.inp__t60                     3.0855
xvhi.xcore.outp__t81                   3.12045
xvhi.xcore.vss__t478               2.65403e-12
xvhi.xcore.outp__t49                   3.12045
xvhi.xcore.inp__t59                     3.0855
xvhi.xcore.tail__t122                  1.58589
xvhi.xcore.vss__t479               2.67565e-12
xvhi.xcore.tail__t56                   1.58589
xvhi.xcore.inp__t58                     3.0855
xvhi.xcore.outp__t80                   3.12045
xvhi.xcore.vss__t480               2.69728e-12
xvhi.xcore.outp__t48                   3.12044
xvhi.xcore.inp__t57                     3.0855
xvhi.xcore.tail__t121                  1.58589
xvhi.xcore.vss__t481                2.7189e-12
xvhi.xcore.tail__t55                   1.58589
xvhi.xcore.inp__t56                     3.0855
xvhi.xcore.outp__t79                   3.12044
xvhi.xcore.vss__t482               2.74053e-12
xvhi.xcore.outp__t24                   3.12044
xvhi.xcore.inp__t11                     3.0855
xvhi.xcore.tail__t92                   1.58589
xvhi.xcore.vss__t483               2.76215e-12
xvhi.xcore.tail__t30                   1.58589
xvhi.xcore.inp__t10                     3.0855
xvhi.xcore.outp__t57                   3.12044
xvhi.xcore.vss__t484               2.78377e-12
xvhi.xcore.outp__t23                   3.12044
xvhi.xcore.inp__t9                      3.0855
xvhi.xcore.tail__t88                   1.58589
xvhi.xcore.vss__t485                2.8054e-12
xvhi.xcore.tail__t32                   1.58589
xvhi.xcore.inp__t14                     3.0855
xvhi.xcore.outp__t59                   3.12044
xvhi.xcore.vss__t486               2.82702e-12
xvhi.xcore.outp__t25                   3.12043
xvhi.xcore.inp__t13                     3.0855
xvhi.xcore.tail__t93                   1.58589
xvhi.xcore.vss__t487               2.84865e-12
xvhi.xcore.tail__t60                   1.58589
xvhi.xcore.inp__t0                      3.0855
xvhi.xcore.outp__t83                   3.12043
xvhi.xcore.vss__t488               2.87027e-12
xvhi.xcore.outp__t50                   3.12043
xvhi.xcore.inp__t62                     3.0855
xvhi.xcore.tail__t123                   1.5859
xvhi.xcore.vss__t489                2.8919e-12
xvhi.xcore.tail__t42                    1.5859
xvhi.xcore.inp__t29                     3.0855
xvhi.xcore.outp__t67                   3.12043
xvhi.xcore.vss__t490               2.91352e-12
xvhi.xcore.outp__t32                   3.12043
xvhi.xcore.inp__t28                     3.0855
xvhi.xcore.tail__t102                   1.5859
xvhi.xcore.vss__t491               2.93514e-12
xvhi.xcore.tail__t41                    1.5859
xvhi.xcore.inp__t27                     3.0855
xvhi.xcore.outp__t66                   3.12043
xvhi.xcore.vss__t492               2.95677e-12
xvhi.xcore.outp__t31                   3.12042
xvhi.xcore.inp__t26                     3.0855
xvhi.xcore.tail__t101                   1.5859
xvhi.xcore.vss__t493               2.97839e-12
xvhi.xcore.tail__t40                    1.5859
xvhi.xcore.inp__t25                     3.0855
xvhi.xcore.outp__t65                   3.12042
xvhi.xcore.vss__t494               3.00002e-12
xvhi.xcore.outp__t20                   3.12042
xvhi.xcore.inp__t4                      3.0855
xvhi.xcore.tail__t74                    1.5859
xvhi.xcore.vss__t495               3.02164e-12
xvhi.xcore.tail__t14                    1.5859
xvhi.xcore.inp__t3                      3.0855
xvhi.xcore.outp__t54                   3.12042
xvhi.xcore.vss__t496               3.04326e-12
xvhi.xcore.outp__t22                   3.12042
xvhi.xcore.inp__t7                      3.0855
xvhi.xcore.tail__t76                    1.5859
xvhi.xcore.vss__t497               3.06489e-12
xvhi.xcore.tail__t16                    1.5859
xvhi.xcore.inp__t6                      3.0855
xvhi.xcore.outp__t55                   3.12042
xvhi.xcore.vss__t498               3.08651e-12
xvhi.xcore.outp__t21                   3.12041
xvhi.xcore.inp__t5                      3.0855
xvhi.xcore.tail__t75                    1.5859
xvhi.xcore.vss__t499               3.10813e-12
xvhi.xcore.tail__t19                    1.5859
xvhi.xcore.inp__t8                      3.0855
xvhi.xcore.outp__t56                   3.12041
xvhi.xcore.vss__t500               3.12975e-12
xvhi.xcore.outp__t45                   3.12041
xvhi.xcore.inp__t50                     3.0855
xvhi.xcore.tail__t116                   1.5859
xvhi.xcore.vss__t501               3.15138e-12
xvhi.xcore.tail__t51                   1.58591
xvhi.xcore.inp__t49                     3.0855
xvhi.xcore.outp__t76                   3.12041
xvhi.xcore.vss__t502                 3.173e-12
xvhi.xcore.outp__t44                   3.12041
xvhi.xcore.inp__t48                     3.0855
xvhi.xcore.tail__t115                  1.58591
xvhi.xcore.vss__t503               3.19462e-12
xvhi.xcore.tail__t50                   1.58591
xvhi.xcore.inp__t47                     3.0855
xvhi.xcore.outp__t75                   3.12041
xvhi.xcore.vss__t504               3.21624e-12
xvhi.xcore.outp__t43                    3.1204
xvhi.xcore.inp__t46                     3.0855
xvhi.xcore.tail__t114                  1.58591
xvhi.xcore.vss__t505               3.23786e-12
xvhi.xcore.tail__t49                   1.58591
xvhi.xcore.inp__t45                     3.0855
xvhi.xcore.outp__t74                    3.1204
xvhi.xcore.vss__t506               3.25949e-12
xvhi.xcore.outp__t42                    3.1204
xvhi.xcore.inp__t44                     3.0855
xvhi.xcore.tail__t113                  1.58591
xvhi.xcore.vss__t507               3.28111e-12
xvhi.xcore.tail__t48                   1.58591
xvhi.xcore.inp__t43                     3.0855
xvhi.xcore.outp__t73                    3.1204
xvhi.xcore.vss__t508               3.30273e-12
xvhi.xcore.outp__t41                    3.1204
xvhi.xcore.inp__t42                     3.0855
xvhi.xcore.tail__t112                  1.58591
xvhi.xcore.vss__t509               3.32435e-12
xvhi.xcore.tail__t47                   1.58591
xvhi.xcore.inp__t41                     3.0855
xvhi.xcore.outp__t72                    3.1204
xvhi.xcore.vss__t510               3.34597e-12
xvhi.xcore.outp__t40                   3.12039
xvhi.xcore.inp__t40                     3.0855
xvhi.xcore.tail__t111                  1.58591
xvhi.xcore.vss__t511               3.36759e-12
xvhi.xcore.tail__t46                   1.58591
xvhi.xcore.inp__t39                     3.0855
xvhi.xcore.outp__t71                   3.12039
xvhi.xcore.vss__t512               3.38921e-12
xvhi.xcore.outp__t39                   3.12039
xvhi.xcore.inp__t38                     3.0855
xvhi.xcore.tail__t110                  1.58591
xvhi.xcore.vss__t513               3.41083e-12
xvhi.xcore.tail__t53                   1.58591
xvhi.xcore.inp__t51                     3.0855
xvhi.xcore.outp__t77                   3.12039
xvhi.xcore.vss__t514               3.43245e-12
xvhi.xcore.outp__t38                   3.12039
xvhi.xcore.inp__t37                     3.0855
xvhi.xcore.tail__t108                  1.58592
xvhi.xcore.vss__t515               3.45407e-12
xvhi.xcore.tail__t45                   1.58592
xvhi.xcore.inp__t36                     3.0855
xvhi.xcore.outp__t70                   3.12039
xvhi.xcore.vss__t516               3.47568e-12
xvhi.xcore.outp__t37                   3.12039
xvhi.xcore.inp__t35                     3.0855
xvhi.xcore.tail__t107                  1.58592
xvhi.xcore.vss__t517                3.4973e-12
xvhi.xcore.tail__t44                   1.58592
xvhi.xcore.inp__t34                     3.0855
xvhi.xcore.outp__t69                   3.12038
xvhi.xcore.vss__t518               3.51892e-12
xvhi.xcore.outp__t36                   3.12038
xvhi.xcore.inp__t33                     3.0855
xvhi.xcore.tail__t106                  1.58592
xvhi.xcore.vss__t519               3.54054e-12
xvhi.xcore.tail__t31                   1.58592
xvhi.xcore.inp__t12                     3.0855
xvhi.xcore.outp__t58                   3.12038
xvhi.xcore.vss__t520               3.56216e-12
xvhi.xcore.outp__t35                   3.12038
xvhi.xcore.inp__t32                     3.0855
xvhi.xcore.tail__t104                  1.58592
xvhi.xcore.vss__t521               3.58377e-12
xvhi.xcore.tail__t43                   1.58592
xvhi.xcore.inp__t31                     3.0855
xvhi.xcore.outp__t68                   3.12038
xvhi.xcore.vss__t522               3.60539e-12
xvhi.xcore.outp__t33                   3.12038
xvhi.xcore.inp__t30                     3.0855
xvhi.xcore.tail__t103                  1.58592
xvhi.xcore.vss__t523               3.62701e-12
xvhi.xcore.tail__t1                    1.58592
xvhi.xcore.inp__t2                      3.0855
xvhi.xcore.outp__t34                   3.12037
xvhi.xcore.vss__t586               3.64862e-12
xvhi.xcore.ibias__t215                 1.12513
xvhi.xcore.ibias__t3                   1.12786
xvhi.xcore.vss__t2                 2.51858e-05
xvhi.xcore.vss__t459               5.66833e-13
xvhi.xcore.vss__t81                2.49859e-05
xvhi.xcore.ibias__t158                 1.12786
xvhi.xcore.ibias__t216                 1.12516
xvhi.xcore.vss__t448               5.62349e-13
xvhi.xcore.ibias__t213                 1.12519
xvhi.xcore.ibias__t171                 1.12786
xvhi.xcore.vss__t190               2.47861e-05
xvhi.xcore.vss__t449               5.57865e-13
xvhi.xcore.vss__t83                2.45863e-05
xvhi.xcore.ibias__t163                 1.12786
xvhi.xcore.ibias__t218                 1.12522
xvhi.xcore.vss__t450               5.53381e-13
xvhi.xcore.ibias__t212                 1.12525
xvhi.xcore.ibias__t162                 1.12786
xvhi.xcore.vss__t185               2.43865e-05
xvhi.xcore.vss__t451               5.48897e-13
xvhi.xcore.vss__t89                2.41867e-05
xvhi.xcore.ibias__t177                 1.12786
xvhi.xcore.ibias__t219                 1.12528
xvhi.xcore.vss__t452               5.44412e-13
xvhi.xcore.ibias__t211                 1.12531
xvhi.xcore.ibias__t160                 1.12786
xvhi.xcore.vss__t183               2.39868e-05
xvhi.xcore.vss__t453               5.39928e-13
xvhi.xcore.vss__t82                 2.3787e-05
xvhi.xcore.ibias__t159                 1.12786
xvhi.xcore.ibias__t217                 1.12534
xvhi.xcore.vss__t454               5.35443e-13
xvhi.xcore.ibias__t214                 1.12537
xvhi.xcore.ibias__t174                 1.12786
xvhi.xcore.vss__t192               2.35872e-05
xvhi.xcore.vss__t455               5.30958e-13
xvhi.xcore.vss__t3                 2.33874e-05
xvhi.xcore.ibias__t4                   1.12786
xvhi.xcore.ibias__t210                  1.1254
xvhi.xcore.vss__t457               5.26473e-13
xvhi.xcore.outn__t52                      3.63
xvhi.xcore.inn__t1                      1.9965
xvhi.xcore.tail__t3                    1.58582
xvhi.xcore.vss__t461               1.67586e-12
xvhi.xcore.tail__t62                   1.58582
xvhi.xcore.inn__t58                     1.9965
xvhi.xcore.outn__t81                      3.63
xvhi.xcore.vss__t524               1.69176e-12
xvhi.xcore.outn__t49                      3.63
xvhi.xcore.inn__t59                     1.9965
xvhi.xcore.tail__t124                  1.58582
xvhi.xcore.vss__t525               1.70766e-12
xvhi.xcore.tail__t63                   1.58582
xvhi.xcore.inn__t60                     1.9965
xvhi.xcore.outn__t82                      3.63
xvhi.xcore.vss__t526               1.72357e-12
xvhi.xcore.outn__t50                      3.63
xvhi.xcore.inn__t61                     1.9965
xvhi.xcore.tail__t125                  1.58582
xvhi.xcore.vss__t527               1.73947e-12
xvhi.xcore.tail__t64                   1.58582
xvhi.xcore.inn__t62                     1.9965
xvhi.xcore.outn__t83                      3.63
xvhi.xcore.vss__t528               1.75538e-12
xvhi.xcore.outn__t46                      3.63
xvhi.xcore.inn__t52                     1.9965
xvhi.xcore.tail__t105                  1.58582
xvhi.xcore.vss__t529               1.77128e-12
xvhi.xcore.tail__t15                   1.58582
xvhi.xcore.inn__t21                     1.9965
xvhi.xcore.outn__t63                      3.63
xvhi.xcore.vss__t530               1.78719e-12
xvhi.xcore.outn__t45                      3.63
xvhi.xcore.inn__t51                     1.9965
xvhi.xcore.tail__t100                  1.58582
xvhi.xcore.vss__t531               1.80309e-12
xvhi.xcore.tail__t34                   1.58582
xvhi.xcore.inn__t48                     1.9965
xvhi.xcore.outn__t76                      3.63
xvhi.xcore.vss__t532                 1.819e-12
xvhi.xcore.outn__t44                      3.63
xvhi.xcore.inn__t50                     1.9965
xvhi.xcore.tail__t99                   1.58582
xvhi.xcore.vss__t533               1.83491e-12
xvhi.xcore.tail__t61                   1.58582
xvhi.xcore.inn__t57                     1.9965
xvhi.xcore.outn__t80                      3.63
xvhi.xcore.vss__t534               1.85082e-12
xvhi.xcore.outn__t40                      3.63
xvhi.xcore.inn__t42                     1.9965
xvhi.xcore.tail__t87                   1.58582
xvhi.xcore.vss__t535               1.86672e-12
xvhi.xcore.tail__t27                   1.58582
xvhi.xcore.inn__t41                     1.9965
xvhi.xcore.outn__t73                      3.63
xvhi.xcore.vss__t536               1.88263e-12
xvhi.xcore.outn__t39                      3.63
xvhi.xcore.inn__t40                     1.9965
xvhi.xcore.tail__t86                   1.58582
xvhi.xcore.vss__t537               1.89854e-12
xvhi.xcore.tail__t26                   1.58582
xvhi.xcore.inn__t39                     1.9965
xvhi.xcore.outn__t72                      3.63
xvhi.xcore.vss__t538               1.91445e-12
xvhi.xcore.outn__t38                      3.63
xvhi.xcore.inn__t38                     1.9965
xvhi.xcore.tail__t85                   1.58582
xvhi.xcore.vss__t539               1.93036e-12
xvhi.xcore.tail__t25                   1.58582
xvhi.xcore.inn__t37                     1.9965
xvhi.xcore.outn__t71                      3.63
xvhi.xcore.vss__t540               1.94627e-12
xvhi.xcore.outn__t47                      3.63
xvhi.xcore.inn__t53                     1.9965
xvhi.xcore.tail__t109                  1.58582
xvhi.xcore.vss__t541               1.96218e-12
xvhi.xcore.tail__t52                   1.58582
xvhi.xcore.inn__t55                     1.9965
xvhi.xcore.outn__t78                      3.63
xvhi.xcore.vss__t542               1.97809e-12
xvhi.xcore.outn__t48                      3.63
xvhi.xcore.inn__t54                     1.9965
xvhi.xcore.tail__t117                  1.58582
xvhi.xcore.vss__t543                 1.994e-12
xvhi.xcore.tail__t39                   1.58582
xvhi.xcore.inn__t49                     1.9965
xvhi.xcore.outn__t77                      3.63
xvhi.xcore.vss__t544               2.00991e-12
xvhi.xcore.outn__t41                      3.63
xvhi.xcore.inn__t43                     1.9965
xvhi.xcore.tail__t89                   1.58582
xvhi.xcore.vss__t545               2.02582e-12
xvhi.xcore.tail__t29                   1.58582
xvhi.xcore.inn__t47                     1.9965
xvhi.xcore.outn__t75                      3.63
xvhi.xcore.vss__t546               2.04173e-12
xvhi.xcore.outn__t43                      3.63
xvhi.xcore.inn__t46                     1.9965
xvhi.xcore.tail__t91                   1.58582
xvhi.xcore.vss__t547               2.05764e-12
xvhi.xcore.tail__t28                   1.58582
xvhi.xcore.inn__t45                     1.9965
xvhi.xcore.outn__t74                      3.63
xvhi.xcore.vss__t548               2.07355e-12
xvhi.xcore.outn__t42                      3.63
xvhi.xcore.inn__t44                     1.9965
xvhi.xcore.tail__t90                   1.58582
xvhi.xcore.vss__t549               2.08947e-12
xvhi.xcore.tail__t59                   1.58582
xvhi.xcore.inn__t56                     1.9965
xvhi.xcore.outn__t79                      3.63
xvhi.xcore.vss__t550               2.10538e-12
xvhi.xcore.outn__t51                      3.63
xvhi.xcore.inn__t63                     1.9965
xvhi.xcore.tail__t127                  1.58582
xvhi.xcore.vss__t551               2.12129e-12
xvhi.xcore.tail__t13                   1.58582
xvhi.xcore.inn__t19                     1.9965
xvhi.xcore.outn__t62                      3.63
xvhi.xcore.vss__t552                2.1372e-12
xvhi.xcore.outn__t28                      3.63
xvhi.xcore.inn__t18                     1.9965
xvhi.xcore.tail__t72                   1.58582
xvhi.xcore.vss__t553               2.15312e-12
xvhi.xcore.tail__t12                   1.58582
xvhi.xcore.inn__t17                     1.9965
xvhi.xcore.outn__t61                      3.63
xvhi.xcore.vss__t554               2.16903e-12
xvhi.xcore.outn__t27                      3.63
xvhi.xcore.inn__t16                     1.9965
xvhi.xcore.tail__t71                   1.58582
xvhi.xcore.vss__t555               2.18494e-12
xvhi.xcore.tail__t11                   1.58582
xvhi.xcore.inn__t15                     1.9965
xvhi.xcore.outn__t60                      3.63
xvhi.xcore.vss__t556               2.20086e-12
xvhi.xcore.outn__t26                      3.63
xvhi.xcore.inn__t14                     1.9965
xvhi.xcore.tail__t70                   1.58582
xvhi.xcore.vss__t557               2.21677e-12
xvhi.xcore.tail__t10                   1.58582
xvhi.xcore.inn__t13                     1.9965
xvhi.xcore.outn__t59                      3.63
xvhi.xcore.vss__t558               2.23268e-12
xvhi.xcore.outn__t25                      3.63
xvhi.xcore.inn__t12                     1.9965
xvhi.xcore.tail__t69                   1.58582
xvhi.xcore.vss__t559                2.2486e-12
xvhi.xcore.tail__t6                    1.58582
xvhi.xcore.inn__t5                      1.9965
xvhi.xcore.outn__t55                      3.63
xvhi.xcore.vss__t560               2.26451e-12
xvhi.xcore.outn__t24                      3.63
xvhi.xcore.inn__t11                     1.9965
xvhi.xcore.tail__t68                   1.58582
xvhi.xcore.vss__t561               2.28043e-12
xvhi.xcore.tail__t4                    1.58582
xvhi.xcore.inn__t2                      1.9965
xvhi.xcore.outn__t53                      3.63
xvhi.xcore.vss__t562               2.29634e-12
xvhi.xcore.outn__t21                      3.63
xvhi.xcore.inn__t3                      1.9965
xvhi.xcore.tail__t65                   1.58582
xvhi.xcore.vss__t563               2.31226e-12
xvhi.xcore.tail__t5                    1.58582
xvhi.xcore.inn__t4                      1.9965
xvhi.xcore.outn__t54                      3.63
xvhi.xcore.vss__t564               2.32817e-12
xvhi.xcore.outn__t22                      3.63
xvhi.xcore.inn__t6                      1.9965
xvhi.xcore.tail__t66                   1.58582
xvhi.xcore.vss__t565               2.34409e-12
xvhi.xcore.tail__t7                    1.58582
xvhi.xcore.inn__t7                      1.9965
xvhi.xcore.outn__t56                      3.63
xvhi.xcore.vss__t566                  2.36e-12
xvhi.xcore.outn__t23                      3.63
xvhi.xcore.inn__t8                      1.9965
xvhi.xcore.tail__t67                   1.58582
xvhi.xcore.vss__t567               2.37592e-12
xvhi.xcore.tail__t8                    1.58582
xvhi.xcore.inn__t9                      1.9965
xvhi.xcore.outn__t57                      3.63
xvhi.xcore.vss__t568               2.39183e-12
xvhi.xcore.outn__t29                      3.63
xvhi.xcore.inn__t20                     1.9965
xvhi.xcore.tail__t73                   1.58582
xvhi.xcore.vss__t569               2.40775e-12
xvhi.xcore.tail__t9                    1.58582
xvhi.xcore.inn__t10                     1.9965
xvhi.xcore.outn__t58                      3.63
xvhi.xcore.vss__t570               2.42367e-12
xvhi.xcore.outn__t36                      3.63
xvhi.xcore.inn__t35                     1.9965
xvhi.xcore.tail__t83                   1.58582
xvhi.xcore.vss__t571               2.43958e-12
xvhi.xcore.tail__t24                   1.58582
xvhi.xcore.inn__t34                     1.9965
xvhi.xcore.outn__t70                      3.63
xvhi.xcore.vss__t572                2.4555e-12
xvhi.xcore.outn__t35                      3.63
xvhi.xcore.inn__t33                     1.9965
xvhi.xcore.tail__t82                   1.58582
xvhi.xcore.vss__t573               2.47141e-12
xvhi.xcore.tail__t23                   1.58582
xvhi.xcore.inn__t32                     1.9965
xvhi.xcore.outn__t69                      3.63
xvhi.xcore.vss__t574               2.48733e-12
xvhi.xcore.outn__t34                      3.63
xvhi.xcore.inn__t31                     1.9965
xvhi.xcore.tail__t81                   1.58582
xvhi.xcore.vss__t575               2.50325e-12
xvhi.xcore.tail__t22                   1.58582
xvhi.xcore.inn__t30                     1.9965
xvhi.xcore.outn__t68                      3.63
xvhi.xcore.vss__t576               2.51916e-12
xvhi.xcore.outn__t33                      3.63
xvhi.xcore.inn__t29                     1.9965
xvhi.xcore.tail__t80                   1.58582
xvhi.xcore.vss__t577               2.53508e-12
xvhi.xcore.tail__t21                   1.58582
xvhi.xcore.inn__t28                     1.9965
xvhi.xcore.outn__t67                      3.63
xvhi.xcore.vss__t578                 2.551e-12
xvhi.xcore.outn__t32                      3.63
xvhi.xcore.inn__t27                     1.9965
xvhi.xcore.tail__t79                   1.58582
xvhi.xcore.vss__t579               2.56692e-12
xvhi.xcore.tail__t20                   1.58582
xvhi.xcore.inn__t26                     1.9965
xvhi.xcore.outn__t66                      3.63
xvhi.xcore.vss__t580               2.58283e-12
xvhi.xcore.outn__t37                      3.63
xvhi.xcore.inn__t36                     1.9965
xvhi.xcore.tail__t84                   1.58582
xvhi.xcore.vss__t581               2.59875e-12
xvhi.xcore.tail__t18                   1.58582
xvhi.xcore.inn__t25                     1.9965
xvhi.xcore.outn__t65                      3.63
xvhi.xcore.vss__t582               2.61467e-12
xvhi.xcore.outn__t31                      3.63
xvhi.xcore.inn__t24                     1.9965
xvhi.xcore.tail__t78                   1.58582
xvhi.xcore.vss__t583               2.63059e-12
xvhi.xcore.tail__t17                   1.58582
xvhi.xcore.inn__t23                     1.9965
xvhi.xcore.outn__t64                      3.63
xvhi.xcore.vss__t584               2.64651e-12
xvhi.xcore.outn__t30                      3.63
xvhi.xcore.inn__t22                     1.9965
xvhi.xcore.tail__t77                   1.58582
xvhi.xcore.vss__t585               2.66242e-12
xvhi.xcore.tail__t2                    1.58582
xvhi.xcore.inn__t0                      1.9965
xvhi.xcore.outn__t20                      3.63
xvhi.xcore.vss__t587               2.67834e-12
xvhi.xcore.vss__t210               2.90571e-12
xvhi.xcore.outp__t16                   3.12059
xvhi.xcore.vss__t211               2.87156e-12
xvhi.xcore.outp__t17                   3.12059
xvhi.xcore.vss__t212               2.83743e-12
xvhi.xcore.outp__t18                   3.12059
xvhi.xcore.vss__t213               2.80333e-12
xvhi.xcore.outp__t19                   3.12059
xvhi.xcore.vss__t214               2.76927e-12
xvhi.xcore.outp__t0                    3.12059
xvhi.xcore.vss__t215               2.73523e-12
xvhi.xcore.outp__t1                    3.12059
xvhi.xcore.vss__t216               2.70122e-12
xvhi.xcore.outp__t2                    3.12059
xvhi.xcore.vss__t217               2.66725e-12
xvhi.xcore.outp__t3                    3.12059
xvhi.xcore.vss__t218               2.63331e-12
xvhi.xcore.outp__t4                    3.12059
xvhi.xcore.vss__t219               2.59941e-12
xvhi.xcore.outp__t15                   3.12059
xvhi.xcore.vss__t220               2.56555e-12
xvhi.xcore.outp__t6                    3.12059
xvhi.xcore.vss__t221               2.53172e-12
xvhi.xcore.outp__t7                    3.12059
xvhi.xcore.vss__t222               2.49793e-12
xvhi.xcore.outp__t8                    3.12059
xvhi.xcore.vss__t223               2.46419e-12
xvhi.xcore.outp__t9                    3.12059
xvhi.xcore.vss__t224               2.43049e-12
xvhi.xcore.outp__t10                   3.12059
xvhi.xcore.vss__t225               2.39683e-12
xvhi.xcore.outp__t11                   3.12059
xvhi.xcore.vss__t226               2.36323e-12
xvhi.xcore.outp__t12                   3.12059
xvhi.xcore.vss__t227               2.32967e-12
xvhi.xcore.outp__t13                   3.12059
xvhi.xcore.vss__t228               2.29616e-12
xvhi.xcore.outp__t14                   3.12059
xvhi.xcore.vss__t229               2.26271e-12
xvhi.xcore.outp__t5                    3.12059
xvhi.xcore.vss__t230               2.40303e-12
xvhi.xcore.outn__t0                       3.63
xvhi.xcore.vss__t231               2.44151e-12
xvhi.xcore.outn__t5                       3.63
xvhi.xcore.vss__t232               2.48007e-12
xvhi.xcore.outn__t6                       3.63
xvhi.xcore.vss__t233               2.51871e-12
xvhi.xcore.outn__t7                       3.63
xvhi.xcore.vss__t234               2.55742e-12
xvhi.xcore.outn__t8                       3.63
xvhi.xcore.vss__t235               2.59621e-12
xvhi.xcore.outn__t9                       3.63
xvhi.xcore.vss__t236               2.63506e-12
xvhi.xcore.outn__t10                      3.63
xvhi.xcore.vss__t237               2.67398e-12
xvhi.xcore.outn__t11                      3.63
xvhi.xcore.vss__t238               2.71296e-12
xvhi.xcore.outn__t12                      3.63
xvhi.xcore.vss__t239                 2.752e-12
xvhi.xcore.outn__t13                      3.63
xvhi.xcore.vss__t240                2.7911e-12
xvhi.xcore.outn__t14                      3.63
xvhi.xcore.vss__t241               2.83025e-12
xvhi.xcore.outn__t15                      3.63
xvhi.xcore.vss__t242               2.86946e-12
xvhi.xcore.outn__t16                      3.63
xvhi.xcore.vss__t243               2.90872e-12
xvhi.xcore.outn__t17                      3.63
xvhi.xcore.vss__t244               2.94802e-12
xvhi.xcore.outn__t19                      3.63
xvhi.xcore.vss__t245               2.98737e-12
xvhi.xcore.outn__t18                      3.63
xvhi.xcore.vss__t246               3.02677e-12
xvhi.xcore.outn__t1                       3.63
xvhi.xcore.vss__t247               3.06621e-12
xvhi.xcore.outn__t2                       3.63
xvhi.xcore.vss__t248               3.10569e-12
xvhi.xcore.outn__t3                       3.63
xvhi.xcore.vss__t249               3.14521e-12
xvhi.xcore.outn__t4                       3.63
ib_vhi                                 1.12786
xvhi.xcore.vsubs                             0
outn_vhi                                  3.63
outp_vhi                               3.12059
xvhi.tail                              1.58582
xz.xcore.tail__t186                    1.56855
xz.xcore.ibias__t118                   1.12786
xz.xcore.vss__t163                 5.39437e-06
xz.xcore.vss__t349                 8.46094e-13
xz.xcore.vss__t60                  5.19587e-06
xz.xcore.ibias__t117                   1.12786
xz.xcore.tail__t286                    1.56855
xz.xcore.vss__t350                 8.14963e-13
xz.xcore.tail__t197                    1.56855
xz.xcore.ibias__t140                   1.12786
xz.xcore.vss__t174                 4.99777e-06
xz.xcore.vss__t351                 7.83896e-13
xz.xcore.vss__t68                  4.80015e-06
xz.xcore.ibias__t133                   1.12786
xz.xcore.tail__t294                    1.56855
xz.xcore.vss__t352                 7.52901e-13
xz.xcore.tail__t193                    1.56855
xz.xcore.ibias__t132                   1.12786
xz.xcore.vss__t170                 4.60305e-06
xz.xcore.vss__t353                 7.21989e-13
xz.xcore.vss__t67                  4.40654e-06
xz.xcore.ibias__t131                   1.12786
xz.xcore.tail__t293                    1.56855
xz.xcore.vss__t354                  6.9117e-13
xz.xcore.tail__t192                    1.56855
xz.xcore.ibias__t130                   1.12786
xz.xcore.vss__t169                 4.21072e-06
xz.xcore.vss__t355                 6.60458e-13
xz.xcore.vss__t74                  4.01567e-06
xz.xcore.ibias__t145                   1.12786
xz.xcore.tail__t300                    1.56855
xz.xcore.vss__t356                 6.29867e-13
xz.xcore.tail__t191                    1.56855
xz.xcore.ibias__t128                   1.12786
xz.xcore.vss__t168                 3.82152e-06
xz.xcore.vss__t357                 5.99416e-13
xz.xcore.vss__t65                  3.62841e-06
xz.xcore.ibias__t127                   1.12786
xz.xcore.tail__t291                    1.56855
xz.xcore.vss__t358                 5.69129e-13
xz.xcore.tail__t190                    1.56855
xz.xcore.ibias__t126                   1.12786
xz.xcore.vss__t167                 3.43652e-06
xz.xcore.vss__t359                 5.39033e-13
xz.xcore.vss__t64                  3.24607e-06
xz.xcore.ibias__t125                   1.12786
xz.xcore.tail__t290                    1.56855
xz.xcore.vss__t360                 5.09161e-13
xz.xcore.tail__t189                    1.56855
xz.xcore.ibias__t124                   1.12786
xz.xcore.vss__t166                 3.05731e-06
xz.xcore.vss__t361                 4.79556e-13
xz.xcore.vss__t63                  2.87059e-06
xz.xcore.ibias__t123                   1.12786
xz.xcore.tail__t289                    1.56855
xz.xcore.vss__t362                  4.5027e-13
xz.xcore.tail__t188                    1.56855
xz.xcore.ibias__t122                   1.12786
xz.xcore.vss__t165                 2.68634e-06
xz.xcore.vss__t363                 4.21371e-13
xz.xcore.vss__t62                  2.50509e-06
xz.xcore.ibias__t121                   1.12786
xz.xcore.tail__t288                    1.56855
xz.xcore.vss__t364                 3.92942e-13
xz.xcore.tail__t187                    1.56855
xz.xcore.ibias__t120                   1.12786
xz.xcore.vss__t164                 2.32755e-06
xz.xcore.vss__t365                 3.65096e-13
xz.xcore.vss__t26                  2.15464e-06
xz.xcore.ibias__t0                     1.12786
xz.xcore.tail__t252                    1.56855
xz.xcore.vss__t366                 3.37974e-13
xz.xcore.tail__t175                    1.56855
xz.xcore.ibias__t97                    1.12786
xz.xcore.vss__t152                 1.98756e-06
xz.xcore.vss__t367                 3.11768e-13
xz.xcore.vss__t42                  1.82792e-06
xz.xcore.ibias__t78                    1.12786
xz.xcore.tail__t268                    1.56855
xz.xcore.vss__t368                 2.86727e-13
xz.xcore.tail__t164                    1.56855
xz.xcore.ibias__t77                    1.12786
xz.xcore.vss__t141                 1.67783e-06
xz.xcore.vss__t369                 2.63185e-13
xz.xcore.vss__t37                   1.5401e-06
xz.xcore.ibias__t70                    1.12786
xz.xcore.tail__t263                    1.56855
xz.xcore.vss__t370                 2.41582e-13
xz.xcore.tail__t167                    1.56855
xz.xcore.ibias__t82                    1.12786
xz.xcore.vss__t144                 1.41832e-06
xz.xcore.vss__t371                 2.22481e-13
xz.xcore.vss__t39                  1.31694e-06
xz.xcore.ibias__t72                    1.12786
xz.xcore.tail__t265                    1.56855
xz.xcore.vss__t372                 2.06579e-13
xz.xcore.tail__t162                    1.56856
xz.xcore.ibias__t73                    1.12786
xz.xcore.vss__t139                 1.24096e-06
xz.xcore.vss__t373                 1.94662e-13
xz.xcore.vss__t40                  1.19524e-06
xz.xcore.ibias__t74                    1.12786
xz.xcore.tail__t266                    1.56856
xz.xcore.vss__t374                  1.8749e-13
xz.xcore.tail__t163                    1.56856
xz.xcore.ibias__t75                    1.12786
xz.xcore.vss__t140                 1.18329e-06
xz.xcore.vss__t375                 1.85616e-13
xz.xcore.vss__t41                  1.20611e-06
xz.xcore.ibias__t76                    1.12786
xz.xcore.tail__t267                    1.56856
xz.xcore.vss__t376                 1.89197e-13
xz.xcore.tail__t129                    1.56856
xz.xcore.ibias__t9                     1.12786
xz.xcore.vss__t107                 1.26182e-06
xz.xcore.vss__t377                 1.97936e-13
xz.xcore.vss__t6                   1.34634e-06
xz.xcore.ibias__t8                     1.12786
xz.xcore.tail__t232                    1.56856
xz.xcore.vss__t378                 2.11195e-13
xz.xcore.tail__t128                    1.56856
xz.xcore.ibias__t7                     1.12786
xz.xcore.vss__t106                 1.45465e-06
xz.xcore.vss__t379                 2.28187e-13
xz.xcore.vss__t5                   1.58189e-06
xz.xcore.ibias__t6                     1.12786
xz.xcore.tail__t231                    1.56856
xz.xcore.vss__t380                 2.48147e-13
xz.xcore.tail__t141                    1.56856
xz.xcore.ibias__t31                    1.12786
xz.xcore.vss__t119                 1.72385e-06
xz.xcore.vss__t381                 2.70419e-13
xz.xcore.vss__t4                   1.87721e-06
xz.xcore.ibias__t5                     1.12786
xz.xcore.tail__t230                    1.56856
xz.xcore.vss__t382                 2.94477e-13
xz.xcore.tail__t158                    1.56856
xz.xcore.ibias__t62                    1.12786
xz.xcore.vss__t135                  2.0394e-06
xz.xcore.vss__t383                  3.1992e-13
xz.xcore.vss__t33                  2.20847e-06
xz.xcore.ibias__t63                    1.12786
xz.xcore.tail__t259                    1.56856
xz.xcore.vss__t384                 3.46443e-13
xz.xcore.tail__t159                    1.56856
xz.xcore.ibias__t64                    1.12786
xz.xcore.vss__t136                 2.38295e-06
xz.xcore.vss__t385                 3.73816e-13
xz.xcore.vss__t34                  2.56174e-06
xz.xcore.ibias__t65                    1.12786
xz.xcore.tail__t260                    1.56856
xz.xcore.vss__t386                 4.01865e-13
xz.xcore.tail__t160                    1.56856
xz.xcore.ibias__t66                    1.12786
xz.xcore.vss__t137                   2.744e-06
xz.xcore.vss__t387                 4.30458e-13
xz.xcore.vss__t35                  2.92908e-06
xz.xcore.ibias__t67                    1.12786
xz.xcore.tail__t261                    1.56856
xz.xcore.vss__t388                 4.59494e-13
xz.xcore.tail__t161                    1.56856
xz.xcore.ibias__t68                    1.12786
xz.xcore.vss__t138                 3.11648e-06
xz.xcore.vss__t389                 4.88894e-13
xz.xcore.vss__t36                  3.30581e-06
xz.xcore.ibias__t69                    1.12786
xz.xcore.tail__t262                    1.56856
xz.xcore.vss__t390                 5.18596e-13
xz.xcore.tail__t130                    1.56856
xz.xcore.ibias__t10                    1.12786
xz.xcore.vss__t108                 3.49674e-06
xz.xcore.vss__t391                 5.48551e-13
xz.xcore.vss__t13                  3.68903e-06
xz.xcore.ibias__t23                    1.12786
xz.xcore.tail__t239                    1.56856
xz.xcore.vss__t392                  5.7872e-13
xz.xcore.tail__t137                    1.56856
xz.xcore.ibias__t24                    1.12786
xz.xcore.vss__t115                 3.88249e-06
xz.xcore.vss__t393                  6.0907e-13
xz.xcore.vss__t14                  4.07693e-06
xz.xcore.ibias__t25                    1.12786
xz.xcore.tail__t240                    1.56856
xz.xcore.vss__t394                 6.39577e-13
xz.xcore.tail__t138                    1.56856
xz.xcore.ibias__t26                    1.12786
xz.xcore.vss__t116                 4.27224e-06
xz.xcore.vss__t395                 6.70218e-13
xz.xcore.vss__t15                  4.46829e-06
xz.xcore.ibias__t27                    1.12786
xz.xcore.tail__t241                    1.56856
xz.xcore.vss__t396                 7.00976e-13
xz.xcore.tail__t139                    1.56856
xz.xcore.ibias__t28                    1.12786
xz.xcore.vss__t117                 4.66499e-06
xz.xcore.vss__t397                 7.31837e-13
xz.xcore.vss__t16                  4.86226e-06
xz.xcore.ibias__t29                    1.12786
xz.xcore.tail__t242                    1.56856
xz.xcore.vss__t398                 7.62787e-13
xz.xcore.tail__t140                    1.56856
xz.xcore.ibias__t30                    1.12786
xz.xcore.vss__t118                 5.06004e-06
xz.xcore.vss__t399                 7.93815e-13
xz.xcore.vss__t21                  5.25827e-06
xz.xcore.ibias__t41                    1.12786
xz.xcore.tail__t247                    1.56856
xz.xcore.vss__t400                 8.24913e-13
xz.xcore.tail__t142                    1.56856
xz.xcore.ibias__t32                    1.12786
xz.xcore.vss__t120                 5.45689e-06
xz.xcore.vss__t401                 8.56071e-13
xz.xcore.vss__t17                  5.65588e-06
xz.xcore.ibias__t33                    1.12786
xz.xcore.tail__t243                    1.56856
xz.xcore.vss__t402                 8.87285e-13
xz.xcore.tail__t143                    1.56856
xz.xcore.ibias__t34                    1.12786
xz.xcore.vss__t121                 5.85518e-06
xz.xcore.vss__t403                 9.18548e-13
xz.xcore.vss__t18                  6.05477e-06
xz.xcore.ibias__t35                    1.12786
xz.xcore.tail__t244                    1.56856
xz.xcore.vss__t404                 9.49856e-13
xz.xcore.tail__t144                    1.56856
xz.xcore.ibias__t36                    1.12786
xz.xcore.vss__t122                 6.25463e-06
xz.xcore.vss__t405                 9.81205e-13
xz.xcore.vss__t19                  6.45472e-06
xz.xcore.ibias__t37                    1.12786
xz.xcore.tail__t245                    1.56856
xz.xcore.vss__t406                 1.01259e-12
xz.xcore.tail__t145                    1.56856
xz.xcore.ibias__t38                    1.12786
xz.xcore.vss__t123                 6.65502e-06
xz.xcore.vss__t407                 1.04401e-12
xz.xcore.vss__t20                  6.85553e-06
xz.xcore.ibias__t39                    1.12786
xz.xcore.tail__t246                    1.56856
xz.xcore.vss__t408                 1.07546e-12
xz.xcore.tail__t146                    1.56856
xz.xcore.ibias__t40                    1.12786
xz.xcore.vss__t124                 7.05621e-06
xz.xcore.vss__t409                 1.10694e-12
xz.xcore.vss__t8                   7.25706e-06
xz.xcore.ibias__t12                    1.12786
xz.xcore.tail__t234                    1.56856
xz.xcore.vss__t410                 1.13844e-12
xz.xcore.tail__t135                    1.56856
xz.xcore.ibias__t21                    1.12786
xz.xcore.vss__t113                 7.45806e-06
xz.xcore.vss__t411                 1.16997e-12
xz.xcore.vss__t9                   7.65919e-06
xz.xcore.ibias__t13                    1.12786
xz.xcore.tail__t235                    1.56856
xz.xcore.vss__t412                 1.20151e-12
xz.xcore.tail__t131                    1.56856
xz.xcore.ibias__t14                    1.12786
xz.xcore.vss__t109                 7.86046e-06
xz.xcore.vss__t413                 1.23308e-12
xz.xcore.vss__t10                  8.06185e-06
xz.xcore.ibias__t15                    1.12786
xz.xcore.tail__t236                    1.56856
xz.xcore.vss__t414                 1.26467e-12
xz.xcore.tail__t134                    1.56856
xz.xcore.ibias__t20                    1.12786
xz.xcore.vss__t112                 8.26335e-06
xz.xcore.vss__t415                 1.29627e-12
xz.xcore.vss__t12                  8.46495e-06
xz.xcore.ibias__t19                    1.12786
xz.xcore.tail__t238                    1.56856
xz.xcore.vss__t416                 1.32789e-12
xz.xcore.tail__t133                    1.56856
xz.xcore.ibias__t18                    1.12786
xz.xcore.vss__t111                 8.66664e-06
xz.xcore.vss__t417                 1.35953e-12
xz.xcore.vss__t11                  8.86842e-06
xz.xcore.ibias__t17                    1.12786
xz.xcore.tail__t237                    1.56856
xz.xcore.vss__t418                 1.39117e-12
xz.xcore.tail__t132                    1.56856
xz.xcore.ibias__t16                    1.12786
xz.xcore.vss__t110                 9.07029e-06
xz.xcore.vss__t419                 1.42283e-12
xz.xcore.vss__t7                   9.27223e-06
xz.xcore.ibias__t11                    1.12786
xz.xcore.tail__t233                    1.56856
xz.xcore.vss__t420                 1.45451e-12
xz.xcore.tail__t136                    1.56856
xz.xcore.ibias__t22                    1.12786
xz.xcore.vss__t114                 9.47425e-06
xz.xcore.vss__t421                 1.48619e-12
xz.xcore.vss__t23                  9.67633e-06
xz.xcore.ibias__t45                    1.12786
xz.xcore.tail__t249                    1.56856
xz.xcore.vss__t422                 1.51788e-12
xz.xcore.tail__t150                    1.56856
xz.xcore.ibias__t46                    1.12786
xz.xcore.vss__t127                 9.87848e-06
xz.xcore.vss__t423                 1.54959e-12
xz.xcore.vss__t24                  1.00807e-05
xz.xcore.ibias__t47                    1.12786
xz.xcore.tail__t250                    1.56856
xz.xcore.vss__t424                  1.5813e-12
xz.xcore.tail__t151                    1.56856
xz.xcore.ibias__t48                    1.12786
xz.xcore.vss__t128                  1.0283e-05
xz.xcore.vss__t425                 1.61302e-12
xz.xcore.vss__t25                  1.04853e-05
xz.xcore.ibias__t49                    1.12786
xz.xcore.tail__t251                    1.56856
xz.xcore.vss__t426                 1.64475e-12
xz.xcore.tail__t152                    1.56855
xz.xcore.ibias__t50                    1.12786
xz.xcore.vss__t129                 1.06876e-05
xz.xcore.vss__t427                 1.67649e-12
xz.xcore.vss__t32                    1.089e-05
xz.xcore.ibias__t61                    1.12786
xz.xcore.tail__t258                    1.56855
xz.xcore.vss__t428                 1.70823e-12
xz.xcore.tail__t153                    1.56855
xz.xcore.ibias__t51                    1.12786
xz.xcore.vss__t130                 1.10925e-05
xz.xcore.vss__t429                 1.73998e-12
xz.xcore.vss__t27                   1.1295e-05
xz.xcore.ibias__t52                    1.12786
xz.xcore.tail__t253                    1.56855
xz.xcore.vss__t430                 1.77174e-12
xz.xcore.tail__t154                    1.56855
xz.xcore.ibias__t53                    1.12786
xz.xcore.vss__t131                 1.14975e-05
xz.xcore.vss__t431                  1.8035e-12
xz.xcore.vss__t28                  1.17001e-05
xz.xcore.ibias__t54                    1.12786
xz.xcore.tail__t254                    1.56855
xz.xcore.vss__t432                 1.83527e-12
xz.xcore.tail__t155                    1.56855
xz.xcore.ibias__t55                    1.12786
xz.xcore.vss__t132                 1.19027e-05
xz.xcore.vss__t433                 1.86704e-12
xz.xcore.vss__t29                  1.21054e-05
xz.xcore.ibias__t56                    1.12786
xz.xcore.tail__t255                    1.56855
xz.xcore.vss__t434                 1.89882e-12
xz.xcore.tail__t156                    1.56855
xz.xcore.ibias__t57                    1.12786
xz.xcore.vss__t133                 1.23081e-05
xz.xcore.vss__t435                 1.93061e-12
xz.xcore.vss__t30                  1.25108e-05
xz.xcore.ibias__t58                    1.12786
xz.xcore.tail__t256                    1.56855
xz.xcore.vss__t436                  1.9624e-12
xz.xcore.tail__t157                    1.56855
xz.xcore.ibias__t59                    1.12786
xz.xcore.vss__t134                 1.27135e-05
xz.xcore.vss__t437                 1.99419e-12
xz.xcore.vss__t31                  1.29163e-05
xz.xcore.ibias__t60                    1.12786
xz.xcore.tail__t257                    1.56855
xz.xcore.vss__t438                 2.02598e-12
xz.xcore.tail__t211                    1.56855
xz.xcore.ibias__t176                   1.12786
xz.xcore.vss__t193                 1.31191e-05
xz.xcore.vss__t439                 2.05779e-12
xz.xcore.vss__t88                  1.33219e-05
xz.xcore.ibias__t175                   1.12786
xz.xcore.tail__t311                    1.56855
xz.xcore.vss__t440                 2.08959e-12
xz.xcore.tail__t165                    1.56855
xz.xcore.ibias__t79                    1.12786
xz.xcore.vss__t142                 1.35247e-05
xz.xcore.vss__t441                  2.1214e-12
xz.xcore.vss__t43                  1.37276e-05
xz.xcore.ibias__t80                    1.12786
xz.xcore.tail__t269                    1.56855
xz.xcore.vss__t442                 2.15321e-12
xz.xcore.tail__t166                    1.56855
xz.xcore.ibias__t81                    1.12786
xz.xcore.vss__t143                 1.39305e-05
xz.xcore.vss__t443                 2.18502e-12
xz.xcore.vss__t38                  1.41334e-05
xz.xcore.ibias__t71                    1.12786
xz.xcore.tail__t264                    1.56855
xz.xcore.vss__t444                 2.21684e-12
xz.xcore.tail__t147                    1.56855
xz.xcore.ibias__t42                    1.12786
xz.xcore.vss__t125                 1.43363e-05
xz.xcore.vss__t445                 2.24866e-12
xz.xcore.vss__t22                  1.45393e-05
xz.xcore.ibias__t43                    1.12786
xz.xcore.tail__t248                    1.56855
xz.xcore.vss__t446                 2.28048e-12
xz.xcore.tail__t148                    1.56855
xz.xcore.ibias__t44                    1.12786
xz.xcore.vss__t126                 1.47422e-05
xz.xcore.vss__t447                 2.31231e-12
xz.xcore.vss__t0                   1.49452e-05
xz.xcore.ibias__t1                     1.12786
xz.xcore.tail__t149                    1.56855
xz.xcore.vss__t456                 2.34414e-12
xz.xcore.tail__t229                    1.56851
xz.xcore.ibias__t2                     1.12786
xz.xcore.vss__t1                   2.56535e-05
xz.xcore.vss__t458                   4.022e-12
xz.xcore.vss__t189                 2.54501e-05
xz.xcore.ibias__t170                   1.12786
xz.xcore.tail__t228                    1.56851
xz.xcore.vss__t250                 3.99012e-12
xz.xcore.tail__t209                    1.56851
xz.xcore.ibias__t169                   1.12786
xz.xcore.vss__t188                 2.52467e-05
xz.xcore.vss__t251                 3.95825e-12
xz.xcore.vss__t86                  2.50433e-05
xz.xcore.ibias__t168                   1.12786
xz.xcore.tail__t309                    1.56852
xz.xcore.vss__t252                 3.92638e-12
xz.xcore.tail__t208                    1.56852
xz.xcore.ibias__t167                   1.12786
xz.xcore.vss__t187                 2.48399e-05
xz.xcore.vss__t253                 3.89451e-12
xz.xcore.vss__t85                  2.46365e-05
xz.xcore.ibias__t166                   1.12786
xz.xcore.tail__t308                    1.56852
xz.xcore.vss__t254                 3.86264e-12
xz.xcore.tail__t207                    1.56852
xz.xcore.ibias__t165                   1.12786
xz.xcore.vss__t186                 2.44332e-05
xz.xcore.vss__t255                 3.83077e-12
xz.xcore.vss__t84                  2.42298e-05
xz.xcore.ibias__t164                   1.12786
xz.xcore.tail__t307                    1.56852
xz.xcore.vss__t256                  3.7989e-12
xz.xcore.tail__t210                    1.56852
xz.xcore.ibias__t173                   1.12786
xz.xcore.vss__t191                 2.40264e-05
xz.xcore.vss__t257                 3.76703e-12
xz.xcore.vss__t87                  2.38231e-05
xz.xcore.ibias__t172                   1.12786
xz.xcore.tail__t310                    1.56852
xz.xcore.vss__t258                 3.73516e-12
xz.xcore.tail__t219                    1.56852
xz.xcore.ibias__t195                   1.12786
xz.xcore.vss__t201                 2.36197e-05
xz.xcore.vss__t259                  3.7033e-12
xz.xcore.vss__t99                  2.34163e-05
xz.xcore.ibias__t194                   1.12786
xz.xcore.tail__t321                    1.56852
xz.xcore.vss__t260                 3.67143e-12
xz.xcore.tail__t227                    1.56852
xz.xcore.ibias__t209                   1.12786
xz.xcore.vss__t209                  2.3213e-05
xz.xcore.vss__t261                 3.63956e-12
xz.xcore.vss__t97                  2.30096e-05
xz.xcore.ibias__t192                   1.12786
xz.xcore.tail__t319                    1.56852
xz.xcore.vss__t262                 3.60769e-12
xz.xcore.tail__t218                    1.56852
xz.xcore.ibias__t191                   1.12786
xz.xcore.vss__t200                 2.28063e-05
xz.xcore.vss__t263                 3.57582e-12
xz.xcore.vss__t96                   2.2603e-05
xz.xcore.ibias__t190                   1.12786
xz.xcore.tail__t318                    1.56852
xz.xcore.vss__t264                 3.54396e-12
xz.xcore.tail__t217                    1.56852
xz.xcore.ibias__t189                   1.12786
xz.xcore.vss__t199                 2.23996e-05
xz.xcore.vss__t265                 3.51209e-12
xz.xcore.vss__t95                  2.21963e-05
xz.xcore.ibias__t188                   1.12786
xz.xcore.tail__t317                    1.56852
xz.xcore.vss__t266                 3.48022e-12
xz.xcore.tail__t216                    1.56852
xz.xcore.ibias__t187                   1.12786
xz.xcore.vss__t198                  2.1993e-05
xz.xcore.vss__t267                 3.44836e-12
xz.xcore.vss__t94                  2.17897e-05
xz.xcore.ibias__t186                   1.12786
xz.xcore.tail__t316                    1.56852
xz.xcore.vss__t268                 3.41649e-12
xz.xcore.tail__t215                    1.56852
xz.xcore.ibias__t185                   1.12786
xz.xcore.vss__t197                 2.15863e-05
xz.xcore.vss__t269                 3.38463e-12
xz.xcore.vss__t93                   2.1383e-05
xz.xcore.ibias__t184                   1.12786
xz.xcore.tail__t315                    1.56852
xz.xcore.vss__t270                 3.35277e-12
xz.xcore.tail__t214                    1.56852
xz.xcore.ibias__t183                   1.12786
xz.xcore.vss__t196                 2.11797e-05
xz.xcore.vss__t271                  3.3209e-12
xz.xcore.vss__t92                  2.09764e-05
xz.xcore.ibias__t182                   1.12786
xz.xcore.tail__t314                    1.56852
xz.xcore.vss__t272                 3.28904e-12
xz.xcore.tail__t213                    1.56852
xz.xcore.ibias__t181                   1.12786
xz.xcore.vss__t195                 2.07731e-05
xz.xcore.vss__t273                 3.25718e-12
xz.xcore.vss__t91                  2.05699e-05
xz.xcore.ibias__t180                   1.12786
xz.xcore.tail__t313                    1.56852
xz.xcore.vss__t274                 3.22532e-12
xz.xcore.tail__t212                    1.56852
xz.xcore.ibias__t179                   1.12786
xz.xcore.vss__t194                 2.03666e-05
xz.xcore.vss__t275                 3.19346e-12
xz.xcore.vss__t90                  2.01633e-05
xz.xcore.ibias__t178                   1.12786
xz.xcore.tail__t312                    1.56852
xz.xcore.vss__t276                  3.1616e-12
xz.xcore.tail__t206                    1.56852
xz.xcore.ibias__t161                   1.12786
xz.xcore.vss__t184                   1.996e-05
xz.xcore.vss__t277                 3.12974e-12
xz.xcore.vss__t57                  1.97568e-05
xz.xcore.ibias__t112                   1.12786
xz.xcore.tail__t283                    1.56852
xz.xcore.vss__t278                 3.09788e-12
xz.xcore.tail__t183                    1.56852
xz.xcore.ibias__t111                   1.12786
xz.xcore.vss__t160                 1.95535e-05
xz.xcore.vss__t279                 3.06602e-12
xz.xcore.vss__t56                  1.93503e-05
xz.xcore.ibias__t110                   1.12786
xz.xcore.tail__t282                    1.56852
xz.xcore.vss__t280                 3.03417e-12
xz.xcore.tail__t182                    1.56852
xz.xcore.ibias__t109                   1.12786
xz.xcore.vss__t159                  1.9147e-05
xz.xcore.vss__t281                 3.00231e-12
xz.xcore.vss__t55                  1.89438e-05
xz.xcore.ibias__t108                   1.12786
xz.xcore.tail__t281                    1.56853
xz.xcore.vss__t282                 2.97046e-12
xz.xcore.tail__t181                    1.56853
xz.xcore.ibias__t107                   1.12786
xz.xcore.vss__t158                 1.87406e-05
xz.xcore.vss__t283                  2.9386e-12
xz.xcore.vss__t54                  1.85374e-05
xz.xcore.ibias__t106                   1.12786
xz.xcore.tail__t280                    1.56853
xz.xcore.vss__t284                 2.90675e-12
xz.xcore.tail__t180                    1.56853
xz.xcore.ibias__t105                   1.12786
xz.xcore.vss__t157                 1.83342e-05
xz.xcore.vss__t285                  2.8749e-12
xz.xcore.vss__t53                   1.8131e-05
xz.xcore.ibias__t104                   1.12786
xz.xcore.tail__t279                    1.56853
xz.xcore.vss__t286                 2.84305e-12
xz.xcore.tail__t205                    1.56853
xz.xcore.ibias__t156                   1.12786
xz.xcore.vss__t182                 1.79278e-05
xz.xcore.vss__t287                  2.8112e-12
xz.xcore.vss__t79                  1.77246e-05
xz.xcore.ibias__t155                   1.12786
xz.xcore.tail__t305                    1.56853
xz.xcore.vss__t288                 2.77935e-12
xz.xcore.tail__t204                    1.56853
xz.xcore.ibias__t154                   1.12786
xz.xcore.vss__t181                 1.75214e-05
xz.xcore.vss__t289                  2.7475e-12
xz.xcore.vss__t78                  1.73183e-05
xz.xcore.ibias__t153                   1.12786
xz.xcore.tail__t304                    1.56853
xz.xcore.vss__t290                 2.71566e-12
xz.xcore.tail__t203                    1.56853
xz.xcore.ibias__t152                   1.12786
xz.xcore.vss__t180                 1.71151e-05
xz.xcore.vss__t291                 2.68382e-12
xz.xcore.vss__t77                   1.6912e-05
xz.xcore.ibias__t151                   1.12786
xz.xcore.tail__t303                    1.56853
xz.xcore.vss__t292                 2.65197e-12
xz.xcore.tail__t202                    1.56853
xz.xcore.ibias__t150                   1.12786
xz.xcore.vss__t179                 1.67089e-05
xz.xcore.vss__t293                 2.62013e-12
xz.xcore.vss__t76                  1.65058e-05
xz.xcore.ibias__t149                   1.12786
xz.xcore.tail__t302                    1.56853
xz.xcore.vss__t294                 2.58829e-12
xz.xcore.tail__t201                    1.56853
xz.xcore.ibias__t148                   1.12786
xz.xcore.vss__t178                 1.63027e-05
xz.xcore.vss__t295                 2.55646e-12
xz.xcore.vss__t75                  1.60996e-05
xz.xcore.ibias__t147                   1.12786
xz.xcore.tail__t301                    1.56853
xz.xcore.vss__t296                 2.52462e-12
xz.xcore.tail__t200                    1.56853
xz.xcore.ibias__t146                   1.12786
xz.xcore.vss__t177                 1.58965e-05
xz.xcore.vss__t297                 2.49279e-12
xz.xcore.vss__t98                  1.56935e-05
xz.xcore.ibias__t193                   1.12786
xz.xcore.tail__t320                    1.56853
xz.xcore.vss__t298                 2.46095e-12
xz.xcore.tail__t226                    1.56853
xz.xcore.ibias__t208                   1.12786
xz.xcore.vss__t208                 1.54904e-05
xz.xcore.vss__t299                 2.42912e-12
xz.xcore.vss__t105                 1.52874e-05
xz.xcore.ibias__t207                   1.12786
xz.xcore.tail__t327                    1.56853
xz.xcore.vss__t300                  2.3973e-12
xz.xcore.tail__t225                    1.56853
xz.xcore.ibias__t206                   1.12786
xz.xcore.vss__t207                 1.50844e-05
xz.xcore.vss__t301                 2.36547e-12
xz.xcore.vss__t104                 1.48814e-05
xz.xcore.ibias__t205                   1.12786
xz.xcore.tail__t326                    1.56853
xz.xcore.vss__t302                 2.33365e-12
xz.xcore.tail__t224                    1.56853
xz.xcore.ibias__t204                   1.12786
xz.xcore.vss__t206                 1.46784e-05
xz.xcore.vss__t303                 2.30183e-12
xz.xcore.vss__t103                 1.44754e-05
xz.xcore.ibias__t203                   1.12786
xz.xcore.tail__t325                    1.56853
xz.xcore.vss__t304                 2.27001e-12
xz.xcore.tail__t223                    1.56853
xz.xcore.ibias__t202                   1.12786
xz.xcore.vss__t205                 1.42725e-05
xz.xcore.vss__t305                 2.23819e-12
xz.xcore.vss__t102                 1.40696e-05
xz.xcore.ibias__t201                   1.12786
xz.xcore.tail__t324                    1.56853
xz.xcore.vss__t306                 2.20638e-12
xz.xcore.tail__t222                    1.56853
xz.xcore.ibias__t200                   1.12786
xz.xcore.vss__t204                 1.38667e-05
xz.xcore.vss__t307                 2.17457e-12
xz.xcore.vss__t101                 1.36638e-05
xz.xcore.ibias__t199                   1.12786
xz.xcore.tail__t323                    1.56853
xz.xcore.vss__t308                 2.14276e-12
xz.xcore.tail__t221                    1.56853
xz.xcore.ibias__t198                   1.12786
xz.xcore.vss__t203                 1.34609e-05
xz.xcore.vss__t309                 2.11096e-12
xz.xcore.vss__t100                 1.32581e-05
xz.xcore.ibias__t197                   1.12786
xz.xcore.tail__t322                    1.56853
xz.xcore.vss__t310                 2.07916e-12
xz.xcore.tail__t220                    1.56853
xz.xcore.ibias__t196                   1.12786
xz.xcore.vss__t202                 1.30553e-05
xz.xcore.vss__t311                 2.04736e-12
xz.xcore.vss__t80                  1.28525e-05
xz.xcore.ibias__t157                   1.12786
xz.xcore.tail__t306                    1.56854
xz.xcore.vss__t312                 2.01557e-12
xz.xcore.tail__t185                    1.56854
xz.xcore.ibias__t116                   1.12786
xz.xcore.vss__t162                 1.26497e-05
xz.xcore.vss__t313                 1.98378e-12
xz.xcore.vss__t59                   1.2447e-05
xz.xcore.ibias__t115                   1.12786
xz.xcore.tail__t285                    1.56854
xz.xcore.vss__t314                   1.952e-12
xz.xcore.tail__t184                    1.56854
xz.xcore.ibias__t114                   1.12786
xz.xcore.vss__t161                 1.22443e-05
xz.xcore.vss__t315                 1.92022e-12
xz.xcore.vss__t71                  1.20416e-05
xz.xcore.ibias__t139                   1.12786
xz.xcore.tail__t297                    1.56854
xz.xcore.vss__t316                 1.88844e-12
xz.xcore.tail__t196                    1.56854
xz.xcore.ibias__t138                   1.12786
xz.xcore.vss__t173                  1.1839e-05
xz.xcore.vss__t317                 1.85667e-12
xz.xcore.vss__t70                  1.16364e-05
xz.xcore.ibias__t137                   1.12786
xz.xcore.tail__t296                    1.56854
xz.xcore.vss__t318                  1.8249e-12
xz.xcore.tail__t195                    1.56854
xz.xcore.ibias__t136                   1.12786
xz.xcore.vss__t172                 1.14338e-05
xz.xcore.vss__t319                 1.79314e-12
xz.xcore.vss__t69                  1.12313e-05
xz.xcore.ibias__t135                   1.12786
xz.xcore.tail__t295                    1.56854
xz.xcore.vss__t320                 1.76139e-12
xz.xcore.tail__t194                    1.56854
xz.xcore.ibias__t134                   1.12786
xz.xcore.vss__t171                 1.10288e-05
xz.xcore.vss__t321                 1.72964e-12
xz.xcore.vss__t61                  1.08264e-05
xz.xcore.ibias__t119                   1.12786
xz.xcore.tail__t287                    1.56854
xz.xcore.vss__t322                  1.6979e-12
xz.xcore.tail__t179                    1.56854
xz.xcore.ibias__t103                   1.12786
xz.xcore.vss__t156                  1.0624e-05
xz.xcore.vss__t323                 1.66616e-12
xz.xcore.vss__t48                  1.04216e-05
xz.xcore.ibias__t92                    1.12786
xz.xcore.tail__t274                    1.56854
xz.xcore.vss__t324                 1.63443e-12
xz.xcore.tail__t178                    1.56854
xz.xcore.ibias__t102                   1.12786
xz.xcore.vss__t155                 1.02193e-05
xz.xcore.vss__t325                 1.60271e-12
xz.xcore.vss__t52                  1.00171e-05
xz.xcore.ibias__t101                   1.12786
xz.xcore.tail__t278                    1.56854
xz.xcore.vss__t326                   1.571e-12
xz.xcore.tail__t177                    1.56854
xz.xcore.ibias__t100                   1.12786
xz.xcore.vss__t154                 9.81488e-06
xz.xcore.vss__t327                  1.5393e-12
xz.xcore.vss__t51                  9.61276e-06
xz.xcore.ibias__t99                    1.12786
xz.xcore.tail__t277                    1.56854
xz.xcore.vss__t328                 1.50761e-12
xz.xcore.tail__t176                    1.56854
xz.xcore.ibias__t98                    1.12786
xz.xcore.vss__t153                 9.41069e-06
xz.xcore.vss__t329                 1.47592e-12
xz.xcore.vss__t58                   9.2087e-06
xz.xcore.ibias__t113                   1.12786
xz.xcore.tail__t284                    1.56854
xz.xcore.vss__t330                 1.44425e-12
xz.xcore.tail__t174                    1.56854
xz.xcore.ibias__t96                    1.12786
xz.xcore.vss__t151                 9.00678e-06
xz.xcore.vss__t331                 1.41259e-12
xz.xcore.vss__t50                  8.80494e-06
xz.xcore.ibias__t95                    1.12786
xz.xcore.tail__t276                    1.56854
xz.xcore.vss__t332                 1.38094e-12
xz.xcore.tail__t173                    1.56854
xz.xcore.ibias__t94                    1.12786
xz.xcore.vss__t150                 8.60318e-06
xz.xcore.vss__t333                  1.3493e-12
xz.xcore.vss__t49                  8.40152e-06
xz.xcore.ibias__t93                    1.12786
xz.xcore.tail__t275                    1.56854
xz.xcore.vss__t334                 1.31768e-12
xz.xcore.tail__t172                    1.56854
xz.xcore.ibias__t91                    1.12786
xz.xcore.vss__t149                 8.19995e-06
xz.xcore.vss__t335                 1.28607e-12
xz.xcore.vss__t47                  7.99849e-06
xz.xcore.ibias__t90                    1.12786
xz.xcore.tail__t273                    1.56854
xz.xcore.vss__t336                 1.25448e-12
xz.xcore.tail__t171                    1.56854
xz.xcore.ibias__t89                    1.12786
xz.xcore.vss__t148                 7.79714e-06
xz.xcore.vss__t337                  1.2229e-12
xz.xcore.vss__t46                  7.59591e-06
xz.xcore.ibias__t88                    1.12786
xz.xcore.tail__t272                    1.56854
xz.xcore.vss__t338                 1.19135e-12
xz.xcore.tail__t170                    1.56854
xz.xcore.ibias__t87                    1.12786
xz.xcore.vss__t147                 7.39481e-06
xz.xcore.vss__t339                 1.15981e-12
xz.xcore.vss__t45                  7.19386e-06
xz.xcore.ibias__t86                    1.12786
xz.xcore.tail__t271                    1.56854
xz.xcore.vss__t340                  1.1283e-12
xz.xcore.tail__t169                    1.56854
xz.xcore.ibias__t85                    1.12786
xz.xcore.vss__t146                 6.99306e-06
xz.xcore.vss__t341                 1.09681e-12
xz.xcore.vss__t44                  6.79243e-06
xz.xcore.ibias__t84                    1.12786
xz.xcore.tail__t270                    1.56855
xz.xcore.vss__t342                 1.06535e-12
xz.xcore.tail__t168                    1.56855
xz.xcore.ibias__t83                    1.12786
xz.xcore.vss__t145                 6.59199e-06
xz.xcore.vss__t343                 1.03391e-12
xz.xcore.vss__t66                  6.39175e-06
xz.xcore.ibias__t129                   1.12786
xz.xcore.tail__t292                    1.56855
xz.xcore.vss__t344                 1.00251e-12
xz.xcore.tail__t199                    1.56855
xz.xcore.ibias__t144                   1.12786
xz.xcore.vss__t176                 6.19173e-06
xz.xcore.vss__t345                 9.71142e-13
xz.xcore.vss__t73                  5.99196e-06
xz.xcore.ibias__t143                   1.12786
xz.xcore.tail__t299                    1.56855
xz.xcore.vss__t346                 9.39812e-13
xz.xcore.tail__t198                    1.56855
xz.xcore.ibias__t142                   1.12786
xz.xcore.vss__t175                 5.79245e-06
xz.xcore.vss__t347                 9.08525e-13
xz.xcore.vss__t72                  5.59325e-06
xz.xcore.ibias__t141                   1.12786
xz.xcore.tail__t298                    1.56855
xz.xcore.vss__t348                 8.77284e-13
xz.xcore.outp__t53                     2.79079
xz.xcore.inp__t1                        3.0855
xz.xcore.tail__t0                      1.56862
xz.xcore.vss__t460                 1.39766e-12
xz.xcore.tail__t119                    1.56862
xz.xcore.inp__t53                       3.0855
xz.xcore.outp__t52                     2.79079
xz.xcore.vss__t462                 1.41089e-12
xz.xcore.outp__t46                     2.79079
xz.xcore.inp__t52                       3.0855
xz.xcore.tail__t118                    1.56862
xz.xcore.vss__t463                 1.42413e-12
xz.xcore.tail__t58                     1.56862
xz.xcore.inp__t61                       3.0855
xz.xcore.outp__t82                     2.79079
xz.xcore.vss__t464                 1.43736e-12
xz.xcore.outp__t30                     2.79078
xz.xcore.inp__t24                       3.0855
xz.xcore.tail__t98                     1.56862
xz.xcore.vss__t465                  1.4506e-12
xz.xcore.tail__t38                     1.56863
xz.xcore.inp__t23                       3.0855
xz.xcore.outp__t64                     2.79078
xz.xcore.vss__t466                 1.46384e-12
xz.xcore.outp__t29                     2.79078
xz.xcore.inp__t22                       3.0855
xz.xcore.tail__t97                     1.56863
xz.xcore.vss__t467                 1.47708e-12
xz.xcore.tail__t37                     1.56863
xz.xcore.inp__t21                       3.0855
xz.xcore.outp__t63                     2.79078
xz.xcore.vss__t468                 1.49031e-12
xz.xcore.outp__t28                     2.79078
xz.xcore.inp__t20                       3.0855
xz.xcore.tail__t96                     1.56863
xz.xcore.vss__t469                 1.50355e-12
xz.xcore.tail__t36                     1.56863
xz.xcore.inp__t19                       3.0855
xz.xcore.outp__t62                     2.79078
xz.xcore.vss__t470                 1.51679e-12
xz.xcore.outp__t27                     2.79077
xz.xcore.inp__t18                       3.0855
xz.xcore.tail__t95                     1.56863
xz.xcore.vss__t471                 1.53003e-12
xz.xcore.tail__t35                     1.56863
xz.xcore.inp__t17                       3.0855
xz.xcore.outp__t61                     2.79077
xz.xcore.vss__t472                 1.54327e-12
xz.xcore.outp__t26                     2.79077
xz.xcore.inp__t16                       3.0855
xz.xcore.tail__t94                     1.56863
xz.xcore.vss__t473                 1.55652e-12
xz.xcore.tail__t33                     1.56863
xz.xcore.inp__t15                       3.0855
xz.xcore.outp__t60                     2.79077
xz.xcore.vss__t474                 1.56976e-12
xz.xcore.outp__t47                     2.79077
xz.xcore.inp__t54                       3.0855
xz.xcore.tail__t120                    1.56863
xz.xcore.vss__t475                   1.583e-12
xz.xcore.tail__t54                     1.56863
xz.xcore.inp__t55                       3.0855
xz.xcore.outp__t78                     2.79077
xz.xcore.vss__t476                 1.59624e-12
xz.xcore.outp__t51                     2.79076
xz.xcore.inp__t63                       3.0855
xz.xcore.tail__t126                    1.56863
xz.xcore.vss__t477                 1.60948e-12
xz.xcore.tail__t57                     1.56864
xz.xcore.inp__t60                       3.0855
xz.xcore.outp__t81                     2.79076
xz.xcore.vss__t478                 1.62273e-12
xz.xcore.outp__t49                     2.79076
xz.xcore.inp__t59                       3.0855
xz.xcore.tail__t122                    1.56864
xz.xcore.vss__t479                 1.63597e-12
xz.xcore.tail__t56                     1.56864
xz.xcore.inp__t58                       3.0855
xz.xcore.outp__t80                     2.79076
xz.xcore.vss__t480                 1.64922e-12
xz.xcore.outp__t48                     2.79076
xz.xcore.inp__t57                       3.0855
xz.xcore.tail__t121                    1.56864
xz.xcore.vss__t481                 1.66246e-12
xz.xcore.tail__t55                     1.56864
xz.xcore.inp__t56                       3.0855
xz.xcore.outp__t79                     2.79076
xz.xcore.vss__t482                  1.6757e-12
xz.xcore.outp__t24                     2.79075
xz.xcore.inp__t11                       3.0855
xz.xcore.tail__t92                     1.56864
xz.xcore.vss__t483                 1.68895e-12
xz.xcore.tail__t30                     1.56864
xz.xcore.inp__t10                       3.0855
xz.xcore.outp__t57                     2.79075
xz.xcore.vss__t484                  1.7022e-12
xz.xcore.outp__t23                     2.79075
xz.xcore.inp__t9                        3.0855
xz.xcore.tail__t88                     1.56864
xz.xcore.vss__t485                 1.71544e-12
xz.xcore.tail__t32                     1.56864
xz.xcore.inp__t14                       3.0855
xz.xcore.outp__t59                     2.79075
xz.xcore.vss__t486                 1.72869e-12
xz.xcore.outp__t25                     2.79075
xz.xcore.inp__t13                       3.0855
xz.xcore.tail__t93                     1.56864
xz.xcore.vss__t487                 1.74193e-12
xz.xcore.tail__t60                     1.56864
xz.xcore.inp__t0                        3.0855
xz.xcore.outp__t83                     2.79075
xz.xcore.vss__t488                 1.75518e-12
xz.xcore.outp__t50                     2.79074
xz.xcore.inp__t62                       3.0855
xz.xcore.tail__t123                    1.56864
xz.xcore.vss__t489                 1.76843e-12
xz.xcore.tail__t42                     1.56864
xz.xcore.inp__t29                       3.0855
xz.xcore.outp__t67                     2.79074
xz.xcore.vss__t490                 1.78168e-12
xz.xcore.outp__t32                     2.79074
xz.xcore.inp__t28                       3.0855
xz.xcore.tail__t102                    1.56865
xz.xcore.vss__t491                 1.79492e-12
xz.xcore.tail__t41                     1.56865
xz.xcore.inp__t27                       3.0855
xz.xcore.outp__t66                     2.79074
xz.xcore.vss__t492                 1.80817e-12
xz.xcore.outp__t31                     2.79074
xz.xcore.inp__t26                       3.0855
xz.xcore.tail__t101                    1.56865
xz.xcore.vss__t493                 1.82142e-12
xz.xcore.tail__t40                     1.56865
xz.xcore.inp__t25                       3.0855
xz.xcore.outp__t65                     2.79074
xz.xcore.vss__t494                 1.83467e-12
xz.xcore.outp__t20                     2.79074
xz.xcore.inp__t4                        3.0855
xz.xcore.tail__t74                     1.56865
xz.xcore.vss__t495                 1.84792e-12
xz.xcore.tail__t14                     1.56865
xz.xcore.inp__t3                        3.0855
xz.xcore.outp__t54                     2.79073
xz.xcore.vss__t496                 1.86117e-12
xz.xcore.outp__t22                     2.79073
xz.xcore.inp__t7                        3.0855
xz.xcore.tail__t76                     1.56865
xz.xcore.vss__t497                 1.87442e-12
xz.xcore.tail__t16                     1.56865
xz.xcore.inp__t6                        3.0855
xz.xcore.outp__t55                     2.79073
xz.xcore.vss__t498                 1.88767e-12
xz.xcore.outp__t21                     2.79073
xz.xcore.inp__t5                        3.0855
xz.xcore.tail__t75                     1.56865
xz.xcore.vss__t499                 1.90092e-12
xz.xcore.tail__t19                     1.56865
xz.xcore.inp__t8                        3.0855
xz.xcore.outp__t56                     2.79073
xz.xcore.vss__t500                 1.91417e-12
xz.xcore.outp__t45                     2.79073
xz.xcore.inp__t50                       3.0855
xz.xcore.tail__t116                    1.56865
xz.xcore.vss__t501                 1.92742e-12
xz.xcore.tail__t51                     1.56865
xz.xcore.inp__t49                       3.0855
xz.xcore.outp__t76                     2.79072
xz.xcore.vss__t502                 1.94067e-12
xz.xcore.outp__t44                     2.79072
xz.xcore.inp__t48                       3.0855
xz.xcore.tail__t115                    1.56866
xz.xcore.vss__t503                 1.95392e-12
xz.xcore.tail__t50                     1.56866
xz.xcore.inp__t47                       3.0855
xz.xcore.outp__t75                     2.79072
xz.xcore.vss__t504                 1.96717e-12
xz.xcore.outp__t43                     2.79072
xz.xcore.inp__t46                       3.0855
xz.xcore.tail__t114                    1.56866
xz.xcore.vss__t505                 1.98043e-12
xz.xcore.tail__t49                     1.56866
xz.xcore.inp__t45                       3.0855
xz.xcore.outp__t74                     2.79072
xz.xcore.vss__t506                 1.99368e-12
xz.xcore.outp__t42                     2.79072
xz.xcore.inp__t44                       3.0855
xz.xcore.tail__t113                    1.56866
xz.xcore.vss__t507                 2.00693e-12
xz.xcore.tail__t48                     1.56866
xz.xcore.inp__t43                       3.0855
xz.xcore.outp__t73                     2.79071
xz.xcore.vss__t508                 2.02018e-12
xz.xcore.outp__t41                     2.79071
xz.xcore.inp__t42                       3.0855
xz.xcore.tail__t112                    1.56866
xz.xcore.vss__t509                 2.03344e-12
xz.xcore.tail__t47                     1.56866
xz.xcore.inp__t41                       3.0855
xz.xcore.outp__t72                     2.79071
xz.xcore.vss__t510                 2.04669e-12
xz.xcore.outp__t40                     2.79071
xz.xcore.inp__t40                       3.0855
xz.xcore.tail__t111                    1.56866
xz.xcore.vss__t511                 2.05994e-12
xz.xcore.tail__t46                     1.56866
xz.xcore.inp__t39                       3.0855
xz.xcore.outp__t71                     2.79071
xz.xcore.vss__t512                  2.0732e-12
xz.xcore.outp__t39                     2.79071
xz.xcore.inp__t38                       3.0855
xz.xcore.tail__t110                    1.56866
xz.xcore.vss__t513                 2.08645e-12
xz.xcore.tail__t53                     1.56866
xz.xcore.inp__t51                       3.0855
xz.xcore.outp__t77                      2.7907
xz.xcore.vss__t514                  2.0997e-12
xz.xcore.outp__t38                      2.7907
xz.xcore.inp__t37                       3.0855
xz.xcore.tail__t108                    1.56866
xz.xcore.vss__t515                 2.11296e-12
xz.xcore.tail__t45                     1.56867
xz.xcore.inp__t36                       3.0855
xz.xcore.outp__t70                      2.7907
xz.xcore.vss__t516                 2.12621e-12
xz.xcore.outp__t37                      2.7907
xz.xcore.inp__t35                       3.0855
xz.xcore.tail__t107                    1.56867
xz.xcore.vss__t517                 2.13946e-12
xz.xcore.tail__t44                     1.56867
xz.xcore.inp__t34                       3.0855
xz.xcore.outp__t69                      2.7907
xz.xcore.vss__t518                 2.15272e-12
xz.xcore.outp__t36                      2.7907
xz.xcore.inp__t33                       3.0855
xz.xcore.tail__t106                    1.56867
xz.xcore.vss__t519                 2.16597e-12
xz.xcore.tail__t31                     1.56867
xz.xcore.inp__t12                       3.0855
xz.xcore.outp__t58                     2.79069
xz.xcore.vss__t520                 2.17923e-12
xz.xcore.outp__t35                     2.79069
xz.xcore.inp__t32                       3.0855
xz.xcore.tail__t104                    1.56867
xz.xcore.vss__t521                 2.19248e-12
xz.xcore.tail__t43                     1.56867
xz.xcore.inp__t31                       3.0855
xz.xcore.outp__t68                     2.79069
xz.xcore.vss__t522                 2.20574e-12
xz.xcore.outp__t33                     2.79069
xz.xcore.inp__t30                       3.0855
xz.xcore.tail__t103                    1.56867
xz.xcore.vss__t523                 2.21899e-12
xz.xcore.tail__t1                      1.56867
xz.xcore.inp__t2                        3.0855
xz.xcore.outp__t34                     2.79069
xz.xcore.vss__t586                 2.23225e-12
xz.xcore.ibias__t215                   1.12513
xz.xcore.ibias__t3                     1.12786
xz.xcore.vss__t2                   2.51858e-05
xz.xcore.vss__t459                 5.66833e-13
xz.xcore.vss__t81                  2.49859e-05
xz.xcore.ibias__t158                   1.12786
xz.xcore.ibias__t216                   1.12516
xz.xcore.vss__t448                 5.62349e-13
xz.xcore.ibias__t213                   1.12519
xz.xcore.ibias__t171                   1.12786
xz.xcore.vss__t190                 2.47861e-05
xz.xcore.vss__t449                 5.57865e-13
xz.xcore.vss__t83                  2.45863e-05
xz.xcore.ibias__t163                   1.12786
xz.xcore.ibias__t218                   1.12522
xz.xcore.vss__t450                 5.53381e-13
xz.xcore.ibias__t212                   1.12525
xz.xcore.ibias__t162                   1.12786
xz.xcore.vss__t185                 2.43865e-05
xz.xcore.vss__t451                 5.48897e-13
xz.xcore.vss__t89                  2.41867e-05
xz.xcore.ibias__t177                   1.12786
xz.xcore.ibias__t219                   1.12528
xz.xcore.vss__t452                 5.44412e-13
xz.xcore.ibias__t211                   1.12531
xz.xcore.ibias__t160                   1.12786
xz.xcore.vss__t183                 2.39868e-05
xz.xcore.vss__t453                 5.39928e-13
xz.xcore.vss__t82                   2.3787e-05
xz.xcore.ibias__t159                   1.12786
xz.xcore.ibias__t217                   1.12534
xz.xcore.vss__t454                 5.35443e-13
xz.xcore.ibias__t214                   1.12537
xz.xcore.ibias__t174                   1.12786
xz.xcore.vss__t192                 2.35872e-05
xz.xcore.vss__t455                 5.30958e-13
xz.xcore.vss__t3                   2.33874e-05
xz.xcore.ibias__t4                     1.12786
xz.xcore.ibias__t210                    1.1254
xz.xcore.vss__t457                 5.26473e-13
xz.xcore.outn__t52                         3.3
xz.xcore.inn__t1                        1.9965
xz.xcore.tail__t3                      1.56856
xz.xcore.vss__t461                 1.55989e-12
xz.xcore.tail__t62                     1.56856
xz.xcore.inn__t58                       1.9965
xz.xcore.outn__t81                         3.3
xz.xcore.vss__t524                 1.57469e-12
xz.xcore.outn__t49                         3.3
xz.xcore.inn__t59                       1.9965
xz.xcore.tail__t124                    1.56856
xz.xcore.vss__t525                  1.5895e-12
xz.xcore.tail__t63                     1.56856
xz.xcore.inn__t60                       1.9965
xz.xcore.outn__t82                         3.3
xz.xcore.vss__t526                  1.6043e-12
xz.xcore.outn__t50                         3.3
xz.xcore.inn__t61                       1.9965
xz.xcore.tail__t125                    1.56856
xz.xcore.vss__t527                 1.61911e-12
xz.xcore.tail__t64                     1.56856
xz.xcore.inn__t62                       1.9965
xz.xcore.outn__t83                         3.3
xz.xcore.vss__t528                 1.63391e-12
xz.xcore.outn__t46                         3.3
xz.xcore.inn__t52                       1.9965
xz.xcore.tail__t105                    1.56856
xz.xcore.vss__t529                 1.64871e-12
xz.xcore.tail__t15                     1.56856
xz.xcore.inn__t21                       1.9965
xz.xcore.outn__t63                         3.3
xz.xcore.vss__t530                 1.66352e-12
xz.xcore.outn__t45                         3.3
xz.xcore.inn__t51                       1.9965
xz.xcore.tail__t100                    1.56856
xz.xcore.vss__t531                 1.67833e-12
xz.xcore.tail__t34                     1.56856
xz.xcore.inn__t48                       1.9965
xz.xcore.outn__t76                         3.3
xz.xcore.vss__t532                 1.69313e-12
xz.xcore.outn__t44                         3.3
xz.xcore.inn__t50                       1.9965
xz.xcore.tail__t99                     1.56856
xz.xcore.vss__t533                 1.70794e-12
xz.xcore.tail__t61                     1.56856
xz.xcore.inn__t57                       1.9965
xz.xcore.outn__t80                         3.3
xz.xcore.vss__t534                 1.72274e-12
xz.xcore.outn__t40                         3.3
xz.xcore.inn__t42                       1.9965
xz.xcore.tail__t87                     1.56856
xz.xcore.vss__t535                 1.73755e-12
xz.xcore.tail__t27                     1.56856
xz.xcore.inn__t41                       1.9965
xz.xcore.outn__t73                         3.3
xz.xcore.vss__t536                 1.75236e-12
xz.xcore.outn__t39                         3.3
xz.xcore.inn__t40                       1.9965
xz.xcore.tail__t86                     1.56856
xz.xcore.vss__t537                 1.76717e-12
xz.xcore.tail__t26                     1.56856
xz.xcore.inn__t39                       1.9965
xz.xcore.outn__t72                         3.3
xz.xcore.vss__t538                 1.78197e-12
xz.xcore.outn__t38                         3.3
xz.xcore.inn__t38                       1.9965
xz.xcore.tail__t85                     1.56856
xz.xcore.vss__t539                 1.79678e-12
xz.xcore.tail__t25                     1.56856
xz.xcore.inn__t37                       1.9965
xz.xcore.outn__t71                         3.3
xz.xcore.vss__t540                 1.81159e-12
xz.xcore.outn__t47                         3.3
xz.xcore.inn__t53                       1.9965
xz.xcore.tail__t109                    1.56856
xz.xcore.vss__t541                  1.8264e-12
xz.xcore.tail__t52                     1.56856
xz.xcore.inn__t55                       1.9965
xz.xcore.outn__t78                         3.3
xz.xcore.vss__t542                 1.84121e-12
xz.xcore.outn__t48                         3.3
xz.xcore.inn__t54                       1.9965
xz.xcore.tail__t117                    1.56856
xz.xcore.vss__t543                 1.85602e-12
xz.xcore.tail__t39                     1.56856
xz.xcore.inn__t49                       1.9965
xz.xcore.outn__t77                         3.3
xz.xcore.vss__t544                 1.87083e-12
xz.xcore.outn__t41                         3.3
xz.xcore.inn__t43                       1.9965
xz.xcore.tail__t89                     1.56856
xz.xcore.vss__t545                 1.88564e-12
xz.xcore.tail__t29                     1.56856
xz.xcore.inn__t47                       1.9965
xz.xcore.outn__t75                         3.3
xz.xcore.vss__t546                 1.90045e-12
xz.xcore.outn__t43                         3.3
xz.xcore.inn__t46                       1.9965
xz.xcore.tail__t91                     1.56856
xz.xcore.vss__t547                 1.91526e-12
xz.xcore.tail__t28                     1.56856
xz.xcore.inn__t45                       1.9965
xz.xcore.outn__t74                         3.3
xz.xcore.vss__t548                 1.93007e-12
xz.xcore.outn__t42                         3.3
xz.xcore.inn__t44                       1.9965
xz.xcore.tail__t90                     1.56856
xz.xcore.vss__t549                 1.94488e-12
xz.xcore.tail__t59                     1.56856
xz.xcore.inn__t56                       1.9965
xz.xcore.outn__t79                         3.3
xz.xcore.vss__t550                 1.95969e-12
xz.xcore.outn__t51                         3.3
xz.xcore.inn__t63                       1.9965
xz.xcore.tail__t127                    1.56856
xz.xcore.vss__t551                  1.9745e-12
xz.xcore.tail__t13                     1.56856
xz.xcore.inn__t19                       1.9965
xz.xcore.outn__t62                         3.3
xz.xcore.vss__t552                 1.98931e-12
xz.xcore.outn__t28                         3.3
xz.xcore.inn__t18                       1.9965
xz.xcore.tail__t72                     1.56856
xz.xcore.vss__t553                 2.00413e-12
xz.xcore.tail__t12                     1.56856
xz.xcore.inn__t17                       1.9965
xz.xcore.outn__t61                         3.3
xz.xcore.vss__t554                 2.01894e-12
xz.xcore.outn__t27                         3.3
xz.xcore.inn__t16                       1.9965
xz.xcore.tail__t71                     1.56856
xz.xcore.vss__t555                 2.03375e-12
xz.xcore.tail__t11                     1.56856
xz.xcore.inn__t15                       1.9965
xz.xcore.outn__t60                         3.3
xz.xcore.vss__t556                 2.04856e-12
xz.xcore.outn__t26                         3.3
xz.xcore.inn__t14                       1.9965
xz.xcore.tail__t70                     1.56856
xz.xcore.vss__t557                 2.06338e-12
xz.xcore.tail__t10                     1.56856
xz.xcore.inn__t13                       1.9965
xz.xcore.outn__t59                         3.3
xz.xcore.vss__t558                 2.07819e-12
xz.xcore.outn__t25                         3.3
xz.xcore.inn__t12                       1.9965
xz.xcore.tail__t69                     1.56856
xz.xcore.vss__t559                   2.093e-12
xz.xcore.tail__t6                      1.56856
xz.xcore.inn__t5                        1.9965
xz.xcore.outn__t55                         3.3
xz.xcore.vss__t560                 2.10781e-12
xz.xcore.outn__t24                         3.3
xz.xcore.inn__t11                       1.9965
xz.xcore.tail__t68                     1.56856
xz.xcore.vss__t561                 2.12263e-12
xz.xcore.tail__t4                      1.56856
xz.xcore.inn__t2                        1.9965
xz.xcore.outn__t53                         3.3
xz.xcore.vss__t562                 2.13744e-12
xz.xcore.outn__t21                         3.3
xz.xcore.inn__t3                        1.9965
xz.xcore.tail__t65                     1.56856
xz.xcore.vss__t563                 2.15225e-12
xz.xcore.tail__t5                      1.56856
xz.xcore.inn__t4                        1.9965
xz.xcore.outn__t54                         3.3
xz.xcore.vss__t564                 2.16707e-12
xz.xcore.outn__t22                         3.3
xz.xcore.inn__t6                        1.9965
xz.xcore.tail__t66                     1.56856
xz.xcore.vss__t565                 2.18188e-12
xz.xcore.tail__t7                      1.56856
xz.xcore.inn__t7                        1.9965
xz.xcore.outn__t56                         3.3
xz.xcore.vss__t566                  2.1967e-12
xz.xcore.outn__t23                         3.3
xz.xcore.inn__t8                        1.9965
xz.xcore.tail__t67                     1.56856
xz.xcore.vss__t567                 2.21151e-12
xz.xcore.tail__t8                      1.56856
xz.xcore.inn__t9                        1.9965
xz.xcore.outn__t57                         3.3
xz.xcore.vss__t568                 2.22632e-12
xz.xcore.outn__t29                         3.3
xz.xcore.inn__t20                       1.9965
xz.xcore.tail__t73                     1.56856
xz.xcore.vss__t569                 2.24114e-12
xz.xcore.tail__t9                      1.56856
xz.xcore.inn__t10                       1.9965
xz.xcore.outn__t58                         3.3
xz.xcore.vss__t570                 2.25595e-12
xz.xcore.outn__t36                         3.3
xz.xcore.inn__t35                       1.9965
xz.xcore.tail__t83                     1.56856
xz.xcore.vss__t571                 2.27077e-12
xz.xcore.tail__t24                     1.56856
xz.xcore.inn__t34                       1.9965
xz.xcore.outn__t70                         3.3
xz.xcore.vss__t572                 2.28558e-12
xz.xcore.outn__t35                         3.3
xz.xcore.inn__t33                       1.9965
xz.xcore.tail__t82                     1.56856
xz.xcore.vss__t573                  2.3004e-12
xz.xcore.tail__t23                     1.56856
xz.xcore.inn__t32                       1.9965
xz.xcore.outn__t69                         3.3
xz.xcore.vss__t574                 2.31521e-12
xz.xcore.outn__t34                         3.3
xz.xcore.inn__t31                       1.9965
xz.xcore.tail__t81                     1.56856
xz.xcore.vss__t575                 2.33003e-12
xz.xcore.tail__t22                     1.56856
xz.xcore.inn__t30                       1.9965
xz.xcore.outn__t68                         3.3
xz.xcore.vss__t576                 2.34485e-12
xz.xcore.outn__t33                         3.3
xz.xcore.inn__t29                       1.9965
xz.xcore.tail__t80                     1.56856
xz.xcore.vss__t577                 2.35966e-12
xz.xcore.tail__t21                     1.56856
xz.xcore.inn__t28                       1.9965
xz.xcore.outn__t67                         3.3
xz.xcore.vss__t578                 2.37448e-12
xz.xcore.outn__t32                         3.3
xz.xcore.inn__t27                       1.9965
xz.xcore.tail__t79                     1.56856
xz.xcore.vss__t579                 2.38929e-12
xz.xcore.tail__t20                     1.56856
xz.xcore.inn__t26                       1.9965
xz.xcore.outn__t66                         3.3
xz.xcore.vss__t580                 2.40411e-12
xz.xcore.outn__t37                         3.3
xz.xcore.inn__t36                       1.9965
xz.xcore.tail__t84                     1.56856
xz.xcore.vss__t581                 2.41893e-12
xz.xcore.tail__t18                     1.56856
xz.xcore.inn__t25                       1.9965
xz.xcore.outn__t65                         3.3
xz.xcore.vss__t582                 2.43374e-12
xz.xcore.outn__t31                         3.3
xz.xcore.inn__t24                       1.9965
xz.xcore.tail__t78                     1.56856
xz.xcore.vss__t583                 2.44856e-12
xz.xcore.tail__t17                     1.56856
xz.xcore.inn__t23                       1.9965
xz.xcore.outn__t64                         3.3
xz.xcore.vss__t584                 2.46337e-12
xz.xcore.outn__t30                         3.3
xz.xcore.inn__t22                       1.9965
xz.xcore.tail__t77                     1.56856
xz.xcore.vss__t585                 2.47819e-12
xz.xcore.tail__t2                      1.56856
xz.xcore.inn__t0                        1.9965
xz.xcore.outn__t20                         3.3
xz.xcore.vss__t587                 2.49301e-12
xz.xcore.vss__t210                 2.59873e-12
xz.xcore.outp__t16                      2.7909
xz.xcore.vss__t211                 2.56818e-12
xz.xcore.outp__t17                      2.7909
xz.xcore.vss__t212                 2.53766e-12
xz.xcore.outp__t18                      2.7909
xz.xcore.vss__t213                 2.50716e-12
xz.xcore.outp__t19                      2.7909
xz.xcore.vss__t214                  2.4767e-12
xz.xcore.outp__t0                       2.7909
xz.xcore.vss__t215                 2.44626e-12
xz.xcore.outp__t1                       2.7909
xz.xcore.vss__t216                 2.41584e-12
xz.xcore.outp__t2                       2.7909
xz.xcore.vss__t217                 2.38546e-12
xz.xcore.outp__t3                       2.7909
xz.xcore.vss__t218                 2.35511e-12
xz.xcore.outp__t4                       2.7909
xz.xcore.vss__t219                 2.32479e-12
xz.xcore.outp__t15                      2.7909
xz.xcore.vss__t220                  2.2945e-12
xz.xcore.outp__t6                       2.7909
xz.xcore.vss__t221                 2.26425e-12
xz.xcore.outp__t7                       2.7909
xz.xcore.vss__t222                 2.23403e-12
xz.xcore.outp__t8                       2.7909
xz.xcore.vss__t223                 2.20385e-12
xz.xcore.outp__t9                       2.7909
xz.xcore.vss__t224                 2.17371e-12
xz.xcore.outp__t10                      2.7909
xz.xcore.vss__t225                 2.14361e-12
xz.xcore.outp__t11                      2.7909
xz.xcore.vss__t226                 2.11356e-12
xz.xcore.outp__t12                      2.7909
xz.xcore.vss__t227                 2.08354e-12
xz.xcore.outp__t13                      2.7909
xz.xcore.vss__t228                 2.05357e-12
xz.xcore.outp__t14                      2.7909
xz.xcore.vss__t229                 2.02366e-12
xz.xcore.outp__t5                       2.7909
xz.xcore.vss__t230                 2.18457e-12
xz.xcore.outn__t0                          3.3
xz.xcore.vss__t231                 2.21955e-12
xz.xcore.outn__t5                          3.3
xz.xcore.vss__t232                 2.25461e-12
xz.xcore.outn__t6                          3.3
xz.xcore.vss__t233                 2.28973e-12
xz.xcore.outn__t7                          3.3
xz.xcore.vss__t234                 2.32493e-12
xz.xcore.outn__t8                          3.3
xz.xcore.vss__t235                 2.36019e-12
xz.xcore.outn__t9                          3.3
xz.xcore.vss__t236                 2.39551e-12
xz.xcore.outn__t10                         3.3
xz.xcore.vss__t237                 2.43089e-12
xz.xcore.outn__t11                         3.3
xz.xcore.vss__t238                 2.46633e-12
xz.xcore.outn__t12                         3.3
xz.xcore.vss__t239                 2.50182e-12
xz.xcore.outn__t13                         3.3
xz.xcore.vss__t240                 2.53736e-12
xz.xcore.outn__t14                         3.3
xz.xcore.vss__t241                 2.57296e-12
xz.xcore.outn__t15                         3.3
xz.xcore.vss__t242                  2.6086e-12
xz.xcore.outn__t16                         3.3
xz.xcore.vss__t243                 2.64429e-12
xz.xcore.outn__t17                         3.3
xz.xcore.vss__t244                 2.68002e-12
xz.xcore.outn__t19                         3.3
xz.xcore.vss__t245                 2.71579e-12
xz.xcore.outn__t18                         3.3
xz.xcore.vss__t246                 2.75161e-12
xz.xcore.outn__t1                          3.3
xz.xcore.vss__t247                 2.78746e-12
xz.xcore.outn__t2                          3.3
xz.xcore.vss__t248                 2.82335e-12
xz.xcore.outn__t3                          3.3
xz.xcore.vss__t249                 2.85928e-12
xz.xcore.outn__t4                          3.3
ib_z                                   1.12786
xz.xcore.vsubs                               0
outn_z                                     3.3
outp_z                                  2.7909
xz.tail                                1.56856
vss_z                                        0
xza.xcore.tail__t186                   1.55761
xza.xcore.ibias__t118                  1.12786
xza.xcore.vss__t163                5.39225e-06
xza.xcore.vss__t349                7.38076e-13
xza.xcore.vss__t60                 5.19382e-06
xza.xcore.ibias__t117                  1.12786
xza.xcore.tail__t286                   1.55761
xza.xcore.vss__t350                7.10919e-13
xza.xcore.tail__t197                   1.55761
xza.xcore.ibias__t140                  1.12786
xza.xcore.vss__t174                4.99581e-06
xza.xcore.vss__t351                6.83818e-13
xza.xcore.vss__t68                 4.79826e-06
xza.xcore.ibias__t133                  1.12786
xza.xcore.tail__t294                   1.55761
xza.xcore.vss__t352                6.56781e-13
xza.xcore.tail__t193                   1.55761
xza.xcore.ibias__t132                  1.12786
xza.xcore.vss__t170                4.60124e-06
xza.xcore.vss__t353                6.29815e-13
xza.xcore.vss__t67                 4.40481e-06
xza.xcore.ibias__t131                  1.12786
xza.xcore.tail__t293                   1.55761
xza.xcore.vss__t354                 6.0293e-13
xza.xcore.tail__t192                   1.55761
xza.xcore.ibias__t130                  1.12786
xza.xcore.vss__t169                4.20906e-06
xza.xcore.vss__t355                5.76139e-13
xza.xcore.vss__t74                 4.01409e-06
xza.xcore.ibias__t145                  1.12786
xza.xcore.tail__t300                   1.55761
xza.xcore.vss__t356                5.49453e-13
xza.xcore.tail__t191                   1.55761
xza.xcore.ibias__t128                  1.12786
xza.xcore.vss__t168                3.82002e-06
xza.xcore.vss__t357                 5.2289e-13
xza.xcore.vss__t65                 3.62699e-06
xza.xcore.ibias__t127                  1.12786
xza.xcore.tail__t291                   1.55761
xza.xcore.vss__t358                 4.9647e-13
xza.xcore.tail__t190                   1.55761
xza.xcore.ibias__t126                  1.12786
xza.xcore.vss__t167                3.43517e-06
xza.xcore.vss__t359                4.70216e-13
xza.xcore.vss__t64                 3.24479e-06
xza.xcore.ibias__t125                  1.12786
xza.xcore.tail__t290                   1.55761
xza.xcore.vss__t360                4.44158e-13
xza.xcore.tail__t189                   1.55761
xza.xcore.ibias__t124                  1.12786
xza.xcore.vss__t166                3.05611e-06
xza.xcore.vss__t361                4.18332e-13
xza.xcore.vss__t63                 2.86947e-06
xza.xcore.ibias__t123                  1.12786
xza.xcore.tail__t289                   1.55761
xza.xcore.vss__t362                3.92785e-13
xza.xcore.tail__t188                   1.55761
xza.xcore.ibias__t122                  1.12786
xza.xcore.vss__t165                2.68528e-06
xza.xcore.vss__t363                3.67575e-13
xza.xcore.vss__t62                 2.50411e-06
xza.xcore.ibias__t121                  1.12786
xza.xcore.tail__t288                   1.55761
xza.xcore.vss__t364                3.42776e-13
xza.xcore.tail__t187                   1.55761
xza.xcore.ibias__t120                  1.12786
xza.xcore.vss__t164                2.32664e-06
xza.xcore.vss__t365                3.18485e-13
xza.xcore.vss__t26                 2.15379e-06
xza.xcore.ibias__t0                    1.12786
xza.xcore.tail__t252                   1.55761
xza.xcore.vss__t366                2.94826e-13
xza.xcore.tail__t175                   1.55761
xza.xcore.ibias__t97                   1.12786
xza.xcore.vss__t152                1.98678e-06
xza.xcore.vss__t367                2.71965e-13
xza.xcore.vss__t42                  1.8272e-06
xza.xcore.ibias__t78                   1.12786
xza.xcore.tail__t268                   1.55761
xza.xcore.vss__t368                2.50121e-13
xza.xcore.tail__t164                   1.55761
xza.xcore.ibias__t77                   1.12786
xza.xcore.vss__t141                1.67717e-06
xza.xcore.vss__t369                2.29585e-13
xza.xcore.vss__t37                 1.53949e-06
xza.xcore.ibias__t70                   1.12786
xza.xcore.tail__t263                   1.55761
xza.xcore.vss__t370                2.10739e-13
xza.xcore.tail__t167                   1.55761
xza.xcore.ibias__t82                   1.12786
xza.xcore.vss__t144                1.41776e-06
xza.xcore.vss__t371                1.94077e-13
xza.xcore.vss__t39                 1.31642e-06
xza.xcore.ibias__t72                   1.12786
xza.xcore.tail__t265                   1.55761
xza.xcore.vss__t372                1.80205e-13
xza.xcore.tail__t162                   1.55762
xza.xcore.ibias__t73                   1.12786
xza.xcore.vss__t139                1.24048e-06
xza.xcore.vss__t373                 1.6981e-13
xza.xcore.vss__t40                 1.19477e-06
xza.xcore.ibias__t74                   1.12786
xza.xcore.tail__t266                   1.55762
xza.xcore.vss__t374                1.63554e-13
xza.xcore.tail__t163                   1.55762
xza.xcore.ibias__t75                   1.12786
xza.xcore.vss__t140                1.18282e-06
xza.xcore.vss__t375                1.61919e-13
xza.xcore.vss__t41                 1.20563e-06
xza.xcore.ibias__t76                   1.12786
xza.xcore.tail__t267                   1.55762
xza.xcore.vss__t376                1.65042e-13
xza.xcore.tail__t129                   1.55762
xza.xcore.ibias__t9                    1.12786
xza.xcore.vss__t107                1.26132e-06
xza.xcore.vss__t377                1.72666e-13
xza.xcore.vss__t6                  1.34581e-06
xza.xcore.ibias__t8                    1.12786
xza.xcore.tail__t232                   1.55762
xza.xcore.vss__t378                1.84232e-13
xza.xcore.tail__t128                   1.55762
xza.xcore.ibias__t7                    1.12786
xza.xcore.vss__t106                1.45408e-06
xza.xcore.vss__t379                1.99055e-13
xza.xcore.vss__t5                  1.58126e-06
xza.xcore.ibias__t6                    1.12786
xza.xcore.tail__t231                   1.55762
xza.xcore.vss__t380                2.16467e-13
xza.xcore.tail__t141                   1.55762
xza.xcore.ibias__t31                   1.12786
xza.xcore.vss__t119                1.72318e-06
xza.xcore.vss__t381                2.35894e-13
xza.xcore.vss__t4                  1.87648e-06
xza.xcore.ibias__t5                    1.12786
xza.xcore.tail__t230                   1.55762
xza.xcore.vss__t382                2.56881e-13
xza.xcore.tail__t158                   1.55762
xza.xcore.ibias__t62                   1.12786
xza.xcore.vss__t135                 2.0386e-06
xza.xcore.vss__t383                2.79076e-13
xza.xcore.vss__t33                  2.2076e-06
xza.xcore.ibias__t63                   1.12786
xza.xcore.tail__t259                   1.55762
xza.xcore.vss__t384                3.02213e-13
xza.xcore.tail__t159                   1.55762
xza.xcore.ibias__t64                   1.12786
xza.xcore.vss__t136                2.38201e-06
xza.xcore.vss__t385                3.26091e-13
xza.xcore.vss__t34                 2.56073e-06
xza.xcore.ibias__t65                   1.12786
xza.xcore.tail__t260                   1.55762
xza.xcore.vss__t386                3.50559e-13
xza.xcore.tail__t160                   1.55762
xza.xcore.ibias__t66                   1.12786
xza.xcore.vss__t137                2.74292e-06
xza.xcore.vss__t387                3.75502e-13
xza.xcore.vss__t35                 2.92793e-06
xza.xcore.ibias__t67                   1.12786
xza.xcore.tail__t261                   1.55762
xza.xcore.vss__t388                4.00831e-13
xza.xcore.tail__t161                   1.55762
xza.xcore.ibias__t68                   1.12786
xza.xcore.vss__t138                3.11526e-06
xza.xcore.vss__t389                4.26477e-13
xza.xcore.vss__t36                 3.30451e-06
xza.xcore.ibias__t69                   1.12786
xza.xcore.tail__t262                   1.55762
xza.xcore.vss__t390                4.52387e-13
xza.xcore.tail__t130                   1.55762
xza.xcore.ibias__t10                   1.12786
xza.xcore.vss__t108                3.49536e-06
xza.xcore.vss__t391                4.78518e-13
xza.xcore.vss__t13                 3.68758e-06
xza.xcore.ibias__t23                   1.12786
xza.xcore.tail__t239                   1.55762
xza.xcore.vss__t392                5.04835e-13
xza.xcore.tail__t137                   1.55762
xza.xcore.ibias__t24                   1.12786
xza.xcore.vss__t115                3.88096e-06
xza.xcore.vss__t393                 5.3131e-13
xza.xcore.vss__t14                 4.07533e-06
xza.xcore.ibias__t25                   1.12786
xza.xcore.tail__t240                   1.55762
xza.xcore.vss__t394                5.57922e-13
xza.xcore.tail__t138                   1.55762
xza.xcore.ibias__t26                   1.12786
xza.xcore.vss__t116                4.27056e-06
xza.xcore.vss__t395                5.84651e-13
xza.xcore.vss__t15                 4.46653e-06
xza.xcore.ibias__t27                   1.12786
xza.xcore.tail__t241                   1.55762
xza.xcore.vss__t396                6.11483e-13
xza.xcore.tail__t139                   1.55762
xza.xcore.ibias__t28                   1.12786
xza.xcore.vss__t117                4.66315e-06
xza.xcore.vss__t397                6.38403e-13
xza.xcore.vss__t16                 4.86035e-06
xza.xcore.ibias__t29                   1.12786
xza.xcore.tail__t242                   1.55762
xza.xcore.vss__t398                6.65402e-13
xza.xcore.tail__t140                   1.55762
xza.xcore.ibias__t30                   1.12786
xza.xcore.vss__t118                5.05805e-06
xza.xcore.vss__t399                6.92469e-13
xza.xcore.vss__t21                  5.2562e-06
xza.xcore.ibias__t41                   1.12786
xza.xcore.tail__t247                   1.55762
xza.xcore.vss__t400                7.19596e-13
xza.xcore.tail__t142                   1.55762
xza.xcore.ibias__t32                   1.12786
xza.xcore.vss__t120                5.45475e-06
xza.xcore.vss__t401                7.46777e-13
xza.xcore.vss__t17                 5.65365e-06
xza.xcore.ibias__t33                   1.12786
xza.xcore.tail__t243                   1.55762
xza.xcore.vss__t402                7.74005e-13
xza.xcore.tail__t143                   1.55762
xza.xcore.ibias__t34                   1.12786
xza.xcore.vss__t121                5.85288e-06
xza.xcore.vss__t403                8.01277e-13
xza.xcore.vss__t18                 6.05239e-06
xza.xcore.ibias__t35                   1.12786
xza.xcore.tail__t244                   1.55762
xza.xcore.vss__t404                8.28588e-13
xza.xcore.tail__t144                   1.55762
xza.xcore.ibias__t36                   1.12786
xza.xcore.vss__t122                6.25217e-06
xza.xcore.vss__t405                8.55935e-13
xza.xcore.vss__t19                 6.45218e-06
xza.xcore.ibias__t37                   1.12786
xza.xcore.tail__t245                   1.55762
xza.xcore.vss__t406                8.83314e-13
xza.xcore.tail__t145                   1.55762
xza.xcore.ibias__t38                   1.12786
xza.xcore.vss__t123                6.65241e-06
xza.xcore.vss__t407                9.10721e-13
xza.xcore.vss__t20                 6.85283e-06
xza.xcore.ibias__t39                   1.12786
xza.xcore.tail__t246                   1.55762
xza.xcore.vss__t408                9.38156e-13
xza.xcore.tail__t146                   1.55762
xza.xcore.ibias__t40                   1.12786
xza.xcore.vss__t124                7.05344e-06
xza.xcore.vss__t409                9.65615e-13
xza.xcore.vss__t8                   7.2542e-06
xza.xcore.ibias__t12                   1.12786
xza.xcore.tail__t234                   1.55762
xza.xcore.vss__t410                9.93096e-13
xza.xcore.tail__t135                   1.55762
xza.xcore.ibias__t21                   1.12786
xza.xcore.vss__t113                7.45512e-06
xza.xcore.vss__t411                 1.0206e-12
xza.xcore.vss__t9                  7.65618e-06
xza.xcore.ibias__t13                   1.12786
xza.xcore.tail__t235                   1.55762
xza.xcore.vss__t412                1.04812e-12
xza.xcore.tail__t131                   1.55762
xza.xcore.ibias__t14                   1.12786
xza.xcore.vss__t109                7.85737e-06
xza.xcore.vss__t413                1.07566e-12
xza.xcore.vss__t10                 8.05868e-06
xza.xcore.ibias__t15                   1.12786
xza.xcore.tail__t236                   1.55762
xza.xcore.vss__t414                1.10321e-12
xza.xcore.tail__t134                   1.55762
xza.xcore.ibias__t20                   1.12786
xza.xcore.vss__t112                 8.2601e-06
xza.xcore.vss__t415                1.13078e-12
xza.xcore.vss__t12                 8.46162e-06
xza.xcore.ibias__t19                   1.12786
xza.xcore.tail__t238                   1.55762
xza.xcore.vss__t416                1.15836e-12
xza.xcore.tail__t133                   1.55762
xza.xcore.ibias__t18                   1.12786
xza.xcore.vss__t111                8.66323e-06
xza.xcore.vss__t417                1.18596e-12
xza.xcore.vss__t11                 8.86494e-06
xza.xcore.ibias__t17                   1.12786
xza.xcore.tail__t237                   1.55762
xza.xcore.vss__t418                1.21357e-12
xza.xcore.tail__t132                   1.55762
xza.xcore.ibias__t16                   1.12786
xza.xcore.vss__t110                9.06672e-06
xza.xcore.vss__t419                1.24118e-12
xza.xcore.vss__t7                  9.26859e-06
xza.xcore.ibias__t11                   1.12786
xza.xcore.tail__t233                   1.55762
xza.xcore.vss__t420                1.26881e-12
xza.xcore.tail__t136                   1.55762
xza.xcore.ibias__t22                   1.12786
xza.xcore.vss__t114                9.47053e-06
xza.xcore.vss__t421                1.29645e-12
xza.xcore.vss__t23                 9.67253e-06
xza.xcore.ibias__t45                   1.12786
xza.xcore.tail__t249                   1.55762
xza.xcore.vss__t422                 1.3241e-12
xza.xcore.tail__t150                   1.55762
xza.xcore.ibias__t46                   1.12786
xza.xcore.vss__t127                 9.8746e-06
xza.xcore.vss__t423                1.35176e-12
xza.xcore.vss__t24                 1.00767e-05
xza.xcore.ibias__t47                   1.12786
xza.xcore.tail__t250                   1.55762
xza.xcore.vss__t424                1.37942e-12
xza.xcore.tail__t151                   1.55762
xza.xcore.ibias__t48                   1.12786
xza.xcore.vss__t128                1.02789e-05
xza.xcore.vss__t425                1.40709e-12
xza.xcore.vss__t25                 1.04811e-05
xza.xcore.ibias__t49                   1.12786
xza.xcore.tail__t251                   1.55762
xza.xcore.vss__t426                1.43477e-12
xza.xcore.tail__t152                   1.55761
xza.xcore.ibias__t50                   1.12786
xza.xcore.vss__t129                1.06834e-05
xza.xcore.vss__t427                1.46245e-12
xza.xcore.vss__t32                 1.08858e-05
xza.xcore.ibias__t61                   1.12786
xza.xcore.tail__t258                   1.55761
xza.xcore.vss__t428                1.49015e-12
xza.xcore.tail__t153                   1.55761
xza.xcore.ibias__t51                   1.12786
xza.xcore.vss__t130                1.10881e-05
xza.xcore.vss__t429                1.51784e-12
xza.xcore.vss__t27                 1.12906e-05
xza.xcore.ibias__t52                   1.12786
xza.xcore.tail__t253                   1.55761
xza.xcore.vss__t430                1.54555e-12
xza.xcore.tail__t154                   1.55761
xza.xcore.ibias__t53                   1.12786
xza.xcore.vss__t131                 1.1493e-05
xza.xcore.vss__t431                1.57325e-12
xza.xcore.vss__t28                 1.16955e-05
xza.xcore.ibias__t54                   1.12786
xza.xcore.tail__t254                   1.55761
xza.xcore.vss__t432                1.60097e-12
xza.xcore.tail__t155                   1.55761
xza.xcore.ibias__t55                   1.12786
xza.xcore.vss__t132                1.18981e-05
xza.xcore.vss__t433                1.62868e-12
xza.xcore.vss__t29                 1.21006e-05
xza.xcore.ibias__t56                   1.12786
xza.xcore.tail__t255                   1.55761
xza.xcore.vss__t434                1.65641e-12
xza.xcore.tail__t156                   1.55761
xza.xcore.ibias__t57                   1.12786
xza.xcore.vss__t133                1.23032e-05
xza.xcore.vss__t435                1.68413e-12
xza.xcore.vss__t30                 1.25059e-05
xza.xcore.ibias__t58                   1.12786
xza.xcore.tail__t256                   1.55761
xza.xcore.vss__t436                1.71186e-12
xza.xcore.tail__t157                   1.55761
xza.xcore.ibias__t59                   1.12786
xza.xcore.vss__t134                1.27085e-05
xza.xcore.vss__t437                 1.7396e-12
xza.xcore.vss__t31                 1.29112e-05
xza.xcore.ibias__t60                   1.12786
xza.xcore.tail__t257                   1.55761
xza.xcore.vss__t438                1.76733e-12
xza.xcore.tail__t211                   1.55761
xza.xcore.ibias__t176                  1.12786
xza.xcore.vss__t193                1.31139e-05
xza.xcore.vss__t439                1.79508e-12
xza.xcore.vss__t88                 1.33167e-05
xza.xcore.ibias__t175                  1.12786
xza.xcore.tail__t311                   1.55761
xza.xcore.vss__t440                1.82282e-12
xza.xcore.tail__t165                   1.55761
xza.xcore.ibias__t79                   1.12786
xza.xcore.vss__t142                1.35194e-05
xza.xcore.vss__t441                1.85057e-12
xza.xcore.vss__t43                 1.37222e-05
xza.xcore.ibias__t80                   1.12786
xza.xcore.tail__t269                   1.55761
xza.xcore.vss__t442                1.87832e-12
xza.xcore.tail__t166                   1.55761
xza.xcore.ibias__t81                   1.12786
xza.xcore.vss__t143                 1.3925e-05
xza.xcore.vss__t443                1.90607e-12
xza.xcore.vss__t38                 1.41278e-05
xza.xcore.ibias__t71                   1.12786
xza.xcore.tail__t264                   1.55761
xza.xcore.vss__t444                1.93383e-12
xza.xcore.tail__t147                   1.55761
xza.xcore.ibias__t42                   1.12786
xza.xcore.vss__t125                1.43307e-05
xza.xcore.vss__t445                1.96158e-12
xza.xcore.vss__t22                 1.45336e-05
xza.xcore.ibias__t43                   1.12786
xza.xcore.tail__t248                   1.55761
xza.xcore.vss__t446                1.98934e-12
xza.xcore.tail__t148                   1.55761
xza.xcore.ibias__t44                   1.12786
xza.xcore.vss__t126                1.47365e-05
xza.xcore.vss__t447                2.01711e-12
xza.xcore.vss__t0                  1.49394e-05
xza.xcore.ibias__t1                    1.12786
xza.xcore.tail__t149                   1.55761
xza.xcore.vss__t456                2.04487e-12
xza.xcore.tail__t229                   1.55757
xza.xcore.ibias__t2                    1.12786
xza.xcore.vss__t1                  2.56434e-05
xza.xcore.vss__t458                3.50856e-12
xza.xcore.vss__t189                2.54401e-05
xza.xcore.ibias__t170                  1.12786
xza.xcore.tail__t228                   1.55757
xza.xcore.vss__t250                3.48075e-12
xza.xcore.tail__t209                   1.55757
xza.xcore.ibias__t169                  1.12786
xza.xcore.vss__t188                2.52367e-05
xza.xcore.vss__t251                3.45295e-12
xza.xcore.vss__t86                 2.50334e-05
xza.xcore.ibias__t168                  1.12786
xza.xcore.tail__t309                   1.55758
xza.xcore.vss__t252                3.42515e-12
xza.xcore.tail__t208                   1.55758
xza.xcore.ibias__t167                  1.12786
xza.xcore.vss__t187                2.48301e-05
xza.xcore.vss__t253                3.39734e-12
xza.xcore.vss__t85                 2.46268e-05
xza.xcore.ibias__t166                  1.12786
xza.xcore.tail__t308                   1.55758
xza.xcore.vss__t254                3.36954e-12
xza.xcore.tail__t207                   1.55758
xza.xcore.ibias__t165                  1.12786
xza.xcore.vss__t186                2.44236e-05
xza.xcore.vss__t255                3.34174e-12
xza.xcore.vss__t84                 2.42203e-05
xza.xcore.ibias__t164                  1.12786
xza.xcore.tail__t307                   1.55758
xza.xcore.vss__t256                3.31394e-12
xza.xcore.tail__t210                   1.55758
xza.xcore.ibias__t173                  1.12786
xza.xcore.vss__t191                 2.4017e-05
xza.xcore.vss__t257                3.28614e-12
xza.xcore.vss__t87                 2.38137e-05
xza.xcore.ibias__t172                  1.12786
xza.xcore.tail__t310                   1.55758
xza.xcore.vss__t258                3.25834e-12
xza.xcore.tail__t219                   1.55758
xza.xcore.ibias__t195                  1.12786
xza.xcore.vss__t201                2.36104e-05
xza.xcore.vss__t259                3.23054e-12
xza.xcore.vss__t99                 2.34071e-05
xza.xcore.ibias__t194                  1.12786
xza.xcore.tail__t321                   1.55758
xza.xcore.vss__t260                3.20274e-12
xza.xcore.tail__t227                   1.55758
xza.xcore.ibias__t209                  1.12786
xza.xcore.vss__t209                2.32039e-05
xza.xcore.vss__t261                3.17494e-12
xza.xcore.vss__t97                 2.30006e-05
xza.xcore.ibias__t192                  1.12786
xza.xcore.tail__t319                   1.55758
xza.xcore.vss__t262                3.14714e-12
xza.xcore.tail__t218                   1.55758
xza.xcore.ibias__t191                  1.12786
xza.xcore.vss__t200                2.27973e-05
xza.xcore.vss__t263                3.11934e-12
xza.xcore.vss__t96                 2.25941e-05
xza.xcore.ibias__t190                  1.12786
xza.xcore.tail__t318                   1.55758
xza.xcore.vss__t264                3.09154e-12
xza.xcore.tail__t217                   1.55758
xza.xcore.ibias__t189                  1.12786
xza.xcore.vss__t199                2.23908e-05
xza.xcore.vss__t265                3.06374e-12
xza.xcore.vss__t95                 2.21876e-05
xza.xcore.ibias__t188                  1.12786
xza.xcore.tail__t317                   1.55758
xza.xcore.vss__t266                3.03594e-12
xza.xcore.tail__t216                   1.55758
xza.xcore.ibias__t187                  1.12786
xza.xcore.vss__t198                2.19843e-05
xza.xcore.vss__t267                3.00814e-12
xza.xcore.vss__t94                 2.17811e-05
xza.xcore.ibias__t186                  1.12786
xza.xcore.tail__t316                   1.55758
xza.xcore.vss__t268                2.98035e-12
xza.xcore.tail__t215                   1.55758
xza.xcore.ibias__t185                  1.12786
xza.xcore.vss__t197                2.15779e-05
xza.xcore.vss__t269                2.95255e-12
xza.xcore.vss__t93                 2.13746e-05
xza.xcore.ibias__t184                  1.12786
xza.xcore.tail__t315                   1.55758
xza.xcore.vss__t270                2.92475e-12
xza.xcore.tail__t214                   1.55758
xza.xcore.ibias__t183                  1.12786
xza.xcore.vss__t196                2.11714e-05
xza.xcore.vss__t271                2.89696e-12
xza.xcore.vss__t92                 2.09682e-05
xza.xcore.ibias__t182                  1.12786
xza.xcore.tail__t314                   1.55758
xza.xcore.vss__t272                2.86916e-12
xza.xcore.tail__t213                   1.55758
xza.xcore.ibias__t181                  1.12786
xza.xcore.vss__t195                 2.0765e-05
xza.xcore.vss__t273                2.84137e-12
xza.xcore.vss__t91                 2.05618e-05
xza.xcore.ibias__t180                  1.12786
xza.xcore.tail__t313                   1.55758
xza.xcore.vss__t274                2.81357e-12
xza.xcore.tail__t212                   1.55758
xza.xcore.ibias__t179                  1.12786
xza.xcore.vss__t194                2.03586e-05
xza.xcore.vss__t275                2.78578e-12
xza.xcore.vss__t90                 2.01554e-05
xza.xcore.ibias__t178                  1.12786
xza.xcore.tail__t312                   1.55758
xza.xcore.vss__t276                2.75799e-12
xza.xcore.tail__t206                   1.55758
xza.xcore.ibias__t161                  1.12786
xza.xcore.vss__t184                1.99522e-05
xza.xcore.vss__t277                2.73019e-12
xza.xcore.vss__t57                  1.9749e-05
xza.xcore.ibias__t112                  1.12786
xza.xcore.tail__t283                   1.55758
xza.xcore.vss__t278                 2.7024e-12
xza.xcore.tail__t183                   1.55758
xza.xcore.ibias__t111                  1.12786
xza.xcore.vss__t160                1.95458e-05
xza.xcore.vss__t279                2.67461e-12
xza.xcore.vss__t56                 1.93427e-05
xza.xcore.ibias__t110                  1.12786
xza.xcore.tail__t282                   1.55758
xza.xcore.vss__t280                2.64682e-12
xza.xcore.tail__t182                   1.55758
xza.xcore.ibias__t109                  1.12786
xza.xcore.vss__t159                1.91395e-05
xza.xcore.vss__t281                2.61903e-12
xza.xcore.vss__t55                 1.89364e-05
xza.xcore.ibias__t108                  1.12786
xza.xcore.tail__t281                   1.55759
xza.xcore.vss__t282                2.59124e-12
xza.xcore.tail__t181                   1.55759
xza.xcore.ibias__t107                  1.12786
xza.xcore.vss__t158                1.87332e-05
xza.xcore.vss__t283                2.56346e-12
xza.xcore.vss__t54                 1.85301e-05
xza.xcore.ibias__t106                  1.12786
xza.xcore.tail__t280                   1.55759
xza.xcore.vss__t284                2.53567e-12
xza.xcore.tail__t180                   1.55759
xza.xcore.ibias__t105                  1.12786
xza.xcore.vss__t157                 1.8327e-05
xza.xcore.vss__t285                2.50789e-12
xza.xcore.vss__t53                 1.81238e-05
xza.xcore.ibias__t104                  1.12786
xza.xcore.tail__t279                   1.55759
xza.xcore.vss__t286                 2.4801e-12
xza.xcore.tail__t205                   1.55759
xza.xcore.ibias__t156                  1.12786
xza.xcore.vss__t182                1.79207e-05
xza.xcore.vss__t287                2.45232e-12
xza.xcore.vss__t79                 1.77176e-05
xza.xcore.ibias__t155                  1.12786
xza.xcore.tail__t305                   1.55759
xza.xcore.vss__t288                2.42453e-12
xza.xcore.tail__t204                   1.55759
xza.xcore.ibias__t154                  1.12786
xza.xcore.vss__t181                1.75146e-05
xza.xcore.vss__t289                2.39675e-12
xza.xcore.vss__t78                 1.73115e-05
xza.xcore.ibias__t153                  1.12786
xza.xcore.tail__t304                   1.55759
xza.xcore.vss__t290                2.36897e-12
xza.xcore.tail__t203                   1.55759
xza.xcore.ibias__t152                  1.12786
xza.xcore.vss__t180                1.71084e-05
xza.xcore.vss__t291                2.34119e-12
xza.xcore.vss__t77                 1.69054e-05
xza.xcore.ibias__t151                  1.12786
xza.xcore.tail__t303                   1.55759
xza.xcore.vss__t292                2.31342e-12
xza.xcore.tail__t202                   1.55759
xza.xcore.ibias__t150                  1.12786
xza.xcore.vss__t179                1.67023e-05
xza.xcore.vss__t293                2.28564e-12
xza.xcore.vss__t76                 1.64993e-05
xza.xcore.ibias__t149                  1.12786
xza.xcore.tail__t302                   1.55759
xza.xcore.vss__t294                2.25787e-12
xza.xcore.tail__t201                   1.55759
xza.xcore.ibias__t148                  1.12786
xza.xcore.vss__t178                1.62963e-05
xza.xcore.vss__t295                2.23009e-12
xza.xcore.vss__t75                 1.60933e-05
xza.xcore.ibias__t147                  1.12786
xza.xcore.tail__t301                   1.55759
xza.xcore.vss__t296                2.20232e-12
xza.xcore.tail__t200                   1.55759
xza.xcore.ibias__t146                  1.12786
xza.xcore.vss__t177                1.58903e-05
xza.xcore.vss__t297                2.17455e-12
xza.xcore.vss__t98                 1.56873e-05
xza.xcore.ibias__t193                  1.12786
xza.xcore.tail__t320                   1.55759
xza.xcore.vss__t298                2.14678e-12
xza.xcore.tail__t226                   1.55759
xza.xcore.ibias__t208                  1.12786
xza.xcore.vss__t208                1.54843e-05
xza.xcore.vss__t299                2.11902e-12
xza.xcore.vss__t105                1.52814e-05
xza.xcore.ibias__t207                  1.12786
xza.xcore.tail__t327                   1.55759
xza.xcore.vss__t300                2.09125e-12
xza.xcore.tail__t225                   1.55759
xza.xcore.ibias__t206                  1.12786
xza.xcore.vss__t207                1.50784e-05
xza.xcore.vss__t301                2.06349e-12
xza.xcore.vss__t104                1.48755e-05
xza.xcore.ibias__t205                  1.12786
xza.xcore.tail__t326                   1.55759
xza.xcore.vss__t302                2.03573e-12
xza.xcore.tail__t224                   1.55759
xza.xcore.ibias__t204                  1.12786
xza.xcore.vss__t206                1.46726e-05
xza.xcore.vss__t303                2.00797e-12
xza.xcore.vss__t103                1.44697e-05
xza.xcore.ibias__t203                  1.12786
xza.xcore.tail__t325                   1.55759
xza.xcore.vss__t304                1.98021e-12
xza.xcore.tail__t223                   1.55759
xza.xcore.ibias__t202                  1.12786
xza.xcore.vss__t205                1.42669e-05
xza.xcore.vss__t305                1.95246e-12
xza.xcore.vss__t102                 1.4064e-05
xza.xcore.ibias__t201                  1.12786
xza.xcore.tail__t324                   1.55759
xza.xcore.vss__t306                1.92471e-12
xza.xcore.tail__t222                   1.55759
xza.xcore.ibias__t200                  1.12786
xza.xcore.vss__t204                1.38612e-05
xza.xcore.vss__t307                1.89696e-12
xza.xcore.vss__t101                1.36584e-05
xza.xcore.ibias__t199                  1.12786
xza.xcore.tail__t323                   1.55759
xza.xcore.vss__t308                1.86921e-12
xza.xcore.tail__t221                   1.55759
xza.xcore.ibias__t198                  1.12786
xza.xcore.vss__t203                1.34556e-05
xza.xcore.vss__t309                1.84147e-12
xza.xcore.vss__t100                1.32529e-05
xza.xcore.ibias__t197                  1.12786
xza.xcore.tail__t322                   1.55759
xza.xcore.vss__t310                1.81373e-12
xza.xcore.tail__t220                   1.55759
xza.xcore.ibias__t196                  1.12786
xza.xcore.vss__t202                1.30501e-05
xza.xcore.vss__t311                1.78599e-12
xza.xcore.vss__t80                 1.28474e-05
xza.xcore.ibias__t157                  1.12786
xza.xcore.tail__t306                    1.5576
xza.xcore.vss__t312                1.75825e-12
xza.xcore.tail__t185                    1.5576
xza.xcore.ibias__t116                  1.12786
xza.xcore.vss__t162                1.26448e-05
xza.xcore.vss__t313                1.73052e-12
xza.xcore.vss__t59                 1.24421e-05
xza.xcore.ibias__t115                  1.12786
xza.xcore.tail__t285                    1.5576
xza.xcore.vss__t314                 1.7028e-12
xza.xcore.tail__t184                    1.5576
xza.xcore.ibias__t114                  1.12786
xza.xcore.vss__t161                1.22395e-05
xza.xcore.vss__t315                1.67507e-12
xza.xcore.vss__t71                 1.20369e-05
xza.xcore.ibias__t139                  1.12786
xza.xcore.tail__t297                    1.5576
xza.xcore.vss__t316                1.64735e-12
xza.xcore.tail__t196                    1.5576
xza.xcore.ibias__t138                  1.12786
xza.xcore.vss__t173                1.18343e-05
xza.xcore.vss__t317                1.61964e-12
xza.xcore.vss__t70                 1.16318e-05
xza.xcore.ibias__t137                  1.12786
xza.xcore.tail__t296                    1.5576
xza.xcore.vss__t318                1.59193e-12
xza.xcore.tail__t195                    1.5576
xza.xcore.ibias__t136                  1.12786
xza.xcore.vss__t172                1.14293e-05
xza.xcore.vss__t319                1.56422e-12
xza.xcore.vss__t69                 1.12269e-05
xza.xcore.ibias__t135                  1.12786
xza.xcore.tail__t295                    1.5576
xza.xcore.vss__t320                1.53652e-12
xza.xcore.tail__t194                    1.5576
xza.xcore.ibias__t134                  1.12786
xza.xcore.vss__t171                1.10245e-05
xza.xcore.vss__t321                1.50883e-12
xza.xcore.vss__t61                 1.08221e-05
xza.xcore.ibias__t119                  1.12786
xza.xcore.tail__t287                    1.5576
xza.xcore.vss__t322                1.48114e-12
xza.xcore.tail__t179                    1.5576
xza.xcore.ibias__t103                  1.12786
xza.xcore.vss__t156                1.06198e-05
xza.xcore.vss__t323                1.45345e-12
xza.xcore.vss__t48                 1.04175e-05
xza.xcore.ibias__t92                   1.12786
xza.xcore.tail__t274                    1.5576
xza.xcore.vss__t324                1.42577e-12
xza.xcore.tail__t178                    1.5576
xza.xcore.ibias__t102                  1.12786
xza.xcore.vss__t155                1.02153e-05
xza.xcore.vss__t325                 1.3981e-12
xza.xcore.vss__t52                 1.00131e-05
xza.xcore.ibias__t101                  1.12786
xza.xcore.tail__t278                    1.5576
xza.xcore.vss__t326                1.37044e-12
xza.xcore.tail__t177                    1.5576
xza.xcore.ibias__t100                  1.12786
xza.xcore.vss__t154                9.81103e-06
xza.xcore.vss__t327                1.34278e-12
xza.xcore.vss__t51                 9.60898e-06
xza.xcore.ibias__t99                   1.12786
xza.xcore.tail__t277                    1.5576
xza.xcore.vss__t328                1.31514e-12
xza.xcore.tail__t176                    1.5576
xza.xcore.ibias__t98                   1.12786
xza.xcore.vss__t153                9.40699e-06
xza.xcore.vss__t329                 1.2875e-12
xza.xcore.vss__t58                 9.20508e-06
xza.xcore.ibias__t113                  1.12786
xza.xcore.tail__t284                    1.5576
xza.xcore.vss__t330                1.25987e-12
xza.xcore.tail__t174                    1.5576
xza.xcore.ibias__t96                   1.12786
xza.xcore.vss__t151                9.00324e-06
xza.xcore.vss__t331                1.23225e-12
xza.xcore.vss__t50                 8.80148e-06
xza.xcore.ibias__t95                   1.12786
xza.xcore.tail__t276                    1.5576
xza.xcore.vss__t332                1.20464e-12
xza.xcore.tail__t173                    1.5576
xza.xcore.ibias__t94                   1.12786
xza.xcore.vss__t150                 8.5998e-06
xza.xcore.vss__t333                1.17704e-12
xza.xcore.vss__t49                 8.39821e-06
xza.xcore.ibias__t93                   1.12786
xza.xcore.tail__t275                    1.5576
xza.xcore.vss__t334                1.14945e-12
xza.xcore.tail__t172                    1.5576
xza.xcore.ibias__t91                   1.12786
xza.xcore.vss__t149                8.19673e-06
xza.xcore.vss__t335                1.12188e-12
xza.xcore.vss__t47                 7.99534e-06
xza.xcore.ibias__t90                   1.12786
xza.xcore.tail__t273                    1.5576
xza.xcore.vss__t336                1.09432e-12
xza.xcore.tail__t171                    1.5576
xza.xcore.ibias__t89                   1.12786
xza.xcore.vss__t148                7.79407e-06
xza.xcore.vss__t337                1.06678e-12
xza.xcore.vss__t46                 7.59292e-06
xza.xcore.ibias__t88                   1.12786
xza.xcore.tail__t272                    1.5576
xza.xcore.vss__t338                1.03925e-12
xza.xcore.tail__t170                    1.5576
xza.xcore.ibias__t87                   1.12786
xza.xcore.vss__t147                 7.3919e-06
xza.xcore.vss__t339                1.01174e-12
xza.xcore.vss__t45                 7.19103e-06
xza.xcore.ibias__t86                   1.12786
xza.xcore.tail__t271                    1.5576
xza.xcore.vss__t340                9.84252e-13
xza.xcore.tail__t169                    1.5576
xza.xcore.ibias__t85                   1.12786
xza.xcore.vss__t146                6.99031e-06
xza.xcore.vss__t341                9.56783e-13
xza.xcore.vss__t44                 6.78976e-06
xza.xcore.ibias__t84                   1.12786
xza.xcore.tail__t270                   1.55761
xza.xcore.vss__t342                9.29337e-13
xza.xcore.tail__t168                   1.55761
xza.xcore.ibias__t83                   1.12786
xza.xcore.vss__t145                 6.5894e-06
xza.xcore.vss__t343                9.01916e-13
xza.xcore.vss__t66                 6.38924e-06
xza.xcore.ibias__t129                  1.12786
xza.xcore.tail__t292                   1.55761
xza.xcore.vss__t344                8.74523e-13
xza.xcore.tail__t199                   1.55761
xza.xcore.ibias__t144                  1.12786
xza.xcore.vss__t176                 6.1893e-06
xza.xcore.vss__t345                 8.4716e-13
xza.xcore.vss__t73                  5.9896e-06
xza.xcore.ibias__t143                  1.12786
xza.xcore.tail__t299                   1.55761
xza.xcore.vss__t346                 8.1983e-13
xza.xcore.tail__t198                   1.55761
xza.xcore.ibias__t142                  1.12786
xza.xcore.vss__t175                5.79017e-06
xza.xcore.vss__t347                7.92536e-13
xza.xcore.vss__t72                 5.59105e-06
xza.xcore.ibias__t141                  1.12786
xza.xcore.tail__t298                   1.55761
xza.xcore.vss__t348                7.65284e-13
xza.xcore.outp__t53                    2.59989
xza.xcore.inp__t1                       3.0855
xza.xcore.tail__t0                     1.55768
xza.xcore.vss__t460                1.33283e-12
xza.xcore.tail__t119                   1.55768
xza.xcore.inp__t53                      3.0855
xza.xcore.outp__t52                    2.59989
xza.xcore.vss__t462                1.34545e-12
xza.xcore.outp__t46                    2.59989
xza.xcore.inp__t52                      3.0855
xza.xcore.tail__t118                   1.55768
xza.xcore.vss__t463                1.35807e-12
xza.xcore.tail__t58                    1.55768
xza.xcore.inp__t61                      3.0855
xza.xcore.outp__t82                    2.59988
xza.xcore.vss__t464                 1.3707e-12
xza.xcore.outp__t30                    2.59988
xza.xcore.inp__t24                      3.0855
xza.xcore.tail__t98                    1.55768
xza.xcore.vss__t465                1.38332e-12
xza.xcore.tail__t38                    1.55769
xza.xcore.inp__t23                      3.0855
xza.xcore.outp__t64                    2.59988
xza.xcore.vss__t466                1.39594e-12
xza.xcore.outp__t29                    2.59988
xza.xcore.inp__t22                      3.0855
xza.xcore.tail__t97                    1.55769
xza.xcore.vss__t467                1.40857e-12
xza.xcore.tail__t37                    1.55769
xza.xcore.inp__t21                      3.0855
xza.xcore.outp__t63                    2.59988
xza.xcore.vss__t468                1.42119e-12
xza.xcore.outp__t28                    2.59988
xza.xcore.inp__t20                      3.0855
xza.xcore.tail__t96                    1.55769
xza.xcore.vss__t469                1.43382e-12
xza.xcore.tail__t36                    1.55769
xza.xcore.inp__t19                      3.0855
xza.xcore.outp__t62                    2.59987
xza.xcore.vss__t470                1.44644e-12
xza.xcore.outp__t27                    2.59987
xza.xcore.inp__t18                      3.0855
xza.xcore.tail__t95                    1.55769
xza.xcore.vss__t471                1.45907e-12
xza.xcore.tail__t35                    1.55769
xza.xcore.inp__t17                      3.0855
xza.xcore.outp__t61                    2.59987
xza.xcore.vss__t472                1.47169e-12
xza.xcore.outp__t26                    2.59987
xza.xcore.inp__t16                      3.0855
xza.xcore.tail__t94                    1.55769
xza.xcore.vss__t473                1.48432e-12
xza.xcore.tail__t33                    1.55769
xza.xcore.inp__t15                      3.0855
xza.xcore.outp__t60                    2.59987
xza.xcore.vss__t474                1.49695e-12
xza.xcore.outp__t47                    2.59987
xza.xcore.inp__t54                      3.0855
xza.xcore.tail__t120                   1.55769
xza.xcore.vss__t475                1.50958e-12
xza.xcore.tail__t54                    1.55769
xza.xcore.inp__t55                      3.0855
xza.xcore.outp__t78                    2.59987
xza.xcore.vss__t476                 1.5222e-12
xza.xcore.outp__t51                    2.59986
xza.xcore.inp__t63                      3.0855
xza.xcore.tail__t126                   1.55769
xza.xcore.vss__t477                1.53483e-12
xza.xcore.tail__t57                     1.5577
xza.xcore.inp__t60                      3.0855
xza.xcore.outp__t81                    2.59986
xza.xcore.vss__t478                1.54746e-12
xza.xcore.outp__t49                    2.59986
xza.xcore.inp__t59                      3.0855
xza.xcore.tail__t122                    1.5577
xza.xcore.vss__t479                1.56009e-12
xza.xcore.tail__t56                     1.5577
xza.xcore.inp__t58                      3.0855
xza.xcore.outp__t80                    2.59986
xza.xcore.vss__t480                1.57272e-12
xza.xcore.outp__t48                    2.59986
xza.xcore.inp__t57                      3.0855
xza.xcore.tail__t121                    1.5577
xza.xcore.vss__t481                1.58535e-12
xza.xcore.tail__t55                     1.5577
xza.xcore.inp__t56                      3.0855
xza.xcore.outp__t79                    2.59986
xza.xcore.vss__t482                1.59798e-12
xza.xcore.outp__t24                    2.59985
xza.xcore.inp__t11                      3.0855
xza.xcore.tail__t92                     1.5577
xza.xcore.vss__t483                1.61061e-12
xza.xcore.tail__t30                     1.5577
xza.xcore.inp__t10                      3.0855
xza.xcore.outp__t57                    2.59985
xza.xcore.vss__t484                1.62324e-12
xza.xcore.outp__t23                    2.59985
xza.xcore.inp__t9                       3.0855
xza.xcore.tail__t88                     1.5577
xza.xcore.vss__t485                1.63588e-12
xza.xcore.tail__t32                     1.5577
xza.xcore.inp__t14                      3.0855
xza.xcore.outp__t59                    2.59985
xza.xcore.vss__t486                1.64851e-12
xza.xcore.outp__t25                    2.59985
xza.xcore.inp__t13                      3.0855
xza.xcore.tail__t93                     1.5577
xza.xcore.vss__t487                1.66114e-12
xza.xcore.tail__t60                     1.5577
xza.xcore.inp__t0                       3.0855
xza.xcore.outp__t83                    2.59985
xza.xcore.vss__t488                1.67377e-12
xza.xcore.outp__t50                    2.59984
xza.xcore.inp__t62                      3.0855
xza.xcore.tail__t123                    1.5577
xza.xcore.vss__t489                1.68641e-12
xza.xcore.tail__t42                     1.5577
xza.xcore.inp__t29                      3.0855
xza.xcore.outp__t67                    2.59984
xza.xcore.vss__t490                1.69904e-12
xza.xcore.outp__t32                    2.59984
xza.xcore.inp__t28                      3.0855
xza.xcore.tail__t102                   1.55771
xza.xcore.vss__t491                1.71167e-12
xza.xcore.tail__t41                    1.55771
xza.xcore.inp__t27                      3.0855
xza.xcore.outp__t66                    2.59984
xza.xcore.vss__t492                1.72431e-12
xza.xcore.outp__t31                    2.59984
xza.xcore.inp__t26                      3.0855
xza.xcore.tail__t101                   1.55771
xza.xcore.vss__t493                1.73694e-12
xza.xcore.tail__t40                    1.55771
xza.xcore.inp__t25                      3.0855
xza.xcore.outp__t65                    2.59984
xza.xcore.vss__t494                1.74957e-12
xza.xcore.outp__t20                    2.59983
xza.xcore.inp__t4                       3.0855
xza.xcore.tail__t74                    1.55771
xza.xcore.vss__t495                1.76221e-12
xza.xcore.tail__t14                    1.55771
xza.xcore.inp__t3                       3.0855
xza.xcore.outp__t54                    2.59983
xza.xcore.vss__t496                1.77484e-12
xza.xcore.outp__t22                    2.59983
xza.xcore.inp__t7                       3.0855
xza.xcore.tail__t76                    1.55771
xza.xcore.vss__t497                1.78748e-12
xza.xcore.tail__t16                    1.55771
xza.xcore.inp__t6                       3.0855
xza.xcore.outp__t55                    2.59983
xza.xcore.vss__t498                1.80011e-12
xza.xcore.outp__t21                    2.59983
xza.xcore.inp__t5                       3.0855
xza.xcore.tail__t75                    1.55771
xza.xcore.vss__t499                1.81275e-12
xza.xcore.tail__t19                    1.55771
xza.xcore.inp__t8                       3.0855
xza.xcore.outp__t56                    2.59983
xza.xcore.vss__t500                1.82539e-12
xza.xcore.outp__t45                    2.59982
xza.xcore.inp__t50                      3.0855
xza.xcore.tail__t116                   1.55771
xza.xcore.vss__t501                1.83802e-12
xza.xcore.tail__t51                    1.55771
xza.xcore.inp__t49                      3.0855
xza.xcore.outp__t76                    2.59982
xza.xcore.vss__t502                1.85066e-12
xza.xcore.outp__t44                    2.59982
xza.xcore.inp__t48                      3.0855
xza.xcore.tail__t115                   1.55771
xza.xcore.vss__t503                 1.8633e-12
xza.xcore.tail__t50                    1.55772
xza.xcore.inp__t47                      3.0855
xza.xcore.outp__t75                    2.59982
xza.xcore.vss__t504                1.87593e-12
xza.xcore.outp__t43                    2.59982
xza.xcore.inp__t46                      3.0855
xza.xcore.tail__t114                   1.55772
xza.xcore.vss__t505                1.88857e-12
xza.xcore.tail__t49                    1.55772
xza.xcore.inp__t45                      3.0855
xza.xcore.outp__t74                    2.59982
xza.xcore.vss__t506                1.90121e-12
xza.xcore.outp__t42                    2.59981
xza.xcore.inp__t44                      3.0855
xza.xcore.tail__t113                   1.55772
xza.xcore.vss__t507                1.91384e-12
xza.xcore.tail__t48                    1.55772
xza.xcore.inp__t43                      3.0855
xza.xcore.outp__t73                    2.59981
xza.xcore.vss__t508                1.92648e-12
xza.xcore.outp__t41                    2.59981
xza.xcore.inp__t42                      3.0855
xza.xcore.tail__t112                   1.55772
xza.xcore.vss__t509                1.93912e-12
xza.xcore.tail__t47                    1.55772
xza.xcore.inp__t41                      3.0855
xza.xcore.outp__t72                    2.59981
xza.xcore.vss__t510                1.95176e-12
xza.xcore.outp__t40                    2.59981
xza.xcore.inp__t40                      3.0855
xza.xcore.tail__t111                   1.55772
xza.xcore.vss__t511                 1.9644e-12
xza.xcore.tail__t46                    1.55772
xza.xcore.inp__t39                      3.0855
xza.xcore.outp__t71                    2.59981
xza.xcore.vss__t512                1.97704e-12
xza.xcore.outp__t39                     2.5998
xza.xcore.inp__t38                      3.0855
xza.xcore.tail__t110                   1.55772
xza.xcore.vss__t513                1.98967e-12
xza.xcore.tail__t53                    1.55772
xza.xcore.inp__t51                      3.0855
xza.xcore.outp__t77                     2.5998
xza.xcore.vss__t514                2.00231e-12
xza.xcore.outp__t38                     2.5998
xza.xcore.inp__t37                      3.0855
xza.xcore.tail__t108                   1.55772
xza.xcore.vss__t515                2.01495e-12
xza.xcore.tail__t45                    1.55773
xza.xcore.inp__t36                      3.0855
xza.xcore.outp__t70                     2.5998
xza.xcore.vss__t516                2.02759e-12
xza.xcore.outp__t37                     2.5998
xza.xcore.inp__t35                      3.0855
xza.xcore.tail__t107                   1.55773
xza.xcore.vss__t517                2.04023e-12
xza.xcore.tail__t44                    1.55773
xza.xcore.inp__t34                      3.0855
xza.xcore.outp__t69                     2.5998
xza.xcore.vss__t518                2.05287e-12
xza.xcore.outp__t36                    2.59979
xza.xcore.inp__t33                      3.0855
xza.xcore.tail__t106                   1.55773
xza.xcore.vss__t519                2.06551e-12
xza.xcore.tail__t31                    1.55773
xza.xcore.inp__t12                      3.0855
xza.xcore.outp__t58                    2.59979
xza.xcore.vss__t520                2.07815e-12
xza.xcore.outp__t35                    2.59979
xza.xcore.inp__t32                      3.0855
xza.xcore.tail__t104                   1.55773
xza.xcore.vss__t521                2.09079e-12
xza.xcore.tail__t43                    1.55773
xza.xcore.inp__t31                      3.0855
xza.xcore.outp__t68                    2.59979
xza.xcore.vss__t522                2.10343e-12
xza.xcore.outp__t33                    2.59979
xza.xcore.inp__t30                      3.0855
xza.xcore.tail__t103                   1.55773
xza.xcore.vss__t523                2.11607e-12
xza.xcore.tail__t1                     1.55773
xza.xcore.inp__t2                       3.0855
xza.xcore.outp__t34                    2.59979
xza.xcore.vss__t586                2.12871e-12
xza.xcore.ibias__t215                  1.12513
xza.xcore.ibias__t3                    1.12786
xza.xcore.vss__t2                  2.51858e-05
xza.xcore.vss__t459                5.66833e-13
xza.xcore.vss__t81                 2.49859e-05
xza.xcore.ibias__t158                  1.12786
xza.xcore.ibias__t216                  1.12516
xza.xcore.vss__t448                5.62349e-13
xza.xcore.ibias__t213                  1.12519
xza.xcore.ibias__t171                  1.12786
xza.xcore.vss__t190                2.47861e-05
xza.xcore.vss__t449                5.57865e-13
xza.xcore.vss__t83                 2.45863e-05
xza.xcore.ibias__t163                  1.12786
xza.xcore.ibias__t218                  1.12522
xza.xcore.vss__t450                5.53381e-13
xza.xcore.ibias__t212                  1.12525
xza.xcore.ibias__t162                  1.12786
xza.xcore.vss__t185                2.43865e-05
xza.xcore.vss__t451                5.48897e-13
xza.xcore.vss__t89                 2.41867e-05
xza.xcore.ibias__t177                  1.12786
xza.xcore.ibias__t219                  1.12528
xza.xcore.vss__t452                5.44412e-13
xza.xcore.ibias__t211                  1.12531
xza.xcore.ibias__t160                  1.12786
xza.xcore.vss__t183                2.39868e-05
xza.xcore.vss__t453                5.39928e-13
xza.xcore.vss__t82                  2.3787e-05
xza.xcore.ibias__t159                  1.12786
xza.xcore.ibias__t217                  1.12534
xza.xcore.vss__t454                5.35443e-13
xza.xcore.ibias__t214                  1.12537
xza.xcore.ibias__t174                  1.12786
xza.xcore.vss__t192                2.35872e-05
xza.xcore.vss__t455                5.30958e-13
xza.xcore.vss__t3                  2.33874e-05
xza.xcore.ibias__t4                    1.12786
xza.xcore.ibias__t210                   1.1254
xza.xcore.vss__t457                5.26473e-13
xza.xcore.outn__t52                        3.3
xza.xcore.inn__t1                       1.9965
xza.xcore.tail__t3                     1.55762
xza.xcore.vss__t461                1.55687e-12
xza.xcore.tail__t62                    1.55762
xza.xcore.inn__t58                      1.9965
xza.xcore.outn__t81                        3.3
xza.xcore.vss__t524                1.57164e-12
xza.xcore.outn__t49                        3.3
xza.xcore.inn__t59                      1.9965
xza.xcore.tail__t124                   1.55762
xza.xcore.vss__t525                1.58642e-12
xza.xcore.tail__t63                    1.55762
xza.xcore.inn__t60                      1.9965
xza.xcore.outn__t82                        3.3
xza.xcore.vss__t526                1.60119e-12
xza.xcore.outn__t50                        3.3
xza.xcore.inn__t61                      1.9965
xza.xcore.tail__t125                   1.55762
xza.xcore.vss__t527                1.61597e-12
xza.xcore.tail__t64                    1.55762
xza.xcore.inn__t62                      1.9965
xza.xcore.outn__t83                        3.3
xza.xcore.vss__t528                1.63075e-12
xza.xcore.outn__t46                        3.3
xza.xcore.inn__t52                      1.9965
xza.xcore.tail__t105                   1.55762
xza.xcore.vss__t529                1.64552e-12
xza.xcore.tail__t15                    1.55762
xza.xcore.inn__t21                      1.9965
xza.xcore.outn__t63                        3.3
xza.xcore.vss__t530                 1.6603e-12
xza.xcore.outn__t45                        3.3
xza.xcore.inn__t51                      1.9965
xza.xcore.tail__t100                   1.55762
xza.xcore.vss__t531                1.67508e-12
xza.xcore.tail__t34                    1.55762
xza.xcore.inn__t48                      1.9965
xza.xcore.outn__t76                        3.3
xza.xcore.vss__t532                1.68985e-12
xza.xcore.outn__t44                        3.3
xza.xcore.inn__t50                      1.9965
xza.xcore.tail__t99                    1.55762
xza.xcore.vss__t533                1.70463e-12
xza.xcore.tail__t61                    1.55762
xza.xcore.inn__t57                      1.9965
xza.xcore.outn__t80                        3.3
xza.xcore.vss__t534                1.71941e-12
xza.xcore.outn__t40                        3.3
xza.xcore.inn__t42                      1.9965
xza.xcore.tail__t87                    1.55762
xza.xcore.vss__t535                1.73419e-12
xza.xcore.tail__t27                    1.55762
xza.xcore.inn__t41                      1.9965
xza.xcore.outn__t73                        3.3
xza.xcore.vss__t536                1.74897e-12
xza.xcore.outn__t39                        3.3
xza.xcore.inn__t40                      1.9965
xza.xcore.tail__t86                    1.55762
xza.xcore.vss__t537                1.76374e-12
xza.xcore.tail__t26                    1.55762
xza.xcore.inn__t39                      1.9965
xza.xcore.outn__t72                        3.3
xza.xcore.vss__t538                1.77852e-12
xza.xcore.outn__t38                        3.3
xza.xcore.inn__t38                      1.9965
xza.xcore.tail__t85                    1.55762
xza.xcore.vss__t539                 1.7933e-12
xza.xcore.tail__t25                    1.55762
xza.xcore.inn__t37                      1.9965
xza.xcore.outn__t71                        3.3
xza.xcore.vss__t540                1.80808e-12
xza.xcore.outn__t47                        3.3
xza.xcore.inn__t53                      1.9965
xza.xcore.tail__t109                   1.55762
xza.xcore.vss__t541                1.82286e-12
xza.xcore.tail__t52                    1.55762
xza.xcore.inn__t55                      1.9965
xza.xcore.outn__t78                        3.3
xza.xcore.vss__t542                1.83764e-12
xza.xcore.outn__t48                        3.3
xza.xcore.inn__t54                      1.9965
xza.xcore.tail__t117                   1.55762
xza.xcore.vss__t543                1.85242e-12
xza.xcore.tail__t39                    1.55762
xza.xcore.inn__t49                      1.9965
xza.xcore.outn__t77                        3.3
xza.xcore.vss__t544                1.86721e-12
xza.xcore.outn__t41                        3.3
xza.xcore.inn__t43                      1.9965
xza.xcore.tail__t89                    1.55762
xza.xcore.vss__t545                1.88199e-12
xza.xcore.tail__t29                    1.55762
xza.xcore.inn__t47                      1.9965
xza.xcore.outn__t75                        3.3
xza.xcore.vss__t546                1.89677e-12
xza.xcore.outn__t43                        3.3
xza.xcore.inn__t46                      1.9965
xza.xcore.tail__t91                    1.55762
xza.xcore.vss__t547                1.91155e-12
xza.xcore.tail__t28                    1.55762
xza.xcore.inn__t45                      1.9965
xza.xcore.outn__t74                        3.3
xza.xcore.vss__t548                1.92633e-12
xza.xcore.outn__t42                        3.3
xza.xcore.inn__t44                      1.9965
xza.xcore.tail__t90                    1.55762
xza.xcore.vss__t549                1.94111e-12
xza.xcore.tail__t59                    1.55762
xza.xcore.inn__t56                      1.9965
xza.xcore.outn__t79                        3.3
xza.xcore.vss__t550                 1.9559e-12
xza.xcore.outn__t51                        3.3
xza.xcore.inn__t63                      1.9965
xza.xcore.tail__t127                   1.55762
xza.xcore.vss__t551                1.97068e-12
xza.xcore.tail__t13                    1.55762
xza.xcore.inn__t19                      1.9965
xza.xcore.outn__t62                        3.3
xza.xcore.vss__t552                1.98546e-12
xza.xcore.outn__t28                        3.3
xza.xcore.inn__t18                      1.9965
xza.xcore.tail__t72                    1.55762
xza.xcore.vss__t553                2.00025e-12
xza.xcore.tail__t12                    1.55762
xza.xcore.inn__t17                      1.9965
xza.xcore.outn__t61                        3.3
xza.xcore.vss__t554                2.01503e-12
xza.xcore.outn__t27                        3.3
xza.xcore.inn__t16                      1.9965
xza.xcore.tail__t71                    1.55762
xza.xcore.vss__t555                2.02981e-12
xza.xcore.tail__t11                    1.55762
xza.xcore.inn__t15                      1.9965
xza.xcore.outn__t60                        3.3
xza.xcore.vss__t556                 2.0446e-12
xza.xcore.outn__t26                        3.3
xza.xcore.inn__t14                      1.9965
xza.xcore.tail__t70                    1.55762
xza.xcore.vss__t557                2.05938e-12
xza.xcore.tail__t10                    1.55762
xza.xcore.inn__t13                      1.9965
xza.xcore.outn__t59                        3.3
xza.xcore.vss__t558                2.07416e-12
xza.xcore.outn__t25                        3.3
xza.xcore.inn__t12                      1.9965
xza.xcore.tail__t69                    1.55762
xza.xcore.vss__t559                2.08895e-12
xza.xcore.tail__t6                     1.55762
xza.xcore.inn__t5                       1.9965
xza.xcore.outn__t55                        3.3
xza.xcore.vss__t560                2.10373e-12
xza.xcore.outn__t24                        3.3
xza.xcore.inn__t11                      1.9965
xza.xcore.tail__t68                    1.55762
xza.xcore.vss__t561                2.11852e-12
xza.xcore.tail__t4                     1.55762
xza.xcore.inn__t2                       1.9965
xza.xcore.outn__t53                        3.3
xza.xcore.vss__t562                 2.1333e-12
xza.xcore.outn__t21                        3.3
xza.xcore.inn__t3                       1.9965
xza.xcore.tail__t65                    1.55762
xza.xcore.vss__t563                2.14809e-12
xza.xcore.tail__t5                     1.55762
xza.xcore.inn__t4                       1.9965
xza.xcore.outn__t54                        3.3
xza.xcore.vss__t564                2.16287e-12
xza.xcore.outn__t22                        3.3
xza.xcore.inn__t6                       1.9965
xza.xcore.tail__t66                    1.55762
xza.xcore.vss__t565                2.17766e-12
xza.xcore.tail__t7                     1.55762
xza.xcore.inn__t7                       1.9965
xza.xcore.outn__t56                        3.3
xza.xcore.vss__t566                2.19244e-12
xza.xcore.outn__t23                        3.3
xza.xcore.inn__t8                       1.9965
xza.xcore.tail__t67                    1.55762
xza.xcore.vss__t567                2.20723e-12
xza.xcore.tail__t8                     1.55762
xza.xcore.inn__t9                       1.9965
xza.xcore.outn__t57                        3.3
xza.xcore.vss__t568                2.22201e-12
xza.xcore.outn__t29                        3.3
xza.xcore.inn__t20                      1.9965
xza.xcore.tail__t73                    1.55762
xza.xcore.vss__t569                 2.2368e-12
xza.xcore.tail__t9                     1.55762
xza.xcore.inn__t10                      1.9965
xza.xcore.outn__t58                        3.3
xza.xcore.vss__t570                2.25159e-12
xza.xcore.outn__t36                        3.3
xza.xcore.inn__t35                      1.9965
xza.xcore.tail__t83                    1.55762
xza.xcore.vss__t571                2.26637e-12
xza.xcore.tail__t24                    1.55762
xza.xcore.inn__t34                      1.9965
xza.xcore.outn__t70                        3.3
xza.xcore.vss__t572                2.28116e-12
xza.xcore.outn__t35                        3.3
xza.xcore.inn__t33                      1.9965
xza.xcore.tail__t82                    1.55762
xza.xcore.vss__t573                2.29594e-12
xza.xcore.tail__t23                    1.55762
xza.xcore.inn__t32                      1.9965
xza.xcore.outn__t69                        3.3
xza.xcore.vss__t574                2.31073e-12
xza.xcore.outn__t34                        3.3
xza.xcore.inn__t31                      1.9965
xza.xcore.tail__t81                    1.55762
xza.xcore.vss__t575                2.32552e-12
xza.xcore.tail__t22                    1.55762
xza.xcore.inn__t30                      1.9965
xza.xcore.outn__t68                        3.3
xza.xcore.vss__t576                 2.3403e-12
xza.xcore.outn__t33                        3.3
xza.xcore.inn__t29                      1.9965
xza.xcore.tail__t80                    1.55762
xza.xcore.vss__t577                2.35509e-12
xza.xcore.tail__t21                    1.55762
xza.xcore.inn__t28                      1.9965
xza.xcore.outn__t67                        3.3
xza.xcore.vss__t578                2.36988e-12
xza.xcore.outn__t32                        3.3
xza.xcore.inn__t27                      1.9965
xza.xcore.tail__t79                    1.55762
xza.xcore.vss__t579                2.38467e-12
xza.xcore.tail__t20                    1.55762
xza.xcore.inn__t26                      1.9965
xza.xcore.outn__t66                        3.3
xza.xcore.vss__t580                2.39945e-12
xza.xcore.outn__t37                        3.3
xza.xcore.inn__t36                      1.9965
xza.xcore.tail__t84                    1.55762
xza.xcore.vss__t581                2.41424e-12
xza.xcore.tail__t18                    1.55762
xza.xcore.inn__t25                      1.9965
xza.xcore.outn__t65                        3.3
xza.xcore.vss__t582                2.42903e-12
xza.xcore.outn__t31                        3.3
xza.xcore.inn__t24                      1.9965
xza.xcore.tail__t78                    1.55762
xza.xcore.vss__t583                2.44382e-12
xza.xcore.tail__t17                    1.55762
xza.xcore.inn__t23                      1.9965
xza.xcore.outn__t64                        3.3
xza.xcore.vss__t584                 2.4586e-12
xza.xcore.outn__t30                        3.3
xza.xcore.inn__t22                      1.9965
xza.xcore.tail__t77                    1.55762
xza.xcore.vss__t585                2.47339e-12
xza.xcore.tail__t2                     1.55762
xza.xcore.inn__t0                       1.9965
xza.xcore.outn__t20                        3.3
xza.xcore.vss__t587                2.48818e-12
xza.xcore.vss__t210                2.42097e-12
xza.xcore.outp__t16                        2.6
xza.xcore.vss__t211                2.39251e-12
xza.xcore.outp__t17                        2.6
xza.xcore.vss__t212                2.36408e-12
xza.xcore.outp__t18                        2.6
xza.xcore.vss__t213                2.33567e-12
xza.xcore.outp__t19                        2.6
xza.xcore.vss__t214                2.30729e-12
xza.xcore.outp__t0                         2.6
xza.xcore.vss__t215                2.27893e-12
xza.xcore.outp__t1                         2.6
xza.xcore.vss__t216                 2.2506e-12
xza.xcore.outp__t2                         2.6
xza.xcore.vss__t217                2.22229e-12
xza.xcore.outp__t3                         2.6
xza.xcore.vss__t218                2.19402e-12
xza.xcore.outp__t4                         2.6
xza.xcore.vss__t219                2.16577e-12
xza.xcore.outp__t15                        2.6
xza.xcore.vss__t220                2.13755e-12
xza.xcore.outp__t6                         2.6
xza.xcore.vss__t221                2.10937e-12
xza.xcore.outp__t7                         2.6
xza.xcore.vss__t222                2.08122e-12
xza.xcore.outp__t8                         2.6
xza.xcore.vss__t223                2.05311e-12
xza.xcore.outp__t9                         2.6
xza.xcore.vss__t224                2.02503e-12
xza.xcore.outp__t10                        2.6
xza.xcore.vss__t225                1.99699e-12
xza.xcore.outp__t11                        2.6
xza.xcore.vss__t226                1.96899e-12
xza.xcore.outp__t12                        2.6
xza.xcore.vss__t227                1.94103e-12
xza.xcore.outp__t13                        2.6
xza.xcore.vss__t228                1.91311e-12
xza.xcore.outp__t14                        2.6
xza.xcore.vss__t229                1.88524e-12
xza.xcore.outp__t5                         2.6
xza.xcore.vss__t230                2.18457e-12
xza.xcore.outn__t0                         3.3
xza.xcore.vss__t231                2.21955e-12
xza.xcore.outn__t5                         3.3
xza.xcore.vss__t232                2.25461e-12
xza.xcore.outn__t6                         3.3
xza.xcore.vss__t233                2.28973e-12
xza.xcore.outn__t7                         3.3
xza.xcore.vss__t234                2.32493e-12
xza.xcore.outn__t8                         3.3
xza.xcore.vss__t235                2.36019e-12
xza.xcore.outn__t9                         3.3
xza.xcore.vss__t236                2.39551e-12
xza.xcore.outn__t10                        3.3
xza.xcore.vss__t237                2.43089e-12
xza.xcore.outn__t11                        3.3
xza.xcore.vss__t238                2.46633e-12
xza.xcore.outn__t12                        3.3
xza.xcore.vss__t239                2.50182e-12
xza.xcore.outn__t13                        3.3
xza.xcore.vss__t240                2.53736e-12
xza.xcore.outn__t14                        3.3
xza.xcore.vss__t241                2.57296e-12
xza.xcore.outn__t15                        3.3
xza.xcore.vss__t242                 2.6086e-12
xza.xcore.outn__t16                        3.3
xza.xcore.vss__t243                2.64429e-12
xza.xcore.outn__t17                        3.3
xza.xcore.vss__t244                2.68002e-12
xza.xcore.outn__t19                        3.3
xza.xcore.vss__t245                2.71579e-12
xza.xcore.outn__t18                        3.3
xza.xcore.vss__t246                2.75161e-12
xza.xcore.outn__t1                         3.3
xza.xcore.vss__t247                2.78746e-12
xza.xcore.outn__t2                         3.3
xza.xcore.vss__t248                2.82335e-12
xza.xcore.outn__t3                         3.3
xza.xcore.vss__t249                2.85928e-12
xza.xcore.outn__t4                         3.3
ib_za                                  1.12786
xza.xcore.vsubs                              0
outn_za                                    3.3
outp_za                                    2.6
xza.tail                               1.55762
xzb.xcore.tail__t186                   1.57965
xzb.xcore.ibias__t118                  1.12786
xzb.xcore.vss__t163                5.39651e-06
xzb.xcore.vss__t349                9.73657e-13
xzb.xcore.vss__t60                 5.19793e-06
xzb.xcore.ibias__t117                  1.12786
xzb.xcore.tail__t286                   1.57965
xzb.xcore.vss__t350                9.37832e-13
xzb.xcore.tail__t197                   1.57965
xzb.xcore.ibias__t140                  1.12786
xzb.xcore.vss__t174                4.99976e-06
xzb.xcore.vss__t351                9.02081e-13
xzb.xcore.vss__t68                 4.80206e-06
xzb.xcore.ibias__t133                  1.12786
xzb.xcore.tail__t294                   1.57965
xzb.xcore.vss__t352                8.66414e-13
xzb.xcore.tail__t193                   1.57965
xzb.xcore.ibias__t132                  1.12786
xzb.xcore.vss__t170                4.60488e-06
xzb.xcore.vss__t353                8.30842e-13
xzb.xcore.vss__t67                 4.40829e-06
xzb.xcore.ibias__t131                  1.12786
xzb.xcore.tail__t293                   1.57965
xzb.xcore.vss__t354                7.95376e-13
xzb.xcore.tail__t192                   1.57965
xzb.xcore.ibias__t130                  1.12786
xzb.xcore.vss__t169                4.21239e-06
xzb.xcore.vss__t355                7.60033e-13
xzb.xcore.vss__t74                 4.01726e-06
xzb.xcore.ibias__t145                  1.12786
xzb.xcore.tail__t300                   1.57965
xzb.xcore.vss__t356                 7.2483e-13
xzb.xcore.tail__t191                   1.57965
xzb.xcore.ibias__t128                  1.12786
xzb.xcore.vss__t168                3.82304e-06
xzb.xcore.vss__t357                6.89789e-13
xzb.xcore.vss__t65                 3.62985e-06
xzb.xcore.ibias__t127                  1.12786
xzb.xcore.tail__t291                   1.57966
xzb.xcore.vss__t358                6.54936e-13
xzb.xcore.tail__t190                   1.57966
xzb.xcore.ibias__t126                  1.12786
xzb.xcore.vss__t167                3.43789e-06
xzb.xcore.vss__t359                6.20302e-13
xzb.xcore.vss__t64                 3.24735e-06
xzb.xcore.ibias__t125                  1.12786
xzb.xcore.tail__t290                   1.57966
xzb.xcore.vss__t360                5.85926e-13
xzb.xcore.tail__t189                   1.57966
xzb.xcore.ibias__t124                  1.12786
xzb.xcore.vss__t166                3.05853e-06
xzb.xcore.vss__t361                5.51858e-13
xzb.xcore.vss__t63                 2.87173e-06
xzb.xcore.ibias__t123                  1.12786
xzb.xcore.tail__t289                   1.57966
xzb.xcore.vss__t362                5.18157e-13
xzb.xcore.tail__t188                   1.57966
xzb.xcore.ibias__t122                  1.12786
xzb.xcore.vss__t165                2.68741e-06
xzb.xcore.vss__t363                  4.849e-13
xzb.xcore.vss__t62                 2.50609e-06
xzb.xcore.ibias__t121                  1.12786
xzb.xcore.tail__t288                   1.57966
xzb.xcore.vss__t364                4.52186e-13
xzb.xcore.tail__t187                   1.57966
xzb.xcore.ibias__t120                  1.12786
xzb.xcore.vss__t164                2.32848e-06
xzb.xcore.vss__t365                4.20141e-13
xzb.xcore.vss__t26                  2.1555e-06
xzb.xcore.ibias__t0                    1.12786
xzb.xcore.tail__t252                   1.57966
xzb.xcore.vss__t366                 3.8893e-13
xzb.xcore.tail__t175                   1.57966
xzb.xcore.ibias__t97                   1.12786
xzb.xcore.vss__t152                1.98835e-06
xzb.xcore.vss__t367                3.58772e-13
xzb.xcore.vss__t42                 1.82864e-06
xzb.xcore.ibias__t78                   1.12786
xzb.xcore.tail__t268                   1.57966
xzb.xcore.vss__t368                3.29956e-13
xzb.xcore.tail__t164                   1.57966
xzb.xcore.ibias__t77                   1.12786
xzb.xcore.vss__t141                1.67849e-06
xzb.xcore.vss__t369                3.02866e-13
xzb.xcore.vss__t37                 1.54071e-06
xzb.xcore.ibias__t70                   1.12786
xzb.xcore.tail__t263                   1.57966
xzb.xcore.vss__t370                2.78005e-13
xzb.xcore.tail__t167                   1.57966
xzb.xcore.ibias__t82                   1.12786
xzb.xcore.vss__t144                1.41889e-06
xzb.xcore.vss__t371                2.56024e-13
xzb.xcore.vss__t39                 1.31747e-06
xzb.xcore.ibias__t72                   1.12786
xzb.xcore.tail__t265                   1.57966
xzb.xcore.vss__t372                2.37725e-13
xzb.xcore.tail__t162                   1.57966
xzb.xcore.ibias__t73                   1.12786
xzb.xcore.vss__t139                1.24146e-06
xzb.xcore.vss__t373                2.24011e-13
xzb.xcore.vss__t40                 1.19572e-06
xzb.xcore.ibias__t74                   1.12786
xzb.xcore.tail__t266                   1.57966
xzb.xcore.vss__t374                2.15758e-13
xzb.xcore.tail__t163                   1.57966
xzb.xcore.ibias__t75                   1.12786
xzb.xcore.vss__t140                1.18376e-06
xzb.xcore.vss__t375                2.13601e-13
xzb.xcore.vss__t41                 1.20659e-06
xzb.xcore.ibias__t76                   1.12786
xzb.xcore.tail__t267                   1.57966
xzb.xcore.vss__t376                2.17722e-13
xzb.xcore.tail__t129                   1.57966
xzb.xcore.ibias__t9                    1.12786
xzb.xcore.vss__t107                1.26232e-06
xzb.xcore.vss__t377                2.27779e-13
xzb.xcore.vss__t6                  1.34687e-06
xzb.xcore.ibias__t8                    1.12786
xzb.xcore.tail__t232                   1.57966
xzb.xcore.vss__t378                2.43037e-13
xzb.xcore.tail__t128                   1.57966
xzb.xcore.ibias__t7                    1.12786
xzb.xcore.vss__t106                1.45523e-06
xzb.xcore.vss__t379                2.62591e-13
xzb.xcore.vss__t5                  1.58252e-06
xzb.xcore.ibias__t6                    1.12786
xzb.xcore.tail__t231                   1.57966
xzb.xcore.vss__t380                 2.8556e-13
xzb.xcore.tail__t141                   1.57966
xzb.xcore.ibias__t31                   1.12786
xzb.xcore.vss__t119                1.72454e-06
xzb.xcore.vss__t381                3.11189e-13
xzb.xcore.vss__t4                  1.87796e-06
xzb.xcore.ibias__t5                    1.12786
xzb.xcore.tail__t230                   1.57966
xzb.xcore.vss__t382                3.38875e-13
xzb.xcore.tail__t158                   1.57966
xzb.xcore.ibias__t62                   1.12786
xzb.xcore.vss__t135                2.04021e-06
xzb.xcore.vss__t383                3.68155e-13
xzb.xcore.vss__t33                 2.20934e-06
xzb.xcore.ibias__t63                   1.12786
xzb.xcore.tail__t259                   1.57966
xzb.xcore.vss__t384                3.98676e-13
xzb.xcore.tail__t159                   1.57966
xzb.xcore.ibias__t64                   1.12786
xzb.xcore.vss__t136                 2.3839e-06
xzb.xcore.vss__t385                4.30176e-13
xzb.xcore.vss__t34                 2.56276e-06
xzb.xcore.ibias__t65                   1.12786
xzb.xcore.tail__t260                   1.57966
xzb.xcore.vss__t386                4.62454e-13
xzb.xcore.tail__t160                   1.57966
xzb.xcore.ibias__t66                   1.12786
xzb.xcore.vss__t137                2.74509e-06
xzb.xcore.vss__t387                4.95358e-13
xzb.xcore.vss__t35                 2.93025e-06
xzb.xcore.ibias__t67                   1.12786
xzb.xcore.tail__t261                   1.57966
xzb.xcore.vss__t388                5.28772e-13
xzb.xcore.tail__t161                   1.57967
xzb.xcore.ibias__t68                   1.12786
xzb.xcore.vss__t138                3.11772e-06
xzb.xcore.vss__t389                5.62605e-13
xzb.xcore.vss__t36                 3.30712e-06
xzb.xcore.ibias__t69                   1.12786
xzb.xcore.tail__t262                   1.57967
xzb.xcore.vss__t390                5.96785e-13
xzb.xcore.tail__t130                   1.57967
xzb.xcore.ibias__t10                   1.12786
xzb.xcore.vss__t108                3.49813e-06
xzb.xcore.vss__t391                6.31256e-13
xzb.xcore.vss__t13                  3.6905e-06
xzb.xcore.ibias__t23                   1.12786
xzb.xcore.tail__t239                   1.57967
xzb.xcore.vss__t392                6.65973e-13
xzb.xcore.tail__t137                   1.57967
xzb.xcore.ibias__t24                   1.12786
xzb.xcore.vss__t115                3.88403e-06
xzb.xcore.vss__t393                7.00899e-13
xzb.xcore.vss__t14                 4.07855e-06
xzb.xcore.ibias__t25                   1.12786
xzb.xcore.tail__t240                   1.57967
xzb.xcore.vss__t394                7.36005e-13
xzb.xcore.tail__t138                   1.57967
xzb.xcore.ibias__t26                   1.12786
xzb.xcore.vss__t116                4.27393e-06
xzb.xcore.vss__t395                7.71266e-13
xzb.xcore.vss__t15                 4.47006e-06
xzb.xcore.ibias__t27                   1.12786
xzb.xcore.tail__t241                   1.57967
xzb.xcore.vss__t396                8.06662e-13
xzb.xcore.tail__t139                   1.57967
xzb.xcore.ibias__t28                   1.12786
xzb.xcore.vss__t117                4.66684e-06
xzb.xcore.vss__t397                8.42176e-13
xzb.xcore.vss__t16                 4.86419e-06
xzb.xcore.ibias__t29                   1.12786
xzb.xcore.tail__t242                   1.57967
xzb.xcore.vss__t398                8.77792e-13
xzb.xcore.tail__t140                   1.57967
xzb.xcore.ibias__t30                   1.12786
xzb.xcore.vss__t118                5.06205e-06
xzb.xcore.vss__t399                9.13499e-13
xzb.xcore.vss__t21                 5.26036e-06
xzb.xcore.ibias__t41                   1.12786
xzb.xcore.tail__t247                   1.57967
xzb.xcore.vss__t400                9.49284e-13
xzb.xcore.tail__t142                   1.57967
xzb.xcore.ibias__t32                   1.12786
xzb.xcore.vss__t120                5.45906e-06
xzb.xcore.vss__t401                9.85141e-13
xzb.xcore.vss__t17                 5.65812e-06
xzb.xcore.ibias__t33                   1.12786
xzb.xcore.tail__t243                   1.57967
xzb.xcore.vss__t402                1.02106e-12
xzb.xcore.tail__t143                   1.57967
xzb.xcore.ibias__t34                   1.12786
xzb.xcore.vss__t121                5.85751e-06
xzb.xcore.vss__t403                1.05704e-12
xzb.xcore.vss__t18                 6.05718e-06
xzb.xcore.ibias__t35                   1.12786
xzb.xcore.tail__t244                   1.57967
xzb.xcore.vss__t404                1.09306e-12
xzb.xcore.tail__t144                   1.57967
xzb.xcore.ibias__t36                   1.12786
xzb.xcore.vss__t122                6.25711e-06
xzb.xcore.vss__t405                1.12914e-12
xzb.xcore.vss__t19                 6.45728e-06
xzb.xcore.ibias__t37                   1.12786
xzb.xcore.tail__t245                   1.57967
xzb.xcore.vss__t406                1.16526e-12
xzb.xcore.tail__t145                   1.57967
xzb.xcore.ibias__t38                   1.12786
xzb.xcore.vss__t123                6.65767e-06
xzb.xcore.vss__t407                1.20141e-12
xzb.xcore.vss__t20                 6.85825e-06
xzb.xcore.ibias__t39                   1.12786
xzb.xcore.tail__t246                   1.57967
xzb.xcore.vss__t408                 1.2376e-12
xzb.xcore.tail__t146                   1.57967
xzb.xcore.ibias__t40                   1.12786
xzb.xcore.vss__t124                7.05901e-06
xzb.xcore.vss__t409                1.27383e-12
xzb.xcore.vss__t8                  7.25994e-06
xzb.xcore.ibias__t12                   1.12786
xzb.xcore.tail__t234                   1.57967
xzb.xcore.vss__t410                1.31008e-12
xzb.xcore.tail__t135                   1.57966
xzb.xcore.ibias__t21                   1.12786
xzb.xcore.vss__t113                7.46102e-06
xzb.xcore.vss__t411                1.34636e-12
xzb.xcore.vss__t9                  7.66224e-06
xzb.xcore.ibias__t13                   1.12786
xzb.xcore.tail__t235                   1.57966
xzb.xcore.vss__t412                1.38266e-12
xzb.xcore.tail__t131                   1.57966
xzb.xcore.ibias__t14                   1.12786
xzb.xcore.vss__t109                7.86358e-06
xzb.xcore.vss__t413                1.41899e-12
xzb.xcore.vss__t10                 8.06505e-06
xzb.xcore.ibias__t15                   1.12786
xzb.xcore.tail__t236                   1.57966
xzb.xcore.vss__t414                1.45534e-12
xzb.xcore.tail__t134                   1.57966
xzb.xcore.ibias__t20                   1.12786
xzb.xcore.vss__t112                8.26663e-06
xzb.xcore.vss__t415                1.49171e-12
xzb.xcore.vss__t12                 8.46831e-06
xzb.xcore.ibias__t19                   1.12786
xzb.xcore.tail__t238                   1.57966
xzb.xcore.vss__t416                 1.5281e-12
xzb.xcore.tail__t133                   1.57966
xzb.xcore.ibias__t18                   1.12786
xzb.xcore.vss__t111                8.67008e-06
xzb.xcore.vss__t417                 1.5645e-12
xzb.xcore.vss__t11                 8.87195e-06
xzb.xcore.ibias__t17                   1.12786
xzb.xcore.tail__t237                   1.57966
xzb.xcore.vss__t418                1.60092e-12
xzb.xcore.tail__t132                   1.57966
xzb.xcore.ibias__t16                   1.12786
xzb.xcore.vss__t110                9.07389e-06
xzb.xcore.vss__t419                1.63735e-12
xzb.xcore.vss__t7                  9.27592e-06
xzb.xcore.ibias__t11                   1.12786
xzb.xcore.tail__t233                   1.57966
xzb.xcore.vss__t420                 1.6738e-12
xzb.xcore.tail__t136                   1.57966
xzb.xcore.ibias__t22                   1.12786
xzb.xcore.vss__t114                9.47801e-06
xzb.xcore.vss__t421                1.71026e-12
xzb.xcore.vss__t23                 9.68018e-06
xzb.xcore.ibias__t45                   1.12786
xzb.xcore.tail__t249                   1.57966
xzb.xcore.vss__t422                1.74673e-12
xzb.xcore.tail__t150                   1.57966
xzb.xcore.ibias__t46                   1.12786
xzb.xcore.vss__t127                9.88241e-06
xzb.xcore.vss__t423                1.78322e-12
xzb.xcore.vss__t24                 1.00847e-05
xzb.xcore.ibias__t47                   1.12786
xzb.xcore.tail__t250                   1.57966
xzb.xcore.vss__t424                1.81971e-12
xzb.xcore.tail__t151                   1.57966
xzb.xcore.ibias__t48                   1.12786
xzb.xcore.vss__t128                 1.0287e-05
xzb.xcore.vss__t425                1.85621e-12
xzb.xcore.vss__t25                 1.04894e-05
xzb.xcore.ibias__t49                   1.12786
xzb.xcore.tail__t251                   1.57966
xzb.xcore.vss__t426                1.89273e-12
xzb.xcore.tail__t152                   1.57966
xzb.xcore.ibias__t50                   1.12786
xzb.xcore.vss__t129                1.06919e-05
xzb.xcore.vss__t427                1.92925e-12
xzb.xcore.vss__t32                 1.08944e-05
xzb.xcore.ibias__t61                   1.12786
xzb.xcore.tail__t258                   1.57966
xzb.xcore.vss__t428                1.96578e-12
xzb.xcore.tail__t153                   1.57966
xzb.xcore.ibias__t51                   1.12786
xzb.xcore.vss__t130                1.10969e-05
xzb.xcore.vss__t429                2.00231e-12
xzb.xcore.vss__t27                 1.12995e-05
xzb.xcore.ibias__t52                   1.12786
xzb.xcore.tail__t253                   1.57966
xzb.xcore.vss__t430                2.03886e-12
xzb.xcore.tail__t154                   1.57966
xzb.xcore.ibias__t53                   1.12786
xzb.xcore.vss__t131                1.15021e-05
xzb.xcore.vss__t431                2.07541e-12
xzb.xcore.vss__t28                 1.17048e-05
xzb.xcore.ibias__t54                   1.12786
xzb.xcore.tail__t254                   1.57966
xzb.xcore.vss__t432                2.11197e-12
xzb.xcore.tail__t155                   1.57966
xzb.xcore.ibias__t55                   1.12786
xzb.xcore.vss__t132                1.19075e-05
xzb.xcore.vss__t433                2.14853e-12
xzb.xcore.vss__t29                 1.21102e-05
xzb.xcore.ibias__t56                   1.12786
xzb.xcore.tail__t255                   1.57966
xzb.xcore.vss__t434                 2.1851e-12
xzb.xcore.tail__t156                   1.57966
xzb.xcore.ibias__t57                   1.12786
xzb.xcore.vss__t133                 1.2313e-05
xzb.xcore.vss__t435                2.22168e-12
xzb.xcore.vss__t30                 1.25157e-05
xzb.xcore.ibias__t58                   1.12786
xzb.xcore.tail__t256                   1.57966
xzb.xcore.vss__t436                2.25826e-12
xzb.xcore.tail__t157                   1.57966
xzb.xcore.ibias__t59                   1.12786
xzb.xcore.vss__t134                1.27186e-05
xzb.xcore.vss__t437                2.29484e-12
xzb.xcore.vss__t31                 1.29214e-05
xzb.xcore.ibias__t60                   1.12786
xzb.xcore.tail__t257                   1.57966
xzb.xcore.vss__t438                2.33143e-12
xzb.xcore.tail__t211                   1.57966
xzb.xcore.ibias__t176                  1.12786
xzb.xcore.vss__t193                1.31243e-05
xzb.xcore.vss__t439                2.36803e-12
xzb.xcore.vss__t88                 1.33272e-05
xzb.xcore.ibias__t175                  1.12786
xzb.xcore.tail__t311                   1.57966
xzb.xcore.vss__t440                2.40463e-12
xzb.xcore.tail__t165                   1.57965
xzb.xcore.ibias__t79                   1.12786
xzb.xcore.vss__t142                1.35301e-05
xzb.xcore.vss__t441                2.44123e-12
xzb.xcore.vss__t43                 1.37331e-05
xzb.xcore.ibias__t80                   1.12786
xzb.xcore.tail__t269                   1.57965
xzb.xcore.vss__t442                2.47784e-12
xzb.xcore.tail__t166                   1.57965
xzb.xcore.ibias__t81                   1.12786
xzb.xcore.vss__t143                 1.3936e-05
xzb.xcore.vss__t443                2.51445e-12
xzb.xcore.vss__t38                  1.4139e-05
xzb.xcore.ibias__t71                   1.12786
xzb.xcore.tail__t264                   1.57965
xzb.xcore.vss__t444                2.55106e-12
xzb.xcore.tail__t147                   1.57965
xzb.xcore.ibias__t42                   1.12786
xzb.xcore.vss__t125                 1.4342e-05
xzb.xcore.vss__t445                2.58768e-12
xzb.xcore.vss__t22                 1.45451e-05
xzb.xcore.ibias__t43                   1.12786
xzb.xcore.tail__t248                   1.57965
xzb.xcore.vss__t446                 2.6243e-12
xzb.xcore.tail__t148                   1.57965
xzb.xcore.ibias__t44                   1.12786
xzb.xcore.vss__t126                1.47481e-05
xzb.xcore.vss__t447                2.66093e-12
xzb.xcore.vss__t0                  1.49512e-05
xzb.xcore.ibias__t1                    1.12786
xzb.xcore.tail__t149                   1.57965
xzb.xcore.vss__t456                2.69755e-12
xzb.xcore.tail__t229                   1.57962
xzb.xcore.ibias__t2                    1.12786
xzb.xcore.vss__t1                  2.56636e-05
xzb.xcore.vss__t458                4.62834e-12
xzb.xcore.vss__t189                2.54602e-05
xzb.xcore.ibias__t170                  1.12786
xzb.xcore.tail__t228                   1.57962
xzb.xcore.vss__t250                4.59167e-12
xzb.xcore.tail__t209                   1.57962
xzb.xcore.ibias__t169                  1.12786
xzb.xcore.vss__t188                2.52567e-05
xzb.xcore.vss__t251                4.55499e-12
xzb.xcore.vss__t86                 2.50532e-05
xzb.xcore.ibias__t168                  1.12786
xzb.xcore.tail__t309                   1.57962
xzb.xcore.vss__t252                4.51832e-12
xzb.xcore.tail__t208                   1.57962
xzb.xcore.ibias__t167                  1.12786
xzb.xcore.vss__t187                2.48498e-05
xzb.xcore.vss__t253                4.48164e-12
xzb.xcore.vss__t85                 2.46463e-05
xzb.xcore.ibias__t166                  1.12786
xzb.xcore.tail__t308                   1.57962
xzb.xcore.vss__t254                4.44497e-12
xzb.xcore.tail__t207                   1.57962
xzb.xcore.ibias__t165                  1.12786
xzb.xcore.vss__t186                2.44429e-05
xzb.xcore.vss__t255                4.40829e-12
xzb.xcore.vss__t84                 2.42394e-05
xzb.xcore.ibias__t164                  1.12786
xzb.xcore.tail__t307                   1.57962
xzb.xcore.vss__t256                4.37162e-12
xzb.xcore.tail__t210                   1.57962
xzb.xcore.ibias__t173                  1.12786
xzb.xcore.vss__t191                 2.4036e-05
xzb.xcore.vss__t257                4.33494e-12
xzb.xcore.vss__t87                 2.38325e-05
xzb.xcore.ibias__t172                  1.12786
xzb.xcore.tail__t310                   1.57962
xzb.xcore.vss__t258                4.29827e-12
xzb.xcore.tail__t219                   1.57962
xzb.xcore.ibias__t195                  1.12786
xzb.xcore.vss__t201                2.36291e-05
xzb.xcore.vss__t259                 4.2616e-12
xzb.xcore.vss__t99                 2.34256e-05
xzb.xcore.ibias__t194                  1.12786
xzb.xcore.tail__t321                   1.57962
xzb.xcore.vss__t260                4.22493e-12
xzb.xcore.tail__t227                   1.57962
xzb.xcore.ibias__t209                  1.12786
xzb.xcore.vss__t209                2.32222e-05
xzb.xcore.vss__t261                4.18825e-12
xzb.xcore.vss__t97                 2.30188e-05
xzb.xcore.ibias__t192                  1.12786
xzb.xcore.tail__t319                   1.57962
xzb.xcore.vss__t262                4.15158e-12
xzb.xcore.tail__t218                   1.57962
xzb.xcore.ibias__t191                  1.12786
xzb.xcore.vss__t200                2.28154e-05
xzb.xcore.vss__t263                4.11491e-12
xzb.xcore.vss__t96                 2.26119e-05
xzb.xcore.ibias__t190                  1.12786
xzb.xcore.tail__t318                   1.57962
xzb.xcore.vss__t264                4.07824e-12
xzb.xcore.tail__t217                   1.57962
xzb.xcore.ibias__t189                  1.12786
xzb.xcore.vss__t199                2.24085e-05
xzb.xcore.vss__t265                4.04157e-12
xzb.xcore.vss__t95                 2.22051e-05
xzb.xcore.ibias__t188                  1.12786
xzb.xcore.tail__t317                   1.57962
xzb.xcore.vss__t266                 4.0049e-12
xzb.xcore.tail__t216                   1.57962
xzb.xcore.ibias__t187                  1.12786
xzb.xcore.vss__t198                2.20017e-05
xzb.xcore.vss__t267                3.96823e-12
xzb.xcore.vss__t94                 2.17983e-05
xzb.xcore.ibias__t186                  1.12786
xzb.xcore.tail__t316                   1.57963
xzb.xcore.vss__t268                3.93156e-12
xzb.xcore.tail__t215                   1.57963
xzb.xcore.ibias__t185                  1.12786
xzb.xcore.vss__t197                2.15949e-05
xzb.xcore.vss__t269                 3.8949e-12
xzb.xcore.vss__t93                 2.13915e-05
xzb.xcore.ibias__t184                  1.12786
xzb.xcore.tail__t315                   1.57963
xzb.xcore.vss__t270                3.85823e-12
xzb.xcore.tail__t214                   1.57963
xzb.xcore.ibias__t183                  1.12786
xzb.xcore.vss__t196                2.11881e-05
xzb.xcore.vss__t271                3.82156e-12
xzb.xcore.vss__t92                 2.09848e-05
xzb.xcore.ibias__t182                  1.12786
xzb.xcore.tail__t314                   1.57963
xzb.xcore.vss__t272                 3.7849e-12
xzb.xcore.tail__t213                   1.57963
xzb.xcore.ibias__t181                  1.12786
xzb.xcore.vss__t195                2.07814e-05
xzb.xcore.vss__t273                3.74823e-12
xzb.xcore.vss__t91                  2.0578e-05
xzb.xcore.ibias__t180                  1.12786
xzb.xcore.tail__t313                   1.57963
xzb.xcore.vss__t274                3.71157e-12
xzb.xcore.tail__t212                   1.57963
xzb.xcore.ibias__t179                  1.12786
xzb.xcore.vss__t194                2.03747e-05
xzb.xcore.vss__t275                 3.6749e-12
xzb.xcore.vss__t90                 2.01713e-05
xzb.xcore.ibias__t178                  1.12786
xzb.xcore.tail__t312                   1.57963
xzb.xcore.vss__t276                3.63824e-12
xzb.xcore.tail__t206                   1.57963
xzb.xcore.ibias__t161                  1.12786
xzb.xcore.vss__t184                 1.9968e-05
xzb.xcore.vss__t277                3.60158e-12
xzb.xcore.vss__t57                 1.97646e-05
xzb.xcore.ibias__t112                  1.12786
xzb.xcore.tail__t283                   1.57963
xzb.xcore.vss__t278                3.56492e-12
xzb.xcore.tail__t183                   1.57963
xzb.xcore.ibias__t111                  1.12786
xzb.xcore.vss__t160                1.95613e-05
xzb.xcore.vss__t279                3.52826e-12
xzb.xcore.vss__t56                  1.9358e-05
xzb.xcore.ibias__t110                  1.12786
xzb.xcore.tail__t282                   1.57963
xzb.xcore.vss__t280                 3.4916e-12
xzb.xcore.tail__t182                   1.57963
xzb.xcore.ibias__t109                  1.12786
xzb.xcore.vss__t159                1.91546e-05
xzb.xcore.vss__t281                3.45494e-12
xzb.xcore.vss__t55                 1.89513e-05
xzb.xcore.ibias__t108                  1.12786
xzb.xcore.tail__t281                   1.57963
xzb.xcore.vss__t282                3.41828e-12
xzb.xcore.tail__t181                   1.57963
xzb.xcore.ibias__t107                  1.12786
xzb.xcore.vss__t158                 1.8748e-05
xzb.xcore.vss__t283                3.38163e-12
xzb.xcore.vss__t54                 1.85447e-05
xzb.xcore.ibias__t106                  1.12786
xzb.xcore.tail__t280                   1.57963
xzb.xcore.vss__t284                3.34497e-12
xzb.xcore.tail__t180                   1.57963
xzb.xcore.ibias__t105                  1.12786
xzb.xcore.vss__t157                1.83414e-05
xzb.xcore.vss__t285                3.30832e-12
xzb.xcore.vss__t53                 1.81382e-05
xzb.xcore.ibias__t104                  1.12786
xzb.xcore.tail__t279                   1.57963
xzb.xcore.vss__t286                3.27167e-12
xzb.xcore.tail__t205                   1.57963
xzb.xcore.ibias__t156                  1.12786
xzb.xcore.vss__t182                1.79349e-05
xzb.xcore.vss__t287                3.23502e-12
xzb.xcore.vss__t79                 1.77316e-05
xzb.xcore.ibias__t155                  1.12786
xzb.xcore.tail__t305                   1.57963
xzb.xcore.vss__t288                3.19837e-12
xzb.xcore.tail__t204                   1.57963
xzb.xcore.ibias__t154                  1.12786
xzb.xcore.vss__t181                1.75284e-05
xzb.xcore.vss__t289                3.16172e-12
xzb.xcore.vss__t78                 1.73252e-05
xzb.xcore.ibias__t153                  1.12786
xzb.xcore.tail__t304                   1.57963
xzb.xcore.vss__t290                3.12508e-12
xzb.xcore.tail__t203                   1.57963
xzb.xcore.ibias__t152                  1.12786
xzb.xcore.vss__t180                1.71219e-05
xzb.xcore.vss__t291                3.08843e-12
xzb.xcore.vss__t77                 1.69187e-05
xzb.xcore.ibias__t151                  1.12786
xzb.xcore.tail__t303                   1.57963
xzb.xcore.vss__t292                3.05179e-12
xzb.xcore.tail__t202                   1.57963
xzb.xcore.ibias__t150                  1.12786
xzb.xcore.vss__t179                1.67155e-05
xzb.xcore.vss__t293                3.01515e-12
xzb.xcore.vss__t76                 1.65123e-05
xzb.xcore.ibias__t149                  1.12786
xzb.xcore.tail__t302                   1.57963
xzb.xcore.vss__t294                2.97851e-12
xzb.xcore.tail__t201                   1.57963
xzb.xcore.ibias__t148                  1.12786
xzb.xcore.vss__t178                1.63091e-05
xzb.xcore.vss__t295                2.94187e-12
xzb.xcore.vss__t75                  1.6106e-05
xzb.xcore.ibias__t147                  1.12786
xzb.xcore.tail__t301                   1.57963
xzb.xcore.vss__t296                2.90524e-12
xzb.xcore.tail__t200                   1.57963
xzb.xcore.ibias__t146                  1.12786
xzb.xcore.vss__t177                1.59028e-05
xzb.xcore.vss__t297                 2.8686e-12
xzb.xcore.vss__t98                 1.56997e-05
xzb.xcore.ibias__t193                  1.12786
xzb.xcore.tail__t320                   1.57964
xzb.xcore.vss__t298                2.83197e-12
xzb.xcore.tail__t226                   1.57964
xzb.xcore.ibias__t208                  1.12786
xzb.xcore.vss__t208                1.54966e-05
xzb.xcore.vss__t299                2.79535e-12
xzb.xcore.vss__t105                1.52935e-05
xzb.xcore.ibias__t207                  1.12786
xzb.xcore.tail__t327                   1.57964
xzb.xcore.vss__t300                2.75872e-12
xzb.xcore.tail__t225                   1.57964
xzb.xcore.ibias__t206                  1.12786
xzb.xcore.vss__t207                1.50904e-05
xzb.xcore.vss__t301                 2.7221e-12
xzb.xcore.vss__t104                1.48873e-05
xzb.xcore.ibias__t205                  1.12786
xzb.xcore.tail__t326                   1.57964
xzb.xcore.vss__t302                2.68547e-12
xzb.xcore.tail__t224                   1.57964
xzb.xcore.ibias__t204                  1.12786
xzb.xcore.vss__t206                1.46842e-05
xzb.xcore.vss__t303                2.64886e-12
xzb.xcore.vss__t103                1.44812e-05
xzb.xcore.ibias__t203                  1.12786
xzb.xcore.tail__t325                   1.57964
xzb.xcore.vss__t304                2.61224e-12
xzb.xcore.tail__t223                   1.57964
xzb.xcore.ibias__t202                  1.12786
xzb.xcore.vss__t205                1.42782e-05
xzb.xcore.vss__t305                2.57563e-12
xzb.xcore.vss__t102                1.40752e-05
xzb.xcore.ibias__t201                  1.12786
xzb.xcore.tail__t324                   1.57964
xzb.xcore.vss__t306                2.53902e-12
xzb.xcore.tail__t222                   1.57964
xzb.xcore.ibias__t200                  1.12786
xzb.xcore.vss__t204                1.38722e-05
xzb.xcore.vss__t307                2.50242e-12
xzb.xcore.vss__t101                1.36692e-05
xzb.xcore.ibias__t199                  1.12786
xzb.xcore.tail__t323                   1.57964
xzb.xcore.vss__t308                2.46581e-12
xzb.xcore.tail__t221                   1.57964
xzb.xcore.ibias__t198                  1.12786
xzb.xcore.vss__t203                1.34663e-05
xzb.xcore.vss__t309                2.42921e-12
xzb.xcore.vss__t100                1.32634e-05
xzb.xcore.ibias__t197                  1.12786
xzb.xcore.tail__t322                   1.57964
xzb.xcore.vss__t310                2.39262e-12
xzb.xcore.tail__t220                   1.57964
xzb.xcore.ibias__t196                  1.12786
xzb.xcore.vss__t202                1.30605e-05
xzb.xcore.vss__t311                2.35603e-12
xzb.xcore.vss__t80                 1.28576e-05
xzb.xcore.ibias__t157                  1.12786
xzb.xcore.tail__t306                   1.57964
xzb.xcore.vss__t312                2.31944e-12
xzb.xcore.tail__t185                   1.57964
xzb.xcore.ibias__t116                  1.12786
xzb.xcore.vss__t162                1.26548e-05
xzb.xcore.vss__t313                2.28286e-12
xzb.xcore.vss__t59                 1.24519e-05
xzb.xcore.ibias__t115                  1.12786
xzb.xcore.tail__t285                   1.57964
xzb.xcore.vss__t314                2.24629e-12
xzb.xcore.tail__t184                   1.57964
xzb.xcore.ibias__t114                  1.12786
xzb.xcore.vss__t161                1.22492e-05
xzb.xcore.vss__t315                2.20971e-12
xzb.xcore.vss__t71                 1.20464e-05
xzb.xcore.ibias__t139                  1.12786
xzb.xcore.tail__t297                   1.57964
xzb.xcore.vss__t316                2.17315e-12
xzb.xcore.tail__t196                   1.57964
xzb.xcore.ibias__t138                  1.12786
xzb.xcore.vss__t173                1.18437e-05
xzb.xcore.vss__t317                2.13659e-12
xzb.xcore.vss__t70                  1.1641e-05
xzb.xcore.ibias__t137                  1.12786
xzb.xcore.tail__t296                   1.57964
xzb.xcore.vss__t318                2.10003e-12
xzb.xcore.tail__t195                   1.57964
xzb.xcore.ibias__t136                  1.12786
xzb.xcore.vss__t172                1.14384e-05
xzb.xcore.vss__t319                2.06348e-12
xzb.xcore.vss__t69                 1.12358e-05
xzb.xcore.ibias__t135                  1.12786
xzb.xcore.tail__t295                   1.57964
xzb.xcore.vss__t320                2.02694e-12
xzb.xcore.tail__t194                   1.57964
xzb.xcore.ibias__t134                  1.12786
xzb.xcore.vss__t171                1.10332e-05
xzb.xcore.vss__t321                1.99041e-12
xzb.xcore.vss__t61                 1.08307e-05
xzb.xcore.ibias__t119                  1.12786
xzb.xcore.tail__t287                   1.57964
xzb.xcore.vss__t322                1.95388e-12
xzb.xcore.tail__t179                   1.57964
xzb.xcore.ibias__t103                  1.12786
xzb.xcore.vss__t156                1.06282e-05
xzb.xcore.vss__t323                1.91736e-12
xzb.xcore.vss__t48                 1.04258e-05
xzb.xcore.ibias__t92                   1.12786
xzb.xcore.tail__t274                   1.57964
xzb.xcore.vss__t324                1.88085e-12
xzb.xcore.tail__t178                   1.57964
xzb.xcore.ibias__t102                  1.12786
xzb.xcore.vss__t155                1.02234e-05
xzb.xcore.vss__t325                1.84435e-12
xzb.xcore.vss__t52                 1.00211e-05
xzb.xcore.ibias__t101                  1.12786
xzb.xcore.tail__t278                   1.57964
xzb.xcore.vss__t326                1.80785e-12
xzb.xcore.tail__t177                   1.57964
xzb.xcore.ibias__t100                  1.12786
xzb.xcore.vss__t154                9.81878e-06
xzb.xcore.vss__t327                1.77137e-12
xzb.xcore.vss__t51                 9.61657e-06
xzb.xcore.ibias__t99                   1.12786
xzb.xcore.tail__t277                   1.57965
xzb.xcore.vss__t328                 1.7349e-12
xzb.xcore.tail__t176                   1.57965
xzb.xcore.ibias__t98                   1.12786
xzb.xcore.vss__t153                9.41443e-06
xzb.xcore.vss__t329                1.69844e-12
xzb.xcore.vss__t58                 9.21236e-06
xzb.xcore.ibias__t113                  1.12786
xzb.xcore.tail__t284                   1.57965
xzb.xcore.vss__t330                1.66199e-12
xzb.xcore.tail__t174                   1.57965
xzb.xcore.ibias__t96                   1.12786
xzb.xcore.vss__t151                9.01036e-06
xzb.xcore.vss__t331                1.62555e-12
xzb.xcore.vss__t50                 8.80844e-06
xzb.xcore.ibias__t95                   1.12786
xzb.xcore.tail__t276                   1.57965
xzb.xcore.vss__t332                1.58913e-12
xzb.xcore.tail__t173                   1.57965
xzb.xcore.ibias__t94                   1.12786
xzb.xcore.vss__t150                 8.6066e-06
xzb.xcore.vss__t333                1.55273e-12
xzb.xcore.vss__t49                 8.40485e-06
xzb.xcore.ibias__t93                   1.12786
xzb.xcore.tail__t275                   1.57965
xzb.xcore.vss__t334                1.51634e-12
xzb.xcore.tail__t172                   1.57965
xzb.xcore.ibias__t91                   1.12786
xzb.xcore.vss__t149                8.20321e-06
xzb.xcore.vss__t335                1.47996e-12
xzb.xcore.vss__t47                 8.00166e-06
xzb.xcore.ibias__t90                   1.12786
xzb.xcore.tail__t273                   1.57965
xzb.xcore.vss__t336                1.44361e-12
xzb.xcore.tail__t171                   1.57965
xzb.xcore.ibias__t89                   1.12786
xzb.xcore.vss__t148                7.80023e-06
xzb.xcore.vss__t337                1.40727e-12
xzb.xcore.vss__t46                 7.59892e-06
xzb.xcore.ibias__t88                   1.12786
xzb.xcore.tail__t272                   1.57965
xzb.xcore.vss__t338                1.37096e-12
xzb.xcore.tail__t170                   1.57965
xzb.xcore.ibias__t87                   1.12786
xzb.xcore.vss__t147                7.39775e-06
xzb.xcore.vss__t339                1.33467e-12
xzb.xcore.vss__t45                 7.19672e-06
xzb.xcore.ibias__t86                   1.12786
xzb.xcore.tail__t271                   1.57965
xzb.xcore.vss__t340                1.29841e-12
xzb.xcore.tail__t169                   1.57965
xzb.xcore.ibias__t85                   1.12786
xzb.xcore.vss__t146                6.99584e-06
xzb.xcore.vss__t341                1.26217e-12
xzb.xcore.vss__t44                 6.79513e-06
xzb.xcore.ibias__t84                   1.12786
xzb.xcore.tail__t270                   1.57965
xzb.xcore.vss__t342                1.22596e-12
xzb.xcore.tail__t168                   1.57965
xzb.xcore.ibias__t83                   1.12786
xzb.xcore.vss__t145                6.59461e-06
xzb.xcore.vss__t343                1.18979e-12
xzb.xcore.vss__t66                 6.39429e-06
xzb.xcore.ibias__t129                  1.12786
xzb.xcore.tail__t292                   1.57965
xzb.xcore.vss__t344                1.15365e-12
xzb.xcore.tail__t199                   1.57965
xzb.xcore.ibias__t144                  1.12786
xzb.xcore.vss__t176                6.19419e-06
xzb.xcore.vss__t345                1.11756e-12
xzb.xcore.vss__t73                 5.99434e-06
xzb.xcore.ibias__t143                  1.12786
xzb.xcore.tail__t299                   1.57965
xzb.xcore.vss__t346                 1.0815e-12
xzb.xcore.tail__t198                   1.57965
xzb.xcore.ibias__t142                  1.12786
xzb.xcore.vss__t175                5.79475e-06
xzb.xcore.vss__t347                 1.0455e-12
xzb.xcore.vss__t72                 5.59547e-06
xzb.xcore.ibias__t141                  1.12786
xzb.xcore.tail__t298                   1.57965
xzb.xcore.vss__t348                1.00955e-12
xzb.xcore.outp__t53                    2.99989
xzb.xcore.inp__t1                       3.0855
xzb.xcore.tail__t0                     1.57973
xzb.xcore.vss__t460                1.52901e-12
xzb.xcore.tail__t119                   1.57973
xzb.xcore.inp__t53                      3.0855
xzb.xcore.outp__t52                    2.99989
xzb.xcore.vss__t462                1.54348e-12
xzb.xcore.outp__t46                    2.99989
xzb.xcore.inp__t52                      3.0855
xzb.xcore.tail__t118                   1.57973
xzb.xcore.vss__t463                1.55796e-12
xzb.xcore.tail__t58                    1.57973
xzb.xcore.inp__t61                      3.0855
xzb.xcore.outp__t82                    2.99988
xzb.xcore.vss__t464                1.57244e-12
xzb.xcore.outp__t30                    2.99988
xzb.xcore.inp__t24                      3.0855
xzb.xcore.tail__t98                    1.57973
xzb.xcore.vss__t465                1.58691e-12
xzb.xcore.tail__t38                    1.57973
xzb.xcore.inp__t23                      3.0855
xzb.xcore.outp__t64                    2.99988
xzb.xcore.vss__t466                1.60139e-12
xzb.xcore.outp__t29                    2.99988
xzb.xcore.inp__t22                      3.0855
xzb.xcore.tail__t97                    1.57973
xzb.xcore.vss__t467                1.61587e-12
xzb.xcore.tail__t37                    1.57973
xzb.xcore.inp__t21                      3.0855
xzb.xcore.outp__t63                    2.99988
xzb.xcore.vss__t468                1.63035e-12
xzb.xcore.outp__t28                    2.99988
xzb.xcore.inp__t20                      3.0855
xzb.xcore.tail__t96                    1.57973
xzb.xcore.vss__t469                1.64483e-12
xzb.xcore.tail__t36                    1.57973
xzb.xcore.inp__t19                      3.0855
xzb.xcore.outp__t62                    2.99987
xzb.xcore.vss__t470                1.65931e-12
xzb.xcore.outp__t27                    2.99987
xzb.xcore.inp__t18                      3.0855
xzb.xcore.tail__t95                    1.57973
xzb.xcore.vss__t471                1.67379e-12
xzb.xcore.tail__t35                    1.57974
xzb.xcore.inp__t17                      3.0855
xzb.xcore.outp__t61                    2.99987
xzb.xcore.vss__t472                1.68827e-12
xzb.xcore.outp__t26                    2.99987
xzb.xcore.inp__t16                      3.0855
xzb.xcore.tail__t94                    1.57974
xzb.xcore.vss__t473                1.70275e-12
xzb.xcore.tail__t33                    1.57974
xzb.xcore.inp__t15                      3.0855
xzb.xcore.outp__t60                    2.99987
xzb.xcore.vss__t474                1.71724e-12
xzb.xcore.outp__t47                    2.99987
xzb.xcore.inp__t54                      3.0855
xzb.xcore.tail__t120                   1.57974
xzb.xcore.vss__t475                1.73172e-12
xzb.xcore.tail__t54                    1.57974
xzb.xcore.inp__t55                      3.0855
xzb.xcore.outp__t78                    2.99987
xzb.xcore.vss__t476                 1.7462e-12
xzb.xcore.outp__t51                    2.99986
xzb.xcore.inp__t63                      3.0855
xzb.xcore.tail__t126                   1.57974
xzb.xcore.vss__t477                1.76068e-12
xzb.xcore.tail__t57                    1.57974
xzb.xcore.inp__t60                      3.0855
xzb.xcore.outp__t81                    2.99986
xzb.xcore.vss__t478                1.77517e-12
xzb.xcore.outp__t49                    2.99986
xzb.xcore.inp__t59                      3.0855
xzb.xcore.tail__t122                   1.57974
xzb.xcore.vss__t479                1.78965e-12
xzb.xcore.tail__t56                    1.57974
xzb.xcore.inp__t58                      3.0855
xzb.xcore.outp__t80                    2.99986
xzb.xcore.vss__t480                1.80414e-12
xzb.xcore.outp__t48                    2.99986
xzb.xcore.inp__t57                      3.0855
xzb.xcore.tail__t121                   1.57974
xzb.xcore.vss__t481                1.81862e-12
xzb.xcore.tail__t55                    1.57974
xzb.xcore.inp__t56                      3.0855
xzb.xcore.outp__t79                    2.99986
xzb.xcore.vss__t482                1.83311e-12
xzb.xcore.outp__t24                    2.99985
xzb.xcore.inp__t11                      3.0855
xzb.xcore.tail__t92                    1.57974
xzb.xcore.vss__t483                1.84759e-12
xzb.xcore.tail__t30                    1.57974
xzb.xcore.inp__t10                      3.0855
xzb.xcore.outp__t57                    2.99985
xzb.xcore.vss__t484                1.86208e-12
xzb.xcore.outp__t23                    2.99985
xzb.xcore.inp__t9                       3.0855
xzb.xcore.tail__t88                    1.57975
xzb.xcore.vss__t485                1.87657e-12
xzb.xcore.tail__t32                    1.57975
xzb.xcore.inp__t14                      3.0855
xzb.xcore.outp__t59                    2.99985
xzb.xcore.vss__t486                1.89105e-12
xzb.xcore.outp__t25                    2.99985
xzb.xcore.inp__t13                      3.0855
xzb.xcore.tail__t93                    1.57975
xzb.xcore.vss__t487                1.90554e-12
xzb.xcore.tail__t60                    1.57975
xzb.xcore.inp__t0                       3.0855
xzb.xcore.outp__t83                    2.99985
xzb.xcore.vss__t488                1.92003e-12
xzb.xcore.outp__t50                    2.99984
xzb.xcore.inp__t62                      3.0855
xzb.xcore.tail__t123                   1.57975
xzb.xcore.vss__t489                1.93452e-12
xzb.xcore.tail__t42                    1.57975
xzb.xcore.inp__t29                      3.0855
xzb.xcore.outp__t67                    2.99984
xzb.xcore.vss__t490                  1.949e-12
xzb.xcore.outp__t32                    2.99984
xzb.xcore.inp__t28                      3.0855
xzb.xcore.tail__t102                   1.57975
xzb.xcore.vss__t491                1.96349e-12
xzb.xcore.tail__t41                    1.57975
xzb.xcore.inp__t27                      3.0855
xzb.xcore.outp__t66                    2.99984
xzb.xcore.vss__t492                1.97798e-12
xzb.xcore.outp__t31                    2.99984
xzb.xcore.inp__t26                      3.0855
xzb.xcore.tail__t101                   1.57975
xzb.xcore.vss__t493                1.99247e-12
xzb.xcore.tail__t40                    1.57975
xzb.xcore.inp__t25                      3.0855
xzb.xcore.outp__t65                    2.99984
xzb.xcore.vss__t494                2.00696e-12
xzb.xcore.outp__t20                    2.99983
xzb.xcore.inp__t4                       3.0855
xzb.xcore.tail__t74                    1.57975
xzb.xcore.vss__t495                2.02145e-12
xzb.xcore.tail__t14                    1.57975
xzb.xcore.inp__t3                       3.0855
xzb.xcore.outp__t54                    2.99983
xzb.xcore.vss__t496                2.03594e-12
xzb.xcore.outp__t22                    2.99983
xzb.xcore.inp__t7                       3.0855
xzb.xcore.tail__t76                    1.57976
xzb.xcore.vss__t497                2.05043e-12
xzb.xcore.tail__t16                    1.57976
xzb.xcore.inp__t6                       3.0855
xzb.xcore.outp__t55                    2.99983
xzb.xcore.vss__t498                2.06492e-12
xzb.xcore.outp__t21                    2.99983
xzb.xcore.inp__t5                       3.0855
xzb.xcore.tail__t75                    1.57976
xzb.xcore.vss__t499                2.07941e-12
xzb.xcore.tail__t19                    1.57976
xzb.xcore.inp__t8                       3.0855
xzb.xcore.outp__t56                    2.99983
xzb.xcore.vss__t500                 2.0939e-12
xzb.xcore.outp__t45                    2.99982
xzb.xcore.inp__t50                      3.0855
xzb.xcore.tail__t116                   1.57976
xzb.xcore.vss__t501                2.10839e-12
xzb.xcore.tail__t51                    1.57976
xzb.xcore.inp__t49                      3.0855
xzb.xcore.outp__t76                    2.99982
xzb.xcore.vss__t502                2.12288e-12
xzb.xcore.outp__t44                    2.99982
xzb.xcore.inp__t48                      3.0855
xzb.xcore.tail__t115                   1.57976
xzb.xcore.vss__t503                2.13737e-12
xzb.xcore.tail__t50                    1.57976
xzb.xcore.inp__t47                      3.0855
xzb.xcore.outp__t75                    2.99982
xzb.xcore.vss__t504                2.15186e-12
xzb.xcore.outp__t43                    2.99982
xzb.xcore.inp__t46                      3.0855
xzb.xcore.tail__t114                   1.57976
xzb.xcore.vss__t505                2.16636e-12
xzb.xcore.tail__t49                    1.57976
xzb.xcore.inp__t45                      3.0855
xzb.xcore.outp__t74                    2.99982
xzb.xcore.vss__t506                2.18085e-12
xzb.xcore.outp__t42                    2.99981
xzb.xcore.inp__t44                      3.0855
xzb.xcore.tail__t113                   1.57976
xzb.xcore.vss__t507                2.19534e-12
xzb.xcore.tail__t48                    1.57976
xzb.xcore.inp__t43                      3.0855
xzb.xcore.outp__t73                    2.99981
xzb.xcore.vss__t508                2.20983e-12
xzb.xcore.outp__t41                    2.99981
xzb.xcore.inp__t42                      3.0855
xzb.xcore.tail__t112                   1.57976
xzb.xcore.vss__t509                2.22432e-12
xzb.xcore.tail__t47                    1.57977
xzb.xcore.inp__t41                      3.0855
xzb.xcore.outp__t72                    2.99981
xzb.xcore.vss__t510                2.23882e-12
xzb.xcore.outp__t40                    2.99981
xzb.xcore.inp__t40                      3.0855
xzb.xcore.tail__t111                   1.57977
xzb.xcore.vss__t511                2.25331e-12
xzb.xcore.tail__t46                    1.57977
xzb.xcore.inp__t39                      3.0855
xzb.xcore.outp__t71                    2.99981
xzb.xcore.vss__t512                 2.2678e-12
xzb.xcore.outp__t39                     2.9998
xzb.xcore.inp__t38                      3.0855
xzb.xcore.tail__t110                   1.57977
xzb.xcore.vss__t513                 2.2823e-12
xzb.xcore.tail__t53                    1.57977
xzb.xcore.inp__t51                      3.0855
xzb.xcore.outp__t77                     2.9998
xzb.xcore.vss__t514                2.29679e-12
xzb.xcore.outp__t38                     2.9998
xzb.xcore.inp__t37                      3.0855
xzb.xcore.tail__t108                   1.57977
xzb.xcore.vss__t515                2.31128e-12
xzb.xcore.tail__t45                    1.57977
xzb.xcore.inp__t36                      3.0855
xzb.xcore.outp__t70                     2.9998
xzb.xcore.vss__t516                2.32578e-12
xzb.xcore.outp__t37                     2.9998
xzb.xcore.inp__t35                      3.0855
xzb.xcore.tail__t107                   1.57977
xzb.xcore.vss__t517                2.34027e-12
xzb.xcore.tail__t44                    1.57977
xzb.xcore.inp__t34                      3.0855
xzb.xcore.outp__t69                     2.9998
xzb.xcore.vss__t518                2.35476e-12
xzb.xcore.outp__t36                    2.99979
xzb.xcore.inp__t33                      3.0855
xzb.xcore.tail__t106                   1.57977
xzb.xcore.vss__t519                2.36926e-12
xzb.xcore.tail__t31                    1.57977
xzb.xcore.inp__t12                      3.0855
xzb.xcore.outp__t58                    2.99979
xzb.xcore.vss__t520                2.38375e-12
xzb.xcore.outp__t35                    2.99979
xzb.xcore.inp__t32                      3.0855
xzb.xcore.tail__t104                   1.57977
xzb.xcore.vss__t521                2.39824e-12
xzb.xcore.tail__t43                    1.57977
xzb.xcore.inp__t31                      3.0855
xzb.xcore.outp__t68                    2.99979
xzb.xcore.vss__t522                2.41274e-12
xzb.xcore.outp__t33                    2.99979
xzb.xcore.inp__t30                      3.0855
xzb.xcore.tail__t103                   1.57978
xzb.xcore.vss__t523                2.42723e-12
xzb.xcore.tail__t1                     1.57978
xzb.xcore.inp__t2                       3.0855
xzb.xcore.outp__t34                    2.99979
xzb.xcore.vss__t586                2.44173e-12
xzb.xcore.ibias__t215                  1.12513
xzb.xcore.ibias__t3                    1.12786
xzb.xcore.vss__t2                  2.51858e-05
xzb.xcore.vss__t459                5.66833e-13
xzb.xcore.vss__t81                 2.49859e-05
xzb.xcore.ibias__t158                  1.12786
xzb.xcore.ibias__t216                  1.12516
xzb.xcore.vss__t448                5.62349e-13
xzb.xcore.ibias__t213                  1.12519
xzb.xcore.ibias__t171                  1.12786
xzb.xcore.vss__t190                2.47861e-05
xzb.xcore.vss__t449                5.57865e-13
xzb.xcore.vss__t83                 2.45863e-05
xzb.xcore.ibias__t163                  1.12786
xzb.xcore.ibias__t218                  1.12522
xzb.xcore.vss__t450                5.53381e-13
xzb.xcore.ibias__t212                  1.12525
xzb.xcore.ibias__t162                  1.12786
xzb.xcore.vss__t185                2.43865e-05
xzb.xcore.vss__t451                5.48897e-13
xzb.xcore.vss__t89                 2.41867e-05
xzb.xcore.ibias__t177                  1.12786
xzb.xcore.ibias__t219                  1.12528
xzb.xcore.vss__t452                5.44412e-13
xzb.xcore.ibias__t211                  1.12531
xzb.xcore.ibias__t160                  1.12786
xzb.xcore.vss__t183                2.39868e-05
xzb.xcore.vss__t453                5.39928e-13
xzb.xcore.vss__t82                  2.3787e-05
xzb.xcore.ibias__t159                  1.12786
xzb.xcore.ibias__t217                  1.12534
xzb.xcore.vss__t454                5.35443e-13
xzb.xcore.ibias__t214                  1.12537
xzb.xcore.ibias__t174                  1.12786
xzb.xcore.vss__t192                2.35872e-05
xzb.xcore.vss__t455                5.30958e-13
xzb.xcore.vss__t3                  2.33874e-05
xzb.xcore.ibias__t4                    1.12786
xzb.xcore.ibias__t210                   1.1254
xzb.xcore.vss__t457                5.26473e-13
xzb.xcore.outn__t52                        3.3
xzb.xcore.inn__t1                       1.9965
xzb.xcore.tail__t3                     1.57967
xzb.xcore.vss__t461                1.56314e-12
xzb.xcore.tail__t62                    1.57967
xzb.xcore.inn__t58                      1.9965
xzb.xcore.outn__t81                        3.3
xzb.xcore.vss__t524                1.57798e-12
xzb.xcore.outn__t49                        3.3
xzb.xcore.inn__t59                      1.9965
xzb.xcore.tail__t124                   1.57967
xzb.xcore.vss__t525                1.59281e-12
xzb.xcore.tail__t63                    1.57967
xzb.xcore.inn__t60                      1.9965
xzb.xcore.outn__t82                        3.3
xzb.xcore.vss__t526                1.60764e-12
xzb.xcore.outn__t50                        3.3
xzb.xcore.inn__t61                      1.9965
xzb.xcore.tail__t125                   1.57967
xzb.xcore.vss__t527                1.62248e-12
xzb.xcore.tail__t64                    1.57967
xzb.xcore.inn__t62                      1.9965
xzb.xcore.outn__t83                        3.3
xzb.xcore.vss__t528                1.63732e-12
xzb.xcore.outn__t46                        3.3
xzb.xcore.inn__t52                      1.9965
xzb.xcore.tail__t105                   1.57967
xzb.xcore.vss__t529                1.65215e-12
xzb.xcore.tail__t15                    1.57967
xzb.xcore.inn__t21                      1.9965
xzb.xcore.outn__t63                        3.3
xzb.xcore.vss__t530                1.66699e-12
xzb.xcore.outn__t45                        3.3
xzb.xcore.inn__t51                      1.9965
xzb.xcore.tail__t100                   1.57967
xzb.xcore.vss__t531                1.68182e-12
xzb.xcore.tail__t34                    1.57967
xzb.xcore.inn__t48                      1.9965
xzb.xcore.outn__t76                        3.3
xzb.xcore.vss__t532                1.69666e-12
xzb.xcore.outn__t44                        3.3
xzb.xcore.inn__t50                      1.9965
xzb.xcore.tail__t99                    1.57967
xzb.xcore.vss__t533                 1.7115e-12
xzb.xcore.tail__t61                    1.57967
xzb.xcore.inn__t57                      1.9965
xzb.xcore.outn__t80                        3.3
xzb.xcore.vss__t534                1.72634e-12
xzb.xcore.outn__t40                        3.3
xzb.xcore.inn__t42                      1.9965
xzb.xcore.tail__t87                    1.57967
xzb.xcore.vss__t535                1.74117e-12
xzb.xcore.tail__t27                    1.57967
xzb.xcore.inn__t41                      1.9965
xzb.xcore.outn__t73                        3.3
xzb.xcore.vss__t536                1.75601e-12
xzb.xcore.outn__t39                        3.3
xzb.xcore.inn__t40                      1.9965
xzb.xcore.tail__t86                    1.57967
xzb.xcore.vss__t537                1.77085e-12
xzb.xcore.tail__t26                    1.57967
xzb.xcore.inn__t39                      1.9965
xzb.xcore.outn__t72                        3.3
xzb.xcore.vss__t538                1.78569e-12
xzb.xcore.outn__t38                        3.3
xzb.xcore.inn__t38                      1.9965
xzb.xcore.tail__t85                    1.57967
xzb.xcore.vss__t539                1.80053e-12
xzb.xcore.tail__t25                    1.57967
xzb.xcore.inn__t37                      1.9965
xzb.xcore.outn__t71                        3.3
xzb.xcore.vss__t540                1.81537e-12
xzb.xcore.outn__t47                        3.3
xzb.xcore.inn__t53                      1.9965
xzb.xcore.tail__t109                   1.57967
xzb.xcore.vss__t541                1.83021e-12
xzb.xcore.tail__t52                    1.57967
xzb.xcore.inn__t55                      1.9965
xzb.xcore.outn__t78                        3.3
xzb.xcore.vss__t542                1.84505e-12
xzb.xcore.outn__t48                        3.3
xzb.xcore.inn__t54                      1.9965
xzb.xcore.tail__t117                   1.57967
xzb.xcore.vss__t543                1.85989e-12
xzb.xcore.tail__t39                    1.57967
xzb.xcore.inn__t49                      1.9965
xzb.xcore.outn__t77                        3.3
xzb.xcore.vss__t544                1.87473e-12
xzb.xcore.outn__t41                        3.3
xzb.xcore.inn__t43                      1.9965
xzb.xcore.tail__t89                    1.57967
xzb.xcore.vss__t545                1.88957e-12
xzb.xcore.tail__t29                    1.57967
xzb.xcore.inn__t47                      1.9965
xzb.xcore.outn__t75                        3.3
xzb.xcore.vss__t546                1.90441e-12
xzb.xcore.outn__t43                        3.3
xzb.xcore.inn__t46                      1.9965
xzb.xcore.tail__t91                    1.57967
xzb.xcore.vss__t547                1.91925e-12
xzb.xcore.tail__t28                    1.57967
xzb.xcore.inn__t45                      1.9965
xzb.xcore.outn__t74                        3.3
xzb.xcore.vss__t548                1.93409e-12
xzb.xcore.outn__t42                        3.3
xzb.xcore.inn__t44                      1.9965
xzb.xcore.tail__t90                    1.57967
xzb.xcore.vss__t549                1.94893e-12
xzb.xcore.tail__t59                    1.57967
xzb.xcore.inn__t56                      1.9965
xzb.xcore.outn__t79                        3.3
xzb.xcore.vss__t550                1.96378e-12
xzb.xcore.outn__t51                        3.3
xzb.xcore.inn__t63                      1.9965
xzb.xcore.tail__t127                   1.57967
xzb.xcore.vss__t551                1.97862e-12
xzb.xcore.tail__t13                    1.57967
xzb.xcore.inn__t19                      1.9965
xzb.xcore.outn__t62                        3.3
xzb.xcore.vss__t552                1.99346e-12
xzb.xcore.outn__t28                        3.3
xzb.xcore.inn__t18                      1.9965
xzb.xcore.tail__t72                    1.57967
xzb.xcore.vss__t553                 2.0083e-12
xzb.xcore.tail__t12                    1.57967
xzb.xcore.inn__t17                      1.9965
xzb.xcore.outn__t61                        3.3
xzb.xcore.vss__t554                2.02315e-12
xzb.xcore.outn__t27                        3.3
xzb.xcore.inn__t16                      1.9965
xzb.xcore.tail__t71                    1.57967
xzb.xcore.vss__t555                2.03799e-12
xzb.xcore.tail__t11                    1.57967
xzb.xcore.inn__t15                      1.9965
xzb.xcore.outn__t60                        3.3
xzb.xcore.vss__t556                2.05283e-12
xzb.xcore.outn__t26                        3.3
xzb.xcore.inn__t14                      1.9965
xzb.xcore.tail__t70                    1.57967
xzb.xcore.vss__t557                2.06768e-12
xzb.xcore.tail__t10                    1.57967
xzb.xcore.inn__t13                      1.9965
xzb.xcore.outn__t59                        3.3
xzb.xcore.vss__t558                2.08252e-12
xzb.xcore.outn__t25                        3.3
xzb.xcore.inn__t12                      1.9965
xzb.xcore.tail__t69                    1.57967
xzb.xcore.vss__t559                2.09736e-12
xzb.xcore.tail__t6                     1.57967
xzb.xcore.inn__t5                       1.9965
xzb.xcore.outn__t55                        3.3
xzb.xcore.vss__t560                2.11221e-12
xzb.xcore.outn__t24                        3.3
xzb.xcore.inn__t11                      1.9965
xzb.xcore.tail__t68                    1.57967
xzb.xcore.vss__t561                2.12705e-12
xzb.xcore.tail__t4                     1.57967
xzb.xcore.inn__t2                       1.9965
xzb.xcore.outn__t53                        3.3
xzb.xcore.vss__t562                 2.1419e-12
xzb.xcore.outn__t21                        3.3
xzb.xcore.inn__t3                       1.9965
xzb.xcore.tail__t65                    1.57967
xzb.xcore.vss__t563                2.15674e-12
xzb.xcore.tail__t5                     1.57967
xzb.xcore.inn__t4                       1.9965
xzb.xcore.outn__t54                        3.3
xzb.xcore.vss__t564                2.17158e-12
xzb.xcore.outn__t22                        3.3
xzb.xcore.inn__t6                       1.9965
xzb.xcore.tail__t66                    1.57967
xzb.xcore.vss__t565                2.18643e-12
xzb.xcore.tail__t7                     1.57967
xzb.xcore.inn__t7                       1.9965
xzb.xcore.outn__t56                        3.3
xzb.xcore.vss__t566                2.20127e-12
xzb.xcore.outn__t23                        3.3
xzb.xcore.inn__t8                       1.9965
xzb.xcore.tail__t67                    1.57967
xzb.xcore.vss__t567                2.21612e-12
xzb.xcore.tail__t8                     1.57967
xzb.xcore.inn__t9                       1.9965
xzb.xcore.outn__t57                        3.3
xzb.xcore.vss__t568                2.23096e-12
xzb.xcore.outn__t29                        3.3
xzb.xcore.inn__t20                      1.9965
xzb.xcore.tail__t73                    1.57967
xzb.xcore.vss__t569                2.24581e-12
xzb.xcore.tail__t9                     1.57967
xzb.xcore.inn__t10                      1.9965
xzb.xcore.outn__t58                        3.3
xzb.xcore.vss__t570                2.26066e-12
xzb.xcore.outn__t36                        3.3
xzb.xcore.inn__t35                      1.9965
xzb.xcore.tail__t83                    1.57967
xzb.xcore.vss__t571                 2.2755e-12
xzb.xcore.tail__t24                    1.57967
xzb.xcore.inn__t34                      1.9965
xzb.xcore.outn__t70                        3.3
xzb.xcore.vss__t572                2.29035e-12
xzb.xcore.outn__t35                        3.3
xzb.xcore.inn__t33                      1.9965
xzb.xcore.tail__t82                    1.57967
xzb.xcore.vss__t573                2.30519e-12
xzb.xcore.tail__t23                    1.57967
xzb.xcore.inn__t32                      1.9965
xzb.xcore.outn__t69                        3.3
xzb.xcore.vss__t574                2.32004e-12
xzb.xcore.outn__t34                        3.3
xzb.xcore.inn__t31                      1.9965
xzb.xcore.tail__t81                    1.57967
xzb.xcore.vss__t575                2.33489e-12
xzb.xcore.tail__t22                    1.57967
xzb.xcore.inn__t30                      1.9965
xzb.xcore.outn__t68                        3.3
xzb.xcore.vss__t576                2.34973e-12
xzb.xcore.outn__t33                        3.3
xzb.xcore.inn__t29                      1.9965
xzb.xcore.tail__t80                    1.57967
xzb.xcore.vss__t577                2.36458e-12
xzb.xcore.tail__t21                    1.57967
xzb.xcore.inn__t28                      1.9965
xzb.xcore.outn__t67                        3.3
xzb.xcore.vss__t578                2.37943e-12
xzb.xcore.outn__t32                        3.3
xzb.xcore.inn__t27                      1.9965
xzb.xcore.tail__t79                    1.57967
xzb.xcore.vss__t579                2.39427e-12
xzb.xcore.tail__t20                    1.57967
xzb.xcore.inn__t26                      1.9965
xzb.xcore.outn__t66                        3.3
xzb.xcore.vss__t580                2.40912e-12
xzb.xcore.outn__t37                        3.3
xzb.xcore.inn__t36                      1.9965
xzb.xcore.tail__t84                    1.57967
xzb.xcore.vss__t581                2.42397e-12
xzb.xcore.tail__t18                    1.57967
xzb.xcore.inn__t25                      1.9965
xzb.xcore.outn__t65                        3.3
xzb.xcore.vss__t582                2.43881e-12
xzb.xcore.outn__t31                        3.3
xzb.xcore.inn__t24                      1.9965
xzb.xcore.tail__t78                    1.57967
xzb.xcore.vss__t583                2.45366e-12
xzb.xcore.tail__t17                    1.57967
xzb.xcore.inn__t23                      1.9965
xzb.xcore.outn__t64                        3.3
xzb.xcore.vss__t584                2.46851e-12
xzb.xcore.outn__t30                        3.3
xzb.xcore.inn__t22                      1.9965
xzb.xcore.tail__t77                    1.57967
xzb.xcore.vss__t585                2.48336e-12
xzb.xcore.tail__t2                     1.57967
xzb.xcore.inn__t0                       1.9965
xzb.xcore.outn__t20                        3.3
xzb.xcore.vss__t587                 2.4982e-12
xzb.xcore.vss__t210                2.79343e-12
xzb.xcore.outp__t16                          3
xzb.xcore.vss__t211                2.76059e-12
xzb.xcore.outp__t17                          3
xzb.xcore.vss__t212                2.72779e-12
xzb.xcore.outp__t18                          3
xzb.xcore.vss__t213                2.69501e-12
xzb.xcore.outp__t19                          3
xzb.xcore.vss__t214                2.66225e-12
xzb.xcore.outp__t0                           3
xzb.xcore.vss__t215                2.62953e-12
xzb.xcore.outp__t1                           3
xzb.xcore.vss__t216                2.59684e-12
xzb.xcore.outp__t2                           3
xzb.xcore.vss__t217                2.56418e-12
xzb.xcore.outp__t3                           3
xzb.xcore.vss__t218                2.53156e-12
xzb.xcore.outp__t4                           3
xzb.xcore.vss__t219                2.49896e-12
xzb.xcore.outp__t15                          3
xzb.xcore.vss__t220                2.46641e-12
xzb.xcore.outp__t6                           3
xzb.xcore.vss__t221                2.43389e-12
xzb.xcore.outp__t7                           3
xzb.xcore.vss__t222                2.40141e-12
xzb.xcore.outp__t8                           3
xzb.xcore.vss__t223                2.36897e-12
xzb.xcore.outp__t9                           3
xzb.xcore.vss__t224                2.33657e-12
xzb.xcore.outp__t10                          3
xzb.xcore.vss__t225                2.30422e-12
xzb.xcore.outp__t11                          3
xzb.xcore.vss__t226                2.27191e-12
xzb.xcore.outp__t12                          3
xzb.xcore.vss__t227                2.23964e-12
xzb.xcore.outp__t13                          3
xzb.xcore.vss__t228                2.20743e-12
xzb.xcore.outp__t14                          3
xzb.xcore.vss__t229                2.17527e-12
xzb.xcore.outp__t5                           3
xzb.xcore.vss__t230                2.18457e-12
xzb.xcore.outn__t0                         3.3
xzb.xcore.vss__t231                2.21955e-12
xzb.xcore.outn__t5                         3.3
xzb.xcore.vss__t232                2.25461e-12
xzb.xcore.outn__t6                         3.3
xzb.xcore.vss__t233                2.28973e-12
xzb.xcore.outn__t7                         3.3
xzb.xcore.vss__t234                2.32493e-12
xzb.xcore.outn__t8                         3.3
xzb.xcore.vss__t235                2.36019e-12
xzb.xcore.outn__t9                         3.3
xzb.xcore.vss__t236                2.39551e-12
xzb.xcore.outn__t10                        3.3
xzb.xcore.vss__t237                2.43089e-12
xzb.xcore.outn__t11                        3.3
xzb.xcore.vss__t238                2.46633e-12
xzb.xcore.outn__t12                        3.3
xzb.xcore.vss__t239                2.50182e-12
xzb.xcore.outn__t13                        3.3
xzb.xcore.vss__t240                2.53736e-12
xzb.xcore.outn__t14                        3.3
xzb.xcore.vss__t241                2.57296e-12
xzb.xcore.outn__t15                        3.3
xzb.xcore.vss__t242                 2.6086e-12
xzb.xcore.outn__t16                        3.3
xzb.xcore.vss__t243                2.64429e-12
xzb.xcore.outn__t17                        3.3
xzb.xcore.vss__t244                2.68002e-12
xzb.xcore.outn__t19                        3.3
xzb.xcore.vss__t245                2.71579e-12
xzb.xcore.outn__t18                        3.3
xzb.xcore.vss__t246                2.75161e-12
xzb.xcore.outn__t1                         3.3
xzb.xcore.vss__t247                2.78746e-12
xzb.xcore.outn__t2                         3.3
xzb.xcore.vss__t248                2.82335e-12
xzb.xcore.outn__t3                         3.3
xzb.xcore.vss__t249                2.85928e-12
xzb.xcore.outn__t4                         3.3
ib_zb                                  1.12786
xzb.xcore.vsubs                              0
outn_zb                                    3.3
outp_zb                                      3
xzb.tail                               1.57967
ediff_cmis#branch                            0
ediff_c2#branch                              0
ediff_c1#branch                              0
ediff_c0#branch                              0
einref#branch                                0
vforce_zb#branch                     -0.010186
vforce_za#branch                     -0.010178
vsens_z#branch                        0.010682
vwinc#branch                                 0
vwin#branch                                  0
vinnz#branch                       3.92048e-15
vinpz#branch                      -4.30003e-14
vinn#branch                        2.71796e-14
vinp#branch                       -9.02334e-14
vavcchi#branch                      -0.0101883
vavcclo#branch                      -0.0101747
vavcc#branch                        -0.0509099

 Reference value :  0.00000e+00
 Reference value :  4.00000e-13
 Reference value :  3.20000e-12
 Reference value :  2.56000e-11
 Reference value :  8.56000e-11
 Reference value :  1.45600e-10
 Reference value :  2.05600e-10
 Reference value :  2.65600e-10
 Reference value :  3.25600e-10
 Reference value :  3.85600e-10
 Reference value :  4.45600e-10
 Reference value :  5.05600e-10
 Reference value :  5.85600e-10
 Reference value :  6.45600e-10
 Reference value :  7.05600e-10
 Reference value :  7.65600e-10
 Reference value :  8.25600e-10
 Reference value :  8.85600e-10
 Reference value :  9.45600e-10
 Reference value :  1.00560e-09
 Reference value :  1.06560e-09
 Reference value :  1.12560e-09
 Reference value :  1.18560e-09
 Reference value :  1.24560e-09
 Reference value :  1.30560e-09
 Reference value :  1.36560e-09
 Reference value :  1.42560e-09
 Reference value :  1.48560e-09
 Reference value :  1.54560e-09
 Reference value :  1.60560e-09
 Reference value :  1.66560e-09
 Reference value :  1.72560e-09
 Reference value :  1.78560e-09
 Reference value :  1.84560e-09
 Reference value :  1.90560e-09
 Reference value :  1.96560e-09
 Reference value :  2.02560e-09
 Reference value :  2.08560e-09
 Reference value :  2.14560e-09
 Reference value :  2.20560e-09
 Reference value :  2.26560e-09
 Reference value :  2.32560e-09
 Reference value :  2.38560e-09
 Reference value :  2.44560e-09
 Reference value :  2.50560e-09
 Reference value :  2.56560e-09
 Reference value :  2.62560e-09
 Reference value :  2.68560e-09
 Reference value :  2.74560e-09
 Reference value :  2.80560e-09
 Reference value :  2.86560e-09
 Reference value :  2.92560e-09
 Reference value :  2.98560e-09
 Reference value :  3.04560e-09
 Reference value :  3.10560e-09
 Reference value :  3.16560e-09
 Reference value :  3.22560e-09
 Reference value :  3.28560e-09
 Reference value :  3.34560e-09
 Reference value :  3.40560e-09
 Reference value :  3.48560e-09
 Reference value :  3.54560e-09
 Reference value :  3.60560e-09
 Reference value :  3.66560e-09
 Reference value :  3.72560e-09
 Reference value :  3.78560e-09
 Reference value :  3.84560e-09
 Reference value :  3.90560e-09
 Reference value :  3.96560e-09
 Reference value :  4.02560e-09
 Reference value :  4.08560e-09
 Reference value :  4.14560e-09
 Reference value :  4.20560e-09
 Reference value :  4.26560e-09
 Reference value :  4.32560e-09
 Reference value :  4.38560e-09
 Reference value :  4.44560e-09
 Reference value :  4.50560e-09
 Reference value :  4.56560e-09
 Reference value :  4.62560e-09
 Reference value :  4.68560e-09
 Reference value :  4.74560e-09
 Reference value :  4.80560e-09
 Reference value :  4.86560e-09
 Reference value :  4.94560e-09
 Reference value :  5.00560e-09
 Reference value :  5.06560e-09
 Reference value :  5.12560e-09
 Reference value :  5.18560e-09
 Reference value :  5.24560e-09
 Reference value :  5.30560e-09
 Reference value :  5.36560e-09
 Reference value :  5.42560e-09
 Reference value :  5.48560e-09
 Reference value :  5.54560e-09
 Reference value :  5.60560e-09
 Reference value :  5.66560e-09
 Reference value :  5.74560e-09
 Reference value :  5.80560e-09
 Reference value :  5.86560e-09
 Reference value :  5.92560e-09
 Reference value :  5.98560e-09
 Reference value :  6.04560e-09
 Reference value :  6.10560e-09
 Reference value :  6.16560e-09
 Reference value :  6.24560e-09
 Reference value :  6.32560e-09
 Reference value :  6.38560e-09
 Reference value :  6.44560e-09
 Reference value :  6.50560e-09
 Reference value :  6.56560e-09
 Reference value :  6.62560e-09
 Reference value :  6.70560e-09
 Reference value :  6.76560e-09
 Reference value :  6.82560e-09
 Reference value :  6.88560e-09
 Reference value :  6.94560e-09
 Reference value :  7.00560e-09
 Reference value :  7.06560e-09
 Reference value :  7.12560e-09
 Reference value :  7.18560e-09
 Reference value :  7.24560e-09
 Reference value :  7.30560e-09
 Reference value :  7.36560e-09
 Reference value :  7.42560e-09
 Reference value :  7.48560e-09
 Reference value :  7.54560e-09
 Reference value :  7.60560e-09
 Reference value :  7.66560e-09
 Reference value :  7.72560e-09
 Reference value :  7.78560e-09
 Reference value :  7.84560e-09
 Reference value :  7.90560e-09
 Reference value :  7.96560e-09
 Reference value :  8.02560e-09
 Reference value :  8.10560e-09
 Reference value :  8.16560e-09
 Reference value :  8.22560e-09
 Reference value :  8.28560e-09
 Reference value :  8.34560e-09
 Reference value :  8.40560e-09
 Reference value :  8.46560e-09
 Reference value :  8.54560e-09
 Reference value :  8.62560e-09
 Reference value :  8.68560e-09
 Reference value :  8.74560e-09
 Reference value :  8.80560e-09
 Reference value :  8.86560e-09
 Reference value :  8.92560e-09
 Reference value :  8.98560e-09
 Reference value :  9.04560e-09
 Reference value :  9.10560e-09
 Reference value :  9.16560e-09
 Reference value :  9.22560e-09
 Reference value :  9.28560e-09
 Reference value :  9.34560e-09
 Reference value :  9.40560e-09
 Reference value :  9.46560e-09
 Reference value :  9.52560e-09
 Reference value :  9.58560e-09
 Reference value :  9.64560e-09
 Reference value :  9.70560e-09
 Reference value :  9.76560e-09
 Reference value :  9.82560e-09
 Reference value :  9.88560e-09
 Reference value :  9.94560e-09
 Reference value :  1.00056e-08
 Reference value :  1.00656e-08
 Reference value :  1.01256e-08
 Reference value :  1.01856e-08
 Reference value :  1.02456e-08
 Reference value :  1.03056e-08
 Reference value :  1.03656e-08
 Reference value :  1.04256e-08
 Reference value :  1.04856e-08
 Reference value :  1.05456e-08
 Reference value :  1.06056e-08
 Reference value :  1.06656e-08
 Reference value :  1.07256e-08
 Reference value :  1.07856e-08
 Reference value :  1.08456e-08
 Reference value :  1.09056e-08
 Reference value :  1.09656e-08
 Reference value :  1.10256e-08
 Reference value :  1.10856e-08
 Reference value :  1.11456e-08
 Reference value :  1.12056e-08
 Reference value :  1.12656e-08
 Reference value :  1.13256e-08
 Reference value :  1.13856e-08
 Reference value :  1.14456e-08
 Reference value :  1.15056e-08
 Reference value :  1.15656e-08
 Reference value :  1.16256e-08
 Reference value :  1.16856e-08
 Reference value :  1.17456e-08
 Reference value :  1.18056e-08
 Reference value :  1.18656e-08
 Reference value :  1.19256e-08
 Reference value :  1.20056e-08
 Reference value :  1.20656e-08
 Reference value :  1.21256e-08
 Reference value :  1.21856e-08
 Reference value :  1.22456e-08
 Reference value :  1.23056e-08
 Reference value :  1.23656e-08
 Reference value :  1.24256e-08
 Reference value :  1.24856e-08
 Reference value :  1.25456e-08
 Reference value :  1.26056e-08
 Reference value :  1.26656e-08
 Reference value :  1.27256e-08
 Reference value :  1.27856e-08
 Reference value :  1.28456e-08
 Reference value :  1.29056e-08
 Reference value :  1.29656e-08
 Reference value :  1.30256e-08
 Reference value :  1.30856e-08
 Reference value :  1.31456e-08
 Reference value :  1.32056e-08
 Reference value :  1.32656e-08
 Reference value :  1.33456e-08
 Reference value :  1.34056e-08
 Reference value :  1.34656e-08
 Reference value :  1.35256e-08
 Reference value :  1.35856e-08
 Reference value :  1.36456e-08
 Reference value :  1.37256e-08
 Reference value :  1.37856e-08
 Reference value :  1.38456e-08
 Reference value :  1.39056e-08
 Reference value :  1.39856e-08
 Reference value :  1.40456e-08
 Reference value :  1.41056e-08
 Reference value :  1.41656e-08
 Reference value :  1.42256e-08
 Reference value :  1.42856e-08
 Reference value :  1.43456e-08
 Reference value :  1.44056e-08
 Reference value :  1.44656e-08
 Reference value :  1.45256e-08
 Reference value :  1.45856e-08
 Reference value :  1.46456e-08
 Reference value :  1.47056e-08
 Reference value :  1.47656e-08
 Reference value :  1.48256e-08
 Reference value :  1.49056e-08
 Reference value :  1.50056e-08
 Reference value :  1.50656e-08
 Reference value :  1.51256e-08
 Reference value :  1.51856e-08
 Reference value :  1.52456e-08
 Reference value :  1.53256e-08
 Reference value :  1.53856e-08
 Reference value :  1.54456e-08
 Reference value :  1.55056e-08
 Reference value :  1.55656e-08
 Reference value :  1.56256e-08
 Reference value :  1.56856e-08
 Reference value :  1.57456e-08
 Reference value :  1.58056e-08
 Reference value :  1.58656e-08
 Reference value :  1.59256e-08
 Reference value :  1.59856e-08
 Reference value :  1.60456e-08
 Reference value :  1.61056e-08
 Reference value :  1.61656e-08
 Reference value :  1.62256e-08
 Reference value :  1.62856e-08
 Reference value :  1.63456e-08
 Reference value :  1.64056e-08
 Reference value :  1.64656e-08
 Reference value :  1.65256e-08
 Reference value :  1.65856e-08
 Reference value :  1.66456e-08
 Reference value :  1.67056e-08
 Reference value :  1.67656e-08
 Reference value :  1.68256e-08
 Reference value :  1.68856e-08
 Reference value :  1.69456e-08
 Reference value :  1.70056e-08
 Reference value :  1.70656e-08
 Reference value :  1.71256e-08
 Reference value :  1.71856e-08
 Reference value :  1.72456e-08
 Reference value :  1.73056e-08
 Reference value :  1.73656e-08
 Reference value :  1.74256e-08
 Reference value :  1.74856e-08
 Reference value :  1.75456e-08
 Reference value :  1.76056e-08
 Reference value :  1.76656e-08
 Reference value :  1.77256e-08
 Reference value :  1.77856e-08
 Reference value :  1.78456e-08
 Reference value :  1.79056e-08
 Reference value :  1.79656e-08
 Reference value :  1.80256e-08
 Reference value :  1.81056e-08
 Reference value :  1.81656e-08
 Reference value :  1.82456e-08
 Reference value :  1.83056e-08
 Reference value :  1.83656e-08
 Reference value :  1.84256e-08
 Reference value :  1.84856e-08
 Reference value :  1.85456e-08
 Reference value :  1.86056e-08
 Reference value :  1.86656e-08
 Reference value :  1.87256e-08
 Reference value :  1.87856e-08
 Reference value :  1.88456e-08
 Reference value :  1.89056e-08
 Reference value :  1.89656e-08
 Reference value :  1.90256e-08
 Reference value :  1.90856e-08
 Reference value :  1.91456e-08
 Reference value :  1.92056e-08
 Reference value :  1.92656e-08
 Reference value :  1.93256e-08
 Reference value :  1.94056e-08
 Reference value :  1.94656e-08
 Reference value :  1.95256e-08
 Reference value :  1.95856e-08
 Reference value :  1.96456e-08
 Reference value :  1.97056e-08
 Reference value :  1.97656e-08
 Reference value :  1.98256e-08
 Reference value :  1.98856e-08
 Reference value :  1.99456e-08
 Reference value :  2.00056e-08
 Reference value :  2.00656e-08
 Reference value :  2.01256e-08
 Reference value :  2.01856e-08
 Reference value :  2.02456e-08
 Reference value :  2.03056e-08
 Reference value :  2.03656e-08
 Reference value :  2.04256e-08
 Reference value :  2.04856e-08
 Reference value :  2.05456e-08
 Reference value :  2.06056e-08
 Reference value :  2.06656e-08
 Reference value :  2.07256e-08
 Reference value :  2.07856e-08
 Reference value :  2.08456e-08
 Reference value :  2.09056e-08
 Reference value :  2.09656e-08
 Reference value :  2.10256e-08
 Reference value :  2.10856e-08
 Reference value :  2.11456e-08
 Reference value :  2.12056e-08
 Reference value :  2.12656e-08
 Reference value :  2.13256e-08
 Reference value :  2.13856e-08
 Reference value :  2.14456e-08
 Reference value :  2.15056e-08
 Reference value :  2.15656e-08
 Reference value :  2.16256e-08
 Reference value :  2.16856e-08
 Reference value :  2.17456e-08
 Reference value :  2.18056e-08
 Reference value :  2.18856e-08
 Reference value :  2.19456e-08
 Reference value :  2.20056e-08
 Reference value :  2.20656e-08
 Reference value :  2.21256e-08
 Reference value :  2.21856e-08
 Reference value :  2.22456e-08
 Reference value :  2.23056e-08
 Reference value :  2.23656e-08
 Reference value :  2.24256e-08
 Reference value :  2.24856e-08
 Reference value :  2.25456e-08
 Reference value :  2.26056e-08
 Reference value :  2.26656e-08
 Reference value :  2.27256e-08
 Reference value :  2.27856e-08
 Reference value :  2.28456e-08
 Reference value :  2.29056e-08
 Reference value :  2.29656e-08
 Reference value :  2.30256e-08
 Reference value :  2.30856e-08
 Reference value :  2.31456e-08
 Reference value :  2.32056e-08
 Reference value :  2.32656e-08
 Reference value :  2.33256e-08
 Reference value :  2.33856e-08
 Reference value :  2.34656e-08
 Reference value :  2.35256e-08
 Reference value :  2.35856e-08
 Reference value :  2.36456e-08
 Reference value :  2.37056e-08
 Reference value :  2.37656e-08
 Reference value :  2.38256e-08
 Reference value :  2.38856e-08
 Reference value :  2.39456e-08
 Reference value :  2.40056e-08
 Reference value :  2.40656e-08
 Reference value :  2.41256e-08
 Reference value :  2.41856e-08
 Reference value :  2.42456e-08
 Reference value :  2.43056e-08
 Reference value :  2.43656e-08
 Reference value :  2.44256e-08
 Reference value :  2.44856e-08
 Reference value :  2.45456e-08
 Reference value :  2.46056e-08
 Reference value :  2.46656e-08
 Reference value :  2.47256e-08
 Reference value :  2.47856e-08
 Reference value :  2.48256e-08
 Reference value :  2.48856e-08
 Reference value :  2.49456e-08
 Reference value :  2.50056e-08
 Reference value :  2.50656e-08
 Reference value :  2.51256e-08
 Reference value :  2.51856e-08
 Reference value :  2.52456e-08
 Reference value :  2.53056e-08
 Reference value :  2.53656e-08
 Reference value :  2.54256e-08
 Reference value :  2.54856e-08
 Reference value :  2.55456e-08
 Reference value :  2.56056e-08
 Reference value :  2.56656e-08
 Reference value :  2.57256e-08
 Reference value :  2.57856e-08
 Reference value :  2.58456e-08
 Reference value :  2.59056e-08
 Reference value :  2.59656e-08
 Reference value :  2.60456e-08
 Reference value :  2.61056e-08
 Reference value :  2.61656e-08
 Reference value :  2.62256e-08
 Reference value :  2.62856e-08
 Reference value :  2.63456e-08
 Reference value :  2.64056e-08
 Reference value :  2.64656e-08
 Reference value :  2.65256e-08
 Reference value :  2.65856e-08
 Reference value :  2.66456e-08
 Reference value :  2.67056e-08
 Reference value :  2.67656e-08
 Reference value :  2.68256e-08
 Reference value :  2.68856e-08
 Reference value :  2.69456e-08
 Reference value :  2.70056e-08
 Reference value :  2.70656e-08
 Reference value :  2.71256e-08
 Reference value :  2.71856e-08
 Reference value :  2.72456e-08
 Reference value :  2.73056e-08
 Reference value :  2.73656e-08
 Reference value :  2.74256e-08
 Reference value :  2.74856e-08
 Reference value :  2.75456e-08
 Reference value :  2.76056e-08
 Reference value :  2.76656e-08
 Reference value :  2.77256e-08
 Reference value :  2.77856e-08
 Reference value :  2.78456e-08
 Reference value :  2.79056e-08
 Reference value :  2.79656e-08
 Reference value :  2.80256e-08
 Reference value :  2.80856e-08
 Reference value :  2.81456e-08
 Reference value :  2.82256e-08
 Reference value :  2.83056e-08
 Reference value :  2.83656e-08
 Reference value :  2.84256e-08
 Reference value :  2.84856e-08
 Reference value :  2.85456e-08
 Reference value :  2.86056e-08
 Reference value :  2.86656e-08
 Reference value :  2.87256e-08
 Reference value :  2.87856e-08
 Reference value :  2.88456e-08
 Reference value :  2.89056e-08
 Reference value :  2.89656e-08
 Reference value :  2.90256e-08
 Reference value :  2.90856e-08
 Reference value :  2.91456e-08
 Reference value :  2.92056e-08
 Reference value :  2.92656e-08
 Reference value :  2.93256e-08
 Reference value :  2.93856e-08
 Reference value :  2.94456e-08
 Reference value :  2.95056e-08
 Reference value :  2.95656e-08
 Reference value :  2.96256e-08
 Reference value :  2.96856e-08
 Reference value :  2.97456e-08
 Reference value :  2.98056e-08
 Reference value :  2.98656e-08
 Reference value :  2.99256e-08
 Reference value :  2.99856e-08
 Reference value :  3.00456e-08
 Reference value :  3.01056e-08
 Reference value :  3.01656e-08
 Reference value :  3.02456e-08
 Reference value :  3.03056e-08
 Reference value :  3.03656e-08
 Reference value :  3.04456e-08
 Reference value :  3.05056e-08
 Reference value :  3.05856e-08
 Reference value :  3.06456e-08
 Reference value :  3.07056e-08
 Reference value :  3.07656e-08
 Reference value :  3.08256e-08
 Reference value :  3.08856e-08
 Reference value :  3.09456e-08
 Reference value :  3.10056e-08
 Reference value :  3.10656e-08
 Reference value :  3.11256e-08
 Reference value :  3.11856e-08
 Reference value :  3.12456e-08
 Reference value :  3.13056e-08
 Reference value :  3.13656e-08
 Reference value :  3.14256e-08
 Reference value :  3.14856e-08
 Reference value :  3.15456e-08
 Reference value :  3.16056e-08
 Reference value :  3.16656e-08
 Reference value :  3.17256e-08
 Reference value :  3.17856e-08
 Reference value :  3.18456e-08
 Reference value :  3.19056e-08
 Reference value :  3.19656e-08
 Reference value :  3.20256e-08
 Reference value :  3.20856e-08
 Reference value :  3.21456e-08
 Reference value :  3.22056e-08
 Reference value :  3.22656e-08
 Reference value :  3.23456e-08
 Reference value :  3.24056e-08
 Reference value :  3.24656e-08
 Reference value :  3.25256e-08
 Reference value :  3.25856e-08
 Reference value :  3.26656e-08
 Reference value :  3.27256e-08
 Reference value :  3.27856e-08
 Reference value :  3.28456e-08
 Reference value :  3.29056e-08
 Reference value :  3.29656e-08
 Reference value :  3.30256e-08
 Reference value :  3.30856e-08
 Reference value :  3.31456e-08
 Reference value :  3.32056e-08
 Reference value :  3.32656e-08
 Reference value :  3.33195e-08
 Reference value :  3.33333e-08
 Reference value :  3.33335e-08
 Reference value :  3.33342e-08
 Reference value :  3.33364e-08
 Reference value :  3.33385e-08
 Reference value :  3.33407e-08
 Reference value :  3.33433e-08
 Reference value :  3.33464e-08
 Reference value :  3.33504e-08
 Reference value :  3.33544e-08
 Reference value :  3.33603e-08
 Reference value :  3.33645e-08
 Reference value :  3.33686e-08
 Reference value :  3.33702e-08
 Reference value :  3.33757e-08
 Reference value :  3.33796e-08
 Reference value :  3.33842e-08
 Reference value :  3.33905e-08
 Reference value :  3.33933e-08
 Reference value :  3.33956e-08
 Reference value :  3.33979e-08
 Reference value :  3.34028e-08
 Reference value :  3.34078e-08
 Reference value :  3.34098e-08
 Reference value :  3.34133e-08
 Reference value :  3.34134e-08
 Reference value :  3.34135e-08
 Reference value :  3.34137e-08
 Reference value :  3.34147e-08
 Reference value :  3.34163e-08
 Reference value :  3.34186e-08
 Reference value :  3.34225e-08
 Reference value :  3.34257e-08
 Reference value :  3.34296e-08
 Reference value :  3.34349e-08
 Reference value :  3.34411e-08
 Reference value :  3.34479e-08
 Reference value :  3.34549e-08
 Reference value :  3.34623e-08
 Reference value :  3.34703e-08
 Reference value :  3.34792e-08
 Reference value :  3.34951e-08
 Reference value :  3.35154e-08
 Reference value :  3.35434e-08
 Reference value :  3.35708e-08
 Reference value :  3.36083e-08
 Reference value :  3.36683e-08
 Reference value :  3.37283e-08
 Reference value :  3.37883e-08
 Reference value :  3.38483e-08
 Reference value :  3.39083e-08
 Reference value :  3.39683e-08
 Reference value :  3.40283e-08
 Reference value :  3.40883e-08
 Reference value :  3.41483e-08
 Reference value :  3.42083e-08
 Reference value :  3.42683e-08
 Reference value :  3.43283e-08
 Reference value :  3.43883e-08
 Reference value :  3.44483e-08
 Reference value :  3.45083e-08
 Reference value :  3.45683e-08
 Reference value :  3.46283e-08
 Reference value :  3.46883e-08
 Reference value :  3.47483e-08
 Reference value :  3.48083e-08
 Reference value :  3.48683e-08
 Reference value :  3.49483e-08
 Reference value :  3.50083e-08
 Reference value :  3.50683e-08
 Reference value :  3.51283e-08
 Reference value :  3.52083e-08
 Reference value :  3.52683e-08
 Reference value :  3.53283e-08
 Reference value :  3.53883e-08
 Reference value :  3.54483e-08
 Reference value :  3.55083e-08
 Reference value :  3.55683e-08
 Reference value :  3.56283e-08
 Reference value :  3.56883e-08
 Reference value :  3.57483e-08
 Reference value :  3.58083e-08
 Reference value :  3.58683e-08
 Reference value :  3.59283e-08
 Reference value :  3.59883e-08
 Reference value :  3.60483e-08
 Reference value :  3.61083e-08
 Reference value :  3.61683e-08
 Reference value :  3.62483e-08
 Reference value :  3.63083e-08
 Reference value :  3.63683e-08
 Reference value :  3.64283e-08
 Reference value :  3.64883e-08
 Reference value :  3.65483e-08
 Reference value :  3.66083e-08
 Reference value :  3.66883e-08
 Reference value :  3.67483e-08
 Reference value :  3.68083e-08
 Reference value :  3.68683e-08
 Reference value :  3.69283e-08
 Reference value :  3.69883e-08
 Reference value :  3.70370e-08
 Reference value :  3.70371e-08
 Reference value :  3.70372e-08
 Reference value :  3.70376e-08
 Reference value :  3.70389e-08
 Reference value :  3.70399e-08
 Reference value :  3.70422e-08
 Reference value :  3.70448e-08
 Reference value :  3.70480e-08
 Reference value :  3.70520e-08
 Reference value :  3.70559e-08
 Reference value :  3.70596e-08
 Reference value :  3.70625e-08
 Reference value :  3.70675e-08
 Reference value :  3.70719e-08
 Reference value :  3.70733e-08
 Reference value :  3.70765e-08
 Reference value :  3.70815e-08
 Reference value :  3.70851e-08
 Reference value :  3.70891e-08
 Reference value :  3.70935e-08
 Reference value :  3.70983e-08
 Reference value :  3.71031e-08
 Reference value :  3.71075e-08
 Reference value :  3.71120e-08
 Reference value :  3.71141e-08
 Reference value :  3.71170e-08
 Reference value :  3.71170e-08
 Reference value :  3.71171e-08
 Reference value :  3.71172e-08
 Reference value :  3.71174e-08
 Reference value :  3.71183e-08
 Reference value :  3.71199e-08
 Reference value :  3.71219e-08
 Reference value :  3.71240e-08
 Reference value :  3.71263e-08
 Reference value :  3.71290e-08
 Reference value :  3.71320e-08
 Reference value :  3.71374e-08
 Reference value :  3.71422e-08
 Reference value :  3.71489e-08
 Reference value :  3.71563e-08
 Reference value :  3.71639e-08
 Reference value :  3.71715e-08
 Reference value :  3.71796e-08
 Reference value :  3.71934e-08
 Reference value :  3.72102e-08
 Reference value :  3.72321e-08
 Reference value :  3.72632e-08
 Reference value :  3.72977e-08
 Reference value :  3.73377e-08
 Reference value :  3.73977e-08
 Reference value :  3.74577e-08
 Reference value :  3.75177e-08
 Reference value :  3.75777e-08
 Reference value :  3.76377e-08
 Reference value :  3.76977e-08
 Reference value :  3.77577e-08
 Reference value :  3.77779e-08
 Reference value :  3.77788e-08
 Reference value :  3.77793e-08
 Reference value :  3.77832e-08
 Reference value :  3.78345e-08
 Reference value :  3.78945e-08
 Reference value :  3.79545e-08
 Reference value :  3.80145e-08
 Reference value :  3.80745e-08
 Reference value :  3.81313e-08
 Reference value :  3.81484e-08
 Reference value :  3.81492e-08
 Reference value :  3.81502e-08
 Reference value :  3.81580e-08
 Reference value :  3.82049e-08
 Reference value :  3.82649e-08
 Reference value :  3.83249e-08
 Reference value :  3.83849e-08
 Reference value :  3.84449e-08
 Reference value :  3.85049e-08
 Reference value :  3.85649e-08
 Reference value :  3.86249e-08
 Reference value :  3.86849e-08
 Reference value :  3.87449e-08
 Reference value :  3.88049e-08
 Reference value :  3.88649e-08
 Reference value :  3.89249e-08
 Reference value :  3.89849e-08
 Reference value :  3.90449e-08
 Reference value :  3.91049e-08
 Reference value :  3.91649e-08
 Reference value :  3.92449e-08
 Reference value :  3.93049e-08
 Reference value :  3.93649e-08
 Reference value :  3.94249e-08
 Reference value :  3.94849e-08
 Reference value :  3.95449e-08
 Reference value :  3.96049e-08
 Reference value :  3.96297e-08
 Reference value :  3.96306e-08
 Reference value :  3.96311e-08
 Reference value :  3.96350e-08
 Reference value :  3.96664e-08
 Reference value :  3.97264e-08
 Reference value :  3.97864e-08
 Reference value :  3.98464e-08
 Reference value :  3.99064e-08
 Reference value :  3.99664e-08
 Reference value :  4.00264e-08
 Reference value :  4.00864e-08
 Reference value :  4.01464e-08
 Reference value :  4.02264e-08
 Reference value :  4.02864e-08
 Reference value :  4.03464e-08
 Reference value :  4.04064e-08
 Reference value :  4.04664e-08
 Reference value :  4.05264e-08
 Reference value :  4.05864e-08
 Reference value :  4.06464e-08
 Reference value :  4.07064e-08
 Reference value :  4.07408e-08
 Reference value :  4.07409e-08
 Reference value :  4.07409e-08
 Reference value :  4.07414e-08
 Reference value :  4.07432e-08
 Reference value :  4.07452e-08
 Reference value :  4.07473e-08
 Reference value :  4.07498e-08
 Reference value :  4.07527e-08
 Reference value :  4.07564e-08
 Reference value :  4.07604e-08
 Reference value :  4.07665e-08
 Reference value :  4.07705e-08
 Reference value :  4.07745e-08
 Reference value :  4.07761e-08
 Reference value :  4.07796e-08
 Reference value :  4.07851e-08
 Reference value :  4.07893e-08
 Reference value :  4.07946e-08
 Reference value :  4.07978e-08
 Reference value :  4.08004e-08
 Reference value :  4.08028e-08
 Reference value :  4.08051e-08
 Reference value :  4.08100e-08
 Reference value :  4.08124e-08
 Reference value :  4.08170e-08
 Reference value :  4.08207e-08
 Reference value :  4.08208e-08
 Reference value :  4.08209e-08
 Reference value :  4.08211e-08
 Reference value :  4.08221e-08
 Reference value :  4.08238e-08
 Reference value :  4.08261e-08
 Reference value :  4.08286e-08
 Reference value :  4.08316e-08
 Reference value :  4.08351e-08
 Reference value :  4.08396e-08
 Reference value :  4.08456e-08
 Reference value :  4.08521e-08
 Reference value :  4.08591e-08
 Reference value :  4.08663e-08
 Reference value :  4.08740e-08
 Reference value :  4.08824e-08
 Reference value :  4.08920e-08
 Reference value :  4.09093e-08
 Reference value :  4.09320e-08
 Reference value :  4.09520e-08
 Reference value :  4.09799e-08
 Reference value :  4.10377e-08
 Reference value :  4.10977e-08
 Reference value :  4.11577e-08
 Reference value :  4.12177e-08
 Reference value :  4.12777e-08
 Reference value :  4.13377e-08
 Reference value :  4.13977e-08
 Reference value :  4.14577e-08
 Reference value :  4.15177e-08
 Reference value :  4.15777e-08
 Reference value :  4.16377e-08
 Reference value :  4.16977e-08
 Reference value :  4.17577e-08
 Reference value :  4.18177e-08
 Reference value :  4.18520e-08
 Reference value :  4.18529e-08
 Reference value :  4.18533e-08
 Reference value :  4.18573e-08
 Reference value :  4.18886e-08
 Reference value :  4.19486e-08
 Reference value :  4.20086e-08
 Reference value :  4.20686e-08
 Reference value :  4.21286e-08
 Reference value :  4.21886e-08
 Reference value :  4.22486e-08
 Reference value :  4.23086e-08
 Reference value :  4.23686e-08
 Reference value :  4.24286e-08
 Reference value :  4.24886e-08
 Reference value :  4.25486e-08
 Reference value :  4.26086e-08
 Reference value :  4.26686e-08
 Reference value :  4.27286e-08
 Reference value :  4.27886e-08
 Reference value :  4.28486e-08
 Reference value :  4.29086e-08
 Reference value :  4.29686e-08
 Reference value :  4.30286e-08
 Reference value :  4.30886e-08
 Reference value :  4.31486e-08
 Reference value :  4.32086e-08
 Reference value :  4.32686e-08
 Reference value :  4.33210e-08
 Reference value :  4.33336e-08
 Reference value :  4.33344e-08
 Reference value :  4.33354e-08
 Reference value :  4.33432e-08
 Reference value :  4.33901e-08
 Reference value :  4.34501e-08
 Reference value :  4.35101e-08
 Reference value :  4.35701e-08
 Reference value :  4.36301e-08
 Reference value :  4.36901e-08
 Reference value :  4.37501e-08
 Reference value :  4.38101e-08
 Reference value :  4.38701e-08
 Reference value :  4.39301e-08
 Reference value :  4.39901e-08
 Reference value :  4.40501e-08
 Reference value :  4.41101e-08
 Reference value :  4.41701e-08
 Reference value :  4.42301e-08
 Reference value :  4.42901e-08
 Reference value :  4.43501e-08
 Reference value :  4.44101e-08
 Reference value :  4.44445e-08
 Reference value :  4.44446e-08
 Reference value :  4.44450e-08
 Reference value :  4.44464e-08
 Reference value :  4.44474e-08
 Reference value :  4.44498e-08
 Reference value :  4.44524e-08
 Reference value :  4.44556e-08
 Reference value :  4.44597e-08
 Reference value :  4.44637e-08
 Reference value :  4.44673e-08
 Reference value :  4.44704e-08
 Reference value :  4.44736e-08
 Reference value :  4.44778e-08
 Reference value :  4.44794e-08
 Reference value :  4.44822e-08
 Reference value :  4.44873e-08
 Reference value :  4.44907e-08
 Reference value :  4.44945e-08
 Reference value :  4.44987e-08
 Reference value :  4.45033e-08
 Reference value :  4.45082e-08
 Reference value :  4.45128e-08
 Reference value :  4.45171e-08
 Reference value :  4.45216e-08
 Reference value :  4.45244e-08
 Reference value :  4.45245e-08
 Reference value :  4.45245e-08
 Reference value :  4.45246e-08
 Reference value :  4.45248e-08
 Reference value :  4.45257e-08
 Reference value :  4.45273e-08
 Reference value :  4.45292e-08
 Reference value :  4.45314e-08
 Reference value :  4.45337e-08
 Reference value :  4.45363e-08
 Reference value :  4.45393e-08
 Reference value :  4.45428e-08
 Reference value :  4.45470e-08
 Reference value :  4.45527e-08
 Reference value :  4.45597e-08
 Reference value :  4.45676e-08
 Reference value :  4.45750e-08
 Reference value :  4.45828e-08
 Reference value :  4.45912e-08
 Reference value :  4.46058e-08
 Reference value :  4.46240e-08
 Reference value :  4.46483e-08
 Reference value :  4.46702e-08
 Reference value :  4.47044e-08
 Reference value :  4.47444e-08
 Reference value :  4.48044e-08
 Reference value :  4.48644e-08
 Reference value :  4.49244e-08
 Reference value :  4.49844e-08
 Reference value :  4.50444e-08
 Reference value :  4.51044e-08
 Reference value :  4.51644e-08
 Reference value :  4.52244e-08
 Reference value :  4.52844e-08
 Reference value :  4.53444e-08
 Reference value :  4.54044e-08
 Reference value :  4.54644e-08
 Reference value :  4.55400e-08
 Reference value :  4.55559e-08
 Reference value :  4.55566e-08
 Reference value :  4.55576e-08
 Reference value :  4.55654e-08
 Reference value :  4.56123e-08
 Reference value :  4.56723e-08
 Reference value :  4.57323e-08
 Reference value :  4.57923e-08
 Reference value :  4.58523e-08
 Reference value :  4.59123e-08
 Reference value :  4.59723e-08
 Reference value :  4.60323e-08
 Reference value :  4.60923e-08
 Reference value :  4.61523e-08
 Reference value :  4.62123e-08
 Reference value :  4.62723e-08
 Reference value :  4.63323e-08
 Reference value :  4.63923e-08
 Reference value :  4.64523e-08
 Reference value :  4.65123e-08
 Reference value :  4.65723e-08
 Reference value :  4.66323e-08
 Reference value :  4.66923e-08
 Reference value :  4.67523e-08
 Reference value :  4.68323e-08
 Reference value :  4.68923e-08
 Reference value :  4.69523e-08
 Reference value :  4.70123e-08
 Reference value :  4.70371e-08
 Reference value :  4.70380e-08
 Reference value :  4.70385e-08
 Reference value :  4.70424e-08
 Reference value :  4.70938e-08
 Reference value :  4.71538e-08
 Reference value :  4.72138e-08
 Reference value :  4.72738e-08
 Reference value :  4.73338e-08
 Reference value :  4.73938e-08
 Reference value :  4.74538e-08
 Reference value :  4.75138e-08
 Reference value :  4.75738e-08
 Reference value :  4.76338e-08
 Reference value :  4.76938e-08
 Reference value :  4.77538e-08
 Reference value :  4.78138e-08
 Reference value :  4.78738e-08
 Reference value :  4.79338e-08
 Reference value :  4.79938e-08
 Reference value :  4.80538e-08
 Reference value :  4.81138e-08
 Reference value :  4.81482e-08
 Reference value :  4.81483e-08
 Reference value :  4.81484e-08
 Reference value :  4.81488e-08
 Reference value :  4.81506e-08
 Reference value :  4.81526e-08
 Reference value :  4.81547e-08
 Reference value :  4.81572e-08
 Reference value :  4.81601e-08
 Reference value :  4.81638e-08
 Reference value :  4.81679e-08
 Reference value :  4.81739e-08
 Reference value :  4.81779e-08
 Reference value :  4.81819e-08
 Reference value :  4.81835e-08
 Reference value :  4.81870e-08
 Reference value :  4.81925e-08
 Reference value :  4.81967e-08
 Reference value :  4.82020e-08
 Reference value :  4.82052e-08
 Reference value :  4.82078e-08
 Reference value :  4.82102e-08
 Reference value :  4.82125e-08
 Reference value :  4.82174e-08
 Reference value :  4.82198e-08
 Reference value :  4.82244e-08
 Reference value :  4.82281e-08
 Reference value :  4.82282e-08
 Reference value :  4.82283e-08
 Reference value :  4.82285e-08
 Reference value :  4.82295e-08
 Reference value :  4.82312e-08
 Reference value :  4.82335e-08
 Reference value :  4.82360e-08
 Reference value :  4.82390e-08
 Reference value :  4.82425e-08
 Reference value :  4.82470e-08
 Reference value :  4.82530e-08
 Reference value :  4.82595e-08
 Reference value :  4.82666e-08
 Reference value :  4.82737e-08
 Reference value :  4.82814e-08
 Reference value :  4.82898e-08
 Reference value :  4.82994e-08
 Reference value :  4.83167e-08
 Reference value :  4.83394e-08
 Reference value :  4.83720e-08
 Reference value :  4.84051e-08
 Reference value :  4.84451e-08
 Reference value :  4.85051e-08
 Reference value :  4.85651e-08
 Reference value :  4.86251e-08
 Reference value :  4.86851e-08
 Reference value :  4.87651e-08
 Reference value :  4.88251e-08
 Reference value :  4.88851e-08
 Reference value :  4.89451e-08
 Reference value :  4.90051e-08
 Reference value :  4.90651e-08
 Reference value :  4.91251e-08
 Reference value :  4.91851e-08
 Reference value :  4.92422e-08
 Reference value :  4.92596e-08
 Reference value :  4.92603e-08
 Reference value :  4.92613e-08
 Reference value :  4.92781e-08
 Reference value :  4.93360e-08
 Reference value :  4.93960e-08
 Reference value :  4.94560e-08
 Reference value :  4.95160e-08
 Reference value :  4.95760e-08
 Reference value :  4.96360e-08
 Reference value :  4.96960e-08
 Reference value :  4.97560e-08
 Reference value :  4.98160e-08
 Reference value :  4.98760e-08
 Reference value :  4.99360e-08
 Reference value :  4.99960e-08
 Reference value :  5.00560e-08
 Reference value :  5.01160e-08
 Reference value :  5.01760e-08
 Reference value :  5.02360e-08
 Reference value :  5.02960e-08
 Reference value :  5.03560e-08
 Reference value :  5.04160e-08
 Reference value :  5.04760e-08
 Reference value :  5.05360e-08
 Reference value :  5.05960e-08
 Reference value :  5.06560e-08
 Reference value :  5.07160e-08
 Reference value :  5.07408e-08
 Reference value :  5.07417e-08
 Reference value :  5.07422e-08
 Reference value :  5.07462e-08
 Reference value :  5.07775e-08
 Reference value :  5.08375e-08
 Reference value :  5.08975e-08
 Reference value :  5.09575e-08
 Reference value :  5.10175e-08
 Reference value :  5.10775e-08
 Reference value :  5.11375e-08
 Reference value :  5.12175e-08
 Reference value :  5.12775e-08
 Reference value :  5.13375e-08
 Reference value :  5.13975e-08
 Reference value :  5.14575e-08
 Reference value :  5.15175e-08
 Reference value :  5.15775e-08
 Reference value :  5.16375e-08
 Reference value :  5.17175e-08
 Reference value :  5.17775e-08
 Reference value :  5.18347e-08
 Reference value :  5.18519e-08
 Reference value :  5.18520e-08
 Reference value :  5.18522e-08
 Reference value :  5.18532e-08
 Reference value :  5.18548e-08
 Reference value :  5.18572e-08
 Reference value :  5.18598e-08
 Reference value :  5.18631e-08
 Reference value :  5.18671e-08
 Reference value :  5.18711e-08
 Reference value :  5.18747e-08
 Reference value :  5.18778e-08
 Reference value :  5.18810e-08
 Reference value :  5.18852e-08
 Reference value :  5.18868e-08
 Reference value :  5.18882e-08
 Reference value :  5.18914e-08
 Reference value :  5.18964e-08
 Reference value :  5.19000e-08
 Reference value :  5.19039e-08
 Reference value :  5.19084e-08
 Reference value :  5.19132e-08
 Reference value :  5.19180e-08
 Reference value :  5.19224e-08
 Reference value :  5.19269e-08
 Reference value :  5.19290e-08
 Reference value :  5.19319e-08
 Reference value :  5.19319e-08
 Reference value :  5.19319e-08
 Reference value :  5.19320e-08
 Reference value :  5.19322e-08
 Reference value :  5.19331e-08
 Reference value :  5.19347e-08
 Reference value :  5.19366e-08
 Reference value :  5.19388e-08
 Reference value :  5.19411e-08
 Reference value :  5.19437e-08
 Reference value :  5.19467e-08
 Reference value :  5.19502e-08
 Reference value :  5.19544e-08
 Reference value :  5.19601e-08
 Reference value :  5.19671e-08
 Reference value :  5.19750e-08
 Reference value :  5.19824e-08
 Reference value :  5.19902e-08
 Reference value :  5.19986e-08
 Reference value :  5.20132e-08
 Reference value :  5.20314e-08
 Reference value :  5.20557e-08
 Reference value :  5.20924e-08
 Reference value :  5.21518e-08
 Reference value :  5.22118e-08
 Reference value :  5.22718e-08
 Reference value :  5.23318e-08
 Reference value :  5.23918e-08
 Reference value :  5.24518e-08
 Reference value :  5.25118e-08
 Reference value :  5.25718e-08
 Reference value :  5.26318e-08
 Reference value :  5.26918e-08
 Reference value :  5.27518e-08
 Reference value :  5.28118e-08
 Reference value :  5.28718e-08
 Reference value :  5.29318e-08
 Reference value :  5.29631e-08
 Reference value :  5.29640e-08
 Reference value :  5.29645e-08
 Reference value :  5.29684e-08
 Reference value :  5.29997e-08
 Reference value :  5.30597e-08
 Reference value :  5.31197e-08
 Reference value :  5.31797e-08
 Reference value :  5.32397e-08
 Reference value :  5.32997e-08
 Reference value :  5.33597e-08
 Reference value :  5.34197e-08
 Reference value :  5.34797e-08
 Reference value :  5.35397e-08
 Reference value :  5.35997e-08
 Reference value :  5.36597e-08
 Reference value :  5.37197e-08
 Reference value :  5.37797e-08
 Reference value :  5.38397e-08
 Reference value :  5.38997e-08
 Reference value :  5.39597e-08
 Reference value :  5.40197e-08
 Reference value :  5.40997e-08
 Reference value :  5.41597e-08
 Reference value :  5.42197e-08
 Reference value :  5.42797e-08
 Reference value :  5.43397e-08
 Reference value :  5.43997e-08
 Reference value :  5.44444e-08
 Reference value :  5.44451e-08
 Reference value :  5.44457e-08
 Reference value :  5.44476e-08
 Reference value :  5.44633e-08
 Reference value :  5.45212e-08
 Reference value :  5.45812e-08
 Reference value :  5.46412e-08
 Reference value :  5.47012e-08
 Reference value :  5.47612e-08
 Reference value :  5.48212e-08
 Reference value :  5.48812e-08
 Reference value :  5.49412e-08
 Reference value :  5.50012e-08
 Reference value :  5.50812e-08
 Reference value :  5.51412e-08
 Reference value :  5.52012e-08
 Reference value :  5.52612e-08
 Reference value :  5.53412e-08
 Reference value :  5.54212e-08
 Reference value :  5.54812e-08
 Reference value :  5.55384e-08
 Reference value :  5.55556e-08
 Reference value :  5.55557e-08
 Reference value :  5.55558e-08
 Reference value :  5.55562e-08
 Reference value :  5.55580e-08
 Reference value :  5.55600e-08
 Reference value :  5.55622e-08
 Reference value :  5.55646e-08
 Reference value :  5.55675e-08
 Reference value :  5.55712e-08
 Reference value :  5.55753e-08
 Reference value :  5.55813e-08
 Reference value :  5.55853e-08
 Reference value :  5.55893e-08
 Reference value :  5.55910e-08
 Reference value :  5.55926e-08
 Reference value :  5.55980e-08
 Reference value :  5.56019e-08
 Reference value :  5.56066e-08
 Reference value :  5.56126e-08
 Reference value :  5.56152e-08
 Reference value :  5.56176e-08
 Reference value :  5.56199e-08
 Reference value :  5.56248e-08
 Reference value :  5.56272e-08
 Reference value :  5.56318e-08
 Reference value :  5.56356e-08
 Reference value :  5.56356e-08
 Reference value :  5.56357e-08
 Reference value :  5.56359e-08
 Reference value :  5.56369e-08
 Reference value :  5.56386e-08
 Reference value :  5.56409e-08
 Reference value :  5.56434e-08
 Reference value :  5.56464e-08
 Reference value :  5.56499e-08
 Reference value :  5.56544e-08
 Reference value :  5.56604e-08
 Reference value :  5.56669e-08
 Reference value :  5.56740e-08
 Reference value :  5.56811e-08
 Reference value :  5.56888e-08
 Reference value :  5.56973e-08
 Reference value :  5.57068e-08
 Reference value :  5.57241e-08
 Reference value :  5.57468e-08
 Reference value :  5.57668e-08
 Reference value :  5.57947e-08
 Reference value :  5.58325e-08
 Reference value :  5.58925e-08
 Reference value :  5.59525e-08
 Reference value :  5.60125e-08
 Reference value :  5.60725e-08
 Reference value :  5.61325e-08
 Reference value :  5.61925e-08
 Reference value :  5.62525e-08
 Reference value :  5.63125e-08
 Reference value :  5.63725e-08
 Reference value :  5.64325e-08
 Reference value :  5.64925e-08
 Reference value :  5.65525e-08
 Reference value :  5.66325e-08
 Reference value :  5.66668e-08
 Reference value :  5.66677e-08
 Reference value :  5.66682e-08
 Reference value :  5.66721e-08
 Reference value :  5.67034e-08
 Reference value :  5.67634e-08
 Reference value :  5.68234e-08
 Reference value :  5.68834e-08
 Reference value :  5.69434e-08
 Reference value :  5.70034e-08
 Reference value :  5.70634e-08
 Reference value :  5.71234e-08
 Reference value :  5.71834e-08
 Reference value :  5.72434e-08
 Reference value :  5.73034e-08
 Reference value :  5.73634e-08
 Reference value :  5.74234e-08
 Reference value :  5.74834e-08
 Reference value :  5.75434e-08
 Reference value :  5.76034e-08
 Reference value :  5.76634e-08
 Reference value :  5.77234e-08
 Reference value :  5.77834e-08
 Reference value :  5.78434e-08
 Reference value :  5.79034e-08
 Reference value :  5.79634e-08
 Reference value :  5.80234e-08
 Reference value :  5.80834e-08
 Reference value :  5.81358e-08
 Reference value :  5.81484e-08
 Reference value :  5.81492e-08
 Reference value :  5.81502e-08
 Reference value :  5.81670e-08
 Reference value :  5.82249e-08
 Reference value :  5.82849e-08
 Reference value :  5.83449e-08
 Reference value :  5.84049e-08
 Reference value :  5.84649e-08
 Reference value :  5.85185e-08
 Reference value :  5.85192e-08
 Reference value :  5.85197e-08
 Reference value :  5.85217e-08
 Reference value :  5.85374e-08
 Reference value :  5.85953e-08
 Reference value :  5.86553e-08
 Reference value :  5.87153e-08
 Reference value :  5.87753e-08
 Reference value :  5.88353e-08
 Reference value :  5.88953e-08
 Reference value :  5.89553e-08
 Reference value :  5.90153e-08
 Reference value :  5.90753e-08
 Reference value :  5.91553e-08
 Reference value :  5.91793e-08
 Reference value :  5.91794e-08
 Reference value :  5.91797e-08
 Reference value :  5.91820e-08
 Reference value :  5.91855e-08
 Reference value :  5.91883e-08
 Reference value :  5.91919e-08
 Reference value :  5.91959e-08
 Reference value :  5.91999e-08
 Reference value :  5.92030e-08
 Reference value :  5.92060e-08
 Reference value :  5.92095e-08
 Reference value :  5.92137e-08
 Reference value :  5.92151e-08
 Reference value :  5.92182e-08
 Reference value :  5.92232e-08
 Reference value :  5.92268e-08
 Reference value :  5.92307e-08
 Reference value :  5.92350e-08
 Reference value :  5.92398e-08
 Reference value :  5.92446e-08
 Reference value :  5.92512e-08
 Reference value :  5.92556e-08
 Reference value :  5.92593e-08
 Reference value :  5.92593e-08
 Reference value :  5.92594e-08
 Reference value :  5.92595e-08
 Reference value :  5.92597e-08
 Reference value :  5.92608e-08
 Reference value :  5.92626e-08
 Reference value :  5.92646e-08
 Reference value :  5.92668e-08
 Reference value :  5.92692e-08
 Reference value :  5.92719e-08
 Reference value :  5.92750e-08
 Reference value :  5.92787e-08
 Reference value :  5.92832e-08
 Reference value :  5.92895e-08
 Reference value :  5.92968e-08
 Reference value :  5.93045e-08
 Reference value :  5.93119e-08
 Reference value :  5.93198e-08
 Reference value :  5.93332e-08
 Reference value :  5.93495e-08
 Reference value :  5.93704e-08
 Reference value :  5.93994e-08
 Reference value :  5.94298e-08
 Reference value :  5.94698e-08
 Reference value :  5.95498e-08
 Reference value :  5.96098e-08
 Reference value :  5.96698e-08
 Reference value :  5.97298e-08
 Reference value :  5.97898e-08
 Reference value :  5.98698e-08
 Reference value :  5.99298e-08
 Reference value :  5.99898e-08
 Reference value :  6.00498e-08
 Reference value :  6.01098e-08
 Reference value :  6.01698e-08
 Reference value :  6.02298e-08
 Reference value :  6.02898e-08
 Reference value :  6.03498e-08
 Reference value :  6.04098e-08
 Reference value :  6.04698e-08
 Reference value :  6.05298e-08
 Reference value :  6.05898e-08
 Reference value :  6.06498e-08
 Reference value :  6.07098e-08
 Reference value :  6.07698e-08
 Reference value :  6.08298e-08
 Reference value :  6.08898e-08
 Reference value :  6.09498e-08
 Reference value :  6.10000e-08
No. of Data Rows : 3911
m_ui_ref            =  3.70370e-09 targ=  3.70770e-08 trig=  3.33733e-08
m_spa_in            =  1.48148e-08 targ=  4.81881e-08 trig=  3.33733e-08
m_spb_in            =  1.11111e-08 targ=  4.44844e-08 trig=  3.33733e-08
m_spa_c0            =  1.48148e-08 targ=  4.81987e-08 trig=  3.33839e-08
m_spb_c0            =  1.11112e-08 targ=  4.44951e-08 trig=  3.33839e-08
m_trise_c0          =  4.62883e-11 targ=  3.71081e-08 trig=  3.70618e-08
m_tfall_c0          =  4.49460e-11 targ=  4.08114e-08 trig=  4.07665e-08
m_spa_c1            =  1.48148e-08 targ=  4.82296e-08 trig=  3.34148e-08
m_spb_c1            =  1.11111e-08 targ=  4.45260e-08 trig=  3.34148e-08
m_trise_c1          =  1.18792e-10 targ=  3.71987e-08 trig=  3.70799e-08
m_tfall_c1          =  1.17495e-10 targ=  4.09013e-08 trig=  4.07838e-08
m_spa_c2            =  1.48148e-08 targ=  4.82594e-08 trig=  3.34446e-08
m_spb_c2            =  1.11112e-08 targ=  4.45558e-08 trig=  3.34446e-08
m_trise_c2          =  2.23807e-10 targ=  3.73128e-08 trig=  3.70890e-08
m_tfall_c2          =  2.21195e-10 targ=  4.10140e-08 trig=  4.07928e-08
m_spa_cmis          =  1.48148e-08 targ=  4.82397e-08 trig=  3.34249e-08
m_spb_cmis          =  1.11127e-08 targ=  4.45376e-08 trig=  3.34249e-08
m_dj_ui_c0 = 2.6999997840e-05
m_swing_c0 = 5.0929657069e-01
m_vpp_c0 = 6.2261144452e-01
m_vcm_c0 = 3.0451697806e+00
m_dj_ui_c1 = 5.3999995684e-06
m_swing_c1 = 5.0921638477e-01
m_vpp_c1 = 5.1625435032e-01
m_vcm_c1 = 3.0451662543e+00
m_dj_ui_c2 = 2.1599998272e-05
m_swing_c2 = 5.0909779785e-01
m_vpp_c2 = 5.1325584411e-01
m_vcm_c2 = 3.0451761915e+00
m_dj_ui_cmis = 4.3469996522e-04
m_swing_cmis = 5.0909215238e-01
m_swing_avcclo = 5.0883519762e-01
m_vcm_avcclo = 2.7153558341e+00
m_swing_avcchi = 5.0953889615e-01
m_vcm_avcchi = 3.3750056061e+00
m_vgs_sw_max = 1.6112707041e+00
m_vgd_sw_max = 1.6335004287e+00
m_vds_sw_max = 2.2171920939e+00
m_vgs_tail_max = 1.1307662285e+00
m_vds_tail_max = 1.5864193262e+00
m_swing_dc = 5.0909895949e-01
m_vcm_dc = 3.0454503093e+00
m_ioff_dc = 4.2190985727e-09
m_itail_dc = 1.0181987628e-02
m_icell_dc = 1.0681987634e-02
m_ro_leg = 4.9685452475e+04
Note: Simulation executed from .control section 

Warning: diode_nd2ps_06v0: IKR too small - model effect disabled!
