
Note: Compatibility modes selected: hs a


Circuit: * cml-driver-eye @ ff_-40c_2.97v_742p5mbps -- generated by sim/harness, do not edit

Doing analysis at TEMP = -40.000000 and TNOM = 27.000000

Using SPARSE 1.3 as Direct Linear Solver

Initial Transient Solution
--------------------------

Node                                   Voltage
----                                   -------
avcc                                       3.3
avcclo                                    2.97
avcchi                                    3.63
inp                                     2.5245
inn                                     1.6335
inpz                                    2.5245
innz                                    1.6335
inref                                    0.891
win                                          0
winc                                         0
xc0.xcore.tail__t186                   1.25448
xc0.xcore.ibias__t118                  1.00456
xc0.xcore.vss__t163                5.36491e-06
xc0.xcore.vss__t349                1.41663e-13
xc0.xcore.vss__t60                 5.16749e-06
xc0.xcore.ibias__t117                  1.00456
xc0.xcore.tail__t286                   1.25448
xc0.xcore.vss__t350                 1.3645e-13
xc0.xcore.tail__t197                   1.25448
xc0.xcore.ibias__t140                  1.00456
xc0.xcore.vss__t174                4.97048e-06
xc0.xcore.vss__t351                1.31248e-13
xc0.xcore.vss__t68                 4.77393e-06
xc0.xcore.ibias__t133                  1.00456
xc0.xcore.tail__t294                   1.25448
xc0.xcore.vss__t352                1.26058e-13
xc0.xcore.tail__t193                   1.25448
xc0.xcore.ibias__t132                  1.00456
xc0.xcore.vss__t170                4.57791e-06
xc0.xcore.vss__t353                1.20882e-13
xc0.xcore.vss__t67                 4.38248e-06
xc0.xcore.ibias__t131                  1.00456
xc0.xcore.tail__t293                   1.25448
xc0.xcore.vss__t354                1.15721e-13
xc0.xcore.tail__t192                   1.25448
xc0.xcore.ibias__t130                  1.00456
xc0.xcore.vss__t169                4.18772e-06
xc0.xcore.vss__t355                1.10578e-13
xc0.xcore.vss__t74                 3.99374e-06
xc0.xcore.ibias__t145                  1.00456
xc0.xcore.tail__t300                   1.25448
xc0.xcore.vss__t356                1.05456e-13
xc0.xcore.tail__t191                   1.25448
xc0.xcore.ibias__t128                  1.00456
xc0.xcore.vss__t168                3.80065e-06
xc0.xcore.vss__t357                1.00358e-13
xc0.xcore.vss__t65                  3.6086e-06
xc0.xcore.ibias__t127                  1.00456
xc0.xcore.tail__t291                   1.25448
xc0.xcore.vss__t358                9.52863e-14
xc0.xcore.tail__t190                   1.25448
xc0.xcore.ibias__t126                  1.00456
xc0.xcore.vss__t167                3.41776e-06
xc0.xcore.vss__t359                 9.0247e-14
xc0.xcore.vss__t64                 3.22834e-06
xc0.xcore.ibias__t125                  1.00456
xc0.xcore.tail__t290                   1.25448
xc0.xcore.vss__t360                8.52454e-14
xc0.xcore.tail__t189                   1.25448
xc0.xcore.ibias__t124                  1.00456
xc0.xcore.vss__t166                3.04062e-06
xc0.xcore.vss__t361                8.02885e-14
xc0.xcore.vss__t63                 2.85492e-06
xc0.xcore.ibias__t123                  1.00456
xc0.xcore.tail__t289                   1.25448
xc0.xcore.vss__t362                7.53851e-14
xc0.xcore.tail__t188                   1.25448
xc0.xcore.ibias__t122                  1.00456
xc0.xcore.vss__t165                2.67168e-06
xc0.xcore.vss__t363                7.05463e-14
xc0.xcore.vss__t62                 2.49142e-06
xc0.xcore.ibias__t121                  1.00456
xc0.xcore.tail__t288                   1.25448
xc0.xcore.vss__t364                6.57865e-14
xc0.xcore.tail__t187                   1.25448
xc0.xcore.ibias__t120                  1.00456
xc0.xcore.vss__t164                2.31485e-06
xc0.xcore.vss__t365                6.11241e-14
xc0.xcore.vss__t26                 2.14288e-06
xc0.xcore.ibias__t0                    1.00456
xc0.xcore.tail__t252                   1.25448
xc0.xcore.vss__t366                5.65832e-14
xc0.xcore.tail__t175                   1.25448
xc0.xcore.ibias__t97                   1.00456
xc0.xcore.vss__t152                1.97671e-06
xc0.xcore.vss__t367                5.21955e-14
xc0.xcore.vss__t42                 1.81794e-06
xc0.xcore.ibias__t78                   1.00456
xc0.xcore.tail__t268                   1.25448
xc0.xcore.vss__t368                4.80031e-14
xc0.xcore.tail__t164                   1.25448
xc0.xcore.ibias__t77                   1.00456
xc0.xcore.vss__t141                1.66867e-06
xc0.xcore.vss__t369                4.40616e-14
xc0.xcore.vss__t37                 1.53169e-06
xc0.xcore.ibias__t70                   1.00456
xc0.xcore.tail__t263                   1.25448
xc0.xcore.vss__t370                4.04446e-14
xc0.xcore.tail__t167                   1.25448
xc0.xcore.ibias__t82                   1.00456
xc0.xcore.vss__t144                1.41058e-06
xc0.xcore.vss__t371                3.72467e-14
xc0.xcore.vss__t39                 1.30976e-06
xc0.xcore.ibias__t72                   1.00456
xc0.xcore.tail__t265                   1.25448
xc0.xcore.vss__t372                3.45843e-14
xc0.xcore.tail__t162                   1.25448
xc0.xcore.ibias__t73                   1.00456
xc0.xcore.vss__t139                1.23419e-06
xc0.xcore.vss__t373                3.25891e-14
xc0.xcore.vss__t40                 1.18872e-06
xc0.xcore.ibias__t74                   1.00456
xc0.xcore.tail__t266                   1.25448
xc0.xcore.vss__t374                3.13884e-14
xc0.xcore.tail__t163                   1.25448
xc0.xcore.ibias__t75                   1.00456
xc0.xcore.vss__t140                1.17683e-06
xc0.xcore.vss__t375                3.10745e-14
xc0.xcore.vss__t41                 1.19953e-06
xc0.xcore.ibias__t76                   1.00456
xc0.xcore.tail__t267                   1.25448
xc0.xcore.vss__t376                3.16738e-14
xc0.xcore.tail__t129                   1.25448
xc0.xcore.ibias__t9                    1.00456
xc0.xcore.vss__t107                1.25493e-06
xc0.xcore.vss__t377                3.31368e-14
xc0.xcore.vss__t6                  1.33899e-06
xc0.xcore.ibias__t8                    1.00456
xc0.xcore.tail__t232                   1.25448
xc0.xcore.vss__t378                3.53564e-14
xc0.xcore.tail__t128                   1.25449
xc0.xcore.ibias__t7                    1.00456
xc0.xcore.vss__t106                1.44671e-06
xc0.xcore.vss__t379                 3.8201e-14
xc0.xcore.vss__t5                  1.57325e-06
xc0.xcore.ibias__t6                    1.00456
xc0.xcore.tail__t231                   1.25449
xc0.xcore.vss__t380                4.15424e-14
xc0.xcore.tail__t141                   1.25449
xc0.xcore.ibias__t31                   1.00456
xc0.xcore.vss__t119                1.71445e-06
xc0.xcore.vss__t381                4.52707e-14
xc0.xcore.vss__t4                  1.86697e-06
xc0.xcore.ibias__t5                    1.00456
xc0.xcore.tail__t230                   1.25449
xc0.xcore.vss__t382                4.92982e-14
xc0.xcore.tail__t158                   1.25449
xc0.xcore.ibias__t62                   1.00456
xc0.xcore.vss__t135                2.02827e-06
xc0.xcore.vss__t383                5.35575e-14
xc0.xcore.vss__t33                 2.19641e-06
xc0.xcore.ibias__t63                   1.00456
xc0.xcore.tail__t259                   1.25449
xc0.xcore.vss__t384                5.79975e-14
xc0.xcore.tail__t159                   1.25449
xc0.xcore.ibias__t64                   1.00456
xc0.xcore.vss__t136                2.36994e-06
xc0.xcore.vss__t385                6.25798e-14
xc0.xcore.vss__t34                 2.54776e-06
xc0.xcore.ibias__t65                   1.00456
xc0.xcore.tail__t260                   1.25449
xc0.xcore.vss__t386                6.72753e-14
xc0.xcore.tail__t160                   1.25449
xc0.xcore.ibias__t66                   1.00456
xc0.xcore.vss__t137                2.72902e-06
xc0.xcore.vss__t387                7.20619e-14
xc0.xcore.vss__t35                 2.91309e-06
xc0.xcore.ibias__t67                   1.00456
xc0.xcore.tail__t261                   1.25449
xc0.xcore.vss__t388                7.69225e-14
xc0.xcore.tail__t161                   1.25449
xc0.xcore.ibias__t68                   1.00456
xc0.xcore.vss__t138                3.09947e-06
xc0.xcore.vss__t389                8.18441e-14
xc0.xcore.vss__t36                 3.28776e-06
xc0.xcore.ibias__t69                   1.00456
xc0.xcore.tail__t262                   1.25449
xc0.xcore.vss__t390                8.68161e-14
xc0.xcore.tail__t130                   1.25449
xc0.xcore.ibias__t10                   1.00456
xc0.xcore.vss__t108                3.47765e-06
xc0.xcore.vss__t391                9.18305e-14
xc0.xcore.vss__t13                 3.66889e-06
xc0.xcore.ibias__t23                   1.00456
xc0.xcore.tail__t239                   1.25449
xc0.xcore.vss__t392                9.68807e-14
xc0.xcore.tail__t137                   1.25449
xc0.xcore.ibias__t24                   1.00456
xc0.xcore.vss__t115                3.86129e-06
xc0.xcore.vss__t393                1.01961e-13
xc0.xcore.vss__t14                 4.05467e-06
xc0.xcore.ibias__t25                   1.00456
xc0.xcore.tail__t240                   1.25449
xc0.xcore.vss__t394                1.07068e-13
xc0.xcore.tail__t138                   1.25449
xc0.xcore.ibias__t26                   1.00456
xc0.xcore.vss__t116                4.24891e-06
xc0.xcore.vss__t395                1.12197e-13
xc0.xcore.vss__t15                 4.44389e-06
xc0.xcore.ibias__t27                   1.00456
xc0.xcore.tail__t241                   1.25449
xc0.xcore.vss__t396                1.17346e-13
xc0.xcore.tail__t139                   1.25449
xc0.xcore.ibias__t28                   1.00456
xc0.xcore.vss__t117                4.63951e-06
xc0.xcore.vss__t397                1.22512e-13
xc0.xcore.vss__t16                 4.83571e-06
xc0.xcore.ibias__t29                   1.00456
xc0.xcore.tail__t242                   1.25449
xc0.xcore.vss__t398                1.27693e-13
xc0.xcore.tail__t140                   1.25449
xc0.xcore.ibias__t30                   1.00456
xc0.xcore.vss__t118                 5.0324e-06
xc0.xcore.vss__t399                1.32887e-13
xc0.xcore.vss__t21                 5.22955e-06
xc0.xcore.ibias__t41                   1.00456
xc0.xcore.tail__t247                   1.25449
xc0.xcore.vss__t400                1.38093e-13
xc0.xcore.tail__t142                   1.25449
xc0.xcore.ibias__t32                   1.00456
xc0.xcore.vss__t120                5.42709e-06
xc0.xcore.vss__t401                 1.4331e-13
xc0.xcore.vss__t17                 5.62498e-06
xc0.xcore.ibias__t33                   1.00456
xc0.xcore.tail__t243                   1.25449
xc0.xcore.vss__t402                1.48536e-13
xc0.xcore.tail__t143                   1.25449
xc0.xcore.ibias__t34                   1.00456
xc0.xcore.vss__t121                 5.8232e-06
xc0.xcore.vss__t403                 1.5377e-13
xc0.xcore.vss__t18                  6.0217e-06
xc0.xcore.ibias__t35                   1.00456
xc0.xcore.tail__t244                   1.25449
xc0.xcore.vss__t404                1.59012e-13
xc0.xcore.tail__t144                   1.25449
xc0.xcore.ibias__t36                   1.00456
xc0.xcore.vss__t122                6.22046e-06
xc0.xcore.vss__t405                 1.6426e-13
xc0.xcore.vss__t19                 6.41945e-06
xc0.xcore.ibias__t37                   1.00456
xc0.xcore.tail__t245                   1.25449
xc0.xcore.vss__t406                1.69515e-13
xc0.xcore.tail__t145                   1.25449
xc0.xcore.ibias__t38                   1.00456
xc0.xcore.vss__t123                6.61866e-06
xc0.xcore.vss__t407                1.74776e-13
xc0.xcore.vss__t20                 6.81807e-06
xc0.xcore.ibias__t39                   1.00456
xc0.xcore.tail__t246                   1.25449
xc0.xcore.vss__t408                1.80041e-13
xc0.xcore.tail__t146                   1.25449
xc0.xcore.ibias__t40                   1.00456
xc0.xcore.vss__t124                7.01765e-06
xc0.xcore.vss__t409                1.85312e-13
xc0.xcore.vss__t8                   7.2174e-06
xc0.xcore.ibias__t12                   1.00456
xc0.xcore.tail__t234                   1.25449
xc0.xcore.vss__t410                1.90587e-13
xc0.xcore.tail__t135                   1.25449
xc0.xcore.ibias__t21                   1.00456
xc0.xcore.vss__t113                 7.4173e-06
xc0.xcore.vss__t411                1.95865e-13
xc0.xcore.vss__t9                  7.61734e-06
xc0.xcore.ibias__t13                   1.00456
xc0.xcore.tail__t235                   1.25449
xc0.xcore.vss__t412                2.01148e-13
xc0.xcore.tail__t131                   1.25449
xc0.xcore.ibias__t14                   1.00456
xc0.xcore.vss__t109                 7.8175e-06
xc0.xcore.vss__t413                2.06434e-13
xc0.xcore.vss__t10                 8.01779e-06
xc0.xcore.ibias__t15                   1.00456
xc0.xcore.tail__t236                   1.25449
xc0.xcore.vss__t414                2.11723e-13
xc0.xcore.tail__t134                   1.25449
xc0.xcore.ibias__t20                   1.00456
xc0.xcore.vss__t112                8.21818e-06
xc0.xcore.vss__t415                2.17015e-13
xc0.xcore.vss__t12                 8.41868e-06
xc0.xcore.ibias__t19                   1.00456
xc0.xcore.tail__t238                   1.25449
xc0.xcore.vss__t416                2.22309e-13
xc0.xcore.tail__t133                   1.25449
xc0.xcore.ibias__t18                   1.00456
xc0.xcore.vss__t111                8.61927e-06
xc0.xcore.vss__t417                2.27606e-13
xc0.xcore.vss__t11                 8.81995e-06
xc0.xcore.ibias__t17                   1.00456
xc0.xcore.tail__t237                   1.25449
xc0.xcore.vss__t418                2.32906e-13
xc0.xcore.tail__t132                   1.25449
xc0.xcore.ibias__t16                   1.00456
xc0.xcore.vss__t110                9.02071e-06
xc0.xcore.vss__t419                2.38207e-13
xc0.xcore.vss__t7                  9.22154e-06
xc0.xcore.ibias__t11                   1.00456
xc0.xcore.tail__t233                   1.25449
xc0.xcore.vss__t420                2.43511e-13
xc0.xcore.tail__t136                   1.25448
xc0.xcore.ibias__t22                   1.00456
xc0.xcore.vss__t114                9.42245e-06
xc0.xcore.vss__t421                2.48816e-13
xc0.xcore.vss__t23                 9.62343e-06
xc0.xcore.ibias__t45                   1.00456
xc0.xcore.tail__t249                   1.25448
xc0.xcore.vss__t422                2.54124e-13
xc0.xcore.tail__t150                   1.25448
xc0.xcore.ibias__t46                   1.00456
xc0.xcore.vss__t127                9.82447e-06
xc0.xcore.vss__t423                2.59433e-13
xc0.xcore.vss__t24                 1.00256e-05
xc0.xcore.ibias__t47                   1.00456
xc0.xcore.tail__t250                   1.25448
xc0.xcore.vss__t424                2.64743e-13
xc0.xcore.tail__t151                   1.25448
xc0.xcore.ibias__t48                   1.00456
xc0.xcore.vss__t128                1.02267e-05
xc0.xcore.vss__t425                2.70055e-13
xc0.xcore.vss__t25                 1.04279e-05
xc0.xcore.ibias__t49                   1.00456
xc0.xcore.tail__t251                   1.25448
xc0.xcore.vss__t426                2.75369e-13
xc0.xcore.tail__t152                   1.25448
xc0.xcore.ibias__t50                   1.00456
xc0.xcore.vss__t129                1.06292e-05
xc0.xcore.vss__t427                2.80683e-13
xc0.xcore.vss__t32                 1.08305e-05
xc0.xcore.ibias__t61                   1.00456
xc0.xcore.tail__t258                   1.25448
xc0.xcore.vss__t428                2.85999e-13
xc0.xcore.tail__t153                   1.25448
xc0.xcore.ibias__t51                   1.00456
xc0.xcore.vss__t130                1.10318e-05
xc0.xcore.vss__t429                2.91316e-13
xc0.xcore.vss__t27                 1.12332e-05
xc0.xcore.ibias__t52                   1.00456
xc0.xcore.tail__t253                   1.25448
xc0.xcore.vss__t430                2.96635e-13
xc0.xcore.tail__t154                   1.25448
xc0.xcore.ibias__t53                   1.00456
xc0.xcore.vss__t131                1.14347e-05
xc0.xcore.vss__t431                3.01954e-13
xc0.xcore.vss__t28                 1.16361e-05
xc0.xcore.ibias__t54                   1.00456
xc0.xcore.tail__t254                   1.25448
xc0.xcore.vss__t432                3.07274e-13
xc0.xcore.tail__t155                   1.25448
xc0.xcore.ibias__t55                   1.00456
xc0.xcore.vss__t132                1.18376e-05
xc0.xcore.vss__t433                3.12596e-13
xc0.xcore.vss__t29                 1.20392e-05
xc0.xcore.ibias__t56                   1.00456
xc0.xcore.tail__t255                   1.25448
xc0.xcore.vss__t434                3.17918e-13
xc0.xcore.tail__t156                   1.25448
xc0.xcore.ibias__t57                   1.00456
xc0.xcore.vss__t133                1.22407e-05
xc0.xcore.vss__t435                3.23241e-13
xc0.xcore.vss__t30                 1.24423e-05
xc0.xcore.ibias__t58                   1.00456
xc0.xcore.tail__t256                   1.25448
xc0.xcore.vss__t436                3.28565e-13
xc0.xcore.tail__t157                   1.25448
xc0.xcore.ibias__t59                   1.00456
xc0.xcore.vss__t134                 1.2644e-05
xc0.xcore.vss__t437                3.33889e-13
xc0.xcore.vss__t31                 1.28456e-05
xc0.xcore.ibias__t60                   1.00456
xc0.xcore.tail__t257                   1.25448
xc0.xcore.vss__t438                3.39214e-13
xc0.xcore.tail__t211                   1.25448
xc0.xcore.ibias__t176                  1.00456
xc0.xcore.vss__t193                1.30473e-05
xc0.xcore.vss__t439                 3.4454e-13
xc0.xcore.vss__t88                  1.3249e-05
xc0.xcore.ibias__t175                  1.00456
xc0.xcore.tail__t311                   1.25448
xc0.xcore.vss__t440                3.49867e-13
xc0.xcore.tail__t165                   1.25448
xc0.xcore.ibias__t79                   1.00456
xc0.xcore.vss__t142                1.34507e-05
xc0.xcore.vss__t441                3.55195e-13
xc0.xcore.vss__t43                 1.36525e-05
xc0.xcore.ibias__t80                   1.00456
xc0.xcore.tail__t269                   1.25448
xc0.xcore.vss__t442                3.60522e-13
xc0.xcore.tail__t166                   1.25448
xc0.xcore.ibias__t81                   1.00456
xc0.xcore.vss__t143                1.38543e-05
xc0.xcore.vss__t443                3.65851e-13
xc0.xcore.vss__t38                 1.40561e-05
xc0.xcore.ibias__t71                   1.00456
xc0.xcore.tail__t264                   1.25448
xc0.xcore.vss__t444                 3.7118e-13
xc0.xcore.tail__t147                   1.25448
xc0.xcore.ibias__t42                   1.00456
xc0.xcore.vss__t125                1.42579e-05
xc0.xcore.vss__t445                 3.7651e-13
xc0.xcore.vss__t22                 1.44597e-05
xc0.xcore.ibias__t43                   1.00456
xc0.xcore.tail__t248                   1.25448
xc0.xcore.vss__t446                 3.8184e-13
xc0.xcore.tail__t148                   1.25448
xc0.xcore.ibias__t44                   1.00456
xc0.xcore.vss__t126                1.46616e-05
xc0.xcore.vss__t447                 3.8717e-13
xc0.xcore.vss__t0                  1.48634e-05
xc0.xcore.ibias__t1                    1.00456
xc0.xcore.tail__t149                   1.25448
xc0.xcore.vss__t456                3.92501e-13
xc0.xcore.tail__t229                   1.25444
xc0.xcore.ibias__t2                    1.00456
xc0.xcore.vss__t1                  2.55127e-05
xc0.xcore.vss__t458                6.73718e-13
xc0.xcore.vss__t189                2.53104e-05
xc0.xcore.ibias__t170                  1.00456
xc0.xcore.tail__t228                   1.25444
xc0.xcore.vss__t250                6.68376e-13
xc0.xcore.tail__t209                   1.25444
xc0.xcore.ibias__t169                  1.00456
xc0.xcore.vss__t188                2.51081e-05
xc0.xcore.vss__t251                6.63035e-13
xc0.xcore.vss__t86                 2.49059e-05
xc0.xcore.ibias__t168                  1.00456
xc0.xcore.tail__t309                   1.25444
xc0.xcore.vss__t252                6.57693e-13
xc0.xcore.tail__t208                   1.25444
xc0.xcore.ibias__t167                  1.00456
xc0.xcore.vss__t187                2.47036e-05
xc0.xcore.vss__t253                6.52351e-13
xc0.xcore.vss__t85                 2.45014e-05
xc0.xcore.ibias__t166                  1.00456
xc0.xcore.tail__t308                   1.25444
xc0.xcore.vss__t254                 6.4701e-13
xc0.xcore.tail__t207                   1.25444
xc0.xcore.ibias__t165                  1.00456
xc0.xcore.vss__t186                2.42991e-05
xc0.xcore.vss__t255                6.41669e-13
xc0.xcore.vss__t84                 2.40969e-05
xc0.xcore.ibias__t164                  1.00456
xc0.xcore.tail__t307                   1.25444
xc0.xcore.vss__t256                6.36328e-13
xc0.xcore.tail__t210                   1.25444
xc0.xcore.ibias__t173                  1.00456
xc0.xcore.vss__t191                2.38946e-05
xc0.xcore.vss__t257                6.30986e-13
xc0.xcore.vss__t87                 2.36924e-05
xc0.xcore.ibias__t172                  1.00456
xc0.xcore.tail__t310                   1.25445
xc0.xcore.vss__t258                6.25645e-13
xc0.xcore.tail__t219                   1.25445
xc0.xcore.ibias__t195                  1.00456
xc0.xcore.vss__t201                2.34901e-05
xc0.xcore.vss__t259                6.20305e-13
xc0.xcore.vss__t99                 2.32879e-05
xc0.xcore.ibias__t194                  1.00456
xc0.xcore.tail__t321                   1.25445
xc0.xcore.vss__t260                6.14964e-13
xc0.xcore.tail__t227                   1.25445
xc0.xcore.ibias__t209                  1.00456
xc0.xcore.vss__t209                2.30857e-05
xc0.xcore.vss__t261                6.09623e-13
xc0.xcore.vss__t97                 2.28834e-05
xc0.xcore.ibias__t192                  1.00456
xc0.xcore.tail__t319                   1.25445
xc0.xcore.vss__t262                6.04282e-13
xc0.xcore.tail__t218                   1.25445
xc0.xcore.ibias__t191                  1.00456
xc0.xcore.vss__t200                2.26812e-05
xc0.xcore.vss__t263                5.98942e-13
xc0.xcore.vss__t96                  2.2479e-05
xc0.xcore.ibias__t190                  1.00456
xc0.xcore.tail__t318                   1.25445
xc0.xcore.vss__t264                5.93602e-13
xc0.xcore.tail__t217                   1.25445
xc0.xcore.ibias__t189                  1.00456
xc0.xcore.vss__t199                2.22768e-05
xc0.xcore.vss__t265                5.88261e-13
xc0.xcore.vss__t95                 2.20746e-05
xc0.xcore.ibias__t188                  1.00456
xc0.xcore.tail__t317                   1.25445
xc0.xcore.vss__t266                5.82921e-13
xc0.xcore.tail__t216                   1.25445
xc0.xcore.ibias__t187                  1.00456
xc0.xcore.vss__t198                2.18724e-05
xc0.xcore.vss__t267                5.77581e-13
xc0.xcore.vss__t94                 2.16702e-05
xc0.xcore.ibias__t186                  1.00456
xc0.xcore.tail__t316                   1.25445
xc0.xcore.vss__t268                5.72242e-13
xc0.xcore.tail__t215                   1.25445
xc0.xcore.ibias__t185                  1.00456
xc0.xcore.vss__t197                 2.1468e-05
xc0.xcore.vss__t269                5.66902e-13
xc0.xcore.vss__t93                 2.12658e-05
xc0.xcore.ibias__t184                  1.00456
xc0.xcore.tail__t315                   1.25445
xc0.xcore.vss__t270                5.61562e-13
xc0.xcore.tail__t214                   1.25445
xc0.xcore.ibias__t183                  1.00456
xc0.xcore.vss__t196                2.10636e-05
xc0.xcore.vss__t271                5.56223e-13
xc0.xcore.vss__t92                 2.08614e-05
xc0.xcore.ibias__t182                  1.00456
xc0.xcore.tail__t314                   1.25445
xc0.xcore.vss__t272                5.50884e-13
xc0.xcore.tail__t213                   1.25445
xc0.xcore.ibias__t181                  1.00456
xc0.xcore.vss__t195                2.06593e-05
xc0.xcore.vss__t273                5.45545e-13
xc0.xcore.vss__t91                 2.04571e-05
xc0.xcore.ibias__t180                  1.00456
xc0.xcore.tail__t313                   1.25445
xc0.xcore.vss__t274                5.40206e-13
xc0.xcore.tail__t212                   1.25445
xc0.xcore.ibias__t179                  1.00456
xc0.xcore.vss__t194                2.02549e-05
xc0.xcore.vss__t275                5.34867e-13
xc0.xcore.vss__t90                 2.00528e-05
xc0.xcore.ibias__t178                  1.00456
xc0.xcore.tail__t312                   1.25445
xc0.xcore.vss__t276                5.29528e-13
xc0.xcore.tail__t206                   1.25445
xc0.xcore.ibias__t161                  1.00456
xc0.xcore.vss__t184                1.98506e-05
xc0.xcore.vss__t277                 5.2419e-13
xc0.xcore.vss__t57                 1.96485e-05
xc0.xcore.ibias__t112                  1.00456
xc0.xcore.tail__t283                   1.25445
xc0.xcore.vss__t278                5.18852e-13
xc0.xcore.tail__t183                   1.25445
xc0.xcore.ibias__t111                  1.00456
xc0.xcore.vss__t160                1.94464e-05
xc0.xcore.vss__t279                5.13514e-13
xc0.xcore.vss__t56                 1.92442e-05
xc0.xcore.ibias__t110                  1.00456
xc0.xcore.tail__t282                   1.25445
xc0.xcore.vss__t280                5.08176e-13
xc0.xcore.tail__t182                   1.25445
xc0.xcore.ibias__t109                  1.00456
xc0.xcore.vss__t159                1.90421e-05
xc0.xcore.vss__t281                5.02838e-13
xc0.xcore.vss__t55                   1.884e-05
xc0.xcore.ibias__t108                  1.00456
xc0.xcore.tail__t281                   1.25445
xc0.xcore.vss__t282                4.97501e-13
xc0.xcore.tail__t181                   1.25445
xc0.xcore.ibias__t107                  1.00456
xc0.xcore.vss__t158                1.86379e-05
xc0.xcore.vss__t283                4.92164e-13
xc0.xcore.vss__t54                 1.84358e-05
xc0.xcore.ibias__t106                  1.00456
xc0.xcore.tail__t280                   1.25445
xc0.xcore.vss__t284                4.86827e-13
xc0.xcore.tail__t180                   1.25445
xc0.xcore.ibias__t105                  1.00456
xc0.xcore.vss__t157                1.82337e-05
xc0.xcore.vss__t285                 4.8149e-13
xc0.xcore.vss__t53                 1.80316e-05
xc0.xcore.ibias__t104                  1.00456
xc0.xcore.tail__t279                   1.25445
xc0.xcore.vss__t286                4.76154e-13
xc0.xcore.tail__t205                   1.25445
xc0.xcore.ibias__t156                  1.00456
xc0.xcore.vss__t182                1.78296e-05
xc0.xcore.vss__t287                4.70817e-13
xc0.xcore.vss__t79                 1.76275e-05
xc0.xcore.ibias__t155                  1.00456
xc0.xcore.tail__t305                   1.25446
xc0.xcore.vss__t288                4.65481e-13
xc0.xcore.tail__t204                   1.25446
xc0.xcore.ibias__t154                  1.00456
xc0.xcore.vss__t181                1.74255e-05
xc0.xcore.vss__t289                4.60146e-13
xc0.xcore.vss__t78                 1.72234e-05
xc0.xcore.ibias__t153                  1.00456
xc0.xcore.tail__t304                   1.25446
xc0.xcore.vss__t290                 4.5481e-13
xc0.xcore.tail__t203                   1.25446
xc0.xcore.ibias__t152                  1.00456
xc0.xcore.vss__t180                1.70214e-05
xc0.xcore.vss__t291                4.49475e-13
xc0.xcore.vss__t77                 1.68194e-05
xc0.xcore.ibias__t151                  1.00456
xc0.xcore.tail__t303                   1.25446
xc0.xcore.vss__t292                 4.4414e-13
xc0.xcore.tail__t202                   1.25446
xc0.xcore.ibias__t150                  1.00456
xc0.xcore.vss__t179                1.66174e-05
xc0.xcore.vss__t293                4.38806e-13
xc0.xcore.vss__t76                 1.64154e-05
xc0.xcore.ibias__t149                  1.00456
xc0.xcore.tail__t302                   1.25446
xc0.xcore.vss__t294                4.33471e-13
xc0.xcore.tail__t201                   1.25446
xc0.xcore.ibias__t148                  1.00456
xc0.xcore.vss__t178                1.62134e-05
xc0.xcore.vss__t295                4.28137e-13
xc0.xcore.vss__t75                 1.60114e-05
xc0.xcore.ibias__t147                  1.00456
xc0.xcore.tail__t301                   1.25446
xc0.xcore.vss__t296                4.22804e-13
xc0.xcore.tail__t200                   1.25446
xc0.xcore.ibias__t146                  1.00456
xc0.xcore.vss__t177                1.58095e-05
xc0.xcore.vss__t297                4.17471e-13
xc0.xcore.vss__t98                 1.56075e-05
xc0.xcore.ibias__t193                  1.00456
xc0.xcore.tail__t320                   1.25446
xc0.xcore.vss__t298                4.12138e-13
xc0.xcore.tail__t226                   1.25446
xc0.xcore.ibias__t208                  1.00456
xc0.xcore.vss__t208                1.54056e-05
xc0.xcore.vss__t299                4.06805e-13
xc0.xcore.vss__t105                1.52037e-05
xc0.xcore.ibias__t207                  1.00456
xc0.xcore.tail__t327                   1.25446
xc0.xcore.vss__t300                4.01473e-13
xc0.xcore.tail__t225                   1.25446
xc0.xcore.ibias__t206                  1.00456
xc0.xcore.vss__t207                1.50018e-05
xc0.xcore.vss__t301                3.96142e-13
xc0.xcore.vss__t104                1.47999e-05
xc0.xcore.ibias__t205                  1.00456
xc0.xcore.tail__t326                   1.25446
xc0.xcore.vss__t302                3.90811e-13
xc0.xcore.tail__t224                   1.25446
xc0.xcore.ibias__t204                  1.00456
xc0.xcore.vss__t206                 1.4598e-05
xc0.xcore.vss__t303                 3.8548e-13
xc0.xcore.vss__t103                1.43962e-05
xc0.xcore.ibias__t203                  1.00456
xc0.xcore.tail__t325                   1.25446
xc0.xcore.vss__t304                 3.8015e-13
xc0.xcore.tail__t223                   1.25446
xc0.xcore.ibias__t202                  1.00456
xc0.xcore.vss__t205                1.41944e-05
xc0.xcore.vss__t305                 3.7482e-13
xc0.xcore.vss__t102                1.39926e-05
xc0.xcore.ibias__t201                  1.00456
xc0.xcore.tail__t324                   1.25446
xc0.xcore.vss__t306                3.69491e-13
xc0.xcore.tail__t222                   1.25446
xc0.xcore.ibias__t200                  1.00456
xc0.xcore.vss__t204                1.37908e-05
xc0.xcore.vss__t307                3.64162e-13
xc0.xcore.vss__t101                 1.3589e-05
xc0.xcore.ibias__t199                  1.00456
xc0.xcore.tail__t323                   1.25446
xc0.xcore.vss__t308                3.58834e-13
xc0.xcore.tail__t221                   1.25446
xc0.xcore.ibias__t198                  1.00456
xc0.xcore.vss__t203                1.33873e-05
xc0.xcore.vss__t309                3.53506e-13
xc0.xcore.vss__t100                1.31855e-05
xc0.xcore.ibias__t197                  1.00456
xc0.xcore.tail__t322                   1.25446
xc0.xcore.vss__t310                3.48179e-13
xc0.xcore.tail__t220                   1.25446
xc0.xcore.ibias__t196                  1.00456
xc0.xcore.vss__t202                1.29838e-05
xc0.xcore.vss__t311                3.42853e-13
xc0.xcore.vss__t80                 1.27822e-05
xc0.xcore.ibias__t157                  1.00456
xc0.xcore.tail__t306                   1.25446
xc0.xcore.vss__t312                3.37527e-13
xc0.xcore.tail__t185                   1.25446
xc0.xcore.ibias__t116                  1.00456
xc0.xcore.vss__t162                1.25805e-05
xc0.xcore.vss__t313                3.32202e-13
xc0.xcore.vss__t59                 1.23789e-05
xc0.xcore.ibias__t115                  1.00456
xc0.xcore.tail__t285                   1.25446
xc0.xcore.vss__t314                3.26878e-13
xc0.xcore.tail__t184                   1.25446
xc0.xcore.ibias__t114                  1.00456
xc0.xcore.vss__t161                1.21773e-05
xc0.xcore.vss__t315                3.21555e-13
xc0.xcore.vss__t71                 1.19758e-05
xc0.xcore.ibias__t139                  1.00456
xc0.xcore.tail__t297                   1.25446
xc0.xcore.vss__t316                3.16232e-13
xc0.xcore.tail__t196                   1.25446
xc0.xcore.ibias__t138                  1.00456
xc0.xcore.vss__t173                1.17742e-05
xc0.xcore.vss__t317                3.10911e-13
xc0.xcore.vss__t70                 1.15727e-05
xc0.xcore.ibias__t137                  1.00456
xc0.xcore.tail__t296                   1.25447
xc0.xcore.vss__t318                 3.0559e-13
xc0.xcore.tail__t195                   1.25447
xc0.xcore.ibias__t136                  1.00456
xc0.xcore.vss__t172                1.13713e-05
xc0.xcore.vss__t319                 3.0027e-13
xc0.xcore.vss__t69                 1.11699e-05
xc0.xcore.ibias__t135                  1.00456
xc0.xcore.tail__t295                   1.25447
xc0.xcore.vss__t320                2.94951e-13
xc0.xcore.tail__t194                   1.25447
xc0.xcore.ibias__t134                  1.00456
xc0.xcore.vss__t171                1.09685e-05
xc0.xcore.vss__t321                2.89634e-13
xc0.xcore.vss__t61                 1.07672e-05
xc0.xcore.ibias__t119                  1.00456
xc0.xcore.tail__t287                   1.25447
xc0.xcore.vss__t322                2.84317e-13
xc0.xcore.tail__t179                   1.25447
xc0.xcore.ibias__t103                  1.00456
xc0.xcore.vss__t156                1.05659e-05
xc0.xcore.vss__t323                2.79001e-13
xc0.xcore.vss__t48                 1.03646e-05
xc0.xcore.ibias__t92                   1.00456
xc0.xcore.tail__t274                   1.25447
xc0.xcore.vss__t324                2.73687e-13
xc0.xcore.tail__t178                   1.25447
xc0.xcore.ibias__t102                  1.00456
xc0.xcore.vss__t155                1.01634e-05
xc0.xcore.vss__t325                2.68375e-13
xc0.xcore.vss__t52                  9.9623e-06
xc0.xcore.ibias__t101                  1.00456
xc0.xcore.tail__t278                   1.25447
xc0.xcore.vss__t326                2.63063e-13
xc0.xcore.tail__t177                   1.25447
xc0.xcore.ibias__t100                  1.00456
xc0.xcore.vss__t154                9.76122e-06
xc0.xcore.vss__t327                2.57753e-13
xc0.xcore.vss__t51                  9.5602e-06
xc0.xcore.ibias__t99                   1.00456
xc0.xcore.tail__t277                   1.25447
xc0.xcore.vss__t328                2.52445e-13
xc0.xcore.tail__t176                   1.25447
xc0.xcore.ibias__t98                   1.00456
xc0.xcore.vss__t153                9.35924e-06
xc0.xcore.vss__t329                2.47138e-13
xc0.xcore.vss__t58                 9.15836e-06
xc0.xcore.ibias__t113                  1.00456
xc0.xcore.tail__t284                   1.25447
xc0.xcore.vss__t330                2.41834e-13
xc0.xcore.tail__t174                   1.25447
xc0.xcore.ibias__t96                   1.00456
xc0.xcore.vss__t151                8.95754e-06
xc0.xcore.vss__t331                2.36531e-13
xc0.xcore.vss__t50                 8.75681e-06
xc0.xcore.ibias__t95                   1.00456
xc0.xcore.tail__t276                   1.25447
xc0.xcore.vss__t332                 2.3123e-13
xc0.xcore.tail__t173                   1.25447
xc0.xcore.ibias__t94                   1.00456
xc0.xcore.vss__t150                8.55616e-06
xc0.xcore.vss__t333                2.25932e-13
xc0.xcore.vss__t49                  8.3556e-06
xc0.xcore.ibias__t93                   1.00456
xc0.xcore.tail__t275                   1.25447
xc0.xcore.vss__t334                2.20636e-13
xc0.xcore.tail__t172                   1.25447
xc0.xcore.ibias__t91                   1.00456
xc0.xcore.vss__t149                8.15513e-06
xc0.xcore.vss__t335                2.15342e-13
xc0.xcore.vss__t47                 7.95477e-06
xc0.xcore.ibias__t90                   1.00456
xc0.xcore.tail__t273                   1.25447
xc0.xcore.vss__t336                2.10051e-13
xc0.xcore.tail__t171                   1.25447
xc0.xcore.ibias__t89                   1.00456
xc0.xcore.vss__t148                7.75452e-06
xc0.xcore.vss__t337                2.04763e-13
xc0.xcore.vss__t46                  7.5544e-06
xc0.xcore.ibias__t88                   1.00456
xc0.xcore.tail__t272                   1.25447
xc0.xcore.vss__t338                1.99479e-13
xc0.xcore.tail__t170                   1.25447
xc0.xcore.ibias__t87                   1.00456
xc0.xcore.vss__t147                 7.3544e-06
xc0.xcore.vss__t339                1.94198e-13
xc0.xcore.vss__t45                 7.15455e-06
xc0.xcore.ibias__t86                   1.00456
xc0.xcore.tail__t271                   1.25447
xc0.xcore.vss__t340                 1.8892e-13
xc0.xcore.tail__t169                   1.25447
xc0.xcore.ibias__t85                   1.00456
xc0.xcore.vss__t146                6.95485e-06
xc0.xcore.vss__t341                1.83647e-13
xc0.xcore.vss__t44                 6.75532e-06
xc0.xcore.ibias__t84                   1.00456
xc0.xcore.tail__t270                   1.25447
xc0.xcore.vss__t342                1.78378e-13
xc0.xcore.tail__t168                   1.25447
xc0.xcore.ibias__t83                   1.00456
xc0.xcore.vss__t145                6.55597e-06
xc0.xcore.vss__t343                1.73114e-13
xc0.xcore.vss__t66                 6.35683e-06
xc0.xcore.ibias__t129                  1.00456
xc0.xcore.tail__t292                   1.25447
xc0.xcore.vss__t344                1.67856e-13
xc0.xcore.tail__t199                   1.25447
xc0.xcore.ibias__t144                  1.00456
xc0.xcore.vss__t176                6.15791e-06
xc0.xcore.vss__t345                1.62603e-13
xc0.xcore.vss__t73                 5.95922e-06
xc0.xcore.ibias__t143                  1.00456
xc0.xcore.tail__t299                   1.25447
xc0.xcore.vss__t346                1.57356e-13
xc0.xcore.tail__t198                   1.25447
xc0.xcore.ibias__t142                  1.00456
xc0.xcore.vss__t175                5.76081e-06
xc0.xcore.vss__t347                1.52117e-13
xc0.xcore.vss__t72                 5.56269e-06
xc0.xcore.ibias__t141                  1.00456
xc0.xcore.tail__t298                   1.25448
xc0.xcore.vss__t348                1.46886e-13
xc0.xcore.outp__t53                    2.79357
xc0.xcore.inp__t1                       2.5245
xc0.xcore.tail__t0                     1.25455
xc0.xcore.vss__t460                8.47361e-12
xc0.xcore.tail__t119                   1.25455
xc0.xcore.inp__t53                      2.5245
xc0.xcore.outp__t52                    2.79357
xc0.xcore.vss__t462                8.55362e-12
xc0.xcore.outp__t46                    2.79357
xc0.xcore.inp__t52                      2.5245
xc0.xcore.tail__t118                   1.25455
xc0.xcore.vss__t463                8.63362e-12
xc0.xcore.tail__t58                    1.25455
xc0.xcore.inp__t61                      2.5245
xc0.xcore.outp__t82                    2.79357
xc0.xcore.vss__t464                8.71362e-12
xc0.xcore.outp__t30                    2.79357
xc0.xcore.inp__t24                      2.5245
xc0.xcore.tail__t98                    1.25455
xc0.xcore.vss__t465                8.79362e-12
xc0.xcore.tail__t38                    1.25455
xc0.xcore.inp__t23                      2.5245
xc0.xcore.outp__t64                    2.79357
xc0.xcore.vss__t466                8.87361e-12
xc0.xcore.outp__t29                    2.79357
xc0.xcore.inp__t22                      2.5245
xc0.xcore.tail__t97                    1.25455
xc0.xcore.vss__t467                8.95361e-12
xc0.xcore.tail__t37                    1.25455
xc0.xcore.inp__t21                      2.5245
xc0.xcore.outp__t63                    2.79356
xc0.xcore.vss__t468                9.03361e-12
xc0.xcore.outp__t28                    2.79356
xc0.xcore.inp__t20                      2.5245
xc0.xcore.tail__t96                    1.25456
xc0.xcore.vss__t469                 9.1136e-12
xc0.xcore.tail__t36                    1.25456
xc0.xcore.inp__t19                      2.5245
xc0.xcore.outp__t62                    2.79356
xc0.xcore.vss__t470                9.19359e-12
xc0.xcore.outp__t27                    2.79356
xc0.xcore.inp__t18                      2.5245
xc0.xcore.tail__t95                    1.25456
xc0.xcore.vss__t471                9.27358e-12
xc0.xcore.tail__t35                    1.25456
xc0.xcore.inp__t17                      2.5245
xc0.xcore.outp__t61                    2.79356
xc0.xcore.vss__t472                9.35357e-12
xc0.xcore.outp__t26                    2.79356
xc0.xcore.inp__t16                      2.5245
xc0.xcore.tail__t94                    1.25456
xc0.xcore.vss__t473                9.43356e-12
xc0.xcore.tail__t33                    1.25456
xc0.xcore.inp__t15                      2.5245
xc0.xcore.outp__t60                    2.79355
xc0.xcore.vss__t474                9.51355e-12
xc0.xcore.outp__t47                    2.79355
xc0.xcore.inp__t54                      2.5245
xc0.xcore.tail__t120                   1.25456
xc0.xcore.vss__t475                9.59353e-12
xc0.xcore.tail__t54                    1.25456
xc0.xcore.inp__t55                      2.5245
xc0.xcore.outp__t78                    2.79355
xc0.xcore.vss__t476                9.67351e-12
xc0.xcore.outp__t51                    2.79355
xc0.xcore.inp__t63                      2.5245
xc0.xcore.tail__t126                   1.25456
xc0.xcore.vss__t477                9.75349e-12
xc0.xcore.tail__t57                    1.25456
xc0.xcore.inp__t60                      2.5245
xc0.xcore.outp__t81                    2.79355
xc0.xcore.vss__t478                9.83347e-12
xc0.xcore.outp__t49                    2.79355
xc0.xcore.inp__t59                      2.5245
xc0.xcore.tail__t122                   1.25456
xc0.xcore.vss__t479                9.91344e-12
xc0.xcore.tail__t56                    1.25456
xc0.xcore.inp__t58                      2.5245
xc0.xcore.outp__t80                    2.79354
xc0.xcore.vss__t480                9.99342e-12
xc0.xcore.outp__t48                    2.79354
xc0.xcore.inp__t57                      2.5245
xc0.xcore.tail__t121                   1.25457
xc0.xcore.vss__t481                1.00734e-11
xc0.xcore.tail__t55                    1.25457
xc0.xcore.inp__t56                      2.5245
xc0.xcore.outp__t79                    2.79354
xc0.xcore.vss__t482                1.01534e-11
xc0.xcore.outp__t24                    2.79354
xc0.xcore.inp__t11                      2.5245
xc0.xcore.tail__t92                    1.25457
xc0.xcore.vss__t483                1.02333e-11
xc0.xcore.tail__t30                    1.25457
xc0.xcore.inp__t10                      2.5245
xc0.xcore.outp__t57                    2.79354
xc0.xcore.vss__t484                1.03133e-11
xc0.xcore.outp__t23                    2.79354
xc0.xcore.inp__t9                       2.5245
xc0.xcore.tail__t88                    1.25457
xc0.xcore.vss__t485                1.03933e-11
xc0.xcore.tail__t32                    1.25457
xc0.xcore.inp__t14                      2.5245
xc0.xcore.outp__t59                    2.79353
xc0.xcore.vss__t486                1.04732e-11
xc0.xcore.outp__t25                    2.79353
xc0.xcore.inp__t13                      2.5245
xc0.xcore.tail__t93                    1.25457
xc0.xcore.vss__t487                1.05532e-11
xc0.xcore.tail__t60                    1.25457
xc0.xcore.inp__t0                       2.5245
xc0.xcore.outp__t83                    2.79353
xc0.xcore.vss__t488                1.06331e-11
xc0.xcore.outp__t50                    2.79353
xc0.xcore.inp__t62                      2.5245
xc0.xcore.tail__t123                   1.25457
xc0.xcore.vss__t489                1.07131e-11
xc0.xcore.tail__t42                    1.25457
xc0.xcore.inp__t29                      2.5245
xc0.xcore.outp__t67                    2.79353
xc0.xcore.vss__t490                 1.0793e-11
xc0.xcore.outp__t32                    2.79353
xc0.xcore.inp__t28                      2.5245
xc0.xcore.tail__t102                   1.25457
xc0.xcore.vss__t491                 1.0873e-11
xc0.xcore.tail__t41                    1.25457
xc0.xcore.inp__t27                      2.5245
xc0.xcore.outp__t66                    2.79353
xc0.xcore.vss__t492                1.09529e-11
xc0.xcore.outp__t31                    2.79352
xc0.xcore.inp__t26                      2.5245
xc0.xcore.tail__t101                   1.25457
xc0.xcore.vss__t493                1.10328e-11
xc0.xcore.tail__t40                    1.25458
xc0.xcore.inp__t25                      2.5245
xc0.xcore.outp__t65                    2.79352
xc0.xcore.vss__t494                1.11128e-11
xc0.xcore.outp__t20                    2.79352
xc0.xcore.inp__t4                       2.5245
xc0.xcore.tail__t74                    1.25458
xc0.xcore.vss__t495                1.11927e-11
xc0.xcore.tail__t14                    1.25458
xc0.xcore.inp__t3                       2.5245
xc0.xcore.outp__t54                    2.79352
xc0.xcore.vss__t496                1.12727e-11
xc0.xcore.outp__t22                    2.79352
xc0.xcore.inp__t7                       2.5245
xc0.xcore.tail__t76                    1.25458
xc0.xcore.vss__t497                1.13526e-11
xc0.xcore.tail__t16                    1.25458
xc0.xcore.inp__t6                       2.5245
xc0.xcore.outp__t55                    2.79352
xc0.xcore.vss__t498                1.14325e-11
xc0.xcore.outp__t21                    2.79351
xc0.xcore.inp__t5                       2.5245
xc0.xcore.tail__t75                    1.25458
xc0.xcore.vss__t499                1.15124e-11
xc0.xcore.tail__t19                    1.25458
xc0.xcore.inp__t8                       2.5245
xc0.xcore.outp__t56                    2.79351
xc0.xcore.vss__t500                1.15923e-11
xc0.xcore.outp__t45                    2.79351
xc0.xcore.inp__t50                      2.5245
xc0.xcore.tail__t116                   1.25458
xc0.xcore.vss__t501                1.16723e-11
xc0.xcore.tail__t51                    1.25458
xc0.xcore.inp__t49                      2.5245
xc0.xcore.outp__t76                    2.79351
xc0.xcore.vss__t502                1.17522e-11
xc0.xcore.outp__t44                    2.79351
xc0.xcore.inp__t48                      2.5245
xc0.xcore.tail__t115                   1.25458
xc0.xcore.vss__t503                1.18321e-11
xc0.xcore.tail__t50                    1.25458
xc0.xcore.inp__t47                      2.5245
xc0.xcore.outp__t75                    2.79351
xc0.xcore.vss__t504                 1.1912e-11
xc0.xcore.outp__t43                     2.7935
xc0.xcore.inp__t46                      2.5245
xc0.xcore.tail__t114                   1.25458
xc0.xcore.vss__t505                1.19919e-11
xc0.xcore.tail__t49                    1.25458
xc0.xcore.inp__t45                      2.5245
xc0.xcore.outp__t74                     2.7935
xc0.xcore.vss__t506                1.20718e-11
xc0.xcore.outp__t42                     2.7935
xc0.xcore.inp__t44                      2.5245
xc0.xcore.tail__t113                   1.25459
xc0.xcore.vss__t507                1.21517e-11
xc0.xcore.tail__t48                    1.25459
xc0.xcore.inp__t43                      2.5245
xc0.xcore.outp__t73                     2.7935
xc0.xcore.vss__t508                1.22316e-11
xc0.xcore.outp__t41                     2.7935
xc0.xcore.inp__t42                      2.5245
xc0.xcore.tail__t112                   1.25459
xc0.xcore.vss__t509                1.23115e-11
xc0.xcore.tail__t47                    1.25459
xc0.xcore.inp__t41                      2.5245
xc0.xcore.outp__t72                     2.7935
xc0.xcore.vss__t510                1.23914e-11
xc0.xcore.outp__t40                    2.79349
xc0.xcore.inp__t40                      2.5245
xc0.xcore.tail__t111                   1.25459
xc0.xcore.vss__t511                1.24712e-11
xc0.xcore.tail__t46                    1.25459
xc0.xcore.inp__t39                      2.5245
xc0.xcore.outp__t71                    2.79349
xc0.xcore.vss__t512                1.25511e-11
xc0.xcore.outp__t39                    2.79349
xc0.xcore.inp__t38                      2.5245
xc0.xcore.tail__t110                   1.25459
xc0.xcore.vss__t513                 1.2631e-11
xc0.xcore.tail__t53                    1.25459
xc0.xcore.inp__t51                      2.5245
xc0.xcore.outp__t77                    2.79349
xc0.xcore.vss__t514                1.27109e-11
xc0.xcore.outp__t38                    2.79349
xc0.xcore.inp__t37                      2.5245
xc0.xcore.tail__t108                   1.25459
xc0.xcore.vss__t515                1.27907e-11
xc0.xcore.tail__t45                    1.25459
xc0.xcore.inp__t36                      2.5245
xc0.xcore.outp__t70                    2.79349
xc0.xcore.vss__t516                1.28706e-11
xc0.xcore.outp__t37                    2.79348
xc0.xcore.inp__t35                      2.5245
xc0.xcore.tail__t107                   1.25459
xc0.xcore.vss__t517                1.29505e-11
xc0.xcore.tail__t44                    1.25459
xc0.xcore.inp__t34                      2.5245
xc0.xcore.outp__t69                    2.79348
xc0.xcore.vss__t518                1.30303e-11
xc0.xcore.outp__t36                    2.79348
xc0.xcore.inp__t33                      2.5245
xc0.xcore.tail__t106                    1.2546
xc0.xcore.vss__t519                1.31102e-11
xc0.xcore.tail__t31                     1.2546
xc0.xcore.inp__t12                      2.5245
xc0.xcore.outp__t58                    2.79348
xc0.xcore.vss__t520                  1.319e-11
xc0.xcore.outp__t35                    2.79348
xc0.xcore.inp__t32                      2.5245
xc0.xcore.tail__t104                    1.2546
xc0.xcore.vss__t521                1.32699e-11
xc0.xcore.tail__t43                     1.2546
xc0.xcore.inp__t31                      2.5245
xc0.xcore.outp__t68                    2.79348
xc0.xcore.vss__t522                1.33497e-11
xc0.xcore.outp__t33                    2.79347
xc0.xcore.inp__t30                      2.5245
xc0.xcore.tail__t103                    1.2546
xc0.xcore.vss__t523                1.34296e-11
xc0.xcore.tail__t1                      1.2546
xc0.xcore.inp__t2                       2.5245
xc0.xcore.outp__t34                    2.79347
xc0.xcore.vss__t586                1.35094e-11
xc0.xcore.ibias__t215                  1.00183
xc0.xcore.ibias__t3                    1.00456
xc0.xcore.vss__t2                  2.51857e-05
xc0.xcore.vss__t459                5.04669e-13
xc0.xcore.vss__t81                 2.49859e-05
xc0.xcore.ibias__t158                  1.00456
xc0.xcore.ibias__t216                  1.00186
xc0.xcore.vss__t448                5.00678e-13
xc0.xcore.ibias__t213                  1.00189
xc0.xcore.ibias__t171                  1.00456
xc0.xcore.vss__t190                2.47861e-05
xc0.xcore.vss__t449                4.96688e-13
xc0.xcore.vss__t83                 2.45863e-05
xc0.xcore.ibias__t163                  1.00456
xc0.xcore.ibias__t218                  1.00192
xc0.xcore.vss__t450                4.92697e-13
xc0.xcore.ibias__t212                  1.00195
xc0.xcore.ibias__t162                  1.00456
xc0.xcore.vss__t185                2.43865e-05
xc0.xcore.vss__t451                4.88706e-13
xc0.xcore.vss__t89                 2.41867e-05
xc0.xcore.ibias__t177                  1.00456
xc0.xcore.ibias__t219                  1.00198
xc0.xcore.vss__t452                4.84714e-13
xc0.xcore.ibias__t211                  1.00201
xc0.xcore.ibias__t160                  1.00456
xc0.xcore.vss__t183                2.39869e-05
xc0.xcore.vss__t453                4.80723e-13
xc0.xcore.vss__t82                 2.37871e-05
xc0.xcore.ibias__t159                  1.00456
xc0.xcore.ibias__t217                  1.00204
xc0.xcore.vss__t454                4.76731e-13
xc0.xcore.ibias__t214                  1.00207
xc0.xcore.ibias__t174                  1.00456
xc0.xcore.vss__t192                2.35873e-05
xc0.xcore.vss__t455                 4.7274e-13
xc0.xcore.vss__t3                  2.33875e-05
xc0.xcore.ibias__t4                    1.00456
xc0.xcore.ibias__t210                   1.0021
xc0.xcore.vss__t457                4.68748e-13
xc0.xcore.outn__t52                        3.3
xc0.xcore.inn__t1                       1.6335
xc0.xcore.tail__t3                     1.25449
xc0.xcore.vss__t461                1.46138e-12
xc0.xcore.tail__t62                    1.25449
xc0.xcore.inn__t58                      1.6335
xc0.xcore.outn__t81                        3.3
xc0.xcore.vss__t524                1.47525e-12
xc0.xcore.outn__t49                        3.3
xc0.xcore.inn__t59                      1.6335
xc0.xcore.tail__t124                   1.25449
xc0.xcore.vss__t525                1.48912e-12
xc0.xcore.tail__t63                    1.25449
xc0.xcore.inn__t60                      1.6335
xc0.xcore.outn__t82                        3.3
xc0.xcore.vss__t526                1.50299e-12
xc0.xcore.outn__t50                        3.3
xc0.xcore.inn__t61                      1.6335
xc0.xcore.tail__t125                   1.25449
xc0.xcore.vss__t527                1.51686e-12
xc0.xcore.tail__t64                    1.25449
xc0.xcore.inn__t62                      1.6335
xc0.xcore.outn__t83                        3.3
xc0.xcore.vss__t528                1.53073e-12
xc0.xcore.outn__t46                        3.3
xc0.xcore.inn__t52                      1.6335
xc0.xcore.tail__t105                   1.25449
xc0.xcore.vss__t529                 1.5446e-12
xc0.xcore.tail__t15                    1.25449
xc0.xcore.inn__t21                      1.6335
xc0.xcore.outn__t63                        3.3
xc0.xcore.vss__t530                1.55847e-12
xc0.xcore.outn__t45                        3.3
xc0.xcore.inn__t51                      1.6335
xc0.xcore.tail__t100                   1.25449
xc0.xcore.vss__t531                1.57234e-12
xc0.xcore.tail__t34                    1.25449
xc0.xcore.inn__t48                      1.6335
xc0.xcore.outn__t76                        3.3
xc0.xcore.vss__t532                1.58621e-12
xc0.xcore.outn__t44                        3.3
xc0.xcore.inn__t50                      1.6335
xc0.xcore.tail__t99                    1.25449
xc0.xcore.vss__t533                1.60008e-12
xc0.xcore.tail__t61                    1.25449
xc0.xcore.inn__t57                      1.6335
xc0.xcore.outn__t80                        3.3
xc0.xcore.vss__t534                1.61395e-12
xc0.xcore.outn__t40                        3.3
xc0.xcore.inn__t42                      1.6335
xc0.xcore.tail__t87                    1.25449
xc0.xcore.vss__t535                1.62782e-12
xc0.xcore.tail__t27                    1.25449
xc0.xcore.inn__t41                      1.6335
xc0.xcore.outn__t73                        3.3
xc0.xcore.vss__t536                1.64169e-12
xc0.xcore.outn__t39                        3.3
xc0.xcore.inn__t40                      1.6335
xc0.xcore.tail__t86                    1.25449
xc0.xcore.vss__t537                1.65557e-12
xc0.xcore.tail__t26                    1.25449
xc0.xcore.inn__t39                      1.6335
xc0.xcore.outn__t72                        3.3
xc0.xcore.vss__t538                1.66944e-12
xc0.xcore.outn__t38                        3.3
xc0.xcore.inn__t38                      1.6335
xc0.xcore.tail__t85                    1.25449
xc0.xcore.vss__t539                1.68331e-12
xc0.xcore.tail__t25                    1.25449
xc0.xcore.inn__t37                      1.6335
xc0.xcore.outn__t71                        3.3
xc0.xcore.vss__t540                1.69719e-12
xc0.xcore.outn__t47                        3.3
xc0.xcore.inn__t53                      1.6335
xc0.xcore.tail__t109                   1.25449
xc0.xcore.vss__t541                1.71106e-12
xc0.xcore.tail__t52                    1.25449
xc0.xcore.inn__t55                      1.6335
xc0.xcore.outn__t78                        3.3
xc0.xcore.vss__t542                1.72493e-12
xc0.xcore.outn__t48                        3.3
xc0.xcore.inn__t54                      1.6335
xc0.xcore.tail__t117                   1.25449
xc0.xcore.vss__t543                1.73881e-12
xc0.xcore.tail__t39                    1.25449
xc0.xcore.inn__t49                      1.6335
xc0.xcore.outn__t77                        3.3
xc0.xcore.vss__t544                1.75268e-12
xc0.xcore.outn__t41                        3.3
xc0.xcore.inn__t43                      1.6335
xc0.xcore.tail__t89                    1.25449
xc0.xcore.vss__t545                1.76656e-12
xc0.xcore.tail__t29                    1.25449
xc0.xcore.inn__t47                      1.6335
xc0.xcore.outn__t75                        3.3
xc0.xcore.vss__t546                1.78043e-12
xc0.xcore.outn__t43                        3.3
xc0.xcore.inn__t46                      1.6335
xc0.xcore.tail__t91                    1.25449
xc0.xcore.vss__t547                1.79431e-12
xc0.xcore.tail__t28                    1.25449
xc0.xcore.inn__t45                      1.6335
xc0.xcore.outn__t74                        3.3
xc0.xcore.vss__t548                1.80818e-12
xc0.xcore.outn__t42                        3.3
xc0.xcore.inn__t44                      1.6335
xc0.xcore.tail__t90                    1.25449
xc0.xcore.vss__t549                1.82206e-12
xc0.xcore.tail__t59                    1.25449
xc0.xcore.inn__t56                      1.6335
xc0.xcore.outn__t79                        3.3
xc0.xcore.vss__t550                1.83593e-12
xc0.xcore.outn__t51                        3.3
xc0.xcore.inn__t63                      1.6335
xc0.xcore.tail__t127                   1.25449
xc0.xcore.vss__t551                1.84981e-12
xc0.xcore.tail__t13                    1.25449
xc0.xcore.inn__t19                      1.6335
xc0.xcore.outn__t62                        3.3
xc0.xcore.vss__t552                1.86369e-12
xc0.xcore.outn__t28                        3.3
xc0.xcore.inn__t18                      1.6335
xc0.xcore.tail__t72                    1.25449
xc0.xcore.vss__t553                1.87756e-12
xc0.xcore.tail__t12                    1.25449
xc0.xcore.inn__t17                      1.6335
xc0.xcore.outn__t61                        3.3
xc0.xcore.vss__t554                1.89144e-12
xc0.xcore.outn__t27                        3.3
xc0.xcore.inn__t16                      1.6335
xc0.xcore.tail__t71                    1.25449
xc0.xcore.vss__t555                1.90531e-12
xc0.xcore.tail__t11                    1.25449
xc0.xcore.inn__t15                      1.6335
xc0.xcore.outn__t60                        3.3
xc0.xcore.vss__t556                1.91919e-12
xc0.xcore.outn__t26                        3.3
xc0.xcore.inn__t14                      1.6335
xc0.xcore.tail__t70                    1.25449
xc0.xcore.vss__t557                1.93307e-12
xc0.xcore.tail__t10                    1.25449
xc0.xcore.inn__t13                      1.6335
xc0.xcore.outn__t59                        3.3
xc0.xcore.vss__t558                1.94695e-12
xc0.xcore.outn__t25                        3.3
xc0.xcore.inn__t12                      1.6335
xc0.xcore.tail__t69                    1.25449
xc0.xcore.vss__t559                1.96082e-12
xc0.xcore.tail__t6                     1.25449
xc0.xcore.inn__t5                       1.6335
xc0.xcore.outn__t55                        3.3
xc0.xcore.vss__t560                 1.9747e-12
xc0.xcore.outn__t24                        3.3
xc0.xcore.inn__t11                      1.6335
xc0.xcore.tail__t68                    1.25449
xc0.xcore.vss__t561                1.98858e-12
xc0.xcore.tail__t4                     1.25449
xc0.xcore.inn__t2                       1.6335
xc0.xcore.outn__t53                        3.3
xc0.xcore.vss__t562                2.00246e-12
xc0.xcore.outn__t21                        3.3
xc0.xcore.inn__t3                       1.6335
xc0.xcore.tail__t65                    1.25449
xc0.xcore.vss__t563                2.01634e-12
xc0.xcore.tail__t5                     1.25449
xc0.xcore.inn__t4                       1.6335
xc0.xcore.outn__t54                        3.3
xc0.xcore.vss__t564                2.03021e-12
xc0.xcore.outn__t22                        3.3
xc0.xcore.inn__t6                       1.6335
xc0.xcore.tail__t66                    1.25449
xc0.xcore.vss__t565                2.04409e-12
xc0.xcore.tail__t7                     1.25449
xc0.xcore.inn__t7                       1.6335
xc0.xcore.outn__t56                        3.3
xc0.xcore.vss__t566                2.05797e-12
xc0.xcore.outn__t23                        3.3
xc0.xcore.inn__t8                       1.6335
xc0.xcore.tail__t67                    1.25449
xc0.xcore.vss__t567                2.07185e-12
xc0.xcore.tail__t8                     1.25449
xc0.xcore.inn__t9                       1.6335
xc0.xcore.outn__t57                        3.3
xc0.xcore.vss__t568                2.08573e-12
xc0.xcore.outn__t29                        3.3
xc0.xcore.inn__t20                      1.6335
xc0.xcore.tail__t73                    1.25449
xc0.xcore.vss__t569                2.09961e-12
xc0.xcore.tail__t9                     1.25449
xc0.xcore.inn__t10                      1.6335
xc0.xcore.outn__t58                        3.3
xc0.xcore.vss__t570                2.11349e-12
xc0.xcore.outn__t36                        3.3
xc0.xcore.inn__t35                      1.6335
xc0.xcore.tail__t83                    1.25449
xc0.xcore.vss__t571                2.12737e-12
xc0.xcore.tail__t24                    1.25449
xc0.xcore.inn__t34                      1.6335
xc0.xcore.outn__t70                        3.3
xc0.xcore.vss__t572                2.14124e-12
xc0.xcore.outn__t35                        3.3
xc0.xcore.inn__t33                      1.6335
xc0.xcore.tail__t82                    1.25449
xc0.xcore.vss__t573                2.15512e-12
xc0.xcore.tail__t23                    1.25449
xc0.xcore.inn__t32                      1.6335
xc0.xcore.outn__t69                        3.3
xc0.xcore.vss__t574                  2.169e-12
xc0.xcore.outn__t34                        3.3
xc0.xcore.inn__t31                      1.6335
xc0.xcore.tail__t81                    1.25449
xc0.xcore.vss__t575                2.18288e-12
xc0.xcore.tail__t22                    1.25449
xc0.xcore.inn__t30                      1.6335
xc0.xcore.outn__t68                        3.3
xc0.xcore.vss__t576                2.19676e-12
xc0.xcore.outn__t33                        3.3
xc0.xcore.inn__t29                      1.6335
xc0.xcore.tail__t80                    1.25449
xc0.xcore.vss__t577                2.21064e-12
xc0.xcore.tail__t21                    1.25449
xc0.xcore.inn__t28                      1.6335
xc0.xcore.outn__t67                        3.3
xc0.xcore.vss__t578                2.22452e-12
xc0.xcore.outn__t32                        3.3
xc0.xcore.inn__t27                      1.6335
xc0.xcore.tail__t79                    1.25449
xc0.xcore.vss__t579                 2.2384e-12
xc0.xcore.tail__t20                    1.25449
xc0.xcore.inn__t26                      1.6335
xc0.xcore.outn__t66                        3.3
xc0.xcore.vss__t580                2.25228e-12
xc0.xcore.outn__t37                        3.3
xc0.xcore.inn__t36                      1.6335
xc0.xcore.tail__t84                    1.25449
xc0.xcore.vss__t581                2.26617e-12
xc0.xcore.tail__t18                    1.25449
xc0.xcore.inn__t25                      1.6335
xc0.xcore.outn__t65                        3.3
xc0.xcore.vss__t582                2.28005e-12
xc0.xcore.outn__t31                        3.3
xc0.xcore.inn__t24                      1.6335
xc0.xcore.tail__t78                    1.25449
xc0.xcore.vss__t583                2.29393e-12
xc0.xcore.tail__t17                    1.25449
xc0.xcore.inn__t23                      1.6335
xc0.xcore.outn__t64                        3.3
xc0.xcore.vss__t584                2.30781e-12
xc0.xcore.outn__t30                        3.3
xc0.xcore.inn__t22                      1.6335
xc0.xcore.tail__t77                    1.25449
xc0.xcore.vss__t585                2.32169e-12
xc0.xcore.tail__t2                     1.25449
xc0.xcore.inn__t0                       1.6335
xc0.xcore.outn__t20                        3.3
xc0.xcore.vss__t587                2.33557e-12
xc0.xcore.vss__t210                2.60131e-12
xc0.xcore.outp__t16                    2.79369
xc0.xcore.vss__t211                2.57074e-12
xc0.xcore.outp__t17                    2.79369
xc0.xcore.vss__t212                2.54019e-12
xc0.xcore.outp__t18                    2.79369
xc0.xcore.vss__t213                2.50966e-12
xc0.xcore.outp__t19                    2.79369
xc0.xcore.vss__t214                2.47916e-12
xc0.xcore.outp__t0                     2.79369
xc0.xcore.vss__t215                2.44869e-12
xc0.xcore.outp__t1                     2.79369
xc0.xcore.vss__t216                2.41825e-12
xc0.xcore.outp__t2                     2.79369
xc0.xcore.vss__t217                2.38783e-12
xc0.xcore.outp__t3                     2.79369
xc0.xcore.vss__t218                2.35745e-12
xc0.xcore.outp__t4                     2.79369
xc0.xcore.vss__t219                 2.3271e-12
xc0.xcore.outp__t15                    2.79369
xc0.xcore.vss__t220                2.29678e-12
xc0.xcore.outp__t6                     2.79369
xc0.xcore.vss__t221                 2.2665e-12
xc0.xcore.outp__t7                     2.79369
xc0.xcore.vss__t222                2.23626e-12
xc0.xcore.outp__t8                     2.79369
xc0.xcore.vss__t223                2.20605e-12
xc0.xcore.outp__t9                     2.79369
xc0.xcore.vss__t224                2.17588e-12
xc0.xcore.outp__t10                    2.79369
xc0.xcore.vss__t225                2.14575e-12
xc0.xcore.outp__t11                    2.79369
xc0.xcore.vss__t226                2.11566e-12
xc0.xcore.outp__t12                    2.79369
xc0.xcore.vss__t227                2.08562e-12
xc0.xcore.outp__t13                    2.79369
xc0.xcore.vss__t228                2.05562e-12
xc0.xcore.outp__t14                    2.79369
xc0.xcore.vss__t229                2.02567e-12
xc0.xcore.outp__t5                     2.79369
xc0.xcore.vss__t230                2.18457e-12
xc0.xcore.outn__t0                         3.3
xc0.xcore.vss__t231                2.21955e-12
xc0.xcore.outn__t5                         3.3
xc0.xcore.vss__t232                 2.2546e-12
xc0.xcore.outn__t6                         3.3
xc0.xcore.vss__t233                2.28973e-12
xc0.xcore.outn__t7                         3.3
xc0.xcore.vss__t234                2.32492e-12
xc0.xcore.outn__t8                         3.3
xc0.xcore.vss__t235                2.36018e-12
xc0.xcore.outn__t9                         3.3
xc0.xcore.vss__t236                 2.3955e-12
xc0.xcore.outn__t10                        3.3
xc0.xcore.vss__t237                2.43089e-12
xc0.xcore.outn__t11                        3.3
xc0.xcore.vss__t238                2.46632e-12
xc0.xcore.outn__t12                        3.3
xc0.xcore.vss__t239                2.50182e-12
xc0.xcore.outn__t13                        3.3
xc0.xcore.vss__t240                2.53736e-12
xc0.xcore.outn__t14                        3.3
xc0.xcore.vss__t241                2.57295e-12
xc0.xcore.outn__t15                        3.3
xc0.xcore.vss__t242                2.60859e-12
xc0.xcore.outn__t16                        3.3
xc0.xcore.vss__t243                2.64428e-12
xc0.xcore.outn__t17                        3.3
xc0.xcore.vss__t244                2.68001e-12
xc0.xcore.outn__t19                        3.3
xc0.xcore.vss__t245                2.71579e-12
xc0.xcore.outn__t18                        3.3
xc0.xcore.vss__t246                 2.7516e-12
xc0.xcore.outn__t1                         3.3
xc0.xcore.vss__t247                2.78746e-12
xc0.xcore.outn__t2                         3.3
xc0.xcore.vss__t248                2.82335e-12
xc0.xcore.outn__t3                         3.3
xc0.xcore.vss__t249                2.85928e-12
xc0.xcore.outn__t4                         3.3
ib_c0                                  1.00456
xc0.xcore.vsubs                              0
outn_c0                                    3.3
outp_c0                                2.79369
xc0.tail                               1.25449
vd_c0                                 0.506315
xc1.xcore.tail__t186                   1.25448
xc1.xcore.ibias__t118                  1.00456
xc1.xcore.vss__t163                5.36491e-06
xc1.xcore.vss__t349                1.41663e-13
xc1.xcore.vss__t60                 5.16749e-06
xc1.xcore.ibias__t117                  1.00456
xc1.xcore.tail__t286                   1.25448
xc1.xcore.vss__t350                 1.3645e-13
xc1.xcore.tail__t197                   1.25448
xc1.xcore.ibias__t140                  1.00456
xc1.xcore.vss__t174                4.97048e-06
xc1.xcore.vss__t351                1.31248e-13
xc1.xcore.vss__t68                 4.77393e-06
xc1.xcore.ibias__t133                  1.00456
xc1.xcore.tail__t294                   1.25448
xc1.xcore.vss__t352                1.26058e-13
xc1.xcore.tail__t193                   1.25448
xc1.xcore.ibias__t132                  1.00456
xc1.xcore.vss__t170                4.57791e-06
xc1.xcore.vss__t353                1.20882e-13
xc1.xcore.vss__t67                 4.38248e-06
xc1.xcore.ibias__t131                  1.00456
xc1.xcore.tail__t293                   1.25448
xc1.xcore.vss__t354                1.15721e-13
xc1.xcore.tail__t192                   1.25448
xc1.xcore.ibias__t130                  1.00456
xc1.xcore.vss__t169                4.18772e-06
xc1.xcore.vss__t355                1.10578e-13
xc1.xcore.vss__t74                 3.99374e-06
xc1.xcore.ibias__t145                  1.00456
xc1.xcore.tail__t300                   1.25448
xc1.xcore.vss__t356                1.05456e-13
xc1.xcore.tail__t191                   1.25448
xc1.xcore.ibias__t128                  1.00456
xc1.xcore.vss__t168                3.80065e-06
xc1.xcore.vss__t357                1.00358e-13
xc1.xcore.vss__t65                  3.6086e-06
xc1.xcore.ibias__t127                  1.00456
xc1.xcore.tail__t291                   1.25448
xc1.xcore.vss__t358                9.52863e-14
xc1.xcore.tail__t190                   1.25448
xc1.xcore.ibias__t126                  1.00456
xc1.xcore.vss__t167                3.41776e-06
xc1.xcore.vss__t359                 9.0247e-14
xc1.xcore.vss__t64                 3.22834e-06
xc1.xcore.ibias__t125                  1.00456
xc1.xcore.tail__t290                   1.25448
xc1.xcore.vss__t360                8.52454e-14
xc1.xcore.tail__t189                   1.25448
xc1.xcore.ibias__t124                  1.00456
xc1.xcore.vss__t166                3.04062e-06
xc1.xcore.vss__t361                8.02885e-14
xc1.xcore.vss__t63                 2.85492e-06
xc1.xcore.ibias__t123                  1.00456
xc1.xcore.tail__t289                   1.25448
xc1.xcore.vss__t362                7.53851e-14
xc1.xcore.tail__t188                   1.25448
xc1.xcore.ibias__t122                  1.00456
xc1.xcore.vss__t165                2.67168e-06
xc1.xcore.vss__t363                7.05463e-14
xc1.xcore.vss__t62                 2.49142e-06
xc1.xcore.ibias__t121                  1.00456
xc1.xcore.tail__t288                   1.25448
xc1.xcore.vss__t364                6.57865e-14
xc1.xcore.tail__t187                   1.25448
xc1.xcore.ibias__t120                  1.00456
xc1.xcore.vss__t164                2.31485e-06
xc1.xcore.vss__t365                6.11241e-14
xc1.xcore.vss__t26                 2.14288e-06
xc1.xcore.ibias__t0                    1.00456
xc1.xcore.tail__t252                   1.25448
xc1.xcore.vss__t366                5.65832e-14
xc1.xcore.tail__t175                   1.25448
xc1.xcore.ibias__t97                   1.00456
xc1.xcore.vss__t152                1.97671e-06
xc1.xcore.vss__t367                5.21955e-14
xc1.xcore.vss__t42                 1.81794e-06
xc1.xcore.ibias__t78                   1.00456
xc1.xcore.tail__t268                   1.25448
xc1.xcore.vss__t368                4.80031e-14
xc1.xcore.tail__t164                   1.25448
xc1.xcore.ibias__t77                   1.00456
xc1.xcore.vss__t141                1.66867e-06
xc1.xcore.vss__t369                4.40616e-14
xc1.xcore.vss__t37                 1.53169e-06
xc1.xcore.ibias__t70                   1.00456
xc1.xcore.tail__t263                   1.25448
xc1.xcore.vss__t370                4.04446e-14
xc1.xcore.tail__t167                   1.25448
xc1.xcore.ibias__t82                   1.00456
xc1.xcore.vss__t144                1.41058e-06
xc1.xcore.vss__t371                3.72467e-14
xc1.xcore.vss__t39                 1.30976e-06
xc1.xcore.ibias__t72                   1.00456
xc1.xcore.tail__t265                   1.25448
xc1.xcore.vss__t372                3.45843e-14
xc1.xcore.tail__t162                   1.25448
xc1.xcore.ibias__t73                   1.00456
xc1.xcore.vss__t139                1.23419e-06
xc1.xcore.vss__t373                3.25891e-14
xc1.xcore.vss__t40                 1.18872e-06
xc1.xcore.ibias__t74                   1.00456
xc1.xcore.tail__t266                   1.25448
xc1.xcore.vss__t374                3.13884e-14
xc1.xcore.tail__t163                   1.25448
xc1.xcore.ibias__t75                   1.00456
xc1.xcore.vss__t140                1.17683e-06
xc1.xcore.vss__t375                3.10745e-14
xc1.xcore.vss__t41                 1.19953e-06
xc1.xcore.ibias__t76                   1.00456
xc1.xcore.tail__t267                   1.25448
xc1.xcore.vss__t376                3.16738e-14
xc1.xcore.tail__t129                   1.25448
xc1.xcore.ibias__t9                    1.00456
xc1.xcore.vss__t107                1.25493e-06
xc1.xcore.vss__t377                3.31368e-14
xc1.xcore.vss__t6                  1.33899e-06
xc1.xcore.ibias__t8                    1.00456
xc1.xcore.tail__t232                   1.25448
xc1.xcore.vss__t378                3.53564e-14
xc1.xcore.tail__t128                   1.25449
xc1.xcore.ibias__t7                    1.00456
xc1.xcore.vss__t106                1.44671e-06
xc1.xcore.vss__t379                 3.8201e-14
xc1.xcore.vss__t5                  1.57325e-06
xc1.xcore.ibias__t6                    1.00456
xc1.xcore.tail__t231                   1.25449
xc1.xcore.vss__t380                4.15424e-14
xc1.xcore.tail__t141                   1.25449
xc1.xcore.ibias__t31                   1.00456
xc1.xcore.vss__t119                1.71445e-06
xc1.xcore.vss__t381                4.52707e-14
xc1.xcore.vss__t4                  1.86697e-06
xc1.xcore.ibias__t5                    1.00456
xc1.xcore.tail__t230                   1.25449
xc1.xcore.vss__t382                4.92982e-14
xc1.xcore.tail__t158                   1.25449
xc1.xcore.ibias__t62                   1.00456
xc1.xcore.vss__t135                2.02827e-06
xc1.xcore.vss__t383                5.35575e-14
xc1.xcore.vss__t33                 2.19641e-06
xc1.xcore.ibias__t63                   1.00456
xc1.xcore.tail__t259                   1.25449
xc1.xcore.vss__t384                5.79975e-14
xc1.xcore.tail__t159                   1.25449
xc1.xcore.ibias__t64                   1.00456
xc1.xcore.vss__t136                2.36994e-06
xc1.xcore.vss__t385                6.25798e-14
xc1.xcore.vss__t34                 2.54776e-06
xc1.xcore.ibias__t65                   1.00456
xc1.xcore.tail__t260                   1.25449
xc1.xcore.vss__t386                6.72753e-14
xc1.xcore.tail__t160                   1.25449
xc1.xcore.ibias__t66                   1.00456
xc1.xcore.vss__t137                2.72902e-06
xc1.xcore.vss__t387                7.20619e-14
xc1.xcore.vss__t35                 2.91309e-06
xc1.xcore.ibias__t67                   1.00456
xc1.xcore.tail__t261                   1.25449
xc1.xcore.vss__t388                7.69225e-14
xc1.xcore.tail__t161                   1.25449
xc1.xcore.ibias__t68                   1.00456
xc1.xcore.vss__t138                3.09947e-06
xc1.xcore.vss__t389                8.18441e-14
xc1.xcore.vss__t36                 3.28776e-06
xc1.xcore.ibias__t69                   1.00456
xc1.xcore.tail__t262                   1.25449
xc1.xcore.vss__t390                8.68161e-14
xc1.xcore.tail__t130                   1.25449
xc1.xcore.ibias__t10                   1.00456
xc1.xcore.vss__t108                3.47765e-06
xc1.xcore.vss__t391                9.18305e-14
xc1.xcore.vss__t13                 3.66889e-06
xc1.xcore.ibias__t23                   1.00456
xc1.xcore.tail__t239                   1.25449
xc1.xcore.vss__t392                9.68807e-14
xc1.xcore.tail__t137                   1.25449
xc1.xcore.ibias__t24                   1.00456
xc1.xcore.vss__t115                3.86129e-06
xc1.xcore.vss__t393                1.01961e-13
xc1.xcore.vss__t14                 4.05467e-06
xc1.xcore.ibias__t25                   1.00456
xc1.xcore.tail__t240                   1.25449
xc1.xcore.vss__t394                1.07068e-13
xc1.xcore.tail__t138                   1.25449
xc1.xcore.ibias__t26                   1.00456
xc1.xcore.vss__t116                4.24891e-06
xc1.xcore.vss__t395                1.12197e-13
xc1.xcore.vss__t15                 4.44389e-06
xc1.xcore.ibias__t27                   1.00456
xc1.xcore.tail__t241                   1.25449
xc1.xcore.vss__t396                1.17346e-13
xc1.xcore.tail__t139                   1.25449
xc1.xcore.ibias__t28                   1.00456
xc1.xcore.vss__t117                4.63951e-06
xc1.xcore.vss__t397                1.22512e-13
xc1.xcore.vss__t16                 4.83571e-06
xc1.xcore.ibias__t29                   1.00456
xc1.xcore.tail__t242                   1.25449
xc1.xcore.vss__t398                1.27693e-13
xc1.xcore.tail__t140                   1.25449
xc1.xcore.ibias__t30                   1.00456
xc1.xcore.vss__t118                 5.0324e-06
xc1.xcore.vss__t399                1.32887e-13
xc1.xcore.vss__t21                 5.22955e-06
xc1.xcore.ibias__t41                   1.00456
xc1.xcore.tail__t247                   1.25449
xc1.xcore.vss__t400                1.38093e-13
xc1.xcore.tail__t142                   1.25449
xc1.xcore.ibias__t32                   1.00456
xc1.xcore.vss__t120                5.42709e-06
xc1.xcore.vss__t401                 1.4331e-13
xc1.xcore.vss__t17                 5.62498e-06
xc1.xcore.ibias__t33                   1.00456
xc1.xcore.tail__t243                   1.25449
xc1.xcore.vss__t402                1.48536e-13
xc1.xcore.tail__t143                   1.25449
xc1.xcore.ibias__t34                   1.00456
xc1.xcore.vss__t121                 5.8232e-06
xc1.xcore.vss__t403                 1.5377e-13
xc1.xcore.vss__t18                  6.0217e-06
xc1.xcore.ibias__t35                   1.00456
xc1.xcore.tail__t244                   1.25449
xc1.xcore.vss__t404                1.59012e-13
xc1.xcore.tail__t144                   1.25449
xc1.xcore.ibias__t36                   1.00456
xc1.xcore.vss__t122                6.22046e-06
xc1.xcore.vss__t405                 1.6426e-13
xc1.xcore.vss__t19                 6.41945e-06
xc1.xcore.ibias__t37                   1.00456
xc1.xcore.tail__t245                   1.25449
xc1.xcore.vss__t406                1.69515e-13
xc1.xcore.tail__t145                   1.25449
xc1.xcore.ibias__t38                   1.00456
xc1.xcore.vss__t123                6.61866e-06
xc1.xcore.vss__t407                1.74776e-13
xc1.xcore.vss__t20                 6.81807e-06
xc1.xcore.ibias__t39                   1.00456
xc1.xcore.tail__t246                   1.25449
xc1.xcore.vss__t408                1.80041e-13
xc1.xcore.tail__t146                   1.25449
xc1.xcore.ibias__t40                   1.00456
xc1.xcore.vss__t124                7.01765e-06
xc1.xcore.vss__t409                1.85312e-13
xc1.xcore.vss__t8                   7.2174e-06
xc1.xcore.ibias__t12                   1.00456
xc1.xcore.tail__t234                   1.25449
xc1.xcore.vss__t410                1.90587e-13
xc1.xcore.tail__t135                   1.25449
xc1.xcore.ibias__t21                   1.00456
xc1.xcore.vss__t113                 7.4173e-06
xc1.xcore.vss__t411                1.95865e-13
xc1.xcore.vss__t9                  7.61734e-06
xc1.xcore.ibias__t13                   1.00456
xc1.xcore.tail__t235                   1.25449
xc1.xcore.vss__t412                2.01148e-13
xc1.xcore.tail__t131                   1.25449
xc1.xcore.ibias__t14                   1.00456
xc1.xcore.vss__t109                 7.8175e-06
xc1.xcore.vss__t413                2.06434e-13
xc1.xcore.vss__t10                 8.01779e-06
xc1.xcore.ibias__t15                   1.00456
xc1.xcore.tail__t236                   1.25449
xc1.xcore.vss__t414                2.11723e-13
xc1.xcore.tail__t134                   1.25449
xc1.xcore.ibias__t20                   1.00456
xc1.xcore.vss__t112                8.21818e-06
xc1.xcore.vss__t415                2.17015e-13
xc1.xcore.vss__t12                 8.41868e-06
xc1.xcore.ibias__t19                   1.00456
xc1.xcore.tail__t238                   1.25449
xc1.xcore.vss__t416                2.22309e-13
xc1.xcore.tail__t133                   1.25449
xc1.xcore.ibias__t18                   1.00456
xc1.xcore.vss__t111                8.61927e-06
xc1.xcore.vss__t417                2.27606e-13
xc1.xcore.vss__t11                 8.81995e-06
xc1.xcore.ibias__t17                   1.00456
xc1.xcore.tail__t237                   1.25449
xc1.xcore.vss__t418                2.32906e-13
xc1.xcore.tail__t132                   1.25449
xc1.xcore.ibias__t16                   1.00456
xc1.xcore.vss__t110                9.02071e-06
xc1.xcore.vss__t419                2.38207e-13
xc1.xcore.vss__t7                  9.22154e-06
xc1.xcore.ibias__t11                   1.00456
xc1.xcore.tail__t233                   1.25449
xc1.xcore.vss__t420                2.43511e-13
xc1.xcore.tail__t136                   1.25448
xc1.xcore.ibias__t22                   1.00456
xc1.xcore.vss__t114                9.42245e-06
xc1.xcore.vss__t421                2.48816e-13
xc1.xcore.vss__t23                 9.62343e-06
xc1.xcore.ibias__t45                   1.00456
xc1.xcore.tail__t249                   1.25448
xc1.xcore.vss__t422                2.54124e-13
xc1.xcore.tail__t150                   1.25448
xc1.xcore.ibias__t46                   1.00456
xc1.xcore.vss__t127                9.82447e-06
xc1.xcore.vss__t423                2.59433e-13
xc1.xcore.vss__t24                 1.00256e-05
xc1.xcore.ibias__t47                   1.00456
xc1.xcore.tail__t250                   1.25448
xc1.xcore.vss__t424                2.64743e-13
xc1.xcore.tail__t151                   1.25448
xc1.xcore.ibias__t48                   1.00456
xc1.xcore.vss__t128                1.02267e-05
xc1.xcore.vss__t425                2.70055e-13
xc1.xcore.vss__t25                 1.04279e-05
xc1.xcore.ibias__t49                   1.00456
xc1.xcore.tail__t251                   1.25448
xc1.xcore.vss__t426                2.75369e-13
xc1.xcore.tail__t152                   1.25448
xc1.xcore.ibias__t50                   1.00456
xc1.xcore.vss__t129                1.06292e-05
xc1.xcore.vss__t427                2.80683e-13
xc1.xcore.vss__t32                 1.08305e-05
xc1.xcore.ibias__t61                   1.00456
xc1.xcore.tail__t258                   1.25448
xc1.xcore.vss__t428                2.85999e-13
xc1.xcore.tail__t153                   1.25448
xc1.xcore.ibias__t51                   1.00456
xc1.xcore.vss__t130                1.10318e-05
xc1.xcore.vss__t429                2.91316e-13
xc1.xcore.vss__t27                 1.12332e-05
xc1.xcore.ibias__t52                   1.00456
xc1.xcore.tail__t253                   1.25448
xc1.xcore.vss__t430                2.96635e-13
xc1.xcore.tail__t154                   1.25448
xc1.xcore.ibias__t53                   1.00456
xc1.xcore.vss__t131                1.14347e-05
xc1.xcore.vss__t431                3.01954e-13
xc1.xcore.vss__t28                 1.16361e-05
xc1.xcore.ibias__t54                   1.00456
xc1.xcore.tail__t254                   1.25448
xc1.xcore.vss__t432                3.07274e-13
xc1.xcore.tail__t155                   1.25448
xc1.xcore.ibias__t55                   1.00456
xc1.xcore.vss__t132                1.18376e-05
xc1.xcore.vss__t433                3.12596e-13
xc1.xcore.vss__t29                 1.20392e-05
xc1.xcore.ibias__t56                   1.00456
xc1.xcore.tail__t255                   1.25448
xc1.xcore.vss__t434                3.17918e-13
xc1.xcore.tail__t156                   1.25448
xc1.xcore.ibias__t57                   1.00456
xc1.xcore.vss__t133                1.22407e-05
xc1.xcore.vss__t435                3.23241e-13
xc1.xcore.vss__t30                 1.24423e-05
xc1.xcore.ibias__t58                   1.00456
xc1.xcore.tail__t256                   1.25448
xc1.xcore.vss__t436                3.28565e-13
xc1.xcore.tail__t157                   1.25448
xc1.xcore.ibias__t59                   1.00456
xc1.xcore.vss__t134                 1.2644e-05
xc1.xcore.vss__t437                3.33889e-13
xc1.xcore.vss__t31                 1.28456e-05
xc1.xcore.ibias__t60                   1.00456
xc1.xcore.tail__t257                   1.25448
xc1.xcore.vss__t438                3.39214e-13
xc1.xcore.tail__t211                   1.25448
xc1.xcore.ibias__t176                  1.00456
xc1.xcore.vss__t193                1.30473e-05
xc1.xcore.vss__t439                 3.4454e-13
xc1.xcore.vss__t88                  1.3249e-05
xc1.xcore.ibias__t175                  1.00456
xc1.xcore.tail__t311                   1.25448
xc1.xcore.vss__t440                3.49867e-13
xc1.xcore.tail__t165                   1.25448
xc1.xcore.ibias__t79                   1.00456
xc1.xcore.vss__t142                1.34507e-05
xc1.xcore.vss__t441                3.55195e-13
xc1.xcore.vss__t43                 1.36525e-05
xc1.xcore.ibias__t80                   1.00456
xc1.xcore.tail__t269                   1.25448
xc1.xcore.vss__t442                3.60522e-13
xc1.xcore.tail__t166                   1.25448
xc1.xcore.ibias__t81                   1.00456
xc1.xcore.vss__t143                1.38543e-05
xc1.xcore.vss__t443                3.65851e-13
xc1.xcore.vss__t38                 1.40561e-05
xc1.xcore.ibias__t71                   1.00456
xc1.xcore.tail__t264                   1.25448
xc1.xcore.vss__t444                 3.7118e-13
xc1.xcore.tail__t147                   1.25448
xc1.xcore.ibias__t42                   1.00456
xc1.xcore.vss__t125                1.42579e-05
xc1.xcore.vss__t445                 3.7651e-13
xc1.xcore.vss__t22                 1.44597e-05
xc1.xcore.ibias__t43                   1.00456
xc1.xcore.tail__t248                   1.25448
xc1.xcore.vss__t446                 3.8184e-13
xc1.xcore.tail__t148                   1.25448
xc1.xcore.ibias__t44                   1.00456
xc1.xcore.vss__t126                1.46616e-05
xc1.xcore.vss__t447                 3.8717e-13
xc1.xcore.vss__t0                  1.48634e-05
xc1.xcore.ibias__t1                    1.00456
xc1.xcore.tail__t149                   1.25448
xc1.xcore.vss__t456                3.92501e-13
xc1.xcore.tail__t229                   1.25444
xc1.xcore.ibias__t2                    1.00456
xc1.xcore.vss__t1                  2.55127e-05
xc1.xcore.vss__t458                6.73718e-13
xc1.xcore.vss__t189                2.53104e-05
xc1.xcore.ibias__t170                  1.00456
xc1.xcore.tail__t228                   1.25444
xc1.xcore.vss__t250                6.68376e-13
xc1.xcore.tail__t209                   1.25444
xc1.xcore.ibias__t169                  1.00456
xc1.xcore.vss__t188                2.51081e-05
xc1.xcore.vss__t251                6.63035e-13
xc1.xcore.vss__t86                 2.49059e-05
xc1.xcore.ibias__t168                  1.00456
xc1.xcore.tail__t309                   1.25444
xc1.xcore.vss__t252                6.57693e-13
xc1.xcore.tail__t208                   1.25444
xc1.xcore.ibias__t167                  1.00456
xc1.xcore.vss__t187                2.47036e-05
xc1.xcore.vss__t253                6.52351e-13
xc1.xcore.vss__t85                 2.45014e-05
xc1.xcore.ibias__t166                  1.00456
xc1.xcore.tail__t308                   1.25444
xc1.xcore.vss__t254                 6.4701e-13
xc1.xcore.tail__t207                   1.25444
xc1.xcore.ibias__t165                  1.00456
xc1.xcore.vss__t186                2.42991e-05
xc1.xcore.vss__t255                6.41669e-13
xc1.xcore.vss__t84                 2.40969e-05
xc1.xcore.ibias__t164                  1.00456
xc1.xcore.tail__t307                   1.25444
xc1.xcore.vss__t256                6.36328e-13
xc1.xcore.tail__t210                   1.25444
xc1.xcore.ibias__t173                  1.00456
xc1.xcore.vss__t191                2.38946e-05
xc1.xcore.vss__t257                6.30986e-13
xc1.xcore.vss__t87                 2.36924e-05
xc1.xcore.ibias__t172                  1.00456
xc1.xcore.tail__t310                   1.25445
xc1.xcore.vss__t258                6.25645e-13
xc1.xcore.tail__t219                   1.25445
xc1.xcore.ibias__t195                  1.00456
xc1.xcore.vss__t201                2.34901e-05
xc1.xcore.vss__t259                6.20305e-13
xc1.xcore.vss__t99                 2.32879e-05
xc1.xcore.ibias__t194                  1.00456
xc1.xcore.tail__t321                   1.25445
xc1.xcore.vss__t260                6.14964e-13
xc1.xcore.tail__t227                   1.25445
xc1.xcore.ibias__t209                  1.00456
xc1.xcore.vss__t209                2.30857e-05
xc1.xcore.vss__t261                6.09623e-13
xc1.xcore.vss__t97                 2.28834e-05
xc1.xcore.ibias__t192                  1.00456
xc1.xcore.tail__t319                   1.25445
xc1.xcore.vss__t262                6.04282e-13
xc1.xcore.tail__t218                   1.25445
xc1.xcore.ibias__t191                  1.00456
xc1.xcore.vss__t200                2.26812e-05
xc1.xcore.vss__t263                5.98942e-13
xc1.xcore.vss__t96                  2.2479e-05
xc1.xcore.ibias__t190                  1.00456
xc1.xcore.tail__t318                   1.25445
xc1.xcore.vss__t264                5.93602e-13
xc1.xcore.tail__t217                   1.25445
xc1.xcore.ibias__t189                  1.00456
xc1.xcore.vss__t199                2.22768e-05
xc1.xcore.vss__t265                5.88261e-13
xc1.xcore.vss__t95                 2.20746e-05
xc1.xcore.ibias__t188                  1.00456
xc1.xcore.tail__t317                   1.25445
xc1.xcore.vss__t266                5.82921e-13
xc1.xcore.tail__t216                   1.25445
xc1.xcore.ibias__t187                  1.00456
xc1.xcore.vss__t198                2.18724e-05
xc1.xcore.vss__t267                5.77581e-13
xc1.xcore.vss__t94                 2.16702e-05
xc1.xcore.ibias__t186                  1.00456
xc1.xcore.tail__t316                   1.25445
xc1.xcore.vss__t268                5.72242e-13
xc1.xcore.tail__t215                   1.25445
xc1.xcore.ibias__t185                  1.00456
xc1.xcore.vss__t197                 2.1468e-05
xc1.xcore.vss__t269                5.66902e-13
xc1.xcore.vss__t93                 2.12658e-05
xc1.xcore.ibias__t184                  1.00456
xc1.xcore.tail__t315                   1.25445
xc1.xcore.vss__t270                5.61562e-13
xc1.xcore.tail__t214                   1.25445
xc1.xcore.ibias__t183                  1.00456
xc1.xcore.vss__t196                2.10636e-05
xc1.xcore.vss__t271                5.56223e-13
xc1.xcore.vss__t92                 2.08614e-05
xc1.xcore.ibias__t182                  1.00456
xc1.xcore.tail__t314                   1.25445
xc1.xcore.vss__t272                5.50884e-13
xc1.xcore.tail__t213                   1.25445
xc1.xcore.ibias__t181                  1.00456
xc1.xcore.vss__t195                2.06593e-05
xc1.xcore.vss__t273                5.45545e-13
xc1.xcore.vss__t91                 2.04571e-05
xc1.xcore.ibias__t180                  1.00456
xc1.xcore.tail__t313                   1.25445
xc1.xcore.vss__t274                5.40206e-13
xc1.xcore.tail__t212                   1.25445
xc1.xcore.ibias__t179                  1.00456
xc1.xcore.vss__t194                2.02549e-05
xc1.xcore.vss__t275                5.34867e-13
xc1.xcore.vss__t90                 2.00528e-05
xc1.xcore.ibias__t178                  1.00456
xc1.xcore.tail__t312                   1.25445
xc1.xcore.vss__t276                5.29528e-13
xc1.xcore.tail__t206                   1.25445
xc1.xcore.ibias__t161                  1.00456
xc1.xcore.vss__t184                1.98506e-05
xc1.xcore.vss__t277                 5.2419e-13
xc1.xcore.vss__t57                 1.96485e-05
xc1.xcore.ibias__t112                  1.00456
xc1.xcore.tail__t283                   1.25445
xc1.xcore.vss__t278                5.18852e-13
xc1.xcore.tail__t183                   1.25445
xc1.xcore.ibias__t111                  1.00456
xc1.xcore.vss__t160                1.94464e-05
xc1.xcore.vss__t279                5.13514e-13
xc1.xcore.vss__t56                 1.92442e-05
xc1.xcore.ibias__t110                  1.00456
xc1.xcore.tail__t282                   1.25445
xc1.xcore.vss__t280                5.08176e-13
xc1.xcore.tail__t182                   1.25445
xc1.xcore.ibias__t109                  1.00456
xc1.xcore.vss__t159                1.90421e-05
xc1.xcore.vss__t281                5.02838e-13
xc1.xcore.vss__t55                   1.884e-05
xc1.xcore.ibias__t108                  1.00456
xc1.xcore.tail__t281                   1.25445
xc1.xcore.vss__t282                4.97501e-13
xc1.xcore.tail__t181                   1.25445
xc1.xcore.ibias__t107                  1.00456
xc1.xcore.vss__t158                1.86379e-05
xc1.xcore.vss__t283                4.92164e-13
xc1.xcore.vss__t54                 1.84358e-05
xc1.xcore.ibias__t106                  1.00456
xc1.xcore.tail__t280                   1.25445
xc1.xcore.vss__t284                4.86827e-13
xc1.xcore.tail__t180                   1.25445
xc1.xcore.ibias__t105                  1.00456
xc1.xcore.vss__t157                1.82337e-05
xc1.xcore.vss__t285                 4.8149e-13
xc1.xcore.vss__t53                 1.80316e-05
xc1.xcore.ibias__t104                  1.00456
xc1.xcore.tail__t279                   1.25445
xc1.xcore.vss__t286                4.76154e-13
xc1.xcore.tail__t205                   1.25445
xc1.xcore.ibias__t156                  1.00456
xc1.xcore.vss__t182                1.78296e-05
xc1.xcore.vss__t287                4.70817e-13
xc1.xcore.vss__t79                 1.76275e-05
xc1.xcore.ibias__t155                  1.00456
xc1.xcore.tail__t305                   1.25446
xc1.xcore.vss__t288                4.65481e-13
xc1.xcore.tail__t204                   1.25446
xc1.xcore.ibias__t154                  1.00456
xc1.xcore.vss__t181                1.74255e-05
xc1.xcore.vss__t289                4.60146e-13
xc1.xcore.vss__t78                 1.72234e-05
xc1.xcore.ibias__t153                  1.00456
xc1.xcore.tail__t304                   1.25446
xc1.xcore.vss__t290                 4.5481e-13
xc1.xcore.tail__t203                   1.25446
xc1.xcore.ibias__t152                  1.00456
xc1.xcore.vss__t180                1.70214e-05
xc1.xcore.vss__t291                4.49475e-13
xc1.xcore.vss__t77                 1.68194e-05
xc1.xcore.ibias__t151                  1.00456
xc1.xcore.tail__t303                   1.25446
xc1.xcore.vss__t292                 4.4414e-13
xc1.xcore.tail__t202                   1.25446
xc1.xcore.ibias__t150                  1.00456
xc1.xcore.vss__t179                1.66174e-05
xc1.xcore.vss__t293                4.38806e-13
xc1.xcore.vss__t76                 1.64154e-05
xc1.xcore.ibias__t149                  1.00456
xc1.xcore.tail__t302                   1.25446
xc1.xcore.vss__t294                4.33471e-13
xc1.xcore.tail__t201                   1.25446
xc1.xcore.ibias__t148                  1.00456
xc1.xcore.vss__t178                1.62134e-05
xc1.xcore.vss__t295                4.28137e-13
xc1.xcore.vss__t75                 1.60114e-05
xc1.xcore.ibias__t147                  1.00456
xc1.xcore.tail__t301                   1.25446
xc1.xcore.vss__t296                4.22804e-13
xc1.xcore.tail__t200                   1.25446
xc1.xcore.ibias__t146                  1.00456
xc1.xcore.vss__t177                1.58095e-05
xc1.xcore.vss__t297                4.17471e-13
xc1.xcore.vss__t98                 1.56075e-05
xc1.xcore.ibias__t193                  1.00456
xc1.xcore.tail__t320                   1.25446
xc1.xcore.vss__t298                4.12138e-13
xc1.xcore.tail__t226                   1.25446
xc1.xcore.ibias__t208                  1.00456
xc1.xcore.vss__t208                1.54056e-05
xc1.xcore.vss__t299                4.06805e-13
xc1.xcore.vss__t105                1.52037e-05
xc1.xcore.ibias__t207                  1.00456
xc1.xcore.tail__t327                   1.25446
xc1.xcore.vss__t300                4.01473e-13
xc1.xcore.tail__t225                   1.25446
xc1.xcore.ibias__t206                  1.00456
xc1.xcore.vss__t207                1.50018e-05
xc1.xcore.vss__t301                3.96142e-13
xc1.xcore.vss__t104                1.47999e-05
xc1.xcore.ibias__t205                  1.00456
xc1.xcore.tail__t326                   1.25446
xc1.xcore.vss__t302                3.90811e-13
xc1.xcore.tail__t224                   1.25446
xc1.xcore.ibias__t204                  1.00456
xc1.xcore.vss__t206                 1.4598e-05
xc1.xcore.vss__t303                 3.8548e-13
xc1.xcore.vss__t103                1.43962e-05
xc1.xcore.ibias__t203                  1.00456
xc1.xcore.tail__t325                   1.25446
xc1.xcore.vss__t304                 3.8015e-13
xc1.xcore.tail__t223                   1.25446
xc1.xcore.ibias__t202                  1.00456
xc1.xcore.vss__t205                1.41944e-05
xc1.xcore.vss__t305                 3.7482e-13
xc1.xcore.vss__t102                1.39926e-05
xc1.xcore.ibias__t201                  1.00456
xc1.xcore.tail__t324                   1.25446
xc1.xcore.vss__t306                3.69491e-13
xc1.xcore.tail__t222                   1.25446
xc1.xcore.ibias__t200                  1.00456
xc1.xcore.vss__t204                1.37908e-05
xc1.xcore.vss__t307                3.64162e-13
xc1.xcore.vss__t101                 1.3589e-05
xc1.xcore.ibias__t199                  1.00456
xc1.xcore.tail__t323                   1.25446
xc1.xcore.vss__t308                3.58834e-13
xc1.xcore.tail__t221                   1.25446
xc1.xcore.ibias__t198                  1.00456
xc1.xcore.vss__t203                1.33873e-05
xc1.xcore.vss__t309                3.53506e-13
xc1.xcore.vss__t100                1.31855e-05
xc1.xcore.ibias__t197                  1.00456
xc1.xcore.tail__t322                   1.25446
xc1.xcore.vss__t310                3.48179e-13
xc1.xcore.tail__t220                   1.25446
xc1.xcore.ibias__t196                  1.00456
xc1.xcore.vss__t202                1.29838e-05
xc1.xcore.vss__t311                3.42853e-13
xc1.xcore.vss__t80                 1.27822e-05
xc1.xcore.ibias__t157                  1.00456
xc1.xcore.tail__t306                   1.25446
xc1.xcore.vss__t312                3.37527e-13
xc1.xcore.tail__t185                   1.25446
xc1.xcore.ibias__t116                  1.00456
xc1.xcore.vss__t162                1.25805e-05
xc1.xcore.vss__t313                3.32202e-13
xc1.xcore.vss__t59                 1.23789e-05
xc1.xcore.ibias__t115                  1.00456
xc1.xcore.tail__t285                   1.25446
xc1.xcore.vss__t314                3.26878e-13
xc1.xcore.tail__t184                   1.25446
xc1.xcore.ibias__t114                  1.00456
xc1.xcore.vss__t161                1.21773e-05
xc1.xcore.vss__t315                3.21555e-13
xc1.xcore.vss__t71                 1.19758e-05
xc1.xcore.ibias__t139                  1.00456
xc1.xcore.tail__t297                   1.25446
xc1.xcore.vss__t316                3.16232e-13
xc1.xcore.tail__t196                   1.25446
xc1.xcore.ibias__t138                  1.00456
xc1.xcore.vss__t173                1.17742e-05
xc1.xcore.vss__t317                3.10911e-13
xc1.xcore.vss__t70                 1.15727e-05
xc1.xcore.ibias__t137                  1.00456
xc1.xcore.tail__t296                   1.25447
xc1.xcore.vss__t318                 3.0559e-13
xc1.xcore.tail__t195                   1.25447
xc1.xcore.ibias__t136                  1.00456
xc1.xcore.vss__t172                1.13713e-05
xc1.xcore.vss__t319                 3.0027e-13
xc1.xcore.vss__t69                 1.11699e-05
xc1.xcore.ibias__t135                  1.00456
xc1.xcore.tail__t295                   1.25447
xc1.xcore.vss__t320                2.94951e-13
xc1.xcore.tail__t194                   1.25447
xc1.xcore.ibias__t134                  1.00456
xc1.xcore.vss__t171                1.09685e-05
xc1.xcore.vss__t321                2.89634e-13
xc1.xcore.vss__t61                 1.07672e-05
xc1.xcore.ibias__t119                  1.00456
xc1.xcore.tail__t287                   1.25447
xc1.xcore.vss__t322                2.84317e-13
xc1.xcore.tail__t179                   1.25447
xc1.xcore.ibias__t103                  1.00456
xc1.xcore.vss__t156                1.05659e-05
xc1.xcore.vss__t323                2.79001e-13
xc1.xcore.vss__t48                 1.03646e-05
xc1.xcore.ibias__t92                   1.00456
xc1.xcore.tail__t274                   1.25447
xc1.xcore.vss__t324                2.73687e-13
xc1.xcore.tail__t178                   1.25447
xc1.xcore.ibias__t102                  1.00456
xc1.xcore.vss__t155                1.01634e-05
xc1.xcore.vss__t325                2.68375e-13
xc1.xcore.vss__t52                  9.9623e-06
xc1.xcore.ibias__t101                  1.00456
xc1.xcore.tail__t278                   1.25447
xc1.xcore.vss__t326                2.63063e-13
xc1.xcore.tail__t177                   1.25447
xc1.xcore.ibias__t100                  1.00456
xc1.xcore.vss__t154                9.76122e-06
xc1.xcore.vss__t327                2.57753e-13
xc1.xcore.vss__t51                  9.5602e-06
xc1.xcore.ibias__t99                   1.00456
xc1.xcore.tail__t277                   1.25447
xc1.xcore.vss__t328                2.52445e-13
xc1.xcore.tail__t176                   1.25447
xc1.xcore.ibias__t98                   1.00456
xc1.xcore.vss__t153                9.35924e-06
xc1.xcore.vss__t329                2.47138e-13
xc1.xcore.vss__t58                 9.15836e-06
xc1.xcore.ibias__t113                  1.00456
xc1.xcore.tail__t284                   1.25447
xc1.xcore.vss__t330                2.41834e-13
xc1.xcore.tail__t174                   1.25447
xc1.xcore.ibias__t96                   1.00456
xc1.xcore.vss__t151                8.95754e-06
xc1.xcore.vss__t331                2.36531e-13
xc1.xcore.vss__t50                 8.75681e-06
xc1.xcore.ibias__t95                   1.00456
xc1.xcore.tail__t276                   1.25447
xc1.xcore.vss__t332                 2.3123e-13
xc1.xcore.tail__t173                   1.25447
xc1.xcore.ibias__t94                   1.00456
xc1.xcore.vss__t150                8.55616e-06
xc1.xcore.vss__t333                2.25932e-13
xc1.xcore.vss__t49                  8.3556e-06
xc1.xcore.ibias__t93                   1.00456
xc1.xcore.tail__t275                   1.25447
xc1.xcore.vss__t334                2.20636e-13
xc1.xcore.tail__t172                   1.25447
xc1.xcore.ibias__t91                   1.00456
xc1.xcore.vss__t149                8.15513e-06
xc1.xcore.vss__t335                2.15342e-13
xc1.xcore.vss__t47                 7.95477e-06
xc1.xcore.ibias__t90                   1.00456
xc1.xcore.tail__t273                   1.25447
xc1.xcore.vss__t336                2.10051e-13
xc1.xcore.tail__t171                   1.25447
xc1.xcore.ibias__t89                   1.00456
xc1.xcore.vss__t148                7.75452e-06
xc1.xcore.vss__t337                2.04763e-13
xc1.xcore.vss__t46                  7.5544e-06
xc1.xcore.ibias__t88                   1.00456
xc1.xcore.tail__t272                   1.25447
xc1.xcore.vss__t338                1.99479e-13
xc1.xcore.tail__t170                   1.25447
xc1.xcore.ibias__t87                   1.00456
xc1.xcore.vss__t147                 7.3544e-06
xc1.xcore.vss__t339                1.94198e-13
xc1.xcore.vss__t45                 7.15455e-06
xc1.xcore.ibias__t86                   1.00456
xc1.xcore.tail__t271                   1.25447
xc1.xcore.vss__t340                 1.8892e-13
xc1.xcore.tail__t169                   1.25447
xc1.xcore.ibias__t85                   1.00456
xc1.xcore.vss__t146                6.95485e-06
xc1.xcore.vss__t341                1.83647e-13
xc1.xcore.vss__t44                 6.75532e-06
xc1.xcore.ibias__t84                   1.00456
xc1.xcore.tail__t270                   1.25447
xc1.xcore.vss__t342                1.78378e-13
xc1.xcore.tail__t168                   1.25447
xc1.xcore.ibias__t83                   1.00456
xc1.xcore.vss__t145                6.55597e-06
xc1.xcore.vss__t343                1.73114e-13
xc1.xcore.vss__t66                 6.35683e-06
xc1.xcore.ibias__t129                  1.00456
xc1.xcore.tail__t292                   1.25447
xc1.xcore.vss__t344                1.67856e-13
xc1.xcore.tail__t199                   1.25447
xc1.xcore.ibias__t144                  1.00456
xc1.xcore.vss__t176                6.15791e-06
xc1.xcore.vss__t345                1.62603e-13
xc1.xcore.vss__t73                 5.95922e-06
xc1.xcore.ibias__t143                  1.00456
xc1.xcore.tail__t299                   1.25447
xc1.xcore.vss__t346                1.57356e-13
xc1.xcore.tail__t198                   1.25447
xc1.xcore.ibias__t142                  1.00456
xc1.xcore.vss__t175                5.76081e-06
xc1.xcore.vss__t347                1.52117e-13
xc1.xcore.vss__t72                 5.56269e-06
xc1.xcore.ibias__t141                  1.00456
xc1.xcore.tail__t298                   1.25448
xc1.xcore.vss__t348                1.46886e-13
xc1.xcore.outp__t53                    2.79357
xc1.xcore.inp__t1                       2.5245
xc1.xcore.tail__t0                     1.25455
xc1.xcore.vss__t460                8.47361e-12
xc1.xcore.tail__t119                   1.25455
xc1.xcore.inp__t53                      2.5245
xc1.xcore.outp__t52                    2.79357
xc1.xcore.vss__t462                8.55362e-12
xc1.xcore.outp__t46                    2.79357
xc1.xcore.inp__t52                      2.5245
xc1.xcore.tail__t118                   1.25455
xc1.xcore.vss__t463                8.63362e-12
xc1.xcore.tail__t58                    1.25455
xc1.xcore.inp__t61                      2.5245
xc1.xcore.outp__t82                    2.79357
xc1.xcore.vss__t464                8.71362e-12
xc1.xcore.outp__t30                    2.79357
xc1.xcore.inp__t24                      2.5245
xc1.xcore.tail__t98                    1.25455
xc1.xcore.vss__t465                8.79362e-12
xc1.xcore.tail__t38                    1.25455
xc1.xcore.inp__t23                      2.5245
xc1.xcore.outp__t64                    2.79357
xc1.xcore.vss__t466                8.87361e-12
xc1.xcore.outp__t29                    2.79357
xc1.xcore.inp__t22                      2.5245
xc1.xcore.tail__t97                    1.25455
xc1.xcore.vss__t467                8.95361e-12
xc1.xcore.tail__t37                    1.25455
xc1.xcore.inp__t21                      2.5245
xc1.xcore.outp__t63                    2.79356
xc1.xcore.vss__t468                9.03361e-12
xc1.xcore.outp__t28                    2.79356
xc1.xcore.inp__t20                      2.5245
xc1.xcore.tail__t96                    1.25456
xc1.xcore.vss__t469                 9.1136e-12
xc1.xcore.tail__t36                    1.25456
xc1.xcore.inp__t19                      2.5245
xc1.xcore.outp__t62                    2.79356
xc1.xcore.vss__t470                9.19359e-12
xc1.xcore.outp__t27                    2.79356
xc1.xcore.inp__t18                      2.5245
xc1.xcore.tail__t95                    1.25456
xc1.xcore.vss__t471                9.27358e-12
xc1.xcore.tail__t35                    1.25456
xc1.xcore.inp__t17                      2.5245
xc1.xcore.outp__t61                    2.79356
xc1.xcore.vss__t472                9.35357e-12
xc1.xcore.outp__t26                    2.79356
xc1.xcore.inp__t16                      2.5245
xc1.xcore.tail__t94                    1.25456
xc1.xcore.vss__t473                9.43356e-12
xc1.xcore.tail__t33                    1.25456
xc1.xcore.inp__t15                      2.5245
xc1.xcore.outp__t60                    2.79355
xc1.xcore.vss__t474                9.51355e-12
xc1.xcore.outp__t47                    2.79355
xc1.xcore.inp__t54                      2.5245
xc1.xcore.tail__t120                   1.25456
xc1.xcore.vss__t475                9.59353e-12
xc1.xcore.tail__t54                    1.25456
xc1.xcore.inp__t55                      2.5245
xc1.xcore.outp__t78                    2.79355
xc1.xcore.vss__t476                9.67351e-12
xc1.xcore.outp__t51                    2.79355
xc1.xcore.inp__t63                      2.5245
xc1.xcore.tail__t126                   1.25456
xc1.xcore.vss__t477                9.75349e-12
xc1.xcore.tail__t57                    1.25456
xc1.xcore.inp__t60                      2.5245
xc1.xcore.outp__t81                    2.79355
xc1.xcore.vss__t478                9.83347e-12
xc1.xcore.outp__t49                    2.79355
xc1.xcore.inp__t59                      2.5245
xc1.xcore.tail__t122                   1.25456
xc1.xcore.vss__t479                9.91344e-12
xc1.xcore.tail__t56                    1.25456
xc1.xcore.inp__t58                      2.5245
xc1.xcore.outp__t80                    2.79354
xc1.xcore.vss__t480                9.99342e-12
xc1.xcore.outp__t48                    2.79354
xc1.xcore.inp__t57                      2.5245
xc1.xcore.tail__t121                   1.25457
xc1.xcore.vss__t481                1.00734e-11
xc1.xcore.tail__t55                    1.25457
xc1.xcore.inp__t56                      2.5245
xc1.xcore.outp__t79                    2.79354
xc1.xcore.vss__t482                1.01534e-11
xc1.xcore.outp__t24                    2.79354
xc1.xcore.inp__t11                      2.5245
xc1.xcore.tail__t92                    1.25457
xc1.xcore.vss__t483                1.02333e-11
xc1.xcore.tail__t30                    1.25457
xc1.xcore.inp__t10                      2.5245
xc1.xcore.outp__t57                    2.79354
xc1.xcore.vss__t484                1.03133e-11
xc1.xcore.outp__t23                    2.79354
xc1.xcore.inp__t9                       2.5245
xc1.xcore.tail__t88                    1.25457
xc1.xcore.vss__t485                1.03933e-11
xc1.xcore.tail__t32                    1.25457
xc1.xcore.inp__t14                      2.5245
xc1.xcore.outp__t59                    2.79353
xc1.xcore.vss__t486                1.04732e-11
xc1.xcore.outp__t25                    2.79353
xc1.xcore.inp__t13                      2.5245
xc1.xcore.tail__t93                    1.25457
xc1.xcore.vss__t487                1.05532e-11
xc1.xcore.tail__t60                    1.25457
xc1.xcore.inp__t0                       2.5245
xc1.xcore.outp__t83                    2.79353
xc1.xcore.vss__t488                1.06331e-11
xc1.xcore.outp__t50                    2.79353
xc1.xcore.inp__t62                      2.5245
xc1.xcore.tail__t123                   1.25457
xc1.xcore.vss__t489                1.07131e-11
xc1.xcore.tail__t42                    1.25457
xc1.xcore.inp__t29                      2.5245
xc1.xcore.outp__t67                    2.79353
xc1.xcore.vss__t490                 1.0793e-11
xc1.xcore.outp__t32                    2.79353
xc1.xcore.inp__t28                      2.5245
xc1.xcore.tail__t102                   1.25457
xc1.xcore.vss__t491                 1.0873e-11
xc1.xcore.tail__t41                    1.25457
xc1.xcore.inp__t27                      2.5245
xc1.xcore.outp__t66                    2.79353
xc1.xcore.vss__t492                1.09529e-11
xc1.xcore.outp__t31                    2.79352
xc1.xcore.inp__t26                      2.5245
xc1.xcore.tail__t101                   1.25457
xc1.xcore.vss__t493                1.10328e-11
xc1.xcore.tail__t40                    1.25458
xc1.xcore.inp__t25                      2.5245
xc1.xcore.outp__t65                    2.79352
xc1.xcore.vss__t494                1.11128e-11
xc1.xcore.outp__t20                    2.79352
xc1.xcore.inp__t4                       2.5245
xc1.xcore.tail__t74                    1.25458
xc1.xcore.vss__t495                1.11927e-11
xc1.xcore.tail__t14                    1.25458
xc1.xcore.inp__t3                       2.5245
xc1.xcore.outp__t54                    2.79352
xc1.xcore.vss__t496                1.12727e-11
xc1.xcore.outp__t22                    2.79352
xc1.xcore.inp__t7                       2.5245
xc1.xcore.tail__t76                    1.25458
xc1.xcore.vss__t497                1.13526e-11
xc1.xcore.tail__t16                    1.25458
xc1.xcore.inp__t6                       2.5245
xc1.xcore.outp__t55                    2.79352
xc1.xcore.vss__t498                1.14325e-11
xc1.xcore.outp__t21                    2.79351
xc1.xcore.inp__t5                       2.5245
xc1.xcore.tail__t75                    1.25458
xc1.xcore.vss__t499                1.15124e-11
xc1.xcore.tail__t19                    1.25458
xc1.xcore.inp__t8                       2.5245
xc1.xcore.outp__t56                    2.79351
xc1.xcore.vss__t500                1.15923e-11
xc1.xcore.outp__t45                    2.79351
xc1.xcore.inp__t50                      2.5245
xc1.xcore.tail__t116                   1.25458
xc1.xcore.vss__t501                1.16723e-11
xc1.xcore.tail__t51                    1.25458
xc1.xcore.inp__t49                      2.5245
xc1.xcore.outp__t76                    2.79351
xc1.xcore.vss__t502                1.17522e-11
xc1.xcore.outp__t44                    2.79351
xc1.xcore.inp__t48                      2.5245
xc1.xcore.tail__t115                   1.25458
xc1.xcore.vss__t503                1.18321e-11
xc1.xcore.tail__t50                    1.25458
xc1.xcore.inp__t47                      2.5245
xc1.xcore.outp__t75                    2.79351
xc1.xcore.vss__t504                 1.1912e-11
xc1.xcore.outp__t43                     2.7935
xc1.xcore.inp__t46                      2.5245
xc1.xcore.tail__t114                   1.25458
xc1.xcore.vss__t505                1.19919e-11
xc1.xcore.tail__t49                    1.25458
xc1.xcore.inp__t45                      2.5245
xc1.xcore.outp__t74                     2.7935
xc1.xcore.vss__t506                1.20718e-11
xc1.xcore.outp__t42                     2.7935
xc1.xcore.inp__t44                      2.5245
xc1.xcore.tail__t113                   1.25459
xc1.xcore.vss__t507                1.21517e-11
xc1.xcore.tail__t48                    1.25459
xc1.xcore.inp__t43                      2.5245
xc1.xcore.outp__t73                     2.7935
xc1.xcore.vss__t508                1.22316e-11
xc1.xcore.outp__t41                     2.7935
xc1.xcore.inp__t42                      2.5245
xc1.xcore.tail__t112                   1.25459
xc1.xcore.vss__t509                1.23115e-11
xc1.xcore.tail__t47                    1.25459
xc1.xcore.inp__t41                      2.5245
xc1.xcore.outp__t72                     2.7935
xc1.xcore.vss__t510                1.23914e-11
xc1.xcore.outp__t40                    2.79349
xc1.xcore.inp__t40                      2.5245
xc1.xcore.tail__t111                   1.25459
xc1.xcore.vss__t511                1.24712e-11
xc1.xcore.tail__t46                    1.25459
xc1.xcore.inp__t39                      2.5245
xc1.xcore.outp__t71                    2.79349
xc1.xcore.vss__t512                1.25511e-11
xc1.xcore.outp__t39                    2.79349
xc1.xcore.inp__t38                      2.5245
xc1.xcore.tail__t110                   1.25459
xc1.xcore.vss__t513                 1.2631e-11
xc1.xcore.tail__t53                    1.25459
xc1.xcore.inp__t51                      2.5245
xc1.xcore.outp__t77                    2.79349
xc1.xcore.vss__t514                1.27109e-11
xc1.xcore.outp__t38                    2.79349
xc1.xcore.inp__t37                      2.5245
xc1.xcore.tail__t108                   1.25459
xc1.xcore.vss__t515                1.27907e-11
xc1.xcore.tail__t45                    1.25459
xc1.xcore.inp__t36                      2.5245
xc1.xcore.outp__t70                    2.79349
xc1.xcore.vss__t516                1.28706e-11
xc1.xcore.outp__t37                    2.79348
xc1.xcore.inp__t35                      2.5245
xc1.xcore.tail__t107                   1.25459
xc1.xcore.vss__t517                1.29505e-11
xc1.xcore.tail__t44                    1.25459
xc1.xcore.inp__t34                      2.5245
xc1.xcore.outp__t69                    2.79348
xc1.xcore.vss__t518                1.30303e-11
xc1.xcore.outp__t36                    2.79348
xc1.xcore.inp__t33                      2.5245
xc1.xcore.tail__t106                    1.2546
xc1.xcore.vss__t519                1.31102e-11
xc1.xcore.tail__t31                     1.2546
xc1.xcore.inp__t12                      2.5245
xc1.xcore.outp__t58                    2.79348
xc1.xcore.vss__t520                  1.319e-11
xc1.xcore.outp__t35                    2.79348
xc1.xcore.inp__t32                      2.5245
xc1.xcore.tail__t104                    1.2546
xc1.xcore.vss__t521                1.32699e-11
xc1.xcore.tail__t43                     1.2546
xc1.xcore.inp__t31                      2.5245
xc1.xcore.outp__t68                    2.79348
xc1.xcore.vss__t522                1.33497e-11
xc1.xcore.outp__t33                    2.79347
xc1.xcore.inp__t30                      2.5245
xc1.xcore.tail__t103                    1.2546
xc1.xcore.vss__t523                1.34296e-11
xc1.xcore.tail__t1                      1.2546
xc1.xcore.inp__t2                       2.5245
xc1.xcore.outp__t34                    2.79347
xc1.xcore.vss__t586                1.35094e-11
xc1.xcore.ibias__t215                  1.00183
xc1.xcore.ibias__t3                    1.00456
xc1.xcore.vss__t2                  2.51857e-05
xc1.xcore.vss__t459                5.04669e-13
xc1.xcore.vss__t81                 2.49859e-05
xc1.xcore.ibias__t158                  1.00456
xc1.xcore.ibias__t216                  1.00186
xc1.xcore.vss__t448                5.00678e-13
xc1.xcore.ibias__t213                  1.00189
xc1.xcore.ibias__t171                  1.00456
xc1.xcore.vss__t190                2.47861e-05
xc1.xcore.vss__t449                4.96688e-13
xc1.xcore.vss__t83                 2.45863e-05
xc1.xcore.ibias__t163                  1.00456
xc1.xcore.ibias__t218                  1.00192
xc1.xcore.vss__t450                4.92697e-13
xc1.xcore.ibias__t212                  1.00195
xc1.xcore.ibias__t162                  1.00456
xc1.xcore.vss__t185                2.43865e-05
xc1.xcore.vss__t451                4.88706e-13
xc1.xcore.vss__t89                 2.41867e-05
xc1.xcore.ibias__t177                  1.00456
xc1.xcore.ibias__t219                  1.00198
xc1.xcore.vss__t452                4.84714e-13
xc1.xcore.ibias__t211                  1.00201
xc1.xcore.ibias__t160                  1.00456
xc1.xcore.vss__t183                2.39869e-05
xc1.xcore.vss__t453                4.80723e-13
xc1.xcore.vss__t82                 2.37871e-05
xc1.xcore.ibias__t159                  1.00456
xc1.xcore.ibias__t217                  1.00204
xc1.xcore.vss__t454                4.76731e-13
xc1.xcore.ibias__t214                  1.00207
xc1.xcore.ibias__t174                  1.00456
xc1.xcore.vss__t192                2.35873e-05
xc1.xcore.vss__t455                 4.7274e-13
xc1.xcore.vss__t3                  2.33875e-05
xc1.xcore.ibias__t4                    1.00456
xc1.xcore.ibias__t210                   1.0021
xc1.xcore.vss__t457                4.68748e-13
xc1.xcore.outn__t52                        3.3
xc1.xcore.inn__t1                       1.6335
xc1.xcore.tail__t3                     1.25449
xc1.xcore.vss__t461                1.46138e-12
xc1.xcore.tail__t62                    1.25449
xc1.xcore.inn__t58                      1.6335
xc1.xcore.outn__t81                        3.3
xc1.xcore.vss__t524                1.47525e-12
xc1.xcore.outn__t49                        3.3
xc1.xcore.inn__t59                      1.6335
xc1.xcore.tail__t124                   1.25449
xc1.xcore.vss__t525                1.48912e-12
xc1.xcore.tail__t63                    1.25449
xc1.xcore.inn__t60                      1.6335
xc1.xcore.outn__t82                        3.3
xc1.xcore.vss__t526                1.50299e-12
xc1.xcore.outn__t50                        3.3
xc1.xcore.inn__t61                      1.6335
xc1.xcore.tail__t125                   1.25449
xc1.xcore.vss__t527                1.51686e-12
xc1.xcore.tail__t64                    1.25449
xc1.xcore.inn__t62                      1.6335
xc1.xcore.outn__t83                        3.3
xc1.xcore.vss__t528                1.53073e-12
xc1.xcore.outn__t46                        3.3
xc1.xcore.inn__t52                      1.6335
xc1.xcore.tail__t105                   1.25449
xc1.xcore.vss__t529                 1.5446e-12
xc1.xcore.tail__t15                    1.25449
xc1.xcore.inn__t21                      1.6335
xc1.xcore.outn__t63                        3.3
xc1.xcore.vss__t530                1.55847e-12
xc1.xcore.outn__t45                        3.3
xc1.xcore.inn__t51                      1.6335
xc1.xcore.tail__t100                   1.25449
xc1.xcore.vss__t531                1.57234e-12
xc1.xcore.tail__t34                    1.25449
xc1.xcore.inn__t48                      1.6335
xc1.xcore.outn__t76                        3.3
xc1.xcore.vss__t532                1.58621e-12
xc1.xcore.outn__t44                        3.3
xc1.xcore.inn__t50                      1.6335
xc1.xcore.tail__t99                    1.25449
xc1.xcore.vss__t533                1.60008e-12
xc1.xcore.tail__t61                    1.25449
xc1.xcore.inn__t57                      1.6335
xc1.xcore.outn__t80                        3.3
xc1.xcore.vss__t534                1.61395e-12
xc1.xcore.outn__t40                        3.3
xc1.xcore.inn__t42                      1.6335
xc1.xcore.tail__t87                    1.25449
xc1.xcore.vss__t535                1.62782e-12
xc1.xcore.tail__t27                    1.25449
xc1.xcore.inn__t41                      1.6335
xc1.xcore.outn__t73                        3.3
xc1.xcore.vss__t536                1.64169e-12
xc1.xcore.outn__t39                        3.3
xc1.xcore.inn__t40                      1.6335
xc1.xcore.tail__t86                    1.25449
xc1.xcore.vss__t537                1.65557e-12
xc1.xcore.tail__t26                    1.25449
xc1.xcore.inn__t39                      1.6335
xc1.xcore.outn__t72                        3.3
xc1.xcore.vss__t538                1.66944e-12
xc1.xcore.outn__t38                        3.3
xc1.xcore.inn__t38                      1.6335
xc1.xcore.tail__t85                    1.25449
xc1.xcore.vss__t539                1.68331e-12
xc1.xcore.tail__t25                    1.25449
xc1.xcore.inn__t37                      1.6335
xc1.xcore.outn__t71                        3.3
xc1.xcore.vss__t540                1.69719e-12
xc1.xcore.outn__t47                        3.3
xc1.xcore.inn__t53                      1.6335
xc1.xcore.tail__t109                   1.25449
xc1.xcore.vss__t541                1.71106e-12
xc1.xcore.tail__t52                    1.25449
xc1.xcore.inn__t55                      1.6335
xc1.xcore.outn__t78                        3.3
xc1.xcore.vss__t542                1.72493e-12
xc1.xcore.outn__t48                        3.3
xc1.xcore.inn__t54                      1.6335
xc1.xcore.tail__t117                   1.25449
xc1.xcore.vss__t543                1.73881e-12
xc1.xcore.tail__t39                    1.25449
xc1.xcore.inn__t49                      1.6335
xc1.xcore.outn__t77                        3.3
xc1.xcore.vss__t544                1.75268e-12
xc1.xcore.outn__t41                        3.3
xc1.xcore.inn__t43                      1.6335
xc1.xcore.tail__t89                    1.25449
xc1.xcore.vss__t545                1.76656e-12
xc1.xcore.tail__t29                    1.25449
xc1.xcore.inn__t47                      1.6335
xc1.xcore.outn__t75                        3.3
xc1.xcore.vss__t546                1.78043e-12
xc1.xcore.outn__t43                        3.3
xc1.xcore.inn__t46                      1.6335
xc1.xcore.tail__t91                    1.25449
xc1.xcore.vss__t547                1.79431e-12
xc1.xcore.tail__t28                    1.25449
xc1.xcore.inn__t45                      1.6335
xc1.xcore.outn__t74                        3.3
xc1.xcore.vss__t548                1.80818e-12
xc1.xcore.outn__t42                        3.3
xc1.xcore.inn__t44                      1.6335
xc1.xcore.tail__t90                    1.25449
xc1.xcore.vss__t549                1.82206e-12
xc1.xcore.tail__t59                    1.25449
xc1.xcore.inn__t56                      1.6335
xc1.xcore.outn__t79                        3.3
xc1.xcore.vss__t550                1.83593e-12
xc1.xcore.outn__t51                        3.3
xc1.xcore.inn__t63                      1.6335
xc1.xcore.tail__t127                   1.25449
xc1.xcore.vss__t551                1.84981e-12
xc1.xcore.tail__t13                    1.25449
xc1.xcore.inn__t19                      1.6335
xc1.xcore.outn__t62                        3.3
xc1.xcore.vss__t552                1.86369e-12
xc1.xcore.outn__t28                        3.3
xc1.xcore.inn__t18                      1.6335
xc1.xcore.tail__t72                    1.25449
xc1.xcore.vss__t553                1.87756e-12
xc1.xcore.tail__t12                    1.25449
xc1.xcore.inn__t17                      1.6335
xc1.xcore.outn__t61                        3.3
xc1.xcore.vss__t554                1.89144e-12
xc1.xcore.outn__t27                        3.3
xc1.xcore.inn__t16                      1.6335
xc1.xcore.tail__t71                    1.25449
xc1.xcore.vss__t555                1.90531e-12
xc1.xcore.tail__t11                    1.25449
xc1.xcore.inn__t15                      1.6335
xc1.xcore.outn__t60                        3.3
xc1.xcore.vss__t556                1.91919e-12
xc1.xcore.outn__t26                        3.3
xc1.xcore.inn__t14                      1.6335
xc1.xcore.tail__t70                    1.25449
xc1.xcore.vss__t557                1.93307e-12
xc1.xcore.tail__t10                    1.25449
xc1.xcore.inn__t13                      1.6335
xc1.xcore.outn__t59                        3.3
xc1.xcore.vss__t558                1.94695e-12
xc1.xcore.outn__t25                        3.3
xc1.xcore.inn__t12                      1.6335
xc1.xcore.tail__t69                    1.25449
xc1.xcore.vss__t559                1.96082e-12
xc1.xcore.tail__t6                     1.25449
xc1.xcore.inn__t5                       1.6335
xc1.xcore.outn__t55                        3.3
xc1.xcore.vss__t560                 1.9747e-12
xc1.xcore.outn__t24                        3.3
xc1.xcore.inn__t11                      1.6335
xc1.xcore.tail__t68                    1.25449
xc1.xcore.vss__t561                1.98858e-12
xc1.xcore.tail__t4                     1.25449
xc1.xcore.inn__t2                       1.6335
xc1.xcore.outn__t53                        3.3
xc1.xcore.vss__t562                2.00246e-12
xc1.xcore.outn__t21                        3.3
xc1.xcore.inn__t3                       1.6335
xc1.xcore.tail__t65                    1.25449
xc1.xcore.vss__t563                2.01634e-12
xc1.xcore.tail__t5                     1.25449
xc1.xcore.inn__t4                       1.6335
xc1.xcore.outn__t54                        3.3
xc1.xcore.vss__t564                2.03021e-12
xc1.xcore.outn__t22                        3.3
xc1.xcore.inn__t6                       1.6335
xc1.xcore.tail__t66                    1.25449
xc1.xcore.vss__t565                2.04409e-12
xc1.xcore.tail__t7                     1.25449
xc1.xcore.inn__t7                       1.6335
xc1.xcore.outn__t56                        3.3
xc1.xcore.vss__t566                2.05797e-12
xc1.xcore.outn__t23                        3.3
xc1.xcore.inn__t8                       1.6335
xc1.xcore.tail__t67                    1.25449
xc1.xcore.vss__t567                2.07185e-12
xc1.xcore.tail__t8                     1.25449
xc1.xcore.inn__t9                       1.6335
xc1.xcore.outn__t57                        3.3
xc1.xcore.vss__t568                2.08573e-12
xc1.xcore.outn__t29                        3.3
xc1.xcore.inn__t20                      1.6335
xc1.xcore.tail__t73                    1.25449
xc1.xcore.vss__t569                2.09961e-12
xc1.xcore.tail__t9                     1.25449
xc1.xcore.inn__t10                      1.6335
xc1.xcore.outn__t58                        3.3
xc1.xcore.vss__t570                2.11349e-12
xc1.xcore.outn__t36                        3.3
xc1.xcore.inn__t35                      1.6335
xc1.xcore.tail__t83                    1.25449
xc1.xcore.vss__t571                2.12737e-12
xc1.xcore.tail__t24                    1.25449
xc1.xcore.inn__t34                      1.6335
xc1.xcore.outn__t70                        3.3
xc1.xcore.vss__t572                2.14124e-12
xc1.xcore.outn__t35                        3.3
xc1.xcore.inn__t33                      1.6335
xc1.xcore.tail__t82                    1.25449
xc1.xcore.vss__t573                2.15512e-12
xc1.xcore.tail__t23                    1.25449
xc1.xcore.inn__t32                      1.6335
xc1.xcore.outn__t69                        3.3
xc1.xcore.vss__t574                  2.169e-12
xc1.xcore.outn__t34                        3.3
xc1.xcore.inn__t31                      1.6335
xc1.xcore.tail__t81                    1.25449
xc1.xcore.vss__t575                2.18288e-12
xc1.xcore.tail__t22                    1.25449
xc1.xcore.inn__t30                      1.6335
xc1.xcore.outn__t68                        3.3
xc1.xcore.vss__t576                2.19676e-12
xc1.xcore.outn__t33                        3.3
xc1.xcore.inn__t29                      1.6335
xc1.xcore.tail__t80                    1.25449
xc1.xcore.vss__t577                2.21064e-12
xc1.xcore.tail__t21                    1.25449
xc1.xcore.inn__t28                      1.6335
xc1.xcore.outn__t67                        3.3
xc1.xcore.vss__t578                2.22452e-12
xc1.xcore.outn__t32                        3.3
xc1.xcore.inn__t27                      1.6335
xc1.xcore.tail__t79                    1.25449
xc1.xcore.vss__t579                 2.2384e-12
xc1.xcore.tail__t20                    1.25449
xc1.xcore.inn__t26                      1.6335
xc1.xcore.outn__t66                        3.3
xc1.xcore.vss__t580                2.25228e-12
xc1.xcore.outn__t37                        3.3
xc1.xcore.inn__t36                      1.6335
xc1.xcore.tail__t84                    1.25449
xc1.xcore.vss__t581                2.26617e-12
xc1.xcore.tail__t18                    1.25449
xc1.xcore.inn__t25                      1.6335
xc1.xcore.outn__t65                        3.3
xc1.xcore.vss__t582                2.28005e-12
xc1.xcore.outn__t31                        3.3
xc1.xcore.inn__t24                      1.6335
xc1.xcore.tail__t78                    1.25449
xc1.xcore.vss__t583                2.29393e-12
xc1.xcore.tail__t17                    1.25449
xc1.xcore.inn__t23                      1.6335
xc1.xcore.outn__t64                        3.3
xc1.xcore.vss__t584                2.30781e-12
xc1.xcore.outn__t30                        3.3
xc1.xcore.inn__t22                      1.6335
xc1.xcore.tail__t77                    1.25449
xc1.xcore.vss__t585                2.32169e-12
xc1.xcore.tail__t2                     1.25449
xc1.xcore.inn__t0                       1.6335
xc1.xcore.outn__t20                        3.3
xc1.xcore.vss__t587                2.33557e-12
xc1.xcore.vss__t210                2.60131e-12
xc1.xcore.outp__t16                    2.79369
xc1.xcore.vss__t211                2.57074e-12
xc1.xcore.outp__t17                    2.79369
xc1.xcore.vss__t212                2.54019e-12
xc1.xcore.outp__t18                    2.79369
xc1.xcore.vss__t213                2.50966e-12
xc1.xcore.outp__t19                    2.79369
xc1.xcore.vss__t214                2.47916e-12
xc1.xcore.outp__t0                     2.79369
xc1.xcore.vss__t215                2.44869e-12
xc1.xcore.outp__t1                     2.79369
xc1.xcore.vss__t216                2.41825e-12
xc1.xcore.outp__t2                     2.79369
xc1.xcore.vss__t217                2.38783e-12
xc1.xcore.outp__t3                     2.79369
xc1.xcore.vss__t218                2.35745e-12
xc1.xcore.outp__t4                     2.79369
xc1.xcore.vss__t219                 2.3271e-12
xc1.xcore.outp__t15                    2.79369
xc1.xcore.vss__t220                2.29678e-12
xc1.xcore.outp__t6                     2.79369
xc1.xcore.vss__t221                 2.2665e-12
xc1.xcore.outp__t7                     2.79369
xc1.xcore.vss__t222                2.23626e-12
xc1.xcore.outp__t8                     2.79369
xc1.xcore.vss__t223                2.20605e-12
xc1.xcore.outp__t9                     2.79369
xc1.xcore.vss__t224                2.17588e-12
xc1.xcore.outp__t10                    2.79369
xc1.xcore.vss__t225                2.14575e-12
xc1.xcore.outp__t11                    2.79369
xc1.xcore.vss__t226                2.11566e-12
xc1.xcore.outp__t12                    2.79369
xc1.xcore.vss__t227                2.08562e-12
xc1.xcore.outp__t13                    2.79369
xc1.xcore.vss__t228                2.05562e-12
xc1.xcore.outp__t14                    2.79369
xc1.xcore.vss__t229                2.02567e-12
xc1.xcore.outp__t5                     2.79369
xc1.xcore.vss__t230                2.18457e-12
xc1.xcore.outn__t0                         3.3
xc1.xcore.vss__t231                2.21955e-12
xc1.xcore.outn__t5                         3.3
xc1.xcore.vss__t232                 2.2546e-12
xc1.xcore.outn__t6                         3.3
xc1.xcore.vss__t233                2.28973e-12
xc1.xcore.outn__t7                         3.3
xc1.xcore.vss__t234                2.32492e-12
xc1.xcore.outn__t8                         3.3
xc1.xcore.vss__t235                2.36018e-12
xc1.xcore.outn__t9                         3.3
xc1.xcore.vss__t236                 2.3955e-12
xc1.xcore.outn__t10                        3.3
xc1.xcore.vss__t237                2.43089e-12
xc1.xcore.outn__t11                        3.3
xc1.xcore.vss__t238                2.46632e-12
xc1.xcore.outn__t12                        3.3
xc1.xcore.vss__t239                2.50182e-12
xc1.xcore.outn__t13                        3.3
xc1.xcore.vss__t240                2.53736e-12
xc1.xcore.outn__t14                        3.3
xc1.xcore.vss__t241                2.57295e-12
xc1.xcore.outn__t15                        3.3
xc1.xcore.vss__t242                2.60859e-12
xc1.xcore.outn__t16                        3.3
xc1.xcore.vss__t243                2.64428e-12
xc1.xcore.outn__t17                        3.3
xc1.xcore.vss__t244                2.68001e-12
xc1.xcore.outn__t19                        3.3
xc1.xcore.vss__t245                2.71579e-12
xc1.xcore.outn__t18                        3.3
xc1.xcore.vss__t246                 2.7516e-12
xc1.xcore.outn__t1                         3.3
xc1.xcore.vss__t247                2.78746e-12
xc1.xcore.outn__t2                         3.3
xc1.xcore.vss__t248                2.82335e-12
xc1.xcore.outn__t3                         3.3
xc1.xcore.vss__t249                2.85928e-12
xc1.xcore.outn__t4                         3.3
ib_c1                                  1.00456
xc1.xcore.vsubs                              0
outn_c1                                    3.3
outp_c1                                2.79369
xc1.tail                               1.25449
vd_c1                                 0.506315
xc2.xcore.tail__t186                   1.25448
xc2.xcore.ibias__t118                  1.00456
xc2.xcore.vss__t163                5.36491e-06
xc2.xcore.vss__t349                1.41663e-13
xc2.xcore.vss__t60                 5.16749e-06
xc2.xcore.ibias__t117                  1.00456
xc2.xcore.tail__t286                   1.25448
xc2.xcore.vss__t350                 1.3645e-13
xc2.xcore.tail__t197                   1.25448
xc2.xcore.ibias__t140                  1.00456
xc2.xcore.vss__t174                4.97048e-06
xc2.xcore.vss__t351                1.31248e-13
xc2.xcore.vss__t68                 4.77393e-06
xc2.xcore.ibias__t133                  1.00456
xc2.xcore.tail__t294                   1.25448
xc2.xcore.vss__t352                1.26058e-13
xc2.xcore.tail__t193                   1.25448
xc2.xcore.ibias__t132                  1.00456
xc2.xcore.vss__t170                4.57791e-06
xc2.xcore.vss__t353                1.20882e-13
xc2.xcore.vss__t67                 4.38248e-06
xc2.xcore.ibias__t131                  1.00456
xc2.xcore.tail__t293                   1.25448
xc2.xcore.vss__t354                1.15721e-13
xc2.xcore.tail__t192                   1.25448
xc2.xcore.ibias__t130                  1.00456
xc2.xcore.vss__t169                4.18772e-06
xc2.xcore.vss__t355                1.10578e-13
xc2.xcore.vss__t74                 3.99374e-06
xc2.xcore.ibias__t145                  1.00456
xc2.xcore.tail__t300                   1.25448
xc2.xcore.vss__t356                1.05456e-13
xc2.xcore.tail__t191                   1.25448
xc2.xcore.ibias__t128                  1.00456
xc2.xcore.vss__t168                3.80065e-06
xc2.xcore.vss__t357                1.00358e-13
xc2.xcore.vss__t65                  3.6086e-06
xc2.xcore.ibias__t127                  1.00456
xc2.xcore.tail__t291                   1.25448
xc2.xcore.vss__t358                9.52863e-14
xc2.xcore.tail__t190                   1.25448
xc2.xcore.ibias__t126                  1.00456
xc2.xcore.vss__t167                3.41776e-06
xc2.xcore.vss__t359                 9.0247e-14
xc2.xcore.vss__t64                 3.22834e-06
xc2.xcore.ibias__t125                  1.00456
xc2.xcore.tail__t290                   1.25448
xc2.xcore.vss__t360                8.52454e-14
xc2.xcore.tail__t189                   1.25448
xc2.xcore.ibias__t124                  1.00456
xc2.xcore.vss__t166                3.04062e-06
xc2.xcore.vss__t361                8.02885e-14
xc2.xcore.vss__t63                 2.85492e-06
xc2.xcore.ibias__t123                  1.00456
xc2.xcore.tail__t289                   1.25448
xc2.xcore.vss__t362                7.53851e-14
xc2.xcore.tail__t188                   1.25448
xc2.xcore.ibias__t122                  1.00456
xc2.xcore.vss__t165                2.67168e-06
xc2.xcore.vss__t363                7.05463e-14
xc2.xcore.vss__t62                 2.49142e-06
xc2.xcore.ibias__t121                  1.00456
xc2.xcore.tail__t288                   1.25448
xc2.xcore.vss__t364                6.57865e-14
xc2.xcore.tail__t187                   1.25448
xc2.xcore.ibias__t120                  1.00456
xc2.xcore.vss__t164                2.31485e-06
xc2.xcore.vss__t365                6.11241e-14
xc2.xcore.vss__t26                 2.14288e-06
xc2.xcore.ibias__t0                    1.00456
xc2.xcore.tail__t252                   1.25448
xc2.xcore.vss__t366                5.65832e-14
xc2.xcore.tail__t175                   1.25448
xc2.xcore.ibias__t97                   1.00456
xc2.xcore.vss__t152                1.97671e-06
xc2.xcore.vss__t367                5.21955e-14
xc2.xcore.vss__t42                 1.81794e-06
xc2.xcore.ibias__t78                   1.00456
xc2.xcore.tail__t268                   1.25448
xc2.xcore.vss__t368                4.80031e-14
xc2.xcore.tail__t164                   1.25448
xc2.xcore.ibias__t77                   1.00456
xc2.xcore.vss__t141                1.66867e-06
xc2.xcore.vss__t369                4.40616e-14
xc2.xcore.vss__t37                 1.53169e-06
xc2.xcore.ibias__t70                   1.00456
xc2.xcore.tail__t263                   1.25448
xc2.xcore.vss__t370                4.04446e-14
xc2.xcore.tail__t167                   1.25448
xc2.xcore.ibias__t82                   1.00456
xc2.xcore.vss__t144                1.41058e-06
xc2.xcore.vss__t371                3.72467e-14
xc2.xcore.vss__t39                 1.30976e-06
xc2.xcore.ibias__t72                   1.00456
xc2.xcore.tail__t265                   1.25448
xc2.xcore.vss__t372                3.45843e-14
xc2.xcore.tail__t162                   1.25448
xc2.xcore.ibias__t73                   1.00456
xc2.xcore.vss__t139                1.23419e-06
xc2.xcore.vss__t373                3.25891e-14
xc2.xcore.vss__t40                 1.18872e-06
xc2.xcore.ibias__t74                   1.00456
xc2.xcore.tail__t266                   1.25448
xc2.xcore.vss__t374                3.13884e-14
xc2.xcore.tail__t163                   1.25448
xc2.xcore.ibias__t75                   1.00456
xc2.xcore.vss__t140                1.17683e-06
xc2.xcore.vss__t375                3.10745e-14
xc2.xcore.vss__t41                 1.19953e-06
xc2.xcore.ibias__t76                   1.00456
xc2.xcore.tail__t267                   1.25448
xc2.xcore.vss__t376                3.16738e-14
xc2.xcore.tail__t129                   1.25448
xc2.xcore.ibias__t9                    1.00456
xc2.xcore.vss__t107                1.25493e-06
xc2.xcore.vss__t377                3.31368e-14
xc2.xcore.vss__t6                  1.33899e-06
xc2.xcore.ibias__t8                    1.00456
xc2.xcore.tail__t232                   1.25448
xc2.xcore.vss__t378                3.53564e-14
xc2.xcore.tail__t128                   1.25449
xc2.xcore.ibias__t7                    1.00456
xc2.xcore.vss__t106                1.44671e-06
xc2.xcore.vss__t379                 3.8201e-14
xc2.xcore.vss__t5                  1.57325e-06
xc2.xcore.ibias__t6                    1.00456
xc2.xcore.tail__t231                   1.25449
xc2.xcore.vss__t380                4.15424e-14
xc2.xcore.tail__t141                   1.25449
xc2.xcore.ibias__t31                   1.00456
xc2.xcore.vss__t119                1.71445e-06
xc2.xcore.vss__t381                4.52707e-14
xc2.xcore.vss__t4                  1.86697e-06
xc2.xcore.ibias__t5                    1.00456
xc2.xcore.tail__t230                   1.25449
xc2.xcore.vss__t382                4.92982e-14
xc2.xcore.tail__t158                   1.25449
xc2.xcore.ibias__t62                   1.00456
xc2.xcore.vss__t135                2.02827e-06
xc2.xcore.vss__t383                5.35575e-14
xc2.xcore.vss__t33                 2.19641e-06
xc2.xcore.ibias__t63                   1.00456
xc2.xcore.tail__t259                   1.25449
xc2.xcore.vss__t384                5.79975e-14
xc2.xcore.tail__t159                   1.25449
xc2.xcore.ibias__t64                   1.00456
xc2.xcore.vss__t136                2.36994e-06
xc2.xcore.vss__t385                6.25798e-14
xc2.xcore.vss__t34                 2.54776e-06
xc2.xcore.ibias__t65                   1.00456
xc2.xcore.tail__t260                   1.25449
xc2.xcore.vss__t386                6.72753e-14
xc2.xcore.tail__t160                   1.25449
xc2.xcore.ibias__t66                   1.00456
xc2.xcore.vss__t137                2.72902e-06
xc2.xcore.vss__t387                7.20619e-14
xc2.xcore.vss__t35                 2.91309e-06
xc2.xcore.ibias__t67                   1.00456
xc2.xcore.tail__t261                   1.25449
xc2.xcore.vss__t388                7.69225e-14
xc2.xcore.tail__t161                   1.25449
xc2.xcore.ibias__t68                   1.00456
xc2.xcore.vss__t138                3.09947e-06
xc2.xcore.vss__t389                8.18441e-14
xc2.xcore.vss__t36                 3.28776e-06
xc2.xcore.ibias__t69                   1.00456
xc2.xcore.tail__t262                   1.25449
xc2.xcore.vss__t390                8.68161e-14
xc2.xcore.tail__t130                   1.25449
xc2.xcore.ibias__t10                   1.00456
xc2.xcore.vss__t108                3.47765e-06
xc2.xcore.vss__t391                9.18305e-14
xc2.xcore.vss__t13                 3.66889e-06
xc2.xcore.ibias__t23                   1.00456
xc2.xcore.tail__t239                   1.25449
xc2.xcore.vss__t392                9.68807e-14
xc2.xcore.tail__t137                   1.25449
xc2.xcore.ibias__t24                   1.00456
xc2.xcore.vss__t115                3.86129e-06
xc2.xcore.vss__t393                1.01961e-13
xc2.xcore.vss__t14                 4.05467e-06
xc2.xcore.ibias__t25                   1.00456
xc2.xcore.tail__t240                   1.25449
xc2.xcore.vss__t394                1.07068e-13
xc2.xcore.tail__t138                   1.25449
xc2.xcore.ibias__t26                   1.00456
xc2.xcore.vss__t116                4.24891e-06
xc2.xcore.vss__t395                1.12197e-13
xc2.xcore.vss__t15                 4.44389e-06
xc2.xcore.ibias__t27                   1.00456
xc2.xcore.tail__t241                   1.25449
xc2.xcore.vss__t396                1.17346e-13
xc2.xcore.tail__t139                   1.25449
xc2.xcore.ibias__t28                   1.00456
xc2.xcore.vss__t117                4.63951e-06
xc2.xcore.vss__t397                1.22512e-13
xc2.xcore.vss__t16                 4.83571e-06
xc2.xcore.ibias__t29                   1.00456
xc2.xcore.tail__t242                   1.25449
xc2.xcore.vss__t398                1.27693e-13
xc2.xcore.tail__t140                   1.25449
xc2.xcore.ibias__t30                   1.00456
xc2.xcore.vss__t118                 5.0324e-06
xc2.xcore.vss__t399                1.32887e-13
xc2.xcore.vss__t21                 5.22955e-06
xc2.xcore.ibias__t41                   1.00456
xc2.xcore.tail__t247                   1.25449
xc2.xcore.vss__t400                1.38093e-13
xc2.xcore.tail__t142                   1.25449
xc2.xcore.ibias__t32                   1.00456
xc2.xcore.vss__t120                5.42709e-06
xc2.xcore.vss__t401                 1.4331e-13
xc2.xcore.vss__t17                 5.62498e-06
xc2.xcore.ibias__t33                   1.00456
xc2.xcore.tail__t243                   1.25449
xc2.xcore.vss__t402                1.48536e-13
xc2.xcore.tail__t143                   1.25449
xc2.xcore.ibias__t34                   1.00456
xc2.xcore.vss__t121                 5.8232e-06
xc2.xcore.vss__t403                 1.5377e-13
xc2.xcore.vss__t18                  6.0217e-06
xc2.xcore.ibias__t35                   1.00456
xc2.xcore.tail__t244                   1.25449
xc2.xcore.vss__t404                1.59012e-13
xc2.xcore.tail__t144                   1.25449
xc2.xcore.ibias__t36                   1.00456
xc2.xcore.vss__t122                6.22046e-06
xc2.xcore.vss__t405                 1.6426e-13
xc2.xcore.vss__t19                 6.41945e-06
xc2.xcore.ibias__t37                   1.00456
xc2.xcore.tail__t245                   1.25449
xc2.xcore.vss__t406                1.69515e-13
xc2.xcore.tail__t145                   1.25449
xc2.xcore.ibias__t38                   1.00456
xc2.xcore.vss__t123                6.61866e-06
xc2.xcore.vss__t407                1.74776e-13
xc2.xcore.vss__t20                 6.81807e-06
xc2.xcore.ibias__t39                   1.00456
xc2.xcore.tail__t246                   1.25449
xc2.xcore.vss__t408                1.80041e-13
xc2.xcore.tail__t146                   1.25449
xc2.xcore.ibias__t40                   1.00456
xc2.xcore.vss__t124                7.01765e-06
xc2.xcore.vss__t409                1.85312e-13
xc2.xcore.vss__t8                   7.2174e-06
xc2.xcore.ibias__t12                   1.00456
xc2.xcore.tail__t234                   1.25449
xc2.xcore.vss__t410                1.90587e-13
xc2.xcore.tail__t135                   1.25449
xc2.xcore.ibias__t21                   1.00456
xc2.xcore.vss__t113                 7.4173e-06
xc2.xcore.vss__t411                1.95865e-13
xc2.xcore.vss__t9                  7.61734e-06
xc2.xcore.ibias__t13                   1.00456
xc2.xcore.tail__t235                   1.25449
xc2.xcore.vss__t412                2.01148e-13
xc2.xcore.tail__t131                   1.25449
xc2.xcore.ibias__t14                   1.00456
xc2.xcore.vss__t109                 7.8175e-06
xc2.xcore.vss__t413                2.06434e-13
xc2.xcore.vss__t10                 8.01779e-06
xc2.xcore.ibias__t15                   1.00456
xc2.xcore.tail__t236                   1.25449
xc2.xcore.vss__t414                2.11723e-13
xc2.xcore.tail__t134                   1.25449
xc2.xcore.ibias__t20                   1.00456
xc2.xcore.vss__t112                8.21818e-06
xc2.xcore.vss__t415                2.17015e-13
xc2.xcore.vss__t12                 8.41868e-06
xc2.xcore.ibias__t19                   1.00456
xc2.xcore.tail__t238                   1.25449
xc2.xcore.vss__t416                2.22309e-13
xc2.xcore.tail__t133                   1.25449
xc2.xcore.ibias__t18                   1.00456
xc2.xcore.vss__t111                8.61927e-06
xc2.xcore.vss__t417                2.27606e-13
xc2.xcore.vss__t11                 8.81995e-06
xc2.xcore.ibias__t17                   1.00456
xc2.xcore.tail__t237                   1.25449
xc2.xcore.vss__t418                2.32906e-13
xc2.xcore.tail__t132                   1.25449
xc2.xcore.ibias__t16                   1.00456
xc2.xcore.vss__t110                9.02071e-06
xc2.xcore.vss__t419                2.38207e-13
xc2.xcore.vss__t7                  9.22154e-06
xc2.xcore.ibias__t11                   1.00456
xc2.xcore.tail__t233                   1.25449
xc2.xcore.vss__t420                2.43511e-13
xc2.xcore.tail__t136                   1.25448
xc2.xcore.ibias__t22                   1.00456
xc2.xcore.vss__t114                9.42245e-06
xc2.xcore.vss__t421                2.48816e-13
xc2.xcore.vss__t23                 9.62343e-06
xc2.xcore.ibias__t45                   1.00456
xc2.xcore.tail__t249                   1.25448
xc2.xcore.vss__t422                2.54124e-13
xc2.xcore.tail__t150                   1.25448
xc2.xcore.ibias__t46                   1.00456
xc2.xcore.vss__t127                9.82447e-06
xc2.xcore.vss__t423                2.59433e-13
xc2.xcore.vss__t24                 1.00256e-05
xc2.xcore.ibias__t47                   1.00456
xc2.xcore.tail__t250                   1.25448
xc2.xcore.vss__t424                2.64743e-13
xc2.xcore.tail__t151                   1.25448
xc2.xcore.ibias__t48                   1.00456
xc2.xcore.vss__t128                1.02267e-05
xc2.xcore.vss__t425                2.70055e-13
xc2.xcore.vss__t25                 1.04279e-05
xc2.xcore.ibias__t49                   1.00456
xc2.xcore.tail__t251                   1.25448
xc2.xcore.vss__t426                2.75369e-13
xc2.xcore.tail__t152                   1.25448
xc2.xcore.ibias__t50                   1.00456
xc2.xcore.vss__t129                1.06292e-05
xc2.xcore.vss__t427                2.80683e-13
xc2.xcore.vss__t32                 1.08305e-05
xc2.xcore.ibias__t61                   1.00456
xc2.xcore.tail__t258                   1.25448
xc2.xcore.vss__t428                2.85999e-13
xc2.xcore.tail__t153                   1.25448
xc2.xcore.ibias__t51                   1.00456
xc2.xcore.vss__t130                1.10318e-05
xc2.xcore.vss__t429                2.91316e-13
xc2.xcore.vss__t27                 1.12332e-05
xc2.xcore.ibias__t52                   1.00456
xc2.xcore.tail__t253                   1.25448
xc2.xcore.vss__t430                2.96635e-13
xc2.xcore.tail__t154                   1.25448
xc2.xcore.ibias__t53                   1.00456
xc2.xcore.vss__t131                1.14347e-05
xc2.xcore.vss__t431                3.01954e-13
xc2.xcore.vss__t28                 1.16361e-05
xc2.xcore.ibias__t54                   1.00456
xc2.xcore.tail__t254                   1.25448
xc2.xcore.vss__t432                3.07274e-13
xc2.xcore.tail__t155                   1.25448
xc2.xcore.ibias__t55                   1.00456
xc2.xcore.vss__t132                1.18376e-05
xc2.xcore.vss__t433                3.12596e-13
xc2.xcore.vss__t29                 1.20392e-05
xc2.xcore.ibias__t56                   1.00456
xc2.xcore.tail__t255                   1.25448
xc2.xcore.vss__t434                3.17918e-13
xc2.xcore.tail__t156                   1.25448
xc2.xcore.ibias__t57                   1.00456
xc2.xcore.vss__t133                1.22407e-05
xc2.xcore.vss__t435                3.23241e-13
xc2.xcore.vss__t30                 1.24423e-05
xc2.xcore.ibias__t58                   1.00456
xc2.xcore.tail__t256                   1.25448
xc2.xcore.vss__t436                3.28565e-13
xc2.xcore.tail__t157                   1.25448
xc2.xcore.ibias__t59                   1.00456
xc2.xcore.vss__t134                 1.2644e-05
xc2.xcore.vss__t437                3.33889e-13
xc2.xcore.vss__t31                 1.28456e-05
xc2.xcore.ibias__t60                   1.00456
xc2.xcore.tail__t257                   1.25448
xc2.xcore.vss__t438                3.39214e-13
xc2.xcore.tail__t211                   1.25448
xc2.xcore.ibias__t176                  1.00456
xc2.xcore.vss__t193                1.30473e-05
xc2.xcore.vss__t439                 3.4454e-13
xc2.xcore.vss__t88                  1.3249e-05
xc2.xcore.ibias__t175                  1.00456
xc2.xcore.tail__t311                   1.25448
xc2.xcore.vss__t440                3.49867e-13
xc2.xcore.tail__t165                   1.25448
xc2.xcore.ibias__t79                   1.00456
xc2.xcore.vss__t142                1.34507e-05
xc2.xcore.vss__t441                3.55195e-13
xc2.xcore.vss__t43                 1.36525e-05
xc2.xcore.ibias__t80                   1.00456
xc2.xcore.tail__t269                   1.25448
xc2.xcore.vss__t442                3.60522e-13
xc2.xcore.tail__t166                   1.25448
xc2.xcore.ibias__t81                   1.00456
xc2.xcore.vss__t143                1.38543e-05
xc2.xcore.vss__t443                3.65851e-13
xc2.xcore.vss__t38                 1.40561e-05
xc2.xcore.ibias__t71                   1.00456
xc2.xcore.tail__t264                   1.25448
xc2.xcore.vss__t444                 3.7118e-13
xc2.xcore.tail__t147                   1.25448
xc2.xcore.ibias__t42                   1.00456
xc2.xcore.vss__t125                1.42579e-05
xc2.xcore.vss__t445                 3.7651e-13
xc2.xcore.vss__t22                 1.44597e-05
xc2.xcore.ibias__t43                   1.00456
xc2.xcore.tail__t248                   1.25448
xc2.xcore.vss__t446                 3.8184e-13
xc2.xcore.tail__t148                   1.25448
xc2.xcore.ibias__t44                   1.00456
xc2.xcore.vss__t126                1.46616e-05
xc2.xcore.vss__t447                 3.8717e-13
xc2.xcore.vss__t0                  1.48634e-05
xc2.xcore.ibias__t1                    1.00456
xc2.xcore.tail__t149                   1.25448
xc2.xcore.vss__t456                3.92501e-13
xc2.xcore.tail__t229                   1.25444
xc2.xcore.ibias__t2                    1.00456
xc2.xcore.vss__t1                  2.55127e-05
xc2.xcore.vss__t458                6.73718e-13
xc2.xcore.vss__t189                2.53104e-05
xc2.xcore.ibias__t170                  1.00456
xc2.xcore.tail__t228                   1.25444
xc2.xcore.vss__t250                6.68376e-13
xc2.xcore.tail__t209                   1.25444
xc2.xcore.ibias__t169                  1.00456
xc2.xcore.vss__t188                2.51081e-05
xc2.xcore.vss__t251                6.63035e-13
xc2.xcore.vss__t86                 2.49059e-05
xc2.xcore.ibias__t168                  1.00456
xc2.xcore.tail__t309                   1.25444
xc2.xcore.vss__t252                6.57693e-13
xc2.xcore.tail__t208                   1.25444
xc2.xcore.ibias__t167                  1.00456
xc2.xcore.vss__t187                2.47036e-05
xc2.xcore.vss__t253                6.52351e-13
xc2.xcore.vss__t85                 2.45014e-05
xc2.xcore.ibias__t166                  1.00456
xc2.xcore.tail__t308                   1.25444
xc2.xcore.vss__t254                 6.4701e-13
xc2.xcore.tail__t207                   1.25444
xc2.xcore.ibias__t165                  1.00456
xc2.xcore.vss__t186                2.42991e-05
xc2.xcore.vss__t255                6.41669e-13
xc2.xcore.vss__t84                 2.40969e-05
xc2.xcore.ibias__t164                  1.00456
xc2.xcore.tail__t307                   1.25444
xc2.xcore.vss__t256                6.36328e-13
xc2.xcore.tail__t210                   1.25444
xc2.xcore.ibias__t173                  1.00456
xc2.xcore.vss__t191                2.38946e-05
xc2.xcore.vss__t257                6.30986e-13
xc2.xcore.vss__t87                 2.36924e-05
xc2.xcore.ibias__t172                  1.00456
xc2.xcore.tail__t310                   1.25445
xc2.xcore.vss__t258                6.25645e-13
xc2.xcore.tail__t219                   1.25445
xc2.xcore.ibias__t195                  1.00456
xc2.xcore.vss__t201                2.34901e-05
xc2.xcore.vss__t259                6.20305e-13
xc2.xcore.vss__t99                 2.32879e-05
xc2.xcore.ibias__t194                  1.00456
xc2.xcore.tail__t321                   1.25445
xc2.xcore.vss__t260                6.14964e-13
xc2.xcore.tail__t227                   1.25445
xc2.xcore.ibias__t209                  1.00456
xc2.xcore.vss__t209                2.30857e-05
xc2.xcore.vss__t261                6.09623e-13
xc2.xcore.vss__t97                 2.28834e-05
xc2.xcore.ibias__t192                  1.00456
xc2.xcore.tail__t319                   1.25445
xc2.xcore.vss__t262                6.04282e-13
xc2.xcore.tail__t218                   1.25445
xc2.xcore.ibias__t191                  1.00456
xc2.xcore.vss__t200                2.26812e-05
xc2.xcore.vss__t263                5.98942e-13
xc2.xcore.vss__t96                  2.2479e-05
xc2.xcore.ibias__t190                  1.00456
xc2.xcore.tail__t318                   1.25445
xc2.xcore.vss__t264                5.93602e-13
xc2.xcore.tail__t217                   1.25445
xc2.xcore.ibias__t189                  1.00456
xc2.xcore.vss__t199                2.22768e-05
xc2.xcore.vss__t265                5.88261e-13
xc2.xcore.vss__t95                 2.20746e-05
xc2.xcore.ibias__t188                  1.00456
xc2.xcore.tail__t317                   1.25445
xc2.xcore.vss__t266                5.82921e-13
xc2.xcore.tail__t216                   1.25445
xc2.xcore.ibias__t187                  1.00456
xc2.xcore.vss__t198                2.18724e-05
xc2.xcore.vss__t267                5.77581e-13
xc2.xcore.vss__t94                 2.16702e-05
xc2.xcore.ibias__t186                  1.00456
xc2.xcore.tail__t316                   1.25445
xc2.xcore.vss__t268                5.72242e-13
xc2.xcore.tail__t215                   1.25445
xc2.xcore.ibias__t185                  1.00456
xc2.xcore.vss__t197                 2.1468e-05
xc2.xcore.vss__t269                5.66902e-13
xc2.xcore.vss__t93                 2.12658e-05
xc2.xcore.ibias__t184                  1.00456
xc2.xcore.tail__t315                   1.25445
xc2.xcore.vss__t270                5.61562e-13
xc2.xcore.tail__t214                   1.25445
xc2.xcore.ibias__t183                  1.00456
xc2.xcore.vss__t196                2.10636e-05
xc2.xcore.vss__t271                5.56223e-13
xc2.xcore.vss__t92                 2.08614e-05
xc2.xcore.ibias__t182                  1.00456
xc2.xcore.tail__t314                   1.25445
xc2.xcore.vss__t272                5.50884e-13
xc2.xcore.tail__t213                   1.25445
xc2.xcore.ibias__t181                  1.00456
xc2.xcore.vss__t195                2.06593e-05
xc2.xcore.vss__t273                5.45545e-13
xc2.xcore.vss__t91                 2.04571e-05
xc2.xcore.ibias__t180                  1.00456
xc2.xcore.tail__t313                   1.25445
xc2.xcore.vss__t274                5.40206e-13
xc2.xcore.tail__t212                   1.25445
xc2.xcore.ibias__t179                  1.00456
xc2.xcore.vss__t194                2.02549e-05
xc2.xcore.vss__t275                5.34867e-13
xc2.xcore.vss__t90                 2.00528e-05
xc2.xcore.ibias__t178                  1.00456
xc2.xcore.tail__t312                   1.25445
xc2.xcore.vss__t276                5.29528e-13
xc2.xcore.tail__t206                   1.25445
xc2.xcore.ibias__t161                  1.00456
xc2.xcore.vss__t184                1.98506e-05
xc2.xcore.vss__t277                 5.2419e-13
xc2.xcore.vss__t57                 1.96485e-05
xc2.xcore.ibias__t112                  1.00456
xc2.xcore.tail__t283                   1.25445
xc2.xcore.vss__t278                5.18852e-13
xc2.xcore.tail__t183                   1.25445
xc2.xcore.ibias__t111                  1.00456
xc2.xcore.vss__t160                1.94464e-05
xc2.xcore.vss__t279                5.13514e-13
xc2.xcore.vss__t56                 1.92442e-05
xc2.xcore.ibias__t110                  1.00456
xc2.xcore.tail__t282                   1.25445
xc2.xcore.vss__t280                5.08176e-13
xc2.xcore.tail__t182                   1.25445
xc2.xcore.ibias__t109                  1.00456
xc2.xcore.vss__t159                1.90421e-05
xc2.xcore.vss__t281                5.02838e-13
xc2.xcore.vss__t55                   1.884e-05
xc2.xcore.ibias__t108                  1.00456
xc2.xcore.tail__t281                   1.25445
xc2.xcore.vss__t282                4.97501e-13
xc2.xcore.tail__t181                   1.25445
xc2.xcore.ibias__t107                  1.00456
xc2.xcore.vss__t158                1.86379e-05
xc2.xcore.vss__t283                4.92164e-13
xc2.xcore.vss__t54                 1.84358e-05
xc2.xcore.ibias__t106                  1.00456
xc2.xcore.tail__t280                   1.25445
xc2.xcore.vss__t284                4.86827e-13
xc2.xcore.tail__t180                   1.25445
xc2.xcore.ibias__t105                  1.00456
xc2.xcore.vss__t157                1.82337e-05
xc2.xcore.vss__t285                 4.8149e-13
xc2.xcore.vss__t53                 1.80316e-05
xc2.xcore.ibias__t104                  1.00456
xc2.xcore.tail__t279                   1.25445
xc2.xcore.vss__t286                4.76154e-13
xc2.xcore.tail__t205                   1.25445
xc2.xcore.ibias__t156                  1.00456
xc2.xcore.vss__t182                1.78296e-05
xc2.xcore.vss__t287                4.70817e-13
xc2.xcore.vss__t79                 1.76275e-05
xc2.xcore.ibias__t155                  1.00456
xc2.xcore.tail__t305                   1.25446
xc2.xcore.vss__t288                4.65481e-13
xc2.xcore.tail__t204                   1.25446
xc2.xcore.ibias__t154                  1.00456
xc2.xcore.vss__t181                1.74255e-05
xc2.xcore.vss__t289                4.60146e-13
xc2.xcore.vss__t78                 1.72234e-05
xc2.xcore.ibias__t153                  1.00456
xc2.xcore.tail__t304                   1.25446
xc2.xcore.vss__t290                 4.5481e-13
xc2.xcore.tail__t203                   1.25446
xc2.xcore.ibias__t152                  1.00456
xc2.xcore.vss__t180                1.70214e-05
xc2.xcore.vss__t291                4.49475e-13
xc2.xcore.vss__t77                 1.68194e-05
xc2.xcore.ibias__t151                  1.00456
xc2.xcore.tail__t303                   1.25446
xc2.xcore.vss__t292                 4.4414e-13
xc2.xcore.tail__t202                   1.25446
xc2.xcore.ibias__t150                  1.00456
xc2.xcore.vss__t179                1.66174e-05
xc2.xcore.vss__t293                4.38806e-13
xc2.xcore.vss__t76                 1.64154e-05
xc2.xcore.ibias__t149                  1.00456
xc2.xcore.tail__t302                   1.25446
xc2.xcore.vss__t294                4.33471e-13
xc2.xcore.tail__t201                   1.25446
xc2.xcore.ibias__t148                  1.00456
xc2.xcore.vss__t178                1.62134e-05
xc2.xcore.vss__t295                4.28137e-13
xc2.xcore.vss__t75                 1.60114e-05
xc2.xcore.ibias__t147                  1.00456
xc2.xcore.tail__t301                   1.25446
xc2.xcore.vss__t296                4.22804e-13
xc2.xcore.tail__t200                   1.25446
xc2.xcore.ibias__t146                  1.00456
xc2.xcore.vss__t177                1.58095e-05
xc2.xcore.vss__t297                4.17471e-13
xc2.xcore.vss__t98                 1.56075e-05
xc2.xcore.ibias__t193                  1.00456
xc2.xcore.tail__t320                   1.25446
xc2.xcore.vss__t298                4.12138e-13
xc2.xcore.tail__t226                   1.25446
xc2.xcore.ibias__t208                  1.00456
xc2.xcore.vss__t208                1.54056e-05
xc2.xcore.vss__t299                4.06805e-13
xc2.xcore.vss__t105                1.52037e-05
xc2.xcore.ibias__t207                  1.00456
xc2.xcore.tail__t327                   1.25446
xc2.xcore.vss__t300                4.01473e-13
xc2.xcore.tail__t225                   1.25446
xc2.xcore.ibias__t206                  1.00456
xc2.xcore.vss__t207                1.50018e-05
xc2.xcore.vss__t301                3.96142e-13
xc2.xcore.vss__t104                1.47999e-05
xc2.xcore.ibias__t205                  1.00456
xc2.xcore.tail__t326                   1.25446
xc2.xcore.vss__t302                3.90811e-13
xc2.xcore.tail__t224                   1.25446
xc2.xcore.ibias__t204                  1.00456
xc2.xcore.vss__t206                 1.4598e-05
xc2.xcore.vss__t303                 3.8548e-13
xc2.xcore.vss__t103                1.43962e-05
xc2.xcore.ibias__t203                  1.00456
xc2.xcore.tail__t325                   1.25446
xc2.xcore.vss__t304                 3.8015e-13
xc2.xcore.tail__t223                   1.25446
xc2.xcore.ibias__t202                  1.00456
xc2.xcore.vss__t205                1.41944e-05
xc2.xcore.vss__t305                 3.7482e-13
xc2.xcore.vss__t102                1.39926e-05
xc2.xcore.ibias__t201                  1.00456
xc2.xcore.tail__t324                   1.25446
xc2.xcore.vss__t306                3.69491e-13
xc2.xcore.tail__t222                   1.25446
xc2.xcore.ibias__t200                  1.00456
xc2.xcore.vss__t204                1.37908e-05
xc2.xcore.vss__t307                3.64162e-13
xc2.xcore.vss__t101                 1.3589e-05
xc2.xcore.ibias__t199                  1.00456
xc2.xcore.tail__t323                   1.25446
xc2.xcore.vss__t308                3.58834e-13
xc2.xcore.tail__t221                   1.25446
xc2.xcore.ibias__t198                  1.00456
xc2.xcore.vss__t203                1.33873e-05
xc2.xcore.vss__t309                3.53506e-13
xc2.xcore.vss__t100                1.31855e-05
xc2.xcore.ibias__t197                  1.00456
xc2.xcore.tail__t322                   1.25446
xc2.xcore.vss__t310                3.48179e-13
xc2.xcore.tail__t220                   1.25446
xc2.xcore.ibias__t196                  1.00456
xc2.xcore.vss__t202                1.29838e-05
xc2.xcore.vss__t311                3.42853e-13
xc2.xcore.vss__t80                 1.27822e-05
xc2.xcore.ibias__t157                  1.00456
xc2.xcore.tail__t306                   1.25446
xc2.xcore.vss__t312                3.37527e-13
xc2.xcore.tail__t185                   1.25446
xc2.xcore.ibias__t116                  1.00456
xc2.xcore.vss__t162                1.25805e-05
xc2.xcore.vss__t313                3.32202e-13
xc2.xcore.vss__t59                 1.23789e-05
xc2.xcore.ibias__t115                  1.00456
xc2.xcore.tail__t285                   1.25446
xc2.xcore.vss__t314                3.26878e-13
xc2.xcore.tail__t184                   1.25446
xc2.xcore.ibias__t114                  1.00456
xc2.xcore.vss__t161                1.21773e-05
xc2.xcore.vss__t315                3.21555e-13
xc2.xcore.vss__t71                 1.19758e-05
xc2.xcore.ibias__t139                  1.00456
xc2.xcore.tail__t297                   1.25446
xc2.xcore.vss__t316                3.16232e-13
xc2.xcore.tail__t196                   1.25446
xc2.xcore.ibias__t138                  1.00456
xc2.xcore.vss__t173                1.17742e-05
xc2.xcore.vss__t317                3.10911e-13
xc2.xcore.vss__t70                 1.15727e-05
xc2.xcore.ibias__t137                  1.00456
xc2.xcore.tail__t296                   1.25447
xc2.xcore.vss__t318                 3.0559e-13
xc2.xcore.tail__t195                   1.25447
xc2.xcore.ibias__t136                  1.00456
xc2.xcore.vss__t172                1.13713e-05
xc2.xcore.vss__t319                 3.0027e-13
xc2.xcore.vss__t69                 1.11699e-05
xc2.xcore.ibias__t135                  1.00456
xc2.xcore.tail__t295                   1.25447
xc2.xcore.vss__t320                2.94951e-13
xc2.xcore.tail__t194                   1.25447
xc2.xcore.ibias__t134                  1.00456
xc2.xcore.vss__t171                1.09685e-05
xc2.xcore.vss__t321                2.89634e-13
xc2.xcore.vss__t61                 1.07672e-05
xc2.xcore.ibias__t119                  1.00456
xc2.xcore.tail__t287                   1.25447
xc2.xcore.vss__t322                2.84317e-13
xc2.xcore.tail__t179                   1.25447
xc2.xcore.ibias__t103                  1.00456
xc2.xcore.vss__t156                1.05659e-05
xc2.xcore.vss__t323                2.79001e-13
xc2.xcore.vss__t48                 1.03646e-05
xc2.xcore.ibias__t92                   1.00456
xc2.xcore.tail__t274                   1.25447
xc2.xcore.vss__t324                2.73687e-13
xc2.xcore.tail__t178                   1.25447
xc2.xcore.ibias__t102                  1.00456
xc2.xcore.vss__t155                1.01634e-05
xc2.xcore.vss__t325                2.68375e-13
xc2.xcore.vss__t52                  9.9623e-06
xc2.xcore.ibias__t101                  1.00456
xc2.xcore.tail__t278                   1.25447
xc2.xcore.vss__t326                2.63063e-13
xc2.xcore.tail__t177                   1.25447
xc2.xcore.ibias__t100                  1.00456
xc2.xcore.vss__t154                9.76122e-06
xc2.xcore.vss__t327                2.57753e-13
xc2.xcore.vss__t51                  9.5602e-06
xc2.xcore.ibias__t99                   1.00456
xc2.xcore.tail__t277                   1.25447
xc2.xcore.vss__t328                2.52445e-13
xc2.xcore.tail__t176                   1.25447
xc2.xcore.ibias__t98                   1.00456
xc2.xcore.vss__t153                9.35924e-06
xc2.xcore.vss__t329                2.47138e-13
xc2.xcore.vss__t58                 9.15836e-06
xc2.xcore.ibias__t113                  1.00456
xc2.xcore.tail__t284                   1.25447
xc2.xcore.vss__t330                2.41834e-13
xc2.xcore.tail__t174                   1.25447
xc2.xcore.ibias__t96                   1.00456
xc2.xcore.vss__t151                8.95754e-06
xc2.xcore.vss__t331                2.36531e-13
xc2.xcore.vss__t50                 8.75681e-06
xc2.xcore.ibias__t95                   1.00456
xc2.xcore.tail__t276                   1.25447
xc2.xcore.vss__t332                 2.3123e-13
xc2.xcore.tail__t173                   1.25447
xc2.xcore.ibias__t94                   1.00456
xc2.xcore.vss__t150                8.55616e-06
xc2.xcore.vss__t333                2.25932e-13
xc2.xcore.vss__t49                  8.3556e-06
xc2.xcore.ibias__t93                   1.00456
xc2.xcore.tail__t275                   1.25447
xc2.xcore.vss__t334                2.20636e-13
xc2.xcore.tail__t172                   1.25447
xc2.xcore.ibias__t91                   1.00456
xc2.xcore.vss__t149                8.15513e-06
xc2.xcore.vss__t335                2.15342e-13
xc2.xcore.vss__t47                 7.95477e-06
xc2.xcore.ibias__t90                   1.00456
xc2.xcore.tail__t273                   1.25447
xc2.xcore.vss__t336                2.10051e-13
xc2.xcore.tail__t171                   1.25447
xc2.xcore.ibias__t89                   1.00456
xc2.xcore.vss__t148                7.75452e-06
xc2.xcore.vss__t337                2.04763e-13
xc2.xcore.vss__t46                  7.5544e-06
xc2.xcore.ibias__t88                   1.00456
xc2.xcore.tail__t272                   1.25447
xc2.xcore.vss__t338                1.99479e-13
xc2.xcore.tail__t170                   1.25447
xc2.xcore.ibias__t87                   1.00456
xc2.xcore.vss__t147                 7.3544e-06
xc2.xcore.vss__t339                1.94198e-13
xc2.xcore.vss__t45                 7.15455e-06
xc2.xcore.ibias__t86                   1.00456
xc2.xcore.tail__t271                   1.25447
xc2.xcore.vss__t340                 1.8892e-13
xc2.xcore.tail__t169                   1.25447
xc2.xcore.ibias__t85                   1.00456
xc2.xcore.vss__t146                6.95485e-06
xc2.xcore.vss__t341                1.83647e-13
xc2.xcore.vss__t44                 6.75532e-06
xc2.xcore.ibias__t84                   1.00456
xc2.xcore.tail__t270                   1.25447
xc2.xcore.vss__t342                1.78378e-13
xc2.xcore.tail__t168                   1.25447
xc2.xcore.ibias__t83                   1.00456
xc2.xcore.vss__t145                6.55597e-06
xc2.xcore.vss__t343                1.73114e-13
xc2.xcore.vss__t66                 6.35683e-06
xc2.xcore.ibias__t129                  1.00456
xc2.xcore.tail__t292                   1.25447
xc2.xcore.vss__t344                1.67856e-13
xc2.xcore.tail__t199                   1.25447
xc2.xcore.ibias__t144                  1.00456
xc2.xcore.vss__t176                6.15791e-06
xc2.xcore.vss__t345                1.62603e-13
xc2.xcore.vss__t73                 5.95922e-06
xc2.xcore.ibias__t143                  1.00456
xc2.xcore.tail__t299                   1.25447
xc2.xcore.vss__t346                1.57356e-13
xc2.xcore.tail__t198                   1.25447
xc2.xcore.ibias__t142                  1.00456
xc2.xcore.vss__t175                5.76081e-06
xc2.xcore.vss__t347                1.52117e-13
xc2.xcore.vss__t72                 5.56269e-06
xc2.xcore.ibias__t141                  1.00456
xc2.xcore.tail__t298                   1.25448
xc2.xcore.vss__t348                1.46886e-13
xc2.xcore.outp__t53                    2.79357
xc2.xcore.inp__t1                       2.5245
xc2.xcore.tail__t0                     1.25455
xc2.xcore.vss__t460                8.47361e-12
xc2.xcore.tail__t119                   1.25455
xc2.xcore.inp__t53                      2.5245
xc2.xcore.outp__t52                    2.79357
xc2.xcore.vss__t462                8.55362e-12
xc2.xcore.outp__t46                    2.79357
xc2.xcore.inp__t52                      2.5245
xc2.xcore.tail__t118                   1.25455
xc2.xcore.vss__t463                8.63362e-12
xc2.xcore.tail__t58                    1.25455
xc2.xcore.inp__t61                      2.5245
xc2.xcore.outp__t82                    2.79357
xc2.xcore.vss__t464                8.71362e-12
xc2.xcore.outp__t30                    2.79357
xc2.xcore.inp__t24                      2.5245
xc2.xcore.tail__t98                    1.25455
xc2.xcore.vss__t465                8.79362e-12
xc2.xcore.tail__t38                    1.25455
xc2.xcore.inp__t23                      2.5245
xc2.xcore.outp__t64                    2.79357
xc2.xcore.vss__t466                8.87361e-12
xc2.xcore.outp__t29                    2.79357
xc2.xcore.inp__t22                      2.5245
xc2.xcore.tail__t97                    1.25455
xc2.xcore.vss__t467                8.95361e-12
xc2.xcore.tail__t37                    1.25455
xc2.xcore.inp__t21                      2.5245
xc2.xcore.outp__t63                    2.79356
xc2.xcore.vss__t468                9.03361e-12
xc2.xcore.outp__t28                    2.79356
xc2.xcore.inp__t20                      2.5245
xc2.xcore.tail__t96                    1.25456
xc2.xcore.vss__t469                 9.1136e-12
xc2.xcore.tail__t36                    1.25456
xc2.xcore.inp__t19                      2.5245
xc2.xcore.outp__t62                    2.79356
xc2.xcore.vss__t470                9.19359e-12
xc2.xcore.outp__t27                    2.79356
xc2.xcore.inp__t18                      2.5245
xc2.xcore.tail__t95                    1.25456
xc2.xcore.vss__t471                9.27358e-12
xc2.xcore.tail__t35                    1.25456
xc2.xcore.inp__t17                      2.5245
xc2.xcore.outp__t61                    2.79356
xc2.xcore.vss__t472                9.35357e-12
xc2.xcore.outp__t26                    2.79356
xc2.xcore.inp__t16                      2.5245
xc2.xcore.tail__t94                    1.25456
xc2.xcore.vss__t473                9.43356e-12
xc2.xcore.tail__t33                    1.25456
xc2.xcore.inp__t15                      2.5245
xc2.xcore.outp__t60                    2.79355
xc2.xcore.vss__t474                9.51355e-12
xc2.xcore.outp__t47                    2.79355
xc2.xcore.inp__t54                      2.5245
xc2.xcore.tail__t120                   1.25456
xc2.xcore.vss__t475                9.59353e-12
xc2.xcore.tail__t54                    1.25456
xc2.xcore.inp__t55                      2.5245
xc2.xcore.outp__t78                    2.79355
xc2.xcore.vss__t476                9.67351e-12
xc2.xcore.outp__t51                    2.79355
xc2.xcore.inp__t63                      2.5245
xc2.xcore.tail__t126                   1.25456
xc2.xcore.vss__t477                9.75349e-12
xc2.xcore.tail__t57                    1.25456
xc2.xcore.inp__t60                      2.5245
xc2.xcore.outp__t81                    2.79355
xc2.xcore.vss__t478                9.83347e-12
xc2.xcore.outp__t49                    2.79355
xc2.xcore.inp__t59                      2.5245
xc2.xcore.tail__t122                   1.25456
xc2.xcore.vss__t479                9.91344e-12
xc2.xcore.tail__t56                    1.25456
xc2.xcore.inp__t58                      2.5245
xc2.xcore.outp__t80                    2.79354
xc2.xcore.vss__t480                9.99342e-12
xc2.xcore.outp__t48                    2.79354
xc2.xcore.inp__t57                      2.5245
xc2.xcore.tail__t121                   1.25457
xc2.xcore.vss__t481                1.00734e-11
xc2.xcore.tail__t55                    1.25457
xc2.xcore.inp__t56                      2.5245
xc2.xcore.outp__t79                    2.79354
xc2.xcore.vss__t482                1.01534e-11
xc2.xcore.outp__t24                    2.79354
xc2.xcore.inp__t11                      2.5245
xc2.xcore.tail__t92                    1.25457
xc2.xcore.vss__t483                1.02333e-11
xc2.xcore.tail__t30                    1.25457
xc2.xcore.inp__t10                      2.5245
xc2.xcore.outp__t57                    2.79354
xc2.xcore.vss__t484                1.03133e-11
xc2.xcore.outp__t23                    2.79354
xc2.xcore.inp__t9                       2.5245
xc2.xcore.tail__t88                    1.25457
xc2.xcore.vss__t485                1.03933e-11
xc2.xcore.tail__t32                    1.25457
xc2.xcore.inp__t14                      2.5245
xc2.xcore.outp__t59                    2.79353
xc2.xcore.vss__t486                1.04732e-11
xc2.xcore.outp__t25                    2.79353
xc2.xcore.inp__t13                      2.5245
xc2.xcore.tail__t93                    1.25457
xc2.xcore.vss__t487                1.05532e-11
xc2.xcore.tail__t60                    1.25457
xc2.xcore.inp__t0                       2.5245
xc2.xcore.outp__t83                    2.79353
xc2.xcore.vss__t488                1.06331e-11
xc2.xcore.outp__t50                    2.79353
xc2.xcore.inp__t62                      2.5245
xc2.xcore.tail__t123                   1.25457
xc2.xcore.vss__t489                1.07131e-11
xc2.xcore.tail__t42                    1.25457
xc2.xcore.inp__t29                      2.5245
xc2.xcore.outp__t67                    2.79353
xc2.xcore.vss__t490                 1.0793e-11
xc2.xcore.outp__t32                    2.79353
xc2.xcore.inp__t28                      2.5245
xc2.xcore.tail__t102                   1.25457
xc2.xcore.vss__t491                 1.0873e-11
xc2.xcore.tail__t41                    1.25457
xc2.xcore.inp__t27                      2.5245
xc2.xcore.outp__t66                    2.79353
xc2.xcore.vss__t492                1.09529e-11
xc2.xcore.outp__t31                    2.79352
xc2.xcore.inp__t26                      2.5245
xc2.xcore.tail__t101                   1.25457
xc2.xcore.vss__t493                1.10328e-11
xc2.xcore.tail__t40                    1.25458
xc2.xcore.inp__t25                      2.5245
xc2.xcore.outp__t65                    2.79352
xc2.xcore.vss__t494                1.11128e-11
xc2.xcore.outp__t20                    2.79352
xc2.xcore.inp__t4                       2.5245
xc2.xcore.tail__t74                    1.25458
xc2.xcore.vss__t495                1.11927e-11
xc2.xcore.tail__t14                    1.25458
xc2.xcore.inp__t3                       2.5245
xc2.xcore.outp__t54                    2.79352
xc2.xcore.vss__t496                1.12727e-11
xc2.xcore.outp__t22                    2.79352
xc2.xcore.inp__t7                       2.5245
xc2.xcore.tail__t76                    1.25458
xc2.xcore.vss__t497                1.13526e-11
xc2.xcore.tail__t16                    1.25458
xc2.xcore.inp__t6                       2.5245
xc2.xcore.outp__t55                    2.79352
xc2.xcore.vss__t498                1.14325e-11
xc2.xcore.outp__t21                    2.79351
xc2.xcore.inp__t5                       2.5245
xc2.xcore.tail__t75                    1.25458
xc2.xcore.vss__t499                1.15124e-11
xc2.xcore.tail__t19                    1.25458
xc2.xcore.inp__t8                       2.5245
xc2.xcore.outp__t56                    2.79351
xc2.xcore.vss__t500                1.15923e-11
xc2.xcore.outp__t45                    2.79351
xc2.xcore.inp__t50                      2.5245
xc2.xcore.tail__t116                   1.25458
xc2.xcore.vss__t501                1.16723e-11
xc2.xcore.tail__t51                    1.25458
xc2.xcore.inp__t49                      2.5245
xc2.xcore.outp__t76                    2.79351
xc2.xcore.vss__t502                1.17522e-11
xc2.xcore.outp__t44                    2.79351
xc2.xcore.inp__t48                      2.5245
xc2.xcore.tail__t115                   1.25458
xc2.xcore.vss__t503                1.18321e-11
xc2.xcore.tail__t50                    1.25458
xc2.xcore.inp__t47                      2.5245
xc2.xcore.outp__t75                    2.79351
xc2.xcore.vss__t504                 1.1912e-11
xc2.xcore.outp__t43                     2.7935
xc2.xcore.inp__t46                      2.5245
xc2.xcore.tail__t114                   1.25458
xc2.xcore.vss__t505                1.19919e-11
xc2.xcore.tail__t49                    1.25458
xc2.xcore.inp__t45                      2.5245
xc2.xcore.outp__t74                     2.7935
xc2.xcore.vss__t506                1.20718e-11
xc2.xcore.outp__t42                     2.7935
xc2.xcore.inp__t44                      2.5245
xc2.xcore.tail__t113                   1.25459
xc2.xcore.vss__t507                1.21517e-11
xc2.xcore.tail__t48                    1.25459
xc2.xcore.inp__t43                      2.5245
xc2.xcore.outp__t73                     2.7935
xc2.xcore.vss__t508                1.22316e-11
xc2.xcore.outp__t41                     2.7935
xc2.xcore.inp__t42                      2.5245
xc2.xcore.tail__t112                   1.25459
xc2.xcore.vss__t509                1.23115e-11
xc2.xcore.tail__t47                    1.25459
xc2.xcore.inp__t41                      2.5245
xc2.xcore.outp__t72                     2.7935
xc2.xcore.vss__t510                1.23914e-11
xc2.xcore.outp__t40                    2.79349
xc2.xcore.inp__t40                      2.5245
xc2.xcore.tail__t111                   1.25459
xc2.xcore.vss__t511                1.24712e-11
xc2.xcore.tail__t46                    1.25459
xc2.xcore.inp__t39                      2.5245
xc2.xcore.outp__t71                    2.79349
xc2.xcore.vss__t512                1.25511e-11
xc2.xcore.outp__t39                    2.79349
xc2.xcore.inp__t38                      2.5245
xc2.xcore.tail__t110                   1.25459
xc2.xcore.vss__t513                 1.2631e-11
xc2.xcore.tail__t53                    1.25459
xc2.xcore.inp__t51                      2.5245
xc2.xcore.outp__t77                    2.79349
xc2.xcore.vss__t514                1.27109e-11
xc2.xcore.outp__t38                    2.79349
xc2.xcore.inp__t37                      2.5245
xc2.xcore.tail__t108                   1.25459
xc2.xcore.vss__t515                1.27907e-11
xc2.xcore.tail__t45                    1.25459
xc2.xcore.inp__t36                      2.5245
xc2.xcore.outp__t70                    2.79349
xc2.xcore.vss__t516                1.28706e-11
xc2.xcore.outp__t37                    2.79348
xc2.xcore.inp__t35                      2.5245
xc2.xcore.tail__t107                   1.25459
xc2.xcore.vss__t517                1.29505e-11
xc2.xcore.tail__t44                    1.25459
xc2.xcore.inp__t34                      2.5245
xc2.xcore.outp__t69                    2.79348
xc2.xcore.vss__t518                1.30303e-11
xc2.xcore.outp__t36                    2.79348
xc2.xcore.inp__t33                      2.5245
xc2.xcore.tail__t106                    1.2546
xc2.xcore.vss__t519                1.31102e-11
xc2.xcore.tail__t31                     1.2546
xc2.xcore.inp__t12                      2.5245
xc2.xcore.outp__t58                    2.79348
xc2.xcore.vss__t520                  1.319e-11
xc2.xcore.outp__t35                    2.79348
xc2.xcore.inp__t32                      2.5245
xc2.xcore.tail__t104                    1.2546
xc2.xcore.vss__t521                1.32699e-11
xc2.xcore.tail__t43                     1.2546
xc2.xcore.inp__t31                      2.5245
xc2.xcore.outp__t68                    2.79348
xc2.xcore.vss__t522                1.33497e-11
xc2.xcore.outp__t33                    2.79347
xc2.xcore.inp__t30                      2.5245
xc2.xcore.tail__t103                    1.2546
xc2.xcore.vss__t523                1.34296e-11
xc2.xcore.tail__t1                      1.2546
xc2.xcore.inp__t2                       2.5245
xc2.xcore.outp__t34                    2.79347
xc2.xcore.vss__t586                1.35094e-11
xc2.xcore.ibias__t215                  1.00183
xc2.xcore.ibias__t3                    1.00456
xc2.xcore.vss__t2                  2.51857e-05
xc2.xcore.vss__t459                5.04669e-13
xc2.xcore.vss__t81                 2.49859e-05
xc2.xcore.ibias__t158                  1.00456
xc2.xcore.ibias__t216                  1.00186
xc2.xcore.vss__t448                5.00678e-13
xc2.xcore.ibias__t213                  1.00189
xc2.xcore.ibias__t171                  1.00456
xc2.xcore.vss__t190                2.47861e-05
xc2.xcore.vss__t449                4.96688e-13
xc2.xcore.vss__t83                 2.45863e-05
xc2.xcore.ibias__t163                  1.00456
xc2.xcore.ibias__t218                  1.00192
xc2.xcore.vss__t450                4.92697e-13
xc2.xcore.ibias__t212                  1.00195
xc2.xcore.ibias__t162                  1.00456
xc2.xcore.vss__t185                2.43865e-05
xc2.xcore.vss__t451                4.88706e-13
xc2.xcore.vss__t89                 2.41867e-05
xc2.xcore.ibias__t177                  1.00456
xc2.xcore.ibias__t219                  1.00198
xc2.xcore.vss__t452                4.84714e-13
xc2.xcore.ibias__t211                  1.00201
xc2.xcore.ibias__t160                  1.00456
xc2.xcore.vss__t183                2.39869e-05
xc2.xcore.vss__t453                4.80723e-13
xc2.xcore.vss__t82                 2.37871e-05
xc2.xcore.ibias__t159                  1.00456
xc2.xcore.ibias__t217                  1.00204
xc2.xcore.vss__t454                4.76731e-13
xc2.xcore.ibias__t214                  1.00207
xc2.xcore.ibias__t174                  1.00456
xc2.xcore.vss__t192                2.35873e-05
xc2.xcore.vss__t455                 4.7274e-13
xc2.xcore.vss__t3                  2.33875e-05
xc2.xcore.ibias__t4                    1.00456
xc2.xcore.ibias__t210                   1.0021
xc2.xcore.vss__t457                4.68748e-13
xc2.xcore.outn__t52                        3.3
xc2.xcore.inn__t1                       1.6335
xc2.xcore.tail__t3                     1.25449
xc2.xcore.vss__t461                1.46138e-12
xc2.xcore.tail__t62                    1.25449
xc2.xcore.inn__t58                      1.6335
xc2.xcore.outn__t81                        3.3
xc2.xcore.vss__t524                1.47525e-12
xc2.xcore.outn__t49                        3.3
xc2.xcore.inn__t59                      1.6335
xc2.xcore.tail__t124                   1.25449
xc2.xcore.vss__t525                1.48912e-12
xc2.xcore.tail__t63                    1.25449
xc2.xcore.inn__t60                      1.6335
xc2.xcore.outn__t82                        3.3
xc2.xcore.vss__t526                1.50299e-12
xc2.xcore.outn__t50                        3.3
xc2.xcore.inn__t61                      1.6335
xc2.xcore.tail__t125                   1.25449
xc2.xcore.vss__t527                1.51686e-12
xc2.xcore.tail__t64                    1.25449
xc2.xcore.inn__t62                      1.6335
xc2.xcore.outn__t83                        3.3
xc2.xcore.vss__t528                1.53073e-12
xc2.xcore.outn__t46                        3.3
xc2.xcore.inn__t52                      1.6335
xc2.xcore.tail__t105                   1.25449
xc2.xcore.vss__t529                 1.5446e-12
xc2.xcore.tail__t15                    1.25449
xc2.xcore.inn__t21                      1.6335
xc2.xcore.outn__t63                        3.3
xc2.xcore.vss__t530                1.55847e-12
xc2.xcore.outn__t45                        3.3
xc2.xcore.inn__t51                      1.6335
xc2.xcore.tail__t100                   1.25449
xc2.xcore.vss__t531                1.57234e-12
xc2.xcore.tail__t34                    1.25449
xc2.xcore.inn__t48                      1.6335
xc2.xcore.outn__t76                        3.3
xc2.xcore.vss__t532                1.58621e-12
xc2.xcore.outn__t44                        3.3
xc2.xcore.inn__t50                      1.6335
xc2.xcore.tail__t99                    1.25449
xc2.xcore.vss__t533                1.60008e-12
xc2.xcore.tail__t61                    1.25449
xc2.xcore.inn__t57                      1.6335
xc2.xcore.outn__t80                        3.3
xc2.xcore.vss__t534                1.61395e-12
xc2.xcore.outn__t40                        3.3
xc2.xcore.inn__t42                      1.6335
xc2.xcore.tail__t87                    1.25449
xc2.xcore.vss__t535                1.62782e-12
xc2.xcore.tail__t27                    1.25449
xc2.xcore.inn__t41                      1.6335
xc2.xcore.outn__t73                        3.3
xc2.xcore.vss__t536                1.64169e-12
xc2.xcore.outn__t39                        3.3
xc2.xcore.inn__t40                      1.6335
xc2.xcore.tail__t86                    1.25449
xc2.xcore.vss__t537                1.65557e-12
xc2.xcore.tail__t26                    1.25449
xc2.xcore.inn__t39                      1.6335
xc2.xcore.outn__t72                        3.3
xc2.xcore.vss__t538                1.66944e-12
xc2.xcore.outn__t38                        3.3
xc2.xcore.inn__t38                      1.6335
xc2.xcore.tail__t85                    1.25449
xc2.xcore.vss__t539                1.68331e-12
xc2.xcore.tail__t25                    1.25449
xc2.xcore.inn__t37                      1.6335
xc2.xcore.outn__t71                        3.3
xc2.xcore.vss__t540                1.69719e-12
xc2.xcore.outn__t47                        3.3
xc2.xcore.inn__t53                      1.6335
xc2.xcore.tail__t109                   1.25449
xc2.xcore.vss__t541                1.71106e-12
xc2.xcore.tail__t52                    1.25449
xc2.xcore.inn__t55                      1.6335
xc2.xcore.outn__t78                        3.3
xc2.xcore.vss__t542                1.72493e-12
xc2.xcore.outn__t48                        3.3
xc2.xcore.inn__t54                      1.6335
xc2.xcore.tail__t117                   1.25449
xc2.xcore.vss__t543                1.73881e-12
xc2.xcore.tail__t39                    1.25449
xc2.xcore.inn__t49                      1.6335
xc2.xcore.outn__t77                        3.3
xc2.xcore.vss__t544                1.75268e-12
xc2.xcore.outn__t41                        3.3
xc2.xcore.inn__t43                      1.6335
xc2.xcore.tail__t89                    1.25449
xc2.xcore.vss__t545                1.76656e-12
xc2.xcore.tail__t29                    1.25449
xc2.xcore.inn__t47                      1.6335
xc2.xcore.outn__t75                        3.3
xc2.xcore.vss__t546                1.78043e-12
xc2.xcore.outn__t43                        3.3
xc2.xcore.inn__t46                      1.6335
xc2.xcore.tail__t91                    1.25449
xc2.xcore.vss__t547                1.79431e-12
xc2.xcore.tail__t28                    1.25449
xc2.xcore.inn__t45                      1.6335
xc2.xcore.outn__t74                        3.3
xc2.xcore.vss__t548                1.80818e-12
xc2.xcore.outn__t42                        3.3
xc2.xcore.inn__t44                      1.6335
xc2.xcore.tail__t90                    1.25449
xc2.xcore.vss__t549                1.82206e-12
xc2.xcore.tail__t59                    1.25449
xc2.xcore.inn__t56                      1.6335
xc2.xcore.outn__t79                        3.3
xc2.xcore.vss__t550                1.83593e-12
xc2.xcore.outn__t51                        3.3
xc2.xcore.inn__t63                      1.6335
xc2.xcore.tail__t127                   1.25449
xc2.xcore.vss__t551                1.84981e-12
xc2.xcore.tail__t13                    1.25449
xc2.xcore.inn__t19                      1.6335
xc2.xcore.outn__t62                        3.3
xc2.xcore.vss__t552                1.86369e-12
xc2.xcore.outn__t28                        3.3
xc2.xcore.inn__t18                      1.6335
xc2.xcore.tail__t72                    1.25449
xc2.xcore.vss__t553                1.87756e-12
xc2.xcore.tail__t12                    1.25449
xc2.xcore.inn__t17                      1.6335
xc2.xcore.outn__t61                        3.3
xc2.xcore.vss__t554                1.89144e-12
xc2.xcore.outn__t27                        3.3
xc2.xcore.inn__t16                      1.6335
xc2.xcore.tail__t71                    1.25449
xc2.xcore.vss__t555                1.90531e-12
xc2.xcore.tail__t11                    1.25449
xc2.xcore.inn__t15                      1.6335
xc2.xcore.outn__t60                        3.3
xc2.xcore.vss__t556                1.91919e-12
xc2.xcore.outn__t26                        3.3
xc2.xcore.inn__t14                      1.6335
xc2.xcore.tail__t70                    1.25449
xc2.xcore.vss__t557                1.93307e-12
xc2.xcore.tail__t10                    1.25449
xc2.xcore.inn__t13                      1.6335
xc2.xcore.outn__t59                        3.3
xc2.xcore.vss__t558                1.94695e-12
xc2.xcore.outn__t25                        3.3
xc2.xcore.inn__t12                      1.6335
xc2.xcore.tail__t69                    1.25449
xc2.xcore.vss__t559                1.96082e-12
xc2.xcore.tail__t6                     1.25449
xc2.xcore.inn__t5                       1.6335
xc2.xcore.outn__t55                        3.3
xc2.xcore.vss__t560                 1.9747e-12
xc2.xcore.outn__t24                        3.3
xc2.xcore.inn__t11                      1.6335
xc2.xcore.tail__t68                    1.25449
xc2.xcore.vss__t561                1.98858e-12
xc2.xcore.tail__t4                     1.25449
xc2.xcore.inn__t2                       1.6335
xc2.xcore.outn__t53                        3.3
xc2.xcore.vss__t562                2.00246e-12
xc2.xcore.outn__t21                        3.3
xc2.xcore.inn__t3                       1.6335
xc2.xcore.tail__t65                    1.25449
xc2.xcore.vss__t563                2.01634e-12
xc2.xcore.tail__t5                     1.25449
xc2.xcore.inn__t4                       1.6335
xc2.xcore.outn__t54                        3.3
xc2.xcore.vss__t564                2.03021e-12
xc2.xcore.outn__t22                        3.3
xc2.xcore.inn__t6                       1.6335
xc2.xcore.tail__t66                    1.25449
xc2.xcore.vss__t565                2.04409e-12
xc2.xcore.tail__t7                     1.25449
xc2.xcore.inn__t7                       1.6335
xc2.xcore.outn__t56                        3.3
xc2.xcore.vss__t566                2.05797e-12
xc2.xcore.outn__t23                        3.3
xc2.xcore.inn__t8                       1.6335
xc2.xcore.tail__t67                    1.25449
xc2.xcore.vss__t567                2.07185e-12
xc2.xcore.tail__t8                     1.25449
xc2.xcore.inn__t9                       1.6335
xc2.xcore.outn__t57                        3.3
xc2.xcore.vss__t568                2.08573e-12
xc2.xcore.outn__t29                        3.3
xc2.xcore.inn__t20                      1.6335
xc2.xcore.tail__t73                    1.25449
xc2.xcore.vss__t569                2.09961e-12
xc2.xcore.tail__t9                     1.25449
xc2.xcore.inn__t10                      1.6335
xc2.xcore.outn__t58                        3.3
xc2.xcore.vss__t570                2.11349e-12
xc2.xcore.outn__t36                        3.3
xc2.xcore.inn__t35                      1.6335
xc2.xcore.tail__t83                    1.25449
xc2.xcore.vss__t571                2.12737e-12
xc2.xcore.tail__t24                    1.25449
xc2.xcore.inn__t34                      1.6335
xc2.xcore.outn__t70                        3.3
xc2.xcore.vss__t572                2.14124e-12
xc2.xcore.outn__t35                        3.3
xc2.xcore.inn__t33                      1.6335
xc2.xcore.tail__t82                    1.25449
xc2.xcore.vss__t573                2.15512e-12
xc2.xcore.tail__t23                    1.25449
xc2.xcore.inn__t32                      1.6335
xc2.xcore.outn__t69                        3.3
xc2.xcore.vss__t574                  2.169e-12
xc2.xcore.outn__t34                        3.3
xc2.xcore.inn__t31                      1.6335
xc2.xcore.tail__t81                    1.25449
xc2.xcore.vss__t575                2.18288e-12
xc2.xcore.tail__t22                    1.25449
xc2.xcore.inn__t30                      1.6335
xc2.xcore.outn__t68                        3.3
xc2.xcore.vss__t576                2.19676e-12
xc2.xcore.outn__t33                        3.3
xc2.xcore.inn__t29                      1.6335
xc2.xcore.tail__t80                    1.25449
xc2.xcore.vss__t577                2.21064e-12
xc2.xcore.tail__t21                    1.25449
xc2.xcore.inn__t28                      1.6335
xc2.xcore.outn__t67                        3.3
xc2.xcore.vss__t578                2.22452e-12
xc2.xcore.outn__t32                        3.3
xc2.xcore.inn__t27                      1.6335
xc2.xcore.tail__t79                    1.25449
xc2.xcore.vss__t579                 2.2384e-12
xc2.xcore.tail__t20                    1.25449
xc2.xcore.inn__t26                      1.6335
xc2.xcore.outn__t66                        3.3
xc2.xcore.vss__t580                2.25228e-12
xc2.xcore.outn__t37                        3.3
xc2.xcore.inn__t36                      1.6335
xc2.xcore.tail__t84                    1.25449
xc2.xcore.vss__t581                2.26617e-12
xc2.xcore.tail__t18                    1.25449
xc2.xcore.inn__t25                      1.6335
xc2.xcore.outn__t65                        3.3
xc2.xcore.vss__t582                2.28005e-12
xc2.xcore.outn__t31                        3.3
xc2.xcore.inn__t24                      1.6335
xc2.xcore.tail__t78                    1.25449
xc2.xcore.vss__t583                2.29393e-12
xc2.xcore.tail__t17                    1.25449
xc2.xcore.inn__t23                      1.6335
xc2.xcore.outn__t64                        3.3
xc2.xcore.vss__t584                2.30781e-12
xc2.xcore.outn__t30                        3.3
xc2.xcore.inn__t22                      1.6335
xc2.xcore.tail__t77                    1.25449
xc2.xcore.vss__t585                2.32169e-12
xc2.xcore.tail__t2                     1.25449
xc2.xcore.inn__t0                       1.6335
xc2.xcore.outn__t20                        3.3
xc2.xcore.vss__t587                2.33557e-12
xc2.xcore.vss__t210                2.60131e-12
xc2.xcore.outp__t16                    2.79369
xc2.xcore.vss__t211                2.57074e-12
xc2.xcore.outp__t17                    2.79369
xc2.xcore.vss__t212                2.54019e-12
xc2.xcore.outp__t18                    2.79369
xc2.xcore.vss__t213                2.50966e-12
xc2.xcore.outp__t19                    2.79369
xc2.xcore.vss__t214                2.47916e-12
xc2.xcore.outp__t0                     2.79369
xc2.xcore.vss__t215                2.44869e-12
xc2.xcore.outp__t1                     2.79369
xc2.xcore.vss__t216                2.41825e-12
xc2.xcore.outp__t2                     2.79369
xc2.xcore.vss__t217                2.38783e-12
xc2.xcore.outp__t3                     2.79369
xc2.xcore.vss__t218                2.35745e-12
xc2.xcore.outp__t4                     2.79369
xc2.xcore.vss__t219                 2.3271e-12
xc2.xcore.outp__t15                    2.79369
xc2.xcore.vss__t220                2.29678e-12
xc2.xcore.outp__t6                     2.79369
xc2.xcore.vss__t221                 2.2665e-12
xc2.xcore.outp__t7                     2.79369
xc2.xcore.vss__t222                2.23626e-12
xc2.xcore.outp__t8                     2.79369
xc2.xcore.vss__t223                2.20605e-12
xc2.xcore.outp__t9                     2.79369
xc2.xcore.vss__t224                2.17588e-12
xc2.xcore.outp__t10                    2.79369
xc2.xcore.vss__t225                2.14575e-12
xc2.xcore.outp__t11                    2.79369
xc2.xcore.vss__t226                2.11566e-12
xc2.xcore.outp__t12                    2.79369
xc2.xcore.vss__t227                2.08562e-12
xc2.xcore.outp__t13                    2.79369
xc2.xcore.vss__t228                2.05562e-12
xc2.xcore.outp__t14                    2.79369
xc2.xcore.vss__t229                2.02567e-12
xc2.xcore.outp__t5                     2.79369
xc2.xcore.vss__t230                2.18457e-12
xc2.xcore.outn__t0                         3.3
xc2.xcore.vss__t231                2.21955e-12
xc2.xcore.outn__t5                         3.3
xc2.xcore.vss__t232                 2.2546e-12
xc2.xcore.outn__t6                         3.3
xc2.xcore.vss__t233                2.28973e-12
xc2.xcore.outn__t7                         3.3
xc2.xcore.vss__t234                2.32492e-12
xc2.xcore.outn__t8                         3.3
xc2.xcore.vss__t235                2.36018e-12
xc2.xcore.outn__t9                         3.3
xc2.xcore.vss__t236                 2.3955e-12
xc2.xcore.outn__t10                        3.3
xc2.xcore.vss__t237                2.43089e-12
xc2.xcore.outn__t11                        3.3
xc2.xcore.vss__t238                2.46632e-12
xc2.xcore.outn__t12                        3.3
xc2.xcore.vss__t239                2.50182e-12
xc2.xcore.outn__t13                        3.3
xc2.xcore.vss__t240                2.53736e-12
xc2.xcore.outn__t14                        3.3
xc2.xcore.vss__t241                2.57295e-12
xc2.xcore.outn__t15                        3.3
xc2.xcore.vss__t242                2.60859e-12
xc2.xcore.outn__t16                        3.3
xc2.xcore.vss__t243                2.64428e-12
xc2.xcore.outn__t17                        3.3
xc2.xcore.vss__t244                2.68001e-12
xc2.xcore.outn__t19                        3.3
xc2.xcore.vss__t245                2.71579e-12
xc2.xcore.outn__t18                        3.3
xc2.xcore.vss__t246                 2.7516e-12
xc2.xcore.outn__t1                         3.3
xc2.xcore.vss__t247                2.78746e-12
xc2.xcore.outn__t2                         3.3
xc2.xcore.vss__t248                2.82335e-12
xc2.xcore.outn__t3                         3.3
xc2.xcore.vss__t249                2.85928e-12
xc2.xcore.outn__t4                         3.3
ib_c2                                  1.00456
xc2.xcore.vsubs                              0
outn_c2                                    3.3
outp_c2                                2.79369
xc2.tail                               1.25449
vd_c2                                 0.506315
xcmis.xcore.tail__t186                 1.25448
xcmis.xcore.ibias__t118                1.00456
xcmis.xcore.vss__t163              5.36491e-06
xcmis.xcore.vss__t349              1.41663e-13
xcmis.xcore.vss__t60               5.16749e-06
xcmis.xcore.ibias__t117                1.00456
xcmis.xcore.tail__t286                 1.25448
xcmis.xcore.vss__t350               1.3645e-13
xcmis.xcore.tail__t197                 1.25448
xcmis.xcore.ibias__t140                1.00456
xcmis.xcore.vss__t174              4.97048e-06
xcmis.xcore.vss__t351              1.31248e-13
xcmis.xcore.vss__t68               4.77393e-06
xcmis.xcore.ibias__t133                1.00456
xcmis.xcore.tail__t294                 1.25448
xcmis.xcore.vss__t352              1.26058e-13
xcmis.xcore.tail__t193                 1.25448
xcmis.xcore.ibias__t132                1.00456
xcmis.xcore.vss__t170              4.57791e-06
xcmis.xcore.vss__t353              1.20882e-13
xcmis.xcore.vss__t67               4.38248e-06
xcmis.xcore.ibias__t131                1.00456
xcmis.xcore.tail__t293                 1.25448
xcmis.xcore.vss__t354              1.15721e-13
xcmis.xcore.tail__t192                 1.25448
xcmis.xcore.ibias__t130                1.00456
xcmis.xcore.vss__t169              4.18772e-06
xcmis.xcore.vss__t355              1.10578e-13
xcmis.xcore.vss__t74               3.99374e-06
xcmis.xcore.ibias__t145                1.00456
xcmis.xcore.tail__t300                 1.25448
xcmis.xcore.vss__t356              1.05456e-13
xcmis.xcore.tail__t191                 1.25448
xcmis.xcore.ibias__t128                1.00456
xcmis.xcore.vss__t168              3.80065e-06
xcmis.xcore.vss__t357              1.00358e-13
xcmis.xcore.vss__t65                3.6086e-06
xcmis.xcore.ibias__t127                1.00456
xcmis.xcore.tail__t291                 1.25448
xcmis.xcore.vss__t358              9.52863e-14
xcmis.xcore.tail__t190                 1.25448
xcmis.xcore.ibias__t126                1.00456
xcmis.xcore.vss__t167              3.41776e-06
xcmis.xcore.vss__t359               9.0247e-14
xcmis.xcore.vss__t64               3.22834e-06
xcmis.xcore.ibias__t125                1.00456
xcmis.xcore.tail__t290                 1.25448
xcmis.xcore.vss__t360              8.52454e-14
xcmis.xcore.tail__t189                 1.25448
xcmis.xcore.ibias__t124                1.00456
xcmis.xcore.vss__t166              3.04062e-06
xcmis.xcore.vss__t361              8.02885e-14
xcmis.xcore.vss__t63               2.85492e-06
xcmis.xcore.ibias__t123                1.00456
xcmis.xcore.tail__t289                 1.25448
xcmis.xcore.vss__t362              7.53851e-14
xcmis.xcore.tail__t188                 1.25448
xcmis.xcore.ibias__t122                1.00456
xcmis.xcore.vss__t165              2.67168e-06
xcmis.xcore.vss__t363              7.05463e-14
xcmis.xcore.vss__t62               2.49142e-06
xcmis.xcore.ibias__t121                1.00456
xcmis.xcore.tail__t288                 1.25448
xcmis.xcore.vss__t364              6.57865e-14
xcmis.xcore.tail__t187                 1.25448
xcmis.xcore.ibias__t120                1.00456
xcmis.xcore.vss__t164              2.31485e-06
xcmis.xcore.vss__t365              6.11241e-14
xcmis.xcore.vss__t26               2.14288e-06
xcmis.xcore.ibias__t0                  1.00456
xcmis.xcore.tail__t252                 1.25448
xcmis.xcore.vss__t366              5.65832e-14
xcmis.xcore.tail__t175                 1.25448
xcmis.xcore.ibias__t97                 1.00456
xcmis.xcore.vss__t152              1.97671e-06
xcmis.xcore.vss__t367              5.21955e-14
xcmis.xcore.vss__t42               1.81794e-06
xcmis.xcore.ibias__t78                 1.00456
xcmis.xcore.tail__t268                 1.25448
xcmis.xcore.vss__t368              4.80031e-14
xcmis.xcore.tail__t164                 1.25448
xcmis.xcore.ibias__t77                 1.00456
xcmis.xcore.vss__t141              1.66867e-06
xcmis.xcore.vss__t369              4.40616e-14
xcmis.xcore.vss__t37               1.53169e-06
xcmis.xcore.ibias__t70                 1.00456
xcmis.xcore.tail__t263                 1.25448
xcmis.xcore.vss__t370              4.04446e-14
xcmis.xcore.tail__t167                 1.25448
xcmis.xcore.ibias__t82                 1.00456
xcmis.xcore.vss__t144              1.41058e-06
xcmis.xcore.vss__t371              3.72467e-14
xcmis.xcore.vss__t39               1.30976e-06
xcmis.xcore.ibias__t72                 1.00456
xcmis.xcore.tail__t265                 1.25448
xcmis.xcore.vss__t372              3.45843e-14
xcmis.xcore.tail__t162                 1.25448
xcmis.xcore.ibias__t73                 1.00456
xcmis.xcore.vss__t139              1.23419e-06
xcmis.xcore.vss__t373              3.25891e-14
xcmis.xcore.vss__t40               1.18872e-06
xcmis.xcore.ibias__t74                 1.00456
xcmis.xcore.tail__t266                 1.25448
xcmis.xcore.vss__t374              3.13884e-14
xcmis.xcore.tail__t163                 1.25448
xcmis.xcore.ibias__t75                 1.00456
xcmis.xcore.vss__t140              1.17683e-06
xcmis.xcore.vss__t375              3.10745e-14
xcmis.xcore.vss__t41               1.19953e-06
xcmis.xcore.ibias__t76                 1.00456
xcmis.xcore.tail__t267                 1.25448
xcmis.xcore.vss__t376              3.16738e-14
xcmis.xcore.tail__t129                 1.25448
xcmis.xcore.ibias__t9                  1.00456
xcmis.xcore.vss__t107              1.25493e-06
xcmis.xcore.vss__t377              3.31368e-14
xcmis.xcore.vss__t6                1.33899e-06
xcmis.xcore.ibias__t8                  1.00456
xcmis.xcore.tail__t232                 1.25448
xcmis.xcore.vss__t378              3.53564e-14
xcmis.xcore.tail__t128                 1.25449
xcmis.xcore.ibias__t7                  1.00456
xcmis.xcore.vss__t106              1.44671e-06
xcmis.xcore.vss__t379               3.8201e-14
xcmis.xcore.vss__t5                1.57325e-06
xcmis.xcore.ibias__t6                  1.00456
xcmis.xcore.tail__t231                 1.25449
xcmis.xcore.vss__t380              4.15424e-14
xcmis.xcore.tail__t141                 1.25449
xcmis.xcore.ibias__t31                 1.00456
xcmis.xcore.vss__t119              1.71445e-06
xcmis.xcore.vss__t381              4.52707e-14
xcmis.xcore.vss__t4                1.86697e-06
xcmis.xcore.ibias__t5                  1.00456
xcmis.xcore.tail__t230                 1.25449
xcmis.xcore.vss__t382              4.92982e-14
xcmis.xcore.tail__t158                 1.25449
xcmis.xcore.ibias__t62                 1.00456
xcmis.xcore.vss__t135              2.02827e-06
xcmis.xcore.vss__t383              5.35575e-14
xcmis.xcore.vss__t33               2.19641e-06
xcmis.xcore.ibias__t63                 1.00456
xcmis.xcore.tail__t259                 1.25449
xcmis.xcore.vss__t384              5.79975e-14
xcmis.xcore.tail__t159                 1.25449
xcmis.xcore.ibias__t64                 1.00456
xcmis.xcore.vss__t136              2.36994e-06
xcmis.xcore.vss__t385              6.25798e-14
xcmis.xcore.vss__t34               2.54776e-06
xcmis.xcore.ibias__t65                 1.00456
xcmis.xcore.tail__t260                 1.25449
xcmis.xcore.vss__t386              6.72753e-14
xcmis.xcore.tail__t160                 1.25449
xcmis.xcore.ibias__t66                 1.00456
xcmis.xcore.vss__t137              2.72902e-06
xcmis.xcore.vss__t387              7.20619e-14
xcmis.xcore.vss__t35               2.91309e-06
xcmis.xcore.ibias__t67                 1.00456
xcmis.xcore.tail__t261                 1.25449
xcmis.xcore.vss__t388              7.69225e-14
xcmis.xcore.tail__t161                 1.25449
xcmis.xcore.ibias__t68                 1.00456
xcmis.xcore.vss__t138              3.09947e-06
xcmis.xcore.vss__t389              8.18441e-14
xcmis.xcore.vss__t36               3.28776e-06
xcmis.xcore.ibias__t69                 1.00456
xcmis.xcore.tail__t262                 1.25449
xcmis.xcore.vss__t390              8.68161e-14
xcmis.xcore.tail__t130                 1.25449
xcmis.xcore.ibias__t10                 1.00456
xcmis.xcore.vss__t108              3.47765e-06
xcmis.xcore.vss__t391              9.18305e-14
xcmis.xcore.vss__t13               3.66889e-06
xcmis.xcore.ibias__t23                 1.00456
xcmis.xcore.tail__t239                 1.25449
xcmis.xcore.vss__t392              9.68807e-14
xcmis.xcore.tail__t137                 1.25449
xcmis.xcore.ibias__t24                 1.00456
xcmis.xcore.vss__t115              3.86129e-06
xcmis.xcore.vss__t393              1.01961e-13
xcmis.xcore.vss__t14               4.05467e-06
xcmis.xcore.ibias__t25                 1.00456
xcmis.xcore.tail__t240                 1.25449
xcmis.xcore.vss__t394              1.07068e-13
xcmis.xcore.tail__t138                 1.25449
xcmis.xcore.ibias__t26                 1.00456
xcmis.xcore.vss__t116              4.24891e-06
xcmis.xcore.vss__t395              1.12197e-13
xcmis.xcore.vss__t15               4.44389e-06
xcmis.xcore.ibias__t27                 1.00456
xcmis.xcore.tail__t241                 1.25449
xcmis.xcore.vss__t396              1.17346e-13
xcmis.xcore.tail__t139                 1.25449
xcmis.xcore.ibias__t28                 1.00456
xcmis.xcore.vss__t117              4.63951e-06
xcmis.xcore.vss__t397              1.22512e-13
xcmis.xcore.vss__t16               4.83571e-06
xcmis.xcore.ibias__t29                 1.00456
xcmis.xcore.tail__t242                 1.25449
xcmis.xcore.vss__t398              1.27693e-13
xcmis.xcore.tail__t140                 1.25449
xcmis.xcore.ibias__t30                 1.00456
xcmis.xcore.vss__t118               5.0324e-06
xcmis.xcore.vss__t399              1.32887e-13
xcmis.xcore.vss__t21               5.22955e-06
xcmis.xcore.ibias__t41                 1.00456
xcmis.xcore.tail__t247                 1.25449
xcmis.xcore.vss__t400              1.38093e-13
xcmis.xcore.tail__t142                 1.25449
xcmis.xcore.ibias__t32                 1.00456
xcmis.xcore.vss__t120              5.42709e-06
xcmis.xcore.vss__t401               1.4331e-13
xcmis.xcore.vss__t17               5.62498e-06
xcmis.xcore.ibias__t33                 1.00456
xcmis.xcore.tail__t243                 1.25449
xcmis.xcore.vss__t402              1.48536e-13
xcmis.xcore.tail__t143                 1.25449
xcmis.xcore.ibias__t34                 1.00456
xcmis.xcore.vss__t121               5.8232e-06
xcmis.xcore.vss__t403               1.5377e-13
xcmis.xcore.vss__t18                6.0217e-06
xcmis.xcore.ibias__t35                 1.00456
xcmis.xcore.tail__t244                 1.25449
xcmis.xcore.vss__t404              1.59012e-13
xcmis.xcore.tail__t144                 1.25449
xcmis.xcore.ibias__t36                 1.00456
xcmis.xcore.vss__t122              6.22046e-06
xcmis.xcore.vss__t405               1.6426e-13
xcmis.xcore.vss__t19               6.41945e-06
xcmis.xcore.ibias__t37                 1.00456
xcmis.xcore.tail__t245                 1.25449
xcmis.xcore.vss__t406              1.69515e-13
xcmis.xcore.tail__t145                 1.25449
xcmis.xcore.ibias__t38                 1.00456
xcmis.xcore.vss__t123              6.61866e-06
xcmis.xcore.vss__t407              1.74776e-13
xcmis.xcore.vss__t20               6.81807e-06
xcmis.xcore.ibias__t39                 1.00456
xcmis.xcore.tail__t246                 1.25449
xcmis.xcore.vss__t408              1.80041e-13
xcmis.xcore.tail__t146                 1.25449
xcmis.xcore.ibias__t40                 1.00456
xcmis.xcore.vss__t124              7.01765e-06
xcmis.xcore.vss__t409              1.85312e-13
xcmis.xcore.vss__t8                 7.2174e-06
xcmis.xcore.ibias__t12                 1.00456
xcmis.xcore.tail__t234                 1.25449
xcmis.xcore.vss__t410              1.90587e-13
xcmis.xcore.tail__t135                 1.25449
xcmis.xcore.ibias__t21                 1.00456
xcmis.xcore.vss__t113               7.4173e-06
xcmis.xcore.vss__t411              1.95865e-13
xcmis.xcore.vss__t9                7.61734e-06
xcmis.xcore.ibias__t13                 1.00456
xcmis.xcore.tail__t235                 1.25449
xcmis.xcore.vss__t412              2.01148e-13
xcmis.xcore.tail__t131                 1.25449
xcmis.xcore.ibias__t14                 1.00456
xcmis.xcore.vss__t109               7.8175e-06
xcmis.xcore.vss__t413              2.06434e-13
xcmis.xcore.vss__t10               8.01779e-06
xcmis.xcore.ibias__t15                 1.00456
xcmis.xcore.tail__t236                 1.25449
xcmis.xcore.vss__t414              2.11723e-13
xcmis.xcore.tail__t134                 1.25449
xcmis.xcore.ibias__t20                 1.00456
xcmis.xcore.vss__t112              8.21818e-06
xcmis.xcore.vss__t415              2.17015e-13
xcmis.xcore.vss__t12               8.41868e-06
xcmis.xcore.ibias__t19                 1.00456
xcmis.xcore.tail__t238                 1.25449
xcmis.xcore.vss__t416              2.22309e-13
xcmis.xcore.tail__t133                 1.25449
xcmis.xcore.ibias__t18                 1.00456
xcmis.xcore.vss__t111              8.61927e-06
xcmis.xcore.vss__t417              2.27606e-13
xcmis.xcore.vss__t11               8.81995e-06
xcmis.xcore.ibias__t17                 1.00456
xcmis.xcore.tail__t237                 1.25449
xcmis.xcore.vss__t418              2.32906e-13
xcmis.xcore.tail__t132                 1.25449
xcmis.xcore.ibias__t16                 1.00456
xcmis.xcore.vss__t110              9.02071e-06
xcmis.xcore.vss__t419              2.38207e-13
xcmis.xcore.vss__t7                9.22154e-06
xcmis.xcore.ibias__t11                 1.00456
xcmis.xcore.tail__t233                 1.25449
xcmis.xcore.vss__t420              2.43511e-13
xcmis.xcore.tail__t136                 1.25448
xcmis.xcore.ibias__t22                 1.00456
xcmis.xcore.vss__t114              9.42245e-06
xcmis.xcore.vss__t421              2.48816e-13
xcmis.xcore.vss__t23               9.62343e-06
xcmis.xcore.ibias__t45                 1.00456
xcmis.xcore.tail__t249                 1.25448
xcmis.xcore.vss__t422              2.54124e-13
xcmis.xcore.tail__t150                 1.25448
xcmis.xcore.ibias__t46                 1.00456
xcmis.xcore.vss__t127              9.82447e-06
xcmis.xcore.vss__t423              2.59433e-13
xcmis.xcore.vss__t24               1.00256e-05
xcmis.xcore.ibias__t47                 1.00456
xcmis.xcore.tail__t250                 1.25448
xcmis.xcore.vss__t424              2.64743e-13
xcmis.xcore.tail__t151                 1.25448
xcmis.xcore.ibias__t48                 1.00456
xcmis.xcore.vss__t128              1.02267e-05
xcmis.xcore.vss__t425              2.70055e-13
xcmis.xcore.vss__t25               1.04279e-05
xcmis.xcore.ibias__t49                 1.00456
xcmis.xcore.tail__t251                 1.25448
xcmis.xcore.vss__t426              2.75369e-13
xcmis.xcore.tail__t152                 1.25448
xcmis.xcore.ibias__t50                 1.00456
xcmis.xcore.vss__t129              1.06292e-05
xcmis.xcore.vss__t427              2.80683e-13
xcmis.xcore.vss__t32               1.08305e-05
xcmis.xcore.ibias__t61                 1.00456
xcmis.xcore.tail__t258                 1.25448
xcmis.xcore.vss__t428              2.85999e-13
xcmis.xcore.tail__t153                 1.25448
xcmis.xcore.ibias__t51                 1.00456
xcmis.xcore.vss__t130              1.10318e-05
xcmis.xcore.vss__t429              2.91316e-13
xcmis.xcore.vss__t27               1.12332e-05
xcmis.xcore.ibias__t52                 1.00456
xcmis.xcore.tail__t253                 1.25448
xcmis.xcore.vss__t430              2.96635e-13
xcmis.xcore.tail__t154                 1.25448
xcmis.xcore.ibias__t53                 1.00456
xcmis.xcore.vss__t131              1.14347e-05
xcmis.xcore.vss__t431              3.01954e-13
xcmis.xcore.vss__t28               1.16361e-05
xcmis.xcore.ibias__t54                 1.00456
xcmis.xcore.tail__t254                 1.25448
xcmis.xcore.vss__t432              3.07274e-13
xcmis.xcore.tail__t155                 1.25448
xcmis.xcore.ibias__t55                 1.00456
xcmis.xcore.vss__t132              1.18376e-05
xcmis.xcore.vss__t433              3.12596e-13
xcmis.xcore.vss__t29               1.20392e-05
xcmis.xcore.ibias__t56                 1.00456
xcmis.xcore.tail__t255                 1.25448
xcmis.xcore.vss__t434              3.17918e-13
xcmis.xcore.tail__t156                 1.25448
xcmis.xcore.ibias__t57                 1.00456
xcmis.xcore.vss__t133              1.22407e-05
xcmis.xcore.vss__t435              3.23241e-13
xcmis.xcore.vss__t30               1.24423e-05
xcmis.xcore.ibias__t58                 1.00456
xcmis.xcore.tail__t256                 1.25448
xcmis.xcore.vss__t436              3.28565e-13
xcmis.xcore.tail__t157                 1.25448
xcmis.xcore.ibias__t59                 1.00456
xcmis.xcore.vss__t134               1.2644e-05
xcmis.xcore.vss__t437              3.33889e-13
xcmis.xcore.vss__t31               1.28456e-05
xcmis.xcore.ibias__t60                 1.00456
xcmis.xcore.tail__t257                 1.25448
xcmis.xcore.vss__t438              3.39214e-13
xcmis.xcore.tail__t211                 1.25448
xcmis.xcore.ibias__t176                1.00456
xcmis.xcore.vss__t193              1.30473e-05
xcmis.xcore.vss__t439               3.4454e-13
xcmis.xcore.vss__t88                1.3249e-05
xcmis.xcore.ibias__t175                1.00456
xcmis.xcore.tail__t311                 1.25448
xcmis.xcore.vss__t440              3.49867e-13
xcmis.xcore.tail__t165                 1.25448
xcmis.xcore.ibias__t79                 1.00456
xcmis.xcore.vss__t142              1.34507e-05
xcmis.xcore.vss__t441              3.55195e-13
xcmis.xcore.vss__t43               1.36525e-05
xcmis.xcore.ibias__t80                 1.00456
xcmis.xcore.tail__t269                 1.25448
xcmis.xcore.vss__t442              3.60522e-13
xcmis.xcore.tail__t166                 1.25448
xcmis.xcore.ibias__t81                 1.00456
xcmis.xcore.vss__t143              1.38543e-05
xcmis.xcore.vss__t443              3.65851e-13
xcmis.xcore.vss__t38               1.40561e-05
xcmis.xcore.ibias__t71                 1.00456
xcmis.xcore.tail__t264                 1.25448
xcmis.xcore.vss__t444               3.7118e-13
xcmis.xcore.tail__t147                 1.25448
xcmis.xcore.ibias__t42                 1.00456
xcmis.xcore.vss__t125              1.42579e-05
xcmis.xcore.vss__t445               3.7651e-13
xcmis.xcore.vss__t22               1.44597e-05
xcmis.xcore.ibias__t43                 1.00456
xcmis.xcore.tail__t248                 1.25448
xcmis.xcore.vss__t446               3.8184e-13
xcmis.xcore.tail__t148                 1.25448
xcmis.xcore.ibias__t44                 1.00456
xcmis.xcore.vss__t126              1.46616e-05
xcmis.xcore.vss__t447               3.8717e-13
xcmis.xcore.vss__t0                1.48634e-05
xcmis.xcore.ibias__t1                  1.00456
xcmis.xcore.tail__t149                 1.25448
xcmis.xcore.vss__t456              3.92501e-13
xcmis.xcore.tail__t229                 1.25444
xcmis.xcore.ibias__t2                  1.00456
xcmis.xcore.vss__t1                2.55127e-05
xcmis.xcore.vss__t458              6.73718e-13
xcmis.xcore.vss__t189              2.53104e-05
xcmis.xcore.ibias__t170                1.00456
xcmis.xcore.tail__t228                 1.25444
xcmis.xcore.vss__t250              6.68376e-13
xcmis.xcore.tail__t209                 1.25444
xcmis.xcore.ibias__t169                1.00456
xcmis.xcore.vss__t188              2.51081e-05
xcmis.xcore.vss__t251              6.63035e-13
xcmis.xcore.vss__t86               2.49059e-05
xcmis.xcore.ibias__t168                1.00456
xcmis.xcore.tail__t309                 1.25444
xcmis.xcore.vss__t252              6.57693e-13
xcmis.xcore.tail__t208                 1.25444
xcmis.xcore.ibias__t167                1.00456
xcmis.xcore.vss__t187              2.47036e-05
xcmis.xcore.vss__t253              6.52351e-13
xcmis.xcore.vss__t85               2.45014e-05
xcmis.xcore.ibias__t166                1.00456
xcmis.xcore.tail__t308                 1.25444
xcmis.xcore.vss__t254               6.4701e-13
xcmis.xcore.tail__t207                 1.25444
xcmis.xcore.ibias__t165                1.00456
xcmis.xcore.vss__t186              2.42991e-05
xcmis.xcore.vss__t255              6.41669e-13
xcmis.xcore.vss__t84               2.40969e-05
xcmis.xcore.ibias__t164                1.00456
xcmis.xcore.tail__t307                 1.25444
xcmis.xcore.vss__t256              6.36328e-13
xcmis.xcore.tail__t210                 1.25444
xcmis.xcore.ibias__t173                1.00456
xcmis.xcore.vss__t191              2.38946e-05
xcmis.xcore.vss__t257              6.30986e-13
xcmis.xcore.vss__t87               2.36924e-05
xcmis.xcore.ibias__t172                1.00456
xcmis.xcore.tail__t310                 1.25445
xcmis.xcore.vss__t258              6.25645e-13
xcmis.xcore.tail__t219                 1.25445
xcmis.xcore.ibias__t195                1.00456
xcmis.xcore.vss__t201              2.34901e-05
xcmis.xcore.vss__t259              6.20305e-13
xcmis.xcore.vss__t99               2.32879e-05
xcmis.xcore.ibias__t194                1.00456
xcmis.xcore.tail__t321                 1.25445
xcmis.xcore.vss__t260              6.14964e-13
xcmis.xcore.tail__t227                 1.25445
xcmis.xcore.ibias__t209                1.00456
xcmis.xcore.vss__t209              2.30857e-05
xcmis.xcore.vss__t261              6.09623e-13
xcmis.xcore.vss__t97               2.28834e-05
xcmis.xcore.ibias__t192                1.00456
xcmis.xcore.tail__t319                 1.25445
xcmis.xcore.vss__t262              6.04282e-13
xcmis.xcore.tail__t218                 1.25445
xcmis.xcore.ibias__t191                1.00456
xcmis.xcore.vss__t200              2.26812e-05
xcmis.xcore.vss__t263              5.98942e-13
xcmis.xcore.vss__t96                2.2479e-05
xcmis.xcore.ibias__t190                1.00456
xcmis.xcore.tail__t318                 1.25445
xcmis.xcore.vss__t264              5.93602e-13
xcmis.xcore.tail__t217                 1.25445
xcmis.xcore.ibias__t189                1.00456
xcmis.xcore.vss__t199              2.22768e-05
xcmis.xcore.vss__t265              5.88261e-13
xcmis.xcore.vss__t95               2.20746e-05
xcmis.xcore.ibias__t188                1.00456
xcmis.xcore.tail__t317                 1.25445
xcmis.xcore.vss__t266              5.82921e-13
xcmis.xcore.tail__t216                 1.25445
xcmis.xcore.ibias__t187                1.00456
xcmis.xcore.vss__t198              2.18724e-05
xcmis.xcore.vss__t267              5.77581e-13
xcmis.xcore.vss__t94               2.16702e-05
xcmis.xcore.ibias__t186                1.00456
xcmis.xcore.tail__t316                 1.25445
xcmis.xcore.vss__t268              5.72242e-13
xcmis.xcore.tail__t215                 1.25445
xcmis.xcore.ibias__t185                1.00456
xcmis.xcore.vss__t197               2.1468e-05
xcmis.xcore.vss__t269              5.66902e-13
xcmis.xcore.vss__t93               2.12658e-05
xcmis.xcore.ibias__t184                1.00456
xcmis.xcore.tail__t315                 1.25445
xcmis.xcore.vss__t270              5.61562e-13
xcmis.xcore.tail__t214                 1.25445
xcmis.xcore.ibias__t183                1.00456
xcmis.xcore.vss__t196              2.10636e-05
xcmis.xcore.vss__t271              5.56223e-13
xcmis.xcore.vss__t92               2.08614e-05
xcmis.xcore.ibias__t182                1.00456
xcmis.xcore.tail__t314                 1.25445
xcmis.xcore.vss__t272              5.50884e-13
xcmis.xcore.tail__t213                 1.25445
xcmis.xcore.ibias__t181                1.00456
xcmis.xcore.vss__t195              2.06593e-05
xcmis.xcore.vss__t273              5.45545e-13
xcmis.xcore.vss__t91               2.04571e-05
xcmis.xcore.ibias__t180                1.00456
xcmis.xcore.tail__t313                 1.25445
xcmis.xcore.vss__t274              5.40206e-13
xcmis.xcore.tail__t212                 1.25445
xcmis.xcore.ibias__t179                1.00456
xcmis.xcore.vss__t194              2.02549e-05
xcmis.xcore.vss__t275              5.34867e-13
xcmis.xcore.vss__t90               2.00528e-05
xcmis.xcore.ibias__t178                1.00456
xcmis.xcore.tail__t312                 1.25445
xcmis.xcore.vss__t276              5.29528e-13
xcmis.xcore.tail__t206                 1.25445
xcmis.xcore.ibias__t161                1.00456
xcmis.xcore.vss__t184              1.98506e-05
xcmis.xcore.vss__t277               5.2419e-13
xcmis.xcore.vss__t57               1.96485e-05
xcmis.xcore.ibias__t112                1.00456
xcmis.xcore.tail__t283                 1.25445
xcmis.xcore.vss__t278              5.18852e-13
xcmis.xcore.tail__t183                 1.25445
xcmis.xcore.ibias__t111                1.00456
xcmis.xcore.vss__t160              1.94464e-05
xcmis.xcore.vss__t279              5.13514e-13
xcmis.xcore.vss__t56               1.92442e-05
xcmis.xcore.ibias__t110                1.00456
xcmis.xcore.tail__t282                 1.25445
xcmis.xcore.vss__t280              5.08176e-13
xcmis.xcore.tail__t182                 1.25445
xcmis.xcore.ibias__t109                1.00456
xcmis.xcore.vss__t159              1.90421e-05
xcmis.xcore.vss__t281              5.02838e-13
xcmis.xcore.vss__t55                 1.884e-05
xcmis.xcore.ibias__t108                1.00456
xcmis.xcore.tail__t281                 1.25445
xcmis.xcore.vss__t282              4.97501e-13
xcmis.xcore.tail__t181                 1.25445
xcmis.xcore.ibias__t107                1.00456
xcmis.xcore.vss__t158              1.86379e-05
xcmis.xcore.vss__t283              4.92164e-13
xcmis.xcore.vss__t54               1.84358e-05
xcmis.xcore.ibias__t106                1.00456
xcmis.xcore.tail__t280                 1.25445
xcmis.xcore.vss__t284              4.86827e-13
xcmis.xcore.tail__t180                 1.25445
xcmis.xcore.ibias__t105                1.00456
xcmis.xcore.vss__t157              1.82337e-05
xcmis.xcore.vss__t285               4.8149e-13
xcmis.xcore.vss__t53               1.80316e-05
xcmis.xcore.ibias__t104                1.00456
xcmis.xcore.tail__t279                 1.25445
xcmis.xcore.vss__t286              4.76154e-13
xcmis.xcore.tail__t205                 1.25445
xcmis.xcore.ibias__t156                1.00456
xcmis.xcore.vss__t182              1.78296e-05
xcmis.xcore.vss__t287              4.70817e-13
xcmis.xcore.vss__t79               1.76275e-05
xcmis.xcore.ibias__t155                1.00456
xcmis.xcore.tail__t305                 1.25446
xcmis.xcore.vss__t288              4.65481e-13
xcmis.xcore.tail__t204                 1.25446
xcmis.xcore.ibias__t154                1.00456
xcmis.xcore.vss__t181              1.74255e-05
xcmis.xcore.vss__t289              4.60146e-13
xcmis.xcore.vss__t78               1.72234e-05
xcmis.xcore.ibias__t153                1.00456
xcmis.xcore.tail__t304                 1.25446
xcmis.xcore.vss__t290               4.5481e-13
xcmis.xcore.tail__t203                 1.25446
xcmis.xcore.ibias__t152                1.00456
xcmis.xcore.vss__t180              1.70214e-05
xcmis.xcore.vss__t291              4.49475e-13
xcmis.xcore.vss__t77               1.68194e-05
xcmis.xcore.ibias__t151                1.00456
xcmis.xcore.tail__t303                 1.25446
xcmis.xcore.vss__t292               4.4414e-13
xcmis.xcore.tail__t202                 1.25446
xcmis.xcore.ibias__t150                1.00456
xcmis.xcore.vss__t179              1.66174e-05
xcmis.xcore.vss__t293              4.38806e-13
xcmis.xcore.vss__t76               1.64154e-05
xcmis.xcore.ibias__t149                1.00456
xcmis.xcore.tail__t302                 1.25446
xcmis.xcore.vss__t294              4.33471e-13
xcmis.xcore.tail__t201                 1.25446
xcmis.xcore.ibias__t148                1.00456
xcmis.xcore.vss__t178              1.62134e-05
xcmis.xcore.vss__t295              4.28137e-13
xcmis.xcore.vss__t75               1.60114e-05
xcmis.xcore.ibias__t147                1.00456
xcmis.xcore.tail__t301                 1.25446
xcmis.xcore.vss__t296              4.22804e-13
xcmis.xcore.tail__t200                 1.25446
xcmis.xcore.ibias__t146                1.00456
xcmis.xcore.vss__t177              1.58095e-05
xcmis.xcore.vss__t297              4.17471e-13
xcmis.xcore.vss__t98               1.56075e-05
xcmis.xcore.ibias__t193                1.00456
xcmis.xcore.tail__t320                 1.25446
xcmis.xcore.vss__t298              4.12138e-13
xcmis.xcore.tail__t226                 1.25446
xcmis.xcore.ibias__t208                1.00456
xcmis.xcore.vss__t208              1.54056e-05
xcmis.xcore.vss__t299              4.06805e-13
xcmis.xcore.vss__t105              1.52037e-05
xcmis.xcore.ibias__t207                1.00456
xcmis.xcore.tail__t327                 1.25446
xcmis.xcore.vss__t300              4.01473e-13
xcmis.xcore.tail__t225                 1.25446
xcmis.xcore.ibias__t206                1.00456
xcmis.xcore.vss__t207              1.50018e-05
xcmis.xcore.vss__t301              3.96142e-13
xcmis.xcore.vss__t104              1.47999e-05
xcmis.xcore.ibias__t205                1.00456
xcmis.xcore.tail__t326                 1.25446
xcmis.xcore.vss__t302              3.90811e-13
xcmis.xcore.tail__t224                 1.25446
xcmis.xcore.ibias__t204                1.00456
xcmis.xcore.vss__t206               1.4598e-05
xcmis.xcore.vss__t303               3.8548e-13
xcmis.xcore.vss__t103              1.43962e-05
xcmis.xcore.ibias__t203                1.00456
xcmis.xcore.tail__t325                 1.25446
xcmis.xcore.vss__t304               3.8015e-13
xcmis.xcore.tail__t223                 1.25446
xcmis.xcore.ibias__t202                1.00456
xcmis.xcore.vss__t205              1.41944e-05
xcmis.xcore.vss__t305               3.7482e-13
xcmis.xcore.vss__t102              1.39926e-05
xcmis.xcore.ibias__t201                1.00456
xcmis.xcore.tail__t324                 1.25446
xcmis.xcore.vss__t306              3.69491e-13
xcmis.xcore.tail__t222                 1.25446
xcmis.xcore.ibias__t200                1.00456
xcmis.xcore.vss__t204              1.37908e-05
xcmis.xcore.vss__t307              3.64162e-13
xcmis.xcore.vss__t101               1.3589e-05
xcmis.xcore.ibias__t199                1.00456
xcmis.xcore.tail__t323                 1.25446
xcmis.xcore.vss__t308              3.58834e-13
xcmis.xcore.tail__t221                 1.25446
xcmis.xcore.ibias__t198                1.00456
xcmis.xcore.vss__t203              1.33873e-05
xcmis.xcore.vss__t309              3.53506e-13
xcmis.xcore.vss__t100              1.31855e-05
xcmis.xcore.ibias__t197                1.00456
xcmis.xcore.tail__t322                 1.25446
xcmis.xcore.vss__t310              3.48179e-13
xcmis.xcore.tail__t220                 1.25446
xcmis.xcore.ibias__t196                1.00456
xcmis.xcore.vss__t202              1.29838e-05
xcmis.xcore.vss__t311              3.42853e-13
xcmis.xcore.vss__t80               1.27822e-05
xcmis.xcore.ibias__t157                1.00456
xcmis.xcore.tail__t306                 1.25446
xcmis.xcore.vss__t312              3.37527e-13
xcmis.xcore.tail__t185                 1.25446
xcmis.xcore.ibias__t116                1.00456
xcmis.xcore.vss__t162              1.25805e-05
xcmis.xcore.vss__t313              3.32202e-13
xcmis.xcore.vss__t59               1.23789e-05
xcmis.xcore.ibias__t115                1.00456
xcmis.xcore.tail__t285                 1.25446
xcmis.xcore.vss__t314              3.26878e-13
xcmis.xcore.tail__t184                 1.25446
xcmis.xcore.ibias__t114                1.00456
xcmis.xcore.vss__t161              1.21773e-05
xcmis.xcore.vss__t315              3.21555e-13
xcmis.xcore.vss__t71               1.19758e-05
xcmis.xcore.ibias__t139                1.00456
xcmis.xcore.tail__t297                 1.25446
xcmis.xcore.vss__t316              3.16232e-13
xcmis.xcore.tail__t196                 1.25446
xcmis.xcore.ibias__t138                1.00456
xcmis.xcore.vss__t173              1.17742e-05
xcmis.xcore.vss__t317              3.10911e-13
xcmis.xcore.vss__t70               1.15727e-05
xcmis.xcore.ibias__t137                1.00456
xcmis.xcore.tail__t296                 1.25447
xcmis.xcore.vss__t318               3.0559e-13
xcmis.xcore.tail__t195                 1.25447
xcmis.xcore.ibias__t136                1.00456
xcmis.xcore.vss__t172              1.13713e-05
xcmis.xcore.vss__t319               3.0027e-13
xcmis.xcore.vss__t69               1.11699e-05
xcmis.xcore.ibias__t135                1.00456
xcmis.xcore.tail__t295                 1.25447
xcmis.xcore.vss__t320              2.94951e-13
xcmis.xcore.tail__t194                 1.25447
xcmis.xcore.ibias__t134                1.00456
xcmis.xcore.vss__t171              1.09685e-05
xcmis.xcore.vss__t321              2.89634e-13
xcmis.xcore.vss__t61               1.07672e-05
xcmis.xcore.ibias__t119                1.00456
xcmis.xcore.tail__t287                 1.25447
xcmis.xcore.vss__t322              2.84317e-13
xcmis.xcore.tail__t179                 1.25447
xcmis.xcore.ibias__t103                1.00456
xcmis.xcore.vss__t156              1.05659e-05
xcmis.xcore.vss__t323              2.79001e-13
xcmis.xcore.vss__t48               1.03646e-05
xcmis.xcore.ibias__t92                 1.00456
xcmis.xcore.tail__t274                 1.25447
xcmis.xcore.vss__t324              2.73687e-13
xcmis.xcore.tail__t178                 1.25447
xcmis.xcore.ibias__t102                1.00456
xcmis.xcore.vss__t155              1.01634e-05
xcmis.xcore.vss__t325              2.68375e-13
xcmis.xcore.vss__t52                9.9623e-06
xcmis.xcore.ibias__t101                1.00456
xcmis.xcore.tail__t278                 1.25447
xcmis.xcore.vss__t326              2.63063e-13
xcmis.xcore.tail__t177                 1.25447
xcmis.xcore.ibias__t100                1.00456
xcmis.xcore.vss__t154              9.76122e-06
xcmis.xcore.vss__t327              2.57753e-13
xcmis.xcore.vss__t51                9.5602e-06
xcmis.xcore.ibias__t99                 1.00456
xcmis.xcore.tail__t277                 1.25447
xcmis.xcore.vss__t328              2.52445e-13
xcmis.xcore.tail__t176                 1.25447
xcmis.xcore.ibias__t98                 1.00456
xcmis.xcore.vss__t153              9.35924e-06
xcmis.xcore.vss__t329              2.47138e-13
xcmis.xcore.vss__t58               9.15836e-06
xcmis.xcore.ibias__t113                1.00456
xcmis.xcore.tail__t284                 1.25447
xcmis.xcore.vss__t330              2.41834e-13
xcmis.xcore.tail__t174                 1.25447
xcmis.xcore.ibias__t96                 1.00456
xcmis.xcore.vss__t151              8.95754e-06
xcmis.xcore.vss__t331              2.36531e-13
xcmis.xcore.vss__t50               8.75681e-06
xcmis.xcore.ibias__t95                 1.00456
xcmis.xcore.tail__t276                 1.25447
xcmis.xcore.vss__t332               2.3123e-13
xcmis.xcore.tail__t173                 1.25447
xcmis.xcore.ibias__t94                 1.00456
xcmis.xcore.vss__t150              8.55616e-06
xcmis.xcore.vss__t333              2.25932e-13
xcmis.xcore.vss__t49                8.3556e-06
xcmis.xcore.ibias__t93                 1.00456
xcmis.xcore.tail__t275                 1.25447
xcmis.xcore.vss__t334              2.20636e-13
xcmis.xcore.tail__t172                 1.25447
xcmis.xcore.ibias__t91                 1.00456
xcmis.xcore.vss__t149              8.15513e-06
xcmis.xcore.vss__t335              2.15342e-13
xcmis.xcore.vss__t47               7.95477e-06
xcmis.xcore.ibias__t90                 1.00456
xcmis.xcore.tail__t273                 1.25447
xcmis.xcore.vss__t336              2.10051e-13
xcmis.xcore.tail__t171                 1.25447
xcmis.xcore.ibias__t89                 1.00456
xcmis.xcore.vss__t148              7.75452e-06
xcmis.xcore.vss__t337              2.04763e-13
xcmis.xcore.vss__t46                7.5544e-06
xcmis.xcore.ibias__t88                 1.00456
xcmis.xcore.tail__t272                 1.25447
xcmis.xcore.vss__t338              1.99479e-13
xcmis.xcore.tail__t170                 1.25447
xcmis.xcore.ibias__t87                 1.00456
xcmis.xcore.vss__t147               7.3544e-06
xcmis.xcore.vss__t339              1.94198e-13
xcmis.xcore.vss__t45               7.15455e-06
xcmis.xcore.ibias__t86                 1.00456
xcmis.xcore.tail__t271                 1.25447
xcmis.xcore.vss__t340               1.8892e-13
xcmis.xcore.tail__t169                 1.25447
xcmis.xcore.ibias__t85                 1.00456
xcmis.xcore.vss__t146              6.95485e-06
xcmis.xcore.vss__t341              1.83647e-13
xcmis.xcore.vss__t44               6.75532e-06
xcmis.xcore.ibias__t84                 1.00456
xcmis.xcore.tail__t270                 1.25447
xcmis.xcore.vss__t342              1.78378e-13
xcmis.xcore.tail__t168                 1.25447
xcmis.xcore.ibias__t83                 1.00456
xcmis.xcore.vss__t145              6.55597e-06
xcmis.xcore.vss__t343              1.73114e-13
xcmis.xcore.vss__t66               6.35683e-06
xcmis.xcore.ibias__t129                1.00456
xcmis.xcore.tail__t292                 1.25447
xcmis.xcore.vss__t344              1.67856e-13
xcmis.xcore.tail__t199                 1.25447
xcmis.xcore.ibias__t144                1.00456
xcmis.xcore.vss__t176              6.15791e-06
xcmis.xcore.vss__t345              1.62603e-13
xcmis.xcore.vss__t73               5.95922e-06
xcmis.xcore.ibias__t143                1.00456
xcmis.xcore.tail__t299                 1.25447
xcmis.xcore.vss__t346              1.57356e-13
xcmis.xcore.tail__t198                 1.25447
xcmis.xcore.ibias__t142                1.00456
xcmis.xcore.vss__t175              5.76081e-06
xcmis.xcore.vss__t347              1.52117e-13
xcmis.xcore.vss__t72               5.56269e-06
xcmis.xcore.ibias__t141                1.00456
xcmis.xcore.tail__t298                 1.25448
xcmis.xcore.vss__t348              1.46886e-13
xcmis.xcore.outp__t53                  2.79357
xcmis.xcore.inp__t1                     2.5245
xcmis.xcore.tail__t0                   1.25455
xcmis.xcore.vss__t460              8.47361e-12
xcmis.xcore.tail__t119                 1.25455
xcmis.xcore.inp__t53                    2.5245
xcmis.xcore.outp__t52                  2.79357
xcmis.xcore.vss__t462              8.55362e-12
xcmis.xcore.outp__t46                  2.79357
xcmis.xcore.inp__t52                    2.5245
xcmis.xcore.tail__t118                 1.25455
xcmis.xcore.vss__t463              8.63362e-12
xcmis.xcore.tail__t58                  1.25455
xcmis.xcore.inp__t61                    2.5245
xcmis.xcore.outp__t82                  2.79357
xcmis.xcore.vss__t464              8.71362e-12
xcmis.xcore.outp__t30                  2.79357
xcmis.xcore.inp__t24                    2.5245
xcmis.xcore.tail__t98                  1.25455
xcmis.xcore.vss__t465              8.79362e-12
xcmis.xcore.tail__t38                  1.25455
xcmis.xcore.inp__t23                    2.5245
xcmis.xcore.outp__t64                  2.79357
xcmis.xcore.vss__t466              8.87361e-12
xcmis.xcore.outp__t29                  2.79357
xcmis.xcore.inp__t22                    2.5245
xcmis.xcore.tail__t97                  1.25455
xcmis.xcore.vss__t467              8.95361e-12
xcmis.xcore.tail__t37                  1.25455
xcmis.xcore.inp__t21                    2.5245
xcmis.xcore.outp__t63                  2.79356
xcmis.xcore.vss__t468              9.03361e-12
xcmis.xcore.outp__t28                  2.79356
xcmis.xcore.inp__t20                    2.5245
xcmis.xcore.tail__t96                  1.25456
xcmis.xcore.vss__t469               9.1136e-12
xcmis.xcore.tail__t36                  1.25456
xcmis.xcore.inp__t19                    2.5245
xcmis.xcore.outp__t62                  2.79356
xcmis.xcore.vss__t470              9.19359e-12
xcmis.xcore.outp__t27                  2.79356
xcmis.xcore.inp__t18                    2.5245
xcmis.xcore.tail__t95                  1.25456
xcmis.xcore.vss__t471              9.27358e-12
xcmis.xcore.tail__t35                  1.25456
xcmis.xcore.inp__t17                    2.5245
xcmis.xcore.outp__t61                  2.79356
xcmis.xcore.vss__t472              9.35357e-12
xcmis.xcore.outp__t26                  2.79356
xcmis.xcore.inp__t16                    2.5245
xcmis.xcore.tail__t94                  1.25456
xcmis.xcore.vss__t473              9.43356e-12
xcmis.xcore.tail__t33                  1.25456
xcmis.xcore.inp__t15                    2.5245
xcmis.xcore.outp__t60                  2.79355
xcmis.xcore.vss__t474              9.51355e-12
xcmis.xcore.outp__t47                  2.79355
xcmis.xcore.inp__t54                    2.5245
xcmis.xcore.tail__t120                 1.25456
xcmis.xcore.vss__t475              9.59353e-12
xcmis.xcore.tail__t54                  1.25456
xcmis.xcore.inp__t55                    2.5245
xcmis.xcore.outp__t78                  2.79355
xcmis.xcore.vss__t476              9.67351e-12
xcmis.xcore.outp__t51                  2.79355
xcmis.xcore.inp__t63                    2.5245
xcmis.xcore.tail__t126                 1.25456
xcmis.xcore.vss__t477              9.75349e-12
xcmis.xcore.tail__t57                  1.25456
xcmis.xcore.inp__t60                    2.5245
xcmis.xcore.outp__t81                  2.79355
xcmis.xcore.vss__t478              9.83347e-12
xcmis.xcore.outp__t49                  2.79355
xcmis.xcore.inp__t59                    2.5245
xcmis.xcore.tail__t122                 1.25456
xcmis.xcore.vss__t479              9.91344e-12
xcmis.xcore.tail__t56                  1.25456
xcmis.xcore.inp__t58                    2.5245
xcmis.xcore.outp__t80                  2.79354
xcmis.xcore.vss__t480              9.99342e-12
xcmis.xcore.outp__t48                  2.79354
xcmis.xcore.inp__t57                    2.5245
xcmis.xcore.tail__t121                 1.25457
xcmis.xcore.vss__t481              1.00734e-11
xcmis.xcore.tail__t55                  1.25457
xcmis.xcore.inp__t56                    2.5245
xcmis.xcore.outp__t79                  2.79354
xcmis.xcore.vss__t482              1.01534e-11
xcmis.xcore.outp__t24                  2.79354
xcmis.xcore.inp__t11                    2.5245
xcmis.xcore.tail__t92                  1.25457
xcmis.xcore.vss__t483              1.02333e-11
xcmis.xcore.tail__t30                  1.25457
xcmis.xcore.inp__t10                    2.5245
xcmis.xcore.outp__t57                  2.79354
xcmis.xcore.vss__t484              1.03133e-11
xcmis.xcore.outp__t23                  2.79354
xcmis.xcore.inp__t9                     2.5245
xcmis.xcore.tail__t88                  1.25457
xcmis.xcore.vss__t485              1.03933e-11
xcmis.xcore.tail__t32                  1.25457
xcmis.xcore.inp__t14                    2.5245
xcmis.xcore.outp__t59                  2.79353
xcmis.xcore.vss__t486              1.04732e-11
xcmis.xcore.outp__t25                  2.79353
xcmis.xcore.inp__t13                    2.5245
xcmis.xcore.tail__t93                  1.25457
xcmis.xcore.vss__t487              1.05532e-11
xcmis.xcore.tail__t60                  1.25457
xcmis.xcore.inp__t0                     2.5245
xcmis.xcore.outp__t83                  2.79353
xcmis.xcore.vss__t488              1.06331e-11
xcmis.xcore.outp__t50                  2.79353
xcmis.xcore.inp__t62                    2.5245
xcmis.xcore.tail__t123                 1.25457
xcmis.xcore.vss__t489              1.07131e-11
xcmis.xcore.tail__t42                  1.25457
xcmis.xcore.inp__t29                    2.5245
xcmis.xcore.outp__t67                  2.79353
xcmis.xcore.vss__t490               1.0793e-11
xcmis.xcore.outp__t32                  2.79353
xcmis.xcore.inp__t28                    2.5245
xcmis.xcore.tail__t102                 1.25457
xcmis.xcore.vss__t491               1.0873e-11
xcmis.xcore.tail__t41                  1.25457
xcmis.xcore.inp__t27                    2.5245
xcmis.xcore.outp__t66                  2.79353
xcmis.xcore.vss__t492              1.09529e-11
xcmis.xcore.outp__t31                  2.79352
xcmis.xcore.inp__t26                    2.5245
xcmis.xcore.tail__t101                 1.25457
xcmis.xcore.vss__t493              1.10328e-11
xcmis.xcore.tail__t40                  1.25458
xcmis.xcore.inp__t25                    2.5245
xcmis.xcore.outp__t65                  2.79352
xcmis.xcore.vss__t494              1.11128e-11
xcmis.xcore.outp__t20                  2.79352
xcmis.xcore.inp__t4                     2.5245
xcmis.xcore.tail__t74                  1.25458
xcmis.xcore.vss__t495              1.11927e-11
xcmis.xcore.tail__t14                  1.25458
xcmis.xcore.inp__t3                     2.5245
xcmis.xcore.outp__t54                  2.79352
xcmis.xcore.vss__t496              1.12727e-11
xcmis.xcore.outp__t22                  2.79352
xcmis.xcore.inp__t7                     2.5245
xcmis.xcore.tail__t76                  1.25458
xcmis.xcore.vss__t497              1.13526e-11
xcmis.xcore.tail__t16                  1.25458
xcmis.xcore.inp__t6                     2.5245
xcmis.xcore.outp__t55                  2.79352
xcmis.xcore.vss__t498              1.14325e-11
xcmis.xcore.outp__t21                  2.79351
xcmis.xcore.inp__t5                     2.5245
xcmis.xcore.tail__t75                  1.25458
xcmis.xcore.vss__t499              1.15124e-11
xcmis.xcore.tail__t19                  1.25458
xcmis.xcore.inp__t8                     2.5245
xcmis.xcore.outp__t56                  2.79351
xcmis.xcore.vss__t500              1.15923e-11
xcmis.xcore.outp__t45                  2.79351
xcmis.xcore.inp__t50                    2.5245
xcmis.xcore.tail__t116                 1.25458
xcmis.xcore.vss__t501              1.16723e-11
xcmis.xcore.tail__t51                  1.25458
xcmis.xcore.inp__t49                    2.5245
xcmis.xcore.outp__t76                  2.79351
xcmis.xcore.vss__t502              1.17522e-11
xcmis.xcore.outp__t44                  2.79351
xcmis.xcore.inp__t48                    2.5245
xcmis.xcore.tail__t115                 1.25458
xcmis.xcore.vss__t503              1.18321e-11
xcmis.xcore.tail__t50                  1.25458
xcmis.xcore.inp__t47                    2.5245
xcmis.xcore.outp__t75                  2.79351
xcmis.xcore.vss__t504               1.1912e-11
xcmis.xcore.outp__t43                   2.7935
xcmis.xcore.inp__t46                    2.5245
xcmis.xcore.tail__t114                 1.25458
xcmis.xcore.vss__t505              1.19919e-11
xcmis.xcore.tail__t49                  1.25458
xcmis.xcore.inp__t45                    2.5245
xcmis.xcore.outp__t74                   2.7935
xcmis.xcore.vss__t506              1.20718e-11
xcmis.xcore.outp__t42                   2.7935
xcmis.xcore.inp__t44                    2.5245
xcmis.xcore.tail__t113                 1.25459
xcmis.xcore.vss__t507              1.21517e-11
xcmis.xcore.tail__t48                  1.25459
xcmis.xcore.inp__t43                    2.5245
xcmis.xcore.outp__t73                   2.7935
xcmis.xcore.vss__t508              1.22316e-11
xcmis.xcore.outp__t41                   2.7935
xcmis.xcore.inp__t42                    2.5245
xcmis.xcore.tail__t112                 1.25459
xcmis.xcore.vss__t509              1.23115e-11
xcmis.xcore.tail__t47                  1.25459
xcmis.xcore.inp__t41                    2.5245
xcmis.xcore.outp__t72                   2.7935
xcmis.xcore.vss__t510              1.23914e-11
xcmis.xcore.outp__t40                  2.79349
xcmis.xcore.inp__t40                    2.5245
xcmis.xcore.tail__t111                 1.25459
xcmis.xcore.vss__t511              1.24712e-11
xcmis.xcore.tail__t46                  1.25459
xcmis.xcore.inp__t39                    2.5245
xcmis.xcore.outp__t71                  2.79349
xcmis.xcore.vss__t512              1.25511e-11
xcmis.xcore.outp__t39                  2.79349
xcmis.xcore.inp__t38                    2.5245
xcmis.xcore.tail__t110                 1.25459
xcmis.xcore.vss__t513               1.2631e-11
xcmis.xcore.tail__t53                  1.25459
xcmis.xcore.inp__t51                    2.5245
xcmis.xcore.outp__t77                  2.79349
xcmis.xcore.vss__t514              1.27109e-11
xcmis.xcore.outp__t38                  2.79349
xcmis.xcore.inp__t37                    2.5245
xcmis.xcore.tail__t108                 1.25459
xcmis.xcore.vss__t515              1.27907e-11
xcmis.xcore.tail__t45                  1.25459
xcmis.xcore.inp__t36                    2.5245
xcmis.xcore.outp__t70                  2.79349
xcmis.xcore.vss__t516              1.28706e-11
xcmis.xcore.outp__t37                  2.79348
xcmis.xcore.inp__t35                    2.5245
xcmis.xcore.tail__t107                 1.25459
xcmis.xcore.vss__t517              1.29505e-11
xcmis.xcore.tail__t44                  1.25459
xcmis.xcore.inp__t34                    2.5245
xcmis.xcore.outp__t69                  2.79348
xcmis.xcore.vss__t518              1.30303e-11
xcmis.xcore.outp__t36                  2.79348
xcmis.xcore.inp__t33                    2.5245
xcmis.xcore.tail__t106                  1.2546
xcmis.xcore.vss__t519              1.31102e-11
xcmis.xcore.tail__t31                   1.2546
xcmis.xcore.inp__t12                    2.5245
xcmis.xcore.outp__t58                  2.79348
xcmis.xcore.vss__t520                1.319e-11
xcmis.xcore.outp__t35                  2.79348
xcmis.xcore.inp__t32                    2.5245
xcmis.xcore.tail__t104                  1.2546
xcmis.xcore.vss__t521              1.32699e-11
xcmis.xcore.tail__t43                   1.2546
xcmis.xcore.inp__t31                    2.5245
xcmis.xcore.outp__t68                  2.79348
xcmis.xcore.vss__t522              1.33497e-11
xcmis.xcore.outp__t33                  2.79347
xcmis.xcore.inp__t30                    2.5245
xcmis.xcore.tail__t103                  1.2546
xcmis.xcore.vss__t523              1.34296e-11
xcmis.xcore.tail__t1                    1.2546
xcmis.xcore.inp__t2                     2.5245
xcmis.xcore.outp__t34                  2.79347
xcmis.xcore.vss__t586              1.35094e-11
xcmis.xcore.ibias__t215                1.00183
xcmis.xcore.ibias__t3                  1.00456
xcmis.xcore.vss__t2                2.51857e-05
xcmis.xcore.vss__t459              5.04669e-13
xcmis.xcore.vss__t81               2.49859e-05
xcmis.xcore.ibias__t158                1.00456
xcmis.xcore.ibias__t216                1.00186
xcmis.xcore.vss__t448              5.00678e-13
xcmis.xcore.ibias__t213                1.00189
xcmis.xcore.ibias__t171                1.00456
xcmis.xcore.vss__t190              2.47861e-05
xcmis.xcore.vss__t449              4.96688e-13
xcmis.xcore.vss__t83               2.45863e-05
xcmis.xcore.ibias__t163                1.00456
xcmis.xcore.ibias__t218                1.00192
xcmis.xcore.vss__t450              4.92697e-13
xcmis.xcore.ibias__t212                1.00195
xcmis.xcore.ibias__t162                1.00456
xcmis.xcore.vss__t185              2.43865e-05
xcmis.xcore.vss__t451              4.88706e-13
xcmis.xcore.vss__t89               2.41867e-05
xcmis.xcore.ibias__t177                1.00456
xcmis.xcore.ibias__t219                1.00198
xcmis.xcore.vss__t452              4.84714e-13
xcmis.xcore.ibias__t211                1.00201
xcmis.xcore.ibias__t160                1.00456
xcmis.xcore.vss__t183              2.39869e-05
xcmis.xcore.vss__t453              4.80723e-13
xcmis.xcore.vss__t82               2.37871e-05
xcmis.xcore.ibias__t159                1.00456
xcmis.xcore.ibias__t217                1.00204
xcmis.xcore.vss__t454              4.76731e-13
xcmis.xcore.ibias__t214                1.00207
xcmis.xcore.ibias__t174                1.00456
xcmis.xcore.vss__t192              2.35873e-05
xcmis.xcore.vss__t455               4.7274e-13
xcmis.xcore.vss__t3                2.33875e-05
xcmis.xcore.ibias__t4                  1.00456
xcmis.xcore.ibias__t210                 1.0021
xcmis.xcore.vss__t457              4.68748e-13
xcmis.xcore.outn__t52                      3.3
xcmis.xcore.inn__t1                     1.6335
xcmis.xcore.tail__t3                   1.25449
xcmis.xcore.vss__t461              1.46138e-12
xcmis.xcore.tail__t62                  1.25449
xcmis.xcore.inn__t58                    1.6335
xcmis.xcore.outn__t81                      3.3
xcmis.xcore.vss__t524              1.47525e-12
xcmis.xcore.outn__t49                      3.3
xcmis.xcore.inn__t59                    1.6335
xcmis.xcore.tail__t124                 1.25449
xcmis.xcore.vss__t525              1.48912e-12
xcmis.xcore.tail__t63                  1.25449
xcmis.xcore.inn__t60                    1.6335
xcmis.xcore.outn__t82                      3.3
xcmis.xcore.vss__t526              1.50299e-12
xcmis.xcore.outn__t50                      3.3
xcmis.xcore.inn__t61                    1.6335
xcmis.xcore.tail__t125                 1.25449
xcmis.xcore.vss__t527              1.51686e-12
xcmis.xcore.tail__t64                  1.25449
xcmis.xcore.inn__t62                    1.6335
xcmis.xcore.outn__t83                      3.3
xcmis.xcore.vss__t528              1.53073e-12
xcmis.xcore.outn__t46                      3.3
xcmis.xcore.inn__t52                    1.6335
xcmis.xcore.tail__t105                 1.25449
xcmis.xcore.vss__t529               1.5446e-12
xcmis.xcore.tail__t15                  1.25449
xcmis.xcore.inn__t21                    1.6335
xcmis.xcore.outn__t63                      3.3
xcmis.xcore.vss__t530              1.55847e-12
xcmis.xcore.outn__t45                      3.3
xcmis.xcore.inn__t51                    1.6335
xcmis.xcore.tail__t100                 1.25449
xcmis.xcore.vss__t531              1.57234e-12
xcmis.xcore.tail__t34                  1.25449
xcmis.xcore.inn__t48                    1.6335
xcmis.xcore.outn__t76                      3.3
xcmis.xcore.vss__t532              1.58621e-12
xcmis.xcore.outn__t44                      3.3
xcmis.xcore.inn__t50                    1.6335
xcmis.xcore.tail__t99                  1.25449
xcmis.xcore.vss__t533              1.60008e-12
xcmis.xcore.tail__t61                  1.25449
xcmis.xcore.inn__t57                    1.6335
xcmis.xcore.outn__t80                      3.3
xcmis.xcore.vss__t534              1.61395e-12
xcmis.xcore.outn__t40                      3.3
xcmis.xcore.inn__t42                    1.6335
xcmis.xcore.tail__t87                  1.25449
xcmis.xcore.vss__t535              1.62782e-12
xcmis.xcore.tail__t27                  1.25449
xcmis.xcore.inn__t41                    1.6335
xcmis.xcore.outn__t73                      3.3
xcmis.xcore.vss__t536              1.64169e-12
xcmis.xcore.outn__t39                      3.3
xcmis.xcore.inn__t40                    1.6335
xcmis.xcore.tail__t86                  1.25449
xcmis.xcore.vss__t537              1.65557e-12
xcmis.xcore.tail__t26                  1.25449
xcmis.xcore.inn__t39                    1.6335
xcmis.xcore.outn__t72                      3.3
xcmis.xcore.vss__t538              1.66944e-12
xcmis.xcore.outn__t38                      3.3
xcmis.xcore.inn__t38                    1.6335
xcmis.xcore.tail__t85                  1.25449
xcmis.xcore.vss__t539              1.68331e-12
xcmis.xcore.tail__t25                  1.25449
xcmis.xcore.inn__t37                    1.6335
xcmis.xcore.outn__t71                      3.3
xcmis.xcore.vss__t540              1.69719e-12
xcmis.xcore.outn__t47                      3.3
xcmis.xcore.inn__t53                    1.6335
xcmis.xcore.tail__t109                 1.25449
xcmis.xcore.vss__t541              1.71106e-12
xcmis.xcore.tail__t52                  1.25449
xcmis.xcore.inn__t55                    1.6335
xcmis.xcore.outn__t78                      3.3
xcmis.xcore.vss__t542              1.72493e-12
xcmis.xcore.outn__t48                      3.3
xcmis.xcore.inn__t54                    1.6335
xcmis.xcore.tail__t117                 1.25449
xcmis.xcore.vss__t543              1.73881e-12
xcmis.xcore.tail__t39                  1.25449
xcmis.xcore.inn__t49                    1.6335
xcmis.xcore.outn__t77                      3.3
xcmis.xcore.vss__t544              1.75268e-12
xcmis.xcore.outn__t41                      3.3
xcmis.xcore.inn__t43                    1.6335
xcmis.xcore.tail__t89                  1.25449
xcmis.xcore.vss__t545              1.76656e-12
xcmis.xcore.tail__t29                  1.25449
xcmis.xcore.inn__t47                    1.6335
xcmis.xcore.outn__t75                      3.3
xcmis.xcore.vss__t546              1.78043e-12
xcmis.xcore.outn__t43                      3.3
xcmis.xcore.inn__t46                    1.6335
xcmis.xcore.tail__t91                  1.25449
xcmis.xcore.vss__t547              1.79431e-12
xcmis.xcore.tail__t28                  1.25449
xcmis.xcore.inn__t45                    1.6335
xcmis.xcore.outn__t74                      3.3
xcmis.xcore.vss__t548              1.80818e-12
xcmis.xcore.outn__t42                      3.3
xcmis.xcore.inn__t44                    1.6335
xcmis.xcore.tail__t90                  1.25449
xcmis.xcore.vss__t549              1.82206e-12
xcmis.xcore.tail__t59                  1.25449
xcmis.xcore.inn__t56                    1.6335
xcmis.xcore.outn__t79                      3.3
xcmis.xcore.vss__t550              1.83593e-12
xcmis.xcore.outn__t51                      3.3
xcmis.xcore.inn__t63                    1.6335
xcmis.xcore.tail__t127                 1.25449
xcmis.xcore.vss__t551              1.84981e-12
xcmis.xcore.tail__t13                  1.25449
xcmis.xcore.inn__t19                    1.6335
xcmis.xcore.outn__t62                      3.3
xcmis.xcore.vss__t552              1.86369e-12
xcmis.xcore.outn__t28                      3.3
xcmis.xcore.inn__t18                    1.6335
xcmis.xcore.tail__t72                  1.25449
xcmis.xcore.vss__t553              1.87756e-12
xcmis.xcore.tail__t12                  1.25449
xcmis.xcore.inn__t17                    1.6335
xcmis.xcore.outn__t61                      3.3
xcmis.xcore.vss__t554              1.89144e-12
xcmis.xcore.outn__t27                      3.3
xcmis.xcore.inn__t16                    1.6335
xcmis.xcore.tail__t71                  1.25449
xcmis.xcore.vss__t555              1.90531e-12
xcmis.xcore.tail__t11                  1.25449
xcmis.xcore.inn__t15                    1.6335
xcmis.xcore.outn__t60                      3.3
xcmis.xcore.vss__t556              1.91919e-12
xcmis.xcore.outn__t26                      3.3
xcmis.xcore.inn__t14                    1.6335
xcmis.xcore.tail__t70                  1.25449
xcmis.xcore.vss__t557              1.93307e-12
xcmis.xcore.tail__t10                  1.25449
xcmis.xcore.inn__t13                    1.6335
xcmis.xcore.outn__t59                      3.3
xcmis.xcore.vss__t558              1.94695e-12
xcmis.xcore.outn__t25                      3.3
xcmis.xcore.inn__t12                    1.6335
xcmis.xcore.tail__t69                  1.25449
xcmis.xcore.vss__t559              1.96082e-12
xcmis.xcore.tail__t6                   1.25449
xcmis.xcore.inn__t5                     1.6335
xcmis.xcore.outn__t55                      3.3
xcmis.xcore.vss__t560               1.9747e-12
xcmis.xcore.outn__t24                      3.3
xcmis.xcore.inn__t11                    1.6335
xcmis.xcore.tail__t68                  1.25449
xcmis.xcore.vss__t561              1.98858e-12
xcmis.xcore.tail__t4                   1.25449
xcmis.xcore.inn__t2                     1.6335
xcmis.xcore.outn__t53                      3.3
xcmis.xcore.vss__t562              2.00246e-12
xcmis.xcore.outn__t21                      3.3
xcmis.xcore.inn__t3                     1.6335
xcmis.xcore.tail__t65                  1.25449
xcmis.xcore.vss__t563              2.01634e-12
xcmis.xcore.tail__t5                   1.25449
xcmis.xcore.inn__t4                     1.6335
xcmis.xcore.outn__t54                      3.3
xcmis.xcore.vss__t564              2.03021e-12
xcmis.xcore.outn__t22                      3.3
xcmis.xcore.inn__t6                     1.6335
xcmis.xcore.tail__t66                  1.25449
xcmis.xcore.vss__t565              2.04409e-12
xcmis.xcore.tail__t7                   1.25449
xcmis.xcore.inn__t7                     1.6335
xcmis.xcore.outn__t56                      3.3
xcmis.xcore.vss__t566              2.05797e-12
xcmis.xcore.outn__t23                      3.3
xcmis.xcore.inn__t8                     1.6335
xcmis.xcore.tail__t67                  1.25449
xcmis.xcore.vss__t567              2.07185e-12
xcmis.xcore.tail__t8                   1.25449
xcmis.xcore.inn__t9                     1.6335
xcmis.xcore.outn__t57                      3.3
xcmis.xcore.vss__t568              2.08573e-12
xcmis.xcore.outn__t29                      3.3
xcmis.xcore.inn__t20                    1.6335
xcmis.xcore.tail__t73                  1.25449
xcmis.xcore.vss__t569              2.09961e-12
xcmis.xcore.tail__t9                   1.25449
xcmis.xcore.inn__t10                    1.6335
xcmis.xcore.outn__t58                      3.3
xcmis.xcore.vss__t570              2.11349e-12
xcmis.xcore.outn__t36                      3.3
xcmis.xcore.inn__t35                    1.6335
xcmis.xcore.tail__t83                  1.25449
xcmis.xcore.vss__t571              2.12737e-12
xcmis.xcore.tail__t24                  1.25449
xcmis.xcore.inn__t34                    1.6335
xcmis.xcore.outn__t70                      3.3
xcmis.xcore.vss__t572              2.14124e-12
xcmis.xcore.outn__t35                      3.3
xcmis.xcore.inn__t33                    1.6335
xcmis.xcore.tail__t82                  1.25449
xcmis.xcore.vss__t573              2.15512e-12
xcmis.xcore.tail__t23                  1.25449
xcmis.xcore.inn__t32                    1.6335
xcmis.xcore.outn__t69                      3.3
xcmis.xcore.vss__t574                2.169e-12
xcmis.xcore.outn__t34                      3.3
xcmis.xcore.inn__t31                    1.6335
xcmis.xcore.tail__t81                  1.25449
xcmis.xcore.vss__t575              2.18288e-12
xcmis.xcore.tail__t22                  1.25449
xcmis.xcore.inn__t30                    1.6335
xcmis.xcore.outn__t68                      3.3
xcmis.xcore.vss__t576              2.19676e-12
xcmis.xcore.outn__t33                      3.3
xcmis.xcore.inn__t29                    1.6335
xcmis.xcore.tail__t80                  1.25449
xcmis.xcore.vss__t577              2.21064e-12
xcmis.xcore.tail__t21                  1.25449
xcmis.xcore.inn__t28                    1.6335
xcmis.xcore.outn__t67                      3.3
xcmis.xcore.vss__t578              2.22452e-12
xcmis.xcore.outn__t32                      3.3
xcmis.xcore.inn__t27                    1.6335
xcmis.xcore.tail__t79                  1.25449
xcmis.xcore.vss__t579               2.2384e-12
xcmis.xcore.tail__t20                  1.25449
xcmis.xcore.inn__t26                    1.6335
xcmis.xcore.outn__t66                      3.3
xcmis.xcore.vss__t580              2.25228e-12
xcmis.xcore.outn__t37                      3.3
xcmis.xcore.inn__t36                    1.6335
xcmis.xcore.tail__t84                  1.25449
xcmis.xcore.vss__t581              2.26617e-12
xcmis.xcore.tail__t18                  1.25449
xcmis.xcore.inn__t25                    1.6335
xcmis.xcore.outn__t65                      3.3
xcmis.xcore.vss__t582              2.28005e-12
xcmis.xcore.outn__t31                      3.3
xcmis.xcore.inn__t24                    1.6335
xcmis.xcore.tail__t78                  1.25449
xcmis.xcore.vss__t583              2.29393e-12
xcmis.xcore.tail__t17                  1.25449
xcmis.xcore.inn__t23                    1.6335
xcmis.xcore.outn__t64                      3.3
xcmis.xcore.vss__t584              2.30781e-12
xcmis.xcore.outn__t30                      3.3
xcmis.xcore.inn__t22                    1.6335
xcmis.xcore.tail__t77                  1.25449
xcmis.xcore.vss__t585              2.32169e-12
xcmis.xcore.tail__t2                   1.25449
xcmis.xcore.inn__t0                     1.6335
xcmis.xcore.outn__t20                      3.3
xcmis.xcore.vss__t587              2.33557e-12
xcmis.xcore.vss__t210              2.60131e-12
xcmis.xcore.outp__t16                  2.79369
xcmis.xcore.vss__t211              2.57074e-12
xcmis.xcore.outp__t17                  2.79369
xcmis.xcore.vss__t212              2.54019e-12
xcmis.xcore.outp__t18                  2.79369
xcmis.xcore.vss__t213              2.50966e-12
xcmis.xcore.outp__t19                  2.79369
xcmis.xcore.vss__t214              2.47916e-12
xcmis.xcore.outp__t0                   2.79369
xcmis.xcore.vss__t215              2.44869e-12
xcmis.xcore.outp__t1                   2.79369
xcmis.xcore.vss__t216              2.41825e-12
xcmis.xcore.outp__t2                   2.79369
xcmis.xcore.vss__t217              2.38783e-12
xcmis.xcore.outp__t3                   2.79369
xcmis.xcore.vss__t218              2.35745e-12
xcmis.xcore.outp__t4                   2.79369
xcmis.xcore.vss__t219               2.3271e-12
xcmis.xcore.outp__t15                  2.79369
xcmis.xcore.vss__t220              2.29678e-12
xcmis.xcore.outp__t6                   2.79369
xcmis.xcore.vss__t221               2.2665e-12
xcmis.xcore.outp__t7                   2.79369
xcmis.xcore.vss__t222              2.23626e-12
xcmis.xcore.outp__t8                   2.79369
xcmis.xcore.vss__t223              2.20605e-12
xcmis.xcore.outp__t9                   2.79369
xcmis.xcore.vss__t224              2.17588e-12
xcmis.xcore.outp__t10                  2.79369
xcmis.xcore.vss__t225              2.14575e-12
xcmis.xcore.outp__t11                  2.79369
xcmis.xcore.vss__t226              2.11566e-12
xcmis.xcore.outp__t12                  2.79369
xcmis.xcore.vss__t227              2.08562e-12
xcmis.xcore.outp__t13                  2.79369
xcmis.xcore.vss__t228              2.05562e-12
xcmis.xcore.outp__t14                  2.79369
xcmis.xcore.vss__t229              2.02567e-12
xcmis.xcore.outp__t5                   2.79369
xcmis.xcore.vss__t230              2.18457e-12
xcmis.xcore.outn__t0                       3.3
xcmis.xcore.vss__t231              2.21955e-12
xcmis.xcore.outn__t5                       3.3
xcmis.xcore.vss__t232               2.2546e-12
xcmis.xcore.outn__t6                       3.3
xcmis.xcore.vss__t233              2.28973e-12
xcmis.xcore.outn__t7                       3.3
xcmis.xcore.vss__t234              2.32492e-12
xcmis.xcore.outn__t8                       3.3
xcmis.xcore.vss__t235              2.36018e-12
xcmis.xcore.outn__t9                       3.3
xcmis.xcore.vss__t236               2.3955e-12
xcmis.xcore.outn__t10                      3.3
xcmis.xcore.vss__t237              2.43089e-12
xcmis.xcore.outn__t11                      3.3
xcmis.xcore.vss__t238              2.46632e-12
xcmis.xcore.outn__t12                      3.3
xcmis.xcore.vss__t239              2.50182e-12
xcmis.xcore.outn__t13                      3.3
xcmis.xcore.vss__t240              2.53736e-12
xcmis.xcore.outn__t14                      3.3
xcmis.xcore.vss__t241              2.57295e-12
xcmis.xcore.outn__t15                      3.3
xcmis.xcore.vss__t242              2.60859e-12
xcmis.xcore.outn__t16                      3.3
xcmis.xcore.vss__t243              2.64428e-12
xcmis.xcore.outn__t17                      3.3
xcmis.xcore.vss__t244              2.68001e-12
xcmis.xcore.outn__t19                      3.3
xcmis.xcore.vss__t245              2.71579e-12
xcmis.xcore.outn__t18                      3.3
xcmis.xcore.vss__t246               2.7516e-12
xcmis.xcore.outn__t1                       3.3
xcmis.xcore.vss__t247              2.78746e-12
xcmis.xcore.outn__t2                       3.3
xcmis.xcore.vss__t248              2.82335e-12
xcmis.xcore.outn__t3                       3.3
xcmis.xcore.vss__t249              2.85928e-12
xcmis.xcore.outn__t4                       3.3
ib_cmis                                1.00456
xcmis.xcore.vsubs                            0
outn_cmis                                  3.3
outp_cmis                              2.79369
xcmis.tail                             1.25449
vd_cmis                               0.506315
xvlo.xcore.tail__t186                  1.23795
xvlo.xcore.ibias__t118                 1.00456
xvlo.xcore.vss__t163               5.36085e-06
xvlo.xcore.vss__t349                1.3706e-13
xvlo.xcore.vss__t60                5.16358e-06
xvlo.xcore.ibias__t117                 1.00456
xvlo.xcore.tail__t286                  1.23795
xvlo.xcore.vss__t350               1.32016e-13
xvlo.xcore.tail__t197                  1.23795
xvlo.xcore.ibias__t140                 1.00456
xvlo.xcore.vss__t174               4.96673e-06
xvlo.xcore.vss__t351               1.26983e-13
xvlo.xcore.vss__t68                4.77033e-06
xvlo.xcore.ibias__t133                 1.00456
xvlo.xcore.tail__t294                  1.23795
xvlo.xcore.vss__t352               1.21962e-13
xvlo.xcore.tail__t193                  1.23795
xvlo.xcore.ibias__t132                 1.00456
xvlo.xcore.vss__t170               4.57445e-06
xvlo.xcore.vss__t353               1.16954e-13
xvlo.xcore.vss__t67                4.37917e-06
xvlo.xcore.ibias__t131                 1.00456
xvlo.xcore.tail__t293                  1.23795
xvlo.xcore.vss__t354               1.11961e-13
xvlo.xcore.tail__t192                  1.23795
xvlo.xcore.ibias__t130                 1.00456
xvlo.xcore.vss__t169               4.18456e-06
xvlo.xcore.vss__t355               1.06986e-13
xvlo.xcore.vss__t74                3.99073e-06
xvlo.xcore.ibias__t145                 1.00456
xvlo.xcore.tail__t300                  1.23795
xvlo.xcore.vss__t356                1.0203e-13
xvlo.xcore.tail__t191                  1.23795
xvlo.xcore.ibias__t128                 1.00456
xvlo.xcore.vss__t168               3.79778e-06
xvlo.xcore.vss__t357               9.70967e-14
xvlo.xcore.vss__t65                3.60588e-06
xvlo.xcore.ibias__t127                 1.00456
xvlo.xcore.tail__t291                  1.23795
xvlo.xcore.vss__t358               9.21902e-14
xvlo.xcore.tail__t190                  1.23795
xvlo.xcore.ibias__t126                 1.00456
xvlo.xcore.vss__t167               3.41518e-06
xvlo.xcore.vss__t359               8.73147e-14
xvlo.xcore.vss__t64                3.22591e-06
xvlo.xcore.ibias__t125                 1.00456
xvlo.xcore.tail__t290                  1.23795
xvlo.xcore.vss__t360               8.24755e-14
xvlo.xcore.tail__t189                  1.23795
xvlo.xcore.ibias__t124                 1.00456
xvlo.xcore.vss__t166               3.03832e-06
xvlo.xcore.vss__t361               7.76797e-14
xvlo.xcore.vss__t63                2.85277e-06
xvlo.xcore.ibias__t123                 1.00456
xvlo.xcore.tail__t289                  1.23795
xvlo.xcore.vss__t362               7.29356e-14
xvlo.xcore.tail__t188                  1.23795
xvlo.xcore.ibias__t122                 1.00456
xvlo.xcore.vss__t165               2.66966e-06
xvlo.xcore.vss__t363                6.8254e-14
xvlo.xcore.vss__t62                2.48954e-06
xvlo.xcore.ibias__t121                 1.00456
xvlo.xcore.tail__t288                  1.23795
xvlo.xcore.vss__t364               6.36489e-14
xvlo.xcore.tail__t187                  1.23795
xvlo.xcore.ibias__t120                 1.00456
xvlo.xcore.vss__t164                2.3131e-06
xvlo.xcore.vss__t365                5.9138e-14
xvlo.xcore.vss__t26                2.14126e-06
xvlo.xcore.ibias__t0                   1.00456
xvlo.xcore.tail__t252                  1.23795
xvlo.xcore.vss__t366               5.47446e-14
xvlo.xcore.tail__t175                  1.23795
xvlo.xcore.ibias__t97                  1.00456
xvlo.xcore.vss__t152               1.97522e-06
xvlo.xcore.vss__t367               5.04995e-14
xvlo.xcore.vss__t42                1.81657e-06
xvlo.xcore.ibias__t78                  1.00456
xvlo.xcore.tail__t268                  1.23795
xvlo.xcore.vss__t368               4.64433e-14
xvlo.xcore.tail__t164                  1.23795
xvlo.xcore.ibias__t77                  1.00456
xvlo.xcore.vss__t141               1.66741e-06
xvlo.xcore.vss__t369               4.26299e-14
xvlo.xcore.vss__t37                1.53053e-06
xvlo.xcore.ibias__t70                  1.00456
xvlo.xcore.tail__t263                  1.23795
xvlo.xcore.vss__t370               3.91304e-14
xvlo.xcore.tail__t167                  1.23795
xvlo.xcore.ibias__t82                  1.00456
xvlo.xcore.vss__t144               1.40952e-06
xvlo.xcore.vss__t371               3.60364e-14
xvlo.xcore.vss__t39                1.30877e-06
xvlo.xcore.ibias__t72                  1.00456
xvlo.xcore.tail__t265                  1.23795
xvlo.xcore.vss__t372               3.34605e-14
xvlo.xcore.tail__t162                  1.23795
xvlo.xcore.ibias__t73                  1.00456
xvlo.xcore.vss__t139               1.23326e-06
xvlo.xcore.vss__t373               3.15301e-14
xvlo.xcore.vss__t40                1.18782e-06
xvlo.xcore.ibias__t74                  1.00456
xvlo.xcore.tail__t266                  1.23795
xvlo.xcore.vss__t374               3.03684e-14
xvlo.xcore.tail__t163                  1.23795
xvlo.xcore.ibias__t75                  1.00456
xvlo.xcore.vss__t140               1.17594e-06
xvlo.xcore.vss__t375               3.00647e-14
xvlo.xcore.vss__t41                1.19862e-06
xvlo.xcore.ibias__t76                  1.00456
xvlo.xcore.tail__t267                  1.23795
xvlo.xcore.vss__t376               3.06446e-14
xvlo.xcore.tail__t129                  1.23795
xvlo.xcore.ibias__t9                   1.00456
xvlo.xcore.vss__t107               1.25398e-06
xvlo.xcore.vss__t377                 3.206e-14
xvlo.xcore.vss__t6                 1.33798e-06
xvlo.xcore.ibias__t8                   1.00456
xvlo.xcore.tail__t232                  1.23796
xvlo.xcore.vss__t378               3.42075e-14
xvlo.xcore.tail__t128                  1.23796
xvlo.xcore.ibias__t7                   1.00456
xvlo.xcore.vss__t106               1.44562e-06
xvlo.xcore.vss__t379               3.69596e-14
xvlo.xcore.vss__t5                 1.57207e-06
xvlo.xcore.ibias__t6                   1.00456
xvlo.xcore.tail__t231                  1.23796
xvlo.xcore.vss__t380               4.01924e-14
xvlo.xcore.tail__t141                  1.23796
xvlo.xcore.ibias__t31                  1.00456
xvlo.xcore.vss__t119               1.71315e-06
xvlo.xcore.vss__t381               4.37996e-14
xvlo.xcore.vss__t4                 1.86556e-06
xvlo.xcore.ibias__t5                   1.00456
xvlo.xcore.tail__t230                  1.23796
xvlo.xcore.vss__t382               4.76962e-14
xvlo.xcore.tail__t158                  1.23796
xvlo.xcore.ibias__t62                  1.00456
xvlo.xcore.vss__t135               2.02674e-06
xvlo.xcore.vss__t383               5.18171e-14
xvlo.xcore.vss__t33                2.19475e-06
xvlo.xcore.ibias__t63                  1.00456
xvlo.xcore.tail__t259                  1.23796
xvlo.xcore.vss__t384               5.61128e-14
xvlo.xcore.tail__t159                  1.23796
xvlo.xcore.ibias__t64                  1.00456
xvlo.xcore.vss__t136               2.36815e-06
xvlo.xcore.vss__t385               6.05462e-14
xvlo.xcore.vss__t34                2.54583e-06
xvlo.xcore.ibias__t65                  1.00456
xvlo.xcore.tail__t260                  1.23796
xvlo.xcore.vss__t386               6.50891e-14
xvlo.xcore.tail__t160                  1.23796
xvlo.xcore.ibias__t66                  1.00456
xvlo.xcore.vss__t137               2.72696e-06
xvlo.xcore.vss__t387               6.97201e-14
xvlo.xcore.vss__t35                2.91089e-06
xvlo.xcore.ibias__t67                  1.00456
xvlo.xcore.tail__t261                  1.23796
xvlo.xcore.vss__t388               7.44228e-14
xvlo.xcore.tail__t161                  1.23796
xvlo.xcore.ibias__t68                  1.00456
xvlo.xcore.vss__t138               3.09713e-06
xvlo.xcore.vss__t389               7.91844e-14
xvlo.xcore.vss__t36                3.28527e-06
xvlo.xcore.ibias__t69                  1.00456
xvlo.xcore.tail__t262                  1.23796
xvlo.xcore.vss__t390               8.39949e-14
xvlo.xcore.tail__t130                  1.23796
xvlo.xcore.ibias__t10                  1.00456
xvlo.xcore.vss__t108               3.47502e-06
xvlo.xcore.vss__t391               8.88464e-14
xvlo.xcore.vss__t13                3.66612e-06
xvlo.xcore.ibias__t23                  1.00456
xvlo.xcore.tail__t239                  1.23796
xvlo.xcore.vss__t392               9.37324e-14
xvlo.xcore.tail__t137                  1.23796
xvlo.xcore.ibias__t24                  1.00456
xvlo.xcore.vss__t115               3.85837e-06
xvlo.xcore.vss__t393               9.86479e-14
xvlo.xcore.vss__t14                4.05161e-06
xvlo.xcore.ibias__t25                  1.00456
xvlo.xcore.tail__t240                  1.23796
xvlo.xcore.vss__t394               1.03589e-13
xvlo.xcore.tail__t138                  1.23796
xvlo.xcore.ibias__t26                  1.00456
xvlo.xcore.vss__t116                4.2457e-06
xvlo.xcore.vss__t395               1.08551e-13
xvlo.xcore.vss__t15                4.44053e-06
xvlo.xcore.ibias__t27                  1.00456
xvlo.xcore.tail__t241                  1.23796
xvlo.xcore.vss__t396               1.13533e-13
xvlo.xcore.tail__t139                  1.23796
xvlo.xcore.ibias__t28                  1.00456
xvlo.xcore.vss__t117               4.63601e-06
xvlo.xcore.vss__t397               1.18531e-13
xvlo.xcore.vss__t16                4.83206e-06
xvlo.xcore.ibias__t29                  1.00456
xvlo.xcore.tail__t242                  1.23796
xvlo.xcore.vss__t398               1.23543e-13
xvlo.xcore.tail__t140                  1.23796
xvlo.xcore.ibias__t30                  1.00456
xvlo.xcore.vss__t118                5.0286e-06
xvlo.xcore.vss__t399               1.28569e-13
xvlo.xcore.vss__t21                 5.2256e-06
xvlo.xcore.ibias__t41                  1.00456
xvlo.xcore.tail__t247                  1.23796
xvlo.xcore.vss__t400               1.33606e-13
xvlo.xcore.tail__t142                  1.23796
xvlo.xcore.ibias__t32                  1.00456
xvlo.xcore.vss__t120               5.42299e-06
xvlo.xcore.vss__t401               1.38653e-13
xvlo.xcore.vss__t17                5.62073e-06
xvlo.xcore.ibias__t33                  1.00456
xvlo.xcore.tail__t243                  1.23796
xvlo.xcore.vss__t402               1.43709e-13
xvlo.xcore.tail__t143                  1.23796
xvlo.xcore.ibias__t34                  1.00456
xvlo.xcore.vss__t121                5.8188e-06
xvlo.xcore.vss__t403               1.48773e-13
xvlo.xcore.vss__t18                6.01715e-06
xvlo.xcore.ibias__t35                  1.00456
xvlo.xcore.tail__t244                  1.23796
xvlo.xcore.vss__t404               1.53844e-13
xvlo.xcore.tail__t144                  1.23796
xvlo.xcore.ibias__t36                  1.00456
xvlo.xcore.vss__t122               6.21576e-06
xvlo.xcore.vss__t405               1.58922e-13
xvlo.xcore.vss__t19                 6.4146e-06
xvlo.xcore.ibias__t37                  1.00456
xvlo.xcore.tail__t245                  1.23796
xvlo.xcore.vss__t406               1.64007e-13
xvlo.xcore.tail__t145                  1.23796
xvlo.xcore.ibias__t38                  1.00456
xvlo.xcore.vss__t123               6.61366e-06
xvlo.xcore.vss__t407               1.69096e-13
xvlo.xcore.vss__t20                6.81292e-06
xvlo.xcore.ibias__t39                  1.00456
xvlo.xcore.tail__t246                  1.23796
xvlo.xcore.vss__t408               1.74191e-13
xvlo.xcore.tail__t146                  1.23796
xvlo.xcore.ibias__t40                  1.00456
xvlo.xcore.vss__t124               7.01235e-06
xvlo.xcore.vss__t409                1.7929e-13
xvlo.xcore.vss__t8                 7.21195e-06
xvlo.xcore.ibias__t12                  1.00456
xvlo.xcore.tail__t234                  1.23796
xvlo.xcore.vss__t410               1.84393e-13
xvlo.xcore.tail__t135                  1.23796
xvlo.xcore.ibias__t21                  1.00456
xvlo.xcore.vss__t113                7.4117e-06
xvlo.xcore.vss__t411               1.89501e-13
xvlo.xcore.vss__t9                 7.61159e-06
xvlo.xcore.ibias__t13                  1.00456
xvlo.xcore.tail__t235                  1.23796
xvlo.xcore.vss__t412               1.94612e-13
xvlo.xcore.tail__t131                  1.23796
xvlo.xcore.ibias__t14                  1.00456
xvlo.xcore.vss__t109                7.8116e-06
xvlo.xcore.vss__t413               1.99726e-13
xvlo.xcore.vss__t10                8.01173e-06
xvlo.xcore.ibias__t15                  1.00456
xvlo.xcore.tail__t236                  1.23796
xvlo.xcore.vss__t414               2.04843e-13
xvlo.xcore.tail__t134                  1.23796
xvlo.xcore.ibias__t20                  1.00456
xvlo.xcore.vss__t112               8.21198e-06
xvlo.xcore.vss__t415               2.09963e-13
xvlo.xcore.vss__t12                8.41232e-06
xvlo.xcore.ibias__t19                  1.00456
xvlo.xcore.tail__t238                  1.23796
xvlo.xcore.vss__t416               2.15085e-13
xvlo.xcore.tail__t133                  1.23796
xvlo.xcore.ibias__t18                  1.00456
xvlo.xcore.vss__t111               8.61276e-06
xvlo.xcore.vss__t417                2.2021e-13
xvlo.xcore.vss__t11                8.81328e-06
xvlo.xcore.ibias__t17                  1.00456
xvlo.xcore.tail__t237                  1.23796
xvlo.xcore.vss__t418               2.25337e-13
xvlo.xcore.tail__t132                  1.23796
xvlo.xcore.ibias__t16                  1.00456
xvlo.xcore.vss__t110               9.01389e-06
xvlo.xcore.vss__t419               2.30467e-13
xvlo.xcore.vss__t7                 9.21458e-06
xvlo.xcore.ibias__t11                  1.00456
xvlo.xcore.tail__t233                  1.23796
xvlo.xcore.vss__t420               2.35598e-13
xvlo.xcore.tail__t136                  1.23795
xvlo.xcore.ibias__t22                  1.00456
xvlo.xcore.vss__t114               9.41534e-06
xvlo.xcore.vss__t421               2.40731e-13
xvlo.xcore.vss__t23                9.61616e-06
xvlo.xcore.ibias__t45                  1.00456
xvlo.xcore.tail__t249                  1.23795
xvlo.xcore.vss__t422               2.45866e-13
xvlo.xcore.tail__t150                  1.23795
xvlo.xcore.ibias__t46                  1.00456
xvlo.xcore.vss__t127               9.81705e-06
xvlo.xcore.vss__t423               2.51003e-13
xvlo.xcore.vss__t24                 1.0018e-05
xvlo.xcore.ibias__t47                  1.00456
xvlo.xcore.tail__t250                  1.23795
xvlo.xcore.vss__t424               2.56141e-13
xvlo.xcore.tail__t151                  1.23795
xvlo.xcore.ibias__t48                  1.00456
xvlo.xcore.vss__t128                1.0219e-05
xvlo.xcore.vss__t425                2.6128e-13
xvlo.xcore.vss__t25                1.04201e-05
xvlo.xcore.ibias__t49                  1.00456
xvlo.xcore.tail__t251                  1.23795
xvlo.xcore.vss__t426               2.66421e-13
xvlo.xcore.tail__t152                  1.23795
xvlo.xcore.ibias__t50                  1.00456
xvlo.xcore.vss__t129               1.06212e-05
xvlo.xcore.vss__t427               2.71563e-13
xvlo.xcore.vss__t32                1.08223e-05
xvlo.xcore.ibias__t61                  1.00456
xvlo.xcore.tail__t258                  1.23795
xvlo.xcore.vss__t428               2.76706e-13
xvlo.xcore.tail__t153                  1.23795
xvlo.xcore.ibias__t51                  1.00456
xvlo.xcore.vss__t130               1.10235e-05
xvlo.xcore.vss__t429               2.81851e-13
xvlo.xcore.vss__t27                1.12247e-05
xvlo.xcore.ibias__t52                  1.00456
xvlo.xcore.tail__t253                  1.23795
xvlo.xcore.vss__t430               2.86996e-13
xvlo.xcore.tail__t154                  1.23795
xvlo.xcore.ibias__t53                  1.00456
xvlo.xcore.vss__t131                1.1426e-05
xvlo.xcore.vss__t431               2.92143e-13
xvlo.xcore.vss__t28                1.16273e-05
xvlo.xcore.ibias__t54                  1.00456
xvlo.xcore.tail__t254                  1.23795
xvlo.xcore.vss__t432                2.9729e-13
xvlo.xcore.tail__t155                  1.23795
xvlo.xcore.ibias__t55                  1.00456
xvlo.xcore.vss__t132               1.18287e-05
xvlo.xcore.vss__t433               3.02439e-13
xvlo.xcore.vss__t29                1.20301e-05
xvlo.xcore.ibias__t56                  1.00456
xvlo.xcore.tail__t255                  1.23795
xvlo.xcore.vss__t434               3.07588e-13
xvlo.xcore.tail__t156                  1.23795
xvlo.xcore.ibias__t57                  1.00456
xvlo.xcore.vss__t133               1.22315e-05
xvlo.xcore.vss__t435               3.12738e-13
xvlo.xcore.vss__t30                1.24329e-05
xvlo.xcore.ibias__t58                  1.00456
xvlo.xcore.tail__t256                  1.23795
xvlo.xcore.vss__t436               3.17889e-13
xvlo.xcore.tail__t157                  1.23795
xvlo.xcore.ibias__t59                  1.00456
xvlo.xcore.vss__t134               1.26344e-05
xvlo.xcore.vss__t437               3.23041e-13
xvlo.xcore.vss__t31                1.28359e-05
xvlo.xcore.ibias__t60                  1.00456
xvlo.xcore.tail__t257                  1.23795
xvlo.xcore.vss__t438               3.28193e-13
xvlo.xcore.tail__t211                  1.23795
xvlo.xcore.ibias__t176                 1.00456
xvlo.xcore.vss__t193               1.30374e-05
xvlo.xcore.vss__t439               3.33346e-13
xvlo.xcore.vss__t88                 1.3239e-05
xvlo.xcore.ibias__t175                 1.00456
xvlo.xcore.tail__t311                  1.23795
xvlo.xcore.vss__t440                 3.385e-13
xvlo.xcore.tail__t165                  1.23795
xvlo.xcore.ibias__t79                  1.00456
xvlo.xcore.vss__t142               1.34406e-05
xvlo.xcore.vss__t441               3.43654e-13
xvlo.xcore.vss__t43                1.36422e-05
xvlo.xcore.ibias__t80                  1.00456
xvlo.xcore.tail__t269                  1.23795
xvlo.xcore.vss__t442               3.48809e-13
xvlo.xcore.tail__t166                  1.23795
xvlo.xcore.ibias__t81                  1.00456
xvlo.xcore.vss__t143               1.38438e-05
xvlo.xcore.vss__t443               3.53964e-13
xvlo.xcore.vss__t38                1.40454e-05
xvlo.xcore.ibias__t71                  1.00456
xvlo.xcore.tail__t264                  1.23795
xvlo.xcore.vss__t444                3.5912e-13
xvlo.xcore.tail__t147                  1.23795
xvlo.xcore.ibias__t42                  1.00456
xvlo.xcore.vss__t125               1.42471e-05
xvlo.xcore.vss__t445               3.64277e-13
xvlo.xcore.vss__t22                1.44488e-05
xvlo.xcore.ibias__t43                  1.00456
xvlo.xcore.tail__t248                  1.23795
xvlo.xcore.vss__t446               3.69434e-13
xvlo.xcore.tail__t148                  1.23795
xvlo.xcore.ibias__t44                  1.00456
xvlo.xcore.vss__t126               1.46505e-05
xvlo.xcore.vss__t447               3.74591e-13
xvlo.xcore.vss__t0                 1.48522e-05
xvlo.xcore.ibias__t1                   1.00456
xvlo.xcore.tail__t149                  1.23795
xvlo.xcore.vss__t456               3.79749e-13
xvlo.xcore.tail__t229                  1.23791
xvlo.xcore.ibias__t2                   1.00456
xvlo.xcore.vss__t1                 2.54934e-05
xvlo.xcore.vss__t458               6.51839e-13
xvlo.xcore.vss__t189               2.52913e-05
xvlo.xcore.ibias__t170                 1.00456
xvlo.xcore.tail__t228                  1.23791
xvlo.xcore.vss__t250               6.46671e-13
xvlo.xcore.tail__t209                  1.23791
xvlo.xcore.ibias__t169                 1.00456
xvlo.xcore.vss__t188               2.50892e-05
xvlo.xcore.vss__t251               6.41502e-13
xvlo.xcore.vss__t86                2.48871e-05
xvlo.xcore.ibias__t168                 1.00456
xvlo.xcore.tail__t309                  1.23791
xvlo.xcore.vss__t252               6.36334e-13
xvlo.xcore.tail__t208                  1.23791
xvlo.xcore.ibias__t167                 1.00456
xvlo.xcore.vss__t187                2.4685e-05
xvlo.xcore.vss__t253               6.31166e-13
xvlo.xcore.vss__t85                2.44829e-05
xvlo.xcore.ibias__t166                 1.00456
xvlo.xcore.tail__t308                  1.23791
xvlo.xcore.vss__t254               6.25998e-13
xvlo.xcore.tail__t207                  1.23791
xvlo.xcore.ibias__t165                 1.00456
xvlo.xcore.vss__t186               2.42808e-05
xvlo.xcore.vss__t255                6.2083e-13
xvlo.xcore.vss__t84                2.40787e-05
xvlo.xcore.ibias__t164                 1.00456
xvlo.xcore.tail__t307                  1.23791
xvlo.xcore.vss__t256               6.15662e-13
xvlo.xcore.tail__t210                  1.23792
xvlo.xcore.ibias__t173                 1.00456
xvlo.xcore.vss__t191               2.38766e-05
xvlo.xcore.vss__t257               6.10494e-13
xvlo.xcore.vss__t87                2.36745e-05
xvlo.xcore.ibias__t172                 1.00456
xvlo.xcore.tail__t310                  1.23792
xvlo.xcore.vss__t258               6.05327e-13
xvlo.xcore.tail__t219                  1.23792
xvlo.xcore.ibias__t195                 1.00456
xvlo.xcore.vss__t201               2.34724e-05
xvlo.xcore.vss__t259               6.00159e-13
xvlo.xcore.vss__t99                2.32703e-05
xvlo.xcore.ibias__t194                 1.00456
xvlo.xcore.tail__t321                  1.23792
xvlo.xcore.vss__t260               5.94992e-13
xvlo.xcore.tail__t227                  1.23792
xvlo.xcore.ibias__t209                 1.00456
xvlo.xcore.vss__t209               2.30682e-05
xvlo.xcore.vss__t261               5.89824e-13
xvlo.xcore.vss__t97                2.28662e-05
xvlo.xcore.ibias__t192                 1.00456
xvlo.xcore.tail__t319                  1.23792
xvlo.xcore.vss__t262               5.84657e-13
xvlo.xcore.tail__t218                  1.23792
xvlo.xcore.ibias__t191                 1.00456
xvlo.xcore.vss__t200               2.26641e-05
xvlo.xcore.vss__t263                5.7949e-13
xvlo.xcore.vss__t96                 2.2462e-05
xvlo.xcore.ibias__t190                 1.00456
xvlo.xcore.tail__t318                  1.23792
xvlo.xcore.vss__t264               5.74323e-13
xvlo.xcore.tail__t217                  1.23792
xvlo.xcore.ibias__t189                 1.00456
xvlo.xcore.vss__t199                 2.226e-05
xvlo.xcore.vss__t265               5.69156e-13
xvlo.xcore.vss__t95                2.20579e-05
xvlo.xcore.ibias__t188                 1.00456
xvlo.xcore.tail__t317                  1.23792
xvlo.xcore.vss__t266               5.63989e-13
xvlo.xcore.tail__t216                  1.23792
xvlo.xcore.ibias__t187                 1.00456
xvlo.xcore.vss__t198               2.18559e-05
xvlo.xcore.vss__t267               5.58823e-13
xvlo.xcore.vss__t94                2.16538e-05
xvlo.xcore.ibias__t186                 1.00456
xvlo.xcore.tail__t316                  1.23792
xvlo.xcore.vss__t268               5.53656e-13
xvlo.xcore.tail__t215                  1.23792
xvlo.xcore.ibias__t185                 1.00456
xvlo.xcore.vss__t197               2.14518e-05
xvlo.xcore.vss__t269                5.4849e-13
xvlo.xcore.vss__t93                2.12497e-05
xvlo.xcore.ibias__t184                 1.00456
xvlo.xcore.tail__t315                  1.23792
xvlo.xcore.vss__t270               5.43324e-13
xvlo.xcore.tail__t214                  1.23792
xvlo.xcore.ibias__t183                 1.00456
xvlo.xcore.vss__t196               2.10477e-05
xvlo.xcore.vss__t271               5.38158e-13
xvlo.xcore.vss__t92                2.08457e-05
xvlo.xcore.ibias__t182                 1.00456
xvlo.xcore.tail__t314                  1.23792
xvlo.xcore.vss__t272               5.32992e-13
xvlo.xcore.tail__t213                  1.23792
xvlo.xcore.ibias__t181                 1.00456
xvlo.xcore.vss__t195               2.06437e-05
xvlo.xcore.vss__t273               5.27826e-13
xvlo.xcore.vss__t91                2.04416e-05
xvlo.xcore.ibias__t180                 1.00456
xvlo.xcore.tail__t313                  1.23792
xvlo.xcore.vss__t274                5.2266e-13
xvlo.xcore.tail__t212                  1.23792
xvlo.xcore.ibias__t179                 1.00456
xvlo.xcore.vss__t194               2.02396e-05
xvlo.xcore.vss__t275               5.17495e-13
xvlo.xcore.vss__t90                2.00376e-05
xvlo.xcore.ibias__t178                 1.00456
xvlo.xcore.tail__t312                  1.23792
xvlo.xcore.vss__t276                5.1233e-13
xvlo.xcore.tail__t206                  1.23792
xvlo.xcore.ibias__t161                 1.00456
xvlo.xcore.vss__t184               1.98356e-05
xvlo.xcore.vss__t277               5.07165e-13
xvlo.xcore.vss__t57                1.96337e-05
xvlo.xcore.ibias__t112                 1.00456
xvlo.xcore.tail__t283                  1.23792
xvlo.xcore.vss__t278                  5.02e-13
xvlo.xcore.tail__t183                  1.23792
xvlo.xcore.ibias__t111                 1.00456
xvlo.xcore.vss__t160               1.94317e-05
xvlo.xcore.vss__t279               4.96835e-13
xvlo.xcore.vss__t56                1.92297e-05
xvlo.xcore.ibias__t110                 1.00456
xvlo.xcore.tail__t282                  1.23792
xvlo.xcore.vss__t280                4.9167e-13
xvlo.xcore.tail__t182                  1.23792
xvlo.xcore.ibias__t109                 1.00456
xvlo.xcore.vss__t159               1.90277e-05
xvlo.xcore.vss__t281               4.86506e-13
xvlo.xcore.vss__t55                1.88258e-05
xvlo.xcore.ibias__t108                 1.00456
xvlo.xcore.tail__t281                  1.23792
xvlo.xcore.vss__t282               4.81342e-13
xvlo.xcore.tail__t181                  1.23792
xvlo.xcore.ibias__t107                 1.00456
xvlo.xcore.vss__t158               1.86238e-05
xvlo.xcore.vss__t283               4.76178e-13
xvlo.xcore.vss__t54                1.84219e-05
xvlo.xcore.ibias__t106                 1.00456
xvlo.xcore.tail__t280                  1.23792
xvlo.xcore.vss__t284               4.71014e-13
xvlo.xcore.tail__t180                  1.23792
xvlo.xcore.ibias__t105                 1.00456
xvlo.xcore.vss__t157                 1.822e-05
xvlo.xcore.vss__t285               4.65851e-13
xvlo.xcore.vss__t53                 1.8018e-05
xvlo.xcore.ibias__t104                 1.00456
xvlo.xcore.tail__t279                  1.23792
xvlo.xcore.vss__t286               4.60688e-13
xvlo.xcore.tail__t205                  1.23793
xvlo.xcore.ibias__t156                 1.00456
xvlo.xcore.vss__t182               1.78161e-05
xvlo.xcore.vss__t287               4.55525e-13
xvlo.xcore.vss__t79                1.76142e-05
xvlo.xcore.ibias__t155                 1.00456
xvlo.xcore.tail__t305                  1.23793
xvlo.xcore.vss__t288               4.50362e-13
xvlo.xcore.tail__t204                  1.23793
xvlo.xcore.ibias__t154                 1.00456
xvlo.xcore.vss__t181               1.74123e-05
xvlo.xcore.vss__t289               4.45199e-13
xvlo.xcore.vss__t78                1.72104e-05
xvlo.xcore.ibias__t153                 1.00456
xvlo.xcore.tail__t304                  1.23793
xvlo.xcore.vss__t290               4.40037e-13
xvlo.xcore.tail__t203                  1.23793
xvlo.xcore.ibias__t152                 1.00456
xvlo.xcore.vss__t180               1.70085e-05
xvlo.xcore.vss__t291               4.34875e-13
xvlo.xcore.vss__t77                1.68067e-05
xvlo.xcore.ibias__t151                 1.00456
xvlo.xcore.tail__t303                  1.23793
xvlo.xcore.vss__t292               4.29714e-13
xvlo.xcore.tail__t202                  1.23793
xvlo.xcore.ibias__t150                 1.00456
xvlo.xcore.vss__t179               1.66048e-05
xvlo.xcore.vss__t293               4.24552e-13
xvlo.xcore.vss__t76                 1.6403e-05
xvlo.xcore.ibias__t149                 1.00456
xvlo.xcore.tail__t302                  1.23793
xvlo.xcore.vss__t294               4.19391e-13
xvlo.xcore.tail__t201                  1.23793
xvlo.xcore.ibias__t148                 1.00456
xvlo.xcore.vss__t178               1.62012e-05
xvlo.xcore.vss__t295               4.14231e-13
xvlo.xcore.vss__t75                1.59993e-05
xvlo.xcore.ibias__t147                 1.00456
xvlo.xcore.tail__t301                  1.23793
xvlo.xcore.vss__t296                4.0907e-13
xvlo.xcore.tail__t200                  1.23793
xvlo.xcore.ibias__t146                 1.00456
xvlo.xcore.vss__t177               1.57975e-05
xvlo.xcore.vss__t297                4.0391e-13
xvlo.xcore.vss__t98                1.55957e-05
xvlo.xcore.ibias__t193                 1.00456
xvlo.xcore.tail__t320                  1.23793
xvlo.xcore.vss__t298                3.9875e-13
xvlo.xcore.tail__t226                  1.23793
xvlo.xcore.ibias__t208                 1.00456
xvlo.xcore.vss__t208                1.5394e-05
xvlo.xcore.vss__t299               3.93591e-13
xvlo.xcore.vss__t105               1.51922e-05
xvlo.xcore.ibias__t207                 1.00456
xvlo.xcore.tail__t327                  1.23793
xvlo.xcore.vss__t300               3.88432e-13
xvlo.xcore.tail__t225                  1.23793
xvlo.xcore.ibias__t206                 1.00456
xvlo.xcore.vss__t207               1.49905e-05
xvlo.xcore.vss__t301               3.83274e-13
xvlo.xcore.vss__t104               1.47887e-05
xvlo.xcore.ibias__t205                 1.00456
xvlo.xcore.tail__t326                  1.23793
xvlo.xcore.vss__t302               3.78116e-13
xvlo.xcore.tail__t224                  1.23793
xvlo.xcore.ibias__t204                 1.00456
xvlo.xcore.vss__t206                1.4587e-05
xvlo.xcore.vss__t303               3.72958e-13
xvlo.xcore.vss__t103               1.43853e-05
xvlo.xcore.ibias__t203                 1.00456
xvlo.xcore.tail__t325                  1.23793
xvlo.xcore.vss__t304               3.67801e-13
xvlo.xcore.tail__t223                  1.23793
xvlo.xcore.ibias__t202                 1.00456
xvlo.xcore.vss__t205               1.41837e-05
xvlo.xcore.vss__t305               3.62644e-13
xvlo.xcore.vss__t102                1.3982e-05
xvlo.xcore.ibias__t201                 1.00456
xvlo.xcore.tail__t324                  1.23793
xvlo.xcore.vss__t306               3.57488e-13
xvlo.xcore.tail__t222                  1.23793
xvlo.xcore.ibias__t200                 1.00456
xvlo.xcore.vss__t204               1.37804e-05
xvlo.xcore.vss__t307               3.52332e-13
xvlo.xcore.vss__t101               1.35787e-05
xvlo.xcore.ibias__t199                 1.00456
xvlo.xcore.tail__t323                  1.23793
xvlo.xcore.vss__t308               3.47177e-13
xvlo.xcore.tail__t221                  1.23793
xvlo.xcore.ibias__t198                 1.00456
xvlo.xcore.vss__t203               1.33771e-05
xvlo.xcore.vss__t309               3.42023e-13
xvlo.xcore.vss__t100               1.31756e-05
xvlo.xcore.ibias__t197                 1.00456
xvlo.xcore.tail__t322                  1.23793
xvlo.xcore.vss__t310               3.36869e-13
xvlo.xcore.tail__t220                  1.23793
xvlo.xcore.ibias__t196                 1.00456
xvlo.xcore.vss__t202                1.2974e-05
xvlo.xcore.vss__t311               3.31715e-13
xvlo.xcore.vss__t80                1.27725e-05
xvlo.xcore.ibias__t157                 1.00456
xvlo.xcore.tail__t306                  1.23793
xvlo.xcore.vss__t312               3.26563e-13
xvlo.xcore.tail__t185                  1.23793
xvlo.xcore.ibias__t116                 1.00456
xvlo.xcore.vss__t162                1.2571e-05
xvlo.xcore.vss__t313               3.21411e-13
xvlo.xcore.vss__t59                1.23696e-05
xvlo.xcore.ibias__t115                 1.00456
xvlo.xcore.tail__t285                  1.23793
xvlo.xcore.vss__t314               3.16259e-13
xvlo.xcore.tail__t184                  1.23793
xvlo.xcore.ibias__t114                 1.00456
xvlo.xcore.vss__t161               1.21681e-05
xvlo.xcore.vss__t315               3.11109e-13
xvlo.xcore.vss__t71                1.19667e-05
xvlo.xcore.ibias__t139                 1.00456
xvlo.xcore.tail__t297                  1.23793
xvlo.xcore.vss__t316               3.05959e-13
xvlo.xcore.tail__t196                  1.23793
xvlo.xcore.ibias__t138                 1.00456
xvlo.xcore.vss__t173               1.17653e-05
xvlo.xcore.vss__t317                3.0081e-13
xvlo.xcore.vss__t70                 1.1564e-05
xvlo.xcore.ibias__t137                 1.00456
xvlo.xcore.tail__t296                  1.23794
xvlo.xcore.vss__t318               2.95662e-13
xvlo.xcore.tail__t195                  1.23794
xvlo.xcore.ibias__t136                 1.00456
xvlo.xcore.vss__t172               1.13627e-05
xvlo.xcore.vss__t319               2.90515e-13
xvlo.xcore.vss__t69                1.11614e-05
xvlo.xcore.ibias__t135                 1.00456
xvlo.xcore.tail__t295                  1.23794
xvlo.xcore.vss__t320               2.85369e-13
xvlo.xcore.tail__t194                  1.23794
xvlo.xcore.ibias__t134                 1.00456
xvlo.xcore.vss__t171               1.09602e-05
xvlo.xcore.vss__t321               2.80224e-13
xvlo.xcore.vss__t61                 1.0759e-05
xvlo.xcore.ibias__t119                 1.00456
xvlo.xcore.tail__t287                  1.23794
xvlo.xcore.vss__t322                2.7508e-13
xvlo.xcore.tail__t179                  1.23794
xvlo.xcore.ibias__t103                 1.00456
xvlo.xcore.vss__t156               1.05579e-05
xvlo.xcore.vss__t323               2.69938e-13
xvlo.xcore.vss__t48                1.03568e-05
xvlo.xcore.ibias__t92                  1.00456
xvlo.xcore.tail__t274                  1.23794
xvlo.xcore.vss__t324               2.64796e-13
xvlo.xcore.tail__t178                  1.23794
xvlo.xcore.ibias__t102                 1.00456
xvlo.xcore.vss__t155               1.01558e-05
xvlo.xcore.vss__t325               2.59656e-13
xvlo.xcore.vss__t52                9.95477e-06
xvlo.xcore.ibias__t101                 1.00456
xvlo.xcore.tail__t278                  1.23794
xvlo.xcore.vss__t326               2.54517e-13
xvlo.xcore.tail__t177                  1.23794
xvlo.xcore.ibias__t100                 1.00456
xvlo.xcore.vss__t154               9.75385e-06
xvlo.xcore.vss__t327                2.4938e-13
xvlo.xcore.vss__t51                9.55298e-06
xvlo.xcore.ibias__t99                  1.00456
xvlo.xcore.tail__t277                  1.23794
xvlo.xcore.vss__t328               2.44244e-13
xvlo.xcore.tail__t176                  1.23794
xvlo.xcore.ibias__t98                  1.00456
xvlo.xcore.vss__t153               9.35217e-06
xvlo.xcore.vss__t329               2.39109e-13
xvlo.xcore.vss__t58                9.15144e-06
xvlo.xcore.ibias__t113                 1.00456
xvlo.xcore.tail__t284                  1.23794
xvlo.xcore.vss__t330               2.33977e-13
xvlo.xcore.tail__t174                  1.23794
xvlo.xcore.ibias__t96                  1.00456
xvlo.xcore.vss__t151               8.95078e-06
xvlo.xcore.vss__t331               2.28846e-13
xvlo.xcore.vss__t50                8.75019e-06
xvlo.xcore.ibias__t95                  1.00456
xvlo.xcore.tail__t276                  1.23794
xvlo.xcore.vss__t332               2.23718e-13
xvlo.xcore.tail__t173                  1.23794
xvlo.xcore.ibias__t94                  1.00456
xvlo.xcore.vss__t150               8.54969e-06
xvlo.xcore.vss__t333               2.18592e-13
xvlo.xcore.vss__t49                8.34928e-06
xvlo.xcore.ibias__t93                  1.00456
xvlo.xcore.tail__t275                  1.23794
xvlo.xcore.vss__t334               2.13467e-13
xvlo.xcore.tail__t172                  1.23794
xvlo.xcore.ibias__t91                  1.00456
xvlo.xcore.vss__t149               8.14897e-06
xvlo.xcore.vss__t335               2.08346e-13
xvlo.xcore.vss__t47                7.94876e-06
xvlo.xcore.ibias__t90                  1.00456
xvlo.xcore.tail__t273                  1.23794
xvlo.xcore.vss__t336               2.03227e-13
xvlo.xcore.tail__t171                  1.23794
xvlo.xcore.ibias__t89                  1.00456
xvlo.xcore.vss__t148               7.74867e-06
xvlo.xcore.vss__t337               1.98111e-13
xvlo.xcore.vss__t46                7.54869e-06
xvlo.xcore.ibias__t88                  1.00456
xvlo.xcore.tail__t272                  1.23794
xvlo.xcore.vss__t338               1.92998e-13
xvlo.xcore.tail__t170                  1.23794
xvlo.xcore.ibias__t87                  1.00456
xvlo.xcore.vss__t147               7.34885e-06
xvlo.xcore.vss__t339               1.87888e-13
xvlo.xcore.vss__t45                7.14915e-06
xvlo.xcore.ibias__t86                  1.00456
xvlo.xcore.tail__t271                  1.23794
xvlo.xcore.vss__t340               1.82782e-13
xvlo.xcore.tail__t169                  1.23794
xvlo.xcore.ibias__t85                  1.00456
xvlo.xcore.vss__t146                6.9496e-06
xvlo.xcore.vss__t341                1.7768e-13
xvlo.xcore.vss__t44                6.75022e-06
xvlo.xcore.ibias__t84                  1.00456
xvlo.xcore.tail__t270                  1.23794
xvlo.xcore.vss__t342               1.72583e-13
xvlo.xcore.tail__t168                  1.23794
xvlo.xcore.ibias__t83                  1.00456
xvlo.xcore.vss__t145               6.55102e-06
xvlo.xcore.vss__t343                1.6749e-13
xvlo.xcore.vss__t66                6.35203e-06
xvlo.xcore.ibias__t129                 1.00456
xvlo.xcore.tail__t292                  1.23794
xvlo.xcore.vss__t344               1.62402e-13
xvlo.xcore.tail__t199                  1.23794
xvlo.xcore.ibias__t144                 1.00456
xvlo.xcore.vss__t176               6.15325e-06
xvlo.xcore.vss__t345                1.5732e-13
xvlo.xcore.vss__t73                5.95472e-06
xvlo.xcore.ibias__t143                 1.00456
xvlo.xcore.tail__t299                  1.23794
xvlo.xcore.vss__t346               1.52244e-13
xvlo.xcore.tail__t198                  1.23794
xvlo.xcore.ibias__t142                 1.00456
xvlo.xcore.vss__t175               5.75646e-06
xvlo.xcore.vss__t347               1.47175e-13
xvlo.xcore.vss__t72                5.55849e-06
xvlo.xcore.ibias__t141                 1.00456
xvlo.xcore.tail__t298                  1.23795
xvlo.xcore.vss__t348               1.42113e-13
xvlo.xcore.outp__t53                   2.46396
xvlo.xcore.inp__t1                      2.5245
xvlo.xcore.tail__t0                    1.23802
xvlo.xcore.vss__t460               1.19466e-12
xvlo.xcore.tail__t119                  1.23802
xvlo.xcore.inp__t53                     2.5245
xvlo.xcore.outp__t52                   2.46396
xvlo.xcore.vss__t462               1.20597e-12
xvlo.xcore.outp__t46                   2.46395
xvlo.xcore.inp__t52                     2.5245
xvlo.xcore.tail__t118                  1.23802
xvlo.xcore.vss__t463               1.21728e-12
xvlo.xcore.tail__t58                   1.23802
xvlo.xcore.inp__t61                     2.5245
xvlo.xcore.outp__t82                   2.46395
xvlo.xcore.vss__t464               1.22859e-12
xvlo.xcore.outp__t30                   2.46395
xvlo.xcore.inp__t24                     2.5245
xvlo.xcore.tail__t98                   1.23802
xvlo.xcore.vss__t465               1.23991e-12
xvlo.xcore.tail__t38                   1.23802
xvlo.xcore.inp__t23                     2.5245
xvlo.xcore.outp__t64                   2.46395
xvlo.xcore.vss__t466               1.25122e-12
xvlo.xcore.outp__t29                   2.46395
xvlo.xcore.inp__t22                     2.5245
xvlo.xcore.tail__t97                   1.23802
xvlo.xcore.vss__t467               1.26254e-12
xvlo.xcore.tail__t37                   1.23803
xvlo.xcore.inp__t21                     2.5245
xvlo.xcore.outp__t63                   2.46395
xvlo.xcore.vss__t468               1.27385e-12
xvlo.xcore.outp__t28                   2.46394
xvlo.xcore.inp__t20                     2.5245
xvlo.xcore.tail__t96                   1.23803
xvlo.xcore.vss__t469               1.28517e-12
xvlo.xcore.tail__t36                   1.23803
xvlo.xcore.inp__t19                     2.5245
xvlo.xcore.outp__t62                   2.46394
xvlo.xcore.vss__t470               1.29648e-12
xvlo.xcore.outp__t27                   2.46394
xvlo.xcore.inp__t18                     2.5245
xvlo.xcore.tail__t95                   1.23803
xvlo.xcore.vss__t471                1.3078e-12
xvlo.xcore.tail__t35                   1.23803
xvlo.xcore.inp__t17                     2.5245
xvlo.xcore.outp__t61                   2.46394
xvlo.xcore.vss__t472               1.31912e-12
xvlo.xcore.outp__t26                   2.46394
xvlo.xcore.inp__t16                     2.5245
xvlo.xcore.tail__t94                   1.23803
xvlo.xcore.vss__t473               1.33043e-12
xvlo.xcore.tail__t33                   1.23803
xvlo.xcore.inp__t15                     2.5245
xvlo.xcore.outp__t60                   2.46394
xvlo.xcore.vss__t474               1.34175e-12
xvlo.xcore.outp__t47                   2.46394
xvlo.xcore.inp__t54                     2.5245
xvlo.xcore.tail__t120                  1.23803
xvlo.xcore.vss__t475               1.35307e-12
xvlo.xcore.tail__t54                   1.23803
xvlo.xcore.inp__t55                     2.5245
xvlo.xcore.outp__t78                   2.46393
xvlo.xcore.vss__t476               1.36439e-12
xvlo.xcore.outp__t51                   2.46393
xvlo.xcore.inp__t63                     2.5245
xvlo.xcore.tail__t126                  1.23803
xvlo.xcore.vss__t477               1.37571e-12
xvlo.xcore.tail__t57                   1.23803
xvlo.xcore.inp__t60                     2.5245
xvlo.xcore.outp__t81                   2.46393
xvlo.xcore.vss__t478               1.38703e-12
xvlo.xcore.outp__t49                   2.46393
xvlo.xcore.inp__t59                     2.5245
xvlo.xcore.tail__t122                  1.23803
xvlo.xcore.vss__t479               1.39835e-12
xvlo.xcore.tail__t56                   1.23803
xvlo.xcore.inp__t58                     2.5245
xvlo.xcore.outp__t80                   2.46393
xvlo.xcore.vss__t480               1.40967e-12
xvlo.xcore.outp__t48                   2.46393
xvlo.xcore.inp__t57                     2.5245
xvlo.xcore.tail__t121                  1.23804
xvlo.xcore.vss__t481               1.42099e-12
xvlo.xcore.tail__t55                   1.23804
xvlo.xcore.inp__t56                     2.5245
xvlo.xcore.outp__t79                   2.46392
xvlo.xcore.vss__t482               1.43231e-12
xvlo.xcore.outp__t24                   2.46392
xvlo.xcore.inp__t11                     2.5245
xvlo.xcore.tail__t92                   1.23804
xvlo.xcore.vss__t483               1.44363e-12
xvlo.xcore.tail__t30                   1.23804
xvlo.xcore.inp__t10                     2.5245
xvlo.xcore.outp__t57                   2.46392
xvlo.xcore.vss__t484               1.45495e-12
xvlo.xcore.outp__t23                   2.46392
xvlo.xcore.inp__t9                      2.5245
xvlo.xcore.tail__t88                   1.23804
xvlo.xcore.vss__t485               1.46627e-12
xvlo.xcore.tail__t32                   1.23804
xvlo.xcore.inp__t14                     2.5245
xvlo.xcore.outp__t59                   2.46392
xvlo.xcore.vss__t486               1.47759e-12
xvlo.xcore.outp__t25                   2.46392
xvlo.xcore.inp__t13                     2.5245
xvlo.xcore.tail__t93                   1.23804
xvlo.xcore.vss__t487               1.48891e-12
xvlo.xcore.tail__t60                   1.23804
xvlo.xcore.inp__t0                      2.5245
xvlo.xcore.outp__t83                   2.46391
xvlo.xcore.vss__t488               1.50024e-12
xvlo.xcore.outp__t50                   2.46391
xvlo.xcore.inp__t62                     2.5245
xvlo.xcore.tail__t123                  1.23804
xvlo.xcore.vss__t489               1.51156e-12
xvlo.xcore.tail__t42                   1.23804
xvlo.xcore.inp__t29                     2.5245
xvlo.xcore.outp__t67                   2.46391
xvlo.xcore.vss__t490               1.52288e-12
xvlo.xcore.outp__t32                   2.46391
xvlo.xcore.inp__t28                     2.5245
xvlo.xcore.tail__t102                  1.23804
xvlo.xcore.vss__t491                1.5342e-12
xvlo.xcore.tail__t41                   1.23804
xvlo.xcore.inp__t27                     2.5245
xvlo.xcore.outp__t66                   2.46391
xvlo.xcore.vss__t492               1.54553e-12
xvlo.xcore.outp__t31                   2.46391
xvlo.xcore.inp__t26                     2.5245
xvlo.xcore.tail__t101                  1.23804
xvlo.xcore.vss__t493               1.55685e-12
xvlo.xcore.tail__t40                   1.23805
xvlo.xcore.inp__t25                     2.5245
xvlo.xcore.outp__t65                    2.4639
xvlo.xcore.vss__t494               1.56817e-12
xvlo.xcore.outp__t20                    2.4639
xvlo.xcore.inp__t4                      2.5245
xvlo.xcore.tail__t74                   1.23805
xvlo.xcore.vss__t495                1.5795e-12
xvlo.xcore.tail__t14                   1.23805
xvlo.xcore.inp__t3                      2.5245
xvlo.xcore.outp__t54                    2.4639
xvlo.xcore.vss__t496               1.59082e-12
xvlo.xcore.outp__t22                    2.4639
xvlo.xcore.inp__t7                      2.5245
xvlo.xcore.tail__t76                   1.23805
xvlo.xcore.vss__t497               1.60215e-12
xvlo.xcore.tail__t16                   1.23805
xvlo.xcore.inp__t6                      2.5245
xvlo.xcore.outp__t55                    2.4639
xvlo.xcore.vss__t498               1.61347e-12
xvlo.xcore.outp__t21                    2.4639
xvlo.xcore.inp__t5                      2.5245
xvlo.xcore.tail__t75                   1.23805
xvlo.xcore.vss__t499                1.6248e-12
xvlo.xcore.tail__t19                   1.23805
xvlo.xcore.inp__t8                      2.5245
xvlo.xcore.outp__t56                   2.46389
xvlo.xcore.vss__t500               1.63612e-12
xvlo.xcore.outp__t45                   2.46389
xvlo.xcore.inp__t50                     2.5245
xvlo.xcore.tail__t116                  1.23805
xvlo.xcore.vss__t501               1.64745e-12
xvlo.xcore.tail__t51                   1.23805
xvlo.xcore.inp__t49                     2.5245
xvlo.xcore.outp__t76                   2.46389
xvlo.xcore.vss__t502               1.65877e-12
xvlo.xcore.outp__t44                   2.46389
xvlo.xcore.inp__t48                     2.5245
xvlo.xcore.tail__t115                  1.23805
xvlo.xcore.vss__t503                1.6701e-12
xvlo.xcore.tail__t50                   1.23805
xvlo.xcore.inp__t47                     2.5245
xvlo.xcore.outp__t75                   2.46389
xvlo.xcore.vss__t504               1.68142e-12
xvlo.xcore.outp__t43                   2.46389
xvlo.xcore.inp__t46                     2.5245
xvlo.xcore.tail__t114                  1.23805
xvlo.xcore.vss__t505               1.69275e-12
xvlo.xcore.tail__t49                   1.23805
xvlo.xcore.inp__t45                     2.5245
xvlo.xcore.outp__t74                   2.46388
xvlo.xcore.vss__t506               1.70408e-12
xvlo.xcore.outp__t42                   2.46388
xvlo.xcore.inp__t44                     2.5245
xvlo.xcore.tail__t113                  1.23806
xvlo.xcore.vss__t507                1.7154e-12
xvlo.xcore.tail__t48                   1.23806
xvlo.xcore.inp__t43                     2.5245
xvlo.xcore.outp__t73                   2.46388
xvlo.xcore.vss__t508               1.72673e-12
xvlo.xcore.outp__t41                   2.46388
xvlo.xcore.inp__t42                     2.5245
xvlo.xcore.tail__t112                  1.23806
xvlo.xcore.vss__t509               1.73806e-12
xvlo.xcore.tail__t47                   1.23806
xvlo.xcore.inp__t41                     2.5245
xvlo.xcore.outp__t72                   2.46388
xvlo.xcore.vss__t510               1.74938e-12
xvlo.xcore.outp__t40                   2.46388
xvlo.xcore.inp__t40                     2.5245
xvlo.xcore.tail__t111                  1.23806
xvlo.xcore.vss__t511               1.76071e-12
xvlo.xcore.tail__t46                   1.23806
xvlo.xcore.inp__t39                     2.5245
xvlo.xcore.outp__t71                   2.46388
xvlo.xcore.vss__t512               1.77204e-12
xvlo.xcore.outp__t39                   2.46387
xvlo.xcore.inp__t38                     2.5245
xvlo.xcore.tail__t110                  1.23806
xvlo.xcore.vss__t513               1.78337e-12
xvlo.xcore.tail__t53                   1.23806
xvlo.xcore.inp__t51                     2.5245
xvlo.xcore.outp__t77                   2.46387
xvlo.xcore.vss__t514               1.79469e-12
xvlo.xcore.outp__t38                   2.46387
xvlo.xcore.inp__t37                     2.5245
xvlo.xcore.tail__t108                  1.23806
xvlo.xcore.vss__t515               1.80602e-12
xvlo.xcore.tail__t45                   1.23806
xvlo.xcore.inp__t36                     2.5245
xvlo.xcore.outp__t70                   2.46387
xvlo.xcore.vss__t516               1.81735e-12
xvlo.xcore.outp__t37                   2.46387
xvlo.xcore.inp__t35                     2.5245
xvlo.xcore.tail__t107                  1.23806
xvlo.xcore.vss__t517               1.82868e-12
xvlo.xcore.tail__t44                   1.23806
xvlo.xcore.inp__t34                     2.5245
xvlo.xcore.outp__t69                   2.46387
xvlo.xcore.vss__t518               1.84001e-12
xvlo.xcore.outp__t36                   2.46386
xvlo.xcore.inp__t33                     2.5245
xvlo.xcore.tail__t106                  1.23807
xvlo.xcore.vss__t519               1.85133e-12
xvlo.xcore.tail__t31                   1.23807
xvlo.xcore.inp__t12                     2.5245
xvlo.xcore.outp__t58                   2.46386
xvlo.xcore.vss__t520               1.86266e-12
xvlo.xcore.outp__t35                   2.46386
xvlo.xcore.inp__t32                     2.5245
xvlo.xcore.tail__t104                  1.23807
xvlo.xcore.vss__t521               1.87399e-12
xvlo.xcore.tail__t43                   1.23807
xvlo.xcore.inp__t31                     2.5245
xvlo.xcore.outp__t68                   2.46386
xvlo.xcore.vss__t522               1.88532e-12
xvlo.xcore.outp__t33                   2.46386
xvlo.xcore.inp__t30                     2.5245
xvlo.xcore.tail__t103                  1.23807
xvlo.xcore.vss__t523               1.89665e-12
xvlo.xcore.tail__t1                    1.23807
xvlo.xcore.inp__t2                      2.5245
xvlo.xcore.outp__t34                   2.46386
xvlo.xcore.vss__t586               1.90798e-12
xvlo.xcore.ibias__t215                 1.00183
xvlo.xcore.ibias__t3                   1.00456
xvlo.xcore.vss__t2                 2.51857e-05
xvlo.xcore.vss__t459               5.04669e-13
xvlo.xcore.vss__t81                2.49859e-05
xvlo.xcore.ibias__t158                 1.00456
xvlo.xcore.ibias__t216                 1.00186
xvlo.xcore.vss__t448               5.00678e-13
xvlo.xcore.ibias__t213                 1.00189
xvlo.xcore.ibias__t171                 1.00456
xvlo.xcore.vss__t190               2.47861e-05
xvlo.xcore.vss__t449               4.96688e-13
xvlo.xcore.vss__t83                2.45863e-05
xvlo.xcore.ibias__t163                 1.00456
xvlo.xcore.ibias__t218                 1.00192
xvlo.xcore.vss__t450               4.92697e-13
xvlo.xcore.ibias__t212                 1.00195
xvlo.xcore.ibias__t162                 1.00456
xvlo.xcore.vss__t185               2.43865e-05
xvlo.xcore.vss__t451               4.88706e-13
xvlo.xcore.vss__t89                2.41867e-05
xvlo.xcore.ibias__t177                 1.00456
xvlo.xcore.ibias__t219                 1.00198
xvlo.xcore.vss__t452               4.84714e-13
xvlo.xcore.ibias__t211                 1.00201
xvlo.xcore.ibias__t160                 1.00456
xvlo.xcore.vss__t183               2.39869e-05
xvlo.xcore.vss__t453               4.80723e-13
xvlo.xcore.vss__t82                2.37871e-05
xvlo.xcore.ibias__t159                 1.00456
xvlo.xcore.ibias__t217                 1.00204
xvlo.xcore.vss__t454               4.76731e-13
xvlo.xcore.ibias__t214                 1.00207
xvlo.xcore.ibias__t174                 1.00456
xvlo.xcore.vss__t192               2.35873e-05
xvlo.xcore.vss__t455                4.7274e-13
xvlo.xcore.vss__t3                 2.33875e-05
xvlo.xcore.ibias__t4                   1.00456
xvlo.xcore.ibias__t210                  1.0021
xvlo.xcore.vss__t457               4.68748e-13
xvlo.xcore.outn__t52                      2.97
xvlo.xcore.inn__t1                      1.6335
xvlo.xcore.tail__t3                    1.23796
xvlo.xcore.vss__t461               1.34797e-12
xvlo.xcore.tail__t62                   1.23796
xvlo.xcore.inn__t58                     1.6335
xvlo.xcore.outn__t81                      2.97
xvlo.xcore.vss__t524               1.36076e-12
xvlo.xcore.outn__t49                      2.97
xvlo.xcore.inn__t59                     1.6335
xvlo.xcore.tail__t124                  1.23796
xvlo.xcore.vss__t525               1.37355e-12
xvlo.xcore.tail__t63                   1.23796
xvlo.xcore.inn__t60                     1.6335
xvlo.xcore.outn__t82                      2.97
xvlo.xcore.vss__t526               1.38634e-12
xvlo.xcore.outn__t50                      2.97
xvlo.xcore.inn__t61                     1.6335
xvlo.xcore.tail__t125                  1.23796
xvlo.xcore.vss__t527               1.39914e-12
xvlo.xcore.tail__t64                   1.23796
xvlo.xcore.inn__t62                     1.6335
xvlo.xcore.outn__t83                      2.97
xvlo.xcore.vss__t528               1.41193e-12
xvlo.xcore.outn__t46                      2.97
xvlo.xcore.inn__t52                     1.6335
xvlo.xcore.tail__t105                  1.23796
xvlo.xcore.vss__t529               1.42472e-12
xvlo.xcore.tail__t15                   1.23796
xvlo.xcore.inn__t21                     1.6335
xvlo.xcore.outn__t63                      2.97
xvlo.xcore.vss__t530               1.43752e-12
xvlo.xcore.outn__t45                      2.97
xvlo.xcore.inn__t51                     1.6335
xvlo.xcore.tail__t100                  1.23796
xvlo.xcore.vss__t531               1.45031e-12
xvlo.xcore.tail__t34                   1.23796
xvlo.xcore.inn__t48                     1.6335
xvlo.xcore.outn__t76                      2.97
xvlo.xcore.vss__t532               1.46311e-12
xvlo.xcore.outn__t44                      2.97
xvlo.xcore.inn__t50                     1.6335
xvlo.xcore.tail__t99                   1.23796
xvlo.xcore.vss__t533                1.4759e-12
xvlo.xcore.tail__t61                   1.23796
xvlo.xcore.inn__t57                     1.6335
xvlo.xcore.outn__t80                      2.97
xvlo.xcore.vss__t534                1.4887e-12
xvlo.xcore.outn__t40                      2.97
xvlo.xcore.inn__t42                     1.6335
xvlo.xcore.tail__t87                   1.23796
xvlo.xcore.vss__t535               1.50149e-12
xvlo.xcore.tail__t27                   1.23796
xvlo.xcore.inn__t41                     1.6335
xvlo.xcore.outn__t73                      2.97
xvlo.xcore.vss__t536               1.51429e-12
xvlo.xcore.outn__t39                      2.97
xvlo.xcore.inn__t40                     1.6335
xvlo.xcore.tail__t86                   1.23796
xvlo.xcore.vss__t537               1.52708e-12
xvlo.xcore.tail__t26                   1.23796
xvlo.xcore.inn__t39                     1.6335
xvlo.xcore.outn__t72                      2.97
xvlo.xcore.vss__t538               1.53988e-12
xvlo.xcore.outn__t38                      2.97
xvlo.xcore.inn__t38                     1.6335
xvlo.xcore.tail__t85                   1.23796
xvlo.xcore.vss__t539               1.55268e-12
xvlo.xcore.tail__t25                   1.23796
xvlo.xcore.inn__t37                     1.6335
xvlo.xcore.outn__t71                      2.97
xvlo.xcore.vss__t540               1.56547e-12
xvlo.xcore.outn__t47                      2.97
xvlo.xcore.inn__t53                     1.6335
xvlo.xcore.tail__t109                  1.23796
xvlo.xcore.vss__t541               1.57827e-12
xvlo.xcore.tail__t52                   1.23796
xvlo.xcore.inn__t55                     1.6335
xvlo.xcore.outn__t78                      2.97
xvlo.xcore.vss__t542               1.59107e-12
xvlo.xcore.outn__t48                      2.97
xvlo.xcore.inn__t54                     1.6335
xvlo.xcore.tail__t117                  1.23796
xvlo.xcore.vss__t543               1.60386e-12
xvlo.xcore.tail__t39                   1.23796
xvlo.xcore.inn__t49                     1.6335
xvlo.xcore.outn__t77                      2.97
xvlo.xcore.vss__t544               1.61666e-12
xvlo.xcore.outn__t41                      2.97
xvlo.xcore.inn__t43                     1.6335
xvlo.xcore.tail__t89                   1.23796
xvlo.xcore.vss__t545               1.62946e-12
xvlo.xcore.tail__t29                   1.23796
xvlo.xcore.inn__t47                     1.6335
xvlo.xcore.outn__t75                      2.97
xvlo.xcore.vss__t546               1.64226e-12
xvlo.xcore.outn__t43                      2.97
xvlo.xcore.inn__t46                     1.6335
xvlo.xcore.tail__t91                   1.23796
xvlo.xcore.vss__t547               1.65506e-12
xvlo.xcore.tail__t28                   1.23796
xvlo.xcore.inn__t45                     1.6335
xvlo.xcore.outn__t74                      2.97
xvlo.xcore.vss__t548               1.66785e-12
xvlo.xcore.outn__t42                      2.97
xvlo.xcore.inn__t44                     1.6335
xvlo.xcore.tail__t90                   1.23796
xvlo.xcore.vss__t549               1.68065e-12
xvlo.xcore.tail__t59                   1.23796
xvlo.xcore.inn__t56                     1.6335
xvlo.xcore.outn__t79                      2.97
xvlo.xcore.vss__t550               1.69345e-12
xvlo.xcore.outn__t51                      2.97
xvlo.xcore.inn__t63                     1.6335
xvlo.xcore.tail__t127                  1.23796
xvlo.xcore.vss__t551               1.70625e-12
xvlo.xcore.tail__t13                   1.23796
xvlo.xcore.inn__t19                     1.6335
xvlo.xcore.outn__t62                      2.97
xvlo.xcore.vss__t552               1.71905e-12
xvlo.xcore.outn__t28                      2.97
xvlo.xcore.inn__t18                     1.6335
xvlo.xcore.tail__t72                   1.23796
xvlo.xcore.vss__t553               1.73185e-12
xvlo.xcore.tail__t12                   1.23796
xvlo.xcore.inn__t17                     1.6335
xvlo.xcore.outn__t61                      2.97
xvlo.xcore.vss__t554               1.74465e-12
xvlo.xcore.outn__t27                      2.97
xvlo.xcore.inn__t16                     1.6335
xvlo.xcore.tail__t71                   1.23796
xvlo.xcore.vss__t555               1.75745e-12
xvlo.xcore.tail__t11                   1.23796
xvlo.xcore.inn__t15                     1.6335
xvlo.xcore.outn__t60                      2.97
xvlo.xcore.vss__t556               1.77025e-12
xvlo.xcore.outn__t26                      2.97
xvlo.xcore.inn__t14                     1.6335
xvlo.xcore.tail__t70                   1.23796
xvlo.xcore.vss__t557               1.78305e-12
xvlo.xcore.tail__t10                   1.23796
xvlo.xcore.inn__t13                     1.6335
xvlo.xcore.outn__t59                      2.97
xvlo.xcore.vss__t558               1.79585e-12
xvlo.xcore.outn__t25                      2.97
xvlo.xcore.inn__t12                     1.6335
xvlo.xcore.tail__t69                   1.23796
xvlo.xcore.vss__t559               1.80865e-12
xvlo.xcore.tail__t6                    1.23796
xvlo.xcore.inn__t5                      1.6335
xvlo.xcore.outn__t55                      2.97
xvlo.xcore.vss__t560               1.82145e-12
xvlo.xcore.outn__t24                      2.97
xvlo.xcore.inn__t11                     1.6335
xvlo.xcore.tail__t68                   1.23796
xvlo.xcore.vss__t561               1.83425e-12
xvlo.xcore.tail__t4                    1.23796
xvlo.xcore.inn__t2                      1.6335
xvlo.xcore.outn__t53                      2.97
xvlo.xcore.vss__t562               1.84705e-12
xvlo.xcore.outn__t21                      2.97
xvlo.xcore.inn__t3                      1.6335
xvlo.xcore.tail__t65                   1.23796
xvlo.xcore.vss__t563               1.85985e-12
xvlo.xcore.tail__t5                    1.23796
xvlo.xcore.inn__t4                      1.6335
xvlo.xcore.outn__t54                      2.97
xvlo.xcore.vss__t564               1.87266e-12
xvlo.xcore.outn__t22                      2.97
xvlo.xcore.inn__t6                      1.6335
xvlo.xcore.tail__t66                   1.23796
xvlo.xcore.vss__t565               1.88546e-12
xvlo.xcore.tail__t7                    1.23796
xvlo.xcore.inn__t7                      1.6335
xvlo.xcore.outn__t56                      2.97
xvlo.xcore.vss__t566               1.89826e-12
xvlo.xcore.outn__t23                      2.97
xvlo.xcore.inn__t8                      1.6335
xvlo.xcore.tail__t67                   1.23796
xvlo.xcore.vss__t567               1.91106e-12
xvlo.xcore.tail__t8                    1.23796
xvlo.xcore.inn__t9                      1.6335
xvlo.xcore.outn__t57                      2.97
xvlo.xcore.vss__t568               1.92386e-12
xvlo.xcore.outn__t29                      2.97
xvlo.xcore.inn__t20                     1.6335
xvlo.xcore.tail__t73                   1.23796
xvlo.xcore.vss__t569               1.93666e-12
xvlo.xcore.tail__t9                    1.23796
xvlo.xcore.inn__t10                     1.6335
xvlo.xcore.outn__t58                      2.97
xvlo.xcore.vss__t570               1.94947e-12
xvlo.xcore.outn__t36                      2.97
xvlo.xcore.inn__t35                     1.6335
xvlo.xcore.tail__t83                   1.23796
xvlo.xcore.vss__t571               1.96227e-12
xvlo.xcore.tail__t24                   1.23796
xvlo.xcore.inn__t34                     1.6335
xvlo.xcore.outn__t70                      2.97
xvlo.xcore.vss__t572               1.97507e-12
xvlo.xcore.outn__t35                      2.97
xvlo.xcore.inn__t33                     1.6335
xvlo.xcore.tail__t82                   1.23796
xvlo.xcore.vss__t573               1.98787e-12
xvlo.xcore.tail__t23                   1.23796
xvlo.xcore.inn__t32                     1.6335
xvlo.xcore.outn__t69                      2.97
xvlo.xcore.vss__t574               2.00067e-12
xvlo.xcore.outn__t34                      2.97
xvlo.xcore.inn__t31                     1.6335
xvlo.xcore.tail__t81                   1.23796
xvlo.xcore.vss__t575               2.01348e-12
xvlo.xcore.tail__t22                   1.23796
xvlo.xcore.inn__t30                     1.6335
xvlo.xcore.outn__t68                      2.97
xvlo.xcore.vss__t576               2.02628e-12
xvlo.xcore.outn__t33                      2.97
xvlo.xcore.inn__t29                     1.6335
xvlo.xcore.tail__t80                   1.23796
xvlo.xcore.vss__t577               2.03908e-12
xvlo.xcore.tail__t21                   1.23796
xvlo.xcore.inn__t28                     1.6335
xvlo.xcore.outn__t67                      2.97
xvlo.xcore.vss__t578               2.05189e-12
xvlo.xcore.outn__t32                      2.97
xvlo.xcore.inn__t27                     1.6335
xvlo.xcore.tail__t79                   1.23796
xvlo.xcore.vss__t579               2.06469e-12
xvlo.xcore.tail__t20                   1.23796
xvlo.xcore.inn__t26                     1.6335
xvlo.xcore.outn__t66                      2.97
xvlo.xcore.vss__t580               2.07749e-12
xvlo.xcore.outn__t37                      2.97
xvlo.xcore.inn__t36                     1.6335
xvlo.xcore.tail__t84                   1.23796
xvlo.xcore.vss__t581                2.0903e-12
xvlo.xcore.tail__t18                   1.23796
xvlo.xcore.inn__t25                     1.6335
xvlo.xcore.outn__t65                      2.97
xvlo.xcore.vss__t582                2.1031e-12
xvlo.xcore.outn__t31                      2.97
xvlo.xcore.inn__t24                     1.6335
xvlo.xcore.tail__t78                   1.23796
xvlo.xcore.vss__t583                2.1159e-12
xvlo.xcore.tail__t17                   1.23796
xvlo.xcore.inn__t23                     1.6335
xvlo.xcore.outn__t64                      2.97
xvlo.xcore.vss__t584               2.12871e-12
xvlo.xcore.outn__t30                      2.97
xvlo.xcore.inn__t22                     1.6335
xvlo.xcore.tail__t77                   1.23796
xvlo.xcore.vss__t585               2.14151e-12
xvlo.xcore.tail__t2                    1.23796
xvlo.xcore.inn__t0                      1.6335
xvlo.xcore.outn__t20                      2.97
xvlo.xcore.vss__t587               2.15431e-12
xvlo.xcore.vss__t210               2.29439e-12
xvlo.xcore.outp__t16                   2.46407
xvlo.xcore.vss__t211               2.26742e-12
xvlo.xcore.outp__t17                   2.46407
xvlo.xcore.vss__t212               2.24048e-12
xvlo.xcore.outp__t18                   2.46407
xvlo.xcore.vss__t213               2.21355e-12
xvlo.xcore.outp__t19                   2.46407
xvlo.xcore.vss__t214               2.18665e-12
xvlo.xcore.outp__t0                    2.46407
xvlo.xcore.vss__t215               2.15978e-12
xvlo.xcore.outp__t1                    2.46407
xvlo.xcore.vss__t216               2.13293e-12
xvlo.xcore.outp__t2                    2.46407
xvlo.xcore.vss__t217                2.1061e-12
xvlo.xcore.outp__t3                    2.46407
xvlo.xcore.vss__t218                2.0793e-12
xvlo.xcore.outp__t4                    2.46407
xvlo.xcore.vss__t219               2.05253e-12
xvlo.xcore.outp__t15                   2.46407
xvlo.xcore.vss__t220               2.02579e-12
xvlo.xcore.outp__t6                    2.46407
xvlo.xcore.vss__t221               1.99909e-12
xvlo.xcore.outp__t7                    2.46407
xvlo.xcore.vss__t222               1.97241e-12
xvlo.xcore.outp__t8                    2.46407
xvlo.xcore.vss__t223               1.94576e-12
xvlo.xcore.outp__t9                    2.46407
xvlo.xcore.vss__t224               1.91915e-12
xvlo.xcore.outp__t10                   2.46407
xvlo.xcore.vss__t225               1.89258e-12
xvlo.xcore.outp__t11                   2.46407
xvlo.xcore.vss__t226               1.86604e-12
xvlo.xcore.outp__t12                   2.46407
xvlo.xcore.vss__t227               1.83954e-12
xvlo.xcore.outp__t13                   2.46407
xvlo.xcore.vss__t228               1.81308e-12
xvlo.xcore.outp__t14                   2.46407
xvlo.xcore.vss__t229               1.78667e-12
xvlo.xcore.outp__t5                    2.46407
xvlo.xcore.vss__t230               1.96611e-12
xvlo.xcore.outn__t0                       2.97
xvlo.xcore.vss__t231               1.99759e-12
xvlo.xcore.outn__t5                       2.97
xvlo.xcore.vss__t232               2.02914e-12
xvlo.xcore.outn__t6                       2.97
xvlo.xcore.vss__t233               2.06076e-12
xvlo.xcore.outn__t7                       2.97
xvlo.xcore.vss__t234               2.09243e-12
xvlo.xcore.outn__t8                       2.97
xvlo.xcore.vss__t235               2.12417e-12
xvlo.xcore.outn__t9                       2.97
xvlo.xcore.vss__t236               2.15595e-12
xvlo.xcore.outn__t10                      2.97
xvlo.xcore.vss__t237                2.1878e-12
xvlo.xcore.outn__t11                      2.97
xvlo.xcore.vss__t238               2.21969e-12
xvlo.xcore.outn__t12                      2.97
xvlo.xcore.vss__t239               2.25163e-12
xvlo.xcore.outn__t13                      2.97
xvlo.xcore.vss__t240               2.28362e-12
xvlo.xcore.outn__t14                      2.97
xvlo.xcore.vss__t241               2.31566e-12
xvlo.xcore.outn__t15                      2.97
xvlo.xcore.vss__t242               2.34774e-12
xvlo.xcore.outn__t16                      2.97
xvlo.xcore.vss__t243               2.37985e-12
xvlo.xcore.outn__t17                      2.97
xvlo.xcore.vss__t244               2.41201e-12
xvlo.xcore.outn__t19                      2.97
xvlo.xcore.vss__t245               2.44421e-12
xvlo.xcore.outn__t18                      2.97
xvlo.xcore.vss__t246               2.47644e-12
xvlo.xcore.outn__t1                       2.97
xvlo.xcore.vss__t247               2.50871e-12
xvlo.xcore.outn__t2                       2.97
xvlo.xcore.vss__t248               2.54101e-12
xvlo.xcore.outn__t3                       2.97
xvlo.xcore.vss__t249               2.57335e-12
xvlo.xcore.outn__t4                       2.97
ib_vlo                                 1.00456
xvlo.xcore.vsubs                             0
outn_vlo                                  2.97
outp_vlo                               2.46407
xvlo.tail                              1.23796
xvhi.xcore.tail__t186                  1.27038
xvhi.xcore.ibias__t118                 1.00456
xvhi.xcore.vss__t163               5.36877e-06
xvhi.xcore.vss__t349               1.47232e-13
xvhi.xcore.vss__t60                5.17121e-06
xvhi.xcore.ibias__t117                 1.00456
xvhi.xcore.tail__t286                  1.27038
xvhi.xcore.vss__t350               1.41814e-13
xvhi.xcore.tail__t197                  1.27038
xvhi.xcore.ibias__t140                 1.00456
xvhi.xcore.vss__t174               4.97406e-06
xvhi.xcore.vss__t351               1.36407e-13
xvhi.xcore.vss__t68                4.77738e-06
xvhi.xcore.ibias__t133                 1.00456
xvhi.xcore.tail__t294                  1.27038
xvhi.xcore.vss__t352               1.31013e-13
xvhi.xcore.tail__t193                  1.27038
xvhi.xcore.ibias__t132                 1.00456
xvhi.xcore.vss__t170               4.58121e-06
xvhi.xcore.vss__t353               1.25634e-13
xvhi.xcore.vss__t67                4.38564e-06
xvhi.xcore.ibias__t131                 1.00456
xvhi.xcore.tail__t293                  1.27038
xvhi.xcore.vss__t354                1.2027e-13
xvhi.xcore.tail__t192                  1.27038
xvhi.xcore.ibias__t130                 1.00456
xvhi.xcore.vss__t169               4.19074e-06
xvhi.xcore.vss__t355               1.14925e-13
xvhi.xcore.vss__t74                3.99662e-06
xvhi.xcore.ibias__t145                 1.00456
xvhi.xcore.tail__t300                  1.27038
xvhi.xcore.vss__t356               1.09602e-13
xvhi.xcore.tail__t191                  1.27038
xvhi.xcore.ibias__t128                 1.00456
xvhi.xcore.vss__t168               3.80339e-06
xvhi.xcore.vss__t357               1.04303e-13
xvhi.xcore.vss__t65                 3.6112e-06
xvhi.xcore.ibias__t127                 1.00456
xvhi.xcore.tail__t291                  1.27038
xvhi.xcore.vss__t358               9.90322e-14
xvhi.xcore.tail__t190                  1.27038
xvhi.xcore.ibias__t126                 1.00456
xvhi.xcore.vss__t167               3.42022e-06
xvhi.xcore.vss__t359               9.37948e-14
xvhi.xcore.vss__t64                3.23067e-06
xvhi.xcore.ibias__t125                 1.00456
xvhi.xcore.tail__t290                  1.27038
xvhi.xcore.vss__t360               8.85966e-14
xvhi.xcore.tail__t189                  1.27038
xvhi.xcore.ibias__t124                 1.00456
xvhi.xcore.vss__t166               3.04281e-06
xvhi.xcore.vss__t361               8.34448e-14
xvhi.xcore.vss__t63                2.85698e-06
xvhi.xcore.ibias__t123                 1.00456
xvhi.xcore.tail__t289                  1.27038
xvhi.xcore.vss__t362               7.83486e-14
xvhi.xcore.tail__t188                  1.27038
xvhi.xcore.ibias__t122                 1.00456
xvhi.xcore.vss__t165                2.6736e-06
xvhi.xcore.vss__t363               7.33197e-14
xvhi.xcore.vss__t62                2.49321e-06
xvhi.xcore.ibias__t121                 1.00456
xvhi.xcore.tail__t288                  1.27038
xvhi.xcore.vss__t364               6.83728e-14
xvhi.xcore.tail__t187                  1.27038
xvhi.xcore.ibias__t120                 1.00456
xvhi.xcore.vss__t164               2.31652e-06
xvhi.xcore.vss__t365               6.35271e-14
xvhi.xcore.vss__t26                2.14443e-06
xvhi.xcore.ibias__t0                   1.00456
xvhi.xcore.tail__t252                  1.27038
xvhi.xcore.vss__t366               5.88077e-14
xvhi.xcore.tail__t175                  1.27039
xvhi.xcore.ibias__t97                  1.00456
xvhi.xcore.vss__t152               1.97814e-06
xvhi.xcore.vss__t367               5.42475e-14
xvhi.xcore.vss__t42                1.81925e-06
xvhi.xcore.ibias__t78                  1.00456
xvhi.xcore.tail__t268                  1.27039
xvhi.xcore.vss__t368               4.98902e-14
xvhi.xcore.tail__t164                  1.27039
xvhi.xcore.ibias__t77                  1.00456
xvhi.xcore.vss__t141               1.66987e-06
xvhi.xcore.vss__t369               4.57938e-14
xvhi.xcore.vss__t37                 1.5328e-06
xvhi.xcore.ibias__t70                  1.00456
xvhi.xcore.tail__t263                  1.27039
xvhi.xcore.vss__t370               4.20346e-14
xvhi.xcore.tail__t167                  1.27039
xvhi.xcore.ibias__t82                  1.00456
xvhi.xcore.vss__t144                1.4116e-06
xvhi.xcore.vss__t371                3.8711e-14
xvhi.xcore.vss__t39                 1.3107e-06
xvhi.xcore.ibias__t72                  1.00456
xvhi.xcore.tail__t265                  1.27039
xvhi.xcore.vss__t372                3.5944e-14
xvhi.xcore.tail__t162                  1.27039
xvhi.xcore.ibias__t73                  1.00456
xvhi.xcore.vss__t139               1.23508e-06
xvhi.xcore.vss__t373               3.38703e-14
xvhi.xcore.vss__t40                1.18958e-06
xvhi.xcore.ibias__t74                  1.00456
xvhi.xcore.tail__t266                  1.27039
xvhi.xcore.vss__t374               3.26224e-14
xvhi.xcore.tail__t163                  1.27039
xvhi.xcore.ibias__t75                  1.00456
xvhi.xcore.vss__t140               1.17768e-06
xvhi.xcore.vss__t375               3.22962e-14
xvhi.xcore.vss__t41                1.20039e-06
xvhi.xcore.ibias__t76                  1.00456
xvhi.xcore.tail__t267                  1.27039
xvhi.xcore.vss__t376               3.29191e-14
xvhi.xcore.tail__t129                  1.27039
xvhi.xcore.ibias__t9                   1.00456
xvhi.xcore.vss__t107               1.25584e-06
xvhi.xcore.vss__t377               3.44396e-14
xvhi.xcore.vss__t6                 1.33995e-06
xvhi.xcore.ibias__t8                   1.00456
xvhi.xcore.tail__t232                  1.27039
xvhi.xcore.vss__t378               3.67465e-14
xvhi.xcore.tail__t128                  1.27039
xvhi.xcore.ibias__t7                   1.00456
xvhi.xcore.vss__t106               1.44776e-06
xvhi.xcore.vss__t379               3.97029e-14
xvhi.xcore.vss__t5                 1.57439e-06
xvhi.xcore.ibias__t6                   1.00456
xvhi.xcore.tail__t231                  1.27039
xvhi.xcore.vss__t380               4.31757e-14
xvhi.xcore.tail__t141                  1.27039
xvhi.xcore.ibias__t31                  1.00456
xvhi.xcore.vss__t119               1.71568e-06
xvhi.xcore.vss__t381               4.70505e-14
xvhi.xcore.vss__t4                 1.86832e-06
xvhi.xcore.ibias__t5                   1.00456
xvhi.xcore.tail__t230                  1.27039
xvhi.xcore.vss__t382               5.12364e-14
xvhi.xcore.tail__t158                  1.27039
xvhi.xcore.ibias__t62                  1.00456
xvhi.xcore.vss__t135               2.02973e-06
xvhi.xcore.vss__t383               5.56632e-14
xvhi.xcore.vss__t33                  2.198e-06
xvhi.xcore.ibias__t63                  1.00456
xvhi.xcore.tail__t259                  1.27039
xvhi.xcore.vss__t384               6.02778e-14
xvhi.xcore.tail__t159                  1.27039
xvhi.xcore.ibias__t64                  1.00456
xvhi.xcore.vss__t136               2.37165e-06
xvhi.xcore.vss__t385               6.50402e-14
xvhi.xcore.vss__t34                 2.5496e-06
xvhi.xcore.ibias__t65                  1.00456
xvhi.xcore.tail__t260                  1.27039
xvhi.xcore.vss__t386               6.99203e-14
xvhi.xcore.tail__t160                  1.27039
xvhi.xcore.ibias__t66                  1.00456
xvhi.xcore.vss__t137               2.73099e-06
xvhi.xcore.vss__t387               7.48951e-14
xvhi.xcore.vss__t35                2.91519e-06
xvhi.xcore.ibias__t67                  1.00456
xvhi.xcore.tail__t261                  1.27039
xvhi.xcore.vss__t388               7.99469e-14
xvhi.xcore.tail__t161                  1.27039
xvhi.xcore.ibias__t68                  1.00456
xvhi.xcore.vss__t138                3.1017e-06
xvhi.xcore.vss__t389               8.50619e-14
xvhi.xcore.vss__t36                3.29013e-06
xvhi.xcore.ibias__t69                  1.00456
xvhi.xcore.tail__t262                  1.27039
xvhi.xcore.vss__t390               9.02295e-14
xvhi.xcore.tail__t130                  1.27039
xvhi.xcore.ibias__t10                  1.00456
xvhi.xcore.vss__t108               3.48016e-06
xvhi.xcore.vss__t391                9.5441e-14
xvhi.xcore.vss__t13                3.67154e-06
xvhi.xcore.ibias__t23                  1.00456
xvhi.xcore.tail__t239                  1.27039
xvhi.xcore.vss__t392                1.0069e-13
xvhi.xcore.tail__t137                  1.27039
xvhi.xcore.ibias__t24                  1.00456
xvhi.xcore.vss__t115               3.86407e-06
xvhi.xcore.vss__t393                1.0597e-13
xvhi.xcore.vss__t14                4.05759e-06
xvhi.xcore.ibias__t25                  1.00456
xvhi.xcore.tail__t240                  1.27039
xvhi.xcore.vss__t394               1.11278e-13
xvhi.xcore.tail__t138                  1.27039
xvhi.xcore.ibias__t26                  1.00456
xvhi.xcore.vss__t116               4.25197e-06
xvhi.xcore.vss__t395               1.16609e-13
xvhi.xcore.vss__t15                4.44709e-06
xvhi.xcore.ibias__t27                  1.00456
xvhi.xcore.tail__t241                  1.27039
xvhi.xcore.vss__t396                1.2196e-13
xvhi.xcore.tail__t139                  1.27039
xvhi.xcore.ibias__t28                  1.00456
xvhi.xcore.vss__t117               4.64286e-06
xvhi.xcore.vss__t397               1.27329e-13
xvhi.xcore.vss__t16                4.83919e-06
xvhi.xcore.ibias__t29                  1.00456
xvhi.xcore.tail__t242                   1.2704
xvhi.xcore.vss__t398               1.32714e-13
xvhi.xcore.tail__t140                   1.2704
xvhi.xcore.ibias__t30                  1.00456
xvhi.xcore.vss__t118               5.03603e-06
xvhi.xcore.vss__t399               1.38112e-13
xvhi.xcore.vss__t21                5.23332e-06
xvhi.xcore.ibias__t41                  1.00456
xvhi.xcore.tail__t247                   1.2704
xvhi.xcore.vss__t400               1.43523e-13
xvhi.xcore.tail__t142                   1.2704
xvhi.xcore.ibias__t32                  1.00456
xvhi.xcore.vss__t120                 5.431e-06
xvhi.xcore.vss__t401               1.48944e-13
xvhi.xcore.vss__t17                5.62904e-06
xvhi.xcore.ibias__t33                  1.00456
xvhi.xcore.tail__t243                  1.27039
xvhi.xcore.vss__t402               1.54376e-13
xvhi.xcore.tail__t143                  1.27039
xvhi.xcore.ibias__t34                  1.00456
xvhi.xcore.vss__t121               5.82739e-06
xvhi.xcore.vss__t403               1.59816e-13
xvhi.xcore.vss__t18                6.02604e-06
xvhi.xcore.ibias__t35                  1.00456
xvhi.xcore.tail__t244                  1.27039
xvhi.xcore.vss__t404               1.65263e-13
xvhi.xcore.tail__t144                  1.27039
xvhi.xcore.ibias__t36                  1.00456
xvhi.xcore.vss__t122               6.22494e-06
xvhi.xcore.vss__t405               1.70718e-13
xvhi.xcore.vss__t19                6.42408e-06
xvhi.xcore.ibias__t37                  1.00456
xvhi.xcore.tail__t245                  1.27039
xvhi.xcore.vss__t406                1.7618e-13
xvhi.xcore.tail__t145                  1.27039
xvhi.xcore.ibias__t38                  1.00456
xvhi.xcore.vss__t123               6.62343e-06
xvhi.xcore.vss__t407               1.81647e-13
xvhi.xcore.vss__t20                6.82298e-06
xvhi.xcore.ibias__t39                  1.00456
xvhi.xcore.tail__t246                  1.27039
xvhi.xcore.vss__t408                1.8712e-13
xvhi.xcore.tail__t146                  1.27039
xvhi.xcore.ibias__t40                  1.00456
xvhi.xcore.vss__t124               7.02271e-06
xvhi.xcore.vss__t409               1.92598e-13
xvhi.xcore.vss__t8                 7.22261e-06
xvhi.xcore.ibias__t12                  1.00456
xvhi.xcore.tail__t234                  1.27039
xvhi.xcore.vss__t410                1.9808e-13
xvhi.xcore.tail__t135                  1.27039
xvhi.xcore.ibias__t21                  1.00456
xvhi.xcore.vss__t113               7.42265e-06
xvhi.xcore.vss__t411               2.03566e-13
xvhi.xcore.vss__t9                 7.62283e-06
xvhi.xcore.ibias__t13                  1.00456
xvhi.xcore.tail__t235                  1.27039
xvhi.xcore.vss__t412               2.09056e-13
xvhi.xcore.tail__t131                  1.27039
xvhi.xcore.ibias__t14                  1.00456
xvhi.xcore.vss__t109               7.82314e-06
xvhi.xcore.vss__t413                2.1455e-13
xvhi.xcore.vss__t10                8.02357e-06
xvhi.xcore.ibias__t15                  1.00456
xvhi.xcore.tail__t236                  1.27039
xvhi.xcore.vss__t414               2.20047e-13
xvhi.xcore.tail__t134                  1.27039
xvhi.xcore.ibias__t20                  1.00456
xvhi.xcore.vss__t112               8.22411e-06
xvhi.xcore.vss__t415               2.25546e-13
xvhi.xcore.vss__t12                8.42475e-06
xvhi.xcore.ibias__t19                  1.00456
xvhi.xcore.tail__t238                  1.27039
xvhi.xcore.vss__t416               2.31049e-13
xvhi.xcore.tail__t133                  1.27039
xvhi.xcore.ibias__t18                  1.00456
xvhi.xcore.vss__t111               8.62548e-06
xvhi.xcore.vss__t417               2.36554e-13
xvhi.xcore.vss__t11                 8.8263e-06
xvhi.xcore.ibias__t17                  1.00456
xvhi.xcore.tail__t237                  1.27039
xvhi.xcore.vss__t418               2.42062e-13
xvhi.xcore.tail__t132                  1.27039
xvhi.xcore.ibias__t16                  1.00456
xvhi.xcore.vss__t110               9.02721e-06
xvhi.xcore.vss__t419               2.47572e-13
xvhi.xcore.vss__t7                 9.22819e-06
xvhi.xcore.ibias__t11                  1.00456
xvhi.xcore.tail__t233                  1.27039
xvhi.xcore.vss__t420               2.53084e-13
xvhi.xcore.tail__t136                  1.27039
xvhi.xcore.ibias__t22                  1.00456
xvhi.xcore.vss__t114               9.42925e-06
xvhi.xcore.vss__t421               2.58598e-13
xvhi.xcore.vss__t23                9.63037e-06
xvhi.xcore.ibias__t45                  1.00456
xvhi.xcore.tail__t249                  1.27039
xvhi.xcore.vss__t422               2.64114e-13
xvhi.xcore.tail__t150                  1.27039
xvhi.xcore.ibias__t46                  1.00456
xvhi.xcore.vss__t127               9.83155e-06
xvhi.xcore.vss__t423               2.69632e-13
xvhi.xcore.vss__t24                1.00328e-05
xvhi.xcore.ibias__t47                  1.00456
xvhi.xcore.tail__t250                  1.27039
xvhi.xcore.vss__t424               2.75151e-13
xvhi.xcore.tail__t151                  1.27039
xvhi.xcore.ibias__t48                  1.00456
xvhi.xcore.vss__t128               1.02341e-05
xvhi.xcore.vss__t425               2.80672e-13
xvhi.xcore.vss__t25                1.04354e-05
xvhi.xcore.ibias__t49                  1.00456
xvhi.xcore.tail__t251                  1.27039
xvhi.xcore.vss__t426               2.86194e-13
xvhi.xcore.tail__t152                  1.27039
xvhi.xcore.ibias__t50                  1.00456
xvhi.xcore.vss__t129               1.06369e-05
xvhi.xcore.vss__t427               2.91718e-13
xvhi.xcore.vss__t32                1.08383e-05
xvhi.xcore.ibias__t61                  1.00456
xvhi.xcore.tail__t258                  1.27039
xvhi.xcore.vss__t428               2.97242e-13
xvhi.xcore.tail__t153                  1.27039
xvhi.xcore.ibias__t51                  1.00456
xvhi.xcore.vss__t130               1.10398e-05
xvhi.xcore.vss__t429               3.02769e-13
xvhi.xcore.vss__t27                1.12413e-05
xvhi.xcore.ibias__t52                  1.00456
xvhi.xcore.tail__t253                  1.27039
xvhi.xcore.vss__t430               3.08296e-13
xvhi.xcore.tail__t154                  1.27039
xvhi.xcore.ibias__t53                  1.00456
xvhi.xcore.vss__t131               1.14429e-05
xvhi.xcore.vss__t431               3.13824e-13
xvhi.xcore.vss__t28                1.16445e-05
xvhi.xcore.ibias__t54                  1.00456
xvhi.xcore.tail__t254                  1.27039
xvhi.xcore.vss__t432               3.19354e-13
xvhi.xcore.tail__t155                  1.27038
xvhi.xcore.ibias__t55                  1.00456
xvhi.xcore.vss__t132               1.18462e-05
xvhi.xcore.vss__t433               3.24884e-13
xvhi.xcore.vss__t29                1.20478e-05
xvhi.xcore.ibias__t56                  1.00456
xvhi.xcore.tail__t255                  1.27038
xvhi.xcore.vss__t434               3.30415e-13
xvhi.xcore.tail__t156                  1.27038
xvhi.xcore.ibias__t57                  1.00456
xvhi.xcore.vss__t133               1.22496e-05
xvhi.xcore.vss__t435               3.35947e-13
xvhi.xcore.vss__t30                1.24513e-05
xvhi.xcore.ibias__t58                  1.00456
xvhi.xcore.tail__t256                  1.27038
xvhi.xcore.vss__t436                3.4148e-13
xvhi.xcore.tail__t157                  1.27038
xvhi.xcore.ibias__t59                  1.00456
xvhi.xcore.vss__t134               1.26531e-05
xvhi.xcore.vss__t437               3.47014e-13
xvhi.xcore.vss__t31                1.28549e-05
xvhi.xcore.ibias__t60                  1.00456
xvhi.xcore.tail__t257                  1.27038
xvhi.xcore.vss__t438               3.52549e-13
xvhi.xcore.tail__t211                  1.27038
xvhi.xcore.ibias__t176                 1.00456
xvhi.xcore.vss__t193               1.30567e-05
xvhi.xcore.vss__t439               3.58084e-13
xvhi.xcore.vss__t88                1.32585e-05
xvhi.xcore.ibias__t175                 1.00456
xvhi.xcore.tail__t311                  1.27038
xvhi.xcore.vss__t440                3.6362e-13
xvhi.xcore.tail__t165                  1.27038
xvhi.xcore.ibias__t79                  1.00456
xvhi.xcore.vss__t142               1.34604e-05
xvhi.xcore.vss__t441               3.69157e-13
xvhi.xcore.vss__t43                1.36623e-05
xvhi.xcore.ibias__t80                  1.00456
xvhi.xcore.tail__t269                  1.27038
xvhi.xcore.vss__t442               3.74694e-13
xvhi.xcore.tail__t166                  1.27038
xvhi.xcore.ibias__t81                  1.00456
xvhi.xcore.vss__t143               1.38642e-05
xvhi.xcore.vss__t443               3.80232e-13
xvhi.xcore.vss__t38                1.40662e-05
xvhi.xcore.ibias__t71                  1.00456
xvhi.xcore.tail__t264                  1.27038
xvhi.xcore.vss__t444               3.85771e-13
xvhi.xcore.tail__t147                  1.27038
xvhi.xcore.ibias__t42                  1.00456
xvhi.xcore.vss__t125               1.42681e-05
xvhi.xcore.vss__t445                3.9131e-13
xvhi.xcore.vss__t22                1.44701e-05
xvhi.xcore.ibias__t43                  1.00456
xvhi.xcore.tail__t248                  1.27038
xvhi.xcore.vss__t446               3.96849e-13
xvhi.xcore.tail__t148                  1.27038
xvhi.xcore.ibias__t44                  1.00456
xvhi.xcore.vss__t126               1.46721e-05
xvhi.xcore.vss__t447               4.02389e-13
xvhi.xcore.vss__t0                 1.48741e-05
xvhi.xcore.ibias__t1                   1.00456
xvhi.xcore.tail__t149                  1.27038
xvhi.xcore.vss__t456                4.0793e-13
xvhi.xcore.tail__t229                  1.27035
xvhi.xcore.ibias__t2                   1.00456
xvhi.xcore.vss__t1                 2.55311e-05
xvhi.xcore.vss__t458               7.00187e-13
xvhi.xcore.vss__t189               2.53286e-05
xvhi.xcore.ibias__t170                 1.00456
xvhi.xcore.tail__t228                  1.27035
xvhi.xcore.vss__t250               6.94636e-13
xvhi.xcore.tail__t209                  1.27035
xvhi.xcore.ibias__t169                 1.00456
xvhi.xcore.vss__t188               2.51262e-05
xvhi.xcore.vss__t251               6.89084e-13
xvhi.xcore.vss__t86                2.49238e-05
xvhi.xcore.ibias__t168                 1.00456
xvhi.xcore.tail__t309                  1.27035
xvhi.xcore.vss__t252               6.83533e-13
xvhi.xcore.tail__t208                  1.27035
xvhi.xcore.ibias__t167                 1.00456
xvhi.xcore.vss__t187               2.47214e-05
xvhi.xcore.vss__t253               6.77982e-13
xvhi.xcore.vss__t85                 2.4519e-05
xvhi.xcore.ibias__t166                 1.00456
xvhi.xcore.tail__t308                  1.27035
xvhi.xcore.vss__t254               6.72431e-13
xvhi.xcore.tail__t207                  1.27035
xvhi.xcore.ibias__t165                 1.00456
xvhi.xcore.vss__t186               2.43166e-05
xvhi.xcore.vss__t255                6.6688e-13
xvhi.xcore.vss__t84                2.41142e-05
xvhi.xcore.ibias__t164                 1.00456
xvhi.xcore.tail__t307                  1.27035
xvhi.xcore.vss__t256               6.61329e-13
xvhi.xcore.tail__t210                  1.27035
xvhi.xcore.ibias__t173                 1.00456
xvhi.xcore.vss__t191               2.39118e-05
xvhi.xcore.vss__t257               6.55778e-13
xvhi.xcore.vss__t87                2.37095e-05
xvhi.xcore.ibias__t172                 1.00456
xvhi.xcore.tail__t310                  1.27035
xvhi.xcore.vss__t258               6.50227e-13
xvhi.xcore.tail__t219                  1.27035
xvhi.xcore.ibias__t195                 1.00456
xvhi.xcore.vss__t201               2.35071e-05
xvhi.xcore.vss__t259               6.44676e-13
xvhi.xcore.vss__t99                2.33047e-05
xvhi.xcore.ibias__t194                 1.00456
xvhi.xcore.tail__t321                  1.27035
xvhi.xcore.vss__t260               6.39126e-13
xvhi.xcore.tail__t227                  1.27035
xvhi.xcore.ibias__t209                 1.00456
xvhi.xcore.vss__t209               2.31023e-05
xvhi.xcore.vss__t261               6.33576e-13
xvhi.xcore.vss__t97                2.28999e-05
xvhi.xcore.ibias__t192                 1.00456
xvhi.xcore.tail__t319                  1.27035
xvhi.xcore.vss__t262               6.28025e-13
xvhi.xcore.tail__t218                  1.27035
xvhi.xcore.ibias__t191                 1.00456
xvhi.xcore.vss__t200               2.26976e-05
xvhi.xcore.vss__t263               6.22475e-13
xvhi.xcore.vss__t96                2.24952e-05
xvhi.xcore.ibias__t190                 1.00456
xvhi.xcore.tail__t318                  1.27035
xvhi.xcore.vss__t264               6.16925e-13
xvhi.xcore.tail__t217                  1.27035
xvhi.xcore.ibias__t189                 1.00456
xvhi.xcore.vss__t199               2.22929e-05
xvhi.xcore.vss__t265               6.11375e-13
xvhi.xcore.vss__t95                2.20905e-05
xvhi.xcore.ibias__t188                 1.00456
xvhi.xcore.tail__t317                  1.27035
xvhi.xcore.vss__t266               6.05825e-13
xvhi.xcore.tail__t216                  1.27035
xvhi.xcore.ibias__t187                 1.00456
xvhi.xcore.vss__t198               2.18881e-05
xvhi.xcore.vss__t267               6.00276e-13
xvhi.xcore.vss__t94                2.16858e-05
xvhi.xcore.ibias__t186                 1.00456
xvhi.xcore.tail__t316                  1.27035
xvhi.xcore.vss__t268               5.94726e-13
xvhi.xcore.tail__t215                  1.27035
xvhi.xcore.ibias__t185                 1.00456
xvhi.xcore.vss__t197               2.14835e-05
xvhi.xcore.vss__t269               5.89177e-13
xvhi.xcore.vss__t93                2.12811e-05
xvhi.xcore.ibias__t184                 1.00456
xvhi.xcore.tail__t315                  1.27035
xvhi.xcore.vss__t270               5.83628e-13
xvhi.xcore.tail__t214                  1.27035
xvhi.xcore.ibias__t183                 1.00456
xvhi.xcore.vss__t196               2.10788e-05
xvhi.xcore.vss__t271               5.78079e-13
xvhi.xcore.vss__t92                2.08765e-05
xvhi.xcore.ibias__t182                 1.00456
xvhi.xcore.tail__t314                  1.27035
xvhi.xcore.vss__t272                5.7253e-13
xvhi.xcore.tail__t213                  1.27035
xvhi.xcore.ibias__t181                 1.00456
xvhi.xcore.vss__t195               2.06742e-05
xvhi.xcore.vss__t273               5.66981e-13
xvhi.xcore.vss__t91                2.04718e-05
xvhi.xcore.ibias__t180                 1.00456
xvhi.xcore.tail__t313                  1.27035
xvhi.xcore.vss__t274               5.61432e-13
xvhi.xcore.tail__t212                  1.27035
xvhi.xcore.ibias__t179                 1.00456
xvhi.xcore.vss__t194               2.02695e-05
xvhi.xcore.vss__t275               5.55884e-13
xvhi.xcore.vss__t90                2.00672e-05
xvhi.xcore.ibias__t178                 1.00456
xvhi.xcore.tail__t312                  1.27036
xvhi.xcore.vss__t276               5.50336e-13
xvhi.xcore.tail__t206                  1.27036
xvhi.xcore.ibias__t161                 1.00456
xvhi.xcore.vss__t184               1.98649e-05
xvhi.xcore.vss__t277               5.44788e-13
xvhi.xcore.vss__t57                1.96627e-05
xvhi.xcore.ibias__t112                 1.00456
xvhi.xcore.tail__t283                  1.27036
xvhi.xcore.vss__t278                5.3924e-13
xvhi.xcore.tail__t183                  1.27036
xvhi.xcore.ibias__t111                 1.00456
xvhi.xcore.vss__t160               1.94604e-05
xvhi.xcore.vss__t279               5.33692e-13
xvhi.xcore.vss__t56                1.92581e-05
xvhi.xcore.ibias__t110                 1.00456
xvhi.xcore.tail__t282                  1.27036
xvhi.xcore.vss__t280               5.28145e-13
xvhi.xcore.tail__t182                  1.27036
xvhi.xcore.ibias__t109                 1.00456
xvhi.xcore.vss__t159               1.90558e-05
xvhi.xcore.vss__t281               5.22597e-13
xvhi.xcore.vss__t55                1.88536e-05
xvhi.xcore.ibias__t108                 1.00456
xvhi.xcore.tail__t281                  1.27036
xvhi.xcore.vss__t282                5.1705e-13
xvhi.xcore.tail__t181                  1.27036
xvhi.xcore.ibias__t107                 1.00456
xvhi.xcore.vss__t158               1.86513e-05
xvhi.xcore.vss__t283               5.11504e-13
xvhi.xcore.vss__t54                1.84491e-05
xvhi.xcore.ibias__t106                 1.00456
xvhi.xcore.tail__t280                  1.27036
xvhi.xcore.vss__t284               5.05957e-13
xvhi.xcore.tail__t180                  1.27036
xvhi.xcore.ibias__t105                 1.00456
xvhi.xcore.vss__t157               1.82469e-05
xvhi.xcore.vss__t285               5.00411e-13
xvhi.xcore.vss__t53                1.80446e-05
xvhi.xcore.ibias__t104                 1.00456
xvhi.xcore.tail__t279                  1.27036
xvhi.xcore.vss__t286               4.94865e-13
xvhi.xcore.tail__t205                  1.27036
xvhi.xcore.ibias__t156                 1.00456
xvhi.xcore.vss__t182               1.78424e-05
xvhi.xcore.vss__t287               4.89319e-13
xvhi.xcore.vss__t79                1.76402e-05
xvhi.xcore.ibias__t155                 1.00456
xvhi.xcore.tail__t305                  1.27036
xvhi.xcore.vss__t288               4.83773e-13
xvhi.xcore.tail__t204                  1.27036
xvhi.xcore.ibias__t154                 1.00456
xvhi.xcore.vss__t181                1.7438e-05
xvhi.xcore.vss__t289               4.78228e-13
xvhi.xcore.vss__t78                1.72358e-05
xvhi.xcore.ibias__t153                 1.00456
xvhi.xcore.tail__t304                  1.27036
xvhi.xcore.vss__t290               4.72683e-13
xvhi.xcore.tail__t203                  1.27036
xvhi.xcore.ibias__t152                 1.00456
xvhi.xcore.vss__t180               1.70337e-05
xvhi.xcore.vss__t291               4.67138e-13
xvhi.xcore.vss__t77                1.68315e-05
xvhi.xcore.ibias__t151                 1.00456
xvhi.xcore.tail__t303                  1.27036
xvhi.xcore.vss__t292               4.61594e-13
xvhi.xcore.tail__t202                  1.27036
xvhi.xcore.ibias__t150                 1.00456
xvhi.xcore.vss__t179               1.66294e-05
xvhi.xcore.vss__t293                4.5605e-13
xvhi.xcore.vss__t76                1.64272e-05
xvhi.xcore.ibias__t149                 1.00456
xvhi.xcore.tail__t302                  1.27036
xvhi.xcore.vss__t294               4.50506e-13
xvhi.xcore.tail__t201                  1.27036
xvhi.xcore.ibias__t148                 1.00456
xvhi.xcore.vss__t178               1.62251e-05
xvhi.xcore.vss__t295               4.44962e-13
xvhi.xcore.vss__t75                 1.6023e-05
xvhi.xcore.ibias__t147                 1.00456
xvhi.xcore.tail__t301                  1.27036
xvhi.xcore.vss__t296               4.39419e-13
xvhi.xcore.tail__t200                  1.27036
xvhi.xcore.ibias__t146                 1.00456
xvhi.xcore.vss__t177               1.58209e-05
xvhi.xcore.vss__t297               4.33877e-13
xvhi.xcore.vss__t98                1.56188e-05
xvhi.xcore.ibias__t193                 1.00456
xvhi.xcore.tail__t320                  1.27036
xvhi.xcore.vss__t298               4.28334e-13
xvhi.xcore.tail__t226                  1.27036
xvhi.xcore.ibias__t208                 1.00456
xvhi.xcore.vss__t208               1.54167e-05
xvhi.xcore.vss__t299               4.22792e-13
xvhi.xcore.vss__t105               1.52146e-05
xvhi.xcore.ibias__t207                 1.00456
xvhi.xcore.tail__t327                  1.27036
xvhi.xcore.vss__t300               4.17251e-13
xvhi.xcore.tail__t225                  1.27036
xvhi.xcore.ibias__t206                 1.00456
xvhi.xcore.vss__t207               1.50126e-05
xvhi.xcore.vss__t301                4.1171e-13
xvhi.xcore.vss__t104               1.48106e-05
xvhi.xcore.ibias__t205                 1.00456
xvhi.xcore.tail__t326                  1.27036
xvhi.xcore.vss__t302               4.06169e-13
xvhi.xcore.tail__t224                  1.27036
xvhi.xcore.ibias__t204                 1.00456
xvhi.xcore.vss__t206               1.46086e-05
xvhi.xcore.vss__t303               4.00629e-13
xvhi.xcore.vss__t103               1.44066e-05
xvhi.xcore.ibias__t203                 1.00456
xvhi.xcore.tail__t325                  1.27036
xvhi.xcore.vss__t304               3.95089e-13
xvhi.xcore.tail__t223                  1.27036
xvhi.xcore.ibias__t202                 1.00456
xvhi.xcore.vss__t205               1.42046e-05
xvhi.xcore.vss__t305                3.8955e-13
xvhi.xcore.vss__t102               1.40026e-05
xvhi.xcore.ibias__t201                 1.00456
xvhi.xcore.tail__t324                  1.27036
xvhi.xcore.vss__t306               3.84012e-13
xvhi.xcore.tail__t222                  1.27037
xvhi.xcore.ibias__t200                 1.00456
xvhi.xcore.vss__t204               1.38007e-05
xvhi.xcore.vss__t307               3.78474e-13
xvhi.xcore.vss__t101               1.35988e-05
xvhi.xcore.ibias__t199                 1.00456
xvhi.xcore.tail__t323                  1.27037
xvhi.xcore.vss__t308               3.72936e-13
xvhi.xcore.tail__t221                  1.27037
xvhi.xcore.ibias__t198                 1.00456
xvhi.xcore.vss__t203               1.33969e-05
xvhi.xcore.vss__t309               3.67399e-13
xvhi.xcore.vss__t100                1.3195e-05
xvhi.xcore.ibias__t197                 1.00456
xvhi.xcore.tail__t322                  1.27037
xvhi.xcore.vss__t310               3.61863e-13
xvhi.xcore.tail__t220                  1.27037
xvhi.xcore.ibias__t196                 1.00456
xvhi.xcore.vss__t202               1.29932e-05
xvhi.xcore.vss__t311               3.56328e-13
xvhi.xcore.vss__t80                1.27914e-05
xvhi.xcore.ibias__t157                 1.00456
xvhi.xcore.tail__t306                  1.27037
xvhi.xcore.vss__t312               3.50793e-13
xvhi.xcore.tail__t185                  1.27037
xvhi.xcore.ibias__t116                 1.00456
xvhi.xcore.vss__t162               1.25896e-05
xvhi.xcore.vss__t313               3.45259e-13
xvhi.xcore.vss__t59                1.23878e-05
xvhi.xcore.ibias__t115                 1.00456
xvhi.xcore.tail__t285                  1.27037
xvhi.xcore.vss__t314               3.39725e-13
xvhi.xcore.tail__t184                  1.27037
xvhi.xcore.ibias__t114                 1.00456
xvhi.xcore.vss__t161               1.21861e-05
xvhi.xcore.vss__t315               3.34193e-13
xvhi.xcore.vss__t71                1.19844e-05
xvhi.xcore.ibias__t139                 1.00456
xvhi.xcore.tail__t297                  1.27037
xvhi.xcore.vss__t316               3.28661e-13
xvhi.xcore.tail__t196                  1.27037
xvhi.xcore.ibias__t138                 1.00456
xvhi.xcore.vss__t173               1.17827e-05
xvhi.xcore.vss__t317                3.2313e-13
xvhi.xcore.vss__t70                1.15811e-05
xvhi.xcore.ibias__t137                 1.00456
xvhi.xcore.tail__t296                  1.27037
xvhi.xcore.vss__t318                 3.176e-13
xvhi.xcore.tail__t195                  1.27037
xvhi.xcore.ibias__t136                 1.00456
xvhi.xcore.vss__t172               1.13795e-05
xvhi.xcore.vss__t319               3.12072e-13
xvhi.xcore.vss__t69                1.11779e-05
xvhi.xcore.ibias__t135                 1.00456
xvhi.xcore.tail__t295                  1.27037
xvhi.xcore.vss__t320               3.06544e-13
xvhi.xcore.tail__t194                  1.27037
xvhi.xcore.ibias__t134                 1.00456
xvhi.xcore.vss__t171               1.09764e-05
xvhi.xcore.vss__t321               3.01017e-13
xvhi.xcore.vss__t61                1.07749e-05
xvhi.xcore.ibias__t119                 1.00456
xvhi.xcore.tail__t287                  1.27037
xvhi.xcore.vss__t322               2.95492e-13
xvhi.xcore.tail__t179                  1.27037
xvhi.xcore.ibias__t103                 1.00456
xvhi.xcore.vss__t156               1.05735e-05
xvhi.xcore.vss__t323               2.89967e-13
xvhi.xcore.vss__t48                1.03721e-05
xvhi.xcore.ibias__t92                  1.00456
xvhi.xcore.tail__t274                  1.27037
xvhi.xcore.vss__t324               2.84444e-13
xvhi.xcore.tail__t178                  1.27037
xvhi.xcore.ibias__t102                 1.00456
xvhi.xcore.vss__t155               1.01708e-05
xvhi.xcore.vss__t325               2.78923e-13
xvhi.xcore.vss__t52                9.96948e-06
xvhi.xcore.ibias__t101                 1.00456
xvhi.xcore.tail__t278                  1.27037
xvhi.xcore.vss__t326               2.73403e-13
xvhi.xcore.tail__t177                  1.27037
xvhi.xcore.ibias__t100                 1.00456
xvhi.xcore.vss__t154               9.76826e-06
xvhi.xcore.vss__t327               2.67884e-13
xvhi.xcore.vss__t51                9.56709e-06
xvhi.xcore.ibias__t99                  1.00456
xvhi.xcore.tail__t277                  1.27037
xvhi.xcore.vss__t328               2.62367e-13
xvhi.xcore.tail__t176                  1.27037
xvhi.xcore.ibias__t98                  1.00456
xvhi.xcore.vss__t153               9.36599e-06
xvhi.xcore.vss__t329               2.56852e-13
xvhi.xcore.vss__t58                9.16496e-06
xvhi.xcore.ibias__t113                 1.00456
xvhi.xcore.tail__t284                  1.27037
xvhi.xcore.vss__t330               2.51339e-13
xvhi.xcore.tail__t174                  1.27037
xvhi.xcore.ibias__t96                  1.00456
xvhi.xcore.vss__t151                 8.964e-06
xvhi.xcore.vss__t331               2.45828e-13
xvhi.xcore.vss__t50                8.76312e-06
xvhi.xcore.ibias__t95                  1.00456
xvhi.xcore.tail__t276                  1.27037
xvhi.xcore.vss__t332               2.40319e-13
xvhi.xcore.tail__t173                  1.27037
xvhi.xcore.ibias__t94                  1.00456
xvhi.xcore.vss__t150               8.56232e-06
xvhi.xcore.vss__t333               2.34812e-13
xvhi.xcore.vss__t49                8.36162e-06
xvhi.xcore.ibias__t93                  1.00456
xvhi.xcore.tail__t275                  1.27037
xvhi.xcore.vss__t334               2.29308e-13
xvhi.xcore.tail__t172                  1.27037
xvhi.xcore.ibias__t91                  1.00456
xvhi.xcore.vss__t149               8.16101e-06
xvhi.xcore.vss__t335               2.23806e-13
xvhi.xcore.vss__t47                7.96051e-06
xvhi.xcore.ibias__t90                  1.00456
xvhi.xcore.tail__t273                  1.27037
xvhi.xcore.vss__t336               2.18308e-13
xvhi.xcore.tail__t171                  1.27038
xvhi.xcore.ibias__t89                  1.00456
xvhi.xcore.vss__t148               7.76011e-06
xvhi.xcore.vss__t337               2.12812e-13
xvhi.xcore.vss__t46                7.55984e-06
xvhi.xcore.ibias__t88                  1.00456
xvhi.xcore.tail__t272                  1.27038
xvhi.xcore.vss__t338                2.0732e-13
xvhi.xcore.tail__t170                  1.27038
xvhi.xcore.ibias__t87                  1.00456
xvhi.xcore.vss__t147                7.3597e-06
xvhi.xcore.vss__t339               2.01831e-13
xvhi.xcore.vss__t45                7.15971e-06
xvhi.xcore.ibias__t86                  1.00456
xvhi.xcore.tail__t271                  1.27038
xvhi.xcore.vss__t340               1.96346e-13
xvhi.xcore.tail__t169                  1.27038
xvhi.xcore.ibias__t85                  1.00456
xvhi.xcore.vss__t146               6.95986e-06
xvhi.xcore.vss__t341               1.90866e-13
xvhi.xcore.vss__t44                6.76019e-06
xvhi.xcore.ibias__t84                  1.00456
xvhi.xcore.tail__t270                  1.27038
xvhi.xcore.vss__t342                1.8539e-13
xvhi.xcore.tail__t168                  1.27038
xvhi.xcore.ibias__t83                  1.00456
xvhi.xcore.vss__t145                6.5607e-06
xvhi.xcore.vss__t343               1.79919e-13
xvhi.xcore.vss__t66                6.36141e-06
xvhi.xcore.ibias__t129                 1.00456
xvhi.xcore.tail__t292                  1.27038
xvhi.xcore.vss__t344               1.74454e-13
xvhi.xcore.tail__t199                  1.27038
xvhi.xcore.ibias__t144                 1.00456
xvhi.xcore.vss__t176               6.16234e-06
xvhi.xcore.vss__t345               1.68995e-13
xvhi.xcore.vss__t73                5.96352e-06
xvhi.xcore.ibias__t143                 1.00456
xvhi.xcore.tail__t299                  1.27038
xvhi.xcore.vss__t346               1.63542e-13
xvhi.xcore.tail__t198                  1.27038
xvhi.xcore.ibias__t142                 1.00456
xvhi.xcore.vss__t175               5.76496e-06
xvhi.xcore.vss__t347               1.58097e-13
xvhi.xcore.vss__t72                 5.5667e-06
xvhi.xcore.ibias__t141                 1.00456
xvhi.xcore.tail__t298                  1.27038
xvhi.xcore.vss__t348                1.5266e-13
xvhi.xcore.outp__t53                   3.12321
xvhi.xcore.inp__t1                      2.5245
xvhi.xcore.tail__t0                    1.27045
xvhi.xcore.vss__t460               3.93537e-10
xvhi.xcore.tail__t119                  1.27045
xvhi.xcore.inp__t53                     2.5245
xvhi.xcore.outp__t52                    3.1232
xvhi.xcore.vss__t462               3.97255e-10
xvhi.xcore.outp__t46                    3.1232
xvhi.xcore.inp__t52                     2.5245
xvhi.xcore.tail__t118                  1.27045
xvhi.xcore.vss__t463               4.00973e-10
xvhi.xcore.tail__t58                   1.27046
xvhi.xcore.inp__t61                     2.5245
xvhi.xcore.outp__t82                    3.1232
xvhi.xcore.vss__t464               4.04691e-10
xvhi.xcore.outp__t30                    3.1232
xvhi.xcore.inp__t24                     2.5245
xvhi.xcore.tail__t98                   1.27046
xvhi.xcore.vss__t465               4.08409e-10
xvhi.xcore.tail__t38                   1.27046
xvhi.xcore.inp__t23                     2.5245
xvhi.xcore.outp__t64                    3.1232
xvhi.xcore.vss__t466               4.12127e-10
xvhi.xcore.outp__t29                    3.1232
xvhi.xcore.inp__t22                     2.5245
xvhi.xcore.tail__t97                   1.27046
xvhi.xcore.vss__t467               4.15845e-10
xvhi.xcore.tail__t37                   1.27046
xvhi.xcore.inp__t21                     2.5245
xvhi.xcore.outp__t63                   3.12319
xvhi.xcore.vss__t468               4.19563e-10
xvhi.xcore.outp__t28                   3.12319
xvhi.xcore.inp__t20                     2.5245
xvhi.xcore.tail__t96                   1.27046
xvhi.xcore.vss__t469               4.23281e-10
xvhi.xcore.tail__t36                   1.27046
xvhi.xcore.inp__t19                     2.5245
xvhi.xcore.outp__t62                   3.12319
xvhi.xcore.vss__t470               4.26999e-10
xvhi.xcore.outp__t27                   3.12319
xvhi.xcore.inp__t18                     2.5245
xvhi.xcore.tail__t95                   1.27046
xvhi.xcore.vss__t471               4.30717e-10
xvhi.xcore.tail__t35                   1.27046
xvhi.xcore.inp__t17                     2.5245
xvhi.xcore.outp__t61                   3.12319
xvhi.xcore.vss__t472               4.34435e-10
xvhi.xcore.outp__t26                   3.12319
xvhi.xcore.inp__t16                     2.5245
xvhi.xcore.tail__t94                   1.27046
xvhi.xcore.vss__t473               4.38153e-10
xvhi.xcore.tail__t33                   1.27046
xvhi.xcore.inp__t15                     2.5245
xvhi.xcore.outp__t60                   3.12319
xvhi.xcore.vss__t474                4.4187e-10
xvhi.xcore.outp__t47                   3.12318
xvhi.xcore.inp__t54                     2.5245
xvhi.xcore.tail__t120                  1.27046
xvhi.xcore.vss__t475               4.45588e-10
xvhi.xcore.tail__t54                   1.27047
xvhi.xcore.inp__t55                     2.5245
xvhi.xcore.outp__t78                   3.12318
xvhi.xcore.vss__t476               4.49306e-10
xvhi.xcore.outp__t51                   3.12318
xvhi.xcore.inp__t63                     2.5245
xvhi.xcore.tail__t126                  1.27047
xvhi.xcore.vss__t477               4.53024e-10
xvhi.xcore.tail__t57                   1.27047
xvhi.xcore.inp__t60                     2.5245
xvhi.xcore.outp__t81                   3.12318
xvhi.xcore.vss__t478               4.56741e-10
xvhi.xcore.outp__t49                   3.12318
xvhi.xcore.inp__t59                     2.5245
xvhi.xcore.tail__t122                  1.27047
xvhi.xcore.vss__t479               4.60459e-10
xvhi.xcore.tail__t56                   1.27047
xvhi.xcore.inp__t58                     2.5245
xvhi.xcore.outp__t80                   3.12318
xvhi.xcore.vss__t480               4.64176e-10
xvhi.xcore.outp__t48                   3.12317
xvhi.xcore.inp__t57                     2.5245
xvhi.xcore.tail__t121                  1.27047
xvhi.xcore.vss__t481               4.67894e-10
xvhi.xcore.tail__t55                   1.27047
xvhi.xcore.inp__t56                     2.5245
xvhi.xcore.outp__t79                   3.12317
xvhi.xcore.vss__t482               4.71611e-10
xvhi.xcore.outp__t24                   3.12317
xvhi.xcore.inp__t11                     2.5245
xvhi.xcore.tail__t92                   1.27047
xvhi.xcore.vss__t483               4.75329e-10
xvhi.xcore.tail__t30                   1.27047
xvhi.xcore.inp__t10                     2.5245
xvhi.xcore.outp__t57                   3.12317
xvhi.xcore.vss__t484               4.79046e-10
xvhi.xcore.outp__t23                   3.12317
xvhi.xcore.inp__t9                      2.5245
xvhi.xcore.tail__t88                   1.27047
xvhi.xcore.vss__t485               4.82763e-10
xvhi.xcore.tail__t32                   1.27047
xvhi.xcore.inp__t14                     2.5245
xvhi.xcore.outp__t59                   3.12317
xvhi.xcore.vss__t486                4.8648e-10
xvhi.xcore.outp__t25                   3.12316
xvhi.xcore.inp__t13                     2.5245
xvhi.xcore.tail__t93                   1.27047
xvhi.xcore.vss__t487               4.90197e-10
xvhi.xcore.tail__t60                   1.27047
xvhi.xcore.inp__t0                      2.5245
xvhi.xcore.outp__t83                   3.12316
xvhi.xcore.vss__t488               4.93914e-10
xvhi.xcore.outp__t50                   3.12316
xvhi.xcore.inp__t62                     2.5245
xvhi.xcore.tail__t123                  1.27048
xvhi.xcore.vss__t489               4.97631e-10
xvhi.xcore.tail__t42                   1.27048
xvhi.xcore.inp__t29                     2.5245
xvhi.xcore.outp__t67                   3.12316
xvhi.xcore.vss__t490               5.01348e-10
xvhi.xcore.outp__t32                   3.12316
xvhi.xcore.inp__t28                     2.5245
xvhi.xcore.tail__t102                  1.27048
xvhi.xcore.vss__t491               5.05065e-10
xvhi.xcore.tail__t41                   1.27048
xvhi.xcore.inp__t27                     2.5245
xvhi.xcore.outp__t66                   3.12316
xvhi.xcore.vss__t492               5.08782e-10
xvhi.xcore.outp__t31                   3.12315
xvhi.xcore.inp__t26                     2.5245
xvhi.xcore.tail__t101                  1.27048
xvhi.xcore.vss__t493               5.12498e-10
xvhi.xcore.tail__t40                   1.27048
xvhi.xcore.inp__t25                     2.5245
xvhi.xcore.outp__t65                   3.12315
xvhi.xcore.vss__t494               5.16215e-10
xvhi.xcore.outp__t20                   3.12315
xvhi.xcore.inp__t4                      2.5245
xvhi.xcore.tail__t74                   1.27048
xvhi.xcore.vss__t495               5.19931e-10
xvhi.xcore.tail__t14                   1.27048
xvhi.xcore.inp__t3                      2.5245
xvhi.xcore.outp__t54                   3.12315
xvhi.xcore.vss__t496               5.23648e-10
xvhi.xcore.outp__t22                   3.12315
xvhi.xcore.inp__t7                      2.5245
xvhi.xcore.tail__t76                   1.27048
xvhi.xcore.vss__t497               5.27364e-10
xvhi.xcore.tail__t16                   1.27048
xvhi.xcore.inp__t6                      2.5245
xvhi.xcore.outp__t55                   3.12315
xvhi.xcore.vss__t498                5.3108e-10
xvhi.xcore.outp__t21                   3.12314
xvhi.xcore.inp__t5                      2.5245
xvhi.xcore.tail__t75                   1.27048
xvhi.xcore.vss__t499               5.34796e-10
xvhi.xcore.tail__t19                   1.27048
xvhi.xcore.inp__t8                      2.5245
xvhi.xcore.outp__t56                   3.12314
xvhi.xcore.vss__t500               5.38512e-10
xvhi.xcore.outp__t45                   3.12314
xvhi.xcore.inp__t50                     2.5245
xvhi.xcore.tail__t116                  1.27048
xvhi.xcore.vss__t501               5.42228e-10
xvhi.xcore.tail__t51                   1.27049
xvhi.xcore.inp__t49                     2.5245
xvhi.xcore.outp__t76                   3.12314
xvhi.xcore.vss__t502               5.45944e-10
xvhi.xcore.outp__t44                   3.12314
xvhi.xcore.inp__t48                     2.5245
xvhi.xcore.tail__t115                  1.27049
xvhi.xcore.vss__t503                5.4966e-10
xvhi.xcore.tail__t50                   1.27049
xvhi.xcore.inp__t47                     2.5245
xvhi.xcore.outp__t75                   3.12314
xvhi.xcore.vss__t504               5.53375e-10
xvhi.xcore.outp__t43                   3.12314
xvhi.xcore.inp__t46                     2.5245
xvhi.xcore.tail__t114                  1.27049
xvhi.xcore.vss__t505               5.57091e-10
xvhi.xcore.tail__t49                   1.27049
xvhi.xcore.inp__t45                     2.5245
xvhi.xcore.outp__t74                   3.12313
xvhi.xcore.vss__t506               5.60806e-10
xvhi.xcore.outp__t42                   3.12313
xvhi.xcore.inp__t44                     2.5245
xvhi.xcore.tail__t113                  1.27049
xvhi.xcore.vss__t507               5.64521e-10
xvhi.xcore.tail__t48                   1.27049
xvhi.xcore.inp__t43                     2.5245
xvhi.xcore.outp__t73                   3.12313
xvhi.xcore.vss__t508               5.68236e-10
xvhi.xcore.outp__t41                   3.12313
xvhi.xcore.inp__t42                     2.5245
xvhi.xcore.tail__t112                  1.27049
xvhi.xcore.vss__t509               5.71952e-10
xvhi.xcore.tail__t47                   1.27049
xvhi.xcore.inp__t41                     2.5245
xvhi.xcore.outp__t72                   3.12313
xvhi.xcore.vss__t510               5.75667e-10
xvhi.xcore.outp__t40                   3.12313
xvhi.xcore.inp__t40                     2.5245
xvhi.xcore.tail__t111                  1.27049
xvhi.xcore.vss__t511               5.79381e-10
xvhi.xcore.tail__t46                   1.27049
xvhi.xcore.inp__t39                     2.5245
xvhi.xcore.outp__t71                   3.12312
xvhi.xcore.vss__t512               5.83096e-10
xvhi.xcore.outp__t39                   3.12312
xvhi.xcore.inp__t38                     2.5245
xvhi.xcore.tail__t110                  1.27049
xvhi.xcore.vss__t513               5.86811e-10
xvhi.xcore.tail__t53                    1.2705
xvhi.xcore.inp__t51                     2.5245
xvhi.xcore.outp__t77                   3.12312
xvhi.xcore.vss__t514               5.90525e-10
xvhi.xcore.outp__t38                   3.12312
xvhi.xcore.inp__t37                     2.5245
xvhi.xcore.tail__t108                   1.2705
xvhi.xcore.vss__t515                5.9424e-10
xvhi.xcore.tail__t45                    1.2705
xvhi.xcore.inp__t36                     2.5245
xvhi.xcore.outp__t70                   3.12312
xvhi.xcore.vss__t516               5.97954e-10
xvhi.xcore.outp__t37                   3.12312
xvhi.xcore.inp__t35                     2.5245
xvhi.xcore.tail__t107                   1.2705
xvhi.xcore.vss__t517               6.01668e-10
xvhi.xcore.tail__t44                    1.2705
xvhi.xcore.inp__t34                     2.5245
xvhi.xcore.outp__t69                   3.12311
xvhi.xcore.vss__t518               6.05382e-10
xvhi.xcore.outp__t36                   3.12311
xvhi.xcore.inp__t33                     2.5245
xvhi.xcore.tail__t106                   1.2705
xvhi.xcore.vss__t519               6.09096e-10
xvhi.xcore.tail__t31                    1.2705
xvhi.xcore.inp__t12                     2.5245
xvhi.xcore.outp__t58                   3.12311
xvhi.xcore.vss__t520                6.1281e-10
xvhi.xcore.outp__t35                   3.12311
xvhi.xcore.inp__t32                     2.5245
xvhi.xcore.tail__t104                   1.2705
xvhi.xcore.vss__t521               6.16524e-10
xvhi.xcore.tail__t43                    1.2705
xvhi.xcore.inp__t31                     2.5245
xvhi.xcore.outp__t68                   3.12311
xvhi.xcore.vss__t522               6.20237e-10
xvhi.xcore.outp__t33                   3.12311
xvhi.xcore.inp__t30                     2.5245
xvhi.xcore.tail__t103                   1.2705
xvhi.xcore.vss__t523               6.23951e-10
xvhi.xcore.tail__t1                     1.2705
xvhi.xcore.inp__t2                      2.5245
xvhi.xcore.outp__t34                    3.1231
xvhi.xcore.vss__t586               6.27664e-10
xvhi.xcore.ibias__t215                 1.00183
xvhi.xcore.ibias__t3                   1.00456
xvhi.xcore.vss__t2                 2.51857e-05
xvhi.xcore.vss__t459               5.04669e-13
xvhi.xcore.vss__t81                2.49859e-05
xvhi.xcore.ibias__t158                 1.00456
xvhi.xcore.ibias__t216                 1.00186
xvhi.xcore.vss__t448               5.00678e-13
xvhi.xcore.ibias__t213                 1.00189
xvhi.xcore.ibias__t171                 1.00456
xvhi.xcore.vss__t190               2.47861e-05
xvhi.xcore.vss__t449               4.96688e-13
xvhi.xcore.vss__t83                2.45863e-05
xvhi.xcore.ibias__t163                 1.00456
xvhi.xcore.ibias__t218                 1.00192
xvhi.xcore.vss__t450               4.92697e-13
xvhi.xcore.ibias__t212                 1.00195
xvhi.xcore.ibias__t162                 1.00456
xvhi.xcore.vss__t185               2.43865e-05
xvhi.xcore.vss__t451               4.88706e-13
xvhi.xcore.vss__t89                2.41867e-05
xvhi.xcore.ibias__t177                 1.00456
xvhi.xcore.ibias__t219                 1.00198
xvhi.xcore.vss__t452               4.84714e-13
xvhi.xcore.ibias__t211                 1.00201
xvhi.xcore.ibias__t160                 1.00456
xvhi.xcore.vss__t183               2.39869e-05
xvhi.xcore.vss__t453               4.80723e-13
xvhi.xcore.vss__t82                2.37871e-05
xvhi.xcore.ibias__t159                 1.00456
xvhi.xcore.ibias__t217                 1.00204
xvhi.xcore.vss__t454               4.76731e-13
xvhi.xcore.ibias__t214                 1.00207
xvhi.xcore.ibias__t174                 1.00456
xvhi.xcore.vss__t192               2.35873e-05
xvhi.xcore.vss__t455                4.7274e-13
xvhi.xcore.vss__t3                 2.33875e-05
xvhi.xcore.ibias__t4                   1.00456
xvhi.xcore.ibias__t210                  1.0021
xvhi.xcore.vss__t457               4.68748e-13
xvhi.xcore.outn__t52                      3.63
xvhi.xcore.inn__t1                      1.6335
xvhi.xcore.tail__t3                     1.2704
xvhi.xcore.vss__t461               1.58087e-12
xvhi.xcore.tail__t62                    1.2704
xvhi.xcore.inn__t58                     1.6335
xvhi.xcore.outn__t81                      3.63
xvhi.xcore.vss__t524               1.59587e-12
xvhi.xcore.outn__t49                      3.63
xvhi.xcore.inn__t59                     1.6335
xvhi.xcore.tail__t124                   1.2704
xvhi.xcore.vss__t525               1.61088e-12
xvhi.xcore.tail__t63                    1.2704
xvhi.xcore.inn__t60                     1.6335
xvhi.xcore.outn__t82                      3.63
xvhi.xcore.vss__t526               1.62588e-12
xvhi.xcore.outn__t50                      3.63
xvhi.xcore.inn__t61                     1.6335
xvhi.xcore.tail__t125                   1.2704
xvhi.xcore.vss__t527               1.64088e-12
xvhi.xcore.tail__t64                    1.2704
xvhi.xcore.inn__t62                     1.6335
xvhi.xcore.outn__t83                      3.63
xvhi.xcore.vss__t528               1.65589e-12
xvhi.xcore.outn__t46                      3.63
xvhi.xcore.inn__t52                     1.6335
xvhi.xcore.tail__t105                   1.2704
xvhi.xcore.vss__t529               1.67089e-12
xvhi.xcore.tail__t15                    1.2704
xvhi.xcore.inn__t21                     1.6335
xvhi.xcore.outn__t63                      3.63
xvhi.xcore.vss__t530               1.68589e-12
xvhi.xcore.outn__t45                      3.63
xvhi.xcore.inn__t51                     1.6335
xvhi.xcore.tail__t100                   1.2704
xvhi.xcore.vss__t531                1.7009e-12
xvhi.xcore.tail__t34                    1.2704
xvhi.xcore.inn__t48                     1.6335
xvhi.xcore.outn__t76                      3.63
xvhi.xcore.vss__t532                1.7159e-12
xvhi.xcore.outn__t44                      3.63
xvhi.xcore.inn__t50                     1.6335
xvhi.xcore.tail__t99                    1.2704
xvhi.xcore.vss__t533               1.73091e-12
xvhi.xcore.tail__t61                    1.2704
xvhi.xcore.inn__t57                     1.6335
xvhi.xcore.outn__t80                      3.63
xvhi.xcore.vss__t534               1.74592e-12
xvhi.xcore.outn__t40                      3.63
xvhi.xcore.inn__t42                     1.6335
xvhi.xcore.tail__t87                    1.2704
xvhi.xcore.vss__t535               1.76092e-12
xvhi.xcore.tail__t27                    1.2704
xvhi.xcore.inn__t41                     1.6335
xvhi.xcore.outn__t73                      3.63
xvhi.xcore.vss__t536               1.77593e-12
xvhi.xcore.outn__t39                      3.63
xvhi.xcore.inn__t40                     1.6335
xvhi.xcore.tail__t86                    1.2704
xvhi.xcore.vss__t537               1.79094e-12
xvhi.xcore.tail__t26                    1.2704
xvhi.xcore.inn__t39                     1.6335
xvhi.xcore.outn__t72                      3.63
xvhi.xcore.vss__t538               1.80594e-12
xvhi.xcore.outn__t38                      3.63
xvhi.xcore.inn__t38                     1.6335
xvhi.xcore.tail__t85                    1.2704
xvhi.xcore.vss__t539               1.82095e-12
xvhi.xcore.tail__t25                    1.2704
xvhi.xcore.inn__t37                     1.6335
xvhi.xcore.outn__t71                      3.63
xvhi.xcore.vss__t540               1.83596e-12
xvhi.xcore.outn__t47                      3.63
xvhi.xcore.inn__t53                     1.6335
xvhi.xcore.tail__t109                   1.2704
xvhi.xcore.vss__t541               1.85097e-12
xvhi.xcore.tail__t52                    1.2704
xvhi.xcore.inn__t55                     1.6335
xvhi.xcore.outn__t78                      3.63
xvhi.xcore.vss__t542               1.86597e-12
xvhi.xcore.outn__t48                      3.63
xvhi.xcore.inn__t54                     1.6335
xvhi.xcore.tail__t117                   1.2704
xvhi.xcore.vss__t543               1.88098e-12
xvhi.xcore.tail__t39                    1.2704
xvhi.xcore.inn__t49                     1.6335
xvhi.xcore.outn__t77                      3.63
xvhi.xcore.vss__t544               1.89599e-12
xvhi.xcore.outn__t41                      3.63
xvhi.xcore.inn__t43                     1.6335
xvhi.xcore.tail__t89                    1.2704
xvhi.xcore.vss__t545                 1.911e-12
xvhi.xcore.tail__t29                    1.2704
xvhi.xcore.inn__t47                     1.6335
xvhi.xcore.outn__t75                      3.63
xvhi.xcore.vss__t546               1.92601e-12
xvhi.xcore.outn__t43                      3.63
xvhi.xcore.inn__t46                     1.6335
xvhi.xcore.tail__t91                    1.2704
xvhi.xcore.vss__t547               1.94102e-12
xvhi.xcore.tail__t28                    1.2704
xvhi.xcore.inn__t45                     1.6335
xvhi.xcore.outn__t74                      3.63
xvhi.xcore.vss__t548               1.95603e-12
xvhi.xcore.outn__t42                      3.63
xvhi.xcore.inn__t44                     1.6335
xvhi.xcore.tail__t90                    1.2704
xvhi.xcore.vss__t549               1.97104e-12
xvhi.xcore.tail__t59                    1.2704
xvhi.xcore.inn__t56                     1.6335
xvhi.xcore.outn__t79                      3.63
xvhi.xcore.vss__t550               1.98605e-12
xvhi.xcore.outn__t51                      3.63
xvhi.xcore.inn__t63                     1.6335
xvhi.xcore.tail__t127                   1.2704
xvhi.xcore.vss__t551               2.00106e-12
xvhi.xcore.tail__t13                    1.2704
xvhi.xcore.inn__t19                     1.6335
xvhi.xcore.outn__t62                      3.63
xvhi.xcore.vss__t552               2.01607e-12
xvhi.xcore.outn__t28                      3.63
xvhi.xcore.inn__t18                     1.6335
xvhi.xcore.tail__t72                    1.2704
xvhi.xcore.vss__t553               2.03108e-12
xvhi.xcore.tail__t12                    1.2704
xvhi.xcore.inn__t17                     1.6335
xvhi.xcore.outn__t61                      3.63
xvhi.xcore.vss__t554               2.04609e-12
xvhi.xcore.outn__t27                      3.63
xvhi.xcore.inn__t16                     1.6335
xvhi.xcore.tail__t71                    1.2704
xvhi.xcore.vss__t555                2.0611e-12
xvhi.xcore.tail__t11                    1.2704
xvhi.xcore.inn__t15                     1.6335
xvhi.xcore.outn__t60                      3.63
xvhi.xcore.vss__t556               2.07612e-12
xvhi.xcore.outn__t26                      3.63
xvhi.xcore.inn__t14                     1.6335
xvhi.xcore.tail__t70                    1.2704
xvhi.xcore.vss__t557               2.09113e-12
xvhi.xcore.tail__t10                    1.2704
xvhi.xcore.inn__t13                     1.6335
xvhi.xcore.outn__t59                      3.63
xvhi.xcore.vss__t558               2.10614e-12
xvhi.xcore.outn__t25                      3.63
xvhi.xcore.inn__t12                     1.6335
xvhi.xcore.tail__t69                    1.2704
xvhi.xcore.vss__t559               2.12115e-12
xvhi.xcore.tail__t6                     1.2704
xvhi.xcore.inn__t5                      1.6335
xvhi.xcore.outn__t55                      3.63
xvhi.xcore.vss__t560               2.13616e-12
xvhi.xcore.outn__t24                      3.63
xvhi.xcore.inn__t11                     1.6335
xvhi.xcore.tail__t68                    1.2704
xvhi.xcore.vss__t561               2.15118e-12
xvhi.xcore.tail__t4                     1.2704
xvhi.xcore.inn__t2                      1.6335
xvhi.xcore.outn__t53                      3.63
xvhi.xcore.vss__t562               2.16619e-12
xvhi.xcore.outn__t21                      3.63
xvhi.xcore.inn__t3                      1.6335
xvhi.xcore.tail__t65                    1.2704
xvhi.xcore.vss__t563                2.1812e-12
xvhi.xcore.tail__t5                     1.2704
xvhi.xcore.inn__t4                      1.6335
xvhi.xcore.outn__t54                      3.63
xvhi.xcore.vss__t564               2.19622e-12
xvhi.xcore.outn__t22                      3.63
xvhi.xcore.inn__t6                      1.6335
xvhi.xcore.tail__t66                    1.2704
xvhi.xcore.vss__t565               2.21123e-12
xvhi.xcore.tail__t7                     1.2704
xvhi.xcore.inn__t7                      1.6335
xvhi.xcore.outn__t56                      3.63
xvhi.xcore.vss__t566               2.22624e-12
xvhi.xcore.outn__t23                      3.63
xvhi.xcore.inn__t8                      1.6335
xvhi.xcore.tail__t67                    1.2704
xvhi.xcore.vss__t567               2.24126e-12
xvhi.xcore.tail__t8                     1.2704
xvhi.xcore.inn__t9                      1.6335
xvhi.xcore.outn__t57                      3.63
xvhi.xcore.vss__t568               2.25627e-12
xvhi.xcore.outn__t29                      3.63
xvhi.xcore.inn__t20                     1.6335
xvhi.xcore.tail__t73                    1.2704
xvhi.xcore.vss__t569               2.27128e-12
xvhi.xcore.tail__t9                     1.2704
xvhi.xcore.inn__t10                     1.6335
xvhi.xcore.outn__t58                      3.63
xvhi.xcore.vss__t570                2.2863e-12
xvhi.xcore.outn__t36                      3.63
xvhi.xcore.inn__t35                     1.6335
xvhi.xcore.tail__t83                    1.2704
xvhi.xcore.vss__t571               2.30131e-12
xvhi.xcore.tail__t24                    1.2704
xvhi.xcore.inn__t34                     1.6335
xvhi.xcore.outn__t70                      3.63
xvhi.xcore.vss__t572               2.31633e-12
xvhi.xcore.outn__t35                      3.63
xvhi.xcore.inn__t33                     1.6335
xvhi.xcore.tail__t82                    1.2704
xvhi.xcore.vss__t573               2.33134e-12
xvhi.xcore.tail__t23                    1.2704
xvhi.xcore.inn__t32                     1.6335
xvhi.xcore.outn__t69                      3.63
xvhi.xcore.vss__t574               2.34635e-12
xvhi.xcore.outn__t34                      3.63
xvhi.xcore.inn__t31                     1.6335
xvhi.xcore.tail__t81                    1.2704
xvhi.xcore.vss__t575               2.36137e-12
xvhi.xcore.tail__t22                    1.2704
xvhi.xcore.inn__t30                     1.6335
xvhi.xcore.outn__t68                      3.63
xvhi.xcore.vss__t576               2.37638e-12
xvhi.xcore.outn__t33                      3.63
xvhi.xcore.inn__t29                     1.6335
xvhi.xcore.tail__t80                    1.2704
xvhi.xcore.vss__t577                2.3914e-12
xvhi.xcore.tail__t21                    1.2704
xvhi.xcore.inn__t28                     1.6335
xvhi.xcore.outn__t67                      3.63
xvhi.xcore.vss__t578               2.40641e-12
xvhi.xcore.outn__t32                      3.63
xvhi.xcore.inn__t27                     1.6335
xvhi.xcore.tail__t79                    1.2704
xvhi.xcore.vss__t579               2.42143e-12
xvhi.xcore.tail__t20                    1.2704
xvhi.xcore.inn__t26                     1.6335
xvhi.xcore.outn__t66                      3.63
xvhi.xcore.vss__t580               2.43645e-12
xvhi.xcore.outn__t37                      3.63
xvhi.xcore.inn__t36                     1.6335
xvhi.xcore.tail__t84                    1.2704
xvhi.xcore.vss__t581               2.45146e-12
xvhi.xcore.tail__t18                    1.2704
xvhi.xcore.inn__t25                     1.6335
xvhi.xcore.outn__t65                      3.63
xvhi.xcore.vss__t582               2.46648e-12
xvhi.xcore.outn__t31                      3.63
xvhi.xcore.inn__t24                     1.6335
xvhi.xcore.tail__t78                    1.2704
xvhi.xcore.vss__t583               2.48149e-12
xvhi.xcore.tail__t17                    1.2704
xvhi.xcore.inn__t23                     1.6335
xvhi.xcore.outn__t64                      3.63
xvhi.xcore.vss__t584               2.49651e-12
xvhi.xcore.outn__t30                      3.63
xvhi.xcore.inn__t22                     1.6335
xvhi.xcore.tail__t77                    1.2704
xvhi.xcore.vss__t585               2.51152e-12
xvhi.xcore.tail__t2                     1.2704
xvhi.xcore.inn__t0                      1.6335
xvhi.xcore.outn__t20                      3.63
xvhi.xcore.vss__t587               2.52654e-12
xvhi.xcore.vss__t210               2.90825e-12
xvhi.xcore.outp__t16                   3.12332
xvhi.xcore.vss__t211               2.87406e-12
xvhi.xcore.outp__t17                   3.12332
xvhi.xcore.vss__t212               2.83991e-12
xvhi.xcore.outp__t18                   3.12332
xvhi.xcore.vss__t213               2.80578e-12
xvhi.xcore.outp__t19                   3.12332
xvhi.xcore.vss__t214               2.77168e-12
xvhi.xcore.outp__t0                    3.12332
xvhi.xcore.vss__t215               2.73762e-12
xvhi.xcore.outp__t1                    3.12332
xvhi.xcore.vss__t216               2.70358e-12
xvhi.xcore.outp__t2                    3.12332
xvhi.xcore.vss__t217               2.66958e-12
xvhi.xcore.outp__t3                    3.12332
xvhi.xcore.vss__t218               2.63561e-12
xvhi.xcore.outp__t4                    3.12332
xvhi.xcore.vss__t219               2.60168e-12
xvhi.xcore.outp__t15                   3.12332
xvhi.xcore.vss__t220               2.56779e-12
xvhi.xcore.outp__t6                    3.12332
xvhi.xcore.vss__t221               2.53393e-12
xvhi.xcore.outp__t7                    3.12332
xvhi.xcore.vss__t222               2.50011e-12
xvhi.xcore.outp__t8                    3.12332
xvhi.xcore.vss__t223               2.46634e-12
xvhi.xcore.outp__t9                    3.12332
xvhi.xcore.vss__t224               2.43261e-12
xvhi.xcore.outp__t10                   3.12332
xvhi.xcore.vss__t225               2.39893e-12
xvhi.xcore.outp__t11                   3.12332
xvhi.xcore.vss__t226               2.36529e-12
xvhi.xcore.outp__t12                   3.12332
xvhi.xcore.vss__t227                2.3317e-12
xvhi.xcore.outp__t13                   3.12332
xvhi.xcore.vss__t228               2.29816e-12
xvhi.xcore.outp__t14                   3.12332
xvhi.xcore.vss__t229               2.26468e-12
xvhi.xcore.outp__t5                    3.12332
xvhi.xcore.vss__t230               2.40302e-12
xvhi.xcore.outn__t0                       3.63
xvhi.xcore.vss__t231                2.4415e-12
xvhi.xcore.outn__t5                       3.63
xvhi.xcore.vss__t232               2.48006e-12
xvhi.xcore.outn__t6                       3.63
xvhi.xcore.vss__t233                2.5187e-12
xvhi.xcore.outn__t7                       3.63
xvhi.xcore.vss__t234               2.55742e-12
xvhi.xcore.outn__t8                       3.63
xvhi.xcore.vss__t235                2.5962e-12
xvhi.xcore.outn__t9                       3.63
xvhi.xcore.vss__t236               2.63506e-12
xvhi.xcore.outn__t10                      3.63
xvhi.xcore.vss__t237               2.67397e-12
xvhi.xcore.outn__t11                      3.63
xvhi.xcore.vss__t238               2.71296e-12
xvhi.xcore.outn__t12                      3.63
xvhi.xcore.vss__t239                 2.752e-12
xvhi.xcore.outn__t13                      3.63
xvhi.xcore.vss__t240                2.7911e-12
xvhi.xcore.outn__t14                      3.63
xvhi.xcore.vss__t241               2.83025e-12
xvhi.xcore.outn__t15                      3.63
xvhi.xcore.vss__t242               2.86945e-12
xvhi.xcore.outn__t16                      3.63
xvhi.xcore.vss__t243               2.90871e-12
xvhi.xcore.outn__t17                      3.63
xvhi.xcore.vss__t244               2.94802e-12
xvhi.xcore.outn__t19                      3.63
xvhi.xcore.vss__t245               2.98737e-12
xvhi.xcore.outn__t18                      3.63
xvhi.xcore.vss__t246               3.02676e-12
xvhi.xcore.outn__t1                       3.63
xvhi.xcore.vss__t247                3.0662e-12
xvhi.xcore.outn__t2                       3.63
xvhi.xcore.vss__t248               3.10568e-12
xvhi.xcore.outn__t3                       3.63
xvhi.xcore.vss__t249                3.1452e-12
xvhi.xcore.outn__t4                       3.63
ib_vhi                                 1.00456
xvhi.xcore.vsubs                             0
outn_vhi                                  3.63
outp_vhi                               3.12332
xvhi.tail                               1.2704
xz.xcore.tail__t186                    1.25448
xz.xcore.ibias__t118                   1.00456
xz.xcore.vss__t163                 5.36491e-06
xz.xcore.vss__t349                 1.41663e-13
xz.xcore.vss__t60                  5.16749e-06
xz.xcore.ibias__t117                   1.00456
xz.xcore.tail__t286                    1.25448
xz.xcore.vss__t350                  1.3645e-13
xz.xcore.tail__t197                    1.25448
xz.xcore.ibias__t140                   1.00456
xz.xcore.vss__t174                 4.97048e-06
xz.xcore.vss__t351                 1.31248e-13
xz.xcore.vss__t68                  4.77393e-06
xz.xcore.ibias__t133                   1.00456
xz.xcore.tail__t294                    1.25448
xz.xcore.vss__t352                 1.26058e-13
xz.xcore.tail__t193                    1.25448
xz.xcore.ibias__t132                   1.00456
xz.xcore.vss__t170                 4.57791e-06
xz.xcore.vss__t353                 1.20882e-13
xz.xcore.vss__t67                  4.38248e-06
xz.xcore.ibias__t131                   1.00456
xz.xcore.tail__t293                    1.25448
xz.xcore.vss__t354                 1.15721e-13
xz.xcore.tail__t192                    1.25448
xz.xcore.ibias__t130                   1.00456
xz.xcore.vss__t169                 4.18772e-06
xz.xcore.vss__t355                 1.10578e-13
xz.xcore.vss__t74                  3.99374e-06
xz.xcore.ibias__t145                   1.00456
xz.xcore.tail__t300                    1.25448
xz.xcore.vss__t356                 1.05456e-13
xz.xcore.tail__t191                    1.25448
xz.xcore.ibias__t128                   1.00456
xz.xcore.vss__t168                 3.80065e-06
xz.xcore.vss__t357                 1.00358e-13
xz.xcore.vss__t65                   3.6086e-06
xz.xcore.ibias__t127                   1.00456
xz.xcore.tail__t291                    1.25448
xz.xcore.vss__t358                 9.52863e-14
xz.xcore.tail__t190                    1.25448
xz.xcore.ibias__t126                   1.00456
xz.xcore.vss__t167                 3.41776e-06
xz.xcore.vss__t359                  9.0247e-14
xz.xcore.vss__t64                  3.22834e-06
xz.xcore.ibias__t125                   1.00456
xz.xcore.tail__t290                    1.25448
xz.xcore.vss__t360                 8.52454e-14
xz.xcore.tail__t189                    1.25448
xz.xcore.ibias__t124                   1.00456
xz.xcore.vss__t166                 3.04062e-06
xz.xcore.vss__t361                 8.02885e-14
xz.xcore.vss__t63                  2.85492e-06
xz.xcore.ibias__t123                   1.00456
xz.xcore.tail__t289                    1.25448
xz.xcore.vss__t362                 7.53851e-14
xz.xcore.tail__t188                    1.25448
xz.xcore.ibias__t122                   1.00456
xz.xcore.vss__t165                 2.67168e-06
xz.xcore.vss__t363                 7.05463e-14
xz.xcore.vss__t62                  2.49142e-06
xz.xcore.ibias__t121                   1.00456
xz.xcore.tail__t288                    1.25448
xz.xcore.vss__t364                 6.57865e-14
xz.xcore.tail__t187                    1.25448
xz.xcore.ibias__t120                   1.00456
xz.xcore.vss__t164                 2.31485e-06
xz.xcore.vss__t365                 6.11241e-14
xz.xcore.vss__t26                  2.14288e-06
xz.xcore.ibias__t0                     1.00456
xz.xcore.tail__t252                    1.25448
xz.xcore.vss__t366                 5.65832e-14
xz.xcore.tail__t175                    1.25448
xz.xcore.ibias__t97                    1.00456
xz.xcore.vss__t152                 1.97671e-06
xz.xcore.vss__t367                 5.21955e-14
xz.xcore.vss__t42                  1.81794e-06
xz.xcore.ibias__t78                    1.00456
xz.xcore.tail__t268                    1.25448
xz.xcore.vss__t368                 4.80031e-14
xz.xcore.tail__t164                    1.25448
xz.xcore.ibias__t77                    1.00456
xz.xcore.vss__t141                 1.66867e-06
xz.xcore.vss__t369                 4.40616e-14
xz.xcore.vss__t37                  1.53169e-06
xz.xcore.ibias__t70                    1.00456
xz.xcore.tail__t263                    1.25448
xz.xcore.vss__t370                 4.04446e-14
xz.xcore.tail__t167                    1.25448
xz.xcore.ibias__t82                    1.00456
xz.xcore.vss__t144                 1.41058e-06
xz.xcore.vss__t371                 3.72467e-14
xz.xcore.vss__t39                  1.30976e-06
xz.xcore.ibias__t72                    1.00456
xz.xcore.tail__t265                    1.25448
xz.xcore.vss__t372                 3.45843e-14
xz.xcore.tail__t162                    1.25448
xz.xcore.ibias__t73                    1.00456
xz.xcore.vss__t139                 1.23419e-06
xz.xcore.vss__t373                 3.25891e-14
xz.xcore.vss__t40                  1.18872e-06
xz.xcore.ibias__t74                    1.00456
xz.xcore.tail__t266                    1.25448
xz.xcore.vss__t374                 3.13884e-14
xz.xcore.tail__t163                    1.25448
xz.xcore.ibias__t75                    1.00456
xz.xcore.vss__t140                 1.17683e-06
xz.xcore.vss__t375                 3.10745e-14
xz.xcore.vss__t41                  1.19953e-06
xz.xcore.ibias__t76                    1.00456
xz.xcore.tail__t267                    1.25448
xz.xcore.vss__t376                 3.16738e-14
xz.xcore.tail__t129                    1.25448
xz.xcore.ibias__t9                     1.00456
xz.xcore.vss__t107                 1.25493e-06
xz.xcore.vss__t377                 3.31368e-14
xz.xcore.vss__t6                   1.33899e-06
xz.xcore.ibias__t8                     1.00456
xz.xcore.tail__t232                    1.25448
xz.xcore.vss__t378                 3.53564e-14
xz.xcore.tail__t128                    1.25449
xz.xcore.ibias__t7                     1.00456
xz.xcore.vss__t106                 1.44671e-06
xz.xcore.vss__t379                  3.8201e-14
xz.xcore.vss__t5                   1.57325e-06
xz.xcore.ibias__t6                     1.00456
xz.xcore.tail__t231                    1.25449
xz.xcore.vss__t380                 4.15424e-14
xz.xcore.tail__t141                    1.25449
xz.xcore.ibias__t31                    1.00456
xz.xcore.vss__t119                 1.71445e-06
xz.xcore.vss__t381                 4.52707e-14
xz.xcore.vss__t4                   1.86697e-06
xz.xcore.ibias__t5                     1.00456
xz.xcore.tail__t230                    1.25449
xz.xcore.vss__t382                 4.92982e-14
xz.xcore.tail__t158                    1.25449
xz.xcore.ibias__t62                    1.00456
xz.xcore.vss__t135                 2.02827e-06
xz.xcore.vss__t383                 5.35575e-14
xz.xcore.vss__t33                  2.19641e-06
xz.xcore.ibias__t63                    1.00456
xz.xcore.tail__t259                    1.25449
xz.xcore.vss__t384                 5.79975e-14
xz.xcore.tail__t159                    1.25449
xz.xcore.ibias__t64                    1.00456
xz.xcore.vss__t136                 2.36994e-06
xz.xcore.vss__t385                 6.25798e-14
xz.xcore.vss__t34                  2.54776e-06
xz.xcore.ibias__t65                    1.00456
xz.xcore.tail__t260                    1.25449
xz.xcore.vss__t386                 6.72753e-14
xz.xcore.tail__t160                    1.25449
xz.xcore.ibias__t66                    1.00456
xz.xcore.vss__t137                 2.72902e-06
xz.xcore.vss__t387                 7.20619e-14
xz.xcore.vss__t35                  2.91309e-06
xz.xcore.ibias__t67                    1.00456
xz.xcore.tail__t261                    1.25449
xz.xcore.vss__t388                 7.69225e-14
xz.xcore.tail__t161                    1.25449
xz.xcore.ibias__t68                    1.00456
xz.xcore.vss__t138                 3.09947e-06
xz.xcore.vss__t389                 8.18441e-14
xz.xcore.vss__t36                  3.28776e-06
xz.xcore.ibias__t69                    1.00456
xz.xcore.tail__t262                    1.25449
xz.xcore.vss__t390                 8.68161e-14
xz.xcore.tail__t130                    1.25449
xz.xcore.ibias__t10                    1.00456
xz.xcore.vss__t108                 3.47765e-06
xz.xcore.vss__t391                 9.18305e-14
xz.xcore.vss__t13                  3.66889e-06
xz.xcore.ibias__t23                    1.00456
xz.xcore.tail__t239                    1.25449
xz.xcore.vss__t392                 9.68807e-14
xz.xcore.tail__t137                    1.25449
xz.xcore.ibias__t24                    1.00456
xz.xcore.vss__t115                 3.86129e-06
xz.xcore.vss__t393                 1.01961e-13
xz.xcore.vss__t14                  4.05467e-06
xz.xcore.ibias__t25                    1.00456
xz.xcore.tail__t240                    1.25449
xz.xcore.vss__t394                 1.07068e-13
xz.xcore.tail__t138                    1.25449
xz.xcore.ibias__t26                    1.00456
xz.xcore.vss__t116                 4.24891e-06
xz.xcore.vss__t395                 1.12197e-13
xz.xcore.vss__t15                  4.44389e-06
xz.xcore.ibias__t27                    1.00456
xz.xcore.tail__t241                    1.25449
xz.xcore.vss__t396                 1.17346e-13
xz.xcore.tail__t139                    1.25449
xz.xcore.ibias__t28                    1.00456
xz.xcore.vss__t117                 4.63951e-06
xz.xcore.vss__t397                 1.22512e-13
xz.xcore.vss__t16                  4.83571e-06
xz.xcore.ibias__t29                    1.00456
xz.xcore.tail__t242                    1.25449
xz.xcore.vss__t398                 1.27693e-13
xz.xcore.tail__t140                    1.25449
xz.xcore.ibias__t30                    1.00456
xz.xcore.vss__t118                  5.0324e-06
xz.xcore.vss__t399                 1.32887e-13
xz.xcore.vss__t21                  5.22955e-06
xz.xcore.ibias__t41                    1.00456
xz.xcore.tail__t247                    1.25449
xz.xcore.vss__t400                 1.38093e-13
xz.xcore.tail__t142                    1.25449
xz.xcore.ibias__t32                    1.00456
xz.xcore.vss__t120                 5.42709e-06
xz.xcore.vss__t401                  1.4331e-13
xz.xcore.vss__t17                  5.62498e-06
xz.xcore.ibias__t33                    1.00456
xz.xcore.tail__t243                    1.25449
xz.xcore.vss__t402                 1.48536e-13
xz.xcore.tail__t143                    1.25449
xz.xcore.ibias__t34                    1.00456
xz.xcore.vss__t121                  5.8232e-06
xz.xcore.vss__t403                  1.5377e-13
xz.xcore.vss__t18                   6.0217e-06
xz.xcore.ibias__t35                    1.00456
xz.xcore.tail__t244                    1.25449
xz.xcore.vss__t404                 1.59012e-13
xz.xcore.tail__t144                    1.25449
xz.xcore.ibias__t36                    1.00456
xz.xcore.vss__t122                 6.22046e-06
xz.xcore.vss__t405                  1.6426e-13
xz.xcore.vss__t19                  6.41945e-06
xz.xcore.ibias__t37                    1.00456
xz.xcore.tail__t245                    1.25449
xz.xcore.vss__t406                 1.69515e-13
xz.xcore.tail__t145                    1.25449
xz.xcore.ibias__t38                    1.00456
xz.xcore.vss__t123                 6.61866e-06
xz.xcore.vss__t407                 1.74776e-13
xz.xcore.vss__t20                  6.81807e-06
xz.xcore.ibias__t39                    1.00456
xz.xcore.tail__t246                    1.25449
xz.xcore.vss__t408                 1.80041e-13
xz.xcore.tail__t146                    1.25449
xz.xcore.ibias__t40                    1.00456
xz.xcore.vss__t124                 7.01765e-06
xz.xcore.vss__t409                 1.85312e-13
xz.xcore.vss__t8                    7.2174e-06
xz.xcore.ibias__t12                    1.00456
xz.xcore.tail__t234                    1.25449
xz.xcore.vss__t410                 1.90587e-13
xz.xcore.tail__t135                    1.25449
xz.xcore.ibias__t21                    1.00456
xz.xcore.vss__t113                  7.4173e-06
xz.xcore.vss__t411                 1.95865e-13
xz.xcore.vss__t9                   7.61734e-06
xz.xcore.ibias__t13                    1.00456
xz.xcore.tail__t235                    1.25449
xz.xcore.vss__t412                 2.01148e-13
xz.xcore.tail__t131                    1.25449
xz.xcore.ibias__t14                    1.00456
xz.xcore.vss__t109                  7.8175e-06
xz.xcore.vss__t413                 2.06434e-13
xz.xcore.vss__t10                  8.01779e-06
xz.xcore.ibias__t15                    1.00456
xz.xcore.tail__t236                    1.25449
xz.xcore.vss__t414                 2.11723e-13
xz.xcore.tail__t134                    1.25449
xz.xcore.ibias__t20                    1.00456
xz.xcore.vss__t112                 8.21818e-06
xz.xcore.vss__t415                 2.17015e-13
xz.xcore.vss__t12                  8.41868e-06
xz.xcore.ibias__t19                    1.00456
xz.xcore.tail__t238                    1.25449
xz.xcore.vss__t416                 2.22309e-13
xz.xcore.tail__t133                    1.25449
xz.xcore.ibias__t18                    1.00456
xz.xcore.vss__t111                 8.61927e-06
xz.xcore.vss__t417                 2.27606e-13
xz.xcore.vss__t11                  8.81995e-06
xz.xcore.ibias__t17                    1.00456
xz.xcore.tail__t237                    1.25449
xz.xcore.vss__t418                 2.32906e-13
xz.xcore.tail__t132                    1.25449
xz.xcore.ibias__t16                    1.00456
xz.xcore.vss__t110                 9.02071e-06
xz.xcore.vss__t419                 2.38207e-13
xz.xcore.vss__t7                   9.22154e-06
xz.xcore.ibias__t11                    1.00456
xz.xcore.tail__t233                    1.25449
xz.xcore.vss__t420                 2.43511e-13
xz.xcore.tail__t136                    1.25448
xz.xcore.ibias__t22                    1.00456
xz.xcore.vss__t114                 9.42245e-06
xz.xcore.vss__t421                 2.48816e-13
xz.xcore.vss__t23                  9.62343e-06
xz.xcore.ibias__t45                    1.00456
xz.xcore.tail__t249                    1.25448
xz.xcore.vss__t422                 2.54124e-13
xz.xcore.tail__t150                    1.25448
xz.xcore.ibias__t46                    1.00456
xz.xcore.vss__t127                 9.82447e-06
xz.xcore.vss__t423                 2.59433e-13
xz.xcore.vss__t24                  1.00256e-05
xz.xcore.ibias__t47                    1.00456
xz.xcore.tail__t250                    1.25448
xz.xcore.vss__t424                 2.64743e-13
xz.xcore.tail__t151                    1.25448
xz.xcore.ibias__t48                    1.00456
xz.xcore.vss__t128                 1.02267e-05
xz.xcore.vss__t425                 2.70055e-13
xz.xcore.vss__t25                  1.04279e-05
xz.xcore.ibias__t49                    1.00456
xz.xcore.tail__t251                    1.25448
xz.xcore.vss__t426                 2.75369e-13
xz.xcore.tail__t152                    1.25448
xz.xcore.ibias__t50                    1.00456
xz.xcore.vss__t129                 1.06292e-05
xz.xcore.vss__t427                 2.80683e-13
xz.xcore.vss__t32                  1.08305e-05
xz.xcore.ibias__t61                    1.00456
xz.xcore.tail__t258                    1.25448
xz.xcore.vss__t428                 2.85999e-13
xz.xcore.tail__t153                    1.25448
xz.xcore.ibias__t51                    1.00456
xz.xcore.vss__t130                 1.10318e-05
xz.xcore.vss__t429                 2.91316e-13
xz.xcore.vss__t27                  1.12332e-05
xz.xcore.ibias__t52                    1.00456
xz.xcore.tail__t253                    1.25448
xz.xcore.vss__t430                 2.96635e-13
xz.xcore.tail__t154                    1.25448
xz.xcore.ibias__t53                    1.00456
xz.xcore.vss__t131                 1.14347e-05
xz.xcore.vss__t431                 3.01954e-13
xz.xcore.vss__t28                  1.16361e-05
xz.xcore.ibias__t54                    1.00456
xz.xcore.tail__t254                    1.25448
xz.xcore.vss__t432                 3.07274e-13
xz.xcore.tail__t155                    1.25448
xz.xcore.ibias__t55                    1.00456
xz.xcore.vss__t132                 1.18376e-05
xz.xcore.vss__t433                 3.12596e-13
xz.xcore.vss__t29                  1.20392e-05
xz.xcore.ibias__t56                    1.00456
xz.xcore.tail__t255                    1.25448
xz.xcore.vss__t434                 3.17918e-13
xz.xcore.tail__t156                    1.25448
xz.xcore.ibias__t57                    1.00456
xz.xcore.vss__t133                 1.22407e-05
xz.xcore.vss__t435                 3.23241e-13
xz.xcore.vss__t30                  1.24423e-05
xz.xcore.ibias__t58                    1.00456
xz.xcore.tail__t256                    1.25448
xz.xcore.vss__t436                 3.28565e-13
xz.xcore.tail__t157                    1.25448
xz.xcore.ibias__t59                    1.00456
xz.xcore.vss__t134                  1.2644e-05
xz.xcore.vss__t437                 3.33889e-13
xz.xcore.vss__t31                  1.28456e-05
xz.xcore.ibias__t60                    1.00456
xz.xcore.tail__t257                    1.25448
xz.xcore.vss__t438                 3.39214e-13
xz.xcore.tail__t211                    1.25448
xz.xcore.ibias__t176                   1.00456
xz.xcore.vss__t193                 1.30473e-05
xz.xcore.vss__t439                  3.4454e-13
xz.xcore.vss__t88                   1.3249e-05
xz.xcore.ibias__t175                   1.00456
xz.xcore.tail__t311                    1.25448
xz.xcore.vss__t440                 3.49867e-13
xz.xcore.tail__t165                    1.25448
xz.xcore.ibias__t79                    1.00456
xz.xcore.vss__t142                 1.34507e-05
xz.xcore.vss__t441                 3.55195e-13
xz.xcore.vss__t43                  1.36525e-05
xz.xcore.ibias__t80                    1.00456
xz.xcore.tail__t269                    1.25448
xz.xcore.vss__t442                 3.60522e-13
xz.xcore.tail__t166                    1.25448
xz.xcore.ibias__t81                    1.00456
xz.xcore.vss__t143                 1.38543e-05
xz.xcore.vss__t443                 3.65851e-13
xz.xcore.vss__t38                  1.40561e-05
xz.xcore.ibias__t71                    1.00456
xz.xcore.tail__t264                    1.25448
xz.xcore.vss__t444                  3.7118e-13
xz.xcore.tail__t147                    1.25448
xz.xcore.ibias__t42                    1.00456
xz.xcore.vss__t125                 1.42579e-05
xz.xcore.vss__t445                  3.7651e-13
xz.xcore.vss__t22                  1.44597e-05
xz.xcore.ibias__t43                    1.00456
xz.xcore.tail__t248                    1.25448
xz.xcore.vss__t446                  3.8184e-13
xz.xcore.tail__t148                    1.25448
xz.xcore.ibias__t44                    1.00456
xz.xcore.vss__t126                 1.46616e-05
xz.xcore.vss__t447                  3.8717e-13
xz.xcore.vss__t0                   1.48634e-05
xz.xcore.ibias__t1                     1.00456
xz.xcore.tail__t149                    1.25448
xz.xcore.vss__t456                 3.92501e-13
xz.xcore.tail__t229                    1.25444
xz.xcore.ibias__t2                     1.00456
xz.xcore.vss__t1                   2.55127e-05
xz.xcore.vss__t458                 6.73718e-13
xz.xcore.vss__t189                 2.53104e-05
xz.xcore.ibias__t170                   1.00456
xz.xcore.tail__t228                    1.25444
xz.xcore.vss__t250                 6.68376e-13
xz.xcore.tail__t209                    1.25444
xz.xcore.ibias__t169                   1.00456
xz.xcore.vss__t188                 2.51081e-05
xz.xcore.vss__t251                 6.63035e-13
xz.xcore.vss__t86                  2.49059e-05
xz.xcore.ibias__t168                   1.00456
xz.xcore.tail__t309                    1.25444
xz.xcore.vss__t252                 6.57693e-13
xz.xcore.tail__t208                    1.25444
xz.xcore.ibias__t167                   1.00456
xz.xcore.vss__t187                 2.47036e-05
xz.xcore.vss__t253                 6.52351e-13
xz.xcore.vss__t85                  2.45014e-05
xz.xcore.ibias__t166                   1.00456
xz.xcore.tail__t308                    1.25444
xz.xcore.vss__t254                  6.4701e-13
xz.xcore.tail__t207                    1.25444
xz.xcore.ibias__t165                   1.00456
xz.xcore.vss__t186                 2.42991e-05
xz.xcore.vss__t255                 6.41669e-13
xz.xcore.vss__t84                  2.40969e-05
xz.xcore.ibias__t164                   1.00456
xz.xcore.tail__t307                    1.25444
xz.xcore.vss__t256                 6.36328e-13
xz.xcore.tail__t210                    1.25444
xz.xcore.ibias__t173                   1.00456
xz.xcore.vss__t191                 2.38946e-05
xz.xcore.vss__t257                 6.30986e-13
xz.xcore.vss__t87                  2.36924e-05
xz.xcore.ibias__t172                   1.00456
xz.xcore.tail__t310                    1.25445
xz.xcore.vss__t258                 6.25645e-13
xz.xcore.tail__t219                    1.25445
xz.xcore.ibias__t195                   1.00456
xz.xcore.vss__t201                 2.34901e-05
xz.xcore.vss__t259                 6.20305e-13
xz.xcore.vss__t99                  2.32879e-05
xz.xcore.ibias__t194                   1.00456
xz.xcore.tail__t321                    1.25445
xz.xcore.vss__t260                 6.14964e-13
xz.xcore.tail__t227                    1.25445
xz.xcore.ibias__t209                   1.00456
xz.xcore.vss__t209                 2.30857e-05
xz.xcore.vss__t261                 6.09623e-13
xz.xcore.vss__t97                  2.28834e-05
xz.xcore.ibias__t192                   1.00456
xz.xcore.tail__t319                    1.25445
xz.xcore.vss__t262                 6.04282e-13
xz.xcore.tail__t218                    1.25445
xz.xcore.ibias__t191                   1.00456
xz.xcore.vss__t200                 2.26812e-05
xz.xcore.vss__t263                 5.98942e-13
xz.xcore.vss__t96                   2.2479e-05
xz.xcore.ibias__t190                   1.00456
xz.xcore.tail__t318                    1.25445
xz.xcore.vss__t264                 5.93602e-13
xz.xcore.tail__t217                    1.25445
xz.xcore.ibias__t189                   1.00456
xz.xcore.vss__t199                 2.22768e-05
xz.xcore.vss__t265                 5.88261e-13
xz.xcore.vss__t95                  2.20746e-05
xz.xcore.ibias__t188                   1.00456
xz.xcore.tail__t317                    1.25445
xz.xcore.vss__t266                 5.82921e-13
xz.xcore.tail__t216                    1.25445
xz.xcore.ibias__t187                   1.00456
xz.xcore.vss__t198                 2.18724e-05
xz.xcore.vss__t267                 5.77581e-13
xz.xcore.vss__t94                  2.16702e-05
xz.xcore.ibias__t186                   1.00456
xz.xcore.tail__t316                    1.25445
xz.xcore.vss__t268                 5.72242e-13
xz.xcore.tail__t215                    1.25445
xz.xcore.ibias__t185                   1.00456
xz.xcore.vss__t197                  2.1468e-05
xz.xcore.vss__t269                 5.66902e-13
xz.xcore.vss__t93                  2.12658e-05
xz.xcore.ibias__t184                   1.00456
xz.xcore.tail__t315                    1.25445
xz.xcore.vss__t270                 5.61562e-13
xz.xcore.tail__t214                    1.25445
xz.xcore.ibias__t183                   1.00456
xz.xcore.vss__t196                 2.10636e-05
xz.xcore.vss__t271                 5.56223e-13
xz.xcore.vss__t92                  2.08614e-05
xz.xcore.ibias__t182                   1.00456
xz.xcore.tail__t314                    1.25445
xz.xcore.vss__t272                 5.50884e-13
xz.xcore.tail__t213                    1.25445
xz.xcore.ibias__t181                   1.00456
xz.xcore.vss__t195                 2.06593e-05
xz.xcore.vss__t273                 5.45545e-13
xz.xcore.vss__t91                  2.04571e-05
xz.xcore.ibias__t180                   1.00456
xz.xcore.tail__t313                    1.25445
xz.xcore.vss__t274                 5.40206e-13
xz.xcore.tail__t212                    1.25445
xz.xcore.ibias__t179                   1.00456
xz.xcore.vss__t194                 2.02549e-05
xz.xcore.vss__t275                 5.34867e-13
xz.xcore.vss__t90                  2.00528e-05
xz.xcore.ibias__t178                   1.00456
xz.xcore.tail__t312                    1.25445
xz.xcore.vss__t276                 5.29528e-13
xz.xcore.tail__t206                    1.25445
xz.xcore.ibias__t161                   1.00456
xz.xcore.vss__t184                 1.98506e-05
xz.xcore.vss__t277                  5.2419e-13
xz.xcore.vss__t57                  1.96485e-05
xz.xcore.ibias__t112                   1.00456
xz.xcore.tail__t283                    1.25445
xz.xcore.vss__t278                 5.18852e-13
xz.xcore.tail__t183                    1.25445
xz.xcore.ibias__t111                   1.00456
xz.xcore.vss__t160                 1.94464e-05
xz.xcore.vss__t279                 5.13514e-13
xz.xcore.vss__t56                  1.92442e-05
xz.xcore.ibias__t110                   1.00456
xz.xcore.tail__t282                    1.25445
xz.xcore.vss__t280                 5.08176e-13
xz.xcore.tail__t182                    1.25445
xz.xcore.ibias__t109                   1.00456
xz.xcore.vss__t159                 1.90421e-05
xz.xcore.vss__t281                 5.02838e-13
xz.xcore.vss__t55                    1.884e-05
xz.xcore.ibias__t108                   1.00456
xz.xcore.tail__t281                    1.25445
xz.xcore.vss__t282                 4.97501e-13
xz.xcore.tail__t181                    1.25445
xz.xcore.ibias__t107                   1.00456
xz.xcore.vss__t158                 1.86379e-05
xz.xcore.vss__t283                 4.92164e-13
xz.xcore.vss__t54                  1.84358e-05
xz.xcore.ibias__t106                   1.00456
xz.xcore.tail__t280                    1.25445
xz.xcore.vss__t284                 4.86827e-13
xz.xcore.tail__t180                    1.25445
xz.xcore.ibias__t105                   1.00456
xz.xcore.vss__t157                 1.82337e-05
xz.xcore.vss__t285                  4.8149e-13
xz.xcore.vss__t53                  1.80316e-05
xz.xcore.ibias__t104                   1.00456
xz.xcore.tail__t279                    1.25445
xz.xcore.vss__t286                 4.76154e-13
xz.xcore.tail__t205                    1.25445
xz.xcore.ibias__t156                   1.00456
xz.xcore.vss__t182                 1.78296e-05
xz.xcore.vss__t287                 4.70817e-13
xz.xcore.vss__t79                  1.76275e-05
xz.xcore.ibias__t155                   1.00456
xz.xcore.tail__t305                    1.25446
xz.xcore.vss__t288                 4.65481e-13
xz.xcore.tail__t204                    1.25446
xz.xcore.ibias__t154                   1.00456
xz.xcore.vss__t181                 1.74255e-05
xz.xcore.vss__t289                 4.60146e-13
xz.xcore.vss__t78                  1.72234e-05
xz.xcore.ibias__t153                   1.00456
xz.xcore.tail__t304                    1.25446
xz.xcore.vss__t290                  4.5481e-13
xz.xcore.tail__t203                    1.25446
xz.xcore.ibias__t152                   1.00456
xz.xcore.vss__t180                 1.70214e-05
xz.xcore.vss__t291                 4.49475e-13
xz.xcore.vss__t77                  1.68194e-05
xz.xcore.ibias__t151                   1.00456
xz.xcore.tail__t303                    1.25446
xz.xcore.vss__t292                  4.4414e-13
xz.xcore.tail__t202                    1.25446
xz.xcore.ibias__t150                   1.00456
xz.xcore.vss__t179                 1.66174e-05
xz.xcore.vss__t293                 4.38806e-13
xz.xcore.vss__t76                  1.64154e-05
xz.xcore.ibias__t149                   1.00456
xz.xcore.tail__t302                    1.25446
xz.xcore.vss__t294                 4.33471e-13
xz.xcore.tail__t201                    1.25446
xz.xcore.ibias__t148                   1.00456
xz.xcore.vss__t178                 1.62134e-05
xz.xcore.vss__t295                 4.28137e-13
xz.xcore.vss__t75                  1.60114e-05
xz.xcore.ibias__t147                   1.00456
xz.xcore.tail__t301                    1.25446
xz.xcore.vss__t296                 4.22804e-13
xz.xcore.tail__t200                    1.25446
xz.xcore.ibias__t146                   1.00456
xz.xcore.vss__t177                 1.58095e-05
xz.xcore.vss__t297                 4.17471e-13
xz.xcore.vss__t98                  1.56075e-05
xz.xcore.ibias__t193                   1.00456
xz.xcore.tail__t320                    1.25446
xz.xcore.vss__t298                 4.12138e-13
xz.xcore.tail__t226                    1.25446
xz.xcore.ibias__t208                   1.00456
xz.xcore.vss__t208                 1.54056e-05
xz.xcore.vss__t299                 4.06805e-13
xz.xcore.vss__t105                 1.52037e-05
xz.xcore.ibias__t207                   1.00456
xz.xcore.tail__t327                    1.25446
xz.xcore.vss__t300                 4.01473e-13
xz.xcore.tail__t225                    1.25446
xz.xcore.ibias__t206                   1.00456
xz.xcore.vss__t207                 1.50018e-05
xz.xcore.vss__t301                 3.96142e-13
xz.xcore.vss__t104                 1.47999e-05
xz.xcore.ibias__t205                   1.00456
xz.xcore.tail__t326                    1.25446
xz.xcore.vss__t302                 3.90811e-13
xz.xcore.tail__t224                    1.25446
xz.xcore.ibias__t204                   1.00456
xz.xcore.vss__t206                  1.4598e-05
xz.xcore.vss__t303                  3.8548e-13
xz.xcore.vss__t103                 1.43962e-05
xz.xcore.ibias__t203                   1.00456
xz.xcore.tail__t325                    1.25446
xz.xcore.vss__t304                  3.8015e-13
xz.xcore.tail__t223                    1.25446
xz.xcore.ibias__t202                   1.00456
xz.xcore.vss__t205                 1.41944e-05
xz.xcore.vss__t305                  3.7482e-13
xz.xcore.vss__t102                 1.39926e-05
xz.xcore.ibias__t201                   1.00456
xz.xcore.tail__t324                    1.25446
xz.xcore.vss__t306                 3.69491e-13
xz.xcore.tail__t222                    1.25446
xz.xcore.ibias__t200                   1.00456
xz.xcore.vss__t204                 1.37908e-05
xz.xcore.vss__t307                 3.64162e-13
xz.xcore.vss__t101                  1.3589e-05
xz.xcore.ibias__t199                   1.00456
xz.xcore.tail__t323                    1.25446
xz.xcore.vss__t308                 3.58834e-13
xz.xcore.tail__t221                    1.25446
xz.xcore.ibias__t198                   1.00456
xz.xcore.vss__t203                 1.33873e-05
xz.xcore.vss__t309                 3.53506e-13
xz.xcore.vss__t100                 1.31855e-05
xz.xcore.ibias__t197                   1.00456
xz.xcore.tail__t322                    1.25446
xz.xcore.vss__t310                 3.48179e-13
xz.xcore.tail__t220                    1.25446
xz.xcore.ibias__t196                   1.00456
xz.xcore.vss__t202                 1.29838e-05
xz.xcore.vss__t311                 3.42853e-13
xz.xcore.vss__t80                  1.27822e-05
xz.xcore.ibias__t157                   1.00456
xz.xcore.tail__t306                    1.25446
xz.xcore.vss__t312                 3.37527e-13
xz.xcore.tail__t185                    1.25446
xz.xcore.ibias__t116                   1.00456
xz.xcore.vss__t162                 1.25805e-05
xz.xcore.vss__t313                 3.32202e-13
xz.xcore.vss__t59                  1.23789e-05
xz.xcore.ibias__t115                   1.00456
xz.xcore.tail__t285                    1.25446
xz.xcore.vss__t314                 3.26878e-13
xz.xcore.tail__t184                    1.25446
xz.xcore.ibias__t114                   1.00456
xz.xcore.vss__t161                 1.21773e-05
xz.xcore.vss__t315                 3.21555e-13
xz.xcore.vss__t71                  1.19758e-05
xz.xcore.ibias__t139                   1.00456
xz.xcore.tail__t297                    1.25446
xz.xcore.vss__t316                 3.16232e-13
xz.xcore.tail__t196                    1.25446
xz.xcore.ibias__t138                   1.00456
xz.xcore.vss__t173                 1.17742e-05
xz.xcore.vss__t317                 3.10911e-13
xz.xcore.vss__t70                  1.15727e-05
xz.xcore.ibias__t137                   1.00456
xz.xcore.tail__t296                    1.25447
xz.xcore.vss__t318                  3.0559e-13
xz.xcore.tail__t195                    1.25447
xz.xcore.ibias__t136                   1.00456
xz.xcore.vss__t172                 1.13713e-05
xz.xcore.vss__t319                  3.0027e-13
xz.xcore.vss__t69                  1.11699e-05
xz.xcore.ibias__t135                   1.00456
xz.xcore.tail__t295                    1.25447
xz.xcore.vss__t320                 2.94951e-13
xz.xcore.tail__t194                    1.25447
xz.xcore.ibias__t134                   1.00456
xz.xcore.vss__t171                 1.09685e-05
xz.xcore.vss__t321                 2.89634e-13
xz.xcore.vss__t61                  1.07672e-05
xz.xcore.ibias__t119                   1.00456
xz.xcore.tail__t287                    1.25447
xz.xcore.vss__t322                 2.84317e-13
xz.xcore.tail__t179                    1.25447
xz.xcore.ibias__t103                   1.00456
xz.xcore.vss__t156                 1.05659e-05
xz.xcore.vss__t323                 2.79001e-13
xz.xcore.vss__t48                  1.03646e-05
xz.xcore.ibias__t92                    1.00456
xz.xcore.tail__t274                    1.25447
xz.xcore.vss__t324                 2.73687e-13
xz.xcore.tail__t178                    1.25447
xz.xcore.ibias__t102                   1.00456
xz.xcore.vss__t155                 1.01634e-05
xz.xcore.vss__t325                 2.68375e-13
xz.xcore.vss__t52                   9.9623e-06
xz.xcore.ibias__t101                   1.00456
xz.xcore.tail__t278                    1.25447
xz.xcore.vss__t326                 2.63063e-13
xz.xcore.tail__t177                    1.25447
xz.xcore.ibias__t100                   1.00456
xz.xcore.vss__t154                 9.76122e-06
xz.xcore.vss__t327                 2.57753e-13
xz.xcore.vss__t51                   9.5602e-06
xz.xcore.ibias__t99                    1.00456
xz.xcore.tail__t277                    1.25447
xz.xcore.vss__t328                 2.52445e-13
xz.xcore.tail__t176                    1.25447
xz.xcore.ibias__t98                    1.00456
xz.xcore.vss__t153                 9.35924e-06
xz.xcore.vss__t329                 2.47138e-13
xz.xcore.vss__t58                  9.15836e-06
xz.xcore.ibias__t113                   1.00456
xz.xcore.tail__t284                    1.25447
xz.xcore.vss__t330                 2.41834e-13
xz.xcore.tail__t174                    1.25447
xz.xcore.ibias__t96                    1.00456
xz.xcore.vss__t151                 8.95754e-06
xz.xcore.vss__t331                 2.36531e-13
xz.xcore.vss__t50                  8.75681e-06
xz.xcore.ibias__t95                    1.00456
xz.xcore.tail__t276                    1.25447
xz.xcore.vss__t332                  2.3123e-13
xz.xcore.tail__t173                    1.25447
xz.xcore.ibias__t94                    1.00456
xz.xcore.vss__t150                 8.55616e-06
xz.xcore.vss__t333                 2.25932e-13
xz.xcore.vss__t49                   8.3556e-06
xz.xcore.ibias__t93                    1.00456
xz.xcore.tail__t275                    1.25447
xz.xcore.vss__t334                 2.20636e-13
xz.xcore.tail__t172                    1.25447
xz.xcore.ibias__t91                    1.00456
xz.xcore.vss__t149                 8.15513e-06
xz.xcore.vss__t335                 2.15342e-13
xz.xcore.vss__t47                  7.95477e-06
xz.xcore.ibias__t90                    1.00456
xz.xcore.tail__t273                    1.25447
xz.xcore.vss__t336                 2.10051e-13
xz.xcore.tail__t171                    1.25447
xz.xcore.ibias__t89                    1.00456
xz.xcore.vss__t148                 7.75452e-06
xz.xcore.vss__t337                 2.04763e-13
xz.xcore.vss__t46                   7.5544e-06
xz.xcore.ibias__t88                    1.00456
xz.xcore.tail__t272                    1.25447
xz.xcore.vss__t338                 1.99479e-13
xz.xcore.tail__t170                    1.25447
xz.xcore.ibias__t87                    1.00456
xz.xcore.vss__t147                  7.3544e-06
xz.xcore.vss__t339                 1.94198e-13
xz.xcore.vss__t45                  7.15455e-06
xz.xcore.ibias__t86                    1.00456
xz.xcore.tail__t271                    1.25447
xz.xcore.vss__t340                  1.8892e-13
xz.xcore.tail__t169                    1.25447
xz.xcore.ibias__t85                    1.00456
xz.xcore.vss__t146                 6.95485e-06
xz.xcore.vss__t341                 1.83647e-13
xz.xcore.vss__t44                  6.75532e-06
xz.xcore.ibias__t84                    1.00456
xz.xcore.tail__t270                    1.25447
xz.xcore.vss__t342                 1.78378e-13
xz.xcore.tail__t168                    1.25447
xz.xcore.ibias__t83                    1.00456
xz.xcore.vss__t145                 6.55597e-06
xz.xcore.vss__t343                 1.73114e-13
xz.xcore.vss__t66                  6.35683e-06
xz.xcore.ibias__t129                   1.00456
xz.xcore.tail__t292                    1.25447
xz.xcore.vss__t344                 1.67856e-13
xz.xcore.tail__t199                    1.25447
xz.xcore.ibias__t144                   1.00456
xz.xcore.vss__t176                 6.15791e-06
xz.xcore.vss__t345                 1.62603e-13
xz.xcore.vss__t73                  5.95922e-06
xz.xcore.ibias__t143                   1.00456
xz.xcore.tail__t299                    1.25447
xz.xcore.vss__t346                 1.57356e-13
xz.xcore.tail__t198                    1.25447
xz.xcore.ibias__t142                   1.00456
xz.xcore.vss__t175                 5.76081e-06
xz.xcore.vss__t347                 1.52117e-13
xz.xcore.vss__t72                  5.56269e-06
xz.xcore.ibias__t141                   1.00456
xz.xcore.tail__t298                    1.25448
xz.xcore.vss__t348                 1.46886e-13
xz.xcore.outp__t53                     2.79357
xz.xcore.inp__t1                        2.5245
xz.xcore.tail__t0                      1.25455
xz.xcore.vss__t460                 8.47361e-12
xz.xcore.tail__t119                    1.25455
xz.xcore.inp__t53                       2.5245
xz.xcore.outp__t52                     2.79357
xz.xcore.vss__t462                 8.55362e-12
xz.xcore.outp__t46                     2.79357
xz.xcore.inp__t52                       2.5245
xz.xcore.tail__t118                    1.25455
xz.xcore.vss__t463                 8.63362e-12
xz.xcore.tail__t58                     1.25455
xz.xcore.inp__t61                       2.5245
xz.xcore.outp__t82                     2.79357
xz.xcore.vss__t464                 8.71362e-12
xz.xcore.outp__t30                     2.79357
xz.xcore.inp__t24                       2.5245
xz.xcore.tail__t98                     1.25455
xz.xcore.vss__t465                 8.79362e-12
xz.xcore.tail__t38                     1.25455
xz.xcore.inp__t23                       2.5245
xz.xcore.outp__t64                     2.79357
xz.xcore.vss__t466                 8.87361e-12
xz.xcore.outp__t29                     2.79357
xz.xcore.inp__t22                       2.5245
xz.xcore.tail__t97                     1.25455
xz.xcore.vss__t467                 8.95361e-12
xz.xcore.tail__t37                     1.25455
xz.xcore.inp__t21                       2.5245
xz.xcore.outp__t63                     2.79356
xz.xcore.vss__t468                 9.03361e-12
xz.xcore.outp__t28                     2.79356
xz.xcore.inp__t20                       2.5245
xz.xcore.tail__t96                     1.25456
xz.xcore.vss__t469                  9.1136e-12
xz.xcore.tail__t36                     1.25456
xz.xcore.inp__t19                       2.5245
xz.xcore.outp__t62                     2.79356
xz.xcore.vss__t470                 9.19359e-12
xz.xcore.outp__t27                     2.79356
xz.xcore.inp__t18                       2.5245
xz.xcore.tail__t95                     1.25456
xz.xcore.vss__t471                 9.27358e-12
xz.xcore.tail__t35                     1.25456
xz.xcore.inp__t17                       2.5245
xz.xcore.outp__t61                     2.79356
xz.xcore.vss__t472                 9.35357e-12
xz.xcore.outp__t26                     2.79356
xz.xcore.inp__t16                       2.5245
xz.xcore.tail__t94                     1.25456
xz.xcore.vss__t473                 9.43356e-12
xz.xcore.tail__t33                     1.25456
xz.xcore.inp__t15                       2.5245
xz.xcore.outp__t60                     2.79355
xz.xcore.vss__t474                 9.51355e-12
xz.xcore.outp__t47                     2.79355
xz.xcore.inp__t54                       2.5245
xz.xcore.tail__t120                    1.25456
xz.xcore.vss__t475                 9.59353e-12
xz.xcore.tail__t54                     1.25456
xz.xcore.inp__t55                       2.5245
xz.xcore.outp__t78                     2.79355
xz.xcore.vss__t476                 9.67351e-12
xz.xcore.outp__t51                     2.79355
xz.xcore.inp__t63                       2.5245
xz.xcore.tail__t126                    1.25456
xz.xcore.vss__t477                 9.75349e-12
xz.xcore.tail__t57                     1.25456
xz.xcore.inp__t60                       2.5245
xz.xcore.outp__t81                     2.79355
xz.xcore.vss__t478                 9.83347e-12
xz.xcore.outp__t49                     2.79355
xz.xcore.inp__t59                       2.5245
xz.xcore.tail__t122                    1.25456
xz.xcore.vss__t479                 9.91344e-12
xz.xcore.tail__t56                     1.25456
xz.xcore.inp__t58                       2.5245
xz.xcore.outp__t80                     2.79354
xz.xcore.vss__t480                 9.99342e-12
xz.xcore.outp__t48                     2.79354
xz.xcore.inp__t57                       2.5245
xz.xcore.tail__t121                    1.25457
xz.xcore.vss__t481                 1.00734e-11
xz.xcore.tail__t55                     1.25457
xz.xcore.inp__t56                       2.5245
xz.xcore.outp__t79                     2.79354
xz.xcore.vss__t482                 1.01534e-11
xz.xcore.outp__t24                     2.79354
xz.xcore.inp__t11                       2.5245
xz.xcore.tail__t92                     1.25457
xz.xcore.vss__t483                 1.02333e-11
xz.xcore.tail__t30                     1.25457
xz.xcore.inp__t10                       2.5245
xz.xcore.outp__t57                     2.79354
xz.xcore.vss__t484                 1.03133e-11
xz.xcore.outp__t23                     2.79354
xz.xcore.inp__t9                        2.5245
xz.xcore.tail__t88                     1.25457
xz.xcore.vss__t485                 1.03933e-11
xz.xcore.tail__t32                     1.25457
xz.xcore.inp__t14                       2.5245
xz.xcore.outp__t59                     2.79353
xz.xcore.vss__t486                 1.04732e-11
xz.xcore.outp__t25                     2.79353
xz.xcore.inp__t13                       2.5245
xz.xcore.tail__t93                     1.25457
xz.xcore.vss__t487                 1.05532e-11
xz.xcore.tail__t60                     1.25457
xz.xcore.inp__t0                        2.5245
xz.xcore.outp__t83                     2.79353
xz.xcore.vss__t488                 1.06331e-11
xz.xcore.outp__t50                     2.79353
xz.xcore.inp__t62                       2.5245
xz.xcore.tail__t123                    1.25457
xz.xcore.vss__t489                 1.07131e-11
xz.xcore.tail__t42                     1.25457
xz.xcore.inp__t29                       2.5245
xz.xcore.outp__t67                     2.79353
xz.xcore.vss__t490                  1.0793e-11
xz.xcore.outp__t32                     2.79353
xz.xcore.inp__t28                       2.5245
xz.xcore.tail__t102                    1.25457
xz.xcore.vss__t491                  1.0873e-11
xz.xcore.tail__t41                     1.25457
xz.xcore.inp__t27                       2.5245
xz.xcore.outp__t66                     2.79353
xz.xcore.vss__t492                 1.09529e-11
xz.xcore.outp__t31                     2.79352
xz.xcore.inp__t26                       2.5245
xz.xcore.tail__t101                    1.25457
xz.xcore.vss__t493                 1.10328e-11
xz.xcore.tail__t40                     1.25458
xz.xcore.inp__t25                       2.5245
xz.xcore.outp__t65                     2.79352
xz.xcore.vss__t494                 1.11128e-11
xz.xcore.outp__t20                     2.79352
xz.xcore.inp__t4                        2.5245
xz.xcore.tail__t74                     1.25458
xz.xcore.vss__t495                 1.11927e-11
xz.xcore.tail__t14                     1.25458
xz.xcore.inp__t3                        2.5245
xz.xcore.outp__t54                     2.79352
xz.xcore.vss__t496                 1.12727e-11
xz.xcore.outp__t22                     2.79352
xz.xcore.inp__t7                        2.5245
xz.xcore.tail__t76                     1.25458
xz.xcore.vss__t497                 1.13526e-11
xz.xcore.tail__t16                     1.25458
xz.xcore.inp__t6                        2.5245
xz.xcore.outp__t55                     2.79352
xz.xcore.vss__t498                 1.14325e-11
xz.xcore.outp__t21                     2.79351
xz.xcore.inp__t5                        2.5245
xz.xcore.tail__t75                     1.25458
xz.xcore.vss__t499                 1.15124e-11
xz.xcore.tail__t19                     1.25458
xz.xcore.inp__t8                        2.5245
xz.xcore.outp__t56                     2.79351
xz.xcore.vss__t500                 1.15923e-11
xz.xcore.outp__t45                     2.79351
xz.xcore.inp__t50                       2.5245
xz.xcore.tail__t116                    1.25458
xz.xcore.vss__t501                 1.16723e-11
xz.xcore.tail__t51                     1.25458
xz.xcore.inp__t49                       2.5245
xz.xcore.outp__t76                     2.79351
xz.xcore.vss__t502                 1.17522e-11
xz.xcore.outp__t44                     2.79351
xz.xcore.inp__t48                       2.5245
xz.xcore.tail__t115                    1.25458
xz.xcore.vss__t503                 1.18321e-11
xz.xcore.tail__t50                     1.25458
xz.xcore.inp__t47                       2.5245
xz.xcore.outp__t75                     2.79351
xz.xcore.vss__t504                  1.1912e-11
xz.xcore.outp__t43                      2.7935
xz.xcore.inp__t46                       2.5245
xz.xcore.tail__t114                    1.25458
xz.xcore.vss__t505                 1.19919e-11
xz.xcore.tail__t49                     1.25458
xz.xcore.inp__t45                       2.5245
xz.xcore.outp__t74                      2.7935
xz.xcore.vss__t506                 1.20718e-11
xz.xcore.outp__t42                      2.7935
xz.xcore.inp__t44                       2.5245
xz.xcore.tail__t113                    1.25459
xz.xcore.vss__t507                 1.21517e-11
xz.xcore.tail__t48                     1.25459
xz.xcore.inp__t43                       2.5245
xz.xcore.outp__t73                      2.7935
xz.xcore.vss__t508                 1.22316e-11
xz.xcore.outp__t41                      2.7935
xz.xcore.inp__t42                       2.5245
xz.xcore.tail__t112                    1.25459
xz.xcore.vss__t509                 1.23115e-11
xz.xcore.tail__t47                     1.25459
xz.xcore.inp__t41                       2.5245
xz.xcore.outp__t72                      2.7935
xz.xcore.vss__t510                 1.23914e-11
xz.xcore.outp__t40                     2.79349
xz.xcore.inp__t40                       2.5245
xz.xcore.tail__t111                    1.25459
xz.xcore.vss__t511                 1.24712e-11
xz.xcore.tail__t46                     1.25459
xz.xcore.inp__t39                       2.5245
xz.xcore.outp__t71                     2.79349
xz.xcore.vss__t512                 1.25511e-11
xz.xcore.outp__t39                     2.79349
xz.xcore.inp__t38                       2.5245
xz.xcore.tail__t110                    1.25459
xz.xcore.vss__t513                  1.2631e-11
xz.xcore.tail__t53                     1.25459
xz.xcore.inp__t51                       2.5245
xz.xcore.outp__t77                     2.79349
xz.xcore.vss__t514                 1.27109e-11
xz.xcore.outp__t38                     2.79349
xz.xcore.inp__t37                       2.5245
xz.xcore.tail__t108                    1.25459
xz.xcore.vss__t515                 1.27907e-11
xz.xcore.tail__t45                     1.25459
xz.xcore.inp__t36                       2.5245
xz.xcore.outp__t70                     2.79349
xz.xcore.vss__t516                 1.28706e-11
xz.xcore.outp__t37                     2.79348
xz.xcore.inp__t35                       2.5245
xz.xcore.tail__t107                    1.25459
xz.xcore.vss__t517                 1.29505e-11
xz.xcore.tail__t44                     1.25459
xz.xcore.inp__t34                       2.5245
xz.xcore.outp__t69                     2.79348
xz.xcore.vss__t518                 1.30303e-11
xz.xcore.outp__t36                     2.79348
xz.xcore.inp__t33                       2.5245
xz.xcore.tail__t106                     1.2546
xz.xcore.vss__t519                 1.31102e-11
xz.xcore.tail__t31                      1.2546
xz.xcore.inp__t12                       2.5245
xz.xcore.outp__t58                     2.79348
xz.xcore.vss__t520                   1.319e-11
xz.xcore.outp__t35                     2.79348
xz.xcore.inp__t32                       2.5245
xz.xcore.tail__t104                     1.2546
xz.xcore.vss__t521                 1.32699e-11
xz.xcore.tail__t43                      1.2546
xz.xcore.inp__t31                       2.5245
xz.xcore.outp__t68                     2.79348
xz.xcore.vss__t522                 1.33497e-11
xz.xcore.outp__t33                     2.79347
xz.xcore.inp__t30                       2.5245
xz.xcore.tail__t103                     1.2546
xz.xcore.vss__t523                 1.34296e-11
xz.xcore.tail__t1                       1.2546
xz.xcore.inp__t2                        2.5245
xz.xcore.outp__t34                     2.79347
xz.xcore.vss__t586                 1.35094e-11
xz.xcore.ibias__t215                   1.00183
xz.xcore.ibias__t3                     1.00456
xz.xcore.vss__t2                   2.51857e-05
xz.xcore.vss__t459                 5.04669e-13
xz.xcore.vss__t81                  2.49859e-05
xz.xcore.ibias__t158                   1.00456
xz.xcore.ibias__t216                   1.00186
xz.xcore.vss__t448                 5.00678e-13
xz.xcore.ibias__t213                   1.00189
xz.xcore.ibias__t171                   1.00456
xz.xcore.vss__t190                 2.47861e-05
xz.xcore.vss__t449                 4.96688e-13
xz.xcore.vss__t83                  2.45863e-05
xz.xcore.ibias__t163                   1.00456
xz.xcore.ibias__t218                   1.00192
xz.xcore.vss__t450                 4.92697e-13
xz.xcore.ibias__t212                   1.00195
xz.xcore.ibias__t162                   1.00456
xz.xcore.vss__t185                 2.43865e-05
xz.xcore.vss__t451                 4.88706e-13
xz.xcore.vss__t89                  2.41867e-05
xz.xcore.ibias__t177                   1.00456
xz.xcore.ibias__t219                   1.00198
xz.xcore.vss__t452                 4.84714e-13
xz.xcore.ibias__t211                   1.00201
xz.xcore.ibias__t160                   1.00456
xz.xcore.vss__t183                 2.39869e-05
xz.xcore.vss__t453                 4.80723e-13
xz.xcore.vss__t82                  2.37871e-05
xz.xcore.ibias__t159                   1.00456
xz.xcore.ibias__t217                   1.00204
xz.xcore.vss__t454                 4.76731e-13
xz.xcore.ibias__t214                   1.00207
xz.xcore.ibias__t174                   1.00456
xz.xcore.vss__t192                 2.35873e-05
xz.xcore.vss__t455                  4.7274e-13
xz.xcore.vss__t3                   2.33875e-05
xz.xcore.ibias__t4                     1.00456
xz.xcore.ibias__t210                    1.0021
xz.xcore.vss__t457                 4.68748e-13
xz.xcore.outn__t52                         3.3
xz.xcore.inn__t1                        1.6335
xz.xcore.tail__t3                      1.25449
xz.xcore.vss__t461                 1.46138e-12
xz.xcore.tail__t62                     1.25449
xz.xcore.inn__t58                       1.6335
xz.xcore.outn__t81                         3.3
xz.xcore.vss__t524                 1.47525e-12
xz.xcore.outn__t49                         3.3
xz.xcore.inn__t59                       1.6335
xz.xcore.tail__t124                    1.25449
xz.xcore.vss__t525                 1.48912e-12
xz.xcore.tail__t63                     1.25449
xz.xcore.inn__t60                       1.6335
xz.xcore.outn__t82                         3.3
xz.xcore.vss__t526                 1.50299e-12
xz.xcore.outn__t50                         3.3
xz.xcore.inn__t61                       1.6335
xz.xcore.tail__t125                    1.25449
xz.xcore.vss__t527                 1.51686e-12
xz.xcore.tail__t64                     1.25449
xz.xcore.inn__t62                       1.6335
xz.xcore.outn__t83                         3.3
xz.xcore.vss__t528                 1.53073e-12
xz.xcore.outn__t46                         3.3
xz.xcore.inn__t52                       1.6335
xz.xcore.tail__t105                    1.25449
xz.xcore.vss__t529                  1.5446e-12
xz.xcore.tail__t15                     1.25449
xz.xcore.inn__t21                       1.6335
xz.xcore.outn__t63                         3.3
xz.xcore.vss__t530                 1.55847e-12
xz.xcore.outn__t45                         3.3
xz.xcore.inn__t51                       1.6335
xz.xcore.tail__t100                    1.25449
xz.xcore.vss__t531                 1.57234e-12
xz.xcore.tail__t34                     1.25449
xz.xcore.inn__t48                       1.6335
xz.xcore.outn__t76                         3.3
xz.xcore.vss__t532                 1.58621e-12
xz.xcore.outn__t44                         3.3
xz.xcore.inn__t50                       1.6335
xz.xcore.tail__t99                     1.25449
xz.xcore.vss__t533                 1.60008e-12
xz.xcore.tail__t61                     1.25449
xz.xcore.inn__t57                       1.6335
xz.xcore.outn__t80                         3.3
xz.xcore.vss__t534                 1.61395e-12
xz.xcore.outn__t40                         3.3
xz.xcore.inn__t42                       1.6335
xz.xcore.tail__t87                     1.25449
xz.xcore.vss__t535                 1.62782e-12
xz.xcore.tail__t27                     1.25449
xz.xcore.inn__t41                       1.6335
xz.xcore.outn__t73                         3.3
xz.xcore.vss__t536                 1.64169e-12
xz.xcore.outn__t39                         3.3
xz.xcore.inn__t40                       1.6335
xz.xcore.tail__t86                     1.25449
xz.xcore.vss__t537                 1.65557e-12
xz.xcore.tail__t26                     1.25449
xz.xcore.inn__t39                       1.6335
xz.xcore.outn__t72                         3.3
xz.xcore.vss__t538                 1.66944e-12
xz.xcore.outn__t38                         3.3
xz.xcore.inn__t38                       1.6335
xz.xcore.tail__t85                     1.25449
xz.xcore.vss__t539                 1.68331e-12
xz.xcore.tail__t25                     1.25449
xz.xcore.inn__t37                       1.6335
xz.xcore.outn__t71                         3.3
xz.xcore.vss__t540                 1.69719e-12
xz.xcore.outn__t47                         3.3
xz.xcore.inn__t53                       1.6335
xz.xcore.tail__t109                    1.25449
xz.xcore.vss__t541                 1.71106e-12
xz.xcore.tail__t52                     1.25449
xz.xcore.inn__t55                       1.6335
xz.xcore.outn__t78                         3.3
xz.xcore.vss__t542                 1.72493e-12
xz.xcore.outn__t48                         3.3
xz.xcore.inn__t54                       1.6335
xz.xcore.tail__t117                    1.25449
xz.xcore.vss__t543                 1.73881e-12
xz.xcore.tail__t39                     1.25449
xz.xcore.inn__t49                       1.6335
xz.xcore.outn__t77                         3.3
xz.xcore.vss__t544                 1.75268e-12
xz.xcore.outn__t41                         3.3
xz.xcore.inn__t43                       1.6335
xz.xcore.tail__t89                     1.25449
xz.xcore.vss__t545                 1.76656e-12
xz.xcore.tail__t29                     1.25449
xz.xcore.inn__t47                       1.6335
xz.xcore.outn__t75                         3.3
xz.xcore.vss__t546                 1.78043e-12
xz.xcore.outn__t43                         3.3
xz.xcore.inn__t46                       1.6335
xz.xcore.tail__t91                     1.25449
xz.xcore.vss__t547                 1.79431e-12
xz.xcore.tail__t28                     1.25449
xz.xcore.inn__t45                       1.6335
xz.xcore.outn__t74                         3.3
xz.xcore.vss__t548                 1.80818e-12
xz.xcore.outn__t42                         3.3
xz.xcore.inn__t44                       1.6335
xz.xcore.tail__t90                     1.25449
xz.xcore.vss__t549                 1.82206e-12
xz.xcore.tail__t59                     1.25449
xz.xcore.inn__t56                       1.6335
xz.xcore.outn__t79                         3.3
xz.xcore.vss__t550                 1.83593e-12
xz.xcore.outn__t51                         3.3
xz.xcore.inn__t63                       1.6335
xz.xcore.tail__t127                    1.25449
xz.xcore.vss__t551                 1.84981e-12
xz.xcore.tail__t13                     1.25449
xz.xcore.inn__t19                       1.6335
xz.xcore.outn__t62                         3.3
xz.xcore.vss__t552                 1.86369e-12
xz.xcore.outn__t28                         3.3
xz.xcore.inn__t18                       1.6335
xz.xcore.tail__t72                     1.25449
xz.xcore.vss__t553                 1.87756e-12
xz.xcore.tail__t12                     1.25449
xz.xcore.inn__t17                       1.6335
xz.xcore.outn__t61                         3.3
xz.xcore.vss__t554                 1.89144e-12
xz.xcore.outn__t27                         3.3
xz.xcore.inn__t16                       1.6335
xz.xcore.tail__t71                     1.25449
xz.xcore.vss__t555                 1.90531e-12
xz.xcore.tail__t11                     1.25449
xz.xcore.inn__t15                       1.6335
xz.xcore.outn__t60                         3.3
xz.xcore.vss__t556                 1.91919e-12
xz.xcore.outn__t26                         3.3
xz.xcore.inn__t14                       1.6335
xz.xcore.tail__t70                     1.25449
xz.xcore.vss__t557                 1.93307e-12
xz.xcore.tail__t10                     1.25449
xz.xcore.inn__t13                       1.6335
xz.xcore.outn__t59                         3.3
xz.xcore.vss__t558                 1.94695e-12
xz.xcore.outn__t25                         3.3
xz.xcore.inn__t12                       1.6335
xz.xcore.tail__t69                     1.25449
xz.xcore.vss__t559                 1.96082e-12
xz.xcore.tail__t6                      1.25449
xz.xcore.inn__t5                        1.6335
xz.xcore.outn__t55                         3.3
xz.xcore.vss__t560                  1.9747e-12
xz.xcore.outn__t24                         3.3
xz.xcore.inn__t11                       1.6335
xz.xcore.tail__t68                     1.25449
xz.xcore.vss__t561                 1.98858e-12
xz.xcore.tail__t4                      1.25449
xz.xcore.inn__t2                        1.6335
xz.xcore.outn__t53                         3.3
xz.xcore.vss__t562                 2.00246e-12
xz.xcore.outn__t21                         3.3
xz.xcore.inn__t3                        1.6335
xz.xcore.tail__t65                     1.25449
xz.xcore.vss__t563                 2.01634e-12
xz.xcore.tail__t5                      1.25449
xz.xcore.inn__t4                        1.6335
xz.xcore.outn__t54                         3.3
xz.xcore.vss__t564                 2.03021e-12
xz.xcore.outn__t22                         3.3
xz.xcore.inn__t6                        1.6335
xz.xcore.tail__t66                     1.25449
xz.xcore.vss__t565                 2.04409e-12
xz.xcore.tail__t7                      1.25449
xz.xcore.inn__t7                        1.6335
xz.xcore.outn__t56                         3.3
xz.xcore.vss__t566                 2.05797e-12
xz.xcore.outn__t23                         3.3
xz.xcore.inn__t8                        1.6335
xz.xcore.tail__t67                     1.25449
xz.xcore.vss__t567                 2.07185e-12
xz.xcore.tail__t8                      1.25449
xz.xcore.inn__t9                        1.6335
xz.xcore.outn__t57                         3.3
xz.xcore.vss__t568                 2.08573e-12
xz.xcore.outn__t29                         3.3
xz.xcore.inn__t20                       1.6335
xz.xcore.tail__t73                     1.25449
xz.xcore.vss__t569                 2.09961e-12
xz.xcore.tail__t9                      1.25449
xz.xcore.inn__t10                       1.6335
xz.xcore.outn__t58                         3.3
xz.xcore.vss__t570                 2.11349e-12
xz.xcore.outn__t36                         3.3
xz.xcore.inn__t35                       1.6335
xz.xcore.tail__t83                     1.25449
xz.xcore.vss__t571                 2.12737e-12
xz.xcore.tail__t24                     1.25449
xz.xcore.inn__t34                       1.6335
xz.xcore.outn__t70                         3.3
xz.xcore.vss__t572                 2.14124e-12
xz.xcore.outn__t35                         3.3
xz.xcore.inn__t33                       1.6335
xz.xcore.tail__t82                     1.25449
xz.xcore.vss__t573                 2.15512e-12
xz.xcore.tail__t23                     1.25449
xz.xcore.inn__t32                       1.6335
xz.xcore.outn__t69                         3.3
xz.xcore.vss__t574                   2.169e-12
xz.xcore.outn__t34                         3.3
xz.xcore.inn__t31                       1.6335
xz.xcore.tail__t81                     1.25449
xz.xcore.vss__t575                 2.18288e-12
xz.xcore.tail__t22                     1.25449
xz.xcore.inn__t30                       1.6335
xz.xcore.outn__t68                         3.3
xz.xcore.vss__t576                 2.19676e-12
xz.xcore.outn__t33                         3.3
xz.xcore.inn__t29                       1.6335
xz.xcore.tail__t80                     1.25449
xz.xcore.vss__t577                 2.21064e-12
xz.xcore.tail__t21                     1.25449
xz.xcore.inn__t28                       1.6335
xz.xcore.outn__t67                         3.3
xz.xcore.vss__t578                 2.22452e-12
xz.xcore.outn__t32                         3.3
xz.xcore.inn__t27                       1.6335
xz.xcore.tail__t79                     1.25449
xz.xcore.vss__t579                  2.2384e-12
xz.xcore.tail__t20                     1.25449
xz.xcore.inn__t26                       1.6335
xz.xcore.outn__t66                         3.3
xz.xcore.vss__t580                 2.25228e-12
xz.xcore.outn__t37                         3.3
xz.xcore.inn__t36                       1.6335
xz.xcore.tail__t84                     1.25449
xz.xcore.vss__t581                 2.26617e-12
xz.xcore.tail__t18                     1.25449
xz.xcore.inn__t25                       1.6335
xz.xcore.outn__t65                         3.3
xz.xcore.vss__t582                 2.28005e-12
xz.xcore.outn__t31                         3.3
xz.xcore.inn__t24                       1.6335
xz.xcore.tail__t78                     1.25449
xz.xcore.vss__t583                 2.29393e-12
xz.xcore.tail__t17                     1.25449
xz.xcore.inn__t23                       1.6335
xz.xcore.outn__t64                         3.3
xz.xcore.vss__t584                 2.30781e-12
xz.xcore.outn__t30                         3.3
xz.xcore.inn__t22                       1.6335
xz.xcore.tail__t77                     1.25449
xz.xcore.vss__t585                 2.32169e-12
xz.xcore.tail__t2                      1.25449
xz.xcore.inn__t0                        1.6335
xz.xcore.outn__t20                         3.3
xz.xcore.vss__t587                 2.33557e-12
xz.xcore.vss__t210                 2.60131e-12
xz.xcore.outp__t16                     2.79369
xz.xcore.vss__t211                 2.57074e-12
xz.xcore.outp__t17                     2.79369
xz.xcore.vss__t212                 2.54019e-12
xz.xcore.outp__t18                     2.79369
xz.xcore.vss__t213                 2.50966e-12
xz.xcore.outp__t19                     2.79369
xz.xcore.vss__t214                 2.47916e-12
xz.xcore.outp__t0                      2.79369
xz.xcore.vss__t215                 2.44869e-12
xz.xcore.outp__t1                      2.79369
xz.xcore.vss__t216                 2.41825e-12
xz.xcore.outp__t2                      2.79369
xz.xcore.vss__t217                 2.38783e-12
xz.xcore.outp__t3                      2.79369
xz.xcore.vss__t218                 2.35745e-12
xz.xcore.outp__t4                      2.79369
xz.xcore.vss__t219                  2.3271e-12
xz.xcore.outp__t15                     2.79369
xz.xcore.vss__t220                 2.29678e-12
xz.xcore.outp__t6                      2.79369
xz.xcore.vss__t221                  2.2665e-12
xz.xcore.outp__t7                      2.79369
xz.xcore.vss__t222                 2.23626e-12
xz.xcore.outp__t8                      2.79369
xz.xcore.vss__t223                 2.20605e-12
xz.xcore.outp__t9                      2.79369
xz.xcore.vss__t224                 2.17588e-12
xz.xcore.outp__t10                     2.79369
xz.xcore.vss__t225                 2.14575e-12
xz.xcore.outp__t11                     2.79369
xz.xcore.vss__t226                 2.11566e-12
xz.xcore.outp__t12                     2.79369
xz.xcore.vss__t227                 2.08562e-12
xz.xcore.outp__t13                     2.79369
xz.xcore.vss__t228                 2.05562e-12
xz.xcore.outp__t14                     2.79369
xz.xcore.vss__t229                 2.02567e-12
xz.xcore.outp__t5                      2.79369
xz.xcore.vss__t230                 2.18457e-12
xz.xcore.outn__t0                          3.3
xz.xcore.vss__t231                 2.21955e-12
xz.xcore.outn__t5                          3.3
xz.xcore.vss__t232                  2.2546e-12
xz.xcore.outn__t6                          3.3
xz.xcore.vss__t233                 2.28973e-12
xz.xcore.outn__t7                          3.3
xz.xcore.vss__t234                 2.32492e-12
xz.xcore.outn__t8                          3.3
xz.xcore.vss__t235                 2.36018e-12
xz.xcore.outn__t9                          3.3
xz.xcore.vss__t236                  2.3955e-12
xz.xcore.outn__t10                         3.3
xz.xcore.vss__t237                 2.43089e-12
xz.xcore.outn__t11                         3.3
xz.xcore.vss__t238                 2.46632e-12
xz.xcore.outn__t12                         3.3
xz.xcore.vss__t239                 2.50182e-12
xz.xcore.outn__t13                         3.3
xz.xcore.vss__t240                 2.53736e-12
xz.xcore.outn__t14                         3.3
xz.xcore.vss__t241                 2.57295e-12
xz.xcore.outn__t15                         3.3
xz.xcore.vss__t242                 2.60859e-12
xz.xcore.outn__t16                         3.3
xz.xcore.vss__t243                 2.64428e-12
xz.xcore.outn__t17                         3.3
xz.xcore.vss__t244                 2.68001e-12
xz.xcore.outn__t19                         3.3
xz.xcore.vss__t245                 2.71579e-12
xz.xcore.outn__t18                         3.3
xz.xcore.vss__t246                  2.7516e-12
xz.xcore.outn__t1                          3.3
xz.xcore.vss__t247                 2.78746e-12
xz.xcore.outn__t2                          3.3
xz.xcore.vss__t248                 2.82335e-12
xz.xcore.outn__t3                          3.3
xz.xcore.vss__t249                 2.85928e-12
xz.xcore.outn__t4                          3.3
ib_z                                   1.00456
xz.xcore.vsubs                               0
outn_z                                     3.3
outp_z                                 2.79369
xz.tail                                1.25449
vss_z                                        0
xza.xcore.tail__t186                   1.24487
xza.xcore.ibias__t118                  1.00456
xza.xcore.vss__t163                5.36256e-06
xza.xcore.vss__t349                1.38864e-13
xza.xcore.vss__t60                 5.16522e-06
xza.xcore.ibias__t117                  1.00456
xza.xcore.tail__t286                   1.24487
xza.xcore.vss__t350                1.33754e-13
xza.xcore.tail__t197                   1.24487
xza.xcore.ibias__t140                  1.00456
xza.xcore.vss__t174                 4.9683e-06
xza.xcore.vss__t351                1.28655e-13
xza.xcore.vss__t68                 4.77184e-06
xza.xcore.ibias__t133                  1.00456
xza.xcore.tail__t294                   1.24487
xza.xcore.vss__t352                1.23567e-13
xza.xcore.tail__t193                   1.24487
xza.xcore.ibias__t132                  1.00456
xza.xcore.vss__t170                 4.5759e-06
xza.xcore.vss__t353                1.18493e-13
xza.xcore.vss__t67                 4.38056e-06
xza.xcore.ibias__t131                  1.00456
xza.xcore.tail__t293                   1.24487
xza.xcore.vss__t354                1.13435e-13
xza.xcore.tail__t192                   1.24487
xza.xcore.ibias__t130                  1.00456
xza.xcore.vss__t169                4.18589e-06
xza.xcore.vss__t355                1.08394e-13
xza.xcore.vss__t74                 3.99199e-06
xza.xcore.ibias__t145                  1.00456
xza.xcore.tail__t300                   1.24487
xza.xcore.vss__t356                1.03373e-13
xza.xcore.tail__t191                   1.24487
xza.xcore.ibias__t128                  1.00456
xza.xcore.vss__t168                3.79899e-06
xza.xcore.vss__t357                9.83748e-14
xza.xcore.vss__t65                 3.60702e-06
xza.xcore.ibias__t127                  1.00456
xza.xcore.tail__t291                   1.24487
xza.xcore.vss__t358                9.34037e-14
xza.xcore.tail__t190                   1.24487
xza.xcore.ibias__t126                  1.00456
xza.xcore.vss__t167                3.41626e-06
xza.xcore.vss__t359                 8.8464e-14
xza.xcore.vss__t64                 3.22693e-06
xza.xcore.ibias__t125                  1.00456
xza.xcore.tail__t290                   1.24487
xza.xcore.vss__t360                8.35612e-14
xza.xcore.tail__t189                   1.24487
xza.xcore.ibias__t124                  1.00456
xza.xcore.vss__t166                3.03929e-06
xza.xcore.vss__t361                7.87022e-14
xza.xcore.vss__t63                 2.85367e-06
xza.xcore.ibias__t123                  1.00456
xza.xcore.tail__t289                   1.24487
xza.xcore.vss__t362                7.38956e-14
xza.xcore.tail__t188                   1.24487
xza.xcore.ibias__t122                  1.00456
xza.xcore.vss__t165                2.67051e-06
xza.xcore.vss__t363                6.91525e-14
xza.xcore.vss__t62                 2.49033e-06
xza.xcore.ibias__t121                  1.00456
xza.xcore.tail__t288                   1.24487
xza.xcore.vss__t364                6.44867e-14
xza.xcore.tail__t187                   1.24487
xza.xcore.ibias__t120                  1.00456
xza.xcore.vss__t164                2.31383e-06
xza.xcore.vss__t365                5.99164e-14
xza.xcore.vss__t26                 2.14194e-06
xza.xcore.ibias__t0                    1.00456
xza.xcore.tail__t252                   1.24487
xza.xcore.vss__t366                5.54652e-14
xza.xcore.tail__t175                   1.24487
xza.xcore.ibias__t97                   1.00456
xza.xcore.vss__t152                1.97585e-06
xza.xcore.vss__t367                5.11642e-14
xza.xcore.vss__t42                 1.81714e-06
xza.xcore.ibias__t78                   1.00456
xza.xcore.tail__t268                   1.24488
xza.xcore.vss__t368                4.70546e-14
xza.xcore.tail__t164                   1.24488
xza.xcore.ibias__t77                   1.00456
xza.xcore.vss__t141                1.66794e-06
xza.xcore.vss__t369                 4.3191e-14
xza.xcore.vss__t37                 1.53102e-06
xza.xcore.ibias__t70                   1.00456
xza.xcore.tail__t263                   1.24488
xza.xcore.vss__t370                3.96455e-14
xza.xcore.tail__t167                   1.24488
xza.xcore.ibias__t82                   1.00456
xza.xcore.vss__t144                1.40996e-06
xza.xcore.vss__t371                3.65107e-14
xza.xcore.vss__t39                 1.30918e-06
xza.xcore.ibias__t72                   1.00456
xza.xcore.tail__t265                   1.24488
xza.xcore.vss__t372                 3.3901e-14
xza.xcore.tail__t162                   1.24488
xza.xcore.ibias__t73                   1.00456
xza.xcore.vss__t139                1.23365e-06
xza.xcore.vss__t373                3.19452e-14
xza.xcore.vss__t40                  1.1882e-06
xza.xcore.ibias__t74                   1.00456
xza.xcore.tail__t266                   1.24488
xza.xcore.vss__t374                3.07682e-14
xza.xcore.tail__t163                   1.24488
xza.xcore.ibias__t75                   1.00456
xza.xcore.vss__t140                1.17632e-06
xza.xcore.vss__t375                3.04605e-14
xza.xcore.vss__t41                   1.199e-06
xza.xcore.ibias__t76                   1.00456
xza.xcore.tail__t267                   1.24488
xza.xcore.vss__t376                 3.1048e-14
xza.xcore.tail__t129                   1.24488
xza.xcore.ibias__t9                    1.00456
xza.xcore.vss__t107                1.25438e-06
xza.xcore.vss__t377                 3.2482e-14
xza.xcore.vss__t6                   1.3384e-06
xza.xcore.ibias__t8                    1.00456
xza.xcore.tail__t232                   1.24488
xza.xcore.vss__t378                3.46578e-14
xza.xcore.tail__t128                   1.24488
xza.xcore.ibias__t7                    1.00456
xza.xcore.vss__t106                1.44608e-06
xza.xcore.vss__t379                3.74462e-14
xza.xcore.vss__t5                  1.57256e-06
xza.xcore.ibias__t6                    1.00456
xza.xcore.tail__t231                   1.24488
xza.xcore.vss__t380                4.07215e-14
xza.xcore.tail__t141                   1.24488
xza.xcore.ibias__t31                   1.00456
xza.xcore.vss__t119                 1.7137e-06
xza.xcore.vss__t381                4.43762e-14
xza.xcore.vss__t4                  1.86615e-06
xza.xcore.ibias__t5                    1.00456
xza.xcore.tail__t230                   1.24488
xza.xcore.vss__t382                4.83241e-14
xza.xcore.tail__t158                   1.24488
xza.xcore.ibias__t62                   1.00456
xza.xcore.vss__t135                2.02738e-06
xza.xcore.vss__t383                5.24992e-14
xza.xcore.vss__t33                 2.19545e-06
xza.xcore.ibias__t63                   1.00456
xza.xcore.tail__t259                   1.24488
xza.xcore.vss__t384                5.68515e-14
xza.xcore.tail__t159                   1.24488
xza.xcore.ibias__t64                   1.00456
xza.xcore.vss__t136                 2.3689e-06
xza.xcore.vss__t385                6.13432e-14
xza.xcore.vss__t34                 2.54664e-06
xza.xcore.ibias__t65                   1.00456
xza.xcore.tail__t260                   1.24488
xza.xcore.vss__t386                6.59459e-14
xza.xcore.tail__t160                   1.24488
xza.xcore.ibias__t66                   1.00456
xza.xcore.vss__t137                2.72783e-06
xza.xcore.vss__t387                7.06379e-14
xza.xcore.vss__t35                 2.91182e-06
xza.xcore.ibias__t67                   1.00456
xza.xcore.tail__t261                   1.24488
xza.xcore.vss__t388                7.54025e-14
xza.xcore.tail__t161                   1.24488
xza.xcore.ibias__t68                   1.00456
xza.xcore.vss__t138                3.09811e-06
xza.xcore.vss__t389                8.02268e-14
xza.xcore.vss__t36                 3.28632e-06
xza.xcore.ibias__t69                   1.00456
xza.xcore.tail__t262                   1.24488
xza.xcore.vss__t390                8.51006e-14
xza.xcore.tail__t130                   1.24488
xza.xcore.ibias__t10                   1.00456
xza.xcore.vss__t108                3.47612e-06
xza.xcore.vss__t391                 9.0016e-14
xza.xcore.vss__t13                 3.66728e-06
xza.xcore.ibias__t23                   1.00456
xza.xcore.tail__t239                   1.24488
xza.xcore.vss__t392                9.49663e-14
xza.xcore.tail__t137                   1.24488
xza.xcore.ibias__t24                   1.00456
xza.xcore.vss__t115                 3.8596e-06
xza.xcore.vss__t393                9.99465e-14
xza.xcore.vss__t14                  4.0529e-06
xza.xcore.ibias__t25                   1.00456
xza.xcore.tail__t240                   1.24488
xza.xcore.vss__t394                1.04952e-13
xza.xcore.tail__t138                   1.24488
xza.xcore.ibias__t26                   1.00456
xza.xcore.vss__t116                4.24705e-06
xza.xcore.vss__t395                 1.0998e-13
xza.xcore.vss__t15                 4.44194e-06
xza.xcore.ibias__t27                   1.00456
xza.xcore.tail__t241                   1.24488
xza.xcore.vss__t396                1.15027e-13
xza.xcore.tail__t139                   1.24488
xza.xcore.ibias__t28                   1.00456
xza.xcore.vss__t117                4.63748e-06
xza.xcore.vss__t397                1.20091e-13
xza.xcore.vss__t16                 4.83359e-06
xza.xcore.ibias__t29                   1.00456
xza.xcore.tail__t242                   1.24488
xza.xcore.vss__t398                 1.2517e-13
xza.xcore.tail__t140                   1.24488
xza.xcore.ibias__t30                   1.00456
xza.xcore.vss__t118                 5.0302e-06
xza.xcore.vss__t399                1.30261e-13
xza.xcore.vss__t21                 5.22726e-06
xza.xcore.ibias__t41                   1.00456
xza.xcore.tail__t247                   1.24488
xza.xcore.vss__t400                1.35365e-13
xza.xcore.tail__t142                   1.24488
xza.xcore.ibias__t32                   1.00456
xza.xcore.vss__t120                5.42471e-06
xza.xcore.vss__t401                1.40478e-13
xza.xcore.vss__t17                 5.62252e-06
xza.xcore.ibias__t33                   1.00456
xza.xcore.tail__t243                   1.24488
xza.xcore.vss__t402                  1.456e-13
xza.xcore.tail__t143                   1.24488
xza.xcore.ibias__t34                   1.00456
xza.xcore.vss__t121                5.82064e-06
xza.xcore.vss__t403                1.50731e-13
xza.xcore.vss__t18                 6.01906e-06
xza.xcore.ibias__t35                   1.00456
xza.xcore.tail__t244                   1.24488
xza.xcore.vss__t404                 1.5587e-13
xza.xcore.tail__t144                   1.24488
xza.xcore.ibias__t36                   1.00456
xza.xcore.vss__t122                6.21773e-06
xza.xcore.vss__t405                1.61015e-13
xza.xcore.vss__t19                 6.41664e-06
xza.xcore.ibias__t37                   1.00456
xza.xcore.tail__t245                   1.24488
xza.xcore.vss__t406                1.66166e-13
xza.xcore.tail__t145                   1.24488
xza.xcore.ibias__t38                   1.00456
xza.xcore.vss__t123                6.61576e-06
xza.xcore.vss__t407                1.71322e-13
xza.xcore.vss__t20                 6.81508e-06
xza.xcore.ibias__t39                   1.00456
xza.xcore.tail__t246                   1.24488
xza.xcore.vss__t408                1.76484e-13
xza.xcore.tail__t146                   1.24488
xza.xcore.ibias__t40                   1.00456
xza.xcore.vss__t124                7.01458e-06
xza.xcore.vss__t409                 1.8165e-13
xza.xcore.vss__t8                  7.21424e-06
xza.xcore.ibias__t12                   1.00456
xza.xcore.tail__t234                   1.24488
xza.xcore.vss__t410                1.86821e-13
xza.xcore.tail__t135                   1.24488
xza.xcore.ibias__t21                   1.00456
xza.xcore.vss__t113                7.41405e-06
xza.xcore.vss__t411                1.91995e-13
xza.xcore.vss__t9                    7.614e-06
xza.xcore.ibias__t13                   1.00456
xza.xcore.tail__t235                   1.24488
xza.xcore.vss__t412                1.97173e-13
xza.xcore.tail__t131                   1.24488
xza.xcore.ibias__t14                   1.00456
xza.xcore.vss__t109                7.81408e-06
xza.xcore.vss__t413                2.02355e-13
xza.xcore.vss__t10                 8.01428e-06
xza.xcore.ibias__t15                   1.00456
xza.xcore.tail__t236                   1.24488
xza.xcore.vss__t414                2.07539e-13
xza.xcore.tail__t134                   1.24488
xza.xcore.ibias__t20                   1.00456
xza.xcore.vss__t112                8.21458e-06
xza.xcore.vss__t415                2.12727e-13
xza.xcore.vss__t12                 8.41499e-06
xza.xcore.ibias__t19                   1.00456
xza.xcore.tail__t238                   1.24488
xza.xcore.vss__t416                2.17917e-13
xza.xcore.tail__t133                   1.24488
xza.xcore.ibias__t18                   1.00456
xza.xcore.vss__t111                8.61549e-06
xza.xcore.vss__t417                2.23109e-13
xza.xcore.vss__t11                 8.81608e-06
xza.xcore.ibias__t17                   1.00456
xza.xcore.tail__t237                   1.24488
xza.xcore.vss__t418                2.28304e-13
xza.xcore.tail__t132                   1.24488
xza.xcore.ibias__t16                   1.00456
xza.xcore.vss__t110                9.01675e-06
xza.xcore.vss__t419                2.33501e-13
xza.xcore.vss__t7                   9.2175e-06
xza.xcore.ibias__t11                   1.00456
xza.xcore.tail__t233                   1.24488
xza.xcore.vss__t420                2.38699e-13
xza.xcore.tail__t136                   1.24488
xza.xcore.ibias__t22                   1.00456
xza.xcore.vss__t114                9.41832e-06
xza.xcore.vss__t421                  2.439e-13
xza.xcore.vss__t23                 9.61921e-06
xza.xcore.ibias__t45                   1.00456
xza.xcore.tail__t249                   1.24488
xza.xcore.vss__t422                2.49103e-13
xza.xcore.tail__t150                   1.24488
xza.xcore.ibias__t46                   1.00456
xza.xcore.vss__t127                9.82017e-06
xza.xcore.vss__t423                2.54307e-13
xza.xcore.vss__t24                 1.00212e-05
xza.xcore.ibias__t47                   1.00456
xza.xcore.tail__t250                   1.24488
xza.xcore.vss__t424                2.59512e-13
xza.xcore.tail__t151                   1.24488
xza.xcore.ibias__t48                   1.00456
xza.xcore.vss__t128                1.02222e-05
xza.xcore.vss__t425                2.64719e-13
xza.xcore.vss__t25                 1.04234e-05
xza.xcore.ibias__t49                   1.00456
xza.xcore.tail__t251                   1.24488
xza.xcore.vss__t426                2.69928e-13
xza.xcore.tail__t152                   1.24488
xza.xcore.ibias__t50                   1.00456
xza.xcore.vss__t129                1.06245e-05
xza.xcore.vss__t427                2.75138e-13
xza.xcore.vss__t32                 1.08257e-05
xza.xcore.ibias__t61                   1.00456
xza.xcore.tail__t258                   1.24488
xza.xcore.vss__t428                2.80349e-13
xza.xcore.tail__t153                   1.24488
xza.xcore.ibias__t51                   1.00456
xza.xcore.vss__t130                 1.1027e-05
xza.xcore.vss__t429                2.85561e-13
xza.xcore.vss__t27                 1.12283e-05
xza.xcore.ibias__t52                   1.00456
xza.xcore.tail__t253                   1.24488
xza.xcore.vss__t430                2.90774e-13
xza.xcore.tail__t154                   1.24488
xza.xcore.ibias__t53                   1.00456
xza.xcore.vss__t131                1.14296e-05
xza.xcore.vss__t431                2.95988e-13
xza.xcore.vss__t28                  1.1631e-05
xza.xcore.ibias__t54                   1.00456
xza.xcore.tail__t254                   1.24487
xza.xcore.vss__t432                3.01203e-13
xza.xcore.tail__t155                   1.24487
xza.xcore.ibias__t55                   1.00456
xza.xcore.vss__t132                1.18324e-05
xza.xcore.vss__t433                 3.0642e-13
xza.xcore.vss__t29                 1.20339e-05
xza.xcore.ibias__t56                   1.00456
xza.xcore.tail__t255                   1.24487
xza.xcore.vss__t434                3.11637e-13
xza.xcore.tail__t156                   1.24487
xza.xcore.ibias__t57                   1.00456
xza.xcore.vss__t133                1.22354e-05
xza.xcore.vss__t435                3.16855e-13
xza.xcore.vss__t30                 1.24369e-05
xza.xcore.ibias__t58                   1.00456
xza.xcore.tail__t256                   1.24487
xza.xcore.vss__t436                3.22073e-13
xza.xcore.tail__t157                   1.24487
xza.xcore.ibias__t59                   1.00456
xza.xcore.vss__t134                1.26384e-05
xza.xcore.vss__t437                3.27293e-13
xza.xcore.vss__t31                   1.284e-05
xza.xcore.ibias__t60                   1.00456
xza.xcore.tail__t257                   1.24487
xza.xcore.vss__t438                3.32513e-13
xza.xcore.tail__t211                   1.24487
xza.xcore.ibias__t176                  1.00456
xza.xcore.vss__t193                1.30416e-05
xza.xcore.vss__t439                3.37734e-13
xza.xcore.vss__t88                 1.32432e-05
xza.xcore.ibias__t175                  1.00456
xza.xcore.tail__t311                   1.24487
xza.xcore.vss__t440                3.42955e-13
xza.xcore.tail__t165                   1.24487
xza.xcore.ibias__t79                   1.00456
xza.xcore.vss__t142                1.34448e-05
xza.xcore.vss__t441                3.48177e-13
xza.xcore.vss__t43                 1.36465e-05
xza.xcore.ibias__t80                   1.00456
xza.xcore.tail__t269                   1.24487
xza.xcore.vss__t442                  3.534e-13
xza.xcore.tail__t166                   1.24487
xza.xcore.ibias__t81                   1.00456
xza.xcore.vss__t143                1.38482e-05
xza.xcore.vss__t443                3.58623e-13
xza.xcore.vss__t38                 1.40499e-05
xza.xcore.ibias__t71                   1.00456
xza.xcore.tail__t264                   1.24487
xza.xcore.vss__t444                3.63847e-13
xza.xcore.tail__t147                   1.24487
xza.xcore.ibias__t42                   1.00456
xza.xcore.vss__t125                1.42516e-05
xza.xcore.vss__t445                3.69071e-13
xza.xcore.vss__t22                 1.44534e-05
xza.xcore.ibias__t43                   1.00456
xza.xcore.tail__t248                   1.24487
xza.xcore.vss__t446                3.74296e-13
xza.xcore.tail__t148                   1.24487
xza.xcore.ibias__t44                   1.00456
xza.xcore.vss__t126                1.46551e-05
xza.xcore.vss__t447                3.79522e-13
xza.xcore.vss__t0                  1.48569e-05
xza.xcore.ibias__t1                    1.00456
xza.xcore.tail__t149                   1.24487
xza.xcore.vss__t456                3.84747e-13
xza.xcore.tail__t229                   1.24484
xza.xcore.ibias__t2                    1.00456
xza.xcore.vss__t1                  2.55015e-05
xza.xcore.vss__t458                6.60414e-13
xza.xcore.vss__t189                2.52993e-05
xza.xcore.ibias__t170                  1.00456
xza.xcore.tail__t228                   1.24484
xza.xcore.vss__t250                6.55178e-13
xza.xcore.tail__t209                   1.24484
xza.xcore.ibias__t169                  1.00456
xza.xcore.vss__t188                2.50971e-05
xza.xcore.vss__t251                6.49942e-13
xza.xcore.vss__t86                  2.4895e-05
xza.xcore.ibias__t168                  1.00456
xza.xcore.tail__t309                   1.24484
xza.xcore.vss__t252                6.44706e-13
xza.xcore.tail__t208                   1.24484
xza.xcore.ibias__t167                  1.00456
xza.xcore.vss__t187                2.46928e-05
xza.xcore.vss__t253                 6.3947e-13
xza.xcore.vss__t85                 2.44906e-05
xza.xcore.ibias__t166                  1.00456
xza.xcore.tail__t308                   1.24484
xza.xcore.vss__t254                6.34234e-13
xza.xcore.tail__t207                   1.24484
xza.xcore.ibias__t165                  1.00456
xza.xcore.vss__t186                2.42885e-05
xza.xcore.vss__t255                6.28998e-13
xza.xcore.vss__t84                 2.40863e-05
xza.xcore.ibias__t164                  1.00456
xza.xcore.tail__t307                   1.24484
xza.xcore.vss__t256                6.23762e-13
xza.xcore.tail__t210                   1.24484
xza.xcore.ibias__t173                  1.00456
xza.xcore.vss__t191                2.38841e-05
xza.xcore.vss__t257                6.18526e-13
xza.xcore.vss__t87                  2.3682e-05
xza.xcore.ibias__t172                  1.00456
xza.xcore.tail__t310                   1.24484
xza.xcore.vss__t258                6.13291e-13
xza.xcore.tail__t219                   1.24484
xza.xcore.ibias__t195                  1.00456
xza.xcore.vss__t201                2.34798e-05
xza.xcore.vss__t259                6.08055e-13
xza.xcore.vss__t99                 2.32777e-05
xza.xcore.ibias__t194                  1.00456
xza.xcore.tail__t321                   1.24484
xza.xcore.vss__t260                 6.0282e-13
xza.xcore.tail__t227                   1.24484
xza.xcore.ibias__t209                  1.00456
xza.xcore.vss__t209                2.30756e-05
xza.xcore.vss__t261                5.97584e-13
xza.xcore.vss__t97                 2.28734e-05
xza.xcore.ibias__t192                  1.00456
xza.xcore.tail__t319                   1.24484
xza.xcore.vss__t262                5.92349e-13
xza.xcore.tail__t218                   1.24484
xza.xcore.ibias__t191                  1.00456
xza.xcore.vss__t200                2.26713e-05
xza.xcore.vss__t263                5.87114e-13
xza.xcore.vss__t96                 2.24692e-05
xza.xcore.ibias__t190                  1.00456
xza.xcore.tail__t318                   1.24484
xza.xcore.vss__t264                5.81879e-13
xza.xcore.tail__t217                   1.24484
xza.xcore.ibias__t189                  1.00456
xza.xcore.vss__t199                 2.2267e-05
xza.xcore.vss__t265                5.76644e-13
xza.xcore.vss__t95                 2.20649e-05
xza.xcore.ibias__t188                  1.00456
xza.xcore.tail__t317                   1.24484
xza.xcore.vss__t266                 5.7141e-13
xza.xcore.tail__t216                   1.24484
xza.xcore.ibias__t187                  1.00456
xza.xcore.vss__t198                2.18628e-05
xza.xcore.vss__t267                5.66175e-13
xza.xcore.vss__t94                 2.16607e-05
xza.xcore.ibias__t186                  1.00456
xza.xcore.tail__t316                   1.24484
xza.xcore.vss__t268                5.60941e-13
xza.xcore.tail__t215                   1.24484
xza.xcore.ibias__t185                  1.00456
xza.xcore.vss__t197                2.14586e-05
xza.xcore.vss__t269                5.55706e-13
xza.xcore.vss__t93                 2.12565e-05
xza.xcore.ibias__t184                  1.00456
xza.xcore.tail__t315                   1.24484
xza.xcore.vss__t270                5.50472e-13
xza.xcore.tail__t214                   1.24484
xza.xcore.ibias__t183                  1.00456
xza.xcore.vss__t196                2.10544e-05
xza.xcore.vss__t271                5.45238e-13
xza.xcore.vss__t92                 2.08523e-05
xza.xcore.ibias__t182                  1.00456
xza.xcore.tail__t314                   1.24484
xza.xcore.vss__t272                5.40004e-13
xza.xcore.tail__t213                   1.24484
xza.xcore.ibias__t181                  1.00456
xza.xcore.vss__t195                2.06502e-05
xza.xcore.vss__t273                5.34771e-13
xza.xcore.vss__t91                 2.04481e-05
xza.xcore.ibias__t180                  1.00456
xza.xcore.tail__t313                   1.24484
xza.xcore.vss__t274                5.29537e-13
xza.xcore.tail__t212                   1.24484
xza.xcore.ibias__t179                  1.00456
xza.xcore.vss__t194                2.02461e-05
xza.xcore.vss__t275                5.24304e-13
xza.xcore.vss__t90                  2.0044e-05
xza.xcore.ibias__t178                  1.00456
xza.xcore.tail__t312                   1.24484
xza.xcore.vss__t276                5.19071e-13
xza.xcore.tail__t206                   1.24485
xza.xcore.ibias__t161                  1.00456
xza.xcore.vss__t184                1.98419e-05
xza.xcore.vss__t277                5.13838e-13
xza.xcore.vss__t57                 1.96399e-05
xza.xcore.ibias__t112                  1.00456
xza.xcore.tail__t283                   1.24485
xza.xcore.vss__t278                5.08605e-13
xza.xcore.tail__t183                   1.24485
xza.xcore.ibias__t111                  1.00456
xza.xcore.vss__t160                1.94378e-05
xza.xcore.vss__t279                5.03372e-13
xza.xcore.vss__t56                 1.92358e-05
xza.xcore.ibias__t110                  1.00456
xza.xcore.tail__t282                   1.24485
xza.xcore.vss__t280                 4.9814e-13
xza.xcore.tail__t182                   1.24485
xza.xcore.ibias__t109                  1.00456
xza.xcore.vss__t159                1.90338e-05
xza.xcore.vss__t281                4.92907e-13
xza.xcore.vss__t55                 1.88318e-05
xza.xcore.ibias__t108                  1.00456
xza.xcore.tail__t281                   1.24485
xza.xcore.vss__t282                4.87675e-13
xza.xcore.tail__t181                   1.24485
xza.xcore.ibias__t107                  1.00456
xza.xcore.vss__t158                1.86297e-05
xza.xcore.vss__t283                4.82444e-13
xza.xcore.vss__t54                 1.84277e-05
xza.xcore.ibias__t106                  1.00456
xza.xcore.tail__t280                   1.24485
xza.xcore.vss__t284                4.77212e-13
xza.xcore.tail__t180                   1.24485
xza.xcore.ibias__t105                  1.00456
xza.xcore.vss__t157                1.82257e-05
xza.xcore.vss__t285                4.71981e-13
xza.xcore.vss__t53                 1.80237e-05
xza.xcore.ibias__t104                  1.00456
xza.xcore.tail__t279                   1.24485
xza.xcore.vss__t286                4.66749e-13
xza.xcore.tail__t205                   1.24485
xza.xcore.ibias__t156                  1.00456
xza.xcore.vss__t182                1.78218e-05
xza.xcore.vss__t287                4.61519e-13
xza.xcore.vss__t79                 1.76198e-05
xza.xcore.ibias__t155                  1.00456
xza.xcore.tail__t305                   1.24485
xza.xcore.vss__t288                4.56288e-13
xza.xcore.tail__t204                   1.24485
xza.xcore.ibias__t154                  1.00456
xza.xcore.vss__t181                1.74178e-05
xza.xcore.vss__t289                4.51057e-13
xza.xcore.vss__t78                 1.72159e-05
xza.xcore.ibias__t153                  1.00456
xza.xcore.tail__t304                   1.24485
xza.xcore.vss__t290                4.45827e-13
xza.xcore.tail__t203                   1.24485
xza.xcore.ibias__t152                  1.00456
xza.xcore.vss__t180                1.70139e-05
xza.xcore.vss__t291                4.40598e-13
xza.xcore.vss__t77                  1.6812e-05
xza.xcore.ibias__t151                  1.00456
xza.xcore.tail__t303                   1.24485
xza.xcore.vss__t292                4.35368e-13
xza.xcore.tail__t202                   1.24485
xza.xcore.ibias__t150                  1.00456
xza.xcore.vss__t179                1.66101e-05
xza.xcore.vss__t293                4.30139e-13
xza.xcore.vss__t76                 1.64082e-05
xza.xcore.ibias__t149                  1.00456
xza.xcore.tail__t302                   1.24485
xza.xcore.vss__t294                 4.2491e-13
xza.xcore.tail__t201                   1.24485
xza.xcore.ibias__t148                  1.00456
xza.xcore.vss__t178                1.62063e-05
xza.xcore.vss__t295                4.19681e-13
xza.xcore.vss__t75                 1.60044e-05
xza.xcore.ibias__t147                  1.00456
xza.xcore.tail__t301                   1.24485
xza.xcore.vss__t296                4.14453e-13
xza.xcore.tail__t200                   1.24485
xza.xcore.ibias__t146                  1.00456
xza.xcore.vss__t177                1.58025e-05
xza.xcore.vss__t297                4.09225e-13
xza.xcore.vss__t98                 1.56007e-05
xza.xcore.ibias__t193                  1.00456
xza.xcore.tail__t320                   1.24485
xza.xcore.vss__t298                4.03998e-13
xza.xcore.tail__t226                   1.24485
xza.xcore.ibias__t208                  1.00456
xza.xcore.vss__t208                1.53989e-05
xza.xcore.vss__t299                 3.9877e-13
xza.xcore.vss__t105                 1.5197e-05
xza.xcore.ibias__t207                  1.00456
xza.xcore.tail__t327                   1.24485
xza.xcore.vss__t300                3.93544e-13
xza.xcore.tail__t225                   1.24485
xza.xcore.ibias__t206                  1.00456
xza.xcore.vss__t207                1.49952e-05
xza.xcore.vss__t301                3.88317e-13
xza.xcore.vss__t104                1.47934e-05
xza.xcore.ibias__t205                  1.00456
xza.xcore.tail__t326                   1.24485
xza.xcore.vss__t302                3.83091e-13
xza.xcore.tail__t224                   1.24485
xza.xcore.ibias__t204                  1.00456
xza.xcore.vss__t206                1.45916e-05
xza.xcore.vss__t303                3.77866e-13
xza.xcore.vss__t103                1.43899e-05
xza.xcore.ibias__t203                  1.00456
xza.xcore.tail__t325                   1.24485
xza.xcore.vss__t304                3.72641e-13
xza.xcore.tail__t223                   1.24485
xza.xcore.ibias__t202                  1.00456
xza.xcore.vss__t205                1.41882e-05
xza.xcore.vss__t305                3.67416e-13
xza.xcore.vss__t102                1.39864e-05
xza.xcore.ibias__t201                  1.00456
xza.xcore.tail__t324                   1.24485
xza.xcore.vss__t306                3.62192e-13
xza.xcore.tail__t222                   1.24486
xza.xcore.ibias__t200                  1.00456
xza.xcore.vss__t204                1.37847e-05
xza.xcore.vss__t307                3.56969e-13
xza.xcore.vss__t101                1.35831e-05
xza.xcore.ibias__t199                  1.00456
xza.xcore.tail__t323                   1.24486
xza.xcore.vss__t308                3.51746e-13
xza.xcore.tail__t221                   1.24486
xza.xcore.ibias__t198                  1.00456
xza.xcore.vss__t203                1.33814e-05
xza.xcore.vss__t309                3.46523e-13
xza.xcore.vss__t100                1.31798e-05
xza.xcore.ibias__t197                  1.00456
xza.xcore.tail__t322                   1.24486
xza.xcore.vss__t310                3.41302e-13
xza.xcore.tail__t220                   1.24486
xza.xcore.ibias__t196                  1.00456
xza.xcore.vss__t202                1.29782e-05
xza.xcore.vss__t311                3.36081e-13
xza.xcore.vss__t80                 1.27766e-05
xza.xcore.ibias__t157                  1.00456
xza.xcore.tail__t306                   1.24486
xza.xcore.vss__t312                 3.3086e-13
xza.xcore.tail__t185                   1.24486
xza.xcore.ibias__t116                  1.00456
xza.xcore.vss__t162                 1.2575e-05
xza.xcore.vss__t313                 3.2564e-13
xza.xcore.vss__t59                 1.23735e-05
xza.xcore.ibias__t115                  1.00456
xza.xcore.tail__t285                   1.24486
xza.xcore.vss__t314                3.20421e-13
xza.xcore.tail__t184                   1.24486
xza.xcore.ibias__t114                  1.00456
xza.xcore.vss__t161                 1.2172e-05
xza.xcore.vss__t315                3.15203e-13
xza.xcore.vss__t71                 1.19705e-05
xza.xcore.ibias__t139                  1.00456
xza.xcore.tail__t297                   1.24486
xza.xcore.vss__t316                3.09986e-13
xza.xcore.tail__t196                   1.24486
xza.xcore.ibias__t138                  1.00456
xza.xcore.vss__t173                1.17691e-05
xza.xcore.vss__t317                3.04769e-13
xza.xcore.vss__t70                 1.15677e-05
xza.xcore.ibias__t137                  1.00456
xza.xcore.tail__t296                   1.24486
xza.xcore.vss__t318                2.99553e-13
xza.xcore.tail__t195                   1.24486
xza.xcore.ibias__t136                  1.00456
xza.xcore.vss__t172                1.13663e-05
xza.xcore.vss__t319                2.94339e-13
xza.xcore.vss__t69                  1.1165e-05
xza.xcore.ibias__t135                  1.00456
xza.xcore.tail__t295                   1.24486
xza.xcore.vss__t320                2.89125e-13
xza.xcore.tail__t194                   1.24486
xza.xcore.ibias__t134                  1.00456
xza.xcore.vss__t171                1.09637e-05
xza.xcore.vss__t321                2.83912e-13
xza.xcore.vss__t61                 1.07624e-05
xza.xcore.ibias__t119                  1.00456
xza.xcore.tail__t287                   1.24486
xza.xcore.vss__t322                2.78701e-13
xza.xcore.tail__t179                   1.24486
xza.xcore.ibias__t103                  1.00456
xza.xcore.vss__t156                1.05612e-05
xza.xcore.vss__t323                 2.7349e-13
xza.xcore.vss__t48                 1.03601e-05
xza.xcore.ibias__t92                   1.00456
xza.xcore.tail__t274                   1.24486
xza.xcore.vss__t324                2.68281e-13
xza.xcore.tail__t178                   1.24486
xza.xcore.ibias__t102                  1.00456
xza.xcore.vss__t155                 1.0159e-05
xza.xcore.vss__t325                2.63073e-13
xza.xcore.vss__t52                 9.95793e-06
xza.xcore.ibias__t101                  1.00456
xza.xcore.tail__t278                   1.24486
xza.xcore.vss__t326                2.57867e-13
xza.xcore.tail__t177                   1.24486
xza.xcore.ibias__t100                  1.00456
xza.xcore.vss__t154                9.75694e-06
xza.xcore.vss__t327                2.52662e-13
xza.xcore.vss__t51                 9.55601e-06
xza.xcore.ibias__t99                   1.00456
xza.xcore.tail__t277                   1.24486
xza.xcore.vss__t328                2.47458e-13
xza.xcore.tail__t176                   1.24486
xza.xcore.ibias__t98                   1.00456
xza.xcore.vss__t153                9.35514e-06
xza.xcore.vss__t329                2.42256e-13
xza.xcore.vss__t58                 9.15434e-06
xza.xcore.ibias__t113                  1.00456
xza.xcore.tail__t284                   1.24486
xza.xcore.vss__t330                2.37056e-13
xza.xcore.tail__t174                   1.24486
xza.xcore.ibias__t96                   1.00456
xza.xcore.vss__t151                8.95362e-06
xza.xcore.vss__t331                2.31858e-13
xza.xcore.vss__t50                 8.75297e-06
xza.xcore.ibias__t95                   1.00456
xza.xcore.tail__t276                   1.24486
xza.xcore.vss__t332                2.26662e-13
xza.xcore.tail__t173                   1.24486
xza.xcore.ibias__t94                   1.00456
xza.xcore.vss__t150                8.55241e-06
xza.xcore.vss__t333                2.21468e-13
xza.xcore.vss__t49                 8.35193e-06
xza.xcore.ibias__t93                   1.00456
xza.xcore.tail__t275                   1.24486
xza.xcore.vss__t334                2.16277e-13
xza.xcore.tail__t172                   1.24486
xza.xcore.ibias__t91                   1.00456
xza.xcore.vss__t149                8.15156e-06
xza.xcore.vss__t335                2.11088e-13
xza.xcore.vss__t47                 7.95129e-06
xza.xcore.ibias__t90                   1.00456
xza.xcore.tail__t273                   1.24486
xza.xcore.vss__t336                2.05902e-13
xza.xcore.tail__t171                   1.24486
xza.xcore.ibias__t89                   1.00456
xza.xcore.vss__t148                7.75113e-06
xza.xcore.vss__t337                2.00718e-13
xza.xcore.vss__t46                 7.55109e-06
xza.xcore.ibias__t88                   1.00456
xza.xcore.tail__t272                   1.24487
xza.xcore.vss__t338                1.95538e-13
xza.xcore.tail__t170                   1.24487
xza.xcore.ibias__t87                   1.00456
xza.xcore.vss__t147                7.35118e-06
xza.xcore.vss__t339                1.90361e-13
xza.xcore.vss__t45                 7.15141e-06
xza.xcore.ibias__t86                   1.00456
xza.xcore.tail__t271                   1.24487
xza.xcore.vss__t340                1.85188e-13
xza.xcore.tail__t169                   1.24487
xza.xcore.ibias__t85                   1.00456
xza.xcore.vss__t146                 6.9518e-06
xza.xcore.vss__t341                1.80019e-13
xza.xcore.vss__t44                 6.75236e-06
xza.xcore.ibias__t84                   1.00456
xza.xcore.tail__t270                   1.24487
xza.xcore.vss__t342                1.74854e-13
xza.xcore.tail__t168                   1.24487
xza.xcore.ibias__t83                   1.00456
xza.xcore.vss__t145                 6.5531e-06
xza.xcore.vss__t343                1.69694e-13
xza.xcore.vss__t66                 6.35404e-06
xza.xcore.ibias__t129                  1.00456
xza.xcore.tail__t292                   1.24487
xza.xcore.vss__t344                1.64539e-13
xza.xcore.tail__t199                   1.24487
xza.xcore.ibias__t144                  1.00456
xza.xcore.vss__t176                6.15521e-06
xza.xcore.vss__t345                 1.5939e-13
xza.xcore.vss__t73                 5.95661e-06
xza.xcore.ibias__t143                  1.00456
xza.xcore.tail__t299                   1.24487
xza.xcore.vss__t346                1.54248e-13
xza.xcore.tail__t198                   1.24487
xza.xcore.ibias__t142                  1.00456
xza.xcore.vss__t175                5.75829e-06
xza.xcore.vss__t347                1.49112e-13
xza.xcore.vss__t72                 5.56026e-06
xza.xcore.ibias__t141                  1.00456
xza.xcore.tail__t298                   1.24487
xza.xcore.vss__t348                1.43984e-13
xza.xcore.outp__t53                    2.59989
xza.xcore.inp__t1                       2.5245
xza.xcore.tail__t0                     1.24494
xza.xcore.vss__t460                1.45041e-12
xza.xcore.tail__t119                   1.24494
xza.xcore.inp__t53                      2.5245
xza.xcore.outp__t52                    2.59989
xza.xcore.vss__t462                1.46413e-12
xza.xcore.outp__t46                    2.59989
xza.xcore.inp__t52                      2.5245
xza.xcore.tail__t118                   1.24494
xza.xcore.vss__t463                1.47786e-12
xza.xcore.tail__t58                    1.24495
xza.xcore.inp__t61                      2.5245
xza.xcore.outp__t82                    2.59989
xza.xcore.vss__t464                1.49159e-12
xza.xcore.outp__t30                    2.59988
xza.xcore.inp__t24                      2.5245
xza.xcore.tail__t98                    1.24495
xza.xcore.vss__t465                1.50531e-12
xza.xcore.tail__t38                    1.24495
xza.xcore.inp__t23                      2.5245
xza.xcore.outp__t64                    2.59988
xza.xcore.vss__t466                1.51904e-12
xza.xcore.outp__t29                    2.59988
xza.xcore.inp__t22                      2.5245
xza.xcore.tail__t97                    1.24495
xza.xcore.vss__t467                1.53276e-12
xza.xcore.tail__t37                    1.24495
xza.xcore.inp__t21                      2.5245
xza.xcore.outp__t63                    2.59988
xza.xcore.vss__t468                1.54649e-12
xza.xcore.outp__t28                    2.59988
xza.xcore.inp__t20                      2.5245
xza.xcore.tail__t96                    1.24495
xza.xcore.vss__t469                1.56022e-12
xza.xcore.tail__t36                    1.24495
xza.xcore.inp__t19                      2.5245
xza.xcore.outp__t62                    2.59988
xza.xcore.vss__t470                1.57395e-12
xza.xcore.outp__t27                    2.59987
xza.xcore.inp__t18                      2.5245
xza.xcore.tail__t95                    1.24495
xza.xcore.vss__t471                1.58767e-12
xza.xcore.tail__t35                    1.24495
xza.xcore.inp__t17                      2.5245
xza.xcore.outp__t61                    2.59987
xza.xcore.vss__t472                 1.6014e-12
xza.xcore.outp__t26                    2.59987
xza.xcore.inp__t16                      2.5245
xza.xcore.tail__t94                    1.24495
xza.xcore.vss__t473                1.61513e-12
xza.xcore.tail__t33                    1.24495
xza.xcore.inp__t15                      2.5245
xza.xcore.outp__t60                    2.59987
xza.xcore.vss__t474                1.62886e-12
xza.xcore.outp__t47                    2.59987
xza.xcore.inp__t54                      2.5245
xza.xcore.tail__t120                   1.24495
xza.xcore.vss__t475                1.64259e-12
xza.xcore.tail__t54                    1.24495
xza.xcore.inp__t55                      2.5245
xza.xcore.outp__t78                    2.59987
xza.xcore.vss__t476                1.65632e-12
xza.xcore.outp__t51                    2.59986
xza.xcore.inp__t63                      2.5245
xza.xcore.tail__t126                   1.24496
xza.xcore.vss__t477                1.67005e-12
xza.xcore.tail__t57                    1.24496
xza.xcore.inp__t60                      2.5245
xza.xcore.outp__t81                    2.59986
xza.xcore.vss__t478                1.68378e-12
xza.xcore.outp__t49                    2.59986
xza.xcore.inp__t59                      2.5245
xza.xcore.tail__t122                   1.24496
xza.xcore.vss__t479                1.69751e-12
xza.xcore.tail__t56                    1.24496
xza.xcore.inp__t58                      2.5245
xza.xcore.outp__t80                    2.59986
xza.xcore.vss__t480                1.71124e-12
xza.xcore.outp__t48                    2.59986
xza.xcore.inp__t57                      2.5245
xza.xcore.tail__t121                   1.24496
xza.xcore.vss__t481                1.72497e-12
xza.xcore.tail__t55                    1.24496
xza.xcore.inp__t56                      2.5245
xza.xcore.outp__t79                    2.59986
xza.xcore.vss__t482                 1.7387e-12
xza.xcore.outp__t24                    2.59985
xza.xcore.inp__t11                      2.5245
xza.xcore.tail__t92                    1.24496
xza.xcore.vss__t483                1.75243e-12
xza.xcore.tail__t30                    1.24496
xza.xcore.inp__t10                      2.5245
xza.xcore.outp__t57                    2.59985
xza.xcore.vss__t484                1.76617e-12
xza.xcore.outp__t23                    2.59985
xza.xcore.inp__t9                       2.5245
xza.xcore.tail__t88                    1.24496
xza.xcore.vss__t485                 1.7799e-12
xza.xcore.tail__t32                    1.24496
xza.xcore.inp__t14                      2.5245
xza.xcore.outp__t59                    2.59985
xza.xcore.vss__t486                1.79363e-12
xza.xcore.outp__t25                    2.59985
xza.xcore.inp__t13                      2.5245
xza.xcore.tail__t93                    1.24496
xza.xcore.vss__t487                1.80736e-12
xza.xcore.tail__t60                    1.24496
xza.xcore.inp__t0                       2.5245
xza.xcore.outp__t83                    2.59985
xza.xcore.vss__t488                1.82109e-12
xza.xcore.outp__t50                    2.59985
xza.xcore.inp__t62                      2.5245
xza.xcore.tail__t123                   1.24496
xza.xcore.vss__t489                1.83483e-12
xza.xcore.tail__t42                    1.24497
xza.xcore.inp__t29                      2.5245
xza.xcore.outp__t67                    2.59984
xza.xcore.vss__t490                1.84856e-12
xza.xcore.outp__t32                    2.59984
xza.xcore.inp__t28                      2.5245
xza.xcore.tail__t102                   1.24497
xza.xcore.vss__t491                1.86229e-12
xza.xcore.tail__t41                    1.24497
xza.xcore.inp__t27                      2.5245
xza.xcore.outp__t66                    2.59984
xza.xcore.vss__t492                1.87602e-12
xza.xcore.outp__t31                    2.59984
xza.xcore.inp__t26                      2.5245
xza.xcore.tail__t101                   1.24497
xza.xcore.vss__t493                1.88976e-12
xza.xcore.tail__t40                    1.24497
xza.xcore.inp__t25                      2.5245
xza.xcore.outp__t65                    2.59984
xza.xcore.vss__t494                1.90349e-12
xza.xcore.outp__t20                    2.59984
xza.xcore.inp__t4                       2.5245
xza.xcore.tail__t74                    1.24497
xza.xcore.vss__t495                1.91722e-12
xza.xcore.tail__t14                    1.24497
xza.xcore.inp__t3                       2.5245
xza.xcore.outp__t54                    2.59983
xza.xcore.vss__t496                1.93096e-12
xza.xcore.outp__t22                    2.59983
xza.xcore.inp__t7                       2.5245
xza.xcore.tail__t76                    1.24497
xza.xcore.vss__t497                1.94469e-12
xza.xcore.tail__t16                    1.24497
xza.xcore.inp__t6                       2.5245
xza.xcore.outp__t55                    2.59983
xza.xcore.vss__t498                1.95842e-12
xza.xcore.outp__t21                    2.59983
xza.xcore.inp__t5                       2.5245
xza.xcore.tail__t75                    1.24497
xza.xcore.vss__t499                1.97216e-12
xza.xcore.tail__t19                    1.24497
xza.xcore.inp__t8                       2.5245
xza.xcore.outp__t56                    2.59983
xza.xcore.vss__t500                1.98589e-12
xza.xcore.outp__t45                    2.59983
xza.xcore.inp__t50                      2.5245
xza.xcore.tail__t116                   1.24497
xza.xcore.vss__t501                1.99962e-12
xza.xcore.tail__t51                    1.24498
xza.xcore.inp__t49                      2.5245
xza.xcore.outp__t76                    2.59982
xza.xcore.vss__t502                2.01336e-12
xza.xcore.outp__t44                    2.59982
xza.xcore.inp__t48                      2.5245
xza.xcore.tail__t115                   1.24498
xza.xcore.vss__t503                2.02709e-12
xza.xcore.tail__t50                    1.24498
xza.xcore.inp__t47                      2.5245
xza.xcore.outp__t75                    2.59982
xza.xcore.vss__t504                2.04082e-12
xza.xcore.outp__t43                    2.59982
xza.xcore.inp__t46                      2.5245
xza.xcore.tail__t114                   1.24498
xza.xcore.vss__t505                2.05456e-12
xza.xcore.tail__t49                    1.24498
xza.xcore.inp__t45                      2.5245
xza.xcore.outp__t74                    2.59982
xza.xcore.vss__t506                2.06829e-12
xza.xcore.outp__t42                    2.59982
xza.xcore.inp__t44                      2.5245
xza.xcore.tail__t113                   1.24498
xza.xcore.vss__t507                2.08202e-12
xza.xcore.tail__t48                    1.24498
xza.xcore.inp__t43                      2.5245
xza.xcore.outp__t73                    2.59981
xza.xcore.vss__t508                2.09576e-12
xza.xcore.outp__t41                    2.59981
xza.xcore.inp__t42                      2.5245
xza.xcore.tail__t112                   1.24498
xza.xcore.vss__t509                2.10949e-12
xza.xcore.tail__t47                    1.24498
xza.xcore.inp__t41                      2.5245
xza.xcore.outp__t72                    2.59981
xza.xcore.vss__t510                2.12323e-12
xza.xcore.outp__t40                    2.59981
xza.xcore.inp__t40                      2.5245
xza.xcore.tail__t111                   1.24498
xza.xcore.vss__t511                2.13696e-12
xza.xcore.tail__t46                    1.24498
xza.xcore.inp__t39                      2.5245
xza.xcore.outp__t71                    2.59981
xza.xcore.vss__t512                2.15069e-12
xza.xcore.outp__t39                    2.59981
xza.xcore.inp__t38                      2.5245
xza.xcore.tail__t110                   1.24498
xza.xcore.vss__t513                2.16443e-12
xza.xcore.tail__t53                    1.24498
xza.xcore.inp__t51                      2.5245
xza.xcore.outp__t77                     2.5998
xza.xcore.vss__t514                2.17816e-12
xza.xcore.outp__t38                     2.5998
xza.xcore.inp__t37                      2.5245
xza.xcore.tail__t108                   1.24499
xza.xcore.vss__t515                 2.1919e-12
xza.xcore.tail__t45                    1.24499
xza.xcore.inp__t36                      2.5245
xza.xcore.outp__t70                     2.5998
xza.xcore.vss__t516                2.20563e-12
xza.xcore.outp__t37                     2.5998
xza.xcore.inp__t35                      2.5245
xza.xcore.tail__t107                   1.24499
xza.xcore.vss__t517                2.21936e-12
xza.xcore.tail__t44                    1.24499
xza.xcore.inp__t34                      2.5245
xza.xcore.outp__t69                     2.5998
xza.xcore.vss__t518                 2.2331e-12
xza.xcore.outp__t36                     2.5998
xza.xcore.inp__t33                      2.5245
xza.xcore.tail__t106                   1.24499
xza.xcore.vss__t519                2.24683e-12
xza.xcore.tail__t31                    1.24499
xza.xcore.inp__t12                      2.5245
xza.xcore.outp__t58                    2.59979
xza.xcore.vss__t520                2.26057e-12
xza.xcore.outp__t35                    2.59979
xza.xcore.inp__t32                      2.5245
xza.xcore.tail__t104                   1.24499
xza.xcore.vss__t521                 2.2743e-12
xza.xcore.tail__t43                    1.24499
xza.xcore.inp__t31                      2.5245
xza.xcore.outp__t68                    2.59979
xza.xcore.vss__t522                2.28803e-12
xza.xcore.outp__t33                    2.59979
xza.xcore.inp__t30                      2.5245
xza.xcore.tail__t103                   1.24499
xza.xcore.vss__t523                2.30177e-12
xza.xcore.tail__t1                     1.24499
xza.xcore.inp__t2                       2.5245
xza.xcore.outp__t34                    2.59979
xza.xcore.vss__t586                 2.3155e-12
xza.xcore.ibias__t215                  1.00183
xza.xcore.ibias__t3                    1.00456
xza.xcore.vss__t2                  2.51857e-05
xza.xcore.vss__t459                5.04669e-13
xza.xcore.vss__t81                 2.49859e-05
xza.xcore.ibias__t158                  1.00456
xza.xcore.ibias__t216                  1.00186
xza.xcore.vss__t448                5.00678e-13
xza.xcore.ibias__t213                  1.00189
xza.xcore.ibias__t171                  1.00456
xza.xcore.vss__t190                2.47861e-05
xza.xcore.vss__t449                4.96688e-13
xza.xcore.vss__t83                 2.45863e-05
xza.xcore.ibias__t163                  1.00456
xza.xcore.ibias__t218                  1.00192
xza.xcore.vss__t450                4.92697e-13
xza.xcore.ibias__t212                  1.00195
xza.xcore.ibias__t162                  1.00456
xza.xcore.vss__t185                2.43865e-05
xza.xcore.vss__t451                4.88706e-13
xza.xcore.vss__t89                 2.41867e-05
xza.xcore.ibias__t177                  1.00456
xza.xcore.ibias__t219                  1.00198
xza.xcore.vss__t452                4.84714e-13
xza.xcore.ibias__t211                  1.00201
xza.xcore.ibias__t160                  1.00456
xza.xcore.vss__t183                2.39869e-05
xza.xcore.vss__t453                4.80723e-13
xza.xcore.vss__t82                 2.37871e-05
xza.xcore.ibias__t159                  1.00456
xza.xcore.ibias__t217                  1.00204
xza.xcore.vss__t454                4.76731e-13
xza.xcore.ibias__t214                  1.00207
xza.xcore.ibias__t174                  1.00456
xza.xcore.vss__t192                2.35873e-05
xza.xcore.vss__t455                 4.7274e-13
xza.xcore.vss__t3                  2.33875e-05
xza.xcore.ibias__t4                    1.00456
xza.xcore.ibias__t210                   1.0021
xza.xcore.vss__t457                4.68748e-13
xza.xcore.outn__t52                        3.3
xza.xcore.inn__t1                       1.6335
xza.xcore.tail__t3                     1.24489
xza.xcore.vss__t461                1.46011e-12
xza.xcore.tail__t62                    1.24489
xza.xcore.inn__t58                      1.6335
xza.xcore.outn__t81                        3.3
xza.xcore.vss__t524                1.47397e-12
xza.xcore.outn__t49                        3.3
xza.xcore.inn__t59                      1.6335
xza.xcore.tail__t124                   1.24489
xza.xcore.vss__t525                1.48783e-12
xza.xcore.tail__t63                    1.24489
xza.xcore.inn__t60                      1.6335
xza.xcore.outn__t82                        3.3
xza.xcore.vss__t526                1.50168e-12
xza.xcore.outn__t50                        3.3
xza.xcore.inn__t61                      1.6335
xza.xcore.tail__t125                   1.24489
xza.xcore.vss__t527                1.51554e-12
xza.xcore.tail__t64                    1.24489
xza.xcore.inn__t62                      1.6335
xza.xcore.outn__t83                        3.3
xza.xcore.vss__t528                 1.5294e-12
xza.xcore.outn__t46                        3.3
xza.xcore.inn__t52                      1.6335
xza.xcore.tail__t105                   1.24489
xza.xcore.vss__t529                1.54326e-12
xza.xcore.tail__t15                    1.24489
xza.xcore.inn__t21                      1.6335
xza.xcore.outn__t63                        3.3
xza.xcore.vss__t530                1.55711e-12
xza.xcore.outn__t45                        3.3
xza.xcore.inn__t51                      1.6335
xza.xcore.tail__t100                   1.24489
xza.xcore.vss__t531                1.57097e-12
xza.xcore.tail__t34                    1.24489
xza.xcore.inn__t48                      1.6335
xza.xcore.outn__t76                        3.3
xza.xcore.vss__t532                1.58483e-12
xza.xcore.outn__t44                        3.3
xza.xcore.inn__t50                      1.6335
xza.xcore.tail__t99                    1.24489
xza.xcore.vss__t533                1.59869e-12
xza.xcore.tail__t61                    1.24489
xza.xcore.inn__t57                      1.6335
xza.xcore.outn__t80                        3.3
xza.xcore.vss__t534                1.61255e-12
xza.xcore.outn__t40                        3.3
xza.xcore.inn__t42                      1.6335
xza.xcore.tail__t87                    1.24489
xza.xcore.vss__t535                1.62641e-12
xza.xcore.tail__t27                    1.24489
xza.xcore.inn__t41                      1.6335
xza.xcore.outn__t73                        3.3
xza.xcore.vss__t536                1.64027e-12
xza.xcore.outn__t39                        3.3
xza.xcore.inn__t40                      1.6335
xza.xcore.tail__t86                    1.24489
xza.xcore.vss__t537                1.65413e-12
xza.xcore.tail__t26                    1.24489
xza.xcore.inn__t39                      1.6335
xza.xcore.outn__t72                        3.3
xza.xcore.vss__t538                1.66799e-12
xza.xcore.outn__t38                        3.3
xza.xcore.inn__t38                      1.6335
xza.xcore.tail__t85                    1.24489
xza.xcore.vss__t539                1.68185e-12
xza.xcore.tail__t25                    1.24489
xza.xcore.inn__t37                      1.6335
xza.xcore.outn__t71                        3.3
xza.xcore.vss__t540                1.69571e-12
xza.xcore.outn__t47                        3.3
xza.xcore.inn__t53                      1.6335
xza.xcore.tail__t109                   1.24489
xza.xcore.vss__t541                1.70958e-12
xza.xcore.tail__t52                    1.24489
xza.xcore.inn__t55                      1.6335
xza.xcore.outn__t78                        3.3
xza.xcore.vss__t542                1.72344e-12
xza.xcore.outn__t48                        3.3
xza.xcore.inn__t54                      1.6335
xza.xcore.tail__t117                   1.24489
xza.xcore.vss__t543                 1.7373e-12
xza.xcore.tail__t39                    1.24489
xza.xcore.inn__t49                      1.6335
xza.xcore.outn__t77                        3.3
xza.xcore.vss__t544                1.75116e-12
xza.xcore.outn__t41                        3.3
xza.xcore.inn__t43                      1.6335
xza.xcore.tail__t89                    1.24489
xza.xcore.vss__t545                1.76503e-12
xza.xcore.tail__t29                    1.24489
xza.xcore.inn__t47                      1.6335
xza.xcore.outn__t75                        3.3
xza.xcore.vss__t546                1.77889e-12
xza.xcore.outn__t43                        3.3
xza.xcore.inn__t46                      1.6335
xza.xcore.tail__t91                    1.24489
xza.xcore.vss__t547                1.79275e-12
xza.xcore.tail__t28                    1.24489
xza.xcore.inn__t45                      1.6335
xza.xcore.outn__t74                        3.3
xza.xcore.vss__t548                1.80661e-12
xza.xcore.outn__t42                        3.3
xza.xcore.inn__t44                      1.6335
xza.xcore.tail__t90                    1.24489
xza.xcore.vss__t549                1.82048e-12
xza.xcore.tail__t59                    1.24489
xza.xcore.inn__t56                      1.6335
xza.xcore.outn__t79                        3.3
xza.xcore.vss__t550                1.83434e-12
xza.xcore.outn__t51                        3.3
xza.xcore.inn__t63                      1.6335
xza.xcore.tail__t127                   1.24489
xza.xcore.vss__t551                1.84821e-12
xza.xcore.tail__t13                    1.24489
xza.xcore.inn__t19                      1.6335
xza.xcore.outn__t62                        3.3
xza.xcore.vss__t552                1.86207e-12
xza.xcore.outn__t28                        3.3
xza.xcore.inn__t18                      1.6335
xza.xcore.tail__t72                    1.24489
xza.xcore.vss__t553                1.87593e-12
xza.xcore.tail__t12                    1.24489
xza.xcore.inn__t17                      1.6335
xza.xcore.outn__t61                        3.3
xza.xcore.vss__t554                 1.8898e-12
xza.xcore.outn__t27                        3.3
xza.xcore.inn__t16                      1.6335
xza.xcore.tail__t71                    1.24489
xza.xcore.vss__t555                1.90366e-12
xza.xcore.tail__t11                    1.24489
xza.xcore.inn__t15                      1.6335
xza.xcore.outn__t60                        3.3
xza.xcore.vss__t556                1.91753e-12
xza.xcore.outn__t26                        3.3
xza.xcore.inn__t14                      1.6335
xza.xcore.tail__t70                    1.24489
xza.xcore.vss__t557                1.93139e-12
xza.xcore.tail__t10                    1.24489
xza.xcore.inn__t13                      1.6335
xza.xcore.outn__t59                        3.3
xza.xcore.vss__t558                1.94526e-12
xza.xcore.outn__t25                        3.3
xza.xcore.inn__t12                      1.6335
xza.xcore.tail__t69                    1.24489
xza.xcore.vss__t559                1.95912e-12
xza.xcore.tail__t6                     1.24489
xza.xcore.inn__t5                       1.6335
xza.xcore.outn__t55                        3.3
xza.xcore.vss__t560                1.97299e-12
xza.xcore.outn__t24                        3.3
xza.xcore.inn__t11                      1.6335
xza.xcore.tail__t68                    1.24489
xza.xcore.vss__t561                1.98686e-12
xza.xcore.tail__t4                     1.24489
xza.xcore.inn__t2                       1.6335
xza.xcore.outn__t53                        3.3
xza.xcore.vss__t562                2.00072e-12
xza.xcore.outn__t21                        3.3
xza.xcore.inn__t3                       1.6335
xza.xcore.tail__t65                    1.24489
xza.xcore.vss__t563                2.01459e-12
xza.xcore.tail__t5                     1.24489
xza.xcore.inn__t4                       1.6335
xza.xcore.outn__t54                        3.3
xza.xcore.vss__t564                2.02845e-12
xza.xcore.outn__t22                        3.3
xza.xcore.inn__t6                       1.6335
xza.xcore.tail__t66                    1.24489
xza.xcore.vss__t565                2.04232e-12
xza.xcore.tail__t7                     1.24489
xza.xcore.inn__t7                       1.6335
xza.xcore.outn__t56                        3.3
xza.xcore.vss__t566                2.05619e-12
xza.xcore.outn__t23                        3.3
xza.xcore.inn__t8                       1.6335
xza.xcore.tail__t67                    1.24489
xza.xcore.vss__t567                2.07005e-12
xza.xcore.tail__t8                     1.24489
xza.xcore.inn__t9                       1.6335
xza.xcore.outn__t57                        3.3
xza.xcore.vss__t568                2.08392e-12
xza.xcore.outn__t29                        3.3
xza.xcore.inn__t20                      1.6335
xza.xcore.tail__t73                    1.24489
xza.xcore.vss__t569                2.09779e-12
xza.xcore.tail__t9                     1.24489
xza.xcore.inn__t10                      1.6335
xza.xcore.outn__t58                        3.3
xza.xcore.vss__t570                2.11165e-12
xza.xcore.outn__t36                        3.3
xza.xcore.inn__t35                      1.6335
xza.xcore.tail__t83                    1.24489
xza.xcore.vss__t571                2.12552e-12
xza.xcore.tail__t24                    1.24489
xza.xcore.inn__t34                      1.6335
xza.xcore.outn__t70                        3.3
xza.xcore.vss__t572                2.13939e-12
xza.xcore.outn__t35                        3.3
xza.xcore.inn__t33                      1.6335
xza.xcore.tail__t82                    1.24489
xza.xcore.vss__t573                2.15326e-12
xza.xcore.tail__t23                    1.24489
xza.xcore.inn__t32                      1.6335
xza.xcore.outn__t69                        3.3
xza.xcore.vss__t574                2.16712e-12
xza.xcore.outn__t34                        3.3
xza.xcore.inn__t31                      1.6335
xza.xcore.tail__t81                    1.24489
xza.xcore.vss__t575                2.18099e-12
xza.xcore.tail__t22                    1.24489
xza.xcore.inn__t30                      1.6335
xza.xcore.outn__t68                        3.3
xza.xcore.vss__t576                2.19486e-12
xza.xcore.outn__t33                        3.3
xza.xcore.inn__t29                      1.6335
xza.xcore.tail__t80                    1.24489
xza.xcore.vss__t577                2.20873e-12
xza.xcore.tail__t21                    1.24489
xza.xcore.inn__t28                      1.6335
xza.xcore.outn__t67                        3.3
xza.xcore.vss__t578                 2.2226e-12
xza.xcore.outn__t32                        3.3
xza.xcore.inn__t27                      1.6335
xza.xcore.tail__t79                    1.24489
xza.xcore.vss__t579                2.23646e-12
xza.xcore.tail__t20                    1.24489
xza.xcore.inn__t26                      1.6335
xza.xcore.outn__t66                        3.3
xza.xcore.vss__t580                2.25033e-12
xza.xcore.outn__t37                        3.3
xza.xcore.inn__t36                      1.6335
xza.xcore.tail__t84                    1.24489
xza.xcore.vss__t581                 2.2642e-12
xza.xcore.tail__t18                    1.24489
xza.xcore.inn__t25                      1.6335
xza.xcore.outn__t65                        3.3
xza.xcore.vss__t582                2.27807e-12
xza.xcore.outn__t31                        3.3
xza.xcore.inn__t24                      1.6335
xza.xcore.tail__t78                    1.24489
xza.xcore.vss__t583                2.29194e-12
xza.xcore.tail__t17                    1.24489
xza.xcore.inn__t23                      1.6335
xza.xcore.outn__t64                        3.3
xza.xcore.vss__t584                2.30581e-12
xza.xcore.outn__t30                        3.3
xza.xcore.inn__t22                      1.6335
xza.xcore.tail__t77                    1.24489
xza.xcore.vss__t585                2.31968e-12
xza.xcore.tail__t2                     1.24489
xza.xcore.inn__t0                       1.6335
xza.xcore.outn__t20                        3.3
xza.xcore.vss__t587                2.33354e-12
xza.xcore.vss__t210                2.42096e-12
xza.xcore.outp__t16                        2.6
xza.xcore.vss__t211                2.39251e-12
xza.xcore.outp__t17                        2.6
xza.xcore.vss__t212                2.36408e-12
xza.xcore.outp__t18                        2.6
xza.xcore.vss__t213                2.33567e-12
xza.xcore.outp__t19                        2.6
xza.xcore.vss__t214                2.30728e-12
xza.xcore.outp__t0                         2.6
xza.xcore.vss__t215                2.27892e-12
xza.xcore.outp__t1                         2.6
xza.xcore.vss__t216                2.25059e-12
xza.xcore.outp__t2                         2.6
xza.xcore.vss__t217                2.22229e-12
xza.xcore.outp__t3                         2.6
xza.xcore.vss__t218                2.19401e-12
xza.xcore.outp__t4                         2.6
xza.xcore.vss__t219                2.16576e-12
xza.xcore.outp__t15                        2.6
xza.xcore.vss__t220                2.13755e-12
xza.xcore.outp__t6                         2.6
xza.xcore.vss__t221                2.10937e-12
xza.xcore.outp__t7                         2.6
xza.xcore.vss__t222                2.08122e-12
xza.xcore.outp__t8                         2.6
xza.xcore.vss__t223                 2.0531e-12
xza.xcore.outp__t9                         2.6
xza.xcore.vss__t224                2.02502e-12
xza.xcore.outp__t10                        2.6
xza.xcore.vss__t225                1.99698e-12
xza.xcore.outp__t11                        2.6
xza.xcore.vss__t226                1.96898e-12
xza.xcore.outp__t12                        2.6
xza.xcore.vss__t227                1.94102e-12
xza.xcore.outp__t13                        2.6
xza.xcore.vss__t228                 1.9131e-12
xza.xcore.outp__t14                        2.6
xza.xcore.vss__t229                1.88523e-12
xza.xcore.outp__t5                         2.6
xza.xcore.vss__t230                2.18457e-12
xza.xcore.outn__t0                         3.3
xza.xcore.vss__t231                2.21955e-12
xza.xcore.outn__t5                         3.3
xza.xcore.vss__t232                 2.2546e-12
xza.xcore.outn__t6                         3.3
xza.xcore.vss__t233                2.28973e-12
xza.xcore.outn__t7                         3.3
xza.xcore.vss__t234                2.32492e-12
xza.xcore.outn__t8                         3.3
xza.xcore.vss__t235                2.36018e-12
xza.xcore.outn__t9                         3.3
xza.xcore.vss__t236                 2.3955e-12
xza.xcore.outn__t10                        3.3
xza.xcore.vss__t237                2.43089e-12
xza.xcore.outn__t11                        3.3
xza.xcore.vss__t238                2.46632e-12
xza.xcore.outn__t12                        3.3
xza.xcore.vss__t239                2.50182e-12
xza.xcore.outn__t13                        3.3
xza.xcore.vss__t240                2.53736e-12
xza.xcore.outn__t14                        3.3
xza.xcore.vss__t241                2.57295e-12
xza.xcore.outn__t15                        3.3
xza.xcore.vss__t242                2.60859e-12
xza.xcore.outn__t16                        3.3
xza.xcore.vss__t243                2.64428e-12
xza.xcore.outn__t17                        3.3
xza.xcore.vss__t244                2.68001e-12
xza.xcore.outn__t19                        3.3
xza.xcore.vss__t245                2.71579e-12
xza.xcore.outn__t18                        3.3
xza.xcore.vss__t246                 2.7516e-12
xza.xcore.outn__t1                         3.3
xza.xcore.vss__t247                2.78746e-12
xza.xcore.outn__t2                         3.3
xza.xcore.vss__t248                2.82335e-12
xza.xcore.outn__t3                         3.3
xza.xcore.vss__t249                2.85928e-12
xza.xcore.outn__t4                         3.3
ib_za                                  1.00456
xza.xcore.vsubs                              0
outn_za                                    3.3
outp_za                                    2.6
xza.tail                               1.24489
xzb.xcore.tail__t186                   1.26448
xzb.xcore.ibias__t118                  1.00456
xzb.xcore.vss__t163                5.36734e-06
xzb.xcore.vss__t349                1.45012e-13
xzb.xcore.vss__t60                 5.16983e-06
xzb.xcore.ibias__t117                  1.00456
xzb.xcore.tail__t286                   1.26448
xzb.xcore.vss__t350                1.39676e-13
xzb.xcore.tail__t197                   1.26448
xzb.xcore.ibias__t140                  1.00456
xzb.xcore.vss__t174                4.97274e-06
xzb.xcore.vss__t351                1.34351e-13
xzb.xcore.vss__t68                  4.7761e-06
xzb.xcore.ibias__t133                  1.00456
xzb.xcore.tail__t294                   1.26448
xzb.xcore.vss__t352                1.29038e-13
xzb.xcore.tail__t193                   1.26448
xzb.xcore.ibias__t132                  1.00456
xzb.xcore.vss__t170                4.57999e-06
xzb.xcore.vss__t353                 1.2374e-13
xzb.xcore.vss__t67                 4.38447e-06
xzb.xcore.ibias__t131                  1.00456
xzb.xcore.tail__t293                   1.26448
xzb.xcore.vss__t354                1.18457e-13
xzb.xcore.tail__t192                   1.26448
xzb.xcore.ibias__t130                  1.00456
xzb.xcore.vss__t169                4.18963e-06
xzb.xcore.vss__t355                1.13193e-13
xzb.xcore.vss__t74                 3.99556e-06
xzb.xcore.ibias__t145                  1.00456
xzb.xcore.tail__t300                   1.26448
xzb.xcore.vss__t356                 1.0795e-13
xzb.xcore.tail__t191                   1.26448
xzb.xcore.ibias__t128                  1.00456
xzb.xcore.vss__t168                3.80238e-06
xzb.xcore.vss__t357                 1.0273e-13
xzb.xcore.vss__t65                 3.61024e-06
xzb.xcore.ibias__t127                  1.00456
xzb.xcore.tail__t291                   1.26448
xzb.xcore.vss__t358                9.75392e-14
xzb.xcore.tail__t190                   1.26448
xzb.xcore.ibias__t126                  1.00456
xzb.xcore.vss__t167                3.41931e-06
xzb.xcore.vss__t359                9.23808e-14
xzb.xcore.vss__t64                 3.22981e-06
xzb.xcore.ibias__t125                  1.00456
xzb.xcore.tail__t290                   1.26448
xzb.xcore.vss__t360                 8.7261e-14
xzb.xcore.tail__t189                   1.26448
xzb.xcore.ibias__t124                  1.00456
xzb.xcore.vss__t166                  3.042e-06
xzb.xcore.vss__t361                8.21868e-14
xzb.xcore.vss__t63                 2.85622e-06
xzb.xcore.ibias__t123                  1.00456
xzb.xcore.tail__t289                   1.26448
xzb.xcore.vss__t362                7.71675e-14
xzb.xcore.tail__t188                   1.26448
xzb.xcore.ibias__t122                  1.00456
xzb.xcore.vss__t165                2.67289e-06
xzb.xcore.vss__t363                7.22143e-14
xzb.xcore.vss__t62                 2.49255e-06
xzb.xcore.ibias__t121                  1.00456
xzb.xcore.tail__t288                   1.26448
xzb.xcore.vss__t364                 6.7342e-14
xzb.xcore.tail__t187                   1.26449
xzb.xcore.ibias__t120                  1.00456
xzb.xcore.vss__t164                 2.3159e-06
xzb.xcore.vss__t365                6.25694e-14
xzb.xcore.vss__t26                 2.14385e-06
xzb.xcore.ibias__t0                    1.00456
xzb.xcore.tail__t252                   1.26449
xzb.xcore.vss__t366                5.79211e-14
xzb.xcore.tail__t175                   1.26449
xzb.xcore.ibias__t97                   1.00456
xzb.xcore.vss__t152                1.97761e-06
xzb.xcore.vss__t367                5.34297e-14
xzb.xcore.vss__t42                 1.81877e-06
xzb.xcore.ibias__t78                   1.00456
xzb.xcore.tail__t268                   1.26449
xzb.xcore.vss__t368                4.91381e-14
xzb.xcore.tail__t164                   1.26449
xzb.xcore.ibias__t77                   1.00456
xzb.xcore.vss__t141                1.66943e-06
xzb.xcore.vss__t369                4.51034e-14
xzb.xcore.vss__t37                 1.53239e-06
xzb.xcore.ibias__t70                   1.00456
xzb.xcore.tail__t263                   1.26449
xzb.xcore.vss__t370                4.14009e-14
xzb.xcore.tail__t167                   1.26449
xzb.xcore.ibias__t82                   1.00456
xzb.xcore.vss__t144                1.41122e-06
xzb.xcore.vss__t371                3.81274e-14
xzb.xcore.vss__t39                 1.31035e-06
xzb.xcore.ibias__t72                   1.00456
xzb.xcore.tail__t265                   1.26449
xzb.xcore.vss__t372                3.54021e-14
xzb.xcore.tail__t162                   1.26449
xzb.xcore.ibias__t73                   1.00456
xzb.xcore.vss__t139                1.23475e-06
xzb.xcore.vss__t373                3.33597e-14
xzb.xcore.vss__t40                 1.18926e-06
xzb.xcore.ibias__t74                   1.00456
xzb.xcore.tail__t266                   1.26449
xzb.xcore.vss__t374                3.21306e-14
xzb.xcore.tail__t163                   1.26449
xzb.xcore.ibias__t75                   1.00456
xzb.xcore.vss__t140                1.17737e-06
xzb.xcore.vss__t375                3.18093e-14
xzb.xcore.vss__t41                 1.20007e-06
xzb.xcore.ibias__t76                   1.00456
xzb.xcore.tail__t267                   1.26449
xzb.xcore.vss__t376                3.24228e-14
xzb.xcore.tail__t129                   1.26449
xzb.xcore.ibias__t9                    1.00456
xzb.xcore.vss__t107                 1.2555e-06
xzb.xcore.vss__t377                3.39203e-14
xzb.xcore.vss__t6                   1.3396e-06
xzb.xcore.ibias__t8                    1.00456
xzb.xcore.tail__t232                   1.26449
xzb.xcore.vss__t378                3.61924e-14
xzb.xcore.tail__t128                   1.26449
xzb.xcore.ibias__t7                    1.00456
xzb.xcore.vss__t106                1.44737e-06
xzb.xcore.vss__t379                3.91043e-14
xzb.xcore.vss__t5                  1.57397e-06
xzb.xcore.ibias__t6                    1.00456
xzb.xcore.tail__t231                   1.26449
xzb.xcore.vss__t380                4.25247e-14
xzb.xcore.tail__t141                   1.26449
xzb.xcore.ibias__t31                   1.00456
xzb.xcore.vss__t119                1.71522e-06
xzb.xcore.vss__t381                4.63412e-14
xzb.xcore.vss__t4                  1.86782e-06
xzb.xcore.ibias__t5                    1.00456
xzb.xcore.tail__t230                   1.26449
xzb.xcore.vss__t382                5.04639e-14
xzb.xcore.tail__t158                   1.26449
xzb.xcore.ibias__t62                   1.00456
xzb.xcore.vss__t135                2.02919e-06
xzb.xcore.vss__t383                5.48239e-14
xzb.xcore.vss__t33                 2.19741e-06
xzb.xcore.ibias__t63                   1.00456
xzb.xcore.tail__t259                   1.26449
xzb.xcore.vss__t384                5.93689e-14
xzb.xcore.tail__t159                   1.26449
xzb.xcore.ibias__t64                   1.00456
xzb.xcore.vss__t136                2.37102e-06
xzb.xcore.vss__t385                6.40596e-14
xzb.xcore.vss__t34                 2.54892e-06
xzb.xcore.ibias__t65                   1.00456
xzb.xcore.tail__t260                   1.26449
xzb.xcore.vss__t386                6.88661e-14
xzb.xcore.tail__t160                   1.26449
xzb.xcore.ibias__t66                   1.00456
xzb.xcore.vss__t137                2.73026e-06
xzb.xcore.vss__t387                7.37659e-14
xzb.xcore.vss__t35                 2.91442e-06
xzb.xcore.ibias__t67                   1.00456
xzb.xcore.tail__t261                   1.26449
xzb.xcore.vss__t388                7.87415e-14
xzb.xcore.tail__t161                   1.26449
xzb.xcore.ibias__t68                   1.00456
xzb.xcore.vss__t138                3.10088e-06
xzb.xcore.vss__t389                8.37794e-14
xzb.xcore.vss__t36                 3.28925e-06
xzb.xcore.ibias__t69                   1.00456
xzb.xcore.tail__t262                   1.26449
xzb.xcore.vss__t390                8.88691e-14
xzb.xcore.tail__t130                   1.26449
xzb.xcore.ibias__t10                   1.00456
xzb.xcore.vss__t108                3.47923e-06
xzb.xcore.vss__t391                 9.4002e-14
xzb.xcore.vss__t13                 3.67056e-06
xzb.xcore.ibias__t23                   1.00456
xzb.xcore.tail__t239                   1.26449
xzb.xcore.vss__t392                9.91716e-14
xzb.xcore.tail__t137                   1.26449
xzb.xcore.ibias__t24                   1.00456
xzb.xcore.vss__t115                3.86304e-06
xzb.xcore.vss__t393                1.04372e-13
xzb.xcore.vss__t14                 4.05651e-06
xzb.xcore.ibias__t25                   1.00456
xzb.xcore.tail__t240                   1.26449
xzb.xcore.vss__t394                  1.096e-13
xzb.xcore.tail__t138                   1.26449
xzb.xcore.ibias__t26                   1.00456
xzb.xcore.vss__t116                4.25084e-06
xzb.xcore.vss__t395                 1.1485e-13
xzb.xcore.vss__t15                 4.44591e-06
xzb.xcore.ibias__t27                   1.00456
xzb.xcore.tail__t241                    1.2645
xzb.xcore.vss__t396                1.20121e-13
xzb.xcore.tail__t139                    1.2645
xzb.xcore.ibias__t28                   1.00456
xzb.xcore.vss__t117                4.64162e-06
xzb.xcore.vss__t397                1.25409e-13
xzb.xcore.vss__t16                  4.8379e-06
xzb.xcore.ibias__t29                   1.00456
xzb.xcore.tail__t242                    1.2645
xzb.xcore.vss__t398                1.30713e-13
xzb.xcore.tail__t140                    1.2645
xzb.xcore.ibias__t30                   1.00456
xzb.xcore.vss__t118                5.03469e-06
xzb.xcore.vss__t399                 1.3603e-13
xzb.xcore.vss__t21                 5.23192e-06
xzb.xcore.ibias__t41                   1.00456
xzb.xcore.tail__t247                    1.2645
xzb.xcore.vss__t400                1.41359e-13
xzb.xcore.tail__t142                    1.2645
xzb.xcore.ibias__t32                   1.00456
xzb.xcore.vss__t120                5.42955e-06
xzb.xcore.vss__t401                1.46699e-13
xzb.xcore.vss__t17                 5.62754e-06
xzb.xcore.ibias__t33                   1.00456
xzb.xcore.tail__t243                    1.2645
xzb.xcore.vss__t402                1.52048e-13
xzb.xcore.tail__t143                    1.2645
xzb.xcore.ibias__t34                   1.00456
xzb.xcore.vss__t121                5.82584e-06
xzb.xcore.vss__t403                1.57406e-13
xzb.xcore.vss__t18                 6.02443e-06
xzb.xcore.ibias__t35                   1.00456
xzb.xcore.tail__t244                   1.26449
xzb.xcore.vss__t404                1.62772e-13
xzb.xcore.tail__t144                   1.26449
xzb.xcore.ibias__t36                   1.00456
xzb.xcore.vss__t122                6.22328e-06
xzb.xcore.vss__t405                1.68145e-13
xzb.xcore.vss__t19                 6.42237e-06
xzb.xcore.ibias__t37                   1.00456
xzb.xcore.tail__t245                   1.26449
xzb.xcore.vss__t406                1.73524e-13
xzb.xcore.tail__t145                   1.26449
xzb.xcore.ibias__t38                   1.00456
xzb.xcore.vss__t123                6.62167e-06
xzb.xcore.vss__t407                1.78909e-13
xzb.xcore.vss__t20                 6.82117e-06
xzb.xcore.ibias__t39                   1.00456
xzb.xcore.tail__t246                   1.26449
xzb.xcore.vss__t408                1.84299e-13
xzb.xcore.tail__t146                   1.26449
xzb.xcore.ibias__t40                   1.00456
xzb.xcore.vss__t124                7.02084e-06
xzb.xcore.vss__t409                1.89694e-13
xzb.xcore.vss__t8                  7.22068e-06
xzb.xcore.ibias__t12                   1.00456
xzb.xcore.tail__t234                   1.26449
xzb.xcore.vss__t410                1.95093e-13
xzb.xcore.tail__t135                   1.26449
xzb.xcore.ibias__t21                   1.00456
xzb.xcore.vss__t113                7.42067e-06
xzb.xcore.vss__t411                2.00497e-13
xzb.xcore.vss__t9                   7.6208e-06
xzb.xcore.ibias__t13                   1.00456
xzb.xcore.tail__t235                   1.26449
xzb.xcore.vss__t412                2.05904e-13
xzb.xcore.tail__t131                   1.26449
xzb.xcore.ibias__t14                   1.00456
xzb.xcore.vss__t109                7.82105e-06
xzb.xcore.vss__t413                2.11315e-13
xzb.xcore.vss__t10                 8.02143e-06
xzb.xcore.ibias__t15                   1.00456
xzb.xcore.tail__t236                   1.26449
xzb.xcore.vss__t414                2.16729e-13
xzb.xcore.tail__t134                   1.26449
xzb.xcore.ibias__t20                   1.00456
xzb.xcore.vss__t112                8.22191e-06
xzb.xcore.vss__t415                2.22146e-13
xzb.xcore.vss__t12                  8.4225e-06
xzb.xcore.ibias__t19                   1.00456
xzb.xcore.tail__t238                   1.26449
xzb.xcore.vss__t416                2.27566e-13
xzb.xcore.tail__t133                   1.26449
xzb.xcore.ibias__t18                   1.00456
xzb.xcore.vss__t111                8.62318e-06
xzb.xcore.vss__t417                2.32988e-13
xzb.xcore.vss__t11                 8.82395e-06
xzb.xcore.ibias__t17                   1.00456
xzb.xcore.tail__t237                   1.26449
xzb.xcore.vss__t418                2.38413e-13
xzb.xcore.tail__t132                   1.26449
xzb.xcore.ibias__t16                   1.00456
xzb.xcore.vss__t110                 9.0248e-06
xzb.xcore.vss__t419                 2.4384e-13
xzb.xcore.vss__t7                  9.22573e-06
xzb.xcore.ibias__t11                   1.00456
xzb.xcore.tail__t233                   1.26449
xzb.xcore.vss__t420                2.49269e-13
xzb.xcore.tail__t136                   1.26449
xzb.xcore.ibias__t22                   1.00456
xzb.xcore.vss__t114                9.42673e-06
xzb.xcore.vss__t421                2.54699e-13
xzb.xcore.vss__t23                  9.6278e-06
xzb.xcore.ibias__t45                   1.00456
xzb.xcore.tail__t249                   1.26449
xzb.xcore.vss__t422                2.60132e-13
xzb.xcore.tail__t150                   1.26449
xzb.xcore.ibias__t46                   1.00456
xzb.xcore.vss__t127                9.82893e-06
xzb.xcore.vss__t423                2.65567e-13
xzb.xcore.vss__t24                 1.00301e-05
xzb.xcore.ibias__t47                   1.00456
xzb.xcore.tail__t250                   1.26449
xzb.xcore.vss__t424                2.71003e-13
xzb.xcore.tail__t151                   1.26449
xzb.xcore.ibias__t48                   1.00456
xzb.xcore.vss__t128                1.02314e-05
xzb.xcore.vss__t425                 2.7644e-13
xzb.xcore.vss__t25                 1.04327e-05
xzb.xcore.ibias__t49                   1.00456
xzb.xcore.tail__t251                   1.26449
xzb.xcore.vss__t426                2.81879e-13
xzb.xcore.tail__t152                   1.26449
xzb.xcore.ibias__t50                   1.00456
xzb.xcore.vss__t129                 1.0634e-05
xzb.xcore.vss__t427                 2.8732e-13
xzb.xcore.vss__t32                 1.08354e-05
xzb.xcore.ibias__t61                   1.00456
xzb.xcore.tail__t258                   1.26449
xzb.xcore.vss__t428                2.92761e-13
xzb.xcore.tail__t153                   1.26449
xzb.xcore.ibias__t51                   1.00456
xzb.xcore.vss__t130                1.10368e-05
xzb.xcore.vss__t429                2.98204e-13
xzb.xcore.vss__t27                 1.12383e-05
xzb.xcore.ibias__t52                   1.00456
xzb.xcore.tail__t253                   1.26449
xzb.xcore.vss__t430                3.03648e-13
xzb.xcore.tail__t154                   1.26449
xzb.xcore.ibias__t53                   1.00456
xzb.xcore.vss__t131                1.14399e-05
xzb.xcore.vss__t431                3.09093e-13
xzb.xcore.vss__t28                 1.16414e-05
xzb.xcore.ibias__t54                   1.00456
xzb.xcore.tail__t254                   1.26449
xzb.xcore.vss__t432                3.14539e-13
xzb.xcore.tail__t155                   1.26449
xzb.xcore.ibias__t55                   1.00456
xzb.xcore.vss__t132                 1.1843e-05
xzb.xcore.vss__t433                3.19986e-13
xzb.xcore.vss__t29                 1.20446e-05
xzb.xcore.ibias__t56                   1.00456
xzb.xcore.tail__t255                   1.26448
xzb.xcore.vss__t434                3.25434e-13
xzb.xcore.tail__t156                   1.26448
xzb.xcore.ibias__t57                   1.00456
xzb.xcore.vss__t133                1.22463e-05
xzb.xcore.vss__t435                3.30883e-13
xzb.xcore.vss__t30                  1.2448e-05
xzb.xcore.ibias__t58                   1.00456
xzb.xcore.tail__t256                   1.26448
xzb.xcore.vss__t436                3.36333e-13
xzb.xcore.tail__t157                   1.26448
xzb.xcore.ibias__t59                   1.00456
xzb.xcore.vss__t134                1.26497e-05
xzb.xcore.vss__t437                3.41783e-13
xzb.xcore.vss__t31                 1.28514e-05
xzb.xcore.ibias__t60                   1.00456
xzb.xcore.tail__t257                   1.26448
xzb.xcore.vss__t438                3.47234e-13
xzb.xcore.tail__t211                   1.26448
xzb.xcore.ibias__t176                  1.00456
xzb.xcore.vss__t193                1.30532e-05
xzb.xcore.vss__t439                3.52686e-13
xzb.xcore.vss__t88                  1.3255e-05
xzb.xcore.ibias__t175                  1.00456
xzb.xcore.tail__t311                   1.26448
xzb.xcore.vss__t440                3.58139e-13
xzb.xcore.tail__t165                   1.26448
xzb.xcore.ibias__t79                   1.00456
xzb.xcore.vss__t142                1.34568e-05
xzb.xcore.vss__t441                3.63592e-13
xzb.xcore.vss__t43                 1.36587e-05
xzb.xcore.ibias__t80                   1.00456
xzb.xcore.tail__t269                   1.26448
xzb.xcore.vss__t442                3.69046e-13
xzb.xcore.tail__t166                   1.26448
xzb.xcore.ibias__t81                   1.00456
xzb.xcore.vss__t143                1.38605e-05
xzb.xcore.vss__t443                  3.745e-13
xzb.xcore.vss__t38                 1.40624e-05
xzb.xcore.ibias__t71                   1.00456
xzb.xcore.tail__t264                   1.26448
xzb.xcore.vss__t444                3.79955e-13
xzb.xcore.tail__t147                   1.26448
xzb.xcore.ibias__t42                   1.00456
xzb.xcore.vss__t125                1.42643e-05
xzb.xcore.vss__t445                3.85411e-13
xzb.xcore.vss__t22                 1.44663e-05
xzb.xcore.ibias__t43                   1.00456
xzb.xcore.tail__t248                   1.26448
xzb.xcore.vss__t446                3.90867e-13
xzb.xcore.tail__t148                   1.26448
xzb.xcore.ibias__t44                   1.00456
xzb.xcore.vss__t126                1.46682e-05
xzb.xcore.vss__t447                3.96324e-13
xzb.xcore.vss__t0                  1.48702e-05
xzb.xcore.ibias__t1                    1.00456
xzb.xcore.tail__t149                   1.26448
xzb.xcore.vss__t456                4.01781e-13
xzb.xcore.tail__t229                   1.26445
xzb.xcore.ibias__t2                    1.00456
xzb.xcore.vss__t1                  2.55243e-05
xzb.xcore.vss__t458                6.89638e-13
xzb.xcore.vss__t189                2.53219e-05
xzb.xcore.ibias__t170                  1.00456
xzb.xcore.tail__t228                   1.26445
xzb.xcore.vss__t250                 6.8417e-13
xzb.xcore.tail__t209                   1.26445
xzb.xcore.ibias__t169                  1.00456
xzb.xcore.vss__t188                2.51195e-05
xzb.xcore.vss__t251                6.78702e-13
xzb.xcore.vss__t86                 2.49172e-05
xzb.xcore.ibias__t168                  1.00456
xzb.xcore.tail__t309                   1.26445
xzb.xcore.vss__t252                6.73234e-13
xzb.xcore.tail__t208                   1.26445
xzb.xcore.ibias__t167                  1.00456
xzb.xcore.vss__t187                2.47148e-05
xzb.xcore.vss__t253                6.67767e-13
xzb.xcore.vss__t85                 2.45125e-05
xzb.xcore.ibias__t166                  1.00456
xzb.xcore.tail__t308                   1.26445
xzb.xcore.vss__t254                6.62299e-13
xzb.xcore.tail__t207                   1.26445
xzb.xcore.ibias__t165                  1.00456
xzb.xcore.vss__t186                2.43101e-05
xzb.xcore.vss__t255                6.56832e-13
xzb.xcore.vss__t84                 2.41078e-05
xzb.xcore.ibias__t164                  1.00456
xzb.xcore.tail__t307                   1.26445
xzb.xcore.vss__t256                6.51364e-13
xzb.xcore.tail__t210                   1.26445
xzb.xcore.ibias__t173                  1.00456
xzb.xcore.vss__t191                2.39055e-05
xzb.xcore.vss__t257                6.45897e-13
xzb.xcore.vss__t87                 2.37031e-05
xzb.xcore.ibias__t172                  1.00456
xzb.xcore.tail__t310                   1.26445
xzb.xcore.vss__t258                 6.4043e-13
xzb.xcore.tail__t219                   1.26445
xzb.xcore.ibias__t195                  1.00456
xzb.xcore.vss__t201                2.35008e-05
xzb.xcore.vss__t259                6.34963e-13
xzb.xcore.vss__t99                 2.32985e-05
xzb.xcore.ibias__t194                  1.00456
xzb.xcore.tail__t321                   1.26445
xzb.xcore.vss__t260                6.29496e-13
xzb.xcore.tail__t227                   1.26445
xzb.xcore.ibias__t209                  1.00456
xzb.xcore.vss__t209                2.30962e-05
xzb.xcore.vss__t261                6.24029e-13
xzb.xcore.vss__t97                 2.28938e-05
xzb.xcore.ibias__t192                  1.00456
xzb.xcore.tail__t319                   1.26445
xzb.xcore.vss__t262                6.18563e-13
xzb.xcore.tail__t218                   1.26445
xzb.xcore.ibias__t191                  1.00456
xzb.xcore.vss__t200                2.26915e-05
xzb.xcore.vss__t263                6.13096e-13
xzb.xcore.vss__t96                 2.24892e-05
xzb.xcore.ibias__t190                  1.00456
xzb.xcore.tail__t318                   1.26445
xzb.xcore.vss__t264                 6.0763e-13
xzb.xcore.tail__t217                   1.26445
xzb.xcore.ibias__t189                  1.00456
xzb.xcore.vss__t199                2.22869e-05
xzb.xcore.vss__t265                6.02163e-13
xzb.xcore.vss__t95                 2.20846e-05
xzb.xcore.ibias__t188                  1.00456
xzb.xcore.tail__t317                   1.26445
xzb.xcore.vss__t266                5.96697e-13
xzb.xcore.tail__t216                   1.26445
xzb.xcore.ibias__t187                  1.00456
xzb.xcore.vss__t198                2.18823e-05
xzb.xcore.vss__t267                5.91231e-13
xzb.xcore.vss__t94                   2.168e-05
xzb.xcore.ibias__t186                  1.00456
xzb.xcore.tail__t316                   1.26445
xzb.xcore.vss__t268                5.85765e-13
xzb.xcore.tail__t215                   1.26445
xzb.xcore.ibias__t185                  1.00456
xzb.xcore.vss__t197                2.14777e-05
xzb.xcore.vss__t269                5.80299e-13
xzb.xcore.vss__t93                 2.12755e-05
xzb.xcore.ibias__t184                  1.00456
xzb.xcore.tail__t315                   1.26445
xzb.xcore.vss__t270                5.74834e-13
xzb.xcore.tail__t214                   1.26445
xzb.xcore.ibias__t183                  1.00456
xzb.xcore.vss__t196                2.10732e-05
xzb.xcore.vss__t271                5.69368e-13
xzb.xcore.vss__t92                 2.08709e-05
xzb.xcore.ibias__t182                  1.00456
xzb.xcore.tail__t314                   1.26445
xzb.xcore.vss__t272                5.63903e-13
xzb.xcore.tail__t213                   1.26445
xzb.xcore.ibias__t181                  1.00456
xzb.xcore.vss__t195                2.06686e-05
xzb.xcore.vss__t273                5.58437e-13
xzb.xcore.vss__t91                 2.04664e-05
xzb.xcore.ibias__t180                  1.00456
xzb.xcore.tail__t313                   1.26445
xzb.xcore.vss__t274                5.52972e-13
xzb.xcore.tail__t212                   1.26446
xzb.xcore.ibias__t179                  1.00456
xzb.xcore.vss__t194                2.02641e-05
xzb.xcore.vss__t275                5.47508e-13
xzb.xcore.vss__t90                 2.00619e-05
xzb.xcore.ibias__t178                  1.00456
xzb.xcore.tail__t312                   1.26446
xzb.xcore.vss__t276                5.42043e-13
xzb.xcore.tail__t206                   1.26446
xzb.xcore.ibias__t161                  1.00456
xzb.xcore.vss__t184                1.98597e-05
xzb.xcore.vss__t277                5.36578e-13
xzb.xcore.vss__t57                 1.96574e-05
xzb.xcore.ibias__t112                  1.00456
xzb.xcore.tail__t283                   1.26446
xzb.xcore.vss__t278                5.31114e-13
xzb.xcore.tail__t183                   1.26446
xzb.xcore.ibias__t111                  1.00456
xzb.xcore.vss__t160                1.94552e-05
xzb.xcore.vss__t279                 5.2565e-13
xzb.xcore.vss__t56                  1.9253e-05
xzb.xcore.ibias__t110                  1.00456
xzb.xcore.tail__t282                   1.26446
xzb.xcore.vss__t280                5.20186e-13
xzb.xcore.tail__t182                   1.26446
xzb.xcore.ibias__t109                  1.00456
xzb.xcore.vss__t159                1.90508e-05
xzb.xcore.vss__t281                5.14722e-13
xzb.xcore.vss__t55                 1.88486e-05
xzb.xcore.ibias__t108                  1.00456
xzb.xcore.tail__t281                   1.26446
xzb.xcore.vss__t282                5.09259e-13
xzb.xcore.tail__t181                   1.26446
xzb.xcore.ibias__t107                  1.00456
xzb.xcore.vss__t158                1.86464e-05
xzb.xcore.vss__t283                5.03796e-13
xzb.xcore.vss__t54                 1.84442e-05
xzb.xcore.ibias__t106                  1.00456
xzb.xcore.tail__t280                   1.26446
xzb.xcore.vss__t284                4.98333e-13
xzb.xcore.tail__t180                   1.26446
xzb.xcore.ibias__t105                  1.00456
xzb.xcore.vss__t157                 1.8242e-05
xzb.xcore.vss__t285                 4.9287e-13
xzb.xcore.vss__t53                 1.80398e-05
xzb.xcore.ibias__t104                  1.00456
xzb.xcore.tail__t279                   1.26446
xzb.xcore.vss__t286                4.87407e-13
xzb.xcore.tail__t205                   1.26446
xzb.xcore.ibias__t156                  1.00456
xzb.xcore.vss__t182                1.78377e-05
xzb.xcore.vss__t287                4.81945e-13
xzb.xcore.vss__t79                 1.76355e-05
xzb.xcore.ibias__t155                  1.00456
xzb.xcore.tail__t305                   1.26446
xzb.xcore.vss__t288                4.76483e-13
xzb.xcore.tail__t204                   1.26446
xzb.xcore.ibias__t154                  1.00456
xzb.xcore.vss__t181                1.74334e-05
xzb.xcore.vss__t289                4.71021e-13
xzb.xcore.vss__t78                 1.72312e-05
xzb.xcore.ibias__t153                  1.00456
xzb.xcore.tail__t304                   1.26446
xzb.xcore.vss__t290                 4.6556e-13
xzb.xcore.tail__t203                   1.26446
xzb.xcore.ibias__t152                  1.00456
xzb.xcore.vss__t180                1.70291e-05
xzb.xcore.vss__t291                4.60098e-13
xzb.xcore.vss__t77                  1.6827e-05
xzb.xcore.ibias__t151                  1.00456
xzb.xcore.tail__t303                   1.26446
xzb.xcore.vss__t292                4.54638e-13
xzb.xcore.tail__t202                   1.26446
xzb.xcore.ibias__t150                  1.00456
xzb.xcore.vss__t179                1.66249e-05
xzb.xcore.vss__t293                4.49177e-13
xzb.xcore.vss__t76                 1.64228e-05
xzb.xcore.ibias__t149                  1.00456
xzb.xcore.tail__t302                   1.26446
xzb.xcore.vss__t294                4.43717e-13
xzb.xcore.tail__t201                   1.26446
xzb.xcore.ibias__t148                  1.00456
xzb.xcore.vss__t178                1.62208e-05
xzb.xcore.vss__t295                4.38257e-13
xzb.xcore.vss__t75                 1.60187e-05
xzb.xcore.ibias__t147                  1.00456
xzb.xcore.tail__t301                   1.26446
xzb.xcore.vss__t296                4.32797e-13
xzb.xcore.tail__t200                   1.26446
xzb.xcore.ibias__t146                  1.00456
xzb.xcore.vss__t177                1.58167e-05
xzb.xcore.vss__t297                4.27338e-13
xzb.xcore.vss__t98                 1.56146e-05
xzb.xcore.ibias__t193                  1.00456
xzb.xcore.tail__t320                   1.26446
xzb.xcore.vss__t298                4.21879e-13
xzb.xcore.tail__t226                   1.26446
xzb.xcore.ibias__t208                  1.00456
xzb.xcore.vss__t208                1.54126e-05
xzb.xcore.vss__t299                4.16421e-13
xzb.xcore.vss__t105                1.52106e-05
xzb.xcore.ibias__t207                  1.00456
xzb.xcore.tail__t327                   1.26446
xzb.xcore.vss__t300                4.10963e-13
xzb.xcore.tail__t225                   1.26446
xzb.xcore.ibias__t206                  1.00456
xzb.xcore.vss__t207                1.50086e-05
xzb.xcore.vss__t301                4.05505e-13
xzb.xcore.vss__t104                1.48066e-05
xzb.xcore.ibias__t205                  1.00456
xzb.xcore.tail__t326                   1.26446
xzb.xcore.vss__t302                4.00048e-13
xzb.xcore.tail__t224                   1.26446
xzb.xcore.ibias__t204                  1.00456
xzb.xcore.vss__t206                1.46047e-05
xzb.xcore.vss__t303                3.94591e-13
xzb.xcore.vss__t103                1.44027e-05
xzb.xcore.ibias__t203                  1.00456
xzb.xcore.tail__t325                   1.26446
xzb.xcore.vss__t304                3.89135e-13
xzb.xcore.tail__t223                   1.26447
xzb.xcore.ibias__t202                  1.00456
xzb.xcore.vss__t205                1.42008e-05
xzb.xcore.vss__t305                3.83679e-13
xzb.xcore.vss__t102                1.39989e-05
xzb.xcore.ibias__t201                  1.00456
xzb.xcore.tail__t324                   1.26447
xzb.xcore.vss__t306                3.78224e-13
xzb.xcore.tail__t222                   1.26447
xzb.xcore.ibias__t200                  1.00456
xzb.xcore.vss__t204                 1.3797e-05
xzb.xcore.vss__t307                 3.7277e-13
xzb.xcore.vss__t101                1.35952e-05
xzb.xcore.ibias__t199                  1.00456
xzb.xcore.tail__t323                   1.26447
xzb.xcore.vss__t308                3.67316e-13
xzb.xcore.tail__t221                   1.26447
xzb.xcore.ibias__t198                  1.00456
xzb.xcore.vss__t203                1.33933e-05
xzb.xcore.vss__t309                3.61862e-13
xzb.xcore.vss__t100                1.31915e-05
xzb.xcore.ibias__t197                  1.00456
xzb.xcore.tail__t322                   1.26447
xzb.xcore.vss__t310                3.56409e-13
xzb.xcore.tail__t220                   1.26447
xzb.xcore.ibias__t196                  1.00456
xzb.xcore.vss__t202                1.29897e-05
xzb.xcore.vss__t311                3.50957e-13
xzb.xcore.vss__t80                  1.2788e-05
xzb.xcore.ibias__t157                  1.00456
xzb.xcore.tail__t306                   1.26447
xzb.xcore.vss__t312                3.45506e-13
xzb.xcore.tail__t185                   1.26447
xzb.xcore.ibias__t116                  1.00456
xzb.xcore.vss__t162                1.25862e-05
xzb.xcore.vss__t313                3.40055e-13
xzb.xcore.vss__t59                 1.23845e-05
xzb.xcore.ibias__t115                  1.00456
xzb.xcore.tail__t285                   1.26447
xzb.xcore.vss__t314                3.34605e-13
xzb.xcore.tail__t184                   1.26447
xzb.xcore.ibias__t114                  1.00456
xzb.xcore.vss__t161                1.21828e-05
xzb.xcore.vss__t315                3.29156e-13
xzb.xcore.vss__t71                 1.19812e-05
xzb.xcore.ibias__t139                  1.00456
xzb.xcore.tail__t297                   1.26447
xzb.xcore.vss__t316                3.23708e-13
xzb.xcore.tail__t196                   1.26447
xzb.xcore.ibias__t138                  1.00456
xzb.xcore.vss__t173                1.17796e-05
xzb.xcore.vss__t317                 3.1826e-13
xzb.xcore.vss__t70                  1.1578e-05
xzb.xcore.ibias__t137                  1.00456
xzb.xcore.tail__t296                   1.26447
xzb.xcore.vss__t318                3.12814e-13
xzb.xcore.tail__t195                   1.26447
xzb.xcore.ibias__t136                  1.00456
xzb.xcore.vss__t172                1.13765e-05
xzb.xcore.vss__t319                3.07368e-13
xzb.xcore.vss__t69                 1.11749e-05
xzb.xcore.ibias__t135                  1.00456
xzb.xcore.tail__t295                   1.26447
xzb.xcore.vss__t320                3.01924e-13
xzb.xcore.tail__t194                   1.26447
xzb.xcore.ibias__t134                  1.00456
xzb.xcore.vss__t171                1.09735e-05
xzb.xcore.vss__t321                 2.9648e-13
xzb.xcore.vss__t61                  1.0772e-05
xzb.xcore.ibias__t119                  1.00456
xzb.xcore.tail__t287                   1.26447
xzb.xcore.vss__t322                2.91038e-13
xzb.xcore.tail__t179                   1.26447
xzb.xcore.ibias__t103                  1.00456
xzb.xcore.vss__t156                1.05707e-05
xzb.xcore.vss__t323                2.85597e-13
xzb.xcore.vss__t48                 1.03693e-05
xzb.xcore.ibias__t92                   1.00456
xzb.xcore.tail__t274                   1.26447
xzb.xcore.vss__t324                2.80157e-13
xzb.xcore.tail__t178                   1.26447
xzb.xcore.ibias__t102                  1.00456
xzb.xcore.vss__t155                1.01681e-05
xzb.xcore.vss__t325                2.74719e-13
xzb.xcore.vss__t52                 9.96682e-06
xzb.xcore.ibias__t101                  1.00456
xzb.xcore.tail__t278                   1.26447
xzb.xcore.vss__t326                2.69282e-13
xzb.xcore.tail__t177                   1.26447
xzb.xcore.ibias__t100                  1.00456
xzb.xcore.vss__t154                9.76565e-06
xzb.xcore.vss__t327                2.63847e-13
xzb.xcore.vss__t51                 9.56454e-06
xzb.xcore.ibias__t99                   1.00456
xzb.xcore.tail__t277                   1.26447
xzb.xcore.vss__t328                2.58413e-13
xzb.xcore.tail__t176                   1.26447
xzb.xcore.ibias__t98                   1.00456
xzb.xcore.vss__t153                9.36349e-06
xzb.xcore.vss__t329                2.52981e-13
xzb.xcore.vss__t58                 9.16251e-06
xzb.xcore.ibias__t113                  1.00456
xzb.xcore.tail__t284                   1.26447
xzb.xcore.vss__t330                2.47551e-13
xzb.xcore.tail__t174                   1.26447
xzb.xcore.ibias__t96                   1.00456
xzb.xcore.vss__t151                8.96161e-06
xzb.xcore.vss__t331                2.42123e-13
xzb.xcore.vss__t50                 8.76078e-06
xzb.xcore.ibias__t95                   1.00456
xzb.xcore.tail__t276                   1.26447
xzb.xcore.vss__t332                2.36697e-13
xzb.xcore.tail__t173                   1.26447
xzb.xcore.ibias__t94                   1.00456
xzb.xcore.vss__t150                8.56004e-06
xzb.xcore.vss__t333                2.31273e-13
xzb.xcore.vss__t49                 8.35939e-06
xzb.xcore.ibias__t93                   1.00456
xzb.xcore.tail__t275                   1.26447
xzb.xcore.vss__t334                2.25852e-13
xzb.xcore.tail__t172                   1.26448
xzb.xcore.ibias__t91                   1.00456
xzb.xcore.vss__t149                8.15883e-06
xzb.xcore.vss__t335                2.20433e-13
xzb.xcore.vss__t47                 7.95838e-06
xzb.xcore.ibias__t90                   1.00456
xzb.xcore.tail__t273                   1.26448
xzb.xcore.vss__t336                2.15017e-13
xzb.xcore.tail__t171                   1.26448
xzb.xcore.ibias__t89                   1.00456
xzb.xcore.vss__t148                7.75804e-06
xzb.xcore.vss__t337                2.09604e-13
xzb.xcore.vss__t46                 7.55783e-06
xzb.xcore.ibias__t88                   1.00456
xzb.xcore.tail__t272                   1.26448
xzb.xcore.vss__t338                2.04195e-13
xzb.xcore.tail__t170                   1.26448
xzb.xcore.ibias__t87                   1.00456
xzb.xcore.vss__t147                7.35774e-06
xzb.xcore.vss__t339                1.98789e-13
xzb.xcore.vss__t45                  7.1578e-06
xzb.xcore.ibias__t86                   1.00456
xzb.xcore.tail__t271                   1.26448
xzb.xcore.vss__t340                1.93387e-13
xzb.xcore.tail__t169                   1.26448
xzb.xcore.ibias__t85                   1.00456
xzb.xcore.vss__t146                6.95801e-06
xzb.xcore.vss__t341                1.87989e-13
xzb.xcore.vss__t44                 6.75839e-06
xzb.xcore.ibias__t84                   1.00456
xzb.xcore.tail__t270                   1.26448
xzb.xcore.vss__t342                1.82595e-13
xzb.xcore.tail__t168                   1.26448
xzb.xcore.ibias__t83                   1.00456
xzb.xcore.vss__t145                6.55895e-06
xzb.xcore.vss__t343                1.77207e-13
xzb.xcore.vss__t66                 6.35972e-06
xzb.xcore.ibias__t129                  1.00456
xzb.xcore.tail__t292                   1.26448
xzb.xcore.vss__t344                1.71824e-13
xzb.xcore.tail__t199                   1.26448
xzb.xcore.ibias__t144                  1.00456
xzb.xcore.vss__t176                 6.1607e-06
xzb.xcore.vss__t345                1.66447e-13
xzb.xcore.vss__t73                 5.96193e-06
xzb.xcore.ibias__t143                  1.00456
xzb.xcore.tail__t299                   1.26448
xzb.xcore.vss__t346                1.61077e-13
xzb.xcore.tail__t198                   1.26448
xzb.xcore.ibias__t142                  1.00456
xzb.xcore.vss__t175                5.76343e-06
xzb.xcore.vss__t347                1.55714e-13
xzb.xcore.vss__t72                 5.56522e-06
xzb.xcore.ibias__t141                  1.00456
xzb.xcore.tail__t298                   1.26448
xzb.xcore.vss__t348                1.50358e-13
xzb.xcore.outp__t53                    2.99989
xzb.xcore.inp__t1                       2.5245
xzb.xcore.tail__t0                     1.26455
xzb.xcore.vss__t460                1.09486e-10
xzb.xcore.tail__t119                   1.26455
xzb.xcore.inp__t53                      2.5245
xzb.xcore.outp__t52                    2.99989
xzb.xcore.vss__t462                 1.1052e-10
xzb.xcore.outp__t46                    2.99989
xzb.xcore.inp__t52                      2.5245
xzb.xcore.tail__t118                   1.26456
xzb.xcore.vss__t463                1.11554e-10
xzb.xcore.tail__t58                    1.26456
xzb.xcore.inp__t61                      2.5245
xzb.xcore.outp__t82                    2.99989
xzb.xcore.vss__t464                1.12588e-10
xzb.xcore.outp__t30                    2.99988
xzb.xcore.inp__t24                      2.5245
xzb.xcore.tail__t98                    1.26456
xzb.xcore.vss__t465                1.13623e-10
xzb.xcore.tail__t38                    1.26456
xzb.xcore.inp__t23                      2.5245
xzb.xcore.outp__t64                    2.99988
xzb.xcore.vss__t466                1.14657e-10
xzb.xcore.outp__t29                    2.99988
xzb.xcore.inp__t22                      2.5245
xzb.xcore.tail__t97                    1.26456
xzb.xcore.vss__t467                1.15691e-10
xzb.xcore.tail__t37                    1.26456
xzb.xcore.inp__t21                      2.5245
xzb.xcore.outp__t63                    2.99988
xzb.xcore.vss__t468                1.16725e-10
xzb.xcore.outp__t28                    2.99988
xzb.xcore.inp__t20                      2.5245
xzb.xcore.tail__t96                    1.26456
xzb.xcore.vss__t469                1.17759e-10
xzb.xcore.tail__t36                    1.26456
xzb.xcore.inp__t19                      2.5245
xzb.xcore.outp__t62                    2.99988
xzb.xcore.vss__t470                1.18792e-10
xzb.xcore.outp__t27                    2.99987
xzb.xcore.inp__t18                      2.5245
xzb.xcore.tail__t95                    1.26456
xzb.xcore.vss__t471                1.19826e-10
xzb.xcore.tail__t35                    1.26456
xzb.xcore.inp__t17                      2.5245
xzb.xcore.outp__t61                    2.99987
xzb.xcore.vss__t472                 1.2086e-10
xzb.xcore.outp__t26                    2.99987
xzb.xcore.inp__t16                      2.5245
xzb.xcore.tail__t94                    1.26456
xzb.xcore.vss__t473                1.21894e-10
xzb.xcore.tail__t33                    1.26456
xzb.xcore.inp__t15                      2.5245
xzb.xcore.outp__t60                    2.99987
xzb.xcore.vss__t474                1.22928e-10
xzb.xcore.outp__t47                    2.99987
xzb.xcore.inp__t54                      2.5245
xzb.xcore.tail__t120                   1.26456
xzb.xcore.vss__t475                1.23962e-10
xzb.xcore.tail__t54                    1.26457
xzb.xcore.inp__t55                      2.5245
xzb.xcore.outp__t78                    2.99987
xzb.xcore.vss__t476                1.24996e-10
xzb.xcore.outp__t51                    2.99986
xzb.xcore.inp__t63                      2.5245
xzb.xcore.tail__t126                   1.26457
xzb.xcore.vss__t477                 1.2603e-10
xzb.xcore.tail__t57                    1.26457
xzb.xcore.inp__t60                      2.5245
xzb.xcore.outp__t81                    2.99986
xzb.xcore.vss__t478                1.27064e-10
xzb.xcore.outp__t49                    2.99986
xzb.xcore.inp__t59                      2.5245
xzb.xcore.tail__t122                   1.26457
xzb.xcore.vss__t479                1.28098e-10
xzb.xcore.tail__t56                    1.26457
xzb.xcore.inp__t58                      2.5245
xzb.xcore.outp__t80                    2.99986
xzb.xcore.vss__t480                1.29131e-10
xzb.xcore.outp__t48                    2.99986
xzb.xcore.inp__t57                      2.5245
xzb.xcore.tail__t121                   1.26457
xzb.xcore.vss__t481                1.30165e-10
xzb.xcore.tail__t55                    1.26457
xzb.xcore.inp__t56                      2.5245
xzb.xcore.outp__t79                    2.99986
xzb.xcore.vss__t482                1.31199e-10
xzb.xcore.outp__t24                    2.99985
xzb.xcore.inp__t11                      2.5245
xzb.xcore.tail__t92                    1.26457
xzb.xcore.vss__t483                1.32233e-10
xzb.xcore.tail__t30                    1.26457
xzb.xcore.inp__t10                      2.5245
xzb.xcore.outp__t57                    2.99985
xzb.xcore.vss__t484                1.33266e-10
xzb.xcore.outp__t23                    2.99985
xzb.xcore.inp__t9                       2.5245
xzb.xcore.tail__t88                    1.26457
xzb.xcore.vss__t485                  1.343e-10
xzb.xcore.tail__t32                    1.26457
xzb.xcore.inp__t14                      2.5245
xzb.xcore.outp__t59                    2.99985
xzb.xcore.vss__t486                1.35334e-10
xzb.xcore.outp__t25                    2.99985
xzb.xcore.inp__t13                      2.5245
xzb.xcore.tail__t93                    1.26457
xzb.xcore.vss__t487                1.36367e-10
xzb.xcore.tail__t60                    1.26458
xzb.xcore.inp__t0                       2.5245
xzb.xcore.outp__t83                    2.99985
xzb.xcore.vss__t488                1.37401e-10
xzb.xcore.outp__t50                    2.99984
xzb.xcore.inp__t62                      2.5245
xzb.xcore.tail__t123                   1.26458
xzb.xcore.vss__t489                1.38434e-10
xzb.xcore.tail__t42                    1.26458
xzb.xcore.inp__t29                      2.5245
xzb.xcore.outp__t67                    2.99984
xzb.xcore.vss__t490                1.39468e-10
xzb.xcore.outp__t32                    2.99984
xzb.xcore.inp__t28                      2.5245
xzb.xcore.tail__t102                   1.26458
xzb.xcore.vss__t491                1.40502e-10
xzb.xcore.tail__t41                    1.26458
xzb.xcore.inp__t27                      2.5245
xzb.xcore.outp__t66                    2.99984
xzb.xcore.vss__t492                1.41535e-10
xzb.xcore.outp__t31                    2.99984
xzb.xcore.inp__t26                      2.5245
xzb.xcore.tail__t101                   1.26458
xzb.xcore.vss__t493                1.42568e-10
xzb.xcore.tail__t40                    1.26458
xzb.xcore.inp__t25                      2.5245
xzb.xcore.outp__t65                    2.99984
xzb.xcore.vss__t494                1.43602e-10
xzb.xcore.outp__t20                    2.99984
xzb.xcore.inp__t4                       2.5245
xzb.xcore.tail__t74                    1.26458
xzb.xcore.vss__t495                1.44635e-10
xzb.xcore.tail__t14                    1.26458
xzb.xcore.inp__t3                       2.5245
xzb.xcore.outp__t54                    2.99983
xzb.xcore.vss__t496                1.45669e-10
xzb.xcore.outp__t22                    2.99983
xzb.xcore.inp__t7                       2.5245
xzb.xcore.tail__t76                    1.26458
xzb.xcore.vss__t497                1.46702e-10
xzb.xcore.tail__t16                    1.26458
xzb.xcore.inp__t6                       2.5245
xzb.xcore.outp__t55                    2.99983
xzb.xcore.vss__t498                1.47735e-10
xzb.xcore.outp__t21                    2.99983
xzb.xcore.inp__t5                       2.5245
xzb.xcore.tail__t75                    1.26458
xzb.xcore.vss__t499                1.48769e-10
xzb.xcore.tail__t19                    1.26458
xzb.xcore.inp__t8                       2.5245
xzb.xcore.outp__t56                    2.99983
xzb.xcore.vss__t500                1.49802e-10
xzb.xcore.outp__t45                    2.99983
xzb.xcore.inp__t50                      2.5245
xzb.xcore.tail__t116                   1.26459
xzb.xcore.vss__t501                1.50835e-10
xzb.xcore.tail__t51                    1.26459
xzb.xcore.inp__t49                      2.5245
xzb.xcore.outp__t76                    2.99982
xzb.xcore.vss__t502                1.51868e-10
xzb.xcore.outp__t44                    2.99982
xzb.xcore.inp__t48                      2.5245
xzb.xcore.tail__t115                   1.26459
xzb.xcore.vss__t503                1.52901e-10
xzb.xcore.tail__t50                    1.26459
xzb.xcore.inp__t47                      2.5245
xzb.xcore.outp__t75                    2.99982
xzb.xcore.vss__t504                1.53934e-10
xzb.xcore.outp__t43                    2.99982
xzb.xcore.inp__t46                      2.5245
xzb.xcore.tail__t114                   1.26459
xzb.xcore.vss__t505                1.54967e-10
xzb.xcore.tail__t49                    1.26459
xzb.xcore.inp__t45                      2.5245
xzb.xcore.outp__t74                    2.99982
xzb.xcore.vss__t506                   1.56e-10
xzb.xcore.outp__t42                    2.99982
xzb.xcore.inp__t44                      2.5245
xzb.xcore.tail__t113                   1.26459
xzb.xcore.vss__t507                1.57033e-10
xzb.xcore.tail__t48                    1.26459
xzb.xcore.inp__t43                      2.5245
xzb.xcore.outp__t73                    2.99981
xzb.xcore.vss__t508                1.58066e-10
xzb.xcore.outp__t41                    2.99981
xzb.xcore.inp__t42                      2.5245
xzb.xcore.tail__t112                   1.26459
xzb.xcore.vss__t509                1.59099e-10
xzb.xcore.tail__t47                    1.26459
xzb.xcore.inp__t41                      2.5245
xzb.xcore.outp__t72                    2.99981
xzb.xcore.vss__t510                1.60132e-10
xzb.xcore.outp__t40                    2.99981
xzb.xcore.inp__t40                      2.5245
xzb.xcore.tail__t111                   1.26459
xzb.xcore.vss__t511                1.61165e-10
xzb.xcore.tail__t46                    1.26459
xzb.xcore.inp__t39                      2.5245
xzb.xcore.outp__t71                    2.99981
xzb.xcore.vss__t512                1.62198e-10
xzb.xcore.outp__t39                    2.99981
xzb.xcore.inp__t38                      2.5245
xzb.xcore.tail__t110                   1.26459
xzb.xcore.vss__t513                1.63231e-10
xzb.xcore.tail__t53                     1.2646
xzb.xcore.inp__t51                      2.5245
xzb.xcore.outp__t77                     2.9998
xzb.xcore.vss__t514                1.64263e-10
xzb.xcore.outp__t38                     2.9998
xzb.xcore.inp__t37                      2.5245
xzb.xcore.tail__t108                    1.2646
xzb.xcore.vss__t515                1.65296e-10
xzb.xcore.tail__t45                     1.2646
xzb.xcore.inp__t36                      2.5245
xzb.xcore.outp__t70                     2.9998
xzb.xcore.vss__t516                1.66329e-10
xzb.xcore.outp__t37                     2.9998
xzb.xcore.inp__t35                      2.5245
xzb.xcore.tail__t107                    1.2646
xzb.xcore.vss__t517                1.67361e-10
xzb.xcore.tail__t44                     1.2646
xzb.xcore.inp__t34                      2.5245
xzb.xcore.outp__t69                     2.9998
xzb.xcore.vss__t518                1.68394e-10
xzb.xcore.outp__t36                     2.9998
xzb.xcore.inp__t33                      2.5245
xzb.xcore.tail__t106                    1.2646
xzb.xcore.vss__t519                1.69427e-10
xzb.xcore.tail__t31                     1.2646
xzb.xcore.inp__t12                      2.5245
xzb.xcore.outp__t58                    2.99979
xzb.xcore.vss__t520                1.70459e-10
xzb.xcore.outp__t35                    2.99979
xzb.xcore.inp__t32                      2.5245
xzb.xcore.tail__t104                    1.2646
xzb.xcore.vss__t521                1.71492e-10
xzb.xcore.tail__t43                     1.2646
xzb.xcore.inp__t31                      2.5245
xzb.xcore.outp__t68                    2.99979
xzb.xcore.vss__t522                1.72524e-10
xzb.xcore.outp__t33                    2.99979
xzb.xcore.inp__t30                      2.5245
xzb.xcore.tail__t103                    1.2646
xzb.xcore.vss__t523                1.73556e-10
xzb.xcore.tail__t1                      1.2646
xzb.xcore.inp__t2                       2.5245
xzb.xcore.outp__t34                    2.99979
xzb.xcore.vss__t586                1.74589e-10
xzb.xcore.ibias__t215                  1.00183
xzb.xcore.ibias__t3                    1.00456
xzb.xcore.vss__t2                  2.51857e-05
xzb.xcore.vss__t459                5.04669e-13
xzb.xcore.vss__t81                 2.49859e-05
xzb.xcore.ibias__t158                  1.00456
xzb.xcore.ibias__t216                  1.00186
xzb.xcore.vss__t448                5.00678e-13
xzb.xcore.ibias__t213                  1.00189
xzb.xcore.ibias__t171                  1.00456
xzb.xcore.vss__t190                2.47861e-05
xzb.xcore.vss__t449                4.96688e-13
xzb.xcore.vss__t83                 2.45863e-05
xzb.xcore.ibias__t163                  1.00456
xzb.xcore.ibias__t218                  1.00192
xzb.xcore.vss__t450                4.92697e-13
xzb.xcore.ibias__t212                  1.00195
xzb.xcore.ibias__t162                  1.00456
xzb.xcore.vss__t185                2.43865e-05
xzb.xcore.vss__t451                4.88706e-13
xzb.xcore.vss__t89                 2.41867e-05
xzb.xcore.ibias__t177                  1.00456
xzb.xcore.ibias__t219                  1.00198
xzb.xcore.vss__t452                4.84714e-13
xzb.xcore.ibias__t211                  1.00201
xzb.xcore.ibias__t160                  1.00456
xzb.xcore.vss__t183                2.39869e-05
xzb.xcore.vss__t453                4.80723e-13
xzb.xcore.vss__t82                 2.37871e-05
xzb.xcore.ibias__t159                  1.00456
xzb.xcore.ibias__t217                  1.00204
xzb.xcore.vss__t454                4.76731e-13
xzb.xcore.ibias__t214                  1.00207
xzb.xcore.ibias__t174                  1.00456
xzb.xcore.vss__t192                2.35873e-05
xzb.xcore.vss__t455                 4.7274e-13
xzb.xcore.vss__t3                  2.33875e-05
xzb.xcore.ibias__t4                    1.00456
xzb.xcore.ibias__t210                   1.0021
xzb.xcore.vss__t457                4.68748e-13
xzb.xcore.outn__t52                        3.3
xzb.xcore.inn__t1                       1.6335
xzb.xcore.tail__t3                      1.2645
xzb.xcore.vss__t461                1.46344e-12
xzb.xcore.tail__t62                     1.2645
xzb.xcore.inn__t58                      1.6335
xzb.xcore.outn__t81                        3.3
xzb.xcore.vss__t524                1.47733e-12
xzb.xcore.outn__t49                        3.3
xzb.xcore.inn__t59                      1.6335
xzb.xcore.tail__t124                    1.2645
xzb.xcore.vss__t525                1.49121e-12
xzb.xcore.tail__t63                     1.2645
xzb.xcore.inn__t60                      1.6335
xzb.xcore.outn__t82                        3.3
xzb.xcore.vss__t526                 1.5051e-12
xzb.xcore.outn__t50                        3.3
xzb.xcore.inn__t61                      1.6335
xzb.xcore.tail__t125                    1.2645
xzb.xcore.vss__t527                1.51899e-12
xzb.xcore.tail__t64                     1.2645
xzb.xcore.inn__t62                      1.6335
xzb.xcore.outn__t83                        3.3
xzb.xcore.vss__t528                1.53288e-12
xzb.xcore.outn__t46                        3.3
xzb.xcore.inn__t52                      1.6335
xzb.xcore.tail__t105                    1.2645
xzb.xcore.vss__t529                1.54677e-12
xzb.xcore.tail__t15                     1.2645
xzb.xcore.inn__t21                      1.6335
xzb.xcore.outn__t63                        3.3
xzb.xcore.vss__t530                1.56066e-12
xzb.xcore.outn__t45                        3.3
xzb.xcore.inn__t51                      1.6335
xzb.xcore.tail__t100                    1.2645
xzb.xcore.vss__t531                1.57455e-12
xzb.xcore.tail__t34                     1.2645
xzb.xcore.inn__t48                      1.6335
xzb.xcore.outn__t76                        3.3
xzb.xcore.vss__t532                1.58844e-12
xzb.xcore.outn__t44                        3.3
xzb.xcore.inn__t50                      1.6335
xzb.xcore.tail__t99                     1.2645
xzb.xcore.vss__t533                1.60233e-12
xzb.xcore.tail__t61                     1.2645
xzb.xcore.inn__t57                      1.6335
xzb.xcore.outn__t80                        3.3
xzb.xcore.vss__t534                1.61622e-12
xzb.xcore.outn__t40                        3.3
xzb.xcore.inn__t42                      1.6335
xzb.xcore.tail__t87                     1.2645
xzb.xcore.vss__t535                1.63011e-12
xzb.xcore.tail__t27                     1.2645
xzb.xcore.inn__t41                      1.6335
xzb.xcore.outn__t73                        3.3
xzb.xcore.vss__t536                1.64401e-12
xzb.xcore.outn__t39                        3.3
xzb.xcore.inn__t40                      1.6335
xzb.xcore.tail__t86                     1.2645
xzb.xcore.vss__t537                 1.6579e-12
xzb.xcore.tail__t26                     1.2645
xzb.xcore.inn__t39                      1.6335
xzb.xcore.outn__t72                        3.3
xzb.xcore.vss__t538                1.67179e-12
xzb.xcore.outn__t38                        3.3
xzb.xcore.inn__t38                      1.6335
xzb.xcore.tail__t85                     1.2645
xzb.xcore.vss__t539                1.68568e-12
xzb.xcore.tail__t25                     1.2645
xzb.xcore.inn__t37                      1.6335
xzb.xcore.outn__t71                        3.3
xzb.xcore.vss__t540                1.69958e-12
xzb.xcore.outn__t47                        3.3
xzb.xcore.inn__t53                      1.6335
xzb.xcore.tail__t109                    1.2645
xzb.xcore.vss__t541                1.71347e-12
xzb.xcore.tail__t52                     1.2645
xzb.xcore.inn__t55                      1.6335
xzb.xcore.outn__t78                        3.3
xzb.xcore.vss__t542                1.72736e-12
xzb.xcore.outn__t48                        3.3
xzb.xcore.inn__t54                      1.6335
xzb.xcore.tail__t117                    1.2645
xzb.xcore.vss__t543                1.74126e-12
xzb.xcore.tail__t39                     1.2645
xzb.xcore.inn__t49                      1.6335
xzb.xcore.outn__t77                        3.3
xzb.xcore.vss__t544                1.75515e-12
xzb.xcore.outn__t41                        3.3
xzb.xcore.inn__t43                      1.6335
xzb.xcore.tail__t89                     1.2645
xzb.xcore.vss__t545                1.76904e-12
xzb.xcore.tail__t29                     1.2645
xzb.xcore.inn__t47                      1.6335
xzb.xcore.outn__t75                        3.3
xzb.xcore.vss__t546                1.78294e-12
xzb.xcore.outn__t43                        3.3
xzb.xcore.inn__t46                      1.6335
xzb.xcore.tail__t91                     1.2645
xzb.xcore.vss__t547                1.79683e-12
xzb.xcore.tail__t28                     1.2645
xzb.xcore.inn__t45                      1.6335
xzb.xcore.outn__t74                        3.3
xzb.xcore.vss__t548                1.81073e-12
xzb.xcore.outn__t42                        3.3
xzb.xcore.inn__t44                      1.6335
xzb.xcore.tail__t90                     1.2645
xzb.xcore.vss__t549                1.82462e-12
xzb.xcore.tail__t59                     1.2645
xzb.xcore.inn__t56                      1.6335
xzb.xcore.outn__t79                        3.3
xzb.xcore.vss__t550                1.83852e-12
xzb.xcore.outn__t51                        3.3
xzb.xcore.inn__t63                      1.6335
xzb.xcore.tail__t127                    1.2645
xzb.xcore.vss__t551                1.85241e-12
xzb.xcore.tail__t13                     1.2645
xzb.xcore.inn__t19                      1.6335
xzb.xcore.outn__t62                        3.3
xzb.xcore.vss__t552                1.86631e-12
xzb.xcore.outn__t28                        3.3
xzb.xcore.inn__t18                      1.6335
xzb.xcore.tail__t72                     1.2645
xzb.xcore.vss__t553                1.88021e-12
xzb.xcore.tail__t12                     1.2645
xzb.xcore.inn__t17                      1.6335
xzb.xcore.outn__t61                        3.3
xzb.xcore.vss__t554                 1.8941e-12
xzb.xcore.outn__t27                        3.3
xzb.xcore.inn__t16                      1.6335
xzb.xcore.tail__t71                     1.2645
xzb.xcore.vss__t555                  1.908e-12
xzb.xcore.tail__t11                     1.2645
xzb.xcore.inn__t15                      1.6335
xzb.xcore.outn__t60                        3.3
xzb.xcore.vss__t556                1.92189e-12
xzb.xcore.outn__t26                        3.3
xzb.xcore.inn__t14                      1.6335
xzb.xcore.tail__t70                     1.2645
xzb.xcore.vss__t557                1.93579e-12
xzb.xcore.tail__t10                     1.2645
xzb.xcore.inn__t13                      1.6335
xzb.xcore.outn__t59                        3.3
xzb.xcore.vss__t558                1.94969e-12
xzb.xcore.outn__t25                        3.3
xzb.xcore.inn__t12                      1.6335
xzb.xcore.tail__t69                     1.2645
xzb.xcore.vss__t559                1.96358e-12
xzb.xcore.tail__t6                      1.2645
xzb.xcore.inn__t5                       1.6335
xzb.xcore.outn__t55                        3.3
xzb.xcore.vss__t560                1.97748e-12
xzb.xcore.outn__t24                        3.3
xzb.xcore.inn__t11                      1.6335
xzb.xcore.tail__t68                     1.2645
xzb.xcore.vss__t561                1.99138e-12
xzb.xcore.tail__t4                      1.2645
xzb.xcore.inn__t2                       1.6335
xzb.xcore.outn__t53                        3.3
xzb.xcore.vss__t562                2.00528e-12
xzb.xcore.outn__t21                        3.3
xzb.xcore.inn__t3                       1.6335
xzb.xcore.tail__t65                     1.2645
xzb.xcore.vss__t563                2.01917e-12
xzb.xcore.tail__t5                      1.2645
xzb.xcore.inn__t4                       1.6335
xzb.xcore.outn__t54                        3.3
xzb.xcore.vss__t564                2.03307e-12
xzb.xcore.outn__t22                        3.3
xzb.xcore.inn__t6                       1.6335
xzb.xcore.tail__t66                     1.2645
xzb.xcore.vss__t565                2.04697e-12
xzb.xcore.tail__t7                      1.2645
xzb.xcore.inn__t7                       1.6335
xzb.xcore.outn__t56                        3.3
xzb.xcore.vss__t566                2.06087e-12
xzb.xcore.outn__t23                        3.3
xzb.xcore.inn__t8                       1.6335
xzb.xcore.tail__t67                     1.2645
xzb.xcore.vss__t567                2.07477e-12
xzb.xcore.tail__t8                      1.2645
xzb.xcore.inn__t9                       1.6335
xzb.xcore.outn__t57                        3.3
xzb.xcore.vss__t568                2.08866e-12
xzb.xcore.outn__t29                        3.3
xzb.xcore.inn__t20                      1.6335
xzb.xcore.tail__t73                     1.2645
xzb.xcore.vss__t569                2.10256e-12
xzb.xcore.tail__t9                      1.2645
xzb.xcore.inn__t10                      1.6335
xzb.xcore.outn__t58                        3.3
xzb.xcore.vss__t570                2.11646e-12
xzb.xcore.outn__t36                        3.3
xzb.xcore.inn__t35                      1.6335
xzb.xcore.tail__t83                     1.2645
xzb.xcore.vss__t571                2.13036e-12
xzb.xcore.tail__t24                     1.2645
xzb.xcore.inn__t34                      1.6335
xzb.xcore.outn__t70                        3.3
xzb.xcore.vss__t572                2.14426e-12
xzb.xcore.outn__t35                        3.3
xzb.xcore.inn__t33                      1.6335
xzb.xcore.tail__t82                     1.2645
xzb.xcore.vss__t573                2.15816e-12
xzb.xcore.tail__t23                     1.2645
xzb.xcore.inn__t32                      1.6335
xzb.xcore.outn__t69                        3.3
xzb.xcore.vss__t574                2.17206e-12
xzb.xcore.outn__t34                        3.3
xzb.xcore.inn__t31                      1.6335
xzb.xcore.tail__t81                     1.2645
xzb.xcore.vss__t575                2.18596e-12
xzb.xcore.tail__t22                     1.2645
xzb.xcore.inn__t30                      1.6335
xzb.xcore.outn__t68                        3.3
xzb.xcore.vss__t576                2.19986e-12
xzb.xcore.outn__t33                        3.3
xzb.xcore.inn__t29                      1.6335
xzb.xcore.tail__t80                     1.2645
xzb.xcore.vss__t577                2.21376e-12
xzb.xcore.tail__t21                     1.2645
xzb.xcore.inn__t28                      1.6335
xzb.xcore.outn__t67                        3.3
xzb.xcore.vss__t578                2.22766e-12
xzb.xcore.outn__t32                        3.3
xzb.xcore.inn__t27                      1.6335
xzb.xcore.tail__t79                     1.2645
xzb.xcore.vss__t579                2.24156e-12
xzb.xcore.tail__t20                     1.2645
xzb.xcore.inn__t26                      1.6335
xzb.xcore.outn__t66                        3.3
xzb.xcore.vss__t580                2.25546e-12
xzb.xcore.outn__t37                        3.3
xzb.xcore.inn__t36                      1.6335
xzb.xcore.tail__t84                     1.2645
xzb.xcore.vss__t581                2.26936e-12
xzb.xcore.tail__t18                     1.2645
xzb.xcore.inn__t25                      1.6335
xzb.xcore.outn__t65                        3.3
xzb.xcore.vss__t582                2.28326e-12
xzb.xcore.outn__t31                        3.3
xzb.xcore.inn__t24                      1.6335
xzb.xcore.tail__t78                     1.2645
xzb.xcore.vss__t583                2.29716e-12
xzb.xcore.tail__t17                     1.2645
xzb.xcore.inn__t23                      1.6335
xzb.xcore.outn__t64                        3.3
xzb.xcore.vss__t584                2.31106e-12
xzb.xcore.outn__t30                        3.3
xzb.xcore.inn__t22                      1.6335
xzb.xcore.tail__t77                     1.2645
xzb.xcore.vss__t585                2.32496e-12
xzb.xcore.tail__t2                      1.2645
xzb.xcore.inn__t0                       1.6335
xzb.xcore.outn__t20                        3.3
xzb.xcore.vss__t587                2.33886e-12
xzb.xcore.vss__t210                2.79342e-12
xzb.xcore.outp__t16                          3
xzb.xcore.vss__t211                2.76059e-12
xzb.xcore.outp__t17                          3
xzb.xcore.vss__t212                2.72778e-12
xzb.xcore.outp__t18                          3
xzb.xcore.vss__t213                  2.695e-12
xzb.xcore.outp__t19                          3
xzb.xcore.vss__t214                2.66225e-12
xzb.xcore.outp__t0                           3
xzb.xcore.vss__t215                2.62953e-12
xzb.xcore.outp__t1                           3
xzb.xcore.vss__t216                2.59684e-12
xzb.xcore.outp__t2                           3
xzb.xcore.vss__t217                2.56418e-12
xzb.xcore.outp__t3                           3
xzb.xcore.vss__t218                2.53155e-12
xzb.xcore.outp__t4                           3
xzb.xcore.vss__t219                2.49896e-12
xzb.xcore.outp__t15                          3
xzb.xcore.vss__t220                 2.4664e-12
xzb.xcore.outp__t6                           3
xzb.xcore.vss__t221                2.43388e-12
xzb.xcore.outp__t7                           3
xzb.xcore.vss__t222                 2.4014e-12
xzb.xcore.outp__t8                           3
xzb.xcore.vss__t223                2.36896e-12
xzb.xcore.outp__t9                           3
xzb.xcore.vss__t224                2.33657e-12
xzb.xcore.outp__t10                          3
xzb.xcore.vss__t225                2.30421e-12
xzb.xcore.outp__t11                          3
xzb.xcore.vss__t226                 2.2719e-12
xzb.xcore.outp__t12                          3
xzb.xcore.vss__t227                2.23964e-12
xzb.xcore.outp__t13                          3
xzb.xcore.vss__t228                2.20743e-12
xzb.xcore.outp__t14                          3
xzb.xcore.vss__t229                2.17527e-12
xzb.xcore.outp__t5                           3
xzb.xcore.vss__t230                2.18457e-12
xzb.xcore.outn__t0                         3.3
xzb.xcore.vss__t231                2.21955e-12
xzb.xcore.outn__t5                         3.3
xzb.xcore.vss__t232                 2.2546e-12
xzb.xcore.outn__t6                         3.3
xzb.xcore.vss__t233                2.28973e-12
xzb.xcore.outn__t7                         3.3
xzb.xcore.vss__t234                2.32492e-12
xzb.xcore.outn__t8                         3.3
xzb.xcore.vss__t235                2.36018e-12
xzb.xcore.outn__t9                         3.3
xzb.xcore.vss__t236                2.39551e-12
xzb.xcore.outn__t10                        3.3
xzb.xcore.vss__t237                2.43089e-12
xzb.xcore.outn__t11                        3.3
xzb.xcore.vss__t238                2.46632e-12
xzb.xcore.outn__t12                        3.3
xzb.xcore.vss__t239                2.50182e-12
xzb.xcore.outn__t13                        3.3
xzb.xcore.vss__t240                2.53736e-12
xzb.xcore.outn__t14                        3.3
xzb.xcore.vss__t241                2.57295e-12
xzb.xcore.outn__t15                        3.3
xzb.xcore.vss__t242                2.60859e-12
xzb.xcore.outn__t16                        3.3
xzb.xcore.vss__t243                2.64428e-12
xzb.xcore.outn__t17                        3.3
xzb.xcore.vss__t244                2.68001e-12
xzb.xcore.outn__t19                        3.3
xzb.xcore.vss__t245                2.71579e-12
xzb.xcore.outn__t18                        3.3
xzb.xcore.vss__t246                 2.7516e-12
xzb.xcore.outn__t1                         3.3
xzb.xcore.vss__t247                2.78746e-12
xzb.xcore.outn__t2                         3.3
xzb.xcore.vss__t248                2.82335e-12
xzb.xcore.outn__t3                         3.3
xzb.xcore.vss__t249                2.85928e-12
xzb.xcore.outn__t4                         3.3
ib_zb                                  1.00456
xzb.xcore.vsubs                              0
outn_zb                                    3.3
outp_zb                                      3
xzb.tail                                1.2645
ediff_cmis#branch                            0
ediff_c2#branch                              0
ediff_c1#branch                              0
ediff_c0#branch                              0
einref#branch                                0
vforce_zb#branch                    -0.0101309
vforce_za#branch                    -0.0101219
vsens_z#branch                       0.0106263
vwinc#branch                                 0
vwin#branch                                  0
vinnz#branch                      -3.77295e-15
vinpz#branch                      -1.48692e-14
vinn#branch                        4.39028e-14
vinp#branch                        1.89782e-14
vavcchi#branch                      -0.0101337
vavcclo#branch                      -0.0101187
vavcc#branch                        -0.0506315

 Reference value :  0.00000e+00
 Reference value :  1.85600e-10
 Reference value :  5.45600e-10
 Reference value :  9.05600e-10
 Reference value :  1.26560e-09
 Reference value :  1.60560e-09
 Reference value :  1.94560e-09
 Reference value :  2.30560e-09
 Reference value :  2.64560e-09
 Reference value :  2.98560e-09
 Reference value :  3.34560e-09
 Reference value :  3.68560e-09
 Reference value :  4.02560e-09
 Reference value :  4.36560e-09
 Reference value :  4.70560e-09
 Reference value :  5.04560e-09
 Reference value :  5.38560e-09
 Reference value :  5.72560e-09
 Reference value :  6.06560e-09
 Reference value :  6.40560e-09
 Reference value :  6.76560e-09
 Reference value :  7.12560e-09
 Reference value :  7.46560e-09
 Reference value :  7.80560e-09
 Reference value :  8.14560e-09
 Reference value :  8.48560e-09
 Reference value :  8.82560e-09
 Reference value :  9.18560e-09
 Reference value :  9.52560e-09
 Reference value :  9.86560e-09
 Reference value :  1.02256e-08
 Reference value :  1.05656e-08
 Reference value :  1.09256e-08
 Reference value :  1.12856e-08
 Reference value :  1.16456e-08
 Reference value :  1.20056e-08
 Reference value :  1.21220e-08
 Reference value :  1.21351e-08
 Reference value :  1.21562e-08
 Reference value :  1.21811e-08
 Reference value :  1.21992e-08
 Reference value :  1.22038e-08
 Reference value :  1.22241e-08
 Reference value :  1.22719e-08
 Reference value :  1.24240e-08
 Reference value :  1.27640e-08
 Reference value :  1.31240e-08
 Reference value :  1.34680e-08
 Reference value :  1.34729e-08
 Reference value :  1.34928e-08
 Reference value :  1.35068e-08
 Reference value :  1.35338e-08
 Reference value :  1.35481e-08
 Reference value :  1.35538e-08
 Reference value :  1.35741e-08
 Reference value :  1.36338e-08
 Reference value :  1.37384e-08
 Reference value :  1.38724e-08
 Reference value :  1.40488e-08
 Reference value :  1.43888e-08
 Reference value :  1.44875e-08
 Reference value :  1.48148e-08
 Reference value :  1.48203e-08
 Reference value :  1.48399e-08
 Reference value :  1.48575e-08
 Reference value :  1.48778e-08
 Reference value :  1.48948e-08
 Reference value :  1.49001e-08
 Reference value :  1.49255e-08
 Reference value :  1.49811e-08
 Reference value :  1.51884e-08
 Reference value :  1.52956e-08
 Reference value :  1.56356e-08
 Reference value :  1.57630e-08
 Reference value :  1.60943e-08
 Reference value :  1.61636e-08
 Reference value :  1.61798e-08
 Reference value :  1.61963e-08
 Reference value :  1.62179e-08
 Reference value :  1.62329e-08
 Reference value :  1.62418e-08
 Reference value :  1.62512e-08
 Reference value :  1.62790e-08
 Reference value :  1.63536e-08
 Reference value :  1.65660e-08
 Reference value :  1.67224e-08
 Reference value :  1.70824e-08
 Reference value :  1.71811e-08
 Reference value :  1.75084e-08
 Reference value :  1.75119e-08
 Reference value :  1.75316e-08
 Reference value :  1.75460e-08
 Reference value :  1.75691e-08
 Reference value :  1.75866e-08
 Reference value :  1.75916e-08
 Reference value :  1.76129e-08
 Reference value :  1.76621e-08
 Reference value :  1.78220e-08
 Reference value :  1.79313e-08
 Reference value :  1.82692e-08
 Reference value :  1.84527e-08
 Reference value :  1.87079e-08
 Reference value :  1.88556e-08
 Reference value :  1.88675e-08
 Reference value :  1.88869e-08
 Reference value :  1.89025e-08
 Reference value :  1.89206e-08
 Reference value :  1.89352e-08
 Reference value :  1.89414e-08
 Reference value :  1.89626e-08
 Reference value :  1.90173e-08
 Reference value :  1.91878e-08
 Reference value :  1.92960e-08
 Reference value :  1.96360e-08
 Reference value :  1.98000e-08
 Reference value :  2.00747e-08
 Reference value :  2.02025e-08
 Reference value :  2.02136e-08
 Reference value :  2.02350e-08
 Reference value :  2.02579e-08
 Reference value :  2.02765e-08
 Reference value :  2.02826e-08
 Reference value :  2.02983e-08
 Reference value :  2.03408e-08
 Reference value :  2.04556e-08
 Reference value :  2.06081e-08
 Reference value :  2.09028e-08
 Reference value :  2.11458e-08
 Reference value :  2.12801e-08
 Reference value :  2.14525e-08
 Reference value :  2.14719e-08
 Reference value :  2.14915e-08
 Reference value :  2.15057e-08
 Reference value :  2.15294e-08
 Reference value :  2.15457e-08
 Reference value :  2.15504e-08
 Reference value :  2.15626e-08
 Reference value :  2.15962e-08
 Reference value :  2.16851e-08
 Reference value :  2.19826e-08
 Reference value :  2.23226e-08
 Reference value :  2.26626e-08
 Reference value :  2.30026e-08
 Reference value :  2.33426e-08
 Reference value :  2.36826e-08
 Reference value :  2.40226e-08
 Reference value :  2.43626e-08
 Reference value :  2.47026e-08
 Reference value :  2.50426e-08
 Reference value :  2.53826e-08
 Reference value :  2.57226e-08
 Reference value :  2.60626e-08
 Reference value :  2.64026e-08
 Reference value :  2.67426e-08
 Reference value :  2.70826e-08
 Reference value :  2.74226e-08
 Reference value :  2.77626e-08
 Reference value :  2.81026e-08
 Reference value :  2.84626e-08
 Reference value :  2.88226e-08
 Reference value :  2.91826e-08
 Reference value :  2.95426e-08
 Reference value :  2.99226e-08
 Reference value :  3.02626e-08
 Reference value :  3.06026e-08
 Reference value :  3.09426e-08
 Reference value :  3.12826e-08
 Reference value :  3.16426e-08
 Reference value :  3.19826e-08
 Reference value :  3.23226e-08
 Reference value :  3.26626e-08
 Reference value :  3.30026e-08
 Reference value :  3.33426e-08
 Reference value :  3.36700e-08
 Reference value :  3.36735e-08
 Reference value :  3.36912e-08
 Reference value :  3.37077e-08
 Reference value :  3.37308e-08
 Reference value :  3.37482e-08
 Reference value :  3.37532e-08
 Reference value :  3.37745e-08
 Reference value :  3.38237e-08
 Reference value :  3.39835e-08
 Reference value :  3.43235e-08
 Reference value :  3.46635e-08
 Reference value :  3.50168e-08
 Reference value :  3.50200e-08
 Reference value :  3.50393e-08
 Reference value :  3.50519e-08
 Reference value :  3.50767e-08
 Reference value :  3.50935e-08
 Reference value :  3.50986e-08
 Reference value :  3.51107e-08
 Reference value :  3.51517e-08
 Reference value :  3.52729e-08
 Reference value :  3.55929e-08
 Reference value :  3.59729e-08
 Reference value :  3.63329e-08
 Reference value :  3.63663e-08
 Reference value :  3.63830e-08
 Reference value :  3.63997e-08
 Reference value :  3.64247e-08
 Reference value :  3.64436e-08
 Reference value :  3.64465e-08
 Reference value :  3.64673e-08
 Reference value :  3.65158e-08
 Reference value :  3.66720e-08
 Reference value :  3.70120e-08
 Reference value :  3.73520e-08
 Reference value :  3.76920e-08
 Reference value :  3.77138e-08
 Reference value :  3.77332e-08
 Reference value :  3.77460e-08
 Reference value :  3.77711e-08
 Reference value :  3.77874e-08
 Reference value :  3.77920e-08
 Reference value :  3.78042e-08
 Reference value :  3.78377e-08
 Reference value :  3.79265e-08
 Reference value :  3.82039e-08
 Reference value :  3.85439e-08
 Reference value :  3.88839e-08
 Reference value :  3.90575e-08
 Reference value :  3.90677e-08
 Reference value :  3.90906e-08
 Reference value :  3.91140e-08
 Reference value :  3.91326e-08
 Reference value :  3.91384e-08
 Reference value :  3.91523e-08
 Reference value :  3.91936e-08
 Reference value :  3.93200e-08
 Reference value :  3.96600e-08
 Reference value :  4.00000e-08
 Reference value :  4.03600e-08
 Reference value :  4.04079e-08
 Reference value :  4.04288e-08
 Reference value :  4.04428e-08
 Reference value :  4.04698e-08
 Reference value :  4.04841e-08
 Reference value :  4.04898e-08
 Reference value :  4.05102e-08
 Reference value :  4.05699e-08
 Reference value :  4.07494e-08
 Reference value :  4.11094e-08
 Reference value :  4.14694e-08
 Reference value :  4.17509e-08
 Reference value :  4.17572e-08
 Reference value :  4.17777e-08
 Reference value :  4.17954e-08
 Reference value :  4.18162e-08
 Reference value :  4.18309e-08
 Reference value :  4.18363e-08
 Reference value :  4.18616e-08
 Reference value :  4.19175e-08
 Reference value :  4.21253e-08
 Reference value :  4.24653e-08
 Reference value :  4.28053e-08
 Reference value :  4.30179e-08
 Reference value :  4.30304e-08
 Reference value :  4.30503e-08
 Reference value :  4.30682e-08
 Reference value :  4.30864e-08
 Reference value :  4.30977e-08
 Reference value :  4.31039e-08
 Reference value :  4.31252e-08
 Reference value :  4.31802e-08
 Reference value :  4.33518e-08
 Reference value :  4.36918e-08
 Reference value :  4.40318e-08
 Reference value :  4.43718e-08
 Reference value :  4.47318e-08
 Reference value :  4.50718e-08
 Reference value :  4.54118e-08
 Reference value :  4.57518e-08
 Reference value :  4.60918e-08
 Reference value :  4.64318e-08
 Reference value :  4.67718e-08
 Reference value :  4.71118e-08
 Reference value :  4.74718e-08
 Reference value :  4.78118e-08
 Reference value :  4.81518e-08
 Reference value :  4.84918e-08
 Reference value :  4.88318e-08
 Reference value :  4.91718e-08
 Reference value :  4.95118e-08
 Reference value :  4.98518e-08
 Reference value :  5.01918e-08
 Reference value :  5.05318e-08
 Reference value :  5.08718e-08
 Reference value :  5.12118e-08
 Reference value :  5.15518e-08
 Reference value :  5.18918e-08
 Reference value :  5.22318e-08
 Reference value :  5.25718e-08
 Reference value :  5.29118e-08
 Reference value :  5.32518e-08
 Reference value :  5.36118e-08
 Reference value :  5.39518e-08
 Reference value :  5.42918e-08
 Reference value :  5.46318e-08
 Reference value :  5.49718e-08
 Reference value :  5.52189e-08
 Reference value :  5.52253e-08
 Reference value :  5.52459e-08
 Reference value :  5.52635e-08
 Reference value :  5.52844e-08
 Reference value :  5.52989e-08
 Reference value :  5.53042e-08
 Reference value :  5.53296e-08
 Reference value :  5.53852e-08
 Reference value :  5.55927e-08
 Reference value :  5.59327e-08
 Reference value :  5.62727e-08
 Reference value :  5.65657e-08
 Reference value :  5.65722e-08
 Reference value :  5.65909e-08
 Reference value :  5.66068e-08
 Reference value :  5.66277e-08
 Reference value :  5.66457e-08
 Reference value :  5.66482e-08
 Reference value :  5.66611e-08
 Reference value :  5.67003e-08
 Reference value :  5.68202e-08
 Reference value :  5.71202e-08
 Reference value :  5.74602e-08
 Reference value :  5.78002e-08
 Reference value :  5.79132e-08
 Reference value :  5.79261e-08
 Reference value :  5.79472e-08
 Reference value :  5.79715e-08
 Reference value :  5.79895e-08
 Reference value :  5.79952e-08
 Reference value :  5.80156e-08
 Reference value :  5.80637e-08
 Reference value :  5.82172e-08
 Reference value :  5.85572e-08
 Reference value :  5.88972e-08
 Reference value :  5.92372e-08
 Reference value :  5.92630e-08
 Reference value :  5.92826e-08
 Reference value :  5.92963e-08
 Reference value :  5.93201e-08
 Reference value :  5.93364e-08
 Reference value :  5.93408e-08
 Reference value :  5.93529e-08
 Reference value :  5.93863e-08
 Reference value :  5.94915e-08
 Reference value :  5.97915e-08
 Reference value :  6.01315e-08
 Reference value :  6.04715e-08
 Reference value :  6.06066e-08
 Reference value :  6.06181e-08
 Reference value :  6.06395e-08
 Reference value :  6.06632e-08
 Reference value :  6.06815e-08
 Reference value :  6.06878e-08
 Reference value :  6.07035e-08
 Reference value :  6.07516e-08
 Reference value :  6.08889e-08
No. of Data Rows : 5028
m_ui_ref            =  1.34680e-09 targ=  1.35080e-08 trig=  1.21612e-08
m_spa_in            =  5.38721e-09 targ=  1.75484e-08 trig=  1.21612e-08
m_spb_in            =  4.04040e-09 targ=  1.62016e-08 trig=  1.21612e-08
m_spa_c0            =  5.38721e-09 targ=  1.75573e-08 trig=  1.21701e-08
m_spb_c0            =  4.04053e-09 targ=  1.62107e-08 trig=  1.21701e-08
m_trise_c0          =  4.61901e-11 targ=  1.35364e-08 trig=  1.34902e-08
m_tfall_c0          =  4.47363e-11 targ=  1.48829e-08 trig=  1.48381e-08
m_spa_c1            =  5.38721e-09 targ=  1.75880e-08 trig=  1.22008e-08
m_spb_c1            =  4.04044e-09 targ=  1.62412e-08 trig=  1.22008e-08
m_trise_c1          =  1.20302e-10 targ=  1.36296e-08 trig=  1.35093e-08
m_tfall_c1          =  1.18557e-10 targ=  1.49749e-08 trig=  1.48563e-08
m_spa_c2            =  5.38721e-09 targ=  1.76180e-08 trig=  1.22308e-08
m_spb_c2            =  4.04053e-09 targ=  1.62714e-08 trig=  1.22308e-08
m_trise_c2          =  2.25223e-10 targ=  1.37435e-08 trig=  1.35183e-08
m_tfall_c2          =  2.22219e-10 targ=  1.50873e-08 trig=  1.48651e-08
m_spa_cmis          =  5.38720e-09 targ=  1.75980e-08 trig=  1.22108e-08
m_spb_cmis          =  4.04211e-09 targ=  1.62529e-08 trig=  1.22108e-08
m_dj_ui_c0 = 9.4297524282e-05
m_swing_c0 = 5.0721238717e-01
m_vpp_c0 = 6.1559061725e-01
m_vcm_c0 = 3.0456263606e+00
m_dj_ui_c1 = 2.6730006884e-05
m_swing_c1 = 5.0659432199e-01
m_vpp_c1 = 5.1074306864e-01
m_vcm_c1 = 3.0458434692e+00
m_dj_ui_c2 = 9.3555024091e-05
m_swing_c2 = 5.0602127755e-01
m_vpp_c2 = 5.0878842255e-01
m_vcm_c2 = 3.0464712294e+00
m_dj_ui_cmis = 1.2644778256e-03
m_swing_cmis = 5.0586894207e-01
m_swing_avcclo = 5.0619281518e-01
m_vcm_avcclo = 2.7160518697e+00
m_swing_avcchi = 5.0697375880e-01
m_vcm_avcchi = 3.3756477797e+00
m_vgs_sw_max = 1.3368992369e+00
m_vgd_sw_max = 1.9965005682e+00
m_vds_sw_max = 2.5118952471e+00
m_vgs_tail_max = 1.0074002598e+00
m_vds_tail_max = 1.2717143505e+00
m_swing_dc = 5.0631487378e-01
m_vcm_dc = 3.0468424742e+00
m_ioff_dc = 1.7784255935e-09
m_itail_dc = 1.0126301032e-02
m_icell_dc = 1.0626301039e-02
m_ro_leg = 4.4157290242e+04
Note: Simulation executed from .control section 

Warning: m=xx on .subckt line will override multiplier m hierarchy!

Warning: diode_nd2ps_06v0: IKR too small - model effect disabled!
