
Note: Compatibility modes selected: hs a


Circuit: * cml-driver-eye-mask @ fs_125c_2.97v_742p5mbps -- generated by sim/harness, do not edit

Doing analysis at TEMP = 125.000000 and TNOM = 27.000000

Using SPARSE 1.3 as Direct Linear Solver

Initial Transient Solution
--------------------------

Node                                   Voltage
----                                   -------
avcc                                       3.3
inp                                     2.5245
inn                                     1.6335
inref                                    0.891
comb1_0                                      0
comb0_0                                      0
comb1_1                                      0
comb0_1                                      0
comb1_2                                      0
comb0_2                                      0
comb1_3                                      0
comb0_3                                      0
comb1_4                                      0
comb0_4                                      0
comb1_5                                      0
comb0_5                                      0
comb1_6                                      0
comb0_6                                      0
comb1_7                                      0
comb0_7                                      0
xc0.xcore.tail__t186                   1.15591
xc0.xcore.ibias__t118                  1.02196
xc0.xcore.vss__t163                5.33484e-06
xc0.xcore.vss__t349                1.27769e-13
xc0.xcore.vss__t60                 5.13852e-06
xc0.xcore.ibias__t117                  1.02196
xc0.xcore.tail__t286                   1.15591
xc0.xcore.vss__t350                1.23067e-13
xc0.xcore.tail__t197                   1.15591
xc0.xcore.ibias__t140                  1.02196
xc0.xcore.vss__t174                4.94262e-06
xc0.xcore.vss__t351                1.18375e-13
xc0.xcore.vss__t68                 4.74717e-06
xc0.xcore.ibias__t133                  1.02196
xc0.xcore.tail__t294                   1.15591
xc0.xcore.vss__t352                1.13694e-13
xc0.xcore.tail__t193                   1.15591
xc0.xcore.ibias__t132                  1.02196
xc0.xcore.vss__t170                4.55225e-06
xc0.xcore.vss__t353                1.09025e-13
xc0.xcore.vss__t67                 4.35791e-06
xc0.xcore.ibias__t131                  1.02196
xc0.xcore.tail__t293                   1.15591
xc0.xcore.vss__t354                1.04371e-13
xc0.xcore.tail__t192                   1.15591
xc0.xcore.ibias__t130                  1.02196
xc0.xcore.vss__t169                4.16424e-06
xc0.xcore.vss__t355                9.97325e-14
xc0.xcore.vss__t74                 3.97135e-06
xc0.xcore.ibias__t145                  1.02196
xc0.xcore.tail__t300                   1.15591
xc0.xcore.vss__t356                9.51127e-14
xc0.xcore.tail__t191                   1.15591
xc0.xcore.ibias__t128                  1.02196
xc0.xcore.vss__t168                3.77934e-06
xc0.xcore.vss__t357                 9.0514e-14
xc0.xcore.vss__t65                 3.58836e-06
xc0.xcore.ibias__t127                  1.02196
xc0.xcore.tail__t291                   1.15591
xc0.xcore.vss__t358                8.59401e-14
xc0.xcore.tail__t190                   1.15591
xc0.xcore.ibias__t126                  1.02196
xc0.xcore.vss__t167                3.39859e-06
xc0.xcore.vss__t359                 8.1395e-14
xc0.xcore.vss__t64                 3.21024e-06
xc0.xcore.ibias__t125                  1.02196
xc0.xcore.tail__t290                   1.15591
xc0.xcore.vss__t360                7.68839e-14
xc0.xcore.tail__t189                   1.15591
xc0.xcore.ibias__t124                  1.02196
xc0.xcore.vss__t166                3.02356e-06
xc0.xcore.vss__t361                7.24132e-14
xc0.xcore.vss__t63                 2.83891e-06
xc0.xcore.ibias__t123                  1.02196
xc0.xcore.tail__t289                   1.15591
xc0.xcore.vss__t362                6.79907e-14
xc0.xcore.tail__t188                   1.15591
xc0.xcore.ibias__t122                  1.02196
xc0.xcore.vss__t165                2.65669e-06
xc0.xcore.vss__t363                6.36265e-14
xc0.xcore.vss__t62                 2.47744e-06
xc0.xcore.ibias__t121                  1.02196
xc0.xcore.tail__t288                   1.15591
xc0.xcore.vss__t364                5.93335e-14
xc0.xcore.tail__t187                   1.15592
xc0.xcore.ibias__t120                  1.02196
xc0.xcore.vss__t164                2.30186e-06
xc0.xcore.vss__t365                5.51284e-14
xc0.xcore.vss__t26                 2.13086e-06
xc0.xcore.ibias__t0                    1.02196
xc0.xcore.tail__t252                   1.15592
xc0.xcore.vss__t366                5.10329e-14
xc0.xcore.tail__t175                   1.15592
xc0.xcore.ibias__t97                   1.02196
xc0.xcore.vss__t152                1.96562e-06
xc0.xcore.vss__t367                4.70756e-14
xc0.xcore.vss__t42                 1.80774e-06
xc0.xcore.ibias__t78                   1.02196
xc0.xcore.tail__t268                   1.15592
xc0.xcore.vss__t368                4.32943e-14
xc0.xcore.tail__t164                   1.15592
xc0.xcore.ibias__t77                   1.02196
xc0.xcore.vss__t141                1.65931e-06
xc0.xcore.vss__t369                3.97395e-14
xc0.xcore.vss__t37                 1.52309e-06
xc0.xcore.ibias__t70                   1.02196
xc0.xcore.tail__t263                   1.15592
xc0.xcore.vss__t370                3.64772e-14
xc0.xcore.tail__t167                   1.15592
xc0.xcore.ibias__t82                   1.02196
xc0.xcore.vss__t144                1.40266e-06
xc0.xcore.vss__t371                 3.3593e-14
xc0.xcore.vss__t39                  1.3024e-06
xc0.xcore.ibias__t72                   1.02196
xc0.xcore.tail__t265                   1.15592
xc0.xcore.vss__t372                3.11918e-14
xc0.xcore.tail__t162                   1.15592
xc0.xcore.ibias__t73                   1.02196
xc0.xcore.vss__t139                1.22726e-06
xc0.xcore.vss__t373                2.93922e-14
xc0.xcore.vss__t40                 1.18205e-06
xc0.xcore.ibias__t74                   1.02196
xc0.xcore.tail__t266                   1.15592
xc0.xcore.vss__t374                2.83093e-14
xc0.xcore.tail__t163                   1.15592
xc0.xcore.ibias__t75                   1.02196
xc0.xcore.vss__t140                1.17023e-06
xc0.xcore.vss__t375                2.80262e-14
xc0.xcore.vss__t41                 1.19279e-06
xc0.xcore.ibias__t76                   1.02196
xc0.xcore.tail__t267                   1.15592
xc0.xcore.vss__t376                2.85667e-14
xc0.xcore.tail__t129                   1.15592
xc0.xcore.ibias__t9                    1.02196
xc0.xcore.vss__t107                1.24789e-06
xc0.xcore.vss__t377                2.98862e-14
xc0.xcore.vss__t6                  1.33147e-06
xc0.xcore.ibias__t8                    1.02196
xc0.xcore.tail__t232                   1.15592
xc0.xcore.vss__t378                 3.1888e-14
xc0.xcore.tail__t128                   1.15592
xc0.xcore.ibias__t7                    1.02196
xc0.xcore.vss__t106                1.43859e-06
xc0.xcore.vss__t379                3.44536e-14
xc0.xcore.vss__t5                  1.56442e-06
xc0.xcore.ibias__t6                    1.02196
xc0.xcore.tail__t231                   1.15592
xc0.xcore.vss__t380                3.74672e-14
xc0.xcore.tail__t141                   1.15592
xc0.xcore.ibias__t31                   1.02196
xc0.xcore.vss__t119                1.70482e-06
xc0.xcore.vss__t381                4.08297e-14
xc0.xcore.vss__t4                  1.85649e-06
xc0.xcore.ibias__t5                    1.02196
xc0.xcore.tail__t230                   1.15592
xc0.xcore.vss__t382                4.44621e-14
xc0.xcore.tail__t158                   1.15592
xc0.xcore.ibias__t62                   1.02196
xc0.xcore.vss__t135                2.01689e-06
xc0.xcore.vss__t383                4.83036e-14
xc0.xcore.vss__t33                 2.18409e-06
xc0.xcore.ibias__t63                   1.02196
xc0.xcore.tail__t259                   1.15592
xc0.xcore.vss__t384                 5.2308e-14
xc0.xcore.tail__t159                   1.15592
xc0.xcore.ibias__t64                   1.02196
xc0.xcore.vss__t136                2.35664e-06
xc0.xcore.vss__t385                5.64408e-14
xc0.xcore.vss__t34                 2.53346e-06
xc0.xcore.ibias__t65                   1.02196
xc0.xcore.tail__t260                   1.15592
xc0.xcore.vss__t386                6.06757e-14
xc0.xcore.tail__t160                   1.15592
xc0.xcore.ibias__t66                   1.02196
xc0.xcore.vss__t137                2.71371e-06
xc0.xcore.vss__t387                6.49927e-14
xc0.xcore.vss__t35                 2.89675e-06
xc0.xcore.ibias__t67                   1.02196
xc0.xcore.tail__t261                   1.15592
xc0.xcore.vss__t388                6.93765e-14
xc0.xcore.tail__t161                   1.15592
xc0.xcore.ibias__t68                   1.02196
xc0.xcore.vss__t138                3.08208e-06
xc0.xcore.vss__t389                7.38152e-14
xc0.xcore.vss__t36                 3.26932e-06
xc0.xcore.ibias__t69                   1.02196
xc0.xcore.tail__t262                   1.15592
xc0.xcore.vss__t390                7.82995e-14
xc0.xcore.tail__t130                   1.15592
xc0.xcore.ibias__t10                   1.02196
xc0.xcore.vss__t108                3.45814e-06
xc0.xcore.vss__t391                 8.2822e-14
xc0.xcore.vss__t13                 3.64832e-06
xc0.xcore.ibias__t23                   1.02196
xc0.xcore.tail__t239                   1.15592
xc0.xcore.vss__t392                8.73768e-14
xc0.xcore.tail__t137                   1.15592
xc0.xcore.ibias__t24                   1.02196
xc0.xcore.vss__t115                3.83964e-06
xc0.xcore.vss__t393                 9.1959e-14
xc0.xcore.vss__t14                 4.03194e-06
xc0.xcore.ibias__t25                   1.02196
xc0.xcore.tail__t240                   1.15592
xc0.xcore.vss__t394                9.65647e-14
xc0.xcore.tail__t138                   1.15592
xc0.xcore.ibias__t26                   1.02196
xc0.xcore.vss__t116                4.22509e-06
xc0.xcore.vss__t395                1.01191e-13
xc0.xcore.vss__t15                 4.41897e-06
xc0.xcore.ibias__t27                   1.02196
xc0.xcore.tail__t241                   1.15593
xc0.xcore.vss__t396                1.05835e-13
xc0.xcore.tail__t139                   1.15593
xc0.xcore.ibias__t28                   1.02196
xc0.xcore.vss__t117                 4.6135e-06
xc0.xcore.vss__t397                1.10494e-13
xc0.xcore.vss__t16                  4.8086e-06
xc0.xcore.ibias__t29                   1.02196
xc0.xcore.tail__t242                   1.15593
xc0.xcore.vss__t398                1.15166e-13
xc0.xcore.tail__t140                   1.15593
xc0.xcore.ibias__t30                   1.02196
xc0.xcore.vss__t118                 5.0042e-06
xc0.xcore.vss__t399                1.19851e-13
xc0.xcore.vss__t21                 5.20024e-06
xc0.xcore.ibias__t41                   1.02196
xc0.xcore.tail__t247                   1.15593
xc0.xcore.vss__t400                1.24547e-13
xc0.xcore.tail__t142                   1.15593
xc0.xcore.ibias__t32                   1.02196
xc0.xcore.vss__t120                5.39667e-06
xc0.xcore.vss__t401                1.29251e-13
xc0.xcore.vss__t17                 5.59346e-06
xc0.xcore.ibias__t33                   1.02196
xc0.xcore.tail__t243                   1.15593
xc0.xcore.vss__t402                1.33965e-13
xc0.xcore.tail__t143                   1.15593
xc0.xcore.ibias__t34                   1.02196
xc0.xcore.vss__t121                5.79057e-06
xc0.xcore.vss__t403                1.38685e-13
xc0.xcore.vss__t18                 5.98796e-06
xc0.xcore.ibias__t35                   1.02196
xc0.xcore.tail__t244                   1.15592
xc0.xcore.vss__t404                1.43413e-13
xc0.xcore.tail__t144                   1.15592
xc0.xcore.ibias__t36                   1.02196
xc0.xcore.vss__t122                6.18561e-06
xc0.xcore.vss__t405                1.48147e-13
xc0.xcore.vss__t19                 6.38349e-06
xc0.xcore.ibias__t37                   1.02196
xc0.xcore.tail__t245                   1.15592
xc0.xcore.vss__t406                1.52887e-13
xc0.xcore.tail__t145                   1.15592
xc0.xcore.ibias__t38                   1.02196
xc0.xcore.vss__t123                6.58159e-06
xc0.xcore.vss__t407                1.57631e-13
xc0.xcore.vss__t20                 6.77988e-06
xc0.xcore.ibias__t39                   1.02196
xc0.xcore.tail__t246                   1.15592
xc0.xcore.vss__t408                1.62381e-13
xc0.xcore.tail__t146                   1.15592
xc0.xcore.ibias__t40                   1.02196
xc0.xcore.vss__t124                6.97835e-06
xc0.xcore.vss__t409                1.67134e-13
xc0.xcore.vss__t8                  7.17698e-06
xc0.xcore.ibias__t12                   1.02196
xc0.xcore.tail__t234                   1.15592
xc0.xcore.vss__t410                1.71892e-13
xc0.xcore.tail__t135                   1.15592
xc0.xcore.ibias__t21                   1.02196
xc0.xcore.vss__t113                7.37576e-06
xc0.xcore.vss__t411                1.76653e-13
xc0.xcore.vss__t9                  7.57468e-06
xc0.xcore.ibias__t13                   1.02196
xc0.xcore.tail__t235                   1.15592
xc0.xcore.vss__t412                1.81417e-13
xc0.xcore.tail__t131                   1.15592
xc0.xcore.ibias__t14                   1.02196
xc0.xcore.vss__t109                7.77373e-06
xc0.xcore.vss__t413                1.86185e-13
xc0.xcore.vss__t10                  7.9729e-06
xc0.xcore.ibias__t15                   1.02196
xc0.xcore.tail__t236                   1.15592
xc0.xcore.vss__t414                1.90955e-13
xc0.xcore.tail__t134                   1.15592
xc0.xcore.ibias__t20                   1.02196
xc0.xcore.vss__t112                8.17217e-06
xc0.xcore.vss__t415                1.95728e-13
xc0.xcore.vss__t12                 8.37155e-06
xc0.xcore.ibias__t19                   1.02196
xc0.xcore.tail__t238                   1.15592
xc0.xcore.vss__t416                2.00503e-13
xc0.xcore.tail__t133                   1.15592
xc0.xcore.ibias__t18                   1.02196
xc0.xcore.vss__t111                8.57102e-06
xc0.xcore.vss__t417                2.05281e-13
xc0.xcore.vss__t11                 8.77058e-06
xc0.xcore.ibias__t17                   1.02196
xc0.xcore.tail__t237                   1.15592
xc0.xcore.vss__t418                2.10061e-13
xc0.xcore.tail__t132                   1.15592
xc0.xcore.ibias__t16                   1.02196
xc0.xcore.vss__t110                8.97022e-06
xc0.xcore.vss__t419                2.14843e-13
xc0.xcore.vss__t7                  9.16994e-06
xc0.xcore.ibias__t11                   1.02196
xc0.xcore.tail__t233                   1.15592
xc0.xcore.vss__t420                2.19626e-13
xc0.xcore.tail__t136                   1.15592
xc0.xcore.ibias__t22                   1.02196
xc0.xcore.vss__t114                9.36973e-06
xc0.xcore.vss__t421                2.24411e-13
xc0.xcore.vss__t23                 9.56958e-06
xc0.xcore.ibias__t45                   1.02196
xc0.xcore.tail__t249                   1.15592
xc0.xcore.vss__t422                2.29198e-13
xc0.xcore.tail__t150                   1.15592
xc0.xcore.ibias__t46                   1.02196
xc0.xcore.vss__t127                 9.7695e-06
xc0.xcore.vss__t423                2.33987e-13
xc0.xcore.vss__t24                 9.96948e-06
xc0.xcore.ibias__t47                   1.02196
xc0.xcore.tail__t250                   1.15592
xc0.xcore.vss__t424                2.38777e-13
xc0.xcore.tail__t151                   1.15592
xc0.xcore.ibias__t48                   1.02196
xc0.xcore.vss__t128                1.01695e-05
xc0.xcore.vss__t425                2.43568e-13
xc0.xcore.vss__t25                 1.03696e-05
xc0.xcore.ibias__t49                   1.02196
xc0.xcore.tail__t251                   1.15592
xc0.xcore.vss__t426                 2.4836e-13
xc0.xcore.tail__t152                   1.15592
xc0.xcore.ibias__t50                   1.02196
xc0.xcore.vss__t129                1.05697e-05
xc0.xcore.vss__t427                2.53154e-13
xc0.xcore.vss__t32                 1.07699e-05
xc0.xcore.ibias__t61                   1.02196
xc0.xcore.tail__t258                   1.15592
xc0.xcore.vss__t428                2.57949e-13
xc0.xcore.tail__t153                   1.15592
xc0.xcore.ibias__t51                   1.02196
xc0.xcore.vss__t130                1.09701e-05
xc0.xcore.vss__t429                2.62745e-13
xc0.xcore.vss__t27                 1.11704e-05
xc0.xcore.ibias__t52                   1.02196
xc0.xcore.tail__t253                   1.15592
xc0.xcore.vss__t430                2.67542e-13
xc0.xcore.tail__t154                   1.15592
xc0.xcore.ibias__t53                   1.02196
xc0.xcore.vss__t131                1.13707e-05
xc0.xcore.vss__t431                2.72339e-13
xc0.xcore.vss__t28                 1.15711e-05
xc0.xcore.ibias__t54                   1.02196
xc0.xcore.tail__t254                   1.15592
xc0.xcore.vss__t432                2.77138e-13
xc0.xcore.tail__t155                   1.15592
xc0.xcore.ibias__t55                   1.02196
xc0.xcore.vss__t132                1.17714e-05
xc0.xcore.vss__t433                2.81938e-13
xc0.xcore.vss__t29                 1.19719e-05
xc0.xcore.ibias__t56                   1.02196
xc0.xcore.tail__t255                   1.15592
xc0.xcore.vss__t434                2.86738e-13
xc0.xcore.tail__t156                   1.15591
xc0.xcore.ibias__t57                   1.02196
xc0.xcore.vss__t133                1.21723e-05
xc0.xcore.vss__t435                2.91539e-13
xc0.xcore.vss__t30                 1.23728e-05
xc0.xcore.ibias__t58                   1.02196
xc0.xcore.tail__t256                   1.15591
xc0.xcore.vss__t436                2.96341e-13
xc0.xcore.tail__t157                   1.15591
xc0.xcore.ibias__t59                   1.02196
xc0.xcore.vss__t134                1.25733e-05
xc0.xcore.vss__t437                3.01144e-13
xc0.xcore.vss__t31                 1.27738e-05
xc0.xcore.ibias__t60                   1.02196
xc0.xcore.tail__t257                   1.15591
xc0.xcore.vss__t438                3.05947e-13
xc0.xcore.tail__t211                   1.15591
xc0.xcore.ibias__t176                  1.02196
xc0.xcore.vss__t193                1.29744e-05
xc0.xcore.vss__t439                3.10751e-13
xc0.xcore.vss__t88                  1.3175e-05
xc0.xcore.ibias__t175                  1.02196
xc0.xcore.tail__t311                   1.15591
xc0.xcore.vss__t440                3.15556e-13
xc0.xcore.tail__t165                   1.15591
xc0.xcore.ibias__t79                   1.02196
xc0.xcore.vss__t142                1.33756e-05
xc0.xcore.vss__t441                3.20361e-13
xc0.xcore.vss__t43                 1.35762e-05
xc0.xcore.ibias__t80                   1.02196
xc0.xcore.tail__t269                   1.15591
xc0.xcore.vss__t442                3.25167e-13
xc0.xcore.tail__t166                   1.15591
xc0.xcore.ibias__t81                   1.02196
xc0.xcore.vss__t143                1.37769e-05
xc0.xcore.vss__t443                3.29973e-13
xc0.xcore.vss__t38                 1.39775e-05
xc0.xcore.ibias__t71                   1.02196
xc0.xcore.tail__t264                   1.15591
xc0.xcore.vss__t444                 3.3478e-13
xc0.xcore.tail__t147                   1.15591
xc0.xcore.ibias__t42                   1.02196
xc0.xcore.vss__t125                1.41782e-05
xc0.xcore.vss__t445                3.39587e-13
xc0.xcore.vss__t22                 1.43789e-05
xc0.xcore.ibias__t43                   1.02196
xc0.xcore.tail__t248                   1.15591
xc0.xcore.vss__t446                3.44395e-13
xc0.xcore.tail__t148                   1.15591
xc0.xcore.ibias__t44                   1.02196
xc0.xcore.vss__t126                1.45797e-05
xc0.xcore.vss__t447                3.49203e-13
xc0.xcore.vss__t0                  1.47804e-05
xc0.xcore.ibias__t1                    1.02196
xc0.xcore.tail__t149                   1.15591
xc0.xcore.vss__t456                3.54032e-13
xc0.xcore.tail__t229                   1.15588
xc0.xcore.ibias__t2                    1.02196
xc0.xcore.vss__t1                  2.53708e-05
xc0.xcore.vss__t458                6.07752e-13
xc0.xcore.vss__t189                2.51696e-05
xc0.xcore.ibias__t170                  1.02196
xc0.xcore.tail__t228                   1.15588
xc0.xcore.vss__t250                6.02872e-13
xc0.xcore.tail__t209                   1.15588
xc0.xcore.ibias__t169                  1.02196
xc0.xcore.vss__t188                2.49685e-05
xc0.xcore.vss__t251                5.98053e-13
xc0.xcore.vss__t86                 2.47673e-05
xc0.xcore.ibias__t168                  1.02196
xc0.xcore.tail__t309                   1.15588
xc0.xcore.vss__t252                5.93235e-13
xc0.xcore.tail__t208                   1.15588
xc0.xcore.ibias__t167                  1.02196
xc0.xcore.vss__t187                2.45662e-05
xc0.xcore.vss__t253                5.88416e-13
xc0.xcore.vss__t85                  2.4365e-05
xc0.xcore.ibias__t166                  1.02196
xc0.xcore.tail__t308                   1.15588
xc0.xcore.vss__t254                5.83598e-13
xc0.xcore.tail__t207                   1.15588
xc0.xcore.ibias__t165                  1.02196
xc0.xcore.vss__t186                2.41639e-05
xc0.xcore.vss__t255                 5.7878e-13
xc0.xcore.vss__t84                 2.39628e-05
xc0.xcore.ibias__t164                  1.02196
xc0.xcore.tail__t307                   1.15588
xc0.xcore.vss__t256                5.73961e-13
xc0.xcore.tail__t210                   1.15588
xc0.xcore.ibias__t173                  1.02196
xc0.xcore.vss__t191                2.37616e-05
xc0.xcore.vss__t257                5.69143e-13
xc0.xcore.vss__t87                 2.35605e-05
xc0.xcore.ibias__t172                  1.02196
xc0.xcore.tail__t310                   1.15588
xc0.xcore.vss__t258                5.64325e-13
xc0.xcore.tail__t219                   1.15588
xc0.xcore.ibias__t195                  1.02196
xc0.xcore.vss__t201                2.33594e-05
xc0.xcore.vss__t259                5.59507e-13
xc0.xcore.vss__t99                 2.31583e-05
xc0.xcore.ibias__t194                  1.02196
xc0.xcore.tail__t321                   1.15588
xc0.xcore.vss__t260                 5.5469e-13
xc0.xcore.tail__t227                   1.15588
xc0.xcore.ibias__t209                  1.02196
xc0.xcore.vss__t209                2.29572e-05
xc0.xcore.vss__t261                5.49872e-13
xc0.xcore.vss__t97                  2.2756e-05
xc0.xcore.ibias__t192                  1.02196
xc0.xcore.tail__t319                   1.15588
xc0.xcore.vss__t262                5.45054e-13
xc0.xcore.tail__t218                   1.15588
xc0.xcore.ibias__t191                  1.02196
xc0.xcore.vss__t200                2.25549e-05
xc0.xcore.vss__t263                5.40237e-13
xc0.xcore.vss__t96                 2.23538e-05
xc0.xcore.ibias__t190                  1.02196
xc0.xcore.tail__t318                   1.15588
xc0.xcore.vss__t264                 5.3542e-13
xc0.xcore.tail__t217                   1.15588
xc0.xcore.ibias__t189                  1.02196
xc0.xcore.vss__t199                2.21527e-05
xc0.xcore.vss__t265                5.30602e-13
xc0.xcore.vss__t95                 2.19516e-05
xc0.xcore.ibias__t188                  1.02196
xc0.xcore.tail__t317                   1.15588
xc0.xcore.vss__t266                5.25785e-13
xc0.xcore.tail__t216                   1.15588
xc0.xcore.ibias__t187                  1.02196
xc0.xcore.vss__t198                2.17506e-05
xc0.xcore.vss__t267                5.20968e-13
xc0.xcore.vss__t94                 2.15495e-05
xc0.xcore.ibias__t186                  1.02196
xc0.xcore.tail__t316                   1.15588
xc0.xcore.vss__t268                5.16151e-13
xc0.xcore.tail__t215                   1.15588
xc0.xcore.ibias__t185                  1.02196
xc0.xcore.vss__t197                2.13484e-05
xc0.xcore.vss__t269                5.11335e-13
xc0.xcore.vss__t93                 2.11473e-05
xc0.xcore.ibias__t184                  1.02196
xc0.xcore.tail__t315                   1.15588
xc0.xcore.vss__t270                5.06518e-13
xc0.xcore.tail__t214                   1.15588
xc0.xcore.ibias__t183                  1.02196
xc0.xcore.vss__t196                2.09463e-05
xc0.xcore.vss__t271                5.01702e-13
xc0.xcore.vss__t92                 2.07452e-05
xc0.xcore.ibias__t182                  1.02196
xc0.xcore.tail__t314                   1.15588
xc0.xcore.vss__t272                4.96885e-13
xc0.xcore.tail__t213                   1.15588
xc0.xcore.ibias__t181                  1.02196
xc0.xcore.vss__t195                2.05442e-05
xc0.xcore.vss__t273                4.92069e-13
xc0.xcore.vss__t91                 2.03431e-05
xc0.xcore.ibias__t180                  1.02196
xc0.xcore.tail__t313                   1.15589
xc0.xcore.vss__t274                4.87253e-13
xc0.xcore.tail__t212                   1.15589
xc0.xcore.ibias__t179                  1.02196
xc0.xcore.vss__t194                2.01421e-05
xc0.xcore.vss__t275                4.82437e-13
xc0.xcore.vss__t90                  1.9941e-05
xc0.xcore.ibias__t178                  1.02196
xc0.xcore.tail__t312                   1.15589
xc0.xcore.vss__t276                4.77622e-13
xc0.xcore.tail__t206                   1.15589
xc0.xcore.ibias__t161                  1.02196
xc0.xcore.vss__t184                  1.974e-05
xc0.xcore.vss__t277                4.72806e-13
xc0.xcore.vss__t57                  1.9539e-05
xc0.xcore.ibias__t112                  1.02196
xc0.xcore.tail__t283                   1.15589
xc0.xcore.vss__t278                4.67991e-13
xc0.xcore.tail__t183                   1.15589
xc0.xcore.ibias__t111                  1.02196
xc0.xcore.vss__t160                 1.9338e-05
xc0.xcore.vss__t279                4.63176e-13
xc0.xcore.vss__t56                 1.91369e-05
xc0.xcore.ibias__t110                  1.02196
xc0.xcore.tail__t282                   1.15589
xc0.xcore.vss__t280                4.58361e-13
xc0.xcore.tail__t182                   1.15589
xc0.xcore.ibias__t109                  1.02196
xc0.xcore.vss__t159                1.89359e-05
xc0.xcore.vss__t281                4.53546e-13
xc0.xcore.vss__t55                  1.8735e-05
xc0.xcore.ibias__t108                  1.02196
xc0.xcore.tail__t281                   1.15589
xc0.xcore.vss__t282                4.48732e-13
xc0.xcore.tail__t181                   1.15589
xc0.xcore.ibias__t107                  1.02196
xc0.xcore.vss__t158                 1.8534e-05
xc0.xcore.vss__t283                4.43917e-13
xc0.xcore.vss__t54                  1.8333e-05
xc0.xcore.ibias__t106                  1.02196
xc0.xcore.tail__t280                   1.15589
xc0.xcore.vss__t284                4.39103e-13
xc0.xcore.tail__t180                   1.15589
xc0.xcore.ibias__t105                  1.02196
xc0.xcore.vss__t157                 1.8132e-05
xc0.xcore.vss__t285                4.34289e-13
xc0.xcore.vss__t53                 1.79311e-05
xc0.xcore.ibias__t104                  1.02196
xc0.xcore.tail__t279                   1.15589
xc0.xcore.vss__t286                4.29475e-13
xc0.xcore.tail__t205                   1.15589
xc0.xcore.ibias__t156                  1.02196
xc0.xcore.vss__t182                1.77301e-05
xc0.xcore.vss__t287                4.24662e-13
xc0.xcore.vss__t79                 1.75292e-05
xc0.xcore.ibias__t155                  1.02196
xc0.xcore.tail__t305                   1.15589
xc0.xcore.vss__t288                4.19849e-13
xc0.xcore.tail__t204                   1.15589
xc0.xcore.ibias__t154                  1.02196
xc0.xcore.vss__t181                1.73283e-05
xc0.xcore.vss__t289                4.15036e-13
xc0.xcore.vss__t78                 1.71273e-05
xc0.xcore.ibias__t153                  1.02196
xc0.xcore.tail__t304                   1.15589
xc0.xcore.vss__t290                4.10223e-13
xc0.xcore.tail__t203                   1.15589
xc0.xcore.ibias__t152                  1.02196
xc0.xcore.vss__t180                1.69264e-05
xc0.xcore.vss__t291                 4.0541e-13
xc0.xcore.vss__t77                 1.67255e-05
xc0.xcore.ibias__t151                  1.02196
xc0.xcore.tail__t303                   1.15589
xc0.xcore.vss__t292                4.00598e-13
xc0.xcore.tail__t202                   1.15589
xc0.xcore.ibias__t150                  1.02196
xc0.xcore.vss__t179                1.65246e-05
xc0.xcore.vss__t293                3.95786e-13
xc0.xcore.vss__t76                 1.63238e-05
xc0.xcore.ibias__t149                  1.02196
xc0.xcore.tail__t302                   1.15589
xc0.xcore.vss__t294                3.90975e-13
xc0.xcore.tail__t201                   1.15589
xc0.xcore.ibias__t148                  1.02196
xc0.xcore.vss__t178                1.61229e-05
xc0.xcore.vss__t295                3.86163e-13
xc0.xcore.vss__t75                 1.59221e-05
xc0.xcore.ibias__t147                  1.02196
xc0.xcore.tail__t301                   1.15589
xc0.xcore.vss__t296                3.81352e-13
xc0.xcore.tail__t200                   1.15589
xc0.xcore.ibias__t146                  1.02196
xc0.xcore.vss__t177                1.57212e-05
xc0.xcore.vss__t297                3.76542e-13
xc0.xcore.vss__t98                 1.55204e-05
xc0.xcore.ibias__t193                  1.02196
xc0.xcore.tail__t320                   1.15589
xc0.xcore.vss__t298                3.71732e-13
xc0.xcore.tail__t226                   1.15589
xc0.xcore.ibias__t208                  1.02196
xc0.xcore.vss__t208                1.53196e-05
xc0.xcore.vss__t299                3.66922e-13
xc0.xcore.vss__t105                1.51188e-05
xc0.xcore.ibias__t207                  1.02196
xc0.xcore.tail__t327                   1.15589
xc0.xcore.vss__t300                3.62112e-13
xc0.xcore.tail__t225                   1.15589
xc0.xcore.ibias__t206                  1.02196
xc0.xcore.vss__t207                 1.4918e-05
xc0.xcore.vss__t301                3.57303e-13
xc0.xcore.vss__t104                1.47173e-05
xc0.xcore.ibias__t205                  1.02196
xc0.xcore.tail__t326                   1.15589
xc0.xcore.vss__t302                3.52494e-13
xc0.xcore.tail__t224                   1.15589
xc0.xcore.ibias__t204                  1.02196
xc0.xcore.vss__t206                1.45165e-05
xc0.xcore.vss__t303                3.47686e-13
xc0.xcore.vss__t103                1.43158e-05
xc0.xcore.ibias__t203                  1.02196
xc0.xcore.tail__t325                    1.1559
xc0.xcore.vss__t304                3.42878e-13
xc0.xcore.tail__t223                    1.1559
xc0.xcore.ibias__t202                  1.02196
xc0.xcore.vss__t205                1.41151e-05
xc0.xcore.vss__t305                 3.3807e-13
xc0.xcore.vss__t102                1.39144e-05
xc0.xcore.ibias__t201                  1.02196
xc0.xcore.tail__t324                    1.1559
xc0.xcore.vss__t306                3.33263e-13
xc0.xcore.tail__t222                    1.1559
xc0.xcore.ibias__t200                  1.02196
xc0.xcore.vss__t204                1.37137e-05
xc0.xcore.vss__t307                3.28457e-13
xc0.xcore.vss__t101                1.35131e-05
xc0.xcore.ibias__t199                  1.02196
xc0.xcore.tail__t323                    1.1559
xc0.xcore.vss__t308                3.23651e-13
xc0.xcore.tail__t221                    1.1559
xc0.xcore.ibias__t198                  1.02196
xc0.xcore.vss__t203                1.33125e-05
xc0.xcore.vss__t309                3.18845e-13
xc0.xcore.vss__t100                1.31119e-05
xc0.xcore.ibias__t197                  1.02196
xc0.xcore.tail__t322                    1.1559
xc0.xcore.vss__t310                 3.1404e-13
xc0.xcore.tail__t220                    1.1559
xc0.xcore.ibias__t196                  1.02196
xc0.xcore.vss__t202                1.29113e-05
xc0.xcore.vss__t311                3.09236e-13
xc0.xcore.vss__t80                 1.27107e-05
xc0.xcore.ibias__t157                  1.02196
xc0.xcore.tail__t306                    1.1559
xc0.xcore.vss__t312                3.04432e-13
xc0.xcore.tail__t185                    1.1559
xc0.xcore.ibias__t116                  1.02196
xc0.xcore.vss__t162                1.25102e-05
xc0.xcore.vss__t313                2.99629e-13
xc0.xcore.vss__t59                 1.23097e-05
xc0.xcore.ibias__t115                  1.02196
xc0.xcore.tail__t285                    1.1559
xc0.xcore.vss__t314                2.94827e-13
xc0.xcore.tail__t184                    1.1559
xc0.xcore.ibias__t114                  1.02196
xc0.xcore.vss__t161                1.21092e-05
xc0.xcore.vss__t315                2.90025e-13
xc0.xcore.vss__t71                 1.19088e-05
xc0.xcore.ibias__t139                  1.02196
xc0.xcore.tail__t297                    1.1559
xc0.xcore.vss__t316                2.85224e-13
xc0.xcore.tail__t196                    1.1559
xc0.xcore.ibias__t138                  1.02196
xc0.xcore.vss__t173                1.17084e-05
xc0.xcore.vss__t317                2.80424e-13
xc0.xcore.vss__t70                  1.1508e-05
xc0.xcore.ibias__t137                  1.02196
xc0.xcore.tail__t296                    1.1559
xc0.xcore.vss__t318                2.75625e-13
xc0.xcore.tail__t195                    1.1559
xc0.xcore.ibias__t136                  1.02196
xc0.xcore.vss__t172                1.13077e-05
xc0.xcore.vss__t319                2.70827e-13
xc0.xcore.vss__t69                 1.11074e-05
xc0.xcore.ibias__t135                  1.02196
xc0.xcore.tail__t295                    1.1559
xc0.xcore.vss__t320                2.66029e-13
xc0.xcore.tail__t194                    1.1559
xc0.xcore.ibias__t134                  1.02196
xc0.xcore.vss__t171                1.09072e-05
xc0.xcore.vss__t321                2.61233e-13
xc0.xcore.vss__t61                 1.07069e-05
xc0.xcore.ibias__t119                  1.02196
xc0.xcore.tail__t287                    1.1559
xc0.xcore.vss__t322                2.56437e-13
xc0.xcore.tail__t179                    1.1559
xc0.xcore.ibias__t103                  1.02196
xc0.xcore.vss__t156                1.05068e-05
xc0.xcore.vss__t323                2.51643e-13
xc0.xcore.vss__t48                 1.03066e-05
xc0.xcore.ibias__t92                   1.02196
xc0.xcore.tail__t274                    1.1559
xc0.xcore.vss__t324                2.46849e-13
xc0.xcore.tail__t178                    1.1559
xc0.xcore.ibias__t102                  1.02196
xc0.xcore.vss__t155                1.01066e-05
xc0.xcore.vss__t325                2.42057e-13
xc0.xcore.vss__t52                 9.90656e-06
xc0.xcore.ibias__t101                  1.02196
xc0.xcore.tail__t278                    1.1559
xc0.xcore.vss__t326                2.37267e-13
xc0.xcore.tail__t177                    1.1559
xc0.xcore.ibias__t100                  1.02196
xc0.xcore.vss__t154                 9.7066e-06
xc0.xcore.vss__t327                2.32477e-13
xc0.xcore.vss__t51                  9.5067e-06
xc0.xcore.ibias__t99                   1.02196
xc0.xcore.tail__t277                    1.1559
xc0.xcore.vss__t328                2.27689e-13
xc0.xcore.tail__t176                    1.1559
xc0.xcore.ibias__t98                   1.02196
xc0.xcore.vss__t153                9.30687e-06
xc0.xcore.vss__t329                2.22903e-13
xc0.xcore.vss__t58                  9.1071e-06
xc0.xcore.ibias__t113                  1.02196
xc0.xcore.tail__t284                    1.1559
xc0.xcore.vss__t330                2.18118e-13
xc0.xcore.tail__t174                    1.1559
xc0.xcore.ibias__t96                   1.02196
xc0.xcore.vss__t151                8.90741e-06
xc0.xcore.vss__t331                2.13335e-13
xc0.xcore.vss__t50                 8.70779e-06
xc0.xcore.ibias__t95                   1.02196
xc0.xcore.tail__t276                    1.1559
xc0.xcore.vss__t332                2.08554e-13
xc0.xcore.tail__t173                    1.1559
xc0.xcore.ibias__t94                   1.02196
xc0.xcore.vss__t150                8.50826e-06
xc0.xcore.vss__t333                2.03775e-13
xc0.xcore.vss__t49                 8.30882e-06
xc0.xcore.ibias__t93                   1.02196
xc0.xcore.tail__t275                    1.1559
xc0.xcore.vss__t334                1.98998e-13
xc0.xcore.tail__t172                   1.15591
xc0.xcore.ibias__t91                   1.02196
xc0.xcore.vss__t149                8.10947e-06
xc0.xcore.vss__t335                1.94224e-13
xc0.xcore.vss__t47                 7.91023e-06
xc0.xcore.ibias__t90                   1.02196
xc0.xcore.tail__t273                   1.15591
xc0.xcore.vss__t336                1.89452e-13
xc0.xcore.tail__t171                   1.15591
xc0.xcore.ibias__t89                   1.02196
xc0.xcore.vss__t148                 7.7111e-06
xc0.xcore.vss__t337                1.84682e-13
xc0.xcore.vss__t46                 7.51209e-06
xc0.xcore.ibias__t88                   1.02196
xc0.xcore.tail__t272                   1.15591
xc0.xcore.vss__t338                1.79916e-13
xc0.xcore.tail__t170                   1.15591
xc0.xcore.ibias__t87                   1.02196
xc0.xcore.vss__t147                7.31322e-06
xc0.xcore.vss__t339                1.75152e-13
xc0.xcore.vss__t45                 7.11448e-06
xc0.xcore.ibias__t86                   1.02196
xc0.xcore.tail__t271                   1.15591
xc0.xcore.vss__t340                1.70393e-13
xc0.xcore.tail__t169                   1.15591
xc0.xcore.ibias__t85                   1.02196
xc0.xcore.vss__t146                 6.9159e-06
xc0.xcore.vss__t341                1.65636e-13
xc0.xcore.vss__t44                 6.71748e-06
xc0.xcore.ibias__t84                   1.02196
xc0.xcore.tail__t270                   1.15591
xc0.xcore.vss__t342                1.60884e-13
xc0.xcore.tail__t168                   1.15591
xc0.xcore.ibias__t83                   1.02196
xc0.xcore.vss__t145                6.51925e-06
xc0.xcore.vss__t343                1.56136e-13
xc0.xcore.vss__t66                 6.32122e-06
xc0.xcore.ibias__t129                  1.02196
xc0.xcore.tail__t292                   1.15591
xc0.xcore.vss__t344                1.51393e-13
xc0.xcore.tail__t199                   1.15591
xc0.xcore.ibias__t144                  1.02196
xc0.xcore.vss__t176                 6.1234e-06
xc0.xcore.vss__t345                1.46655e-13
xc0.xcore.vss__t73                 5.92583e-06
xc0.xcore.ibias__t143                  1.02196
xc0.xcore.tail__t299                   1.15591
xc0.xcore.vss__t346                1.41923e-13
xc0.xcore.tail__t198                   1.15591
xc0.xcore.ibias__t142                  1.02196
xc0.xcore.vss__t175                5.72853e-06
xc0.xcore.vss__t347                1.37198e-13
xc0.xcore.vss__t72                 5.53152e-06
xc0.xcore.ibias__t141                  1.02196
xc0.xcore.tail__t298                   1.15591
xc0.xcore.vss__t348                1.32479e-13
xc0.xcore.outp__t53                    2.79775
xc0.xcore.inp__t1                       2.5245
xc0.xcore.tail__t0                     1.15598
xc0.xcore.vss__t460                2.20441e-12
xc0.xcore.tail__t119                   1.15598
xc0.xcore.inp__t53                      2.5245
xc0.xcore.outp__t52                    2.79775
xc0.xcore.vss__t462                2.17184e-12
xc0.xcore.outp__t46                    2.79775
xc0.xcore.inp__t52                      2.5245
xc0.xcore.tail__t118                   1.15598
xc0.xcore.vss__t463                2.19218e-12
xc0.xcore.tail__t58                    1.15599
xc0.xcore.inp__t61                      2.5245
xc0.xcore.outp__t82                    2.79775
xc0.xcore.vss__t464                2.21252e-12
xc0.xcore.outp__t30                    2.79775
xc0.xcore.inp__t24                      2.5245
xc0.xcore.tail__t98                    1.15599
xc0.xcore.vss__t465                2.23286e-12
xc0.xcore.tail__t38                    1.15599
xc0.xcore.inp__t23                      2.5245
xc0.xcore.outp__t64                    2.79774
xc0.xcore.vss__t466                 2.2532e-12
xc0.xcore.outp__t29                    2.79774
xc0.xcore.inp__t22                      2.5245
xc0.xcore.tail__t97                    1.15599
xc0.xcore.vss__t467                2.27355e-12
xc0.xcore.tail__t37                    1.15599
xc0.xcore.inp__t21                      2.5245
xc0.xcore.outp__t63                    2.79774
xc0.xcore.vss__t468                2.29389e-12
xc0.xcore.outp__t28                    2.79774
xc0.xcore.inp__t20                      2.5245
xc0.xcore.tail__t96                    1.15599
xc0.xcore.vss__t469                2.31423e-12
xc0.xcore.tail__t36                    1.15599
xc0.xcore.inp__t19                      2.5245
xc0.xcore.outp__t62                    2.79774
xc0.xcore.vss__t470                2.33457e-12
xc0.xcore.outp__t27                    2.79774
xc0.xcore.inp__t18                      2.5245
xc0.xcore.tail__t95                    1.15599
xc0.xcore.vss__t471                2.35492e-12
xc0.xcore.tail__t35                    1.15599
xc0.xcore.inp__t17                      2.5245
xc0.xcore.outp__t61                    2.79773
xc0.xcore.vss__t472                2.37526e-12
xc0.xcore.outp__t26                    2.79773
xc0.xcore.inp__t16                      2.5245
xc0.xcore.tail__t94                    1.15599
xc0.xcore.vss__t473                 2.3956e-12
xc0.xcore.tail__t33                    1.15599
xc0.xcore.inp__t15                      2.5245
xc0.xcore.outp__t60                    2.79773
xc0.xcore.vss__t474                2.41595e-12
xc0.xcore.outp__t47                    2.79773
xc0.xcore.inp__t54                      2.5245
xc0.xcore.tail__t120                   1.15599
xc0.xcore.vss__t475                2.43629e-12
xc0.xcore.tail__t54                      1.156
xc0.xcore.inp__t55                      2.5245
xc0.xcore.outp__t78                    2.79773
xc0.xcore.vss__t476                2.45664e-12
xc0.xcore.outp__t51                    2.79773
xc0.xcore.inp__t63                      2.5245
xc0.xcore.tail__t126                     1.156
xc0.xcore.vss__t477                2.47698e-12
xc0.xcore.tail__t57                      1.156
xc0.xcore.inp__t60                      2.5245
xc0.xcore.outp__t81                    2.79772
xc0.xcore.vss__t478                2.49732e-12
xc0.xcore.outp__t49                    2.79772
xc0.xcore.inp__t59                      2.5245
xc0.xcore.tail__t122                     1.156
xc0.xcore.vss__t479                2.51767e-12
xc0.xcore.tail__t56                      1.156
xc0.xcore.inp__t58                      2.5245
xc0.xcore.outp__t80                    2.79772
xc0.xcore.vss__t480                2.53801e-12
xc0.xcore.outp__t48                    2.79772
xc0.xcore.inp__t57                      2.5245
xc0.xcore.tail__t121                     1.156
xc0.xcore.vss__t481                2.55835e-12
xc0.xcore.tail__t55                      1.156
xc0.xcore.inp__t56                      2.5245
xc0.xcore.outp__t79                    2.79772
xc0.xcore.vss__t482                 2.5787e-12
xc0.xcore.outp__t24                    2.79772
xc0.xcore.inp__t11                      2.5245
xc0.xcore.tail__t92                      1.156
xc0.xcore.vss__t483                2.59904e-12
xc0.xcore.tail__t30                      1.156
xc0.xcore.inp__t10                      2.5245
xc0.xcore.outp__t57                    2.79772
xc0.xcore.vss__t484                2.61938e-12
xc0.xcore.outp__t23                    2.79771
xc0.xcore.inp__t9                       2.5245
xc0.xcore.tail__t88                      1.156
xc0.xcore.vss__t485                2.63973e-12
xc0.xcore.tail__t32                      1.156
xc0.xcore.inp__t14                      2.5245
xc0.xcore.outp__t59                    2.79771
xc0.xcore.vss__t486                2.66007e-12
xc0.xcore.outp__t25                    2.79771
xc0.xcore.inp__t13                      2.5245
xc0.xcore.tail__t93                      1.156
xc0.xcore.vss__t487                2.68042e-12
xc0.xcore.tail__t60                      1.156
xc0.xcore.inp__t0                       2.5245
xc0.xcore.outp__t83                    2.79771
xc0.xcore.vss__t488                2.70076e-12
xc0.xcore.outp__t50                    2.79771
xc0.xcore.inp__t62                      2.5245
xc0.xcore.tail__t123                   1.15601
xc0.xcore.vss__t489                 2.7211e-12
xc0.xcore.tail__t42                    1.15601
xc0.xcore.inp__t29                      2.5245
xc0.xcore.outp__t67                    2.79771
xc0.xcore.vss__t490                2.74144e-12
xc0.xcore.outp__t32                     2.7977
xc0.xcore.inp__t28                      2.5245
xc0.xcore.tail__t102                   1.15601
xc0.xcore.vss__t491                2.76179e-12
xc0.xcore.tail__t41                    1.15601
xc0.xcore.inp__t27                      2.5245
xc0.xcore.outp__t66                     2.7977
xc0.xcore.vss__t492                2.78213e-12
xc0.xcore.outp__t31                     2.7977
xc0.xcore.inp__t26                      2.5245
xc0.xcore.tail__t101                   1.15601
xc0.xcore.vss__t493                2.80247e-12
xc0.xcore.tail__t40                    1.15601
xc0.xcore.inp__t25                      2.5245
xc0.xcore.outp__t65                     2.7977
xc0.xcore.vss__t494                2.82281e-12
xc0.xcore.outp__t20                     2.7977
xc0.xcore.inp__t4                       2.5245
xc0.xcore.tail__t74                    1.15601
xc0.xcore.vss__t495                2.84316e-12
xc0.xcore.tail__t14                    1.15601
xc0.xcore.inp__t3                       2.5245
xc0.xcore.outp__t54                     2.7977
xc0.xcore.vss__t496                 2.8635e-12
xc0.xcore.outp__t22                    2.79769
xc0.xcore.inp__t7                       2.5245
xc0.xcore.tail__t76                    1.15601
xc0.xcore.vss__t497                2.88384e-12
xc0.xcore.tail__t16                    1.15601
xc0.xcore.inp__t6                       2.5245
xc0.xcore.outp__t55                    2.79769
xc0.xcore.vss__t498                2.90418e-12
xc0.xcore.outp__t21                    2.79769
xc0.xcore.inp__t5                       2.5245
xc0.xcore.tail__t75                    1.15601
xc0.xcore.vss__t499                2.92452e-12
xc0.xcore.tail__t19                    1.15601
xc0.xcore.inp__t8                       2.5245
xc0.xcore.outp__t56                    2.79769
xc0.xcore.vss__t500                2.94486e-12
xc0.xcore.outp__t45                    2.79769
xc0.xcore.inp__t50                      2.5245
xc0.xcore.tail__t116                   1.15601
xc0.xcore.vss__t501                 2.9652e-12
xc0.xcore.tail__t51                    1.15602
xc0.xcore.inp__t49                      2.5245
xc0.xcore.outp__t76                    2.79769
xc0.xcore.vss__t502                2.98554e-12
xc0.xcore.outp__t44                    2.79768
xc0.xcore.inp__t48                      2.5245
xc0.xcore.tail__t115                   1.15602
xc0.xcore.vss__t503                3.00588e-12
xc0.xcore.tail__t50                    1.15602
xc0.xcore.inp__t47                      2.5245
xc0.xcore.outp__t75                    2.79768
xc0.xcore.vss__t504                3.02622e-12
xc0.xcore.outp__t43                    2.79768
xc0.xcore.inp__t46                      2.5245
xc0.xcore.tail__t114                   1.15602
xc0.xcore.vss__t505                3.04656e-12
xc0.xcore.tail__t49                    1.15602
xc0.xcore.inp__t45                      2.5245
xc0.xcore.outp__t74                    2.79768
xc0.xcore.vss__t506                 3.0669e-12
xc0.xcore.outp__t42                    2.79768
xc0.xcore.inp__t44                      2.5245
xc0.xcore.tail__t113                   1.15602
xc0.xcore.vss__t507                3.08724e-12
xc0.xcore.tail__t48                    1.15602
xc0.xcore.inp__t43                      2.5245
xc0.xcore.outp__t73                    2.79768
xc0.xcore.vss__t508                3.10758e-12
xc0.xcore.outp__t41                    2.79768
xc0.xcore.inp__t42                      2.5245
xc0.xcore.tail__t112                   1.15602
xc0.xcore.vss__t509                3.12792e-12
xc0.xcore.tail__t47                    1.15602
xc0.xcore.inp__t41                      2.5245
xc0.xcore.outp__t72                    2.79767
xc0.xcore.vss__t510                3.14826e-12
xc0.xcore.outp__t40                    2.79767
xc0.xcore.inp__t40                      2.5245
xc0.xcore.tail__t111                   1.15602
xc0.xcore.vss__t511                 3.1686e-12
xc0.xcore.tail__t46                    1.15602
xc0.xcore.inp__t39                      2.5245
xc0.xcore.outp__t71                    2.79767
xc0.xcore.vss__t512                3.18893e-12
xc0.xcore.outp__t39                    2.79767
xc0.xcore.inp__t38                      2.5245
xc0.xcore.tail__t110                   1.15602
xc0.xcore.vss__t513                3.20927e-12
xc0.xcore.tail__t53                    1.15602
xc0.xcore.inp__t51                      2.5245
xc0.xcore.outp__t77                    2.79767
xc0.xcore.vss__t514                3.22961e-12
xc0.xcore.outp__t38                    2.79767
xc0.xcore.inp__t37                      2.5245
xc0.xcore.tail__t108                   1.15603
xc0.xcore.vss__t515                3.24994e-12
xc0.xcore.tail__t45                    1.15603
xc0.xcore.inp__t36                      2.5245
xc0.xcore.outp__t70                    2.79766
xc0.xcore.vss__t516                3.27028e-12
xc0.xcore.outp__t37                    2.79766
xc0.xcore.inp__t35                      2.5245
xc0.xcore.tail__t107                   1.15603
xc0.xcore.vss__t517                3.29062e-12
xc0.xcore.tail__t44                    1.15603
xc0.xcore.inp__t34                      2.5245
xc0.xcore.outp__t69                    2.79766
xc0.xcore.vss__t518                3.31095e-12
xc0.xcore.outp__t36                    2.79766
xc0.xcore.inp__t33                      2.5245
xc0.xcore.tail__t106                   1.15603
xc0.xcore.vss__t519                3.33129e-12
xc0.xcore.tail__t31                    1.15603
xc0.xcore.inp__t12                      2.5245
xc0.xcore.outp__t58                    2.79766
xc0.xcore.vss__t520                3.35162e-12
xc0.xcore.outp__t35                    2.79766
xc0.xcore.inp__t32                      2.5245
xc0.xcore.tail__t104                   1.15603
xc0.xcore.vss__t521                3.37196e-12
xc0.xcore.tail__t43                    1.15603
xc0.xcore.inp__t31                      2.5245
xc0.xcore.outp__t68                    2.79765
xc0.xcore.vss__t522                3.39229e-12
xc0.xcore.outp__t33                    2.79765
xc0.xcore.inp__t30                      2.5245
xc0.xcore.tail__t103                   1.15603
xc0.xcore.vss__t523                3.41262e-12
xc0.xcore.tail__t1                     1.15603
xc0.xcore.inp__t2                       2.5245
xc0.xcore.outp__t34                    2.79765
xc0.xcore.vss__t586                3.51746e-12
xc0.xcore.ibias__t215                  1.01923
xc0.xcore.ibias__t3                    1.02196
xc0.xcore.vss__t2                  2.51857e-05
xc0.xcore.vss__t459                5.38651e-13
xc0.xcore.vss__t81                 2.49859e-05
xc0.xcore.ibias__t158                  1.02196
xc0.xcore.ibias__t216                  1.01926
xc0.xcore.vss__t448                 5.3433e-13
xc0.xcore.ibias__t213                  1.01929
xc0.xcore.ibias__t171                  1.02196
xc0.xcore.vss__t190                2.47861e-05
xc0.xcore.vss__t449                 5.3007e-13
xc0.xcore.vss__t83                 2.45863e-05
xc0.xcore.ibias__t163                  1.02196
xc0.xcore.ibias__t218                  1.01932
xc0.xcore.vss__t450                 5.2581e-13
xc0.xcore.ibias__t212                  1.01935
xc0.xcore.ibias__t162                  1.02196
xc0.xcore.vss__t185                2.43865e-05
xc0.xcore.vss__t451                 5.2155e-13
xc0.xcore.vss__t89                 2.41867e-05
xc0.xcore.ibias__t177                  1.02196
xc0.xcore.ibias__t219                  1.01938
xc0.xcore.vss__t452                5.17289e-13
xc0.xcore.ibias__t211                  1.01941
xc0.xcore.ibias__t160                  1.02196
xc0.xcore.vss__t183                2.39868e-05
xc0.xcore.vss__t453                5.13028e-13
xc0.xcore.vss__t82                  2.3787e-05
xc0.xcore.ibias__t159                  1.02196
xc0.xcore.ibias__t217                  1.01944
xc0.xcore.vss__t454                5.08767e-13
xc0.xcore.ibias__t214                  1.01947
xc0.xcore.ibias__t174                  1.02196
xc0.xcore.vss__t192                2.35872e-05
xc0.xcore.vss__t455                5.04506e-13
xc0.xcore.vss__t3                  2.33874e-05
xc0.xcore.ibias__t4                    1.02196
xc0.xcore.ibias__t210                   1.0195
xc0.xcore.vss__t457                5.00297e-13
xc0.xcore.outn__t52                    3.29865
xc0.xcore.inn__t1                       1.6335
xc0.xcore.tail__t3                     1.15593
xc0.xcore.vss__t461                7.22432e-11
xc0.xcore.tail__t62                    1.15593
xc0.xcore.inn__t58                      1.6335
xc0.xcore.outn__t81                    3.29865
xc0.xcore.vss__t524                7.28754e-11
xc0.xcore.outn__t49                    3.29865
xc0.xcore.inn__t59                      1.6335
xc0.xcore.tail__t124                   1.15593
xc0.xcore.vss__t525                7.35605e-11
xc0.xcore.tail__t63                    1.15593
xc0.xcore.inn__t60                      1.6335
xc0.xcore.outn__t82                    3.29865
xc0.xcore.vss__t526                7.42456e-11
xc0.xcore.outn__t50                    3.29865
xc0.xcore.inn__t61                      1.6335
xc0.xcore.tail__t125                   1.15593
xc0.xcore.vss__t527                7.49307e-11
xc0.xcore.tail__t64                    1.15593
xc0.xcore.inn__t62                      1.6335
xc0.xcore.outn__t83                    3.29865
xc0.xcore.vss__t528                7.56159e-11
xc0.xcore.outn__t46                    3.29865
xc0.xcore.inn__t52                      1.6335
xc0.xcore.tail__t105                   1.15593
xc0.xcore.vss__t529                 7.6301e-11
xc0.xcore.tail__t15                    1.15593
xc0.xcore.inn__t21                      1.6335
xc0.xcore.outn__t63                    3.29865
xc0.xcore.vss__t530                7.69862e-11
xc0.xcore.outn__t45                    3.29865
xc0.xcore.inn__t51                      1.6335
xc0.xcore.tail__t100                   1.15593
xc0.xcore.vss__t531                7.76714e-11
xc0.xcore.tail__t34                    1.15593
xc0.xcore.inn__t48                      1.6335
xc0.xcore.outn__t76                    3.29865
xc0.xcore.vss__t532                7.83566e-11
xc0.xcore.outn__t44                    3.29865
xc0.xcore.inn__t50                      1.6335
xc0.xcore.tail__t99                    1.15593
xc0.xcore.vss__t533                7.90418e-11
xc0.xcore.tail__t61                    1.15593
xc0.xcore.inn__t57                      1.6335
xc0.xcore.outn__t80                    3.29865
xc0.xcore.vss__t534                7.97271e-11
xc0.xcore.outn__t40                    3.29865
xc0.xcore.inn__t42                      1.6335
xc0.xcore.tail__t87                    1.15593
xc0.xcore.vss__t535                8.04123e-11
xc0.xcore.tail__t27                    1.15593
xc0.xcore.inn__t41                      1.6335
xc0.xcore.outn__t73                    3.29865
xc0.xcore.vss__t536                8.10976e-11
xc0.xcore.outn__t39                    3.29865
xc0.xcore.inn__t40                      1.6335
xc0.xcore.tail__t86                    1.15593
xc0.xcore.vss__t537                8.17829e-11
xc0.xcore.tail__t26                    1.15593
xc0.xcore.inn__t39                      1.6335
xc0.xcore.outn__t72                    3.29865
xc0.xcore.vss__t538                8.24682e-11
xc0.xcore.outn__t38                    3.29865
xc0.xcore.inn__t38                      1.6335
xc0.xcore.tail__t85                    1.15593
xc0.xcore.vss__t539                8.31535e-11
xc0.xcore.tail__t25                    1.15593
xc0.xcore.inn__t37                      1.6335
xc0.xcore.outn__t71                    3.29865
xc0.xcore.vss__t540                8.38388e-11
xc0.xcore.outn__t47                    3.29865
xc0.xcore.inn__t53                      1.6335
xc0.xcore.tail__t109                   1.15593
xc0.xcore.vss__t541                8.45241e-11
xc0.xcore.tail__t52                    1.15593
xc0.xcore.inn__t55                      1.6335
xc0.xcore.outn__t78                    3.29865
xc0.xcore.vss__t542                8.52095e-11
xc0.xcore.outn__t48                    3.29865
xc0.xcore.inn__t54                      1.6335
xc0.xcore.tail__t117                   1.15593
xc0.xcore.vss__t543                8.58949e-11
xc0.xcore.tail__t39                    1.15593
xc0.xcore.inn__t49                      1.6335
xc0.xcore.outn__t77                    3.29865
xc0.xcore.vss__t544                8.65802e-11
xc0.xcore.outn__t41                    3.29865
xc0.xcore.inn__t43                      1.6335
xc0.xcore.tail__t89                    1.15593
xc0.xcore.vss__t545                8.72656e-11
xc0.xcore.tail__t29                    1.15593
xc0.xcore.inn__t47                      1.6335
xc0.xcore.outn__t75                    3.29865
xc0.xcore.vss__t546                 8.7951e-11
xc0.xcore.outn__t43                    3.29865
xc0.xcore.inn__t46                      1.6335
xc0.xcore.tail__t91                    1.15593
xc0.xcore.vss__t547                8.86364e-11
xc0.xcore.tail__t28                    1.15593
xc0.xcore.inn__t45                      1.6335
xc0.xcore.outn__t74                    3.29865
xc0.xcore.vss__t548                8.93218e-11
xc0.xcore.outn__t42                    3.29865
xc0.xcore.inn__t44                      1.6335
xc0.xcore.tail__t90                    1.15593
xc0.xcore.vss__t549                9.00073e-11
xc0.xcore.tail__t59                    1.15593
xc0.xcore.inn__t56                      1.6335
xc0.xcore.outn__t79                    3.29865
xc0.xcore.vss__t550                9.06927e-11
xc0.xcore.outn__t51                    3.29865
xc0.xcore.inn__t63                      1.6335
xc0.xcore.tail__t127                   1.15593
xc0.xcore.vss__t551                9.13782e-11
xc0.xcore.tail__t13                    1.15593
xc0.xcore.inn__t19                      1.6335
xc0.xcore.outn__t62                    3.29865
xc0.xcore.vss__t552                9.20636e-11
xc0.xcore.outn__t28                    3.29865
xc0.xcore.inn__t18                      1.6335
xc0.xcore.tail__t72                    1.15593
xc0.xcore.vss__t553                9.27491e-11
xc0.xcore.tail__t12                    1.15593
xc0.xcore.inn__t17                      1.6335
xc0.xcore.outn__t61                    3.29865
xc0.xcore.vss__t554                9.34346e-11
xc0.xcore.outn__t27                    3.29865
xc0.xcore.inn__t16                      1.6335
xc0.xcore.tail__t71                    1.15593
xc0.xcore.vss__t555                9.41201e-11
xc0.xcore.tail__t11                    1.15593
xc0.xcore.inn__t15                      1.6335
xc0.xcore.outn__t60                    3.29865
xc0.xcore.vss__t556                9.48056e-11
xc0.xcore.outn__t26                    3.29865
xc0.xcore.inn__t14                      1.6335
xc0.xcore.tail__t70                    1.15593
xc0.xcore.vss__t557                9.54911e-11
xc0.xcore.tail__t10                    1.15593
xc0.xcore.inn__t13                      1.6335
xc0.xcore.outn__t59                    3.29865
xc0.xcore.vss__t558                9.61766e-11
xc0.xcore.outn__t25                    3.29865
xc0.xcore.inn__t12                      1.6335
xc0.xcore.tail__t69                    1.15593
xc0.xcore.vss__t559                9.68621e-11
xc0.xcore.tail__t6                     1.15593
xc0.xcore.inn__t5                       1.6335
xc0.xcore.outn__t55                    3.29865
xc0.xcore.vss__t560                9.75477e-11
xc0.xcore.outn__t24                    3.29865
xc0.xcore.inn__t11                      1.6335
xc0.xcore.tail__t68                    1.15593
xc0.xcore.vss__t561                9.82332e-11
xc0.xcore.tail__t4                     1.15593
xc0.xcore.inn__t2                       1.6335
xc0.xcore.outn__t53                    3.29865
xc0.xcore.vss__t562                9.89188e-11
xc0.xcore.outn__t21                    3.29865
xc0.xcore.inn__t3                       1.6335
xc0.xcore.tail__t65                    1.15593
xc0.xcore.vss__t563                9.96043e-11
xc0.xcore.tail__t5                     1.15593
xc0.xcore.inn__t4                       1.6335
xc0.xcore.outn__t54                    3.29865
xc0.xcore.vss__t564                 1.0029e-10
xc0.xcore.outn__t22                    3.29865
xc0.xcore.inn__t6                       1.6335
xc0.xcore.tail__t66                    1.15593
xc0.xcore.vss__t565                1.00975e-10
xc0.xcore.tail__t7                     1.15593
xc0.xcore.inn__t7                       1.6335
xc0.xcore.outn__t56                    3.29865
xc0.xcore.vss__t566                1.01661e-10
xc0.xcore.outn__t23                    3.29865
xc0.xcore.inn__t8                       1.6335
xc0.xcore.tail__t67                    1.15593
xc0.xcore.vss__t567                1.02347e-10
xc0.xcore.tail__t8                     1.15593
xc0.xcore.inn__t9                       1.6335
xc0.xcore.outn__t57                    3.29865
xc0.xcore.vss__t568                1.03032e-10
xc0.xcore.outn__t29                    3.29865
xc0.xcore.inn__t20                      1.6335
xc0.xcore.tail__t73                    1.15593
xc0.xcore.vss__t569                1.03718e-10
xc0.xcore.tail__t9                     1.15593
xc0.xcore.inn__t10                      1.6335
xc0.xcore.outn__t58                    3.29865
xc0.xcore.vss__t570                1.04403e-10
xc0.xcore.outn__t36                    3.29865
xc0.xcore.inn__t35                      1.6335
xc0.xcore.tail__t83                    1.15593
xc0.xcore.vss__t571                1.05089e-10
xc0.xcore.tail__t24                    1.15593
xc0.xcore.inn__t34                      1.6335
xc0.xcore.outn__t70                    3.29865
xc0.xcore.vss__t572                1.05775e-10
xc0.xcore.outn__t35                    3.29865
xc0.xcore.inn__t33                      1.6335
xc0.xcore.tail__t82                    1.15593
xc0.xcore.vss__t573                 1.0646e-10
xc0.xcore.tail__t23                    1.15593
xc0.xcore.inn__t32                      1.6335
xc0.xcore.outn__t69                    3.29865
xc0.xcore.vss__t574                1.07146e-10
xc0.xcore.outn__t34                    3.29865
xc0.xcore.inn__t31                      1.6335
xc0.xcore.tail__t81                    1.15593
xc0.xcore.vss__t575                1.07832e-10
xc0.xcore.tail__t22                    1.15593
xc0.xcore.inn__t30                      1.6335
xc0.xcore.outn__t68                    3.29865
xc0.xcore.vss__t576                1.08517e-10
xc0.xcore.outn__t33                    3.29865
xc0.xcore.inn__t29                      1.6335
xc0.xcore.tail__t80                    1.15593
xc0.xcore.vss__t577                1.09203e-10
xc0.xcore.tail__t21                    1.15593
xc0.xcore.inn__t28                      1.6335
xc0.xcore.outn__t67                    3.29865
xc0.xcore.vss__t578                1.09889e-10
xc0.xcore.outn__t32                    3.29865
xc0.xcore.inn__t27                      1.6335
xc0.xcore.tail__t79                    1.15593
xc0.xcore.vss__t579                1.10574e-10
xc0.xcore.tail__t20                    1.15593
xc0.xcore.inn__t26                      1.6335
xc0.xcore.outn__t66                    3.29865
xc0.xcore.vss__t580                 1.1126e-10
xc0.xcore.outn__t37                    3.29865
xc0.xcore.inn__t36                      1.6335
xc0.xcore.tail__t84                    1.15593
xc0.xcore.vss__t581                1.11946e-10
xc0.xcore.tail__t18                    1.15593
xc0.xcore.inn__t25                      1.6335
xc0.xcore.outn__t65                    3.29865
xc0.xcore.vss__t582                1.12631e-10
xc0.xcore.outn__t31                    3.29865
xc0.xcore.inn__t24                      1.6335
xc0.xcore.tail__t78                    1.15593
xc0.xcore.vss__t583                1.13317e-10
xc0.xcore.tail__t17                    1.15593
xc0.xcore.inn__t23                      1.6335
xc0.xcore.outn__t64                    3.29865
xc0.xcore.vss__t584                1.14003e-10
xc0.xcore.outn__t30                    3.29865
xc0.xcore.inn__t22                      1.6335
xc0.xcore.tail__t77                    1.15593
xc0.xcore.vss__t585                1.14688e-10
xc0.xcore.tail__t2                     1.15593
xc0.xcore.inn__t0                       1.6335
xc0.xcore.outn__t20                    3.29865
xc0.xcore.vss__t587                1.15458e-10
xc0.xcore.vss__t210                3.35178e-12
xc0.xcore.outp__t16                    2.79786
xc0.xcore.vss__t211                3.31238e-12
xc0.xcore.outp__t17                    2.79786
xc0.xcore.vss__t212                3.27302e-12
xc0.xcore.outp__t18                    2.79786
xc0.xcore.vss__t213                3.23368e-12
xc0.xcore.outp__t19                    2.79786
xc0.xcore.vss__t214                3.19439e-12
xc0.xcore.outp__t0                     2.79786
xc0.xcore.vss__t215                3.15513e-12
xc0.xcore.outp__t1                     2.79786
xc0.xcore.vss__t216                 3.1159e-12
xc0.xcore.outp__t2                     2.79786
xc0.xcore.vss__t217                3.07671e-12
xc0.xcore.outp__t3                     2.79786
xc0.xcore.vss__t218                3.03757e-12
xc0.xcore.outp__t4                     2.79786
xc0.xcore.vss__t219                2.99846e-12
xc0.xcore.outp__t15                    2.79786
xc0.xcore.vss__t220                 2.9594e-12
xc0.xcore.outp__t6                     2.79786
xc0.xcore.vss__t221                2.92038e-12
xc0.xcore.outp__t7                     2.79786
xc0.xcore.vss__t222                 2.8814e-12
xc0.xcore.outp__t8                     2.79786
xc0.xcore.vss__t223                2.84248e-12
xc0.xcore.outp__t9                     2.79786
xc0.xcore.vss__t224                 2.8036e-12
xc0.xcore.outp__t10                    2.79786
xc0.xcore.vss__t225                2.76478e-12
xc0.xcore.outp__t11                    2.79786
xc0.xcore.vss__t226                2.72602e-12
xc0.xcore.outp__t12                    2.79786
xc0.xcore.vss__t227                2.68731e-12
xc0.xcore.outp__t13                    2.79786
xc0.xcore.vss__t228                2.64865e-12
xc0.xcore.outp__t14                    2.79786
xc0.xcore.vss__t229                2.61007e-12
xc0.xcore.outp__t5                     2.79786
xc0.xcore.vss__t230                2.71445e-12
xc0.xcore.outn__t0                     3.29865
xc0.xcore.vss__t231                2.75792e-12
xc0.xcore.outn__t5                     3.29865
xc0.xcore.vss__t232                2.80148e-12
xc0.xcore.outn__t6                     3.29865
xc0.xcore.vss__t233                2.84512e-12
xc0.xcore.outn__t7                     3.29865
xc0.xcore.vss__t234                2.88885e-12
xc0.xcore.outn__t8                     3.29865
xc0.xcore.vss__t235                2.93267e-12
xc0.xcore.outn__t9                     3.29865
xc0.xcore.vss__t236                2.97656e-12
xc0.xcore.outn__t10                    3.29865
xc0.xcore.vss__t237                3.02052e-12
xc0.xcore.outn__t11                    3.29865
xc0.xcore.vss__t238                3.06455e-12
xc0.xcore.outn__t12                    3.29865
xc0.xcore.vss__t239                3.10865e-12
xc0.xcore.outn__t13                    3.29865
xc0.xcore.vss__t240                3.15282e-12
xc0.xcore.outn__t14                    3.29865
xc0.xcore.vss__t241                3.19705e-12
xc0.xcore.outn__t15                    3.29865
xc0.xcore.vss__t242                3.24133e-12
xc0.xcore.outn__t16                    3.29865
xc0.xcore.vss__t243                3.28568e-12
xc0.xcore.outn__t17                    3.29865
xc0.xcore.vss__t244                3.33007e-12
xc0.xcore.outn__t19                    3.29865
xc0.xcore.vss__t245                3.37453e-12
xc0.xcore.outn__t18                    3.29865
xc0.xcore.vss__t246                3.41903e-12
xc0.xcore.outn__t1                     3.29865
xc0.xcore.vss__t247                3.46358e-12
xc0.xcore.outn__t2                     3.29865
xc0.xcore.vss__t248                3.50818e-12
xc0.xcore.outn__t3                     3.29865
xc0.xcore.vss__t249                3.55282e-12
xc0.xcore.outn__t4                     3.29865
ib_c0                                  1.02196
xc0.xcore.vsubs                              0
outn_c0                                3.29865
outp_c0                                2.79786
xc0.tail                               1.15593
vd_c0                                 0.500794
xc1.xcore.tail__t186                   1.15591
xc1.xcore.ibias__t118                  1.02196
xc1.xcore.vss__t163                5.33484e-06
xc1.xcore.vss__t349                1.27769e-13
xc1.xcore.vss__t60                 5.13852e-06
xc1.xcore.ibias__t117                  1.02196
xc1.xcore.tail__t286                   1.15591
xc1.xcore.vss__t350                1.23067e-13
xc1.xcore.tail__t197                   1.15591
xc1.xcore.ibias__t140                  1.02196
xc1.xcore.vss__t174                4.94262e-06
xc1.xcore.vss__t351                1.18375e-13
xc1.xcore.vss__t68                 4.74717e-06
xc1.xcore.ibias__t133                  1.02196
xc1.xcore.tail__t294                   1.15591
xc1.xcore.vss__t352                1.13694e-13
xc1.xcore.tail__t193                   1.15591
xc1.xcore.ibias__t132                  1.02196
xc1.xcore.vss__t170                4.55225e-06
xc1.xcore.vss__t353                1.09025e-13
xc1.xcore.vss__t67                 4.35791e-06
xc1.xcore.ibias__t131                  1.02196
xc1.xcore.tail__t293                   1.15591
xc1.xcore.vss__t354                1.04371e-13
xc1.xcore.tail__t192                   1.15591
xc1.xcore.ibias__t130                  1.02196
xc1.xcore.vss__t169                4.16424e-06
xc1.xcore.vss__t355                9.97325e-14
xc1.xcore.vss__t74                 3.97135e-06
xc1.xcore.ibias__t145                  1.02196
xc1.xcore.tail__t300                   1.15591
xc1.xcore.vss__t356                9.51127e-14
xc1.xcore.tail__t191                   1.15591
xc1.xcore.ibias__t128                  1.02196
xc1.xcore.vss__t168                3.77934e-06
xc1.xcore.vss__t357                 9.0514e-14
xc1.xcore.vss__t65                 3.58836e-06
xc1.xcore.ibias__t127                  1.02196
xc1.xcore.tail__t291                   1.15591
xc1.xcore.vss__t358                8.59401e-14
xc1.xcore.tail__t190                   1.15591
xc1.xcore.ibias__t126                  1.02196
xc1.xcore.vss__t167                3.39859e-06
xc1.xcore.vss__t359                 8.1395e-14
xc1.xcore.vss__t64                 3.21024e-06
xc1.xcore.ibias__t125                  1.02196
xc1.xcore.tail__t290                   1.15591
xc1.xcore.vss__t360                7.68839e-14
xc1.xcore.tail__t189                   1.15591
xc1.xcore.ibias__t124                  1.02196
xc1.xcore.vss__t166                3.02356e-06
xc1.xcore.vss__t361                7.24132e-14
xc1.xcore.vss__t63                 2.83891e-06
xc1.xcore.ibias__t123                  1.02196
xc1.xcore.tail__t289                   1.15591
xc1.xcore.vss__t362                6.79907e-14
xc1.xcore.tail__t188                   1.15591
xc1.xcore.ibias__t122                  1.02196
xc1.xcore.vss__t165                2.65669e-06
xc1.xcore.vss__t363                6.36265e-14
xc1.xcore.vss__t62                 2.47744e-06
xc1.xcore.ibias__t121                  1.02196
xc1.xcore.tail__t288                   1.15591
xc1.xcore.vss__t364                5.93335e-14
xc1.xcore.tail__t187                   1.15592
xc1.xcore.ibias__t120                  1.02196
xc1.xcore.vss__t164                2.30186e-06
xc1.xcore.vss__t365                5.51284e-14
xc1.xcore.vss__t26                 2.13086e-06
xc1.xcore.ibias__t0                    1.02196
xc1.xcore.tail__t252                   1.15592
xc1.xcore.vss__t366                5.10329e-14
xc1.xcore.tail__t175                   1.15592
xc1.xcore.ibias__t97                   1.02196
xc1.xcore.vss__t152                1.96562e-06
xc1.xcore.vss__t367                4.70756e-14
xc1.xcore.vss__t42                 1.80774e-06
xc1.xcore.ibias__t78                   1.02196
xc1.xcore.tail__t268                   1.15592
xc1.xcore.vss__t368                4.32943e-14
xc1.xcore.tail__t164                   1.15592
xc1.xcore.ibias__t77                   1.02196
xc1.xcore.vss__t141                1.65931e-06
xc1.xcore.vss__t369                3.97395e-14
xc1.xcore.vss__t37                 1.52309e-06
xc1.xcore.ibias__t70                   1.02196
xc1.xcore.tail__t263                   1.15592
xc1.xcore.vss__t370                3.64772e-14
xc1.xcore.tail__t167                   1.15592
xc1.xcore.ibias__t82                   1.02196
xc1.xcore.vss__t144                1.40266e-06
xc1.xcore.vss__t371                 3.3593e-14
xc1.xcore.vss__t39                  1.3024e-06
xc1.xcore.ibias__t72                   1.02196
xc1.xcore.tail__t265                   1.15592
xc1.xcore.vss__t372                3.11918e-14
xc1.xcore.tail__t162                   1.15592
xc1.xcore.ibias__t73                   1.02196
xc1.xcore.vss__t139                1.22726e-06
xc1.xcore.vss__t373                2.93922e-14
xc1.xcore.vss__t40                 1.18205e-06
xc1.xcore.ibias__t74                   1.02196
xc1.xcore.tail__t266                   1.15592
xc1.xcore.vss__t374                2.83093e-14
xc1.xcore.tail__t163                   1.15592
xc1.xcore.ibias__t75                   1.02196
xc1.xcore.vss__t140                1.17023e-06
xc1.xcore.vss__t375                2.80262e-14
xc1.xcore.vss__t41                 1.19279e-06
xc1.xcore.ibias__t76                   1.02196
xc1.xcore.tail__t267                   1.15592
xc1.xcore.vss__t376                2.85667e-14
xc1.xcore.tail__t129                   1.15592
xc1.xcore.ibias__t9                    1.02196
xc1.xcore.vss__t107                1.24789e-06
xc1.xcore.vss__t377                2.98862e-14
xc1.xcore.vss__t6                  1.33147e-06
xc1.xcore.ibias__t8                    1.02196
xc1.xcore.tail__t232                   1.15592
xc1.xcore.vss__t378                 3.1888e-14
xc1.xcore.tail__t128                   1.15592
xc1.xcore.ibias__t7                    1.02196
xc1.xcore.vss__t106                1.43859e-06
xc1.xcore.vss__t379                3.44536e-14
xc1.xcore.vss__t5                  1.56442e-06
xc1.xcore.ibias__t6                    1.02196
xc1.xcore.tail__t231                   1.15592
xc1.xcore.vss__t380                3.74672e-14
xc1.xcore.tail__t141                   1.15592
xc1.xcore.ibias__t31                   1.02196
xc1.xcore.vss__t119                1.70482e-06
xc1.xcore.vss__t381                4.08297e-14
xc1.xcore.vss__t4                  1.85649e-06
xc1.xcore.ibias__t5                    1.02196
xc1.xcore.tail__t230                   1.15592
xc1.xcore.vss__t382                4.44621e-14
xc1.xcore.tail__t158                   1.15592
xc1.xcore.ibias__t62                   1.02196
xc1.xcore.vss__t135                2.01689e-06
xc1.xcore.vss__t383                4.83036e-14
xc1.xcore.vss__t33                 2.18409e-06
xc1.xcore.ibias__t63                   1.02196
xc1.xcore.tail__t259                   1.15592
xc1.xcore.vss__t384                 5.2308e-14
xc1.xcore.tail__t159                   1.15592
xc1.xcore.ibias__t64                   1.02196
xc1.xcore.vss__t136                2.35664e-06
xc1.xcore.vss__t385                5.64408e-14
xc1.xcore.vss__t34                 2.53346e-06
xc1.xcore.ibias__t65                   1.02196
xc1.xcore.tail__t260                   1.15592
xc1.xcore.vss__t386                6.06757e-14
xc1.xcore.tail__t160                   1.15592
xc1.xcore.ibias__t66                   1.02196
xc1.xcore.vss__t137                2.71371e-06
xc1.xcore.vss__t387                6.49927e-14
xc1.xcore.vss__t35                 2.89675e-06
xc1.xcore.ibias__t67                   1.02196
xc1.xcore.tail__t261                   1.15592
xc1.xcore.vss__t388                6.93765e-14
xc1.xcore.tail__t161                   1.15592
xc1.xcore.ibias__t68                   1.02196
xc1.xcore.vss__t138                3.08208e-06
xc1.xcore.vss__t389                7.38152e-14
xc1.xcore.vss__t36                 3.26932e-06
xc1.xcore.ibias__t69                   1.02196
xc1.xcore.tail__t262                   1.15592
xc1.xcore.vss__t390                7.82995e-14
xc1.xcore.tail__t130                   1.15592
xc1.xcore.ibias__t10                   1.02196
xc1.xcore.vss__t108                3.45814e-06
xc1.xcore.vss__t391                 8.2822e-14
xc1.xcore.vss__t13                 3.64832e-06
xc1.xcore.ibias__t23                   1.02196
xc1.xcore.tail__t239                   1.15592
xc1.xcore.vss__t392                8.73768e-14
xc1.xcore.tail__t137                   1.15592
xc1.xcore.ibias__t24                   1.02196
xc1.xcore.vss__t115                3.83964e-06
xc1.xcore.vss__t393                 9.1959e-14
xc1.xcore.vss__t14                 4.03194e-06
xc1.xcore.ibias__t25                   1.02196
xc1.xcore.tail__t240                   1.15592
xc1.xcore.vss__t394                9.65647e-14
xc1.xcore.tail__t138                   1.15592
xc1.xcore.ibias__t26                   1.02196
xc1.xcore.vss__t116                4.22509e-06
xc1.xcore.vss__t395                1.01191e-13
xc1.xcore.vss__t15                 4.41897e-06
xc1.xcore.ibias__t27                   1.02196
xc1.xcore.tail__t241                   1.15593
xc1.xcore.vss__t396                1.05835e-13
xc1.xcore.tail__t139                   1.15593
xc1.xcore.ibias__t28                   1.02196
xc1.xcore.vss__t117                 4.6135e-06
xc1.xcore.vss__t397                1.10494e-13
xc1.xcore.vss__t16                  4.8086e-06
xc1.xcore.ibias__t29                   1.02196
xc1.xcore.tail__t242                   1.15593
xc1.xcore.vss__t398                1.15166e-13
xc1.xcore.tail__t140                   1.15593
xc1.xcore.ibias__t30                   1.02196
xc1.xcore.vss__t118                 5.0042e-06
xc1.xcore.vss__t399                1.19851e-13
xc1.xcore.vss__t21                 5.20024e-06
xc1.xcore.ibias__t41                   1.02196
xc1.xcore.tail__t247                   1.15593
xc1.xcore.vss__t400                1.24547e-13
xc1.xcore.tail__t142                   1.15593
xc1.xcore.ibias__t32                   1.02196
xc1.xcore.vss__t120                5.39667e-06
xc1.xcore.vss__t401                1.29251e-13
xc1.xcore.vss__t17                 5.59346e-06
xc1.xcore.ibias__t33                   1.02196
xc1.xcore.tail__t243                   1.15593
xc1.xcore.vss__t402                1.33965e-13
xc1.xcore.tail__t143                   1.15593
xc1.xcore.ibias__t34                   1.02196
xc1.xcore.vss__t121                5.79057e-06
xc1.xcore.vss__t403                1.38685e-13
xc1.xcore.vss__t18                 5.98796e-06
xc1.xcore.ibias__t35                   1.02196
xc1.xcore.tail__t244                   1.15592
xc1.xcore.vss__t404                1.43413e-13
xc1.xcore.tail__t144                   1.15592
xc1.xcore.ibias__t36                   1.02196
xc1.xcore.vss__t122                6.18561e-06
xc1.xcore.vss__t405                1.48147e-13
xc1.xcore.vss__t19                 6.38349e-06
xc1.xcore.ibias__t37                   1.02196
xc1.xcore.tail__t245                   1.15592
xc1.xcore.vss__t406                1.52887e-13
xc1.xcore.tail__t145                   1.15592
xc1.xcore.ibias__t38                   1.02196
xc1.xcore.vss__t123                6.58159e-06
xc1.xcore.vss__t407                1.57631e-13
xc1.xcore.vss__t20                 6.77988e-06
xc1.xcore.ibias__t39                   1.02196
xc1.xcore.tail__t246                   1.15592
xc1.xcore.vss__t408                1.62381e-13
xc1.xcore.tail__t146                   1.15592
xc1.xcore.ibias__t40                   1.02196
xc1.xcore.vss__t124                6.97835e-06
xc1.xcore.vss__t409                1.67134e-13
xc1.xcore.vss__t8                  7.17698e-06
xc1.xcore.ibias__t12                   1.02196
xc1.xcore.tail__t234                   1.15592
xc1.xcore.vss__t410                1.71892e-13
xc1.xcore.tail__t135                   1.15592
xc1.xcore.ibias__t21                   1.02196
xc1.xcore.vss__t113                7.37576e-06
xc1.xcore.vss__t411                1.76653e-13
xc1.xcore.vss__t9                  7.57468e-06
xc1.xcore.ibias__t13                   1.02196
xc1.xcore.tail__t235                   1.15592
xc1.xcore.vss__t412                1.81417e-13
xc1.xcore.tail__t131                   1.15592
xc1.xcore.ibias__t14                   1.02196
xc1.xcore.vss__t109                7.77373e-06
xc1.xcore.vss__t413                1.86185e-13
xc1.xcore.vss__t10                  7.9729e-06
xc1.xcore.ibias__t15                   1.02196
xc1.xcore.tail__t236                   1.15592
xc1.xcore.vss__t414                1.90955e-13
xc1.xcore.tail__t134                   1.15592
xc1.xcore.ibias__t20                   1.02196
xc1.xcore.vss__t112                8.17217e-06
xc1.xcore.vss__t415                1.95728e-13
xc1.xcore.vss__t12                 8.37155e-06
xc1.xcore.ibias__t19                   1.02196
xc1.xcore.tail__t238                   1.15592
xc1.xcore.vss__t416                2.00503e-13
xc1.xcore.tail__t133                   1.15592
xc1.xcore.ibias__t18                   1.02196
xc1.xcore.vss__t111                8.57102e-06
xc1.xcore.vss__t417                2.05281e-13
xc1.xcore.vss__t11                 8.77058e-06
xc1.xcore.ibias__t17                   1.02196
xc1.xcore.tail__t237                   1.15592
xc1.xcore.vss__t418                2.10061e-13
xc1.xcore.tail__t132                   1.15592
xc1.xcore.ibias__t16                   1.02196
xc1.xcore.vss__t110                8.97022e-06
xc1.xcore.vss__t419                2.14843e-13
xc1.xcore.vss__t7                  9.16994e-06
xc1.xcore.ibias__t11                   1.02196
xc1.xcore.tail__t233                   1.15592
xc1.xcore.vss__t420                2.19626e-13
xc1.xcore.tail__t136                   1.15592
xc1.xcore.ibias__t22                   1.02196
xc1.xcore.vss__t114                9.36973e-06
xc1.xcore.vss__t421                2.24411e-13
xc1.xcore.vss__t23                 9.56958e-06
xc1.xcore.ibias__t45                   1.02196
xc1.xcore.tail__t249                   1.15592
xc1.xcore.vss__t422                2.29198e-13
xc1.xcore.tail__t150                   1.15592
xc1.xcore.ibias__t46                   1.02196
xc1.xcore.vss__t127                 9.7695e-06
xc1.xcore.vss__t423                2.33987e-13
xc1.xcore.vss__t24                 9.96948e-06
xc1.xcore.ibias__t47                   1.02196
xc1.xcore.tail__t250                   1.15592
xc1.xcore.vss__t424                2.38777e-13
xc1.xcore.tail__t151                   1.15592
xc1.xcore.ibias__t48                   1.02196
xc1.xcore.vss__t128                1.01695e-05
xc1.xcore.vss__t425                2.43568e-13
xc1.xcore.vss__t25                 1.03696e-05
xc1.xcore.ibias__t49                   1.02196
xc1.xcore.tail__t251                   1.15592
xc1.xcore.vss__t426                 2.4836e-13
xc1.xcore.tail__t152                   1.15592
xc1.xcore.ibias__t50                   1.02196
xc1.xcore.vss__t129                1.05697e-05
xc1.xcore.vss__t427                2.53154e-13
xc1.xcore.vss__t32                 1.07699e-05
xc1.xcore.ibias__t61                   1.02196
xc1.xcore.tail__t258                   1.15592
xc1.xcore.vss__t428                2.57949e-13
xc1.xcore.tail__t153                   1.15592
xc1.xcore.ibias__t51                   1.02196
xc1.xcore.vss__t130                1.09701e-05
xc1.xcore.vss__t429                2.62745e-13
xc1.xcore.vss__t27                 1.11704e-05
xc1.xcore.ibias__t52                   1.02196
xc1.xcore.tail__t253                   1.15592
xc1.xcore.vss__t430                2.67542e-13
xc1.xcore.tail__t154                   1.15592
xc1.xcore.ibias__t53                   1.02196
xc1.xcore.vss__t131                1.13707e-05
xc1.xcore.vss__t431                2.72339e-13
xc1.xcore.vss__t28                 1.15711e-05
xc1.xcore.ibias__t54                   1.02196
xc1.xcore.tail__t254                   1.15592
xc1.xcore.vss__t432                2.77138e-13
xc1.xcore.tail__t155                   1.15592
xc1.xcore.ibias__t55                   1.02196
xc1.xcore.vss__t132                1.17714e-05
xc1.xcore.vss__t433                2.81938e-13
xc1.xcore.vss__t29                 1.19719e-05
xc1.xcore.ibias__t56                   1.02196
xc1.xcore.tail__t255                   1.15592
xc1.xcore.vss__t434                2.86738e-13
xc1.xcore.tail__t156                   1.15591
xc1.xcore.ibias__t57                   1.02196
xc1.xcore.vss__t133                1.21723e-05
xc1.xcore.vss__t435                2.91539e-13
xc1.xcore.vss__t30                 1.23728e-05
xc1.xcore.ibias__t58                   1.02196
xc1.xcore.tail__t256                   1.15591
xc1.xcore.vss__t436                2.96341e-13
xc1.xcore.tail__t157                   1.15591
xc1.xcore.ibias__t59                   1.02196
xc1.xcore.vss__t134                1.25733e-05
xc1.xcore.vss__t437                3.01144e-13
xc1.xcore.vss__t31                 1.27738e-05
xc1.xcore.ibias__t60                   1.02196
xc1.xcore.tail__t257                   1.15591
xc1.xcore.vss__t438                3.05947e-13
xc1.xcore.tail__t211                   1.15591
xc1.xcore.ibias__t176                  1.02196
xc1.xcore.vss__t193                1.29744e-05
xc1.xcore.vss__t439                3.10751e-13
xc1.xcore.vss__t88                  1.3175e-05
xc1.xcore.ibias__t175                  1.02196
xc1.xcore.tail__t311                   1.15591
xc1.xcore.vss__t440                3.15556e-13
xc1.xcore.tail__t165                   1.15591
xc1.xcore.ibias__t79                   1.02196
xc1.xcore.vss__t142                1.33756e-05
xc1.xcore.vss__t441                3.20361e-13
xc1.xcore.vss__t43                 1.35762e-05
xc1.xcore.ibias__t80                   1.02196
xc1.xcore.tail__t269                   1.15591
xc1.xcore.vss__t442                3.25167e-13
xc1.xcore.tail__t166                   1.15591
xc1.xcore.ibias__t81                   1.02196
xc1.xcore.vss__t143                1.37769e-05
xc1.xcore.vss__t443                3.29973e-13
xc1.xcore.vss__t38                 1.39775e-05
xc1.xcore.ibias__t71                   1.02196
xc1.xcore.tail__t264                   1.15591
xc1.xcore.vss__t444                 3.3478e-13
xc1.xcore.tail__t147                   1.15591
xc1.xcore.ibias__t42                   1.02196
xc1.xcore.vss__t125                1.41782e-05
xc1.xcore.vss__t445                3.39587e-13
xc1.xcore.vss__t22                 1.43789e-05
xc1.xcore.ibias__t43                   1.02196
xc1.xcore.tail__t248                   1.15591
xc1.xcore.vss__t446                3.44395e-13
xc1.xcore.tail__t148                   1.15591
xc1.xcore.ibias__t44                   1.02196
xc1.xcore.vss__t126                1.45797e-05
xc1.xcore.vss__t447                3.49203e-13
xc1.xcore.vss__t0                  1.47804e-05
xc1.xcore.ibias__t1                    1.02196
xc1.xcore.tail__t149                   1.15591
xc1.xcore.vss__t456                3.54032e-13
xc1.xcore.tail__t229                   1.15588
xc1.xcore.ibias__t2                    1.02196
xc1.xcore.vss__t1                  2.53708e-05
xc1.xcore.vss__t458                6.07752e-13
xc1.xcore.vss__t189                2.51696e-05
xc1.xcore.ibias__t170                  1.02196
xc1.xcore.tail__t228                   1.15588
xc1.xcore.vss__t250                6.02872e-13
xc1.xcore.tail__t209                   1.15588
xc1.xcore.ibias__t169                  1.02196
xc1.xcore.vss__t188                2.49685e-05
xc1.xcore.vss__t251                5.98053e-13
xc1.xcore.vss__t86                 2.47673e-05
xc1.xcore.ibias__t168                  1.02196
xc1.xcore.tail__t309                   1.15588
xc1.xcore.vss__t252                5.93235e-13
xc1.xcore.tail__t208                   1.15588
xc1.xcore.ibias__t167                  1.02196
xc1.xcore.vss__t187                2.45662e-05
xc1.xcore.vss__t253                5.88416e-13
xc1.xcore.vss__t85                  2.4365e-05
xc1.xcore.ibias__t166                  1.02196
xc1.xcore.tail__t308                   1.15588
xc1.xcore.vss__t254                5.83598e-13
xc1.xcore.tail__t207                   1.15588
xc1.xcore.ibias__t165                  1.02196
xc1.xcore.vss__t186                2.41639e-05
xc1.xcore.vss__t255                 5.7878e-13
xc1.xcore.vss__t84                 2.39628e-05
xc1.xcore.ibias__t164                  1.02196
xc1.xcore.tail__t307                   1.15588
xc1.xcore.vss__t256                5.73961e-13
xc1.xcore.tail__t210                   1.15588
xc1.xcore.ibias__t173                  1.02196
xc1.xcore.vss__t191                2.37616e-05
xc1.xcore.vss__t257                5.69143e-13
xc1.xcore.vss__t87                 2.35605e-05
xc1.xcore.ibias__t172                  1.02196
xc1.xcore.tail__t310                   1.15588
xc1.xcore.vss__t258                5.64325e-13
xc1.xcore.tail__t219                   1.15588
xc1.xcore.ibias__t195                  1.02196
xc1.xcore.vss__t201                2.33594e-05
xc1.xcore.vss__t259                5.59507e-13
xc1.xcore.vss__t99                 2.31583e-05
xc1.xcore.ibias__t194                  1.02196
xc1.xcore.tail__t321                   1.15588
xc1.xcore.vss__t260                 5.5469e-13
xc1.xcore.tail__t227                   1.15588
xc1.xcore.ibias__t209                  1.02196
xc1.xcore.vss__t209                2.29572e-05
xc1.xcore.vss__t261                5.49872e-13
xc1.xcore.vss__t97                  2.2756e-05
xc1.xcore.ibias__t192                  1.02196
xc1.xcore.tail__t319                   1.15588
xc1.xcore.vss__t262                5.45054e-13
xc1.xcore.tail__t218                   1.15588
xc1.xcore.ibias__t191                  1.02196
xc1.xcore.vss__t200                2.25549e-05
xc1.xcore.vss__t263                5.40237e-13
xc1.xcore.vss__t96                 2.23538e-05
xc1.xcore.ibias__t190                  1.02196
xc1.xcore.tail__t318                   1.15588
xc1.xcore.vss__t264                 5.3542e-13
xc1.xcore.tail__t217                   1.15588
xc1.xcore.ibias__t189                  1.02196
xc1.xcore.vss__t199                2.21527e-05
xc1.xcore.vss__t265                5.30602e-13
xc1.xcore.vss__t95                 2.19516e-05
xc1.xcore.ibias__t188                  1.02196
xc1.xcore.tail__t317                   1.15588
xc1.xcore.vss__t266                5.25785e-13
xc1.xcore.tail__t216                   1.15588
xc1.xcore.ibias__t187                  1.02196
xc1.xcore.vss__t198                2.17506e-05
xc1.xcore.vss__t267                5.20968e-13
xc1.xcore.vss__t94                 2.15495e-05
xc1.xcore.ibias__t186                  1.02196
xc1.xcore.tail__t316                   1.15588
xc1.xcore.vss__t268                5.16151e-13
xc1.xcore.tail__t215                   1.15588
xc1.xcore.ibias__t185                  1.02196
xc1.xcore.vss__t197                2.13484e-05
xc1.xcore.vss__t269                5.11335e-13
xc1.xcore.vss__t93                 2.11473e-05
xc1.xcore.ibias__t184                  1.02196
xc1.xcore.tail__t315                   1.15588
xc1.xcore.vss__t270                5.06518e-13
xc1.xcore.tail__t214                   1.15588
xc1.xcore.ibias__t183                  1.02196
xc1.xcore.vss__t196                2.09463e-05
xc1.xcore.vss__t271                5.01702e-13
xc1.xcore.vss__t92                 2.07452e-05
xc1.xcore.ibias__t182                  1.02196
xc1.xcore.tail__t314                   1.15588
xc1.xcore.vss__t272                4.96885e-13
xc1.xcore.tail__t213                   1.15588
xc1.xcore.ibias__t181                  1.02196
xc1.xcore.vss__t195                2.05442e-05
xc1.xcore.vss__t273                4.92069e-13
xc1.xcore.vss__t91                 2.03431e-05
xc1.xcore.ibias__t180                  1.02196
xc1.xcore.tail__t313                   1.15589
xc1.xcore.vss__t274                4.87253e-13
xc1.xcore.tail__t212                   1.15589
xc1.xcore.ibias__t179                  1.02196
xc1.xcore.vss__t194                2.01421e-05
xc1.xcore.vss__t275                4.82437e-13
xc1.xcore.vss__t90                  1.9941e-05
xc1.xcore.ibias__t178                  1.02196
xc1.xcore.tail__t312                   1.15589
xc1.xcore.vss__t276                4.77622e-13
xc1.xcore.tail__t206                   1.15589
xc1.xcore.ibias__t161                  1.02196
xc1.xcore.vss__t184                  1.974e-05
xc1.xcore.vss__t277                4.72806e-13
xc1.xcore.vss__t57                  1.9539e-05
xc1.xcore.ibias__t112                  1.02196
xc1.xcore.tail__t283                   1.15589
xc1.xcore.vss__t278                4.67991e-13
xc1.xcore.tail__t183                   1.15589
xc1.xcore.ibias__t111                  1.02196
xc1.xcore.vss__t160                 1.9338e-05
xc1.xcore.vss__t279                4.63176e-13
xc1.xcore.vss__t56                 1.91369e-05
xc1.xcore.ibias__t110                  1.02196
xc1.xcore.tail__t282                   1.15589
xc1.xcore.vss__t280                4.58361e-13
xc1.xcore.tail__t182                   1.15589
xc1.xcore.ibias__t109                  1.02196
xc1.xcore.vss__t159                1.89359e-05
xc1.xcore.vss__t281                4.53546e-13
xc1.xcore.vss__t55                  1.8735e-05
xc1.xcore.ibias__t108                  1.02196
xc1.xcore.tail__t281                   1.15589
xc1.xcore.vss__t282                4.48732e-13
xc1.xcore.tail__t181                   1.15589
xc1.xcore.ibias__t107                  1.02196
xc1.xcore.vss__t158                 1.8534e-05
xc1.xcore.vss__t283                4.43917e-13
xc1.xcore.vss__t54                  1.8333e-05
xc1.xcore.ibias__t106                  1.02196
xc1.xcore.tail__t280                   1.15589
xc1.xcore.vss__t284                4.39103e-13
xc1.xcore.tail__t180                   1.15589
xc1.xcore.ibias__t105                  1.02196
xc1.xcore.vss__t157                 1.8132e-05
xc1.xcore.vss__t285                4.34289e-13
xc1.xcore.vss__t53                 1.79311e-05
xc1.xcore.ibias__t104                  1.02196
xc1.xcore.tail__t279                   1.15589
xc1.xcore.vss__t286                4.29475e-13
xc1.xcore.tail__t205                   1.15589
xc1.xcore.ibias__t156                  1.02196
xc1.xcore.vss__t182                1.77301e-05
xc1.xcore.vss__t287                4.24662e-13
xc1.xcore.vss__t79                 1.75292e-05
xc1.xcore.ibias__t155                  1.02196
xc1.xcore.tail__t305                   1.15589
xc1.xcore.vss__t288                4.19849e-13
xc1.xcore.tail__t204                   1.15589
xc1.xcore.ibias__t154                  1.02196
xc1.xcore.vss__t181                1.73283e-05
xc1.xcore.vss__t289                4.15036e-13
xc1.xcore.vss__t78                 1.71273e-05
xc1.xcore.ibias__t153                  1.02196
xc1.xcore.tail__t304                   1.15589
xc1.xcore.vss__t290                4.10223e-13
xc1.xcore.tail__t203                   1.15589
xc1.xcore.ibias__t152                  1.02196
xc1.xcore.vss__t180                1.69264e-05
xc1.xcore.vss__t291                 4.0541e-13
xc1.xcore.vss__t77                 1.67255e-05
xc1.xcore.ibias__t151                  1.02196
xc1.xcore.tail__t303                   1.15589
xc1.xcore.vss__t292                4.00598e-13
xc1.xcore.tail__t202                   1.15589
xc1.xcore.ibias__t150                  1.02196
xc1.xcore.vss__t179                1.65246e-05
xc1.xcore.vss__t293                3.95786e-13
xc1.xcore.vss__t76                 1.63238e-05
xc1.xcore.ibias__t149                  1.02196
xc1.xcore.tail__t302                   1.15589
xc1.xcore.vss__t294                3.90975e-13
xc1.xcore.tail__t201                   1.15589
xc1.xcore.ibias__t148                  1.02196
xc1.xcore.vss__t178                1.61229e-05
xc1.xcore.vss__t295                3.86163e-13
xc1.xcore.vss__t75                 1.59221e-05
xc1.xcore.ibias__t147                  1.02196
xc1.xcore.tail__t301                   1.15589
xc1.xcore.vss__t296                3.81352e-13
xc1.xcore.tail__t200                   1.15589
xc1.xcore.ibias__t146                  1.02196
xc1.xcore.vss__t177                1.57212e-05
xc1.xcore.vss__t297                3.76542e-13
xc1.xcore.vss__t98                 1.55204e-05
xc1.xcore.ibias__t193                  1.02196
xc1.xcore.tail__t320                   1.15589
xc1.xcore.vss__t298                3.71732e-13
xc1.xcore.tail__t226                   1.15589
xc1.xcore.ibias__t208                  1.02196
xc1.xcore.vss__t208                1.53196e-05
xc1.xcore.vss__t299                3.66922e-13
xc1.xcore.vss__t105                1.51188e-05
xc1.xcore.ibias__t207                  1.02196
xc1.xcore.tail__t327                   1.15589
xc1.xcore.vss__t300                3.62112e-13
xc1.xcore.tail__t225                   1.15589
xc1.xcore.ibias__t206                  1.02196
xc1.xcore.vss__t207                 1.4918e-05
xc1.xcore.vss__t301                3.57303e-13
xc1.xcore.vss__t104                1.47173e-05
xc1.xcore.ibias__t205                  1.02196
xc1.xcore.tail__t326                   1.15589
xc1.xcore.vss__t302                3.52494e-13
xc1.xcore.tail__t224                   1.15589
xc1.xcore.ibias__t204                  1.02196
xc1.xcore.vss__t206                1.45165e-05
xc1.xcore.vss__t303                3.47686e-13
xc1.xcore.vss__t103                1.43158e-05
xc1.xcore.ibias__t203                  1.02196
xc1.xcore.tail__t325                    1.1559
xc1.xcore.vss__t304                3.42878e-13
xc1.xcore.tail__t223                    1.1559
xc1.xcore.ibias__t202                  1.02196
xc1.xcore.vss__t205                1.41151e-05
xc1.xcore.vss__t305                 3.3807e-13
xc1.xcore.vss__t102                1.39144e-05
xc1.xcore.ibias__t201                  1.02196
xc1.xcore.tail__t324                    1.1559
xc1.xcore.vss__t306                3.33263e-13
xc1.xcore.tail__t222                    1.1559
xc1.xcore.ibias__t200                  1.02196
xc1.xcore.vss__t204                1.37137e-05
xc1.xcore.vss__t307                3.28457e-13
xc1.xcore.vss__t101                1.35131e-05
xc1.xcore.ibias__t199                  1.02196
xc1.xcore.tail__t323                    1.1559
xc1.xcore.vss__t308                3.23651e-13
xc1.xcore.tail__t221                    1.1559
xc1.xcore.ibias__t198                  1.02196
xc1.xcore.vss__t203                1.33125e-05
xc1.xcore.vss__t309                3.18845e-13
xc1.xcore.vss__t100                1.31119e-05
xc1.xcore.ibias__t197                  1.02196
xc1.xcore.tail__t322                    1.1559
xc1.xcore.vss__t310                 3.1404e-13
xc1.xcore.tail__t220                    1.1559
xc1.xcore.ibias__t196                  1.02196
xc1.xcore.vss__t202                1.29113e-05
xc1.xcore.vss__t311                3.09236e-13
xc1.xcore.vss__t80                 1.27107e-05
xc1.xcore.ibias__t157                  1.02196
xc1.xcore.tail__t306                    1.1559
xc1.xcore.vss__t312                3.04432e-13
xc1.xcore.tail__t185                    1.1559
xc1.xcore.ibias__t116                  1.02196
xc1.xcore.vss__t162                1.25102e-05
xc1.xcore.vss__t313                2.99629e-13
xc1.xcore.vss__t59                 1.23097e-05
xc1.xcore.ibias__t115                  1.02196
xc1.xcore.tail__t285                    1.1559
xc1.xcore.vss__t314                2.94827e-13
xc1.xcore.tail__t184                    1.1559
xc1.xcore.ibias__t114                  1.02196
xc1.xcore.vss__t161                1.21092e-05
xc1.xcore.vss__t315                2.90025e-13
xc1.xcore.vss__t71                 1.19088e-05
xc1.xcore.ibias__t139                  1.02196
xc1.xcore.tail__t297                    1.1559
xc1.xcore.vss__t316                2.85224e-13
xc1.xcore.tail__t196                    1.1559
xc1.xcore.ibias__t138                  1.02196
xc1.xcore.vss__t173                1.17084e-05
xc1.xcore.vss__t317                2.80424e-13
xc1.xcore.vss__t70                  1.1508e-05
xc1.xcore.ibias__t137                  1.02196
xc1.xcore.tail__t296                    1.1559
xc1.xcore.vss__t318                2.75625e-13
xc1.xcore.tail__t195                    1.1559
xc1.xcore.ibias__t136                  1.02196
xc1.xcore.vss__t172                1.13077e-05
xc1.xcore.vss__t319                2.70827e-13
xc1.xcore.vss__t69                 1.11074e-05
xc1.xcore.ibias__t135                  1.02196
xc1.xcore.tail__t295                    1.1559
xc1.xcore.vss__t320                2.66029e-13
xc1.xcore.tail__t194                    1.1559
xc1.xcore.ibias__t134                  1.02196
xc1.xcore.vss__t171                1.09072e-05
xc1.xcore.vss__t321                2.61233e-13
xc1.xcore.vss__t61                 1.07069e-05
xc1.xcore.ibias__t119                  1.02196
xc1.xcore.tail__t287                    1.1559
xc1.xcore.vss__t322                2.56437e-13
xc1.xcore.tail__t179                    1.1559
xc1.xcore.ibias__t103                  1.02196
xc1.xcore.vss__t156                1.05068e-05
xc1.xcore.vss__t323                2.51643e-13
xc1.xcore.vss__t48                 1.03066e-05
xc1.xcore.ibias__t92                   1.02196
xc1.xcore.tail__t274                    1.1559
xc1.xcore.vss__t324                2.46849e-13
xc1.xcore.tail__t178                    1.1559
xc1.xcore.ibias__t102                  1.02196
xc1.xcore.vss__t155                1.01066e-05
xc1.xcore.vss__t325                2.42057e-13
xc1.xcore.vss__t52                 9.90656e-06
xc1.xcore.ibias__t101                  1.02196
xc1.xcore.tail__t278                    1.1559
xc1.xcore.vss__t326                2.37267e-13
xc1.xcore.tail__t177                    1.1559
xc1.xcore.ibias__t100                  1.02196
xc1.xcore.vss__t154                 9.7066e-06
xc1.xcore.vss__t327                2.32477e-13
xc1.xcore.vss__t51                  9.5067e-06
xc1.xcore.ibias__t99                   1.02196
xc1.xcore.tail__t277                    1.1559
xc1.xcore.vss__t328                2.27689e-13
xc1.xcore.tail__t176                    1.1559
xc1.xcore.ibias__t98                   1.02196
xc1.xcore.vss__t153                9.30687e-06
xc1.xcore.vss__t329                2.22903e-13
xc1.xcore.vss__t58                  9.1071e-06
xc1.xcore.ibias__t113                  1.02196
xc1.xcore.tail__t284                    1.1559
xc1.xcore.vss__t330                2.18118e-13
xc1.xcore.tail__t174                    1.1559
xc1.xcore.ibias__t96                   1.02196
xc1.xcore.vss__t151                8.90741e-06
xc1.xcore.vss__t331                2.13335e-13
xc1.xcore.vss__t50                 8.70779e-06
xc1.xcore.ibias__t95                   1.02196
xc1.xcore.tail__t276                    1.1559
xc1.xcore.vss__t332                2.08554e-13
xc1.xcore.tail__t173                    1.1559
xc1.xcore.ibias__t94                   1.02196
xc1.xcore.vss__t150                8.50826e-06
xc1.xcore.vss__t333                2.03775e-13
xc1.xcore.vss__t49                 8.30882e-06
xc1.xcore.ibias__t93                   1.02196
xc1.xcore.tail__t275                    1.1559
xc1.xcore.vss__t334                1.98998e-13
xc1.xcore.tail__t172                   1.15591
xc1.xcore.ibias__t91                   1.02196
xc1.xcore.vss__t149                8.10947e-06
xc1.xcore.vss__t335                1.94224e-13
xc1.xcore.vss__t47                 7.91023e-06
xc1.xcore.ibias__t90                   1.02196
xc1.xcore.tail__t273                   1.15591
xc1.xcore.vss__t336                1.89452e-13
xc1.xcore.tail__t171                   1.15591
xc1.xcore.ibias__t89                   1.02196
xc1.xcore.vss__t148                 7.7111e-06
xc1.xcore.vss__t337                1.84682e-13
xc1.xcore.vss__t46                 7.51209e-06
xc1.xcore.ibias__t88                   1.02196
xc1.xcore.tail__t272                   1.15591
xc1.xcore.vss__t338                1.79916e-13
xc1.xcore.tail__t170                   1.15591
xc1.xcore.ibias__t87                   1.02196
xc1.xcore.vss__t147                7.31322e-06
xc1.xcore.vss__t339                1.75152e-13
xc1.xcore.vss__t45                 7.11448e-06
xc1.xcore.ibias__t86                   1.02196
xc1.xcore.tail__t271                   1.15591
xc1.xcore.vss__t340                1.70393e-13
xc1.xcore.tail__t169                   1.15591
xc1.xcore.ibias__t85                   1.02196
xc1.xcore.vss__t146                 6.9159e-06
xc1.xcore.vss__t341                1.65636e-13
xc1.xcore.vss__t44                 6.71748e-06
xc1.xcore.ibias__t84                   1.02196
xc1.xcore.tail__t270                   1.15591
xc1.xcore.vss__t342                1.60884e-13
xc1.xcore.tail__t168                   1.15591
xc1.xcore.ibias__t83                   1.02196
xc1.xcore.vss__t145                6.51925e-06
xc1.xcore.vss__t343                1.56136e-13
xc1.xcore.vss__t66                 6.32122e-06
xc1.xcore.ibias__t129                  1.02196
xc1.xcore.tail__t292                   1.15591
xc1.xcore.vss__t344                1.51393e-13
xc1.xcore.tail__t199                   1.15591
xc1.xcore.ibias__t144                  1.02196
xc1.xcore.vss__t176                 6.1234e-06
xc1.xcore.vss__t345                1.46655e-13
xc1.xcore.vss__t73                 5.92583e-06
xc1.xcore.ibias__t143                  1.02196
xc1.xcore.tail__t299                   1.15591
xc1.xcore.vss__t346                1.41923e-13
xc1.xcore.tail__t198                   1.15591
xc1.xcore.ibias__t142                  1.02196
xc1.xcore.vss__t175                5.72853e-06
xc1.xcore.vss__t347                1.37198e-13
xc1.xcore.vss__t72                 5.53152e-06
xc1.xcore.ibias__t141                  1.02196
xc1.xcore.tail__t298                   1.15591
xc1.xcore.vss__t348                1.32479e-13
xc1.xcore.outp__t53                    2.79775
xc1.xcore.inp__t1                       2.5245
xc1.xcore.tail__t0                     1.15598
xc1.xcore.vss__t460                2.20441e-12
xc1.xcore.tail__t119                   1.15598
xc1.xcore.inp__t53                      2.5245
xc1.xcore.outp__t52                    2.79775
xc1.xcore.vss__t462                2.17184e-12
xc1.xcore.outp__t46                    2.79775
xc1.xcore.inp__t52                      2.5245
xc1.xcore.tail__t118                   1.15598
xc1.xcore.vss__t463                2.19218e-12
xc1.xcore.tail__t58                    1.15599
xc1.xcore.inp__t61                      2.5245
xc1.xcore.outp__t82                    2.79775
xc1.xcore.vss__t464                2.21252e-12
xc1.xcore.outp__t30                    2.79775
xc1.xcore.inp__t24                      2.5245
xc1.xcore.tail__t98                    1.15599
xc1.xcore.vss__t465                2.23286e-12
xc1.xcore.tail__t38                    1.15599
xc1.xcore.inp__t23                      2.5245
xc1.xcore.outp__t64                    2.79774
xc1.xcore.vss__t466                 2.2532e-12
xc1.xcore.outp__t29                    2.79774
xc1.xcore.inp__t22                      2.5245
xc1.xcore.tail__t97                    1.15599
xc1.xcore.vss__t467                2.27355e-12
xc1.xcore.tail__t37                    1.15599
xc1.xcore.inp__t21                      2.5245
xc1.xcore.outp__t63                    2.79774
xc1.xcore.vss__t468                2.29389e-12
xc1.xcore.outp__t28                    2.79774
xc1.xcore.inp__t20                      2.5245
xc1.xcore.tail__t96                    1.15599
xc1.xcore.vss__t469                2.31423e-12
xc1.xcore.tail__t36                    1.15599
xc1.xcore.inp__t19                      2.5245
xc1.xcore.outp__t62                    2.79774
xc1.xcore.vss__t470                2.33457e-12
xc1.xcore.outp__t27                    2.79774
xc1.xcore.inp__t18                      2.5245
xc1.xcore.tail__t95                    1.15599
xc1.xcore.vss__t471                2.35492e-12
xc1.xcore.tail__t35                    1.15599
xc1.xcore.inp__t17                      2.5245
xc1.xcore.outp__t61                    2.79773
xc1.xcore.vss__t472                2.37526e-12
xc1.xcore.outp__t26                    2.79773
xc1.xcore.inp__t16                      2.5245
xc1.xcore.tail__t94                    1.15599
xc1.xcore.vss__t473                 2.3956e-12
xc1.xcore.tail__t33                    1.15599
xc1.xcore.inp__t15                      2.5245
xc1.xcore.outp__t60                    2.79773
xc1.xcore.vss__t474                2.41595e-12
xc1.xcore.outp__t47                    2.79773
xc1.xcore.inp__t54                      2.5245
xc1.xcore.tail__t120                   1.15599
xc1.xcore.vss__t475                2.43629e-12
xc1.xcore.tail__t54                      1.156
xc1.xcore.inp__t55                      2.5245
xc1.xcore.outp__t78                    2.79773
xc1.xcore.vss__t476                2.45664e-12
xc1.xcore.outp__t51                    2.79773
xc1.xcore.inp__t63                      2.5245
xc1.xcore.tail__t126                     1.156
xc1.xcore.vss__t477                2.47698e-12
xc1.xcore.tail__t57                      1.156
xc1.xcore.inp__t60                      2.5245
xc1.xcore.outp__t81                    2.79772
xc1.xcore.vss__t478                2.49732e-12
xc1.xcore.outp__t49                    2.79772
xc1.xcore.inp__t59                      2.5245
xc1.xcore.tail__t122                     1.156
xc1.xcore.vss__t479                2.51767e-12
xc1.xcore.tail__t56                      1.156
xc1.xcore.inp__t58                      2.5245
xc1.xcore.outp__t80                    2.79772
xc1.xcore.vss__t480                2.53801e-12
xc1.xcore.outp__t48                    2.79772
xc1.xcore.inp__t57                      2.5245
xc1.xcore.tail__t121                     1.156
xc1.xcore.vss__t481                2.55835e-12
xc1.xcore.tail__t55                      1.156
xc1.xcore.inp__t56                      2.5245
xc1.xcore.outp__t79                    2.79772
xc1.xcore.vss__t482                 2.5787e-12
xc1.xcore.outp__t24                    2.79772
xc1.xcore.inp__t11                      2.5245
xc1.xcore.tail__t92                      1.156
xc1.xcore.vss__t483                2.59904e-12
xc1.xcore.tail__t30                      1.156
xc1.xcore.inp__t10                      2.5245
xc1.xcore.outp__t57                    2.79772
xc1.xcore.vss__t484                2.61938e-12
xc1.xcore.outp__t23                    2.79771
xc1.xcore.inp__t9                       2.5245
xc1.xcore.tail__t88                      1.156
xc1.xcore.vss__t485                2.63973e-12
xc1.xcore.tail__t32                      1.156
xc1.xcore.inp__t14                      2.5245
xc1.xcore.outp__t59                    2.79771
xc1.xcore.vss__t486                2.66007e-12
xc1.xcore.outp__t25                    2.79771
xc1.xcore.inp__t13                      2.5245
xc1.xcore.tail__t93                      1.156
xc1.xcore.vss__t487                2.68042e-12
xc1.xcore.tail__t60                      1.156
xc1.xcore.inp__t0                       2.5245
xc1.xcore.outp__t83                    2.79771
xc1.xcore.vss__t488                2.70076e-12
xc1.xcore.outp__t50                    2.79771
xc1.xcore.inp__t62                      2.5245
xc1.xcore.tail__t123                   1.15601
xc1.xcore.vss__t489                 2.7211e-12
xc1.xcore.tail__t42                    1.15601
xc1.xcore.inp__t29                      2.5245
xc1.xcore.outp__t67                    2.79771
xc1.xcore.vss__t490                2.74144e-12
xc1.xcore.outp__t32                     2.7977
xc1.xcore.inp__t28                      2.5245
xc1.xcore.tail__t102                   1.15601
xc1.xcore.vss__t491                2.76179e-12
xc1.xcore.tail__t41                    1.15601
xc1.xcore.inp__t27                      2.5245
xc1.xcore.outp__t66                     2.7977
xc1.xcore.vss__t492                2.78213e-12
xc1.xcore.outp__t31                     2.7977
xc1.xcore.inp__t26                      2.5245
xc1.xcore.tail__t101                   1.15601
xc1.xcore.vss__t493                2.80247e-12
xc1.xcore.tail__t40                    1.15601
xc1.xcore.inp__t25                      2.5245
xc1.xcore.outp__t65                     2.7977
xc1.xcore.vss__t494                2.82281e-12
xc1.xcore.outp__t20                     2.7977
xc1.xcore.inp__t4                       2.5245
xc1.xcore.tail__t74                    1.15601
xc1.xcore.vss__t495                2.84316e-12
xc1.xcore.tail__t14                    1.15601
xc1.xcore.inp__t3                       2.5245
xc1.xcore.outp__t54                     2.7977
xc1.xcore.vss__t496                 2.8635e-12
xc1.xcore.outp__t22                    2.79769
xc1.xcore.inp__t7                       2.5245
xc1.xcore.tail__t76                    1.15601
xc1.xcore.vss__t497                2.88384e-12
xc1.xcore.tail__t16                    1.15601
xc1.xcore.inp__t6                       2.5245
xc1.xcore.outp__t55                    2.79769
xc1.xcore.vss__t498                2.90418e-12
xc1.xcore.outp__t21                    2.79769
xc1.xcore.inp__t5                       2.5245
xc1.xcore.tail__t75                    1.15601
xc1.xcore.vss__t499                2.92452e-12
xc1.xcore.tail__t19                    1.15601
xc1.xcore.inp__t8                       2.5245
xc1.xcore.outp__t56                    2.79769
xc1.xcore.vss__t500                2.94486e-12
xc1.xcore.outp__t45                    2.79769
xc1.xcore.inp__t50                      2.5245
xc1.xcore.tail__t116                   1.15601
xc1.xcore.vss__t501                 2.9652e-12
xc1.xcore.tail__t51                    1.15602
xc1.xcore.inp__t49                      2.5245
xc1.xcore.outp__t76                    2.79769
xc1.xcore.vss__t502                2.98554e-12
xc1.xcore.outp__t44                    2.79768
xc1.xcore.inp__t48                      2.5245
xc1.xcore.tail__t115                   1.15602
xc1.xcore.vss__t503                3.00588e-12
xc1.xcore.tail__t50                    1.15602
xc1.xcore.inp__t47                      2.5245
xc1.xcore.outp__t75                    2.79768
xc1.xcore.vss__t504                3.02622e-12
xc1.xcore.outp__t43                    2.79768
xc1.xcore.inp__t46                      2.5245
xc1.xcore.tail__t114                   1.15602
xc1.xcore.vss__t505                3.04656e-12
xc1.xcore.tail__t49                    1.15602
xc1.xcore.inp__t45                      2.5245
xc1.xcore.outp__t74                    2.79768
xc1.xcore.vss__t506                 3.0669e-12
xc1.xcore.outp__t42                    2.79768
xc1.xcore.inp__t44                      2.5245
xc1.xcore.tail__t113                   1.15602
xc1.xcore.vss__t507                3.08724e-12
xc1.xcore.tail__t48                    1.15602
xc1.xcore.inp__t43                      2.5245
xc1.xcore.outp__t73                    2.79768
xc1.xcore.vss__t508                3.10758e-12
xc1.xcore.outp__t41                    2.79768
xc1.xcore.inp__t42                      2.5245
xc1.xcore.tail__t112                   1.15602
xc1.xcore.vss__t509                3.12792e-12
xc1.xcore.tail__t47                    1.15602
xc1.xcore.inp__t41                      2.5245
xc1.xcore.outp__t72                    2.79767
xc1.xcore.vss__t510                3.14826e-12
xc1.xcore.outp__t40                    2.79767
xc1.xcore.inp__t40                      2.5245
xc1.xcore.tail__t111                   1.15602
xc1.xcore.vss__t511                 3.1686e-12
xc1.xcore.tail__t46                    1.15602
xc1.xcore.inp__t39                      2.5245
xc1.xcore.outp__t71                    2.79767
xc1.xcore.vss__t512                3.18893e-12
xc1.xcore.outp__t39                    2.79767
xc1.xcore.inp__t38                      2.5245
xc1.xcore.tail__t110                   1.15602
xc1.xcore.vss__t513                3.20927e-12
xc1.xcore.tail__t53                    1.15602
xc1.xcore.inp__t51                      2.5245
xc1.xcore.outp__t77                    2.79767
xc1.xcore.vss__t514                3.22961e-12
xc1.xcore.outp__t38                    2.79767
xc1.xcore.inp__t37                      2.5245
xc1.xcore.tail__t108                   1.15603
xc1.xcore.vss__t515                3.24994e-12
xc1.xcore.tail__t45                    1.15603
xc1.xcore.inp__t36                      2.5245
xc1.xcore.outp__t70                    2.79766
xc1.xcore.vss__t516                3.27028e-12
xc1.xcore.outp__t37                    2.79766
xc1.xcore.inp__t35                      2.5245
xc1.xcore.tail__t107                   1.15603
xc1.xcore.vss__t517                3.29062e-12
xc1.xcore.tail__t44                    1.15603
xc1.xcore.inp__t34                      2.5245
xc1.xcore.outp__t69                    2.79766
xc1.xcore.vss__t518                3.31095e-12
xc1.xcore.outp__t36                    2.79766
xc1.xcore.inp__t33                      2.5245
xc1.xcore.tail__t106                   1.15603
xc1.xcore.vss__t519                3.33129e-12
xc1.xcore.tail__t31                    1.15603
xc1.xcore.inp__t12                      2.5245
xc1.xcore.outp__t58                    2.79766
xc1.xcore.vss__t520                3.35162e-12
xc1.xcore.outp__t35                    2.79766
xc1.xcore.inp__t32                      2.5245
xc1.xcore.tail__t104                   1.15603
xc1.xcore.vss__t521                3.37196e-12
xc1.xcore.tail__t43                    1.15603
xc1.xcore.inp__t31                      2.5245
xc1.xcore.outp__t68                    2.79765
xc1.xcore.vss__t522                3.39229e-12
xc1.xcore.outp__t33                    2.79765
xc1.xcore.inp__t30                      2.5245
xc1.xcore.tail__t103                   1.15603
xc1.xcore.vss__t523                3.41262e-12
xc1.xcore.tail__t1                     1.15603
xc1.xcore.inp__t2                       2.5245
xc1.xcore.outp__t34                    2.79765
xc1.xcore.vss__t586                3.51746e-12
xc1.xcore.ibias__t215                  1.01923
xc1.xcore.ibias__t3                    1.02196
xc1.xcore.vss__t2                  2.51857e-05
xc1.xcore.vss__t459                5.38651e-13
xc1.xcore.vss__t81                 2.49859e-05
xc1.xcore.ibias__t158                  1.02196
xc1.xcore.ibias__t216                  1.01926
xc1.xcore.vss__t448                 5.3433e-13
xc1.xcore.ibias__t213                  1.01929
xc1.xcore.ibias__t171                  1.02196
xc1.xcore.vss__t190                2.47861e-05
xc1.xcore.vss__t449                 5.3007e-13
xc1.xcore.vss__t83                 2.45863e-05
xc1.xcore.ibias__t163                  1.02196
xc1.xcore.ibias__t218                  1.01932
xc1.xcore.vss__t450                 5.2581e-13
xc1.xcore.ibias__t212                  1.01935
xc1.xcore.ibias__t162                  1.02196
xc1.xcore.vss__t185                2.43865e-05
xc1.xcore.vss__t451                 5.2155e-13
xc1.xcore.vss__t89                 2.41867e-05
xc1.xcore.ibias__t177                  1.02196
xc1.xcore.ibias__t219                  1.01938
xc1.xcore.vss__t452                5.17289e-13
xc1.xcore.ibias__t211                  1.01941
xc1.xcore.ibias__t160                  1.02196
xc1.xcore.vss__t183                2.39868e-05
xc1.xcore.vss__t453                5.13028e-13
xc1.xcore.vss__t82                  2.3787e-05
xc1.xcore.ibias__t159                  1.02196
xc1.xcore.ibias__t217                  1.01944
xc1.xcore.vss__t454                5.08767e-13
xc1.xcore.ibias__t214                  1.01947
xc1.xcore.ibias__t174                  1.02196
xc1.xcore.vss__t192                2.35872e-05
xc1.xcore.vss__t455                5.04506e-13
xc1.xcore.vss__t3                  2.33874e-05
xc1.xcore.ibias__t4                    1.02196
xc1.xcore.ibias__t210                   1.0195
xc1.xcore.vss__t457                5.00297e-13
xc1.xcore.outn__t52                    3.29865
xc1.xcore.inn__t1                       1.6335
xc1.xcore.tail__t3                     1.15593
xc1.xcore.vss__t461                7.22432e-11
xc1.xcore.tail__t62                    1.15593
xc1.xcore.inn__t58                      1.6335
xc1.xcore.outn__t81                    3.29865
xc1.xcore.vss__t524                7.28754e-11
xc1.xcore.outn__t49                    3.29865
xc1.xcore.inn__t59                      1.6335
xc1.xcore.tail__t124                   1.15593
xc1.xcore.vss__t525                7.35605e-11
xc1.xcore.tail__t63                    1.15593
xc1.xcore.inn__t60                      1.6335
xc1.xcore.outn__t82                    3.29865
xc1.xcore.vss__t526                7.42456e-11
xc1.xcore.outn__t50                    3.29865
xc1.xcore.inn__t61                      1.6335
xc1.xcore.tail__t125                   1.15593
xc1.xcore.vss__t527                7.49307e-11
xc1.xcore.tail__t64                    1.15593
xc1.xcore.inn__t62                      1.6335
xc1.xcore.outn__t83                    3.29865
xc1.xcore.vss__t528                7.56159e-11
xc1.xcore.outn__t46                    3.29865
xc1.xcore.inn__t52                      1.6335
xc1.xcore.tail__t105                   1.15593
xc1.xcore.vss__t529                 7.6301e-11
xc1.xcore.tail__t15                    1.15593
xc1.xcore.inn__t21                      1.6335
xc1.xcore.outn__t63                    3.29865
xc1.xcore.vss__t530                7.69862e-11
xc1.xcore.outn__t45                    3.29865
xc1.xcore.inn__t51                      1.6335
xc1.xcore.tail__t100                   1.15593
xc1.xcore.vss__t531                7.76714e-11
xc1.xcore.tail__t34                    1.15593
xc1.xcore.inn__t48                      1.6335
xc1.xcore.outn__t76                    3.29865
xc1.xcore.vss__t532                7.83566e-11
xc1.xcore.outn__t44                    3.29865
xc1.xcore.inn__t50                      1.6335
xc1.xcore.tail__t99                    1.15593
xc1.xcore.vss__t533                7.90418e-11
xc1.xcore.tail__t61                    1.15593
xc1.xcore.inn__t57                      1.6335
xc1.xcore.outn__t80                    3.29865
xc1.xcore.vss__t534                7.97271e-11
xc1.xcore.outn__t40                    3.29865
xc1.xcore.inn__t42                      1.6335
xc1.xcore.tail__t87                    1.15593
xc1.xcore.vss__t535                8.04123e-11
xc1.xcore.tail__t27                    1.15593
xc1.xcore.inn__t41                      1.6335
xc1.xcore.outn__t73                    3.29865
xc1.xcore.vss__t536                8.10976e-11
xc1.xcore.outn__t39                    3.29865
xc1.xcore.inn__t40                      1.6335
xc1.xcore.tail__t86                    1.15593
xc1.xcore.vss__t537                8.17829e-11
xc1.xcore.tail__t26                    1.15593
xc1.xcore.inn__t39                      1.6335
xc1.xcore.outn__t72                    3.29865
xc1.xcore.vss__t538                8.24682e-11
xc1.xcore.outn__t38                    3.29865
xc1.xcore.inn__t38                      1.6335
xc1.xcore.tail__t85                    1.15593
xc1.xcore.vss__t539                8.31535e-11
xc1.xcore.tail__t25                    1.15593
xc1.xcore.inn__t37                      1.6335
xc1.xcore.outn__t71                    3.29865
xc1.xcore.vss__t540                8.38388e-11
xc1.xcore.outn__t47                    3.29865
xc1.xcore.inn__t53                      1.6335
xc1.xcore.tail__t109                   1.15593
xc1.xcore.vss__t541                8.45241e-11
xc1.xcore.tail__t52                    1.15593
xc1.xcore.inn__t55                      1.6335
xc1.xcore.outn__t78                    3.29865
xc1.xcore.vss__t542                8.52095e-11
xc1.xcore.outn__t48                    3.29865
xc1.xcore.inn__t54                      1.6335
xc1.xcore.tail__t117                   1.15593
xc1.xcore.vss__t543                8.58949e-11
xc1.xcore.tail__t39                    1.15593
xc1.xcore.inn__t49                      1.6335
xc1.xcore.outn__t77                    3.29865
xc1.xcore.vss__t544                8.65802e-11
xc1.xcore.outn__t41                    3.29865
xc1.xcore.inn__t43                      1.6335
xc1.xcore.tail__t89                    1.15593
xc1.xcore.vss__t545                8.72656e-11
xc1.xcore.tail__t29                    1.15593
xc1.xcore.inn__t47                      1.6335
xc1.xcore.outn__t75                    3.29865
xc1.xcore.vss__t546                 8.7951e-11
xc1.xcore.outn__t43                    3.29865
xc1.xcore.inn__t46                      1.6335
xc1.xcore.tail__t91                    1.15593
xc1.xcore.vss__t547                8.86364e-11
xc1.xcore.tail__t28                    1.15593
xc1.xcore.inn__t45                      1.6335
xc1.xcore.outn__t74                    3.29865
xc1.xcore.vss__t548                8.93218e-11
xc1.xcore.outn__t42                    3.29865
xc1.xcore.inn__t44                      1.6335
xc1.xcore.tail__t90                    1.15593
xc1.xcore.vss__t549                9.00073e-11
xc1.xcore.tail__t59                    1.15593
xc1.xcore.inn__t56                      1.6335
xc1.xcore.outn__t79                    3.29865
xc1.xcore.vss__t550                9.06927e-11
xc1.xcore.outn__t51                    3.29865
xc1.xcore.inn__t63                      1.6335
xc1.xcore.tail__t127                   1.15593
xc1.xcore.vss__t551                9.13782e-11
xc1.xcore.tail__t13                    1.15593
xc1.xcore.inn__t19                      1.6335
xc1.xcore.outn__t62                    3.29865
xc1.xcore.vss__t552                9.20636e-11
xc1.xcore.outn__t28                    3.29865
xc1.xcore.inn__t18                      1.6335
xc1.xcore.tail__t72                    1.15593
xc1.xcore.vss__t553                9.27491e-11
xc1.xcore.tail__t12                    1.15593
xc1.xcore.inn__t17                      1.6335
xc1.xcore.outn__t61                    3.29865
xc1.xcore.vss__t554                9.34346e-11
xc1.xcore.outn__t27                    3.29865
xc1.xcore.inn__t16                      1.6335
xc1.xcore.tail__t71                    1.15593
xc1.xcore.vss__t555                9.41201e-11
xc1.xcore.tail__t11                    1.15593
xc1.xcore.inn__t15                      1.6335
xc1.xcore.outn__t60                    3.29865
xc1.xcore.vss__t556                9.48056e-11
xc1.xcore.outn__t26                    3.29865
xc1.xcore.inn__t14                      1.6335
xc1.xcore.tail__t70                    1.15593
xc1.xcore.vss__t557                9.54911e-11
xc1.xcore.tail__t10                    1.15593
xc1.xcore.inn__t13                      1.6335
xc1.xcore.outn__t59                    3.29865
xc1.xcore.vss__t558                9.61766e-11
xc1.xcore.outn__t25                    3.29865
xc1.xcore.inn__t12                      1.6335
xc1.xcore.tail__t69                    1.15593
xc1.xcore.vss__t559                9.68621e-11
xc1.xcore.tail__t6                     1.15593
xc1.xcore.inn__t5                       1.6335
xc1.xcore.outn__t55                    3.29865
xc1.xcore.vss__t560                9.75477e-11
xc1.xcore.outn__t24                    3.29865
xc1.xcore.inn__t11                      1.6335
xc1.xcore.tail__t68                    1.15593
xc1.xcore.vss__t561                9.82332e-11
xc1.xcore.tail__t4                     1.15593
xc1.xcore.inn__t2                       1.6335
xc1.xcore.outn__t53                    3.29865
xc1.xcore.vss__t562                9.89188e-11
xc1.xcore.outn__t21                    3.29865
xc1.xcore.inn__t3                       1.6335
xc1.xcore.tail__t65                    1.15593
xc1.xcore.vss__t563                9.96043e-11
xc1.xcore.tail__t5                     1.15593
xc1.xcore.inn__t4                       1.6335
xc1.xcore.outn__t54                    3.29865
xc1.xcore.vss__t564                 1.0029e-10
xc1.xcore.outn__t22                    3.29865
xc1.xcore.inn__t6                       1.6335
xc1.xcore.tail__t66                    1.15593
xc1.xcore.vss__t565                1.00975e-10
xc1.xcore.tail__t7                     1.15593
xc1.xcore.inn__t7                       1.6335
xc1.xcore.outn__t56                    3.29865
xc1.xcore.vss__t566                1.01661e-10
xc1.xcore.outn__t23                    3.29865
xc1.xcore.inn__t8                       1.6335
xc1.xcore.tail__t67                    1.15593
xc1.xcore.vss__t567                1.02347e-10
xc1.xcore.tail__t8                     1.15593
xc1.xcore.inn__t9                       1.6335
xc1.xcore.outn__t57                    3.29865
xc1.xcore.vss__t568                1.03032e-10
xc1.xcore.outn__t29                    3.29865
xc1.xcore.inn__t20                      1.6335
xc1.xcore.tail__t73                    1.15593
xc1.xcore.vss__t569                1.03718e-10
xc1.xcore.tail__t9                     1.15593
xc1.xcore.inn__t10                      1.6335
xc1.xcore.outn__t58                    3.29865
xc1.xcore.vss__t570                1.04403e-10
xc1.xcore.outn__t36                    3.29865
xc1.xcore.inn__t35                      1.6335
xc1.xcore.tail__t83                    1.15593
xc1.xcore.vss__t571                1.05089e-10
xc1.xcore.tail__t24                    1.15593
xc1.xcore.inn__t34                      1.6335
xc1.xcore.outn__t70                    3.29865
xc1.xcore.vss__t572                1.05775e-10
xc1.xcore.outn__t35                    3.29865
xc1.xcore.inn__t33                      1.6335
xc1.xcore.tail__t82                    1.15593
xc1.xcore.vss__t573                 1.0646e-10
xc1.xcore.tail__t23                    1.15593
xc1.xcore.inn__t32                      1.6335
xc1.xcore.outn__t69                    3.29865
xc1.xcore.vss__t574                1.07146e-10
xc1.xcore.outn__t34                    3.29865
xc1.xcore.inn__t31                      1.6335
xc1.xcore.tail__t81                    1.15593
xc1.xcore.vss__t575                1.07832e-10
xc1.xcore.tail__t22                    1.15593
xc1.xcore.inn__t30                      1.6335
xc1.xcore.outn__t68                    3.29865
xc1.xcore.vss__t576                1.08517e-10
xc1.xcore.outn__t33                    3.29865
xc1.xcore.inn__t29                      1.6335
xc1.xcore.tail__t80                    1.15593
xc1.xcore.vss__t577                1.09203e-10
xc1.xcore.tail__t21                    1.15593
xc1.xcore.inn__t28                      1.6335
xc1.xcore.outn__t67                    3.29865
xc1.xcore.vss__t578                1.09889e-10
xc1.xcore.outn__t32                    3.29865
xc1.xcore.inn__t27                      1.6335
xc1.xcore.tail__t79                    1.15593
xc1.xcore.vss__t579                1.10574e-10
xc1.xcore.tail__t20                    1.15593
xc1.xcore.inn__t26                      1.6335
xc1.xcore.outn__t66                    3.29865
xc1.xcore.vss__t580                 1.1126e-10
xc1.xcore.outn__t37                    3.29865
xc1.xcore.inn__t36                      1.6335
xc1.xcore.tail__t84                    1.15593
xc1.xcore.vss__t581                1.11946e-10
xc1.xcore.tail__t18                    1.15593
xc1.xcore.inn__t25                      1.6335
xc1.xcore.outn__t65                    3.29865
xc1.xcore.vss__t582                1.12631e-10
xc1.xcore.outn__t31                    3.29865
xc1.xcore.inn__t24                      1.6335
xc1.xcore.tail__t78                    1.15593
xc1.xcore.vss__t583                1.13317e-10
xc1.xcore.tail__t17                    1.15593
xc1.xcore.inn__t23                      1.6335
xc1.xcore.outn__t64                    3.29865
xc1.xcore.vss__t584                1.14003e-10
xc1.xcore.outn__t30                    3.29865
xc1.xcore.inn__t22                      1.6335
xc1.xcore.tail__t77                    1.15593
xc1.xcore.vss__t585                1.14688e-10
xc1.xcore.tail__t2                     1.15593
xc1.xcore.inn__t0                       1.6335
xc1.xcore.outn__t20                    3.29865
xc1.xcore.vss__t587                1.15458e-10
xc1.xcore.vss__t210                3.35178e-12
xc1.xcore.outp__t16                    2.79786
xc1.xcore.vss__t211                3.31238e-12
xc1.xcore.outp__t17                    2.79786
xc1.xcore.vss__t212                3.27302e-12
xc1.xcore.outp__t18                    2.79786
xc1.xcore.vss__t213                3.23368e-12
xc1.xcore.outp__t19                    2.79786
xc1.xcore.vss__t214                3.19439e-12
xc1.xcore.outp__t0                     2.79786
xc1.xcore.vss__t215                3.15513e-12
xc1.xcore.outp__t1                     2.79786
xc1.xcore.vss__t216                 3.1159e-12
xc1.xcore.outp__t2                     2.79786
xc1.xcore.vss__t217                3.07671e-12
xc1.xcore.outp__t3                     2.79786
xc1.xcore.vss__t218                3.03757e-12
xc1.xcore.outp__t4                     2.79786
xc1.xcore.vss__t219                2.99846e-12
xc1.xcore.outp__t15                    2.79786
xc1.xcore.vss__t220                 2.9594e-12
xc1.xcore.outp__t6                     2.79786
xc1.xcore.vss__t221                2.92038e-12
xc1.xcore.outp__t7                     2.79786
xc1.xcore.vss__t222                 2.8814e-12
xc1.xcore.outp__t8                     2.79786
xc1.xcore.vss__t223                2.84248e-12
xc1.xcore.outp__t9                     2.79786
xc1.xcore.vss__t224                 2.8036e-12
xc1.xcore.outp__t10                    2.79786
xc1.xcore.vss__t225                2.76478e-12
xc1.xcore.outp__t11                    2.79786
xc1.xcore.vss__t226                2.72602e-12
xc1.xcore.outp__t12                    2.79786
xc1.xcore.vss__t227                2.68731e-12
xc1.xcore.outp__t13                    2.79786
xc1.xcore.vss__t228                2.64865e-12
xc1.xcore.outp__t14                    2.79786
xc1.xcore.vss__t229                2.61007e-12
xc1.xcore.outp__t5                     2.79786
xc1.xcore.vss__t230                2.71445e-12
xc1.xcore.outn__t0                     3.29865
xc1.xcore.vss__t231                2.75792e-12
xc1.xcore.outn__t5                     3.29865
xc1.xcore.vss__t232                2.80148e-12
xc1.xcore.outn__t6                     3.29865
xc1.xcore.vss__t233                2.84512e-12
xc1.xcore.outn__t7                     3.29865
xc1.xcore.vss__t234                2.88885e-12
xc1.xcore.outn__t8                     3.29865
xc1.xcore.vss__t235                2.93267e-12
xc1.xcore.outn__t9                     3.29865
xc1.xcore.vss__t236                2.97656e-12
xc1.xcore.outn__t10                    3.29865
xc1.xcore.vss__t237                3.02052e-12
xc1.xcore.outn__t11                    3.29865
xc1.xcore.vss__t238                3.06455e-12
xc1.xcore.outn__t12                    3.29865
xc1.xcore.vss__t239                3.10865e-12
xc1.xcore.outn__t13                    3.29865
xc1.xcore.vss__t240                3.15282e-12
xc1.xcore.outn__t14                    3.29865
xc1.xcore.vss__t241                3.19705e-12
xc1.xcore.outn__t15                    3.29865
xc1.xcore.vss__t242                3.24133e-12
xc1.xcore.outn__t16                    3.29865
xc1.xcore.vss__t243                3.28568e-12
xc1.xcore.outn__t17                    3.29865
xc1.xcore.vss__t244                3.33007e-12
xc1.xcore.outn__t19                    3.29865
xc1.xcore.vss__t245                3.37453e-12
xc1.xcore.outn__t18                    3.29865
xc1.xcore.vss__t246                3.41903e-12
xc1.xcore.outn__t1                     3.29865
xc1.xcore.vss__t247                3.46358e-12
xc1.xcore.outn__t2                     3.29865
xc1.xcore.vss__t248                3.50818e-12
xc1.xcore.outn__t3                     3.29865
xc1.xcore.vss__t249                3.55282e-12
xc1.xcore.outn__t4                     3.29865
ib_c1                                  1.02196
xc1.xcore.vsubs                              0
outn_c1                                3.29865
outp_c1                                2.79786
xc1.tail                               1.15593
vd_c1                                 0.500794
xc2.xcore.tail__t186                   1.15591
xc2.xcore.ibias__t118                  1.02196
xc2.xcore.vss__t163                5.33484e-06
xc2.xcore.vss__t349                1.27769e-13
xc2.xcore.vss__t60                 5.13852e-06
xc2.xcore.ibias__t117                  1.02196
xc2.xcore.tail__t286                   1.15591
xc2.xcore.vss__t350                1.23067e-13
xc2.xcore.tail__t197                   1.15591
xc2.xcore.ibias__t140                  1.02196
xc2.xcore.vss__t174                4.94262e-06
xc2.xcore.vss__t351                1.18375e-13
xc2.xcore.vss__t68                 4.74717e-06
xc2.xcore.ibias__t133                  1.02196
xc2.xcore.tail__t294                   1.15591
xc2.xcore.vss__t352                1.13694e-13
xc2.xcore.tail__t193                   1.15591
xc2.xcore.ibias__t132                  1.02196
xc2.xcore.vss__t170                4.55225e-06
xc2.xcore.vss__t353                1.09025e-13
xc2.xcore.vss__t67                 4.35791e-06
xc2.xcore.ibias__t131                  1.02196
xc2.xcore.tail__t293                   1.15591
xc2.xcore.vss__t354                1.04371e-13
xc2.xcore.tail__t192                   1.15591
xc2.xcore.ibias__t130                  1.02196
xc2.xcore.vss__t169                4.16424e-06
xc2.xcore.vss__t355                9.97325e-14
xc2.xcore.vss__t74                 3.97135e-06
xc2.xcore.ibias__t145                  1.02196
xc2.xcore.tail__t300                   1.15591
xc2.xcore.vss__t356                9.51127e-14
xc2.xcore.tail__t191                   1.15591
xc2.xcore.ibias__t128                  1.02196
xc2.xcore.vss__t168                3.77934e-06
xc2.xcore.vss__t357                 9.0514e-14
xc2.xcore.vss__t65                 3.58836e-06
xc2.xcore.ibias__t127                  1.02196
xc2.xcore.tail__t291                   1.15591
xc2.xcore.vss__t358                8.59401e-14
xc2.xcore.tail__t190                   1.15591
xc2.xcore.ibias__t126                  1.02196
xc2.xcore.vss__t167                3.39859e-06
xc2.xcore.vss__t359                 8.1395e-14
xc2.xcore.vss__t64                 3.21024e-06
xc2.xcore.ibias__t125                  1.02196
xc2.xcore.tail__t290                   1.15591
xc2.xcore.vss__t360                7.68839e-14
xc2.xcore.tail__t189                   1.15591
xc2.xcore.ibias__t124                  1.02196
xc2.xcore.vss__t166                3.02356e-06
xc2.xcore.vss__t361                7.24132e-14
xc2.xcore.vss__t63                 2.83891e-06
xc2.xcore.ibias__t123                  1.02196
xc2.xcore.tail__t289                   1.15591
xc2.xcore.vss__t362                6.79907e-14
xc2.xcore.tail__t188                   1.15591
xc2.xcore.ibias__t122                  1.02196
xc2.xcore.vss__t165                2.65669e-06
xc2.xcore.vss__t363                6.36265e-14
xc2.xcore.vss__t62                 2.47744e-06
xc2.xcore.ibias__t121                  1.02196
xc2.xcore.tail__t288                   1.15591
xc2.xcore.vss__t364                5.93335e-14
xc2.xcore.tail__t187                   1.15592
xc2.xcore.ibias__t120                  1.02196
xc2.xcore.vss__t164                2.30186e-06
xc2.xcore.vss__t365                5.51284e-14
xc2.xcore.vss__t26                 2.13086e-06
xc2.xcore.ibias__t0                    1.02196
xc2.xcore.tail__t252                   1.15592
xc2.xcore.vss__t366                5.10329e-14
xc2.xcore.tail__t175                   1.15592
xc2.xcore.ibias__t97                   1.02196
xc2.xcore.vss__t152                1.96562e-06
xc2.xcore.vss__t367                4.70756e-14
xc2.xcore.vss__t42                 1.80774e-06
xc2.xcore.ibias__t78                   1.02196
xc2.xcore.tail__t268                   1.15592
xc2.xcore.vss__t368                4.32943e-14
xc2.xcore.tail__t164                   1.15592
xc2.xcore.ibias__t77                   1.02196
xc2.xcore.vss__t141                1.65931e-06
xc2.xcore.vss__t369                3.97395e-14
xc2.xcore.vss__t37                 1.52309e-06
xc2.xcore.ibias__t70                   1.02196
xc2.xcore.tail__t263                   1.15592
xc2.xcore.vss__t370                3.64772e-14
xc2.xcore.tail__t167                   1.15592
xc2.xcore.ibias__t82                   1.02196
xc2.xcore.vss__t144                1.40266e-06
xc2.xcore.vss__t371                 3.3593e-14
xc2.xcore.vss__t39                  1.3024e-06
xc2.xcore.ibias__t72                   1.02196
xc2.xcore.tail__t265                   1.15592
xc2.xcore.vss__t372                3.11918e-14
xc2.xcore.tail__t162                   1.15592
xc2.xcore.ibias__t73                   1.02196
xc2.xcore.vss__t139                1.22726e-06
xc2.xcore.vss__t373                2.93922e-14
xc2.xcore.vss__t40                 1.18205e-06
xc2.xcore.ibias__t74                   1.02196
xc2.xcore.tail__t266                   1.15592
xc2.xcore.vss__t374                2.83093e-14
xc2.xcore.tail__t163                   1.15592
xc2.xcore.ibias__t75                   1.02196
xc2.xcore.vss__t140                1.17023e-06
xc2.xcore.vss__t375                2.80262e-14
xc2.xcore.vss__t41                 1.19279e-06
xc2.xcore.ibias__t76                   1.02196
xc2.xcore.tail__t267                   1.15592
xc2.xcore.vss__t376                2.85667e-14
xc2.xcore.tail__t129                   1.15592
xc2.xcore.ibias__t9                    1.02196
xc2.xcore.vss__t107                1.24789e-06
xc2.xcore.vss__t377                2.98862e-14
xc2.xcore.vss__t6                  1.33147e-06
xc2.xcore.ibias__t8                    1.02196
xc2.xcore.tail__t232                   1.15592
xc2.xcore.vss__t378                 3.1888e-14
xc2.xcore.tail__t128                   1.15592
xc2.xcore.ibias__t7                    1.02196
xc2.xcore.vss__t106                1.43859e-06
xc2.xcore.vss__t379                3.44536e-14
xc2.xcore.vss__t5                  1.56442e-06
xc2.xcore.ibias__t6                    1.02196
xc2.xcore.tail__t231                   1.15592
xc2.xcore.vss__t380                3.74672e-14
xc2.xcore.tail__t141                   1.15592
xc2.xcore.ibias__t31                   1.02196
xc2.xcore.vss__t119                1.70482e-06
xc2.xcore.vss__t381                4.08297e-14
xc2.xcore.vss__t4                  1.85649e-06
xc2.xcore.ibias__t5                    1.02196
xc2.xcore.tail__t230                   1.15592
xc2.xcore.vss__t382                4.44621e-14
xc2.xcore.tail__t158                   1.15592
xc2.xcore.ibias__t62                   1.02196
xc2.xcore.vss__t135                2.01689e-06
xc2.xcore.vss__t383                4.83036e-14
xc2.xcore.vss__t33                 2.18409e-06
xc2.xcore.ibias__t63                   1.02196
xc2.xcore.tail__t259                   1.15592
xc2.xcore.vss__t384                 5.2308e-14
xc2.xcore.tail__t159                   1.15592
xc2.xcore.ibias__t64                   1.02196
xc2.xcore.vss__t136                2.35664e-06
xc2.xcore.vss__t385                5.64408e-14
xc2.xcore.vss__t34                 2.53346e-06
xc2.xcore.ibias__t65                   1.02196
xc2.xcore.tail__t260                   1.15592
xc2.xcore.vss__t386                6.06757e-14
xc2.xcore.tail__t160                   1.15592
xc2.xcore.ibias__t66                   1.02196
xc2.xcore.vss__t137                2.71371e-06
xc2.xcore.vss__t387                6.49927e-14
xc2.xcore.vss__t35                 2.89675e-06
xc2.xcore.ibias__t67                   1.02196
xc2.xcore.tail__t261                   1.15592
xc2.xcore.vss__t388                6.93765e-14
xc2.xcore.tail__t161                   1.15592
xc2.xcore.ibias__t68                   1.02196
xc2.xcore.vss__t138                3.08208e-06
xc2.xcore.vss__t389                7.38152e-14
xc2.xcore.vss__t36                 3.26932e-06
xc2.xcore.ibias__t69                   1.02196
xc2.xcore.tail__t262                   1.15592
xc2.xcore.vss__t390                7.82995e-14
xc2.xcore.tail__t130                   1.15592
xc2.xcore.ibias__t10                   1.02196
xc2.xcore.vss__t108                3.45814e-06
xc2.xcore.vss__t391                 8.2822e-14
xc2.xcore.vss__t13                 3.64832e-06
xc2.xcore.ibias__t23                   1.02196
xc2.xcore.tail__t239                   1.15592
xc2.xcore.vss__t392                8.73768e-14
xc2.xcore.tail__t137                   1.15592
xc2.xcore.ibias__t24                   1.02196
xc2.xcore.vss__t115                3.83964e-06
xc2.xcore.vss__t393                 9.1959e-14
xc2.xcore.vss__t14                 4.03194e-06
xc2.xcore.ibias__t25                   1.02196
xc2.xcore.tail__t240                   1.15592
xc2.xcore.vss__t394                9.65647e-14
xc2.xcore.tail__t138                   1.15592
xc2.xcore.ibias__t26                   1.02196
xc2.xcore.vss__t116                4.22509e-06
xc2.xcore.vss__t395                1.01191e-13
xc2.xcore.vss__t15                 4.41897e-06
xc2.xcore.ibias__t27                   1.02196
xc2.xcore.tail__t241                   1.15593
xc2.xcore.vss__t396                1.05835e-13
xc2.xcore.tail__t139                   1.15593
xc2.xcore.ibias__t28                   1.02196
xc2.xcore.vss__t117                 4.6135e-06
xc2.xcore.vss__t397                1.10494e-13
xc2.xcore.vss__t16                  4.8086e-06
xc2.xcore.ibias__t29                   1.02196
xc2.xcore.tail__t242                   1.15593
xc2.xcore.vss__t398                1.15166e-13
xc2.xcore.tail__t140                   1.15593
xc2.xcore.ibias__t30                   1.02196
xc2.xcore.vss__t118                 5.0042e-06
xc2.xcore.vss__t399                1.19851e-13
xc2.xcore.vss__t21                 5.20024e-06
xc2.xcore.ibias__t41                   1.02196
xc2.xcore.tail__t247                   1.15593
xc2.xcore.vss__t400                1.24547e-13
xc2.xcore.tail__t142                   1.15593
xc2.xcore.ibias__t32                   1.02196
xc2.xcore.vss__t120                5.39667e-06
xc2.xcore.vss__t401                1.29251e-13
xc2.xcore.vss__t17                 5.59346e-06
xc2.xcore.ibias__t33                   1.02196
xc2.xcore.tail__t243                   1.15593
xc2.xcore.vss__t402                1.33965e-13
xc2.xcore.tail__t143                   1.15593
xc2.xcore.ibias__t34                   1.02196
xc2.xcore.vss__t121                5.79057e-06
xc2.xcore.vss__t403                1.38685e-13
xc2.xcore.vss__t18                 5.98796e-06
xc2.xcore.ibias__t35                   1.02196
xc2.xcore.tail__t244                   1.15592
xc2.xcore.vss__t404                1.43413e-13
xc2.xcore.tail__t144                   1.15592
xc2.xcore.ibias__t36                   1.02196
xc2.xcore.vss__t122                6.18561e-06
xc2.xcore.vss__t405                1.48147e-13
xc2.xcore.vss__t19                 6.38349e-06
xc2.xcore.ibias__t37                   1.02196
xc2.xcore.tail__t245                   1.15592
xc2.xcore.vss__t406                1.52887e-13
xc2.xcore.tail__t145                   1.15592
xc2.xcore.ibias__t38                   1.02196
xc2.xcore.vss__t123                6.58159e-06
xc2.xcore.vss__t407                1.57631e-13
xc2.xcore.vss__t20                 6.77988e-06
xc2.xcore.ibias__t39                   1.02196
xc2.xcore.tail__t246                   1.15592
xc2.xcore.vss__t408                1.62381e-13
xc2.xcore.tail__t146                   1.15592
xc2.xcore.ibias__t40                   1.02196
xc2.xcore.vss__t124                6.97835e-06
xc2.xcore.vss__t409                1.67134e-13
xc2.xcore.vss__t8                  7.17698e-06
xc2.xcore.ibias__t12                   1.02196
xc2.xcore.tail__t234                   1.15592
xc2.xcore.vss__t410                1.71892e-13
xc2.xcore.tail__t135                   1.15592
xc2.xcore.ibias__t21                   1.02196
xc2.xcore.vss__t113                7.37576e-06
xc2.xcore.vss__t411                1.76653e-13
xc2.xcore.vss__t9                  7.57468e-06
xc2.xcore.ibias__t13                   1.02196
xc2.xcore.tail__t235                   1.15592
xc2.xcore.vss__t412                1.81417e-13
xc2.xcore.tail__t131                   1.15592
xc2.xcore.ibias__t14                   1.02196
xc2.xcore.vss__t109                7.77373e-06
xc2.xcore.vss__t413                1.86185e-13
xc2.xcore.vss__t10                  7.9729e-06
xc2.xcore.ibias__t15                   1.02196
xc2.xcore.tail__t236                   1.15592
xc2.xcore.vss__t414                1.90955e-13
xc2.xcore.tail__t134                   1.15592
xc2.xcore.ibias__t20                   1.02196
xc2.xcore.vss__t112                8.17217e-06
xc2.xcore.vss__t415                1.95728e-13
xc2.xcore.vss__t12                 8.37155e-06
xc2.xcore.ibias__t19                   1.02196
xc2.xcore.tail__t238                   1.15592
xc2.xcore.vss__t416                2.00503e-13
xc2.xcore.tail__t133                   1.15592
xc2.xcore.ibias__t18                   1.02196
xc2.xcore.vss__t111                8.57102e-06
xc2.xcore.vss__t417                2.05281e-13
xc2.xcore.vss__t11                 8.77058e-06
xc2.xcore.ibias__t17                   1.02196
xc2.xcore.tail__t237                   1.15592
xc2.xcore.vss__t418                2.10061e-13
xc2.xcore.tail__t132                   1.15592
xc2.xcore.ibias__t16                   1.02196
xc2.xcore.vss__t110                8.97022e-06
xc2.xcore.vss__t419                2.14843e-13
xc2.xcore.vss__t7                  9.16994e-06
xc2.xcore.ibias__t11                   1.02196
xc2.xcore.tail__t233                   1.15592
xc2.xcore.vss__t420                2.19626e-13
xc2.xcore.tail__t136                   1.15592
xc2.xcore.ibias__t22                   1.02196
xc2.xcore.vss__t114                9.36973e-06
xc2.xcore.vss__t421                2.24411e-13
xc2.xcore.vss__t23                 9.56958e-06
xc2.xcore.ibias__t45                   1.02196
xc2.xcore.tail__t249                   1.15592
xc2.xcore.vss__t422                2.29198e-13
xc2.xcore.tail__t150                   1.15592
xc2.xcore.ibias__t46                   1.02196
xc2.xcore.vss__t127                 9.7695e-06
xc2.xcore.vss__t423                2.33987e-13
xc2.xcore.vss__t24                 9.96948e-06
xc2.xcore.ibias__t47                   1.02196
xc2.xcore.tail__t250                   1.15592
xc2.xcore.vss__t424                2.38777e-13
xc2.xcore.tail__t151                   1.15592
xc2.xcore.ibias__t48                   1.02196
xc2.xcore.vss__t128                1.01695e-05
xc2.xcore.vss__t425                2.43568e-13
xc2.xcore.vss__t25                 1.03696e-05
xc2.xcore.ibias__t49                   1.02196
xc2.xcore.tail__t251                   1.15592
xc2.xcore.vss__t426                 2.4836e-13
xc2.xcore.tail__t152                   1.15592
xc2.xcore.ibias__t50                   1.02196
xc2.xcore.vss__t129                1.05697e-05
xc2.xcore.vss__t427                2.53154e-13
xc2.xcore.vss__t32                 1.07699e-05
xc2.xcore.ibias__t61                   1.02196
xc2.xcore.tail__t258                   1.15592
xc2.xcore.vss__t428                2.57949e-13
xc2.xcore.tail__t153                   1.15592
xc2.xcore.ibias__t51                   1.02196
xc2.xcore.vss__t130                1.09701e-05
xc2.xcore.vss__t429                2.62745e-13
xc2.xcore.vss__t27                 1.11704e-05
xc2.xcore.ibias__t52                   1.02196
xc2.xcore.tail__t253                   1.15592
xc2.xcore.vss__t430                2.67542e-13
xc2.xcore.tail__t154                   1.15592
xc2.xcore.ibias__t53                   1.02196
xc2.xcore.vss__t131                1.13707e-05
xc2.xcore.vss__t431                2.72339e-13
xc2.xcore.vss__t28                 1.15711e-05
xc2.xcore.ibias__t54                   1.02196
xc2.xcore.tail__t254                   1.15592
xc2.xcore.vss__t432                2.77138e-13
xc2.xcore.tail__t155                   1.15592
xc2.xcore.ibias__t55                   1.02196
xc2.xcore.vss__t132                1.17714e-05
xc2.xcore.vss__t433                2.81938e-13
xc2.xcore.vss__t29                 1.19719e-05
xc2.xcore.ibias__t56                   1.02196
xc2.xcore.tail__t255                   1.15592
xc2.xcore.vss__t434                2.86738e-13
xc2.xcore.tail__t156                   1.15591
xc2.xcore.ibias__t57                   1.02196
xc2.xcore.vss__t133                1.21723e-05
xc2.xcore.vss__t435                2.91539e-13
xc2.xcore.vss__t30                 1.23728e-05
xc2.xcore.ibias__t58                   1.02196
xc2.xcore.tail__t256                   1.15591
xc2.xcore.vss__t436                2.96341e-13
xc2.xcore.tail__t157                   1.15591
xc2.xcore.ibias__t59                   1.02196
xc2.xcore.vss__t134                1.25733e-05
xc2.xcore.vss__t437                3.01144e-13
xc2.xcore.vss__t31                 1.27738e-05
xc2.xcore.ibias__t60                   1.02196
xc2.xcore.tail__t257                   1.15591
xc2.xcore.vss__t438                3.05947e-13
xc2.xcore.tail__t211                   1.15591
xc2.xcore.ibias__t176                  1.02196
xc2.xcore.vss__t193                1.29744e-05
xc2.xcore.vss__t439                3.10751e-13
xc2.xcore.vss__t88                  1.3175e-05
xc2.xcore.ibias__t175                  1.02196
xc2.xcore.tail__t311                   1.15591
xc2.xcore.vss__t440                3.15556e-13
xc2.xcore.tail__t165                   1.15591
xc2.xcore.ibias__t79                   1.02196
xc2.xcore.vss__t142                1.33756e-05
xc2.xcore.vss__t441                3.20361e-13
xc2.xcore.vss__t43                 1.35762e-05
xc2.xcore.ibias__t80                   1.02196
xc2.xcore.tail__t269                   1.15591
xc2.xcore.vss__t442                3.25167e-13
xc2.xcore.tail__t166                   1.15591
xc2.xcore.ibias__t81                   1.02196
xc2.xcore.vss__t143                1.37769e-05
xc2.xcore.vss__t443                3.29973e-13
xc2.xcore.vss__t38                 1.39775e-05
xc2.xcore.ibias__t71                   1.02196
xc2.xcore.tail__t264                   1.15591
xc2.xcore.vss__t444                 3.3478e-13
xc2.xcore.tail__t147                   1.15591
xc2.xcore.ibias__t42                   1.02196
xc2.xcore.vss__t125                1.41782e-05
xc2.xcore.vss__t445                3.39587e-13
xc2.xcore.vss__t22                 1.43789e-05
xc2.xcore.ibias__t43                   1.02196
xc2.xcore.tail__t248                   1.15591
xc2.xcore.vss__t446                3.44395e-13
xc2.xcore.tail__t148                   1.15591
xc2.xcore.ibias__t44                   1.02196
xc2.xcore.vss__t126                1.45797e-05
xc2.xcore.vss__t447                3.49203e-13
xc2.xcore.vss__t0                  1.47804e-05
xc2.xcore.ibias__t1                    1.02196
xc2.xcore.tail__t149                   1.15591
xc2.xcore.vss__t456                3.54032e-13
xc2.xcore.tail__t229                   1.15588
xc2.xcore.ibias__t2                    1.02196
xc2.xcore.vss__t1                  2.53708e-05
xc2.xcore.vss__t458                6.07752e-13
xc2.xcore.vss__t189                2.51696e-05
xc2.xcore.ibias__t170                  1.02196
xc2.xcore.tail__t228                   1.15588
xc2.xcore.vss__t250                6.02872e-13
xc2.xcore.tail__t209                   1.15588
xc2.xcore.ibias__t169                  1.02196
xc2.xcore.vss__t188                2.49685e-05
xc2.xcore.vss__t251                5.98053e-13
xc2.xcore.vss__t86                 2.47673e-05
xc2.xcore.ibias__t168                  1.02196
xc2.xcore.tail__t309                   1.15588
xc2.xcore.vss__t252                5.93235e-13
xc2.xcore.tail__t208                   1.15588
xc2.xcore.ibias__t167                  1.02196
xc2.xcore.vss__t187                2.45662e-05
xc2.xcore.vss__t253                5.88416e-13
xc2.xcore.vss__t85                  2.4365e-05
xc2.xcore.ibias__t166                  1.02196
xc2.xcore.tail__t308                   1.15588
xc2.xcore.vss__t254                5.83598e-13
xc2.xcore.tail__t207                   1.15588
xc2.xcore.ibias__t165                  1.02196
xc2.xcore.vss__t186                2.41639e-05
xc2.xcore.vss__t255                 5.7878e-13
xc2.xcore.vss__t84                 2.39628e-05
xc2.xcore.ibias__t164                  1.02196
xc2.xcore.tail__t307                   1.15588
xc2.xcore.vss__t256                5.73961e-13
xc2.xcore.tail__t210                   1.15588
xc2.xcore.ibias__t173                  1.02196
xc2.xcore.vss__t191                2.37616e-05
xc2.xcore.vss__t257                5.69143e-13
xc2.xcore.vss__t87                 2.35605e-05
xc2.xcore.ibias__t172                  1.02196
xc2.xcore.tail__t310                   1.15588
xc2.xcore.vss__t258                5.64325e-13
xc2.xcore.tail__t219                   1.15588
xc2.xcore.ibias__t195                  1.02196
xc2.xcore.vss__t201                2.33594e-05
xc2.xcore.vss__t259                5.59507e-13
xc2.xcore.vss__t99                 2.31583e-05
xc2.xcore.ibias__t194                  1.02196
xc2.xcore.tail__t321                   1.15588
xc2.xcore.vss__t260                 5.5469e-13
xc2.xcore.tail__t227                   1.15588
xc2.xcore.ibias__t209                  1.02196
xc2.xcore.vss__t209                2.29572e-05
xc2.xcore.vss__t261                5.49872e-13
xc2.xcore.vss__t97                  2.2756e-05
xc2.xcore.ibias__t192                  1.02196
xc2.xcore.tail__t319                   1.15588
xc2.xcore.vss__t262                5.45054e-13
xc2.xcore.tail__t218                   1.15588
xc2.xcore.ibias__t191                  1.02196
xc2.xcore.vss__t200                2.25549e-05
xc2.xcore.vss__t263                5.40237e-13
xc2.xcore.vss__t96                 2.23538e-05
xc2.xcore.ibias__t190                  1.02196
xc2.xcore.tail__t318                   1.15588
xc2.xcore.vss__t264                 5.3542e-13
xc2.xcore.tail__t217                   1.15588
xc2.xcore.ibias__t189                  1.02196
xc2.xcore.vss__t199                2.21527e-05
xc2.xcore.vss__t265                5.30602e-13
xc2.xcore.vss__t95                 2.19516e-05
xc2.xcore.ibias__t188                  1.02196
xc2.xcore.tail__t317                   1.15588
xc2.xcore.vss__t266                5.25785e-13
xc2.xcore.tail__t216                   1.15588
xc2.xcore.ibias__t187                  1.02196
xc2.xcore.vss__t198                2.17506e-05
xc2.xcore.vss__t267                5.20968e-13
xc2.xcore.vss__t94                 2.15495e-05
xc2.xcore.ibias__t186                  1.02196
xc2.xcore.tail__t316                   1.15588
xc2.xcore.vss__t268                5.16151e-13
xc2.xcore.tail__t215                   1.15588
xc2.xcore.ibias__t185                  1.02196
xc2.xcore.vss__t197                2.13484e-05
xc2.xcore.vss__t269                5.11335e-13
xc2.xcore.vss__t93                 2.11473e-05
xc2.xcore.ibias__t184                  1.02196
xc2.xcore.tail__t315                   1.15588
xc2.xcore.vss__t270                5.06518e-13
xc2.xcore.tail__t214                   1.15588
xc2.xcore.ibias__t183                  1.02196
xc2.xcore.vss__t196                2.09463e-05
xc2.xcore.vss__t271                5.01702e-13
xc2.xcore.vss__t92                 2.07452e-05
xc2.xcore.ibias__t182                  1.02196
xc2.xcore.tail__t314                   1.15588
xc2.xcore.vss__t272                4.96885e-13
xc2.xcore.tail__t213                   1.15588
xc2.xcore.ibias__t181                  1.02196
xc2.xcore.vss__t195                2.05442e-05
xc2.xcore.vss__t273                4.92069e-13
xc2.xcore.vss__t91                 2.03431e-05
xc2.xcore.ibias__t180                  1.02196
xc2.xcore.tail__t313                   1.15589
xc2.xcore.vss__t274                4.87253e-13
xc2.xcore.tail__t212                   1.15589
xc2.xcore.ibias__t179                  1.02196
xc2.xcore.vss__t194                2.01421e-05
xc2.xcore.vss__t275                4.82437e-13
xc2.xcore.vss__t90                  1.9941e-05
xc2.xcore.ibias__t178                  1.02196
xc2.xcore.tail__t312                   1.15589
xc2.xcore.vss__t276                4.77622e-13
xc2.xcore.tail__t206                   1.15589
xc2.xcore.ibias__t161                  1.02196
xc2.xcore.vss__t184                  1.974e-05
xc2.xcore.vss__t277                4.72806e-13
xc2.xcore.vss__t57                  1.9539e-05
xc2.xcore.ibias__t112                  1.02196
xc2.xcore.tail__t283                   1.15589
xc2.xcore.vss__t278                4.67991e-13
xc2.xcore.tail__t183                   1.15589
xc2.xcore.ibias__t111                  1.02196
xc2.xcore.vss__t160                 1.9338e-05
xc2.xcore.vss__t279                4.63176e-13
xc2.xcore.vss__t56                 1.91369e-05
xc2.xcore.ibias__t110                  1.02196
xc2.xcore.tail__t282                   1.15589
xc2.xcore.vss__t280                4.58361e-13
xc2.xcore.tail__t182                   1.15589
xc2.xcore.ibias__t109                  1.02196
xc2.xcore.vss__t159                1.89359e-05
xc2.xcore.vss__t281                4.53546e-13
xc2.xcore.vss__t55                  1.8735e-05
xc2.xcore.ibias__t108                  1.02196
xc2.xcore.tail__t281                   1.15589
xc2.xcore.vss__t282                4.48732e-13
xc2.xcore.tail__t181                   1.15589
xc2.xcore.ibias__t107                  1.02196
xc2.xcore.vss__t158                 1.8534e-05
xc2.xcore.vss__t283                4.43917e-13
xc2.xcore.vss__t54                  1.8333e-05
xc2.xcore.ibias__t106                  1.02196
xc2.xcore.tail__t280                   1.15589
xc2.xcore.vss__t284                4.39103e-13
xc2.xcore.tail__t180                   1.15589
xc2.xcore.ibias__t105                  1.02196
xc2.xcore.vss__t157                 1.8132e-05
xc2.xcore.vss__t285                4.34289e-13
xc2.xcore.vss__t53                 1.79311e-05
xc2.xcore.ibias__t104                  1.02196
xc2.xcore.tail__t279                   1.15589
xc2.xcore.vss__t286                4.29475e-13
xc2.xcore.tail__t205                   1.15589
xc2.xcore.ibias__t156                  1.02196
xc2.xcore.vss__t182                1.77301e-05
xc2.xcore.vss__t287                4.24662e-13
xc2.xcore.vss__t79                 1.75292e-05
xc2.xcore.ibias__t155                  1.02196
xc2.xcore.tail__t305                   1.15589
xc2.xcore.vss__t288                4.19849e-13
xc2.xcore.tail__t204                   1.15589
xc2.xcore.ibias__t154                  1.02196
xc2.xcore.vss__t181                1.73283e-05
xc2.xcore.vss__t289                4.15036e-13
xc2.xcore.vss__t78                 1.71273e-05
xc2.xcore.ibias__t153                  1.02196
xc2.xcore.tail__t304                   1.15589
xc2.xcore.vss__t290                4.10223e-13
xc2.xcore.tail__t203                   1.15589
xc2.xcore.ibias__t152                  1.02196
xc2.xcore.vss__t180                1.69264e-05
xc2.xcore.vss__t291                 4.0541e-13
xc2.xcore.vss__t77                 1.67255e-05
xc2.xcore.ibias__t151                  1.02196
xc2.xcore.tail__t303                   1.15589
xc2.xcore.vss__t292                4.00598e-13
xc2.xcore.tail__t202                   1.15589
xc2.xcore.ibias__t150                  1.02196
xc2.xcore.vss__t179                1.65246e-05
xc2.xcore.vss__t293                3.95786e-13
xc2.xcore.vss__t76                 1.63238e-05
xc2.xcore.ibias__t149                  1.02196
xc2.xcore.tail__t302                   1.15589
xc2.xcore.vss__t294                3.90975e-13
xc2.xcore.tail__t201                   1.15589
xc2.xcore.ibias__t148                  1.02196
xc2.xcore.vss__t178                1.61229e-05
xc2.xcore.vss__t295                3.86163e-13
xc2.xcore.vss__t75                 1.59221e-05
xc2.xcore.ibias__t147                  1.02196
xc2.xcore.tail__t301                   1.15589
xc2.xcore.vss__t296                3.81352e-13
xc2.xcore.tail__t200                   1.15589
xc2.xcore.ibias__t146                  1.02196
xc2.xcore.vss__t177                1.57212e-05
xc2.xcore.vss__t297                3.76542e-13
xc2.xcore.vss__t98                 1.55204e-05
xc2.xcore.ibias__t193                  1.02196
xc2.xcore.tail__t320                   1.15589
xc2.xcore.vss__t298                3.71732e-13
xc2.xcore.tail__t226                   1.15589
xc2.xcore.ibias__t208                  1.02196
xc2.xcore.vss__t208                1.53196e-05
xc2.xcore.vss__t299                3.66922e-13
xc2.xcore.vss__t105                1.51188e-05
xc2.xcore.ibias__t207                  1.02196
xc2.xcore.tail__t327                   1.15589
xc2.xcore.vss__t300                3.62112e-13
xc2.xcore.tail__t225                   1.15589
xc2.xcore.ibias__t206                  1.02196
xc2.xcore.vss__t207                 1.4918e-05
xc2.xcore.vss__t301                3.57303e-13
xc2.xcore.vss__t104                1.47173e-05
xc2.xcore.ibias__t205                  1.02196
xc2.xcore.tail__t326                   1.15589
xc2.xcore.vss__t302                3.52494e-13
xc2.xcore.tail__t224                   1.15589
xc2.xcore.ibias__t204                  1.02196
xc2.xcore.vss__t206                1.45165e-05
xc2.xcore.vss__t303                3.47686e-13
xc2.xcore.vss__t103                1.43158e-05
xc2.xcore.ibias__t203                  1.02196
xc2.xcore.tail__t325                    1.1559
xc2.xcore.vss__t304                3.42878e-13
xc2.xcore.tail__t223                    1.1559
xc2.xcore.ibias__t202                  1.02196
xc2.xcore.vss__t205                1.41151e-05
xc2.xcore.vss__t305                 3.3807e-13
xc2.xcore.vss__t102                1.39144e-05
xc2.xcore.ibias__t201                  1.02196
xc2.xcore.tail__t324                    1.1559
xc2.xcore.vss__t306                3.33263e-13
xc2.xcore.tail__t222                    1.1559
xc2.xcore.ibias__t200                  1.02196
xc2.xcore.vss__t204                1.37137e-05
xc2.xcore.vss__t307                3.28457e-13
xc2.xcore.vss__t101                1.35131e-05
xc2.xcore.ibias__t199                  1.02196
xc2.xcore.tail__t323                    1.1559
xc2.xcore.vss__t308                3.23651e-13
xc2.xcore.tail__t221                    1.1559
xc2.xcore.ibias__t198                  1.02196
xc2.xcore.vss__t203                1.33125e-05
xc2.xcore.vss__t309                3.18845e-13
xc2.xcore.vss__t100                1.31119e-05
xc2.xcore.ibias__t197                  1.02196
xc2.xcore.tail__t322                    1.1559
xc2.xcore.vss__t310                 3.1404e-13
xc2.xcore.tail__t220                    1.1559
xc2.xcore.ibias__t196                  1.02196
xc2.xcore.vss__t202                1.29113e-05
xc2.xcore.vss__t311                3.09236e-13
xc2.xcore.vss__t80                 1.27107e-05
xc2.xcore.ibias__t157                  1.02196
xc2.xcore.tail__t306                    1.1559
xc2.xcore.vss__t312                3.04432e-13
xc2.xcore.tail__t185                    1.1559
xc2.xcore.ibias__t116                  1.02196
xc2.xcore.vss__t162                1.25102e-05
xc2.xcore.vss__t313                2.99629e-13
xc2.xcore.vss__t59                 1.23097e-05
xc2.xcore.ibias__t115                  1.02196
xc2.xcore.tail__t285                    1.1559
xc2.xcore.vss__t314                2.94827e-13
xc2.xcore.tail__t184                    1.1559
xc2.xcore.ibias__t114                  1.02196
xc2.xcore.vss__t161                1.21092e-05
xc2.xcore.vss__t315                2.90025e-13
xc2.xcore.vss__t71                 1.19088e-05
xc2.xcore.ibias__t139                  1.02196
xc2.xcore.tail__t297                    1.1559
xc2.xcore.vss__t316                2.85224e-13
xc2.xcore.tail__t196                    1.1559
xc2.xcore.ibias__t138                  1.02196
xc2.xcore.vss__t173                1.17084e-05
xc2.xcore.vss__t317                2.80424e-13
xc2.xcore.vss__t70                  1.1508e-05
xc2.xcore.ibias__t137                  1.02196
xc2.xcore.tail__t296                    1.1559
xc2.xcore.vss__t318                2.75625e-13
xc2.xcore.tail__t195                    1.1559
xc2.xcore.ibias__t136                  1.02196
xc2.xcore.vss__t172                1.13077e-05
xc2.xcore.vss__t319                2.70827e-13
xc2.xcore.vss__t69                 1.11074e-05
xc2.xcore.ibias__t135                  1.02196
xc2.xcore.tail__t295                    1.1559
xc2.xcore.vss__t320                2.66029e-13
xc2.xcore.tail__t194                    1.1559
xc2.xcore.ibias__t134                  1.02196
xc2.xcore.vss__t171                1.09072e-05
xc2.xcore.vss__t321                2.61233e-13
xc2.xcore.vss__t61                 1.07069e-05
xc2.xcore.ibias__t119                  1.02196
xc2.xcore.tail__t287                    1.1559
xc2.xcore.vss__t322                2.56437e-13
xc2.xcore.tail__t179                    1.1559
xc2.xcore.ibias__t103                  1.02196
xc2.xcore.vss__t156                1.05068e-05
xc2.xcore.vss__t323                2.51643e-13
xc2.xcore.vss__t48                 1.03066e-05
xc2.xcore.ibias__t92                   1.02196
xc2.xcore.tail__t274                    1.1559
xc2.xcore.vss__t324                2.46849e-13
xc2.xcore.tail__t178                    1.1559
xc2.xcore.ibias__t102                  1.02196
xc2.xcore.vss__t155                1.01066e-05
xc2.xcore.vss__t325                2.42057e-13
xc2.xcore.vss__t52                 9.90656e-06
xc2.xcore.ibias__t101                  1.02196
xc2.xcore.tail__t278                    1.1559
xc2.xcore.vss__t326                2.37267e-13
xc2.xcore.tail__t177                    1.1559
xc2.xcore.ibias__t100                  1.02196
xc2.xcore.vss__t154                 9.7066e-06
xc2.xcore.vss__t327                2.32477e-13
xc2.xcore.vss__t51                  9.5067e-06
xc2.xcore.ibias__t99                   1.02196
xc2.xcore.tail__t277                    1.1559
xc2.xcore.vss__t328                2.27689e-13
xc2.xcore.tail__t176                    1.1559
xc2.xcore.ibias__t98                   1.02196
xc2.xcore.vss__t153                9.30687e-06
xc2.xcore.vss__t329                2.22903e-13
xc2.xcore.vss__t58                  9.1071e-06
xc2.xcore.ibias__t113                  1.02196
xc2.xcore.tail__t284                    1.1559
xc2.xcore.vss__t330                2.18118e-13
xc2.xcore.tail__t174                    1.1559
xc2.xcore.ibias__t96                   1.02196
xc2.xcore.vss__t151                8.90741e-06
xc2.xcore.vss__t331                2.13335e-13
xc2.xcore.vss__t50                 8.70779e-06
xc2.xcore.ibias__t95                   1.02196
xc2.xcore.tail__t276                    1.1559
xc2.xcore.vss__t332                2.08554e-13
xc2.xcore.tail__t173                    1.1559
xc2.xcore.ibias__t94                   1.02196
xc2.xcore.vss__t150                8.50826e-06
xc2.xcore.vss__t333                2.03775e-13
xc2.xcore.vss__t49                 8.30882e-06
xc2.xcore.ibias__t93                   1.02196
xc2.xcore.tail__t275                    1.1559
xc2.xcore.vss__t334                1.98998e-13
xc2.xcore.tail__t172                   1.15591
xc2.xcore.ibias__t91                   1.02196
xc2.xcore.vss__t149                8.10947e-06
xc2.xcore.vss__t335                1.94224e-13
xc2.xcore.vss__t47                 7.91023e-06
xc2.xcore.ibias__t90                   1.02196
xc2.xcore.tail__t273                   1.15591
xc2.xcore.vss__t336                1.89452e-13
xc2.xcore.tail__t171                   1.15591
xc2.xcore.ibias__t89                   1.02196
xc2.xcore.vss__t148                 7.7111e-06
xc2.xcore.vss__t337                1.84682e-13
xc2.xcore.vss__t46                 7.51209e-06
xc2.xcore.ibias__t88                   1.02196
xc2.xcore.tail__t272                   1.15591
xc2.xcore.vss__t338                1.79916e-13
xc2.xcore.tail__t170                   1.15591
xc2.xcore.ibias__t87                   1.02196
xc2.xcore.vss__t147                7.31322e-06
xc2.xcore.vss__t339                1.75152e-13
xc2.xcore.vss__t45                 7.11448e-06
xc2.xcore.ibias__t86                   1.02196
xc2.xcore.tail__t271                   1.15591
xc2.xcore.vss__t340                1.70393e-13
xc2.xcore.tail__t169                   1.15591
xc2.xcore.ibias__t85                   1.02196
xc2.xcore.vss__t146                 6.9159e-06
xc2.xcore.vss__t341                1.65636e-13
xc2.xcore.vss__t44                 6.71748e-06
xc2.xcore.ibias__t84                   1.02196
xc2.xcore.tail__t270                   1.15591
xc2.xcore.vss__t342                1.60884e-13
xc2.xcore.tail__t168                   1.15591
xc2.xcore.ibias__t83                   1.02196
xc2.xcore.vss__t145                6.51925e-06
xc2.xcore.vss__t343                1.56136e-13
xc2.xcore.vss__t66                 6.32122e-06
xc2.xcore.ibias__t129                  1.02196
xc2.xcore.tail__t292                   1.15591
xc2.xcore.vss__t344                1.51393e-13
xc2.xcore.tail__t199                   1.15591
xc2.xcore.ibias__t144                  1.02196
xc2.xcore.vss__t176                 6.1234e-06
xc2.xcore.vss__t345                1.46655e-13
xc2.xcore.vss__t73                 5.92583e-06
xc2.xcore.ibias__t143                  1.02196
xc2.xcore.tail__t299                   1.15591
xc2.xcore.vss__t346                1.41923e-13
xc2.xcore.tail__t198                   1.15591
xc2.xcore.ibias__t142                  1.02196
xc2.xcore.vss__t175                5.72853e-06
xc2.xcore.vss__t347                1.37198e-13
xc2.xcore.vss__t72                 5.53152e-06
xc2.xcore.ibias__t141                  1.02196
xc2.xcore.tail__t298                   1.15591
xc2.xcore.vss__t348                1.32479e-13
xc2.xcore.outp__t53                    2.79775
xc2.xcore.inp__t1                       2.5245
xc2.xcore.tail__t0                     1.15598
xc2.xcore.vss__t460                2.20441e-12
xc2.xcore.tail__t119                   1.15598
xc2.xcore.inp__t53                      2.5245
xc2.xcore.outp__t52                    2.79775
xc2.xcore.vss__t462                2.17184e-12
xc2.xcore.outp__t46                    2.79775
xc2.xcore.inp__t52                      2.5245
xc2.xcore.tail__t118                   1.15598
xc2.xcore.vss__t463                2.19218e-12
xc2.xcore.tail__t58                    1.15599
xc2.xcore.inp__t61                      2.5245
xc2.xcore.outp__t82                    2.79775
xc2.xcore.vss__t464                2.21252e-12
xc2.xcore.outp__t30                    2.79775
xc2.xcore.inp__t24                      2.5245
xc2.xcore.tail__t98                    1.15599
xc2.xcore.vss__t465                2.23286e-12
xc2.xcore.tail__t38                    1.15599
xc2.xcore.inp__t23                      2.5245
xc2.xcore.outp__t64                    2.79774
xc2.xcore.vss__t466                 2.2532e-12
xc2.xcore.outp__t29                    2.79774
xc2.xcore.inp__t22                      2.5245
xc2.xcore.tail__t97                    1.15599
xc2.xcore.vss__t467                2.27355e-12
xc2.xcore.tail__t37                    1.15599
xc2.xcore.inp__t21                      2.5245
xc2.xcore.outp__t63                    2.79774
xc2.xcore.vss__t468                2.29389e-12
xc2.xcore.outp__t28                    2.79774
xc2.xcore.inp__t20                      2.5245
xc2.xcore.tail__t96                    1.15599
xc2.xcore.vss__t469                2.31423e-12
xc2.xcore.tail__t36                    1.15599
xc2.xcore.inp__t19                      2.5245
xc2.xcore.outp__t62                    2.79774
xc2.xcore.vss__t470                2.33457e-12
xc2.xcore.outp__t27                    2.79774
xc2.xcore.inp__t18                      2.5245
xc2.xcore.tail__t95                    1.15599
xc2.xcore.vss__t471                2.35492e-12
xc2.xcore.tail__t35                    1.15599
xc2.xcore.inp__t17                      2.5245
xc2.xcore.outp__t61                    2.79773
xc2.xcore.vss__t472                2.37526e-12
xc2.xcore.outp__t26                    2.79773
xc2.xcore.inp__t16                      2.5245
xc2.xcore.tail__t94                    1.15599
xc2.xcore.vss__t473                 2.3956e-12
xc2.xcore.tail__t33                    1.15599
xc2.xcore.inp__t15                      2.5245
xc2.xcore.outp__t60                    2.79773
xc2.xcore.vss__t474                2.41595e-12
xc2.xcore.outp__t47                    2.79773
xc2.xcore.inp__t54                      2.5245
xc2.xcore.tail__t120                   1.15599
xc2.xcore.vss__t475                2.43629e-12
xc2.xcore.tail__t54                      1.156
xc2.xcore.inp__t55                      2.5245
xc2.xcore.outp__t78                    2.79773
xc2.xcore.vss__t476                2.45664e-12
xc2.xcore.outp__t51                    2.79773
xc2.xcore.inp__t63                      2.5245
xc2.xcore.tail__t126                     1.156
xc2.xcore.vss__t477                2.47698e-12
xc2.xcore.tail__t57                      1.156
xc2.xcore.inp__t60                      2.5245
xc2.xcore.outp__t81                    2.79772
xc2.xcore.vss__t478                2.49732e-12
xc2.xcore.outp__t49                    2.79772
xc2.xcore.inp__t59                      2.5245
xc2.xcore.tail__t122                     1.156
xc2.xcore.vss__t479                2.51767e-12
xc2.xcore.tail__t56                      1.156
xc2.xcore.inp__t58                      2.5245
xc2.xcore.outp__t80                    2.79772
xc2.xcore.vss__t480                2.53801e-12
xc2.xcore.outp__t48                    2.79772
xc2.xcore.inp__t57                      2.5245
xc2.xcore.tail__t121                     1.156
xc2.xcore.vss__t481                2.55835e-12
xc2.xcore.tail__t55                      1.156
xc2.xcore.inp__t56                      2.5245
xc2.xcore.outp__t79                    2.79772
xc2.xcore.vss__t482                 2.5787e-12
xc2.xcore.outp__t24                    2.79772
xc2.xcore.inp__t11                      2.5245
xc2.xcore.tail__t92                      1.156
xc2.xcore.vss__t483                2.59904e-12
xc2.xcore.tail__t30                      1.156
xc2.xcore.inp__t10                      2.5245
xc2.xcore.outp__t57                    2.79772
xc2.xcore.vss__t484                2.61938e-12
xc2.xcore.outp__t23                    2.79771
xc2.xcore.inp__t9                       2.5245
xc2.xcore.tail__t88                      1.156
xc2.xcore.vss__t485                2.63973e-12
xc2.xcore.tail__t32                      1.156
xc2.xcore.inp__t14                      2.5245
xc2.xcore.outp__t59                    2.79771
xc2.xcore.vss__t486                2.66007e-12
xc2.xcore.outp__t25                    2.79771
xc2.xcore.inp__t13                      2.5245
xc2.xcore.tail__t93                      1.156
xc2.xcore.vss__t487                2.68042e-12
xc2.xcore.tail__t60                      1.156
xc2.xcore.inp__t0                       2.5245
xc2.xcore.outp__t83                    2.79771
xc2.xcore.vss__t488                2.70076e-12
xc2.xcore.outp__t50                    2.79771
xc2.xcore.inp__t62                      2.5245
xc2.xcore.tail__t123                   1.15601
xc2.xcore.vss__t489                 2.7211e-12
xc2.xcore.tail__t42                    1.15601
xc2.xcore.inp__t29                      2.5245
xc2.xcore.outp__t67                    2.79771
xc2.xcore.vss__t490                2.74144e-12
xc2.xcore.outp__t32                     2.7977
xc2.xcore.inp__t28                      2.5245
xc2.xcore.tail__t102                   1.15601
xc2.xcore.vss__t491                2.76179e-12
xc2.xcore.tail__t41                    1.15601
xc2.xcore.inp__t27                      2.5245
xc2.xcore.outp__t66                     2.7977
xc2.xcore.vss__t492                2.78213e-12
xc2.xcore.outp__t31                     2.7977
xc2.xcore.inp__t26                      2.5245
xc2.xcore.tail__t101                   1.15601
xc2.xcore.vss__t493                2.80247e-12
xc2.xcore.tail__t40                    1.15601
xc2.xcore.inp__t25                      2.5245
xc2.xcore.outp__t65                     2.7977
xc2.xcore.vss__t494                2.82281e-12
xc2.xcore.outp__t20                     2.7977
xc2.xcore.inp__t4                       2.5245
xc2.xcore.tail__t74                    1.15601
xc2.xcore.vss__t495                2.84316e-12
xc2.xcore.tail__t14                    1.15601
xc2.xcore.inp__t3                       2.5245
xc2.xcore.outp__t54                     2.7977
xc2.xcore.vss__t496                 2.8635e-12
xc2.xcore.outp__t22                    2.79769
xc2.xcore.inp__t7                       2.5245
xc2.xcore.tail__t76                    1.15601
xc2.xcore.vss__t497                2.88384e-12
xc2.xcore.tail__t16                    1.15601
xc2.xcore.inp__t6                       2.5245
xc2.xcore.outp__t55                    2.79769
xc2.xcore.vss__t498                2.90418e-12
xc2.xcore.outp__t21                    2.79769
xc2.xcore.inp__t5                       2.5245
xc2.xcore.tail__t75                    1.15601
xc2.xcore.vss__t499                2.92452e-12
xc2.xcore.tail__t19                    1.15601
xc2.xcore.inp__t8                       2.5245
xc2.xcore.outp__t56                    2.79769
xc2.xcore.vss__t500                2.94486e-12
xc2.xcore.outp__t45                    2.79769
xc2.xcore.inp__t50                      2.5245
xc2.xcore.tail__t116                   1.15601
xc2.xcore.vss__t501                 2.9652e-12
xc2.xcore.tail__t51                    1.15602
xc2.xcore.inp__t49                      2.5245
xc2.xcore.outp__t76                    2.79769
xc2.xcore.vss__t502                2.98554e-12
xc2.xcore.outp__t44                    2.79768
xc2.xcore.inp__t48                      2.5245
xc2.xcore.tail__t115                   1.15602
xc2.xcore.vss__t503                3.00588e-12
xc2.xcore.tail__t50                    1.15602
xc2.xcore.inp__t47                      2.5245
xc2.xcore.outp__t75                    2.79768
xc2.xcore.vss__t504                3.02622e-12
xc2.xcore.outp__t43                    2.79768
xc2.xcore.inp__t46                      2.5245
xc2.xcore.tail__t114                   1.15602
xc2.xcore.vss__t505                3.04656e-12
xc2.xcore.tail__t49                    1.15602
xc2.xcore.inp__t45                      2.5245
xc2.xcore.outp__t74                    2.79768
xc2.xcore.vss__t506                 3.0669e-12
xc2.xcore.outp__t42                    2.79768
xc2.xcore.inp__t44                      2.5245
xc2.xcore.tail__t113                   1.15602
xc2.xcore.vss__t507                3.08724e-12
xc2.xcore.tail__t48                    1.15602
xc2.xcore.inp__t43                      2.5245
xc2.xcore.outp__t73                    2.79768
xc2.xcore.vss__t508                3.10758e-12
xc2.xcore.outp__t41                    2.79768
xc2.xcore.inp__t42                      2.5245
xc2.xcore.tail__t112                   1.15602
xc2.xcore.vss__t509                3.12792e-12
xc2.xcore.tail__t47                    1.15602
xc2.xcore.inp__t41                      2.5245
xc2.xcore.outp__t72                    2.79767
xc2.xcore.vss__t510                3.14826e-12
xc2.xcore.outp__t40                    2.79767
xc2.xcore.inp__t40                      2.5245
xc2.xcore.tail__t111                   1.15602
xc2.xcore.vss__t511                 3.1686e-12
xc2.xcore.tail__t46                    1.15602
xc2.xcore.inp__t39                      2.5245
xc2.xcore.outp__t71                    2.79767
xc2.xcore.vss__t512                3.18893e-12
xc2.xcore.outp__t39                    2.79767
xc2.xcore.inp__t38                      2.5245
xc2.xcore.tail__t110                   1.15602
xc2.xcore.vss__t513                3.20927e-12
xc2.xcore.tail__t53                    1.15602
xc2.xcore.inp__t51                      2.5245
xc2.xcore.outp__t77                    2.79767
xc2.xcore.vss__t514                3.22961e-12
xc2.xcore.outp__t38                    2.79767
xc2.xcore.inp__t37                      2.5245
xc2.xcore.tail__t108                   1.15603
xc2.xcore.vss__t515                3.24994e-12
xc2.xcore.tail__t45                    1.15603
xc2.xcore.inp__t36                      2.5245
xc2.xcore.outp__t70                    2.79766
xc2.xcore.vss__t516                3.27028e-12
xc2.xcore.outp__t37                    2.79766
xc2.xcore.inp__t35                      2.5245
xc2.xcore.tail__t107                   1.15603
xc2.xcore.vss__t517                3.29062e-12
xc2.xcore.tail__t44                    1.15603
xc2.xcore.inp__t34                      2.5245
xc2.xcore.outp__t69                    2.79766
xc2.xcore.vss__t518                3.31095e-12
xc2.xcore.outp__t36                    2.79766
xc2.xcore.inp__t33                      2.5245
xc2.xcore.tail__t106                   1.15603
xc2.xcore.vss__t519                3.33129e-12
xc2.xcore.tail__t31                    1.15603
xc2.xcore.inp__t12                      2.5245
xc2.xcore.outp__t58                    2.79766
xc2.xcore.vss__t520                3.35162e-12
xc2.xcore.outp__t35                    2.79766
xc2.xcore.inp__t32                      2.5245
xc2.xcore.tail__t104                   1.15603
xc2.xcore.vss__t521                3.37196e-12
xc2.xcore.tail__t43                    1.15603
xc2.xcore.inp__t31                      2.5245
xc2.xcore.outp__t68                    2.79765
xc2.xcore.vss__t522                3.39229e-12
xc2.xcore.outp__t33                    2.79765
xc2.xcore.inp__t30                      2.5245
xc2.xcore.tail__t103                   1.15603
xc2.xcore.vss__t523                3.41262e-12
xc2.xcore.tail__t1                     1.15603
xc2.xcore.inp__t2                       2.5245
xc2.xcore.outp__t34                    2.79765
xc2.xcore.vss__t586                3.51746e-12
xc2.xcore.ibias__t215                  1.01923
xc2.xcore.ibias__t3                    1.02196
xc2.xcore.vss__t2                  2.51857e-05
xc2.xcore.vss__t459                5.38651e-13
xc2.xcore.vss__t81                 2.49859e-05
xc2.xcore.ibias__t158                  1.02196
xc2.xcore.ibias__t216                  1.01926
xc2.xcore.vss__t448                 5.3433e-13
xc2.xcore.ibias__t213                  1.01929
xc2.xcore.ibias__t171                  1.02196
xc2.xcore.vss__t190                2.47861e-05
xc2.xcore.vss__t449                 5.3007e-13
xc2.xcore.vss__t83                 2.45863e-05
xc2.xcore.ibias__t163                  1.02196
xc2.xcore.ibias__t218                  1.01932
xc2.xcore.vss__t450                 5.2581e-13
xc2.xcore.ibias__t212                  1.01935
xc2.xcore.ibias__t162                  1.02196
xc2.xcore.vss__t185                2.43865e-05
xc2.xcore.vss__t451                 5.2155e-13
xc2.xcore.vss__t89                 2.41867e-05
xc2.xcore.ibias__t177                  1.02196
xc2.xcore.ibias__t219                  1.01938
xc2.xcore.vss__t452                5.17289e-13
xc2.xcore.ibias__t211                  1.01941
xc2.xcore.ibias__t160                  1.02196
xc2.xcore.vss__t183                2.39868e-05
xc2.xcore.vss__t453                5.13028e-13
xc2.xcore.vss__t82                  2.3787e-05
xc2.xcore.ibias__t159                  1.02196
xc2.xcore.ibias__t217                  1.01944
xc2.xcore.vss__t454                5.08767e-13
xc2.xcore.ibias__t214                  1.01947
xc2.xcore.ibias__t174                  1.02196
xc2.xcore.vss__t192                2.35872e-05
xc2.xcore.vss__t455                5.04506e-13
xc2.xcore.vss__t3                  2.33874e-05
xc2.xcore.ibias__t4                    1.02196
xc2.xcore.ibias__t210                   1.0195
xc2.xcore.vss__t457                5.00297e-13
xc2.xcore.outn__t52                    3.29865
xc2.xcore.inn__t1                       1.6335
xc2.xcore.tail__t3                     1.15593
xc2.xcore.vss__t461                7.22432e-11
xc2.xcore.tail__t62                    1.15593
xc2.xcore.inn__t58                      1.6335
xc2.xcore.outn__t81                    3.29865
xc2.xcore.vss__t524                7.28754e-11
xc2.xcore.outn__t49                    3.29865
xc2.xcore.inn__t59                      1.6335
xc2.xcore.tail__t124                   1.15593
xc2.xcore.vss__t525                7.35605e-11
xc2.xcore.tail__t63                    1.15593
xc2.xcore.inn__t60                      1.6335
xc2.xcore.outn__t82                    3.29865
xc2.xcore.vss__t526                7.42456e-11
xc2.xcore.outn__t50                    3.29865
xc2.xcore.inn__t61                      1.6335
xc2.xcore.tail__t125                   1.15593
xc2.xcore.vss__t527                7.49307e-11
xc2.xcore.tail__t64                    1.15593
xc2.xcore.inn__t62                      1.6335
xc2.xcore.outn__t83                    3.29865
xc2.xcore.vss__t528                7.56159e-11
xc2.xcore.outn__t46                    3.29865
xc2.xcore.inn__t52                      1.6335
xc2.xcore.tail__t105                   1.15593
xc2.xcore.vss__t529                 7.6301e-11
xc2.xcore.tail__t15                    1.15593
xc2.xcore.inn__t21                      1.6335
xc2.xcore.outn__t63                    3.29865
xc2.xcore.vss__t530                7.69862e-11
xc2.xcore.outn__t45                    3.29865
xc2.xcore.inn__t51                      1.6335
xc2.xcore.tail__t100                   1.15593
xc2.xcore.vss__t531                7.76714e-11
xc2.xcore.tail__t34                    1.15593
xc2.xcore.inn__t48                      1.6335
xc2.xcore.outn__t76                    3.29865
xc2.xcore.vss__t532                7.83566e-11
xc2.xcore.outn__t44                    3.29865
xc2.xcore.inn__t50                      1.6335
xc2.xcore.tail__t99                    1.15593
xc2.xcore.vss__t533                7.90418e-11
xc2.xcore.tail__t61                    1.15593
xc2.xcore.inn__t57                      1.6335
xc2.xcore.outn__t80                    3.29865
xc2.xcore.vss__t534                7.97271e-11
xc2.xcore.outn__t40                    3.29865
xc2.xcore.inn__t42                      1.6335
xc2.xcore.tail__t87                    1.15593
xc2.xcore.vss__t535                8.04123e-11
xc2.xcore.tail__t27                    1.15593
xc2.xcore.inn__t41                      1.6335
xc2.xcore.outn__t73                    3.29865
xc2.xcore.vss__t536                8.10976e-11
xc2.xcore.outn__t39                    3.29865
xc2.xcore.inn__t40                      1.6335
xc2.xcore.tail__t86                    1.15593
xc2.xcore.vss__t537                8.17829e-11
xc2.xcore.tail__t26                    1.15593
xc2.xcore.inn__t39                      1.6335
xc2.xcore.outn__t72                    3.29865
xc2.xcore.vss__t538                8.24682e-11
xc2.xcore.outn__t38                    3.29865
xc2.xcore.inn__t38                      1.6335
xc2.xcore.tail__t85                    1.15593
xc2.xcore.vss__t539                8.31535e-11
xc2.xcore.tail__t25                    1.15593
xc2.xcore.inn__t37                      1.6335
xc2.xcore.outn__t71                    3.29865
xc2.xcore.vss__t540                8.38388e-11
xc2.xcore.outn__t47                    3.29865
xc2.xcore.inn__t53                      1.6335
xc2.xcore.tail__t109                   1.15593
xc2.xcore.vss__t541                8.45241e-11
xc2.xcore.tail__t52                    1.15593
xc2.xcore.inn__t55                      1.6335
xc2.xcore.outn__t78                    3.29865
xc2.xcore.vss__t542                8.52095e-11
xc2.xcore.outn__t48                    3.29865
xc2.xcore.inn__t54                      1.6335
xc2.xcore.tail__t117                   1.15593
xc2.xcore.vss__t543                8.58949e-11
xc2.xcore.tail__t39                    1.15593
xc2.xcore.inn__t49                      1.6335
xc2.xcore.outn__t77                    3.29865
xc2.xcore.vss__t544                8.65802e-11
xc2.xcore.outn__t41                    3.29865
xc2.xcore.inn__t43                      1.6335
xc2.xcore.tail__t89                    1.15593
xc2.xcore.vss__t545                8.72656e-11
xc2.xcore.tail__t29                    1.15593
xc2.xcore.inn__t47                      1.6335
xc2.xcore.outn__t75                    3.29865
xc2.xcore.vss__t546                 8.7951e-11
xc2.xcore.outn__t43                    3.29865
xc2.xcore.inn__t46                      1.6335
xc2.xcore.tail__t91                    1.15593
xc2.xcore.vss__t547                8.86364e-11
xc2.xcore.tail__t28                    1.15593
xc2.xcore.inn__t45                      1.6335
xc2.xcore.outn__t74                    3.29865
xc2.xcore.vss__t548                8.93218e-11
xc2.xcore.outn__t42                    3.29865
xc2.xcore.inn__t44                      1.6335
xc2.xcore.tail__t90                    1.15593
xc2.xcore.vss__t549                9.00073e-11
xc2.xcore.tail__t59                    1.15593
xc2.xcore.inn__t56                      1.6335
xc2.xcore.outn__t79                    3.29865
xc2.xcore.vss__t550                9.06927e-11
xc2.xcore.outn__t51                    3.29865
xc2.xcore.inn__t63                      1.6335
xc2.xcore.tail__t127                   1.15593
xc2.xcore.vss__t551                9.13782e-11
xc2.xcore.tail__t13                    1.15593
xc2.xcore.inn__t19                      1.6335
xc2.xcore.outn__t62                    3.29865
xc2.xcore.vss__t552                9.20636e-11
xc2.xcore.outn__t28                    3.29865
xc2.xcore.inn__t18                      1.6335
xc2.xcore.tail__t72                    1.15593
xc2.xcore.vss__t553                9.27491e-11
xc2.xcore.tail__t12                    1.15593
xc2.xcore.inn__t17                      1.6335
xc2.xcore.outn__t61                    3.29865
xc2.xcore.vss__t554                9.34346e-11
xc2.xcore.outn__t27                    3.29865
xc2.xcore.inn__t16                      1.6335
xc2.xcore.tail__t71                    1.15593
xc2.xcore.vss__t555                9.41201e-11
xc2.xcore.tail__t11                    1.15593
xc2.xcore.inn__t15                      1.6335
xc2.xcore.outn__t60                    3.29865
xc2.xcore.vss__t556                9.48056e-11
xc2.xcore.outn__t26                    3.29865
xc2.xcore.inn__t14                      1.6335
xc2.xcore.tail__t70                    1.15593
xc2.xcore.vss__t557                9.54911e-11
xc2.xcore.tail__t10                    1.15593
xc2.xcore.inn__t13                      1.6335
xc2.xcore.outn__t59                    3.29865
xc2.xcore.vss__t558                9.61766e-11
xc2.xcore.outn__t25                    3.29865
xc2.xcore.inn__t12                      1.6335
xc2.xcore.tail__t69                    1.15593
xc2.xcore.vss__t559                9.68621e-11
xc2.xcore.tail__t6                     1.15593
xc2.xcore.inn__t5                       1.6335
xc2.xcore.outn__t55                    3.29865
xc2.xcore.vss__t560                9.75477e-11
xc2.xcore.outn__t24                    3.29865
xc2.xcore.inn__t11                      1.6335
xc2.xcore.tail__t68                    1.15593
xc2.xcore.vss__t561                9.82332e-11
xc2.xcore.tail__t4                     1.15593
xc2.xcore.inn__t2                       1.6335
xc2.xcore.outn__t53                    3.29865
xc2.xcore.vss__t562                9.89188e-11
xc2.xcore.outn__t21                    3.29865
xc2.xcore.inn__t3                       1.6335
xc2.xcore.tail__t65                    1.15593
xc2.xcore.vss__t563                9.96043e-11
xc2.xcore.tail__t5                     1.15593
xc2.xcore.inn__t4                       1.6335
xc2.xcore.outn__t54                    3.29865
xc2.xcore.vss__t564                 1.0029e-10
xc2.xcore.outn__t22                    3.29865
xc2.xcore.inn__t6                       1.6335
xc2.xcore.tail__t66                    1.15593
xc2.xcore.vss__t565                1.00975e-10
xc2.xcore.tail__t7                     1.15593
xc2.xcore.inn__t7                       1.6335
xc2.xcore.outn__t56                    3.29865
xc2.xcore.vss__t566                1.01661e-10
xc2.xcore.outn__t23                    3.29865
xc2.xcore.inn__t8                       1.6335
xc2.xcore.tail__t67                    1.15593
xc2.xcore.vss__t567                1.02347e-10
xc2.xcore.tail__t8                     1.15593
xc2.xcore.inn__t9                       1.6335
xc2.xcore.outn__t57                    3.29865
xc2.xcore.vss__t568                1.03032e-10
xc2.xcore.outn__t29                    3.29865
xc2.xcore.inn__t20                      1.6335
xc2.xcore.tail__t73                    1.15593
xc2.xcore.vss__t569                1.03718e-10
xc2.xcore.tail__t9                     1.15593
xc2.xcore.inn__t10                      1.6335
xc2.xcore.outn__t58                    3.29865
xc2.xcore.vss__t570                1.04403e-10
xc2.xcore.outn__t36                    3.29865
xc2.xcore.inn__t35                      1.6335
xc2.xcore.tail__t83                    1.15593
xc2.xcore.vss__t571                1.05089e-10
xc2.xcore.tail__t24                    1.15593
xc2.xcore.inn__t34                      1.6335
xc2.xcore.outn__t70                    3.29865
xc2.xcore.vss__t572                1.05775e-10
xc2.xcore.outn__t35                    3.29865
xc2.xcore.inn__t33                      1.6335
xc2.xcore.tail__t82                    1.15593
xc2.xcore.vss__t573                 1.0646e-10
xc2.xcore.tail__t23                    1.15593
xc2.xcore.inn__t32                      1.6335
xc2.xcore.outn__t69                    3.29865
xc2.xcore.vss__t574                1.07146e-10
xc2.xcore.outn__t34                    3.29865
xc2.xcore.inn__t31                      1.6335
xc2.xcore.tail__t81                    1.15593
xc2.xcore.vss__t575                1.07832e-10
xc2.xcore.tail__t22                    1.15593
xc2.xcore.inn__t30                      1.6335
xc2.xcore.outn__t68                    3.29865
xc2.xcore.vss__t576                1.08517e-10
xc2.xcore.outn__t33                    3.29865
xc2.xcore.inn__t29                      1.6335
xc2.xcore.tail__t80                    1.15593
xc2.xcore.vss__t577                1.09203e-10
xc2.xcore.tail__t21                    1.15593
xc2.xcore.inn__t28                      1.6335
xc2.xcore.outn__t67                    3.29865
xc2.xcore.vss__t578                1.09889e-10
xc2.xcore.outn__t32                    3.29865
xc2.xcore.inn__t27                      1.6335
xc2.xcore.tail__t79                    1.15593
xc2.xcore.vss__t579                1.10574e-10
xc2.xcore.tail__t20                    1.15593
xc2.xcore.inn__t26                      1.6335
xc2.xcore.outn__t66                    3.29865
xc2.xcore.vss__t580                 1.1126e-10
xc2.xcore.outn__t37                    3.29865
xc2.xcore.inn__t36                      1.6335
xc2.xcore.tail__t84                    1.15593
xc2.xcore.vss__t581                1.11946e-10
xc2.xcore.tail__t18                    1.15593
xc2.xcore.inn__t25                      1.6335
xc2.xcore.outn__t65                    3.29865
xc2.xcore.vss__t582                1.12631e-10
xc2.xcore.outn__t31                    3.29865
xc2.xcore.inn__t24                      1.6335
xc2.xcore.tail__t78                    1.15593
xc2.xcore.vss__t583                1.13317e-10
xc2.xcore.tail__t17                    1.15593
xc2.xcore.inn__t23                      1.6335
xc2.xcore.outn__t64                    3.29865
xc2.xcore.vss__t584                1.14003e-10
xc2.xcore.outn__t30                    3.29865
xc2.xcore.inn__t22                      1.6335
xc2.xcore.tail__t77                    1.15593
xc2.xcore.vss__t585                1.14688e-10
xc2.xcore.tail__t2                     1.15593
xc2.xcore.inn__t0                       1.6335
xc2.xcore.outn__t20                    3.29865
xc2.xcore.vss__t587                1.15458e-10
xc2.xcore.vss__t210                3.35178e-12
xc2.xcore.outp__t16                    2.79786
xc2.xcore.vss__t211                3.31238e-12
xc2.xcore.outp__t17                    2.79786
xc2.xcore.vss__t212                3.27302e-12
xc2.xcore.outp__t18                    2.79786
xc2.xcore.vss__t213                3.23368e-12
xc2.xcore.outp__t19                    2.79786
xc2.xcore.vss__t214                3.19439e-12
xc2.xcore.outp__t0                     2.79786
xc2.xcore.vss__t215                3.15513e-12
xc2.xcore.outp__t1                     2.79786
xc2.xcore.vss__t216                 3.1159e-12
xc2.xcore.outp__t2                     2.79786
xc2.xcore.vss__t217                3.07671e-12
xc2.xcore.outp__t3                     2.79786
xc2.xcore.vss__t218                3.03757e-12
xc2.xcore.outp__t4                     2.79786
xc2.xcore.vss__t219                2.99846e-12
xc2.xcore.outp__t15                    2.79786
xc2.xcore.vss__t220                 2.9594e-12
xc2.xcore.outp__t6                     2.79786
xc2.xcore.vss__t221                2.92038e-12
xc2.xcore.outp__t7                     2.79786
xc2.xcore.vss__t222                 2.8814e-12
xc2.xcore.outp__t8                     2.79786
xc2.xcore.vss__t223                2.84248e-12
xc2.xcore.outp__t9                     2.79786
xc2.xcore.vss__t224                 2.8036e-12
xc2.xcore.outp__t10                    2.79786
xc2.xcore.vss__t225                2.76478e-12
xc2.xcore.outp__t11                    2.79786
xc2.xcore.vss__t226                2.72602e-12
xc2.xcore.outp__t12                    2.79786
xc2.xcore.vss__t227                2.68731e-12
xc2.xcore.outp__t13                    2.79786
xc2.xcore.vss__t228                2.64865e-12
xc2.xcore.outp__t14                    2.79786
xc2.xcore.vss__t229                2.61007e-12
xc2.xcore.outp__t5                     2.79786
xc2.xcore.vss__t230                2.71445e-12
xc2.xcore.outn__t0                     3.29865
xc2.xcore.vss__t231                2.75792e-12
xc2.xcore.outn__t5                     3.29865
xc2.xcore.vss__t232                2.80148e-12
xc2.xcore.outn__t6                     3.29865
xc2.xcore.vss__t233                2.84512e-12
xc2.xcore.outn__t7                     3.29865
xc2.xcore.vss__t234                2.88885e-12
xc2.xcore.outn__t8                     3.29865
xc2.xcore.vss__t235                2.93267e-12
xc2.xcore.outn__t9                     3.29865
xc2.xcore.vss__t236                2.97656e-12
xc2.xcore.outn__t10                    3.29865
xc2.xcore.vss__t237                3.02052e-12
xc2.xcore.outn__t11                    3.29865
xc2.xcore.vss__t238                3.06455e-12
xc2.xcore.outn__t12                    3.29865
xc2.xcore.vss__t239                3.10865e-12
xc2.xcore.outn__t13                    3.29865
xc2.xcore.vss__t240                3.15282e-12
xc2.xcore.outn__t14                    3.29865
xc2.xcore.vss__t241                3.19705e-12
xc2.xcore.outn__t15                    3.29865
xc2.xcore.vss__t242                3.24133e-12
xc2.xcore.outn__t16                    3.29865
xc2.xcore.vss__t243                3.28568e-12
xc2.xcore.outn__t17                    3.29865
xc2.xcore.vss__t244                3.33007e-12
xc2.xcore.outn__t19                    3.29865
xc2.xcore.vss__t245                3.37453e-12
xc2.xcore.outn__t18                    3.29865
xc2.xcore.vss__t246                3.41903e-12
xc2.xcore.outn__t1                     3.29865
xc2.xcore.vss__t247                3.46358e-12
xc2.xcore.outn__t2                     3.29865
xc2.xcore.vss__t248                3.50818e-12
xc2.xcore.outn__t3                     3.29865
xc2.xcore.vss__t249                3.55282e-12
xc2.xcore.outn__t4                     3.29865
ib_c2                                  1.02196
xc2.xcore.vsubs                              0
outn_c2                                3.29865
outp_c2                                2.79786
xc2.tail                               1.15593
vd_c2                                 0.500794
ediff_c2#branch                              0
ediff_c1#branch                              0
ediff_c0#branch                              0
einref#branch                                0
vcomb0_7#branch                              0
vcomb1_7#branch                              0
vcomb0_6#branch                              0
vcomb1_6#branch                              0
vcomb0_5#branch                              0
vcomb1_5#branch                              0
vcomb0_4#branch                              0
vcomb1_4#branch                              0
vcomb0_3#branch                              0
vcomb1_3#branch                              0
vcomb0_2#branch                              0
vcomb1_2#branch                              0
vcomb0_1#branch                              0
vcomb1_1#branch                              0
vcomb0_0#branch                              0
vcomb1_0#branch                              0
vinn#branch                       -5.77588e-16
vinp#branch                       -1.52354e-14
vavcc#branch                         -0.030209

 Reference value :  0.00000e+00
 Reference value :  1.34682e-09
 Reference value :  1.40322e-09
 Reference value :  1.45775e-09
 Reference value :  2.37294e-09
 Reference value :  2.72305e-09
 Reference value :  2.78259e-09
 Reference value :  3.02175e-09
 Reference value :  4.04483e-09
 Reference value :  4.11814e-09
 Reference value :  4.18886e-09
 Reference value :  5.34407e-09
 Reference value :  5.43281e-09
 Reference value :  5.48236e-09
 Reference value :  5.74384e-09
 Reference value :  7.15401e-09
 Reference value :  8.66081e-09
 Reference value :  9.43787e-09
 Reference value :  9.50767e-09
 Reference value :  9.61029e-09
 Reference value :  1.07745e-08
 Reference value :  1.08261e-08
 Reference value :  1.08711e-08
 Reference value :  1.11956e-08
 Reference value :  1.28212e-08
 Reference value :  1.44080e-08
 Reference value :  1.48420e-08
 Reference value :  1.48993e-08
 Reference value :  1.52291e-08
 Reference value :  1.67416e-08
 Reference value :  1.75186e-08
 Reference value :  1.75887e-08
 Reference value :  1.76778e-08
 Reference value :  1.90752e-08
 Reference value :  2.02048e-08
 Reference value :  2.02756e-08
 Reference value :  2.03436e-08
 Reference value :  2.14163e-08
 Reference value :  2.28722e-08
 Reference value :  2.29389e-08
 Reference value :  2.29926e-08
 Reference value :  2.34458e-08
 Reference value :  2.42535e-08
 Reference value :  2.43225e-08
 Reference value :  2.44187e-08
 Reference value :  2.55893e-08
 Reference value :  2.56530e-08
 Reference value :  2.57091e-08
 Reference value :  2.65025e-08
 Reference value :  2.69644e-08
 Reference value :  2.70207e-08
 Reference value :  2.72863e-08
 Reference value :  2.82885e-08
 Reference value :  2.83629e-08
 Reference value :  2.84229e-08
 Reference value :  2.95161e-08
 Reference value :  2.96760e-08
 Reference value :  2.97322e-08
 Reference value :  3.03747e-08
 Reference value :  3.09967e-08
 Reference value :  3.10571e-08
 Reference value :  3.11455e-08
 Reference value :  3.15183e-08
 Reference value :  3.20077e-08
 Reference value :  3.24916e-08
 Reference value :  3.29786e-08
 Reference value :  3.34877e-08
 Reference value :  3.38931e-08
 Reference value :  3.43982e-08
 Reference value :  3.48763e-08
 Reference value :  3.53549e-08
 Reference value :  3.58446e-08
 Reference value :  3.63436e-08
 Reference value :  3.67551e-08
 Reference value :  3.72422e-08
 Reference value :  3.77316e-08
 Reference value :  3.82015e-08
 Reference value :  3.87025e-08
 Reference value :  3.91372e-08
 Reference value :  3.95823e-08
 Reference value :  4.00687e-08
 Reference value :  4.04089e-08
 Reference value :  4.04803e-08
 Reference value :  4.05524e-08
 Reference value :  4.09105e-08
 Reference value :  4.14001e-08
 Reference value :  4.18559e-08
 Reference value :  4.23106e-08
 Reference value :  4.27888e-08
 Reference value :  4.32674e-08
 Reference value :  4.37530e-08
 Reference value :  4.42272e-08
 Reference value :  4.46339e-08
 Reference value :  4.51220e-08
 Reference value :  4.56229e-08
 Reference value :  4.59964e-08
 Reference value :  4.64925e-08
 Reference value :  4.69897e-08
 Reference value :  4.74607e-08
 Reference value :  4.79309e-08
 Reference value :  4.83376e-08
 Reference value :  4.85081e-08
 Reference value :  4.85673e-08
 Reference value :  4.86742e-08
 Reference value :  4.91512e-08
 Reference value :  4.96633e-08
 Reference value :  4.98516e-08
 Reference value :  4.99130e-08
 Reference value :  5.00507e-08
 Reference value :  5.05065e-08
 Reference value :  5.10031e-08
 Reference value :  5.14015e-08
 Reference value :  5.18730e-08
 Reference value :  5.23611e-08
 Reference value :  5.28550e-08
 Reference value :  5.33470e-08
 Reference value :  5.37584e-08
 Reference value :  5.42288e-08
 Reference value :  5.47152e-08
 Reference value :  5.52009e-08
 Reference value :  5.56461e-08
 Reference value :  5.60840e-08
 Reference value :  5.65657e-08
 Reference value :  5.66115e-08
 Reference value :  5.66626e-08
 Reference value :  5.68844e-08
 Reference value :  5.73296e-08
 Reference value :  5.77719e-08
 Reference value :  5.82534e-08
 Reference value :  5.87402e-08
 Reference value :  5.91815e-08
 Reference value :  5.92844e-08
 Reference value :  5.93427e-08
 Reference value :  5.94783e-08
 Reference value :  5.99369e-08
 Reference value :  6.04237e-08
 Reference value :  6.08023e-08
 Reference value :  6.12837e-08
 Reference value :  6.17665e-08
 Reference value :  6.21491e-08
 Reference value :  6.26496e-08
 Reference value :  6.31327e-08
 Reference value :  6.35586e-08
 Reference value :  6.40009e-08
 Reference value :  6.44981e-08
 Reference value :  6.46672e-08
 Reference value :  6.47281e-08
 Reference value :  6.48170e-08
 Reference value :  6.52710e-08
 Reference value :  6.58109e-08
 Reference value :  6.60063e-08
 Reference value :  6.60734e-08
 Reference value :  6.61642e-08
 Reference value :  6.66178e-08
 Reference value :  6.70402e-08
 Reference value :  6.73485e-08
 Reference value :  6.74201e-08
 Reference value :  6.74742e-08
 Reference value :  6.78271e-08
 Reference value :  6.83013e-08
 Reference value :  6.86873e-08
 Reference value :  6.87534e-08
 Reference value :  6.88021e-08
 Reference value :  6.90604e-08
 Reference value :  6.95565e-08
 Reference value :  7.00548e-08
 Reference value :  7.05387e-08
 Reference value :  7.10298e-08
 Reference value :  7.14712e-08
 Reference value :  7.19134e-08
 Reference value :  7.24139e-08
 Reference value :  7.27342e-08
 Reference value :  7.28073e-08
 Reference value :  7.28615e-08
 Reference value :  7.32123e-08
 Reference value :  7.36237e-08
 Reference value :  7.40974e-08
 Reference value :  7.45805e-08
 Reference value :  7.50842e-08
 Reference value :  7.55692e-08
 Reference value :  7.59806e-08
 Reference value :  7.64678e-08
 Reference value :  7.69560e-08
 Reference value :  7.74509e-08
 Reference value :  7.79503e-08
 Reference value :  7.81358e-08
 Reference value :  7.81992e-08
 Reference value :  7.83845e-08
 Reference value :  7.88247e-08
 Reference value :  7.93476e-08
 Reference value :  7.98191e-08
 Reference value :  8.03230e-08
 Reference value :  8.08081e-08
 Reference value :  8.08539e-08
 Reference value :  8.09050e-08
 Reference value :  8.11013e-08
 Reference value :  8.15093e-08
 Reference value :  8.20065e-08
 Reference value :  8.21751e-08
 Reference value :  8.22396e-08
 Reference value :  8.24059e-08
 Reference value :  8.28561e-08
 Reference value :  8.34239e-08
 Reference value :  8.38617e-08
 Reference value :  8.43646e-08
 Reference value :  8.48685e-08
 Reference value :  8.53395e-08
 Reference value :  8.58386e-08
 Reference value :  8.61956e-08
 Reference value :  8.62465e-08
 Reference value :  8.63053e-08
 Reference value :  8.65418e-08
 Reference value :  8.70412e-08
 Reference value :  8.75421e-08
 Reference value :  8.75915e-08
 Reference value :  8.76447e-08
 Reference value :  8.78830e-08
 Reference value :  8.83838e-08
 Reference value :  8.88749e-08
 Reference value :  8.89186e-08
 Reference value :  8.89776e-08
 Reference value :  8.91057e-08
 Reference value :  8.95721e-08
 Reference value :  9.00715e-08
 Reference value :  9.05524e-08
 Reference value :  9.09638e-08
 Reference value :  9.14375e-08
 Reference value :  9.16038e-08
 Reference value :  9.16672e-08
 Reference value :  9.18756e-08
 Reference value :  9.23753e-08
 Reference value :  9.28804e-08
 Reference value :  9.32894e-08
 Reference value :  9.37910e-08
 Reference value :  9.42761e-08
 Reference value :  9.43148e-08
 Reference value :  9.43694e-08
 Reference value :  9.45948e-08
 Reference value :  9.50401e-08
 Reference value :  9.54779e-08
 Reference value :  9.59610e-08
 Reference value :  9.64576e-08
 Reference value :  9.69497e-08
 Reference value :  9.73432e-08
 Reference value :  9.78482e-08
 Reference value :  9.83167e-08
 Reference value :  9.83830e-08
 Reference value :  9.84403e-08
 Reference value :  9.87727e-08
 Reference value :  9.92130e-08
 Reference value :  9.96634e-08
 Reference value :  9.97042e-08
 Reference value :  9.97602e-08
 Reference value :  9.99800e-08
 Reference value :  1.00391e-07
 Reference value :  1.00870e-07
 Reference value :  1.01033e-07
 Reference value :  1.01095e-07
 Reference value :  1.01261e-07
 Reference value :  1.01704e-07
 Reference value :  1.02198e-07
 Reference value :  1.02377e-07
 Reference value :  1.02438e-07
 Reference value :  1.02525e-07
 Reference value :  1.02981e-07
 Reference value :  1.03422e-07
 Reference value :  1.03714e-07
 Reference value :  1.03784e-07
 Reference value :  1.03878e-07
 Reference value :  1.04328e-07
 Reference value :  1.04804e-07
 Reference value :  1.05274e-07
 Reference value :  1.05814e-07
 Reference value :  1.06348e-07
 Reference value :  1.06425e-07
 Reference value :  1.06489e-07
 Reference value :  1.06691e-07
 Reference value :  1.07219e-07
 Reference value :  1.07695e-07
 Reference value :  1.08109e-07
 Reference value :  1.08607e-07
 Reference value :  1.09112e-07
 Reference value :  1.09597e-07
 Reference value :  1.10094e-07
 Reference value :  1.10564e-07
 Reference value :  1.11033e-07
 Reference value :  1.11485e-07
 Reference value :  1.11963e-07
 Reference value :  1.12462e-07
 Reference value :  1.12964e-07
 Reference value :  1.13152e-07
 Reference value :  1.13215e-07
 Reference value :  1.13382e-07
 Reference value :  1.13828e-07
 Reference value :  1.14333e-07
 Reference value :  1.14501e-07
 Reference value :  1.14561e-07
 Reference value :  1.14652e-07
 Reference value :  1.15103e-07
 Reference value :  1.15543e-07
 Reference value :  1.15832e-07
 Reference value :  1.15905e-07
 Reference value :  1.15994e-07
 Reference value :  1.16421e-07
 Reference value :  1.16890e-07
 Reference value :  1.17361e-07
 Reference value :  1.17865e-07
 Reference value :  1.18360e-07
 Reference value :  1.18855e-07
 Reference value :  1.19360e-07
 Reference value :  1.19858e-07
 Reference value :  1.20293e-07
 Reference value :  1.20762e-07
 Reference value :  1.21213e-07
 Reference value :  1.21273e-07
 Reference value :  1.21326e-07
 Reference value :  1.21570e-07
 Reference value :  1.22074e-07
 Reference value :  1.22569e-07
 Reference value :  1.23057e-07
 Reference value :  1.23555e-07
 Reference value :  1.24011e-07
 Reference value :  1.24465e-07
 Reference value :  1.24944e-07
 Reference value :  1.25260e-07
 Reference value :  1.25333e-07
 Reference value :  1.25422e-07
 Reference value :  1.25848e-07
 Reference value :  1.26317e-07
 Reference value :  1.26789e-07
 Reference value :  1.27294e-07
 Reference value :  1.27798e-07
 Reference value :  1.28283e-07
 Reference value :  1.28781e-07
 Reference value :  1.29279e-07
 Reference value :  1.29325e-07
 Reference value :  1.29383e-07
 Reference value :  1.29524e-07
 Reference value :  1.29987e-07
 Reference value :  1.30499e-07
 Reference value :  1.30673e-07
 Reference value :  1.30739e-07
 Reference value :  1.30986e-07
 Reference value :  1.31501e-07
 Reference value :  1.32007e-07
 Reference value :  1.32496e-07
 Reference value :  1.33017e-07
 Reference value :  1.33340e-07
 Reference value :  1.33414e-07
 Reference value :  1.33513e-07
 Reference value :  1.33987e-07
 Reference value :  1.34463e-07
 Reference value :  1.34692e-07
 Reference value :  1.34760e-07
 Reference value :  1.34872e-07
 Reference value :  1.35363e-07
 Reference value :  1.35882e-07
 Reference value :  1.36365e-07
 Reference value :  1.36869e-07
 Reference value :  1.37367e-07
 Reference value :  1.37408e-07
 Reference value :  1.37467e-07
 Reference value :  1.37667e-07
 Reference value :  1.38167e-07
 Reference value :  1.38643e-07
 Reference value :  1.39081e-07
 Reference value :  1.39583e-07
 Reference value :  1.40067e-07
 Reference value :  1.40120e-07
 Reference value :  1.40174e-07
 Reference value :  1.40427e-07
 Reference value :  1.40930e-07
 Reference value :  1.41414e-07
 Reference value :  1.41458e-07
 Reference value :  1.41513e-07
 Reference value :  1.41737e-07
 Reference value :  1.42238e-07
 Reference value :  1.42741e-07
 Reference value :  1.43125e-07
 Reference value :  1.43626e-07
 Reference value :  1.44108e-07
 Reference value :  1.44170e-07
 Reference value :  1.44227e-07
 Reference value :  1.44564e-07
 Reference value :  1.45104e-07
 Reference value :  1.45458e-07
 Reference value :  1.45529e-07
 Reference value :  1.45589e-07
 Reference value :  1.45953e-07
 Reference value :  1.46451e-07
 Reference value :  1.46804e-07
 Reference value :  1.46878e-07
 Reference value :  1.46950e-07
 Reference value :  1.47397e-07
 Reference value :  1.47866e-07
 Reference value :  1.48160e-07
 Reference value :  1.48228e-07
 Reference value :  1.48292e-07
 Reference value :  1.48655e-07
 Reference value :  1.49178e-07
 Reference value :  1.49665e-07
 Reference value :  1.50173e-07
 Reference value :  1.50697e-07
 Reference value :  1.50867e-07
 Reference value :  1.50928e-07
 Reference value :  1.51158e-07
 Reference value :  1.51635e-07
 Reference value :  1.52140e-07
 Reference value :  1.52218e-07
 Reference value :  1.52279e-07
 Reference value :  1.52458e-07
 Reference value :  1.52899e-07
 Reference value :  1.53395e-07
 Reference value :  1.53882e-07
 Reference value :  1.54387e-07
 Reference value :  1.54886e-07
 Reference value :  1.55373e-07
 Reference value :  1.55872e-07
 Reference value :  1.56309e-07
 Reference value :  1.56755e-07
 Reference value :  1.57259e-07
 Reference value :  1.57581e-07
 Reference value :  1.57656e-07
 Reference value :  1.57747e-07
 Reference value :  1.58231e-07
 Reference value :  1.58747e-07
 Reference value :  1.58943e-07
 Reference value :  1.59003e-07
 Reference value :  1.59092e-07
 Reference value :  1.59576e-07
 Reference value :  1.60083e-07
 Reference value :  1.60475e-07
 Reference value :  1.61033e-07
 Reference value :  1.61503e-07
 Reference value :  1.61644e-07
 Reference value :  1.61702e-07
 Reference value :  1.61886e-07
 Reference value :  1.62317e-07
 Reference value :  1.62816e-07
 Reference value :  1.63301e-07
 Reference value :  1.63815e-07
 Reference value :  1.64310e-07
 Reference value :  1.64737e-07
 Reference value :  1.65188e-07
 Reference value :  1.65657e-07
 Reference value :  1.65698e-07
 Reference value :  1.65750e-07
 Reference value :  1.65905e-07
 Reference value :  1.66358e-07
 Reference value :  1.66954e-07
 Reference value :  1.67361e-07
 Reference value :  1.67855e-07
 Reference value :  1.68350e-07
 Reference value :  1.68391e-07
 Reference value :  1.68446e-07
 Reference value :  1.68688e-07
 Reference value :  1.69192e-07
 Reference value :  1.69683e-07
 Reference value :  1.69731e-07
 Reference value :  1.69794e-07
 Reference value :  1.70020e-07
 Reference value :  1.70532e-07
 Reference value :  1.71044e-07
 Reference value :  1.71110e-07
 Reference value :  1.71187e-07
 Reference value :  1.71569e-07
 Reference value :  1.72074e-07
 Reference value :  1.72560e-07
 Reference value :  1.73065e-07
 Reference value :  1.73570e-07
 Reference value :  1.73757e-07
 Reference value :  1.73822e-07
 Reference value :  1.73954e-07
 Reference value :  1.74434e-07
 Reference value :  1.74939e-07
 Reference value :  1.75109e-07
 Reference value :  1.75172e-07
 Reference value :  1.75403e-07
 Reference value :  1.75912e-07
 Reference value :  1.76417e-07
 Reference value :  1.76465e-07
 Reference value :  1.76524e-07
 Reference value :  1.76724e-07
 Reference value :  1.77195e-07
 Reference value :  1.77700e-07
 Reference value :  1.78142e-07
 Reference value :  1.78647e-07
 Reference value :  1.79148e-07
 Reference value :  1.79639e-07
 Reference value :  1.80144e-07
 Reference value :  1.80476e-07
 Reference value :  1.80551e-07
 Reference value :  1.80634e-07
 Reference value :  1.81031e-07
 Reference value :  1.81536e-07
 Reference value :  1.81830e-07
 Reference value :  1.81898e-07
 Reference value :  1.81971e-07
 Reference value :  1.82347e-07
 Reference value :  1.82852e-07
 Reference value :  1.83343e-07
 Reference value :  1.83848e-07
 Reference value :  1.84353e-07
 Reference value :  1.84850e-07
 Reference value :  1.85355e-07
 Reference value :  1.85859e-07
 Reference value :  1.85912e-07
 Reference value :  1.85969e-07
 Reference value :  1.86232e-07
 Reference value :  1.86737e-07
 Reference value :  1.87233e-07
 Reference value :  1.87720e-07
 Reference value :  1.88235e-07
 Reference value :  1.88559e-07
 Reference value :  1.88632e-07
 Reference value :  1.88701e-07
 Reference value :  1.89078e-07
 Reference value :  1.89590e-07
 Reference value :  1.90087e-07
 Reference value :  1.90592e-07
 Reference value :  1.91097e-07
 Reference value :  1.91267e-07
 Reference value :  1.91331e-07
 Reference value :  1.91539e-07
 Reference value :  1.92039e-07
 Reference value :  1.92544e-07
 Reference value :  1.92984e-07
 Reference value :  1.93525e-07
 Reference value :  1.93940e-07
 Reference value :  1.94000e-07
 Reference value :  1.94054e-07
 Reference value :  1.94299e-07
 Reference value :  1.94809e-07
 Reference value :  1.95286e-07
 Reference value :  1.95353e-07
 Reference value :  1.95414e-07
 Reference value :  1.95777e-07
 Reference value :  1.96282e-07
 Reference value :  1.96640e-07
 Reference value :  1.96713e-07
 Reference value :  1.96781e-07
 Reference value :  1.97159e-07
 Reference value :  1.97664e-07
 Reference value :  1.97987e-07
 Reference value :  1.98060e-07
 Reference value :  1.98214e-07
 Reference value :  1.98744e-07
 Reference value :  1.99327e-07
 Reference value :  1.99391e-07
 Reference value :  1.99489e-07
 Reference value :  1.99951e-07
 Reference value :  2.00653e-07
 Reference value :  2.00711e-07
 Reference value :  2.00767e-07
 Reference value :  2.01012e-07
 Reference value :  2.01517e-07
 Reference value :  2.02020e-07
 Reference value :  2.02020e-07
 Reference value :  2.02024e-07
 Reference value :  2.02455e-07
 Reference value :  2.03377e-07
 Reference value :  2.03447e-07
 Reference value :  2.03628e-07
 Reference value :  2.04719e-07
 Reference value :  2.04803e-07
 Reference value :  2.05409e-07
 Reference value :  2.06076e-07
 Reference value :  2.06142e-07
 Reference value :  2.06670e-07
 Reference value :  2.07434e-07
 Reference value :  2.07498e-07
 Reference value :  2.08379e-07
 Reference value :  2.10155e-07
 Reference value :  2.11451e-07
 Reference value :  2.11528e-07
 Reference value :  2.11710e-07
 Reference value :  2.12798e-07
 Reference value :  2.12875e-07
 Reference value :  2.12977e-07
 Reference value :  2.14321e-07
 Reference value :  2.16028e-07
 Reference value :  2.16848e-07
 Reference value :  2.16916e-07
 Reference value :  2.17119e-07
 Reference value :  2.18682e-07
 Reference value :  2.19544e-07
 Reference value :  2.19612e-07
 Reference value :  2.19819e-07
 Reference value :  2.21455e-07
 Reference value :  2.22237e-07
 Reference value :  2.22304e-07
 Reference value :  2.22532e-07
 Reference value :  2.24149e-07
 Reference value :  2.24929e-07
 Reference value :  2.24998e-07
 Reference value :  2.25179e-07
 Reference value :  2.26272e-07
 Reference value :  2.26343e-07
 Reference value :  2.26968e-07
 Reference value :  2.27634e-07
 Reference value :  2.27697e-07
 Reference value :  2.28003e-07
 Reference value :  2.28967e-07
 Reference value :  2.29037e-07
 Reference value :  2.29273e-07
 Reference value :  2.30313e-07
 Reference value :  2.30386e-07
 Reference value :  2.30568e-07
 Reference value :  2.31656e-07
 Reference value :  2.31730e-07
 Reference value :  2.31868e-07
 Reference value :  2.33004e-07
 Reference value :  2.33077e-07
 Reference value :  2.33200e-07
 Reference value :  2.34643e-07
 Reference value :  2.36350e-07
 Reference value :  2.38057e-07
 Reference value :  2.39731e-07
 Reference value :  2.41257e-07
 Reference value :  2.42429e-07
 Reference value :  2.42505e-07
 Reference value :  2.42765e-07
 Reference value :  2.44391e-07
 Reference value :  2.46178e-07
 Reference value :  2.48071e-07
 Reference value :  2.49778e-07
 Reference value :  2.50525e-07
 Reference value :  2.50590e-07
 Reference value :  2.50796e-07
 Reference value :  2.51858e-07
 Reference value :  2.51932e-07
 Reference value :  2.52070e-07
 Reference value :  2.53539e-07
 Reference value :  2.55245e-07
 Reference value :  2.56872e-07
 Reference value :  2.58419e-07
 Reference value :  2.58627e-07
 Reference value :  2.58685e-07
 Reference value :  2.59376e-07
 Reference value :  2.61113e-07
 Reference value :  2.61319e-07
 Reference value :  2.61378e-07
 Reference value :  2.62054e-07
 Reference value :  2.63726e-07
 Reference value :  2.65324e-07
 Reference value :  2.66667e-07
 Reference value :  2.66741e-07
 Reference value :  2.66806e-07
 Reference value :  2.68013e-07
 Reference value :  2.68080e-07
 Reference value :  2.68146e-07
 Reference value :  2.69278e-07
 Reference value :  2.69406e-07
 Reference value :  2.69464e-07
 Reference value :  2.70234e-07
 Reference value :  2.70735e-07
 Reference value :  2.70795e-07
 Reference value :  2.71172e-07
 Reference value :  2.72834e-07
 Reference value :  2.74581e-07
 Reference value :  2.74791e-07
 Reference value :  2.74849e-07
 Reference value :  2.75538e-07
 Reference value :  2.77274e-07
 Reference value :  2.78816e-07
 Reference value :  2.80136e-07
 Reference value :  2.80208e-07
 Reference value :  2.80301e-07
 Reference value :  2.81561e-07
 Reference value :  2.82830e-07
 Reference value :  2.82908e-07
 Reference value :  2.82991e-07
 Reference value :  2.84175e-07
 Reference value :  2.84245e-07
 Reference value :  2.84318e-07
 Reference value :  2.85526e-07
 Reference value :  2.87089e-07
 Reference value :  2.88221e-07
 Reference value :  2.88296e-07
 Reference value :  2.88409e-07
 Reference value :  2.89563e-07
 Reference value :  2.89636e-07
 Reference value :  2.89724e-07
 Reference value :  2.90909e-07
 Reference value :  2.90973e-07
 Reference value :  2.91039e-07
 Reference value :  2.92182e-07
 Reference value :  2.93603e-07
 Reference value :  2.93670e-07
 Reference value :  2.93744e-07
 Reference value :  2.94953e-07
 Reference value :  2.96297e-07
 Reference value :  2.96367e-07
 Reference value :  2.96426e-07
 Reference value :  2.97566e-07
 Reference value :  2.99082e-07
 Reference value :  3.00340e-07
 Reference value :  3.00417e-07
 Reference value :  3.00529e-07
 Reference value :  3.01684e-07
 Reference value :  3.01764e-07
 Reference value :  3.01827e-07
 Reference value :  3.03030e-07
 Reference value :  3.03094e-07
 Reference value :  3.03162e-07
 Reference value :  3.04327e-07
 Reference value :  3.04426e-07
 Reference value :  3.04484e-07
 Reference value :  3.05281e-07
 Reference value :  3.05753e-07
 Reference value :  3.05815e-07
 Reference value :  3.06389e-07
 Reference value :  3.08131e-07
 Reference value :  3.08454e-07
 Reference value :  3.08514e-07
 Reference value :  3.09088e-07
 Reference value :  3.10784e-07
 Reference value :  3.12458e-07
 Reference value :  3.13913e-07
 Reference value :  3.15154e-07
 Reference value :  3.15232e-07
 Reference value :  3.15354e-07
 Reference value :  3.16500e-07
 Reference value :  3.16578e-07
 Reference value :  3.16648e-07
 Reference value :  3.17845e-07
 Reference value :  3.17909e-07
 Reference value :  3.17977e-07
 Reference value :  3.19102e-07
 Reference value :  3.20623e-07
 Reference value :  3.22266e-07
 Reference value :  3.23243e-07
 Reference value :  3.23313e-07
 Reference value :  3.23475e-07
 Reference value :  3.25039e-07
 Reference value :  3.26746e-07
 Reference value :  3.27300e-07
 Reference value :  3.27360e-07
 Reference value :  3.27767e-07
 Reference value :  3.29480e-07
 Reference value :  3.31226e-07
 Reference value :  3.31362e-07
 Reference value :  3.31417e-07
 Reference value :  3.32183e-07
 Reference value :  3.32688e-07
 Reference value :  3.32750e-07
 Reference value :  3.33245e-07
 Reference value :  3.34947e-07
 Reference value :  3.35385e-07
 Reference value :  3.35449e-07
 Reference value :  3.35984e-07
 Reference value :  3.36719e-07
 Reference value :  3.36784e-07
 Reference value :  3.37086e-07
 Reference value :  3.38747e-07
 Reference value :  3.39419e-07
 Reference value :  3.39480e-07
 Reference value :  3.39749e-07
 Reference value :  3.41441e-07
 Reference value :  3.42107e-07
 Reference value :  3.42172e-07
 Reference value :  3.42542e-07
 Reference value :  3.43450e-07
 Reference value :  3.43519e-07
 Reference value :  3.43718e-07
 Reference value :  3.45281e-07
 Reference value :  3.46140e-07
 Reference value :  3.46209e-07
 Reference value :  3.46438e-07
 Reference value :  3.47482e-07
 Reference value :  3.47555e-07
 Reference value :  3.47666e-07
 Reference value :  3.48822e-07
 Reference value :  3.48892e-07
 Reference value :  3.48982e-07
 Reference value :  3.50168e-07
 Reference value :  3.50233e-07
 Reference value :  3.50297e-07
 Reference value :  3.51353e-07
 Reference value :  3.52862e-07
 Reference value :  3.52926e-07
 Reference value :  3.52998e-07
 Reference value :  3.54209e-07
 Reference value :  3.54263e-07
 Reference value :  3.54322e-07
 Reference value :  3.55230e-07
 Reference value :  3.56902e-07
 Reference value :  3.58389e-07
 Reference value :  3.59600e-07
 Reference value :  3.59676e-07
 Reference value :  3.59810e-07
 Reference value :  3.60945e-07
 Reference value :  3.61023e-07
 Reference value :  3.61098e-07
 Reference value :  3.62370e-07
 Reference value :  3.63639e-07
 Reference value :  3.63716e-07
 Reference value :  3.63819e-07
 Reference value :  3.65163e-07
 Reference value :  3.66870e-07
 Reference value :  3.67694e-07
 Reference value :  3.67762e-07
 Reference value :  3.67997e-07
 Reference value :  3.69684e-07
 Reference value :  3.70387e-07
 Reference value :  3.70453e-07
 Reference value :  3.70785e-07
 Reference value :  3.71728e-07
 Reference value :  3.71798e-07
 Reference value :  3.71928e-07
 Reference value :  3.73066e-07
 Reference value :  3.73137e-07
 Reference value :  3.73239e-07
 Reference value :  3.74551e-07
 Reference value :  3.75762e-07
 Reference value :  3.75838e-07
 Reference value :  3.75951e-07
 Reference value :  3.77105e-07
 Reference value :  3.77181e-07
 Reference value :  3.77266e-07
 Reference value :  3.78451e-07
 Reference value :  3.78519e-07
 Reference value :  3.78581e-07
 Reference value :  3.79761e-07
 Reference value :  3.81253e-07
 Reference value :  3.82494e-07
 Reference value :  3.82572e-07
 Reference value :  3.82684e-07
 Reference value :  3.83839e-07
 Reference value :  3.83918e-07
 Reference value :  3.83982e-07
 Reference value :  3.85189e-07
 Reference value :  3.86672e-07
 Reference value :  3.87883e-07
 Reference value :  3.87959e-07
 Reference value :  3.88081e-07
 Reference value :  3.89486e-07
 Reference value :  3.90578e-07
 Reference value :  3.90653e-07
 Reference value :  3.90775e-07
 Reference value :  3.92219e-07
 Reference value :  3.93274e-07
 Reference value :  3.93346e-07
 Reference value :  3.93528e-07
 Reference value :  3.95073e-07
 Reference value :  3.95973e-07
 Reference value :  3.96042e-07
 Reference value :  3.96202e-07
 Reference value :  3.97311e-07
 Reference value :  3.97386e-07
 Reference value :  3.97501e-07
 Reference value :  3.98654e-07
 Reference value :  3.98730e-07
 Reference value :  3.98799e-07
 Reference value :  4.00000e-07
 Reference value :  4.00067e-07
 Reference value :  4.00133e-07
 Reference value :  4.01305e-07
 Reference value :  4.01395e-07
 Reference value :  4.01454e-07
 Reference value :  4.02380e-07
 Reference value :  4.02729e-07
 Reference value :  4.02787e-07
 Reference value :  4.03359e-07
 Reference value :  4.04040e-07
 Reference value :  4.04040e-07
 Reference value :  4.04040e-07
 Reference value :  4.04040e-07
No. of Data Rows : 34732
m_ui_ref            =  1.34680e-09 targ=  2.73360e-09 trig=  1.38680e-09
m_height_c0_0 = -8.467239679e-01
m_height_c0_1 = 1.0012523405e+00
m_height_c0_2 = 1.0012736180e+00
m_height_c0_3 = 1.0013522792e+00
m_height_c0_4 = 1.0014118931e+00
m_height_c0_5 = 1.0014564218e+00
m_height_c0_6 = 1.0014896822e+00
m_height_c0_7 = 1.0015145258e+00
m_eyeh_max_c0 = 1.0015145258e+00
m_eyemask_margin_c0 = 1.0012736180e+00
m_height_c1_0 = -9.697679308e-01
m_height_c1_1 = 8.5078306526e-01
m_height_c1_2 = 9.9514644163e-01
m_height_c1_3 = 1.0008792785e+00
m_height_c1_4 = 1.0012106294e+00
m_height_c1_5 = 1.0013140705e+00
m_height_c1_6 = 1.0013836708e+00
m_height_c1_7 = 1.0014352767e+00
m_eyeh_max_c1 = 1.0014352767e+00
m_eyemask_margin_c1 = 9.9514644163e-01
m_height_c2_0 = -9.841859298e-01
m_height_c2_1 = 4.9880761021e-01
m_height_c2_2 = 8.9720630243e-01
m_height_c2_3 = 9.8065711050e-01
m_height_c2_4 = 9.9790577228e-01
m_height_c2_5 = 1.0006249000e+00
m_height_c2_6 = 1.0011211903e+00
m_height_c2_7 = 1.0012915582e+00
m_eyeh_max_c2 = 1.0012915582e+00
m_eyemask_margin_c2 = 8.9720630243e-01

Warning: m=xx on .subckt line will override multiplier m hierarchy!

Warning: diode_nd2ps_06v0: IKR too small - model effect disabled!
doAnalyses: TRAN:  Timestep too small; time = 4.0404e-07, timestep = 1.73902e-23: trouble with node "vinn#branch"


tran simulation(s) aborted
Error: incomplete or empty netlist
       or no ".plot", ".print", or ".fourier" lines in batch mode;
no simulations run!
