
Note: Compatibility modes selected: hs a


Circuit: * cml-driver-eye-mask @ fs_27c_3.30v_742p5mbps -- generated by sim/harness, do not edit

Doing analysis at TEMP = 27.000000 and TNOM = 27.000000

Using SPARSE 1.3 as Direct Linear Solver

Initial Transient Solution
--------------------------

Node                                   Voltage
----                                   -------
avcc                                       3.3
inp                                      2.805
inn                                      1.815
inref                                     0.99
comb1_0                                      0
comb0_0                                      0
comb1_1                                      0
comb0_1                                      0
comb1_2                                      0
comb0_2                                      0
comb1_3                                      0
comb0_3                                      0
comb1_4                                      0
comb0_4                                      0
comb1_5                                      0
comb0_5                                      0
comb1_6                                      0
comb0_6                                      0
comb1_7                                      0
comb0_7                                      0
xc0.xcore.tail__t186                   1.42794
xc0.xcore.ibias__t118                  1.03455
xc0.xcore.vss__t163                5.39295e-06
xc0.xcore.vss__t349                  2.217e-13
xc0.xcore.vss__t60                  5.1945e-06
xc0.xcore.ibias__t117                  1.03455
xc0.xcore.tail__t286                   1.42794
xc0.xcore.vss__t350                2.13542e-13
xc0.xcore.tail__t197                   1.42794
xc0.xcore.ibias__t140                  1.03455
xc0.xcore.vss__t174                4.99646e-06
xc0.xcore.vss__t351                2.05401e-13
xc0.xcore.vss__t68                 4.79888e-06
xc0.xcore.ibias__t133                  1.03455
xc0.xcore.tail__t294                   1.42794
xc0.xcore.vss__t352                1.97279e-13
xc0.xcore.tail__t193                   1.42794
xc0.xcore.ibias__t132                  1.03455
xc0.xcore.vss__t170                4.60183e-06
xc0.xcore.vss__t353                1.89179e-13
xc0.xcore.vss__t67                 4.40538e-06
xc0.xcore.ibias__t131                  1.03455
xc0.xcore.tail__t293                   1.42794
xc0.xcore.vss__t354                1.81103e-13
xc0.xcore.tail__t192                   1.42794
xc0.xcore.ibias__t130                  1.03455
xc0.xcore.vss__t169                4.20961e-06
xc0.xcore.vss__t355                1.73055e-13
xc0.xcore.vss__t74                 4.01461e-06
xc0.xcore.ibias__t145                  1.03455
xc0.xcore.tail__t300                   1.42794
xc0.xcore.vss__t356                1.65039e-13
xc0.xcore.tail__t191                   1.42794
xc0.xcore.ibias__t128                  1.03455
xc0.xcore.vss__t168                3.82051e-06
xc0.xcore.vss__t357                 1.5706e-13
xc0.xcore.vss__t65                 3.62746e-06
xc0.xcore.ibias__t127                  1.03455
xc0.xcore.tail__t291                   1.42794
xc0.xcore.vss__t358                1.49124e-13
xc0.xcore.tail__t190                   1.42794
xc0.xcore.ibias__t126                  1.03455
xc0.xcore.vss__t167                3.43562e-06
xc0.xcore.vss__t359                1.41238e-13
xc0.xcore.vss__t64                 3.24521e-06
xc0.xcore.ibias__t125                  1.03455
xc0.xcore.tail__t290                   1.42794
xc0.xcore.vss__t360                 1.3341e-13
xc0.xcore.tail__t189                   1.42794
xc0.xcore.ibias__t124                  1.03455
xc0.xcore.vss__t166                3.05651e-06
xc0.xcore.vss__t361                1.25653e-13
xc0.xcore.vss__t63                 2.86984e-06
xc0.xcore.ibias__t123                  1.03455
xc0.xcore.tail__t289                   1.42794
xc0.xcore.vss__t362                1.17979e-13
xc0.xcore.tail__t188                   1.42794
xc0.xcore.ibias__t122                  1.03455
xc0.xcore.vss__t165                2.68563e-06
xc0.xcore.vss__t363                1.10407e-13
xc0.xcore.vss__t62                 2.50443e-06
xc0.xcore.ibias__t121                  1.03455
xc0.xcore.tail__t288                   1.42794
xc0.xcore.vss__t364                1.02958e-13
xc0.xcore.tail__t187                   1.42794
xc0.xcore.ibias__t120                  1.03455
xc0.xcore.vss__t164                2.32694e-06
xc0.xcore.vss__t365                 9.5661e-14
xc0.xcore.vss__t26                 2.15407e-06
xc0.xcore.ibias__t0                    1.03455
xc0.xcore.tail__t252                   1.42794
xc0.xcore.vss__t366                8.85545e-14
xc0.xcore.tail__t175                   1.42794
xc0.xcore.ibias__t97                   1.03455
xc0.xcore.vss__t152                1.98704e-06
xc0.xcore.vss__t367                8.16877e-14
xc0.xcore.vss__t42                 1.82743e-06
xc0.xcore.ibias__t78                   1.03455
xc0.xcore.tail__t268                   1.42795
xc0.xcore.vss__t368                7.51265e-14
xc0.xcore.tail__t164                   1.42795
xc0.xcore.ibias__t77                   1.03455
xc0.xcore.vss__t141                1.67739e-06
xc0.xcore.vss__t369                6.89581e-14
xc0.xcore.vss__t37                 1.53969e-06
xc0.xcore.ibias__t70                   1.03455
xc0.xcore.tail__t263                   1.42795
xc0.xcore.vss__t370                6.32975e-14
xc0.xcore.tail__t167                   1.42795
xc0.xcore.ibias__t82                   1.03455
xc0.xcore.vss__t144                1.41795e-06
xc0.xcore.vss__t371                5.82927e-14
xc0.xcore.vss__t39                  1.3166e-06
xc0.xcore.ibias__t72                   1.03455
xc0.xcore.tail__t265                   1.42795
xc0.xcore.vss__t372                5.41261e-14
xc0.xcore.tail__t162                   1.42795
xc0.xcore.ibias__t73                   1.03455
xc0.xcore.vss__t139                1.24064e-06
xc0.xcore.vss__t373                5.10035e-14
xc0.xcore.vss__t40                 1.19493e-06
xc0.xcore.ibias__t74                   1.03455
xc0.xcore.tail__t266                   1.42795
xc0.xcore.vss__t374                4.91245e-14
xc0.xcore.tail__t163                   1.42795
xc0.xcore.ibias__t75                   1.03455
xc0.xcore.vss__t140                1.18298e-06
xc0.xcore.vss__t375                4.86333e-14
xc0.xcore.vss__t41                 1.20579e-06
xc0.xcore.ibias__t76                   1.03455
xc0.xcore.tail__t267                   1.42795
xc0.xcore.vss__t376                4.95713e-14
xc0.xcore.tail__t129                   1.42795
xc0.xcore.ibias__t9                    1.03455
xc0.xcore.vss__t107                1.26148e-06
xc0.xcore.vss__t377                 5.1861e-14
xc0.xcore.vss__t6                  1.34598e-06
xc0.xcore.ibias__t8                    1.03455
xc0.xcore.tail__t232                   1.42795
xc0.xcore.vss__t378                5.53349e-14
xc0.xcore.tail__t128                   1.42795
xc0.xcore.ibias__t7                    1.03455
xc0.xcore.vss__t106                1.45427e-06
xc0.xcore.vss__t379                 5.9787e-14
xc0.xcore.vss__t5                  1.58147e-06
xc0.xcore.ibias__t6                    1.03455
xc0.xcore.tail__t231                   1.42795
xc0.xcore.vss__t380                6.50165e-14
xc0.xcore.tail__t141                   1.42795
xc0.xcore.ibias__t31                   1.03455
xc0.xcore.vss__t119                 1.7234e-06
xc0.xcore.vss__t381                7.08516e-14
xc0.xcore.vss__t4                  1.87672e-06
xc0.xcore.ibias__t5                    1.03455
xc0.xcore.tail__t230                   1.42795
xc0.xcore.vss__t382                7.71551e-14
xc0.xcore.tail__t158                   1.42795
xc0.xcore.ibias__t62                   1.03455
xc0.xcore.vss__t135                2.03886e-06
xc0.xcore.vss__t383                8.38213e-14
xc0.xcore.vss__t33                 2.20788e-06
xc0.xcore.ibias__t63                   1.03455
xc0.xcore.tail__t259                   1.42795
xc0.xcore.vss__t384                9.07703e-14
xc0.xcore.tail__t159                   1.42795
xc0.xcore.ibias__t64                   1.03455
xc0.xcore.vss__t136                2.38232e-06
xc0.xcore.vss__t385                 9.7942e-14
xc0.xcore.vss__t34                 2.56107e-06
xc0.xcore.ibias__t65                   1.03455
xc0.xcore.tail__t260                   1.42795
xc0.xcore.vss__t386                1.05291e-13
xc0.xcore.tail__t160                   1.42795
xc0.xcore.ibias__t66                   1.03455
xc0.xcore.vss__t137                2.74328e-06
xc0.xcore.vss__t387                1.12782e-13
xc0.xcore.vss__t35                 2.92831e-06
xc0.xcore.ibias__t67                   1.03455
xc0.xcore.tail__t261                   1.42795
xc0.xcore.vss__t388                 1.2039e-13
xc0.xcore.tail__t161                   1.42795
xc0.xcore.ibias__t68                   1.03455
xc0.xcore.vss__t138                3.11566e-06
xc0.xcore.vss__t389                1.28093e-13
xc0.xcore.vss__t36                 3.30493e-06
xc0.xcore.ibias__t69                   1.03455
xc0.xcore.tail__t262                   1.42795
xc0.xcore.vss__t390                1.35874e-13
xc0.xcore.tail__t130                   1.42795
xc0.xcore.ibias__t10                   1.03455
xc0.xcore.vss__t108                3.49582e-06
xc0.xcore.vss__t391                1.43722e-13
xc0.xcore.vss__t13                 3.68806e-06
xc0.xcore.ibias__t23                   1.03455
xc0.xcore.tail__t239                   1.42795
xc0.xcore.vss__t392                1.51627e-13
xc0.xcore.tail__t137                   1.42795
xc0.xcore.ibias__t24                   1.03455
xc0.xcore.vss__t115                3.88146e-06
xc0.xcore.vss__t393                1.59578e-13
xc0.xcore.vss__t14                 4.07586e-06
xc0.xcore.ibias__t25                   1.03455
xc0.xcore.tail__t240                   1.42795
xc0.xcore.vss__t394                1.67571e-13
xc0.xcore.tail__t138                   1.42795
xc0.xcore.ibias__t26                   1.03455
xc0.xcore.vss__t116                4.27111e-06
xc0.xcore.vss__t395                1.75599e-13
xc0.xcore.vss__t15                 4.46711e-06
xc0.xcore.ibias__t27                   1.03455
xc0.xcore.tail__t241                   1.42795
xc0.xcore.vss__t396                1.83657e-13
xc0.xcore.tail__t139                   1.42795
xc0.xcore.ibias__t28                   1.03455
xc0.xcore.vss__t117                4.66376e-06
xc0.xcore.vss__t397                1.91743e-13
xc0.xcore.vss__t16                 4.86098e-06
xc0.xcore.ibias__t29                   1.03455
xc0.xcore.tail__t242                   1.42795
xc0.xcore.vss__t398                1.99852e-13
xc0.xcore.tail__t140                   1.42795
xc0.xcore.ibias__t30                   1.03455
xc0.xcore.vss__t118                5.05871e-06
xc0.xcore.vss__t399                2.07981e-13
xc0.xcore.vss__t21                 5.25688e-06
xc0.xcore.ibias__t41                   1.03455
xc0.xcore.tail__t247                   1.42795
xc0.xcore.vss__t400                2.16129e-13
xc0.xcore.tail__t142                   1.42795
xc0.xcore.ibias__t32                   1.03455
xc0.xcore.vss__t120                5.45545e-06
xc0.xcore.vss__t401                2.24293e-13
xc0.xcore.vss__t17                 5.65438e-06
xc0.xcore.ibias__t33                   1.03455
xc0.xcore.tail__t243                   1.42795
xc0.xcore.vss__t402                2.32471e-13
xc0.xcore.tail__t143                   1.42795
xc0.xcore.ibias__t34                   1.03455
xc0.xcore.vss__t121                5.85364e-06
xc0.xcore.vss__t403                2.40663e-13
xc0.xcore.vss__t18                 6.05317e-06
xc0.xcore.ibias__t35                   1.03455
xc0.xcore.tail__t244                   1.42795
xc0.xcore.vss__t404                2.48867e-13
xc0.xcore.tail__t144                   1.42795
xc0.xcore.ibias__t36                   1.03455
xc0.xcore.vss__t122                6.25298e-06
xc0.xcore.vss__t405                2.57081e-13
xc0.xcore.vss__t19                 6.45301e-06
xc0.xcore.ibias__t37                   1.03455
xc0.xcore.tail__t245                   1.42795
xc0.xcore.vss__t406                2.65305e-13
xc0.xcore.tail__t145                   1.42795
xc0.xcore.ibias__t38                   1.03455
xc0.xcore.vss__t123                6.65327e-06
xc0.xcore.vss__t407                2.73537e-13
xc0.xcore.vss__t20                 6.85372e-06
xc0.xcore.ibias__t39                   1.03455
xc0.xcore.tail__t246                   1.42795
xc0.xcore.vss__t408                2.81778e-13
xc0.xcore.tail__t146                   1.42795
xc0.xcore.ibias__t40                   1.03455
xc0.xcore.vss__t124                7.05435e-06
xc0.xcore.vss__t409                2.90026e-13
xc0.xcore.vss__t8                  7.25514e-06
xc0.xcore.ibias__t12                   1.03455
xc0.xcore.tail__t234                   1.42795
xc0.xcore.vss__t410                2.98281e-13
xc0.xcore.tail__t135                   1.42795
xc0.xcore.ibias__t21                   1.03455
xc0.xcore.vss__t113                7.45609e-06
xc0.xcore.vss__t411                3.06542e-13
xc0.xcore.vss__t9                  7.65717e-06
xc0.xcore.ibias__t13                   1.03455
xc0.xcore.tail__t235                   1.42795
xc0.xcore.vss__t412                3.14809e-13
xc0.xcore.tail__t131                   1.42795
xc0.xcore.ibias__t14                   1.03455
xc0.xcore.vss__t109                7.85839e-06
xc0.xcore.vss__t413                3.23081e-13
xc0.xcore.vss__t10                 8.05972e-06
xc0.xcore.ibias__t15                   1.03455
xc0.xcore.tail__t236                   1.42795
xc0.xcore.vss__t414                3.31358e-13
xc0.xcore.tail__t134                   1.42795
xc0.xcore.ibias__t20                   1.03455
xc0.xcore.vss__t112                8.26116e-06
xc0.xcore.vss__t415                3.39639e-13
xc0.xcore.vss__t12                 8.46271e-06
xc0.xcore.ibias__t19                   1.03455
xc0.xcore.tail__t238                   1.42795
xc0.xcore.vss__t416                3.47925e-13
xc0.xcore.tail__t133                   1.42795
xc0.xcore.ibias__t18                   1.03455
xc0.xcore.vss__t111                8.66435e-06
xc0.xcore.vss__t417                3.56214e-13
xc0.xcore.vss__t11                 8.86608e-06
xc0.xcore.ibias__t17                   1.03455
xc0.xcore.tail__t237                   1.42795
xc0.xcore.vss__t418                3.64507e-13
xc0.xcore.tail__t132                   1.42795
xc0.xcore.ibias__t16                   1.03455
xc0.xcore.vss__t110                9.06789e-06
xc0.xcore.vss__t419                3.72804e-13
xc0.xcore.vss__t7                  9.26978e-06
xc0.xcore.ibias__t11                   1.03455
xc0.xcore.tail__t233                   1.42795
xc0.xcore.vss__t420                3.81103e-13
xc0.xcore.tail__t136                   1.42795
xc0.xcore.ibias__t22                   1.03455
xc0.xcore.vss__t114                9.47175e-06
xc0.xcore.vss__t421                3.89406e-13
xc0.xcore.vss__t23                 9.67378e-06
xc0.xcore.ibias__t45                   1.03455
xc0.xcore.tail__t249                   1.42795
xc0.xcore.vss__t422                3.97711e-13
xc0.xcore.tail__t150                   1.42795
xc0.xcore.ibias__t46                   1.03455
xc0.xcore.vss__t127                9.87587e-06
xc0.xcore.vss__t423                4.06019e-13
xc0.xcore.vss__t24                  1.0078e-05
xc0.xcore.ibias__t47                   1.03455
xc0.xcore.tail__t250                   1.42795
xc0.xcore.vss__t424                 4.1433e-13
xc0.xcore.tail__t151                   1.42795
xc0.xcore.ibias__t48                   1.03455
xc0.xcore.vss__t128                1.02802e-05
xc0.xcore.vss__t425                4.22642e-13
xc0.xcore.vss__t25                 1.04825e-05
xc0.xcore.ibias__t49                   1.03455
xc0.xcore.tail__t251                   1.42795
xc0.xcore.vss__t426                4.30957e-13
xc0.xcore.tail__t152                   1.42795
xc0.xcore.ibias__t50                   1.03455
xc0.xcore.vss__t129                1.06848e-05
xc0.xcore.vss__t427                4.39274e-13
xc0.xcore.vss__t32                 1.08872e-05
xc0.xcore.ibias__t61                   1.03455
xc0.xcore.tail__t258                   1.42795
xc0.xcore.vss__t428                4.47593e-13
xc0.xcore.tail__t153                   1.42795
xc0.xcore.ibias__t51                   1.03455
xc0.xcore.vss__t130                1.10896e-05
xc0.xcore.vss__t429                4.55913e-13
xc0.xcore.vss__t27                  1.1292e-05
xc0.xcore.ibias__t52                   1.03455
xc0.xcore.tail__t253                   1.42795
xc0.xcore.vss__t430                4.64236e-13
xc0.xcore.tail__t154                   1.42795
xc0.xcore.ibias__t53                   1.03455
xc0.xcore.vss__t131                1.14945e-05
xc0.xcore.vss__t431                 4.7256e-13
xc0.xcore.vss__t28                  1.1697e-05
xc0.xcore.ibias__t54                   1.03455
xc0.xcore.tail__t254                   1.42794
xc0.xcore.vss__t432                4.80885e-13
xc0.xcore.tail__t155                   1.42794
xc0.xcore.ibias__t55                   1.03455
xc0.xcore.vss__t132                1.18996e-05
xc0.xcore.vss__t433                4.89212e-13
xc0.xcore.vss__t29                 1.21022e-05
xc0.xcore.ibias__t56                   1.03455
xc0.xcore.tail__t255                   1.42794
xc0.xcore.vss__t434                 4.9754e-13
xc0.xcore.tail__t156                   1.42794
xc0.xcore.ibias__t57                   1.03455
xc0.xcore.vss__t133                1.23048e-05
xc0.xcore.vss__t435                 5.0587e-13
xc0.xcore.vss__t30                 1.25075e-05
xc0.xcore.ibias__t58                   1.03455
xc0.xcore.tail__t256                   1.42794
xc0.xcore.vss__t436                  5.142e-13
xc0.xcore.tail__t157                   1.42794
xc0.xcore.ibias__t59                   1.03455
xc0.xcore.vss__t134                1.27101e-05
xc0.xcore.vss__t437                5.22532e-13
xc0.xcore.vss__t31                 1.29129e-05
xc0.xcore.ibias__t60                   1.03455
xc0.xcore.tail__t257                   1.42794
xc0.xcore.vss__t438                5.30865e-13
xc0.xcore.tail__t211                   1.42794
xc0.xcore.ibias__t176                  1.03455
xc0.xcore.vss__t193                1.31156e-05
xc0.xcore.vss__t439                5.39199e-13
xc0.xcore.vss__t88                 1.33184e-05
xc0.xcore.ibias__t175                  1.03455
xc0.xcore.tail__t311                   1.42794
xc0.xcore.vss__t440                5.47535e-13
xc0.xcore.tail__t165                   1.42794
xc0.xcore.ibias__t79                   1.03455
xc0.xcore.vss__t142                1.35212e-05
xc0.xcore.vss__t441                5.55871e-13
xc0.xcore.vss__t43                  1.3724e-05
xc0.xcore.ibias__t80                   1.03455
xc0.xcore.tail__t269                   1.42794
xc0.xcore.vss__t442                5.64208e-13
xc0.xcore.tail__t166                   1.42794
xc0.xcore.ibias__t81                   1.03455
xc0.xcore.vss__t143                1.39268e-05
xc0.xcore.vss__t443                5.72546e-13
xc0.xcore.vss__t38                 1.41297e-05
xc0.xcore.ibias__t71                   1.03455
xc0.xcore.tail__t264                   1.42794
xc0.xcore.vss__t444                5.80884e-13
xc0.xcore.tail__t147                   1.42794
xc0.xcore.ibias__t42                   1.03455
xc0.xcore.vss__t125                1.43325e-05
xc0.xcore.vss__t445                5.89224e-13
xc0.xcore.vss__t22                 1.45354e-05
xc0.xcore.ibias__t43                   1.03455
xc0.xcore.tail__t248                   1.42794
xc0.xcore.vss__t446                5.97564e-13
xc0.xcore.tail__t148                   1.42794
xc0.xcore.ibias__t44                   1.03455
xc0.xcore.vss__t126                1.47383e-05
xc0.xcore.vss__t447                6.05905e-13
xc0.xcore.vss__t0                  1.49413e-05
xc0.xcore.ibias__t1                    1.03455
xc0.xcore.tail__t149                   1.42794
xc0.xcore.vss__t456                6.14247e-13
xc0.xcore.tail__t229                   1.42791
xc0.xcore.ibias__t2                    1.03455
xc0.xcore.vss__t1                  2.56466e-05
xc0.xcore.vss__t458                1.05416e-12
xc0.xcore.vss__t189                2.54433e-05
xc0.xcore.ibias__t170                  1.03455
xc0.xcore.tail__t228                   1.42791
xc0.xcore.vss__t250                 1.0458e-12
xc0.xcore.tail__t209                   1.42791
xc0.xcore.ibias__t169                  1.03455
xc0.xcore.vss__t188                2.52399e-05
xc0.xcore.vss__t251                1.03744e-12
xc0.xcore.vss__t86                 2.50366e-05
xc0.xcore.ibias__t168                  1.03455
xc0.xcore.tail__t309                   1.42791
xc0.xcore.vss__t252                1.02909e-12
xc0.xcore.tail__t208                   1.42791
xc0.xcore.ibias__t167                  1.03455
xc0.xcore.vss__t187                2.48333e-05
xc0.xcore.vss__t253                1.02073e-12
xc0.xcore.vss__t85                   2.463e-05
xc0.xcore.ibias__t166                  1.03455
xc0.xcore.tail__t308                   1.42791
xc0.xcore.vss__t254                1.01238e-12
xc0.xcore.tail__t207                   1.42791
xc0.xcore.ibias__t165                  1.03455
xc0.xcore.vss__t186                2.44266e-05
xc0.xcore.vss__t255                1.00402e-12
xc0.xcore.vss__t84                 2.42233e-05
xc0.xcore.ibias__t164                  1.03455
xc0.xcore.tail__t307                   1.42791
xc0.xcore.vss__t256                9.95665e-13
xc0.xcore.tail__t210                   1.42791
xc0.xcore.ibias__t173                  1.03455
xc0.xcore.vss__t191                  2.402e-05
xc0.xcore.vss__t257                 9.8731e-13
xc0.xcore.vss__t87                 2.38167e-05
xc0.xcore.ibias__t172                  1.03455
xc0.xcore.tail__t310                   1.42791
xc0.xcore.vss__t258                9.78955e-13
xc0.xcore.tail__t219                   1.42791
xc0.xcore.ibias__t195                  1.03455
xc0.xcore.vss__t201                2.36134e-05
xc0.xcore.vss__t259                  9.706e-13
xc0.xcore.vss__t99                 2.34101e-05
xc0.xcore.ibias__t194                  1.03455
xc0.xcore.tail__t321                   1.42791
xc0.xcore.vss__t260                9.62245e-13
xc0.xcore.tail__t227                   1.42791
xc0.xcore.ibias__t209                  1.03455
xc0.xcore.vss__t209                2.32068e-05
xc0.xcore.vss__t261                 9.5389e-13
xc0.xcore.vss__t97                 2.30035e-05
xc0.xcore.ibias__t192                  1.03455
xc0.xcore.tail__t319                   1.42791
xc0.xcore.vss__t262                9.45535e-13
xc0.xcore.tail__t218                   1.42791
xc0.xcore.ibias__t191                  1.03455
xc0.xcore.vss__t200                2.28002e-05
xc0.xcore.vss__t263                 9.3718e-13
xc0.xcore.vss__t96                 2.25969e-05
xc0.xcore.ibias__t190                  1.03455
xc0.xcore.tail__t318                   1.42791
xc0.xcore.vss__t264                9.28826e-13
xc0.xcore.tail__t217                   1.42791
xc0.xcore.ibias__t189                  1.03455
xc0.xcore.vss__t199                2.23937e-05
xc0.xcore.vss__t265                9.20472e-13
xc0.xcore.vss__t95                 2.21904e-05
xc0.xcore.ibias__t188                  1.03455
xc0.xcore.tail__t317                   1.42791
xc0.xcore.vss__t266                9.12118e-13
xc0.xcore.tail__t216                   1.42791
xc0.xcore.ibias__t187                  1.03455
xc0.xcore.vss__t198                2.19871e-05
xc0.xcore.vss__t267                9.03764e-13
xc0.xcore.vss__t94                 2.17838e-05
xc0.xcore.ibias__t186                  1.03455
xc0.xcore.tail__t316                   1.42791
xc0.xcore.vss__t268                 8.9541e-13
xc0.xcore.tail__t215                   1.42791
xc0.xcore.ibias__t185                  1.03455
xc0.xcore.vss__t197                2.15806e-05
xc0.xcore.vss__t269                8.87057e-13
xc0.xcore.vss__t93                 2.13773e-05
xc0.xcore.ibias__t184                  1.03455
xc0.xcore.tail__t315                   1.42791
xc0.xcore.vss__t270                8.78703e-13
xc0.xcore.tail__t214                   1.42791
xc0.xcore.ibias__t183                  1.03455
xc0.xcore.vss__t196                2.11741e-05
xc0.xcore.vss__t271                 8.7035e-13
xc0.xcore.vss__t92                 2.09708e-05
xc0.xcore.ibias__t182                  1.03455
xc0.xcore.tail__t314                   1.42791
xc0.xcore.vss__t272                8.61997e-13
xc0.xcore.tail__t213                   1.42791
xc0.xcore.ibias__t181                  1.03455
xc0.xcore.vss__t195                2.07676e-05
xc0.xcore.vss__t273                8.53644e-13
xc0.xcore.vss__t91                 2.05644e-05
xc0.xcore.ibias__t180                  1.03455
xc0.xcore.tail__t313                   1.42791
xc0.xcore.vss__t274                8.45292e-13
xc0.xcore.tail__t212                   1.42791
xc0.xcore.ibias__t179                  1.03455
xc0.xcore.vss__t194                2.03611e-05
xc0.xcore.vss__t275                 8.3694e-13
xc0.xcore.vss__t90                 2.01579e-05
xc0.xcore.ibias__t178                  1.03455
xc0.xcore.tail__t312                   1.42791
xc0.xcore.vss__t276                8.28588e-13
xc0.xcore.tail__t206                   1.42791
xc0.xcore.ibias__t161                  1.03455
xc0.xcore.vss__t184                1.99547e-05
xc0.xcore.vss__t277                8.20236e-13
xc0.xcore.vss__t57                 1.97515e-05
xc0.xcore.ibias__t112                  1.03455
xc0.xcore.tail__t283                   1.42792
xc0.xcore.vss__t278                8.11884e-13
xc0.xcore.tail__t183                   1.42792
xc0.xcore.ibias__t111                  1.03455
xc0.xcore.vss__t160                1.95483e-05
xc0.xcore.vss__t279                8.03533e-13
xc0.xcore.vss__t56                 1.93451e-05
xc0.xcore.ibias__t110                  1.03455
xc0.xcore.tail__t282                   1.42792
xc0.xcore.vss__t280                7.95182e-13
xc0.xcore.tail__t182                   1.42792
xc0.xcore.ibias__t109                  1.03455
xc0.xcore.vss__t159                1.91419e-05
xc0.xcore.vss__t281                7.86831e-13
xc0.xcore.vss__t55                 1.89388e-05
xc0.xcore.ibias__t108                  1.03455
xc0.xcore.tail__t281                   1.42792
xc0.xcore.vss__t282                7.78481e-13
xc0.xcore.tail__t181                   1.42792
xc0.xcore.ibias__t107                  1.03455
xc0.xcore.vss__t158                1.87356e-05
xc0.xcore.vss__t283                7.70131e-13
xc0.xcore.vss__t54                 1.85324e-05
xc0.xcore.ibias__t106                  1.03455
xc0.xcore.tail__t280                   1.42792
xc0.xcore.vss__t284                7.61781e-13
xc0.xcore.tail__t180                   1.42792
xc0.xcore.ibias__t105                  1.03455
xc0.xcore.vss__t157                1.83293e-05
xc0.xcore.vss__t285                7.53432e-13
xc0.xcore.vss__t53                 1.81261e-05
xc0.xcore.ibias__t104                  1.03455
xc0.xcore.tail__t279                   1.42792
xc0.xcore.vss__t286                7.45083e-13
xc0.xcore.tail__t205                   1.42792
xc0.xcore.ibias__t156                  1.03455
xc0.xcore.vss__t182                 1.7923e-05
xc0.xcore.vss__t287                7.36734e-13
xc0.xcore.vss__t79                 1.77199e-05
xc0.xcore.ibias__t155                  1.03455
xc0.xcore.tail__t305                   1.42792
xc0.xcore.vss__t288                7.28385e-13
xc0.xcore.tail__t204                   1.42792
xc0.xcore.ibias__t154                  1.03455
xc0.xcore.vss__t181                1.75168e-05
xc0.xcore.vss__t289                7.20037e-13
xc0.xcore.vss__t78                 1.73137e-05
xc0.xcore.ibias__t153                  1.03455
xc0.xcore.tail__t304                   1.42792
xc0.xcore.vss__t290                 7.1169e-13
xc0.xcore.tail__t203                   1.42792
xc0.xcore.ibias__t152                  1.03455
xc0.xcore.vss__t180                1.71106e-05
xc0.xcore.vss__t291                7.03343e-13
xc0.xcore.vss__t77                 1.69075e-05
xc0.xcore.ibias__t151                  1.03455
xc0.xcore.tail__t303                   1.42792
xc0.xcore.vss__t292                6.94996e-13
xc0.xcore.tail__t202                   1.42792
xc0.xcore.ibias__t150                  1.03455
xc0.xcore.vss__t179                1.67044e-05
xc0.xcore.vss__t293                 6.8665e-13
xc0.xcore.vss__t76                 1.65014e-05
xc0.xcore.ibias__t149                  1.03455
xc0.xcore.tail__t302                   1.42792
xc0.xcore.vss__t294                6.78304e-13
xc0.xcore.tail__t201                   1.42792
xc0.xcore.ibias__t148                  1.03455
xc0.xcore.vss__t178                1.62983e-05
xc0.xcore.vss__t295                6.69959e-13
xc0.xcore.vss__t75                 1.60953e-05
xc0.xcore.ibias__t147                  1.03455
xc0.xcore.tail__t301                   1.42792
xc0.xcore.vss__t296                6.61614e-13
xc0.xcore.tail__t200                   1.42792
xc0.xcore.ibias__t146                  1.03455
xc0.xcore.vss__t177                1.58923e-05
xc0.xcore.vss__t297                6.53269e-13
xc0.xcore.vss__t98                 1.56893e-05
xc0.xcore.ibias__t193                  1.03455
xc0.xcore.tail__t320                   1.42792
xc0.xcore.vss__t298                6.44926e-13
xc0.xcore.tail__t226                   1.42792
xc0.xcore.ibias__t208                  1.03455
xc0.xcore.vss__t208                1.54863e-05
xc0.xcore.vss__t299                6.36583e-13
xc0.xcore.vss__t105                1.52833e-05
xc0.xcore.ibias__t207                  1.03455
xc0.xcore.tail__t327                   1.42792
xc0.xcore.vss__t300                 6.2824e-13
xc0.xcore.tail__t225                   1.42792
xc0.xcore.ibias__t206                  1.03455
xc0.xcore.vss__t207                1.50804e-05
xc0.xcore.vss__t301                6.19898e-13
xc0.xcore.vss__t104                1.48774e-05
xc0.xcore.ibias__t205                  1.03455
xc0.xcore.tail__t326                   1.42792
xc0.xcore.vss__t302                6.11557e-13
xc0.xcore.tail__t224                   1.42792
xc0.xcore.ibias__t204                  1.03455
xc0.xcore.vss__t206                1.46745e-05
xc0.xcore.vss__t303                6.03216e-13
xc0.xcore.vss__t103                1.44716e-05
xc0.xcore.ibias__t203                  1.03455
xc0.xcore.tail__t325                   1.42792
xc0.xcore.vss__t304                5.94876e-13
xc0.xcore.tail__t223                   1.42792
xc0.xcore.ibias__t202                  1.03455
xc0.xcore.vss__t205                1.42687e-05
xc0.xcore.vss__t305                5.86537e-13
xc0.xcore.vss__t102                1.40658e-05
xc0.xcore.ibias__t201                  1.03455
xc0.xcore.tail__t324                   1.42792
xc0.xcore.vss__t306                5.78199e-13
xc0.xcore.tail__t222                   1.42792
xc0.xcore.ibias__t200                  1.03455
xc0.xcore.vss__t204                 1.3863e-05
xc0.xcore.vss__t307                5.69861e-13
xc0.xcore.vss__t101                1.36602e-05
xc0.xcore.ibias__t199                  1.03455
xc0.xcore.tail__t323                   1.42793
xc0.xcore.vss__t308                5.61524e-13
xc0.xcore.tail__t221                   1.42793
xc0.xcore.ibias__t198                  1.03455
xc0.xcore.vss__t203                1.34574e-05
xc0.xcore.vss__t309                5.53189e-13
xc0.xcore.vss__t100                1.32546e-05
xc0.xcore.ibias__t197                  1.03455
xc0.xcore.tail__t322                   1.42793
xc0.xcore.vss__t310                5.44854e-13
xc0.xcore.tail__t220                   1.42793
xc0.xcore.ibias__t196                  1.03455
xc0.xcore.vss__t202                1.30518e-05
xc0.xcore.vss__t311                 5.3652e-13
xc0.xcore.vss__t80                 1.28491e-05
xc0.xcore.ibias__t157                  1.03455
xc0.xcore.tail__t306                   1.42793
xc0.xcore.vss__t312                5.28187e-13
xc0.xcore.tail__t185                   1.42793
xc0.xcore.ibias__t116                  1.03455
xc0.xcore.vss__t162                1.26464e-05
xc0.xcore.vss__t313                5.19855e-13
xc0.xcore.vss__t59                 1.24437e-05
xc0.xcore.ibias__t115                  1.03455
xc0.xcore.tail__t285                   1.42793
xc0.xcore.vss__t314                5.11524e-13
xc0.xcore.tail__t184                   1.42793
xc0.xcore.ibias__t114                  1.03455
xc0.xcore.vss__t161                1.22411e-05
xc0.xcore.vss__t315                5.03195e-13
xc0.xcore.vss__t71                 1.20384e-05
xc0.xcore.ibias__t139                  1.03455
xc0.xcore.tail__t297                   1.42793
xc0.xcore.vss__t316                4.94867e-13
xc0.xcore.tail__t196                   1.42793
xc0.xcore.ibias__t138                  1.03455
xc0.xcore.vss__t173                1.18359e-05
xc0.xcore.vss__t317                 4.8654e-13
xc0.xcore.vss__t70                 1.16333e-05
xc0.xcore.ibias__t137                  1.03455
xc0.xcore.tail__t296                   1.42793
xc0.xcore.vss__t318                4.78214e-13
xc0.xcore.tail__t195                   1.42793
xc0.xcore.ibias__t136                  1.03455
xc0.xcore.vss__t172                1.14308e-05
xc0.xcore.vss__t319                 4.6989e-13
xc0.xcore.vss__t69                 1.12283e-05
xc0.xcore.ibias__t135                  1.03455
xc0.xcore.tail__t295                   1.42793
xc0.xcore.vss__t320                4.61568e-13
xc0.xcore.tail__t194                   1.42793
xc0.xcore.ibias__t134                  1.03455
xc0.xcore.vss__t171                1.10259e-05
xc0.xcore.vss__t321                4.53247e-13
xc0.xcore.vss__t61                 1.08235e-05
xc0.xcore.ibias__t119                  1.03455
xc0.xcore.tail__t287                   1.42793
xc0.xcore.vss__t322                4.44928e-13
xc0.xcore.tail__t179                   1.42793
xc0.xcore.ibias__t103                  1.03455
xc0.xcore.vss__t156                1.06212e-05
xc0.xcore.vss__t323                4.36611e-13
xc0.xcore.vss__t48                 1.04189e-05
xc0.xcore.ibias__t92                   1.03455
xc0.xcore.tail__t274                   1.42793
xc0.xcore.vss__t324                4.28295e-13
xc0.xcore.tail__t178                   1.42793
xc0.xcore.ibias__t102                  1.03455
xc0.xcore.vss__t155                1.02166e-05
xc0.xcore.vss__t325                4.19982e-13
xc0.xcore.vss__t52                 1.00144e-05
xc0.xcore.ibias__t101                  1.03455
xc0.xcore.tail__t278                   1.42793
xc0.xcore.vss__t326                4.11671e-13
xc0.xcore.tail__t177                   1.42793
xc0.xcore.ibias__t100                  1.03455
xc0.xcore.vss__t154                9.81229e-06
xc0.xcore.vss__t327                4.03362e-13
xc0.xcore.vss__t51                 9.61021e-06
xc0.xcore.ibias__t99                   1.03455
xc0.xcore.tail__t277                   1.42793
xc0.xcore.vss__t328                3.95056e-13
xc0.xcore.tail__t176                   1.42793
xc0.xcore.ibias__t98                   1.03455
xc0.xcore.vss__t153                 9.4082e-06
xc0.xcore.vss__t329                3.86752e-13
xc0.xcore.vss__t58                 9.20626e-06
xc0.xcore.ibias__t113                  1.03455
xc0.xcore.tail__t284                   1.42793
xc0.xcore.vss__t330                3.78452e-13
xc0.xcore.tail__t174                   1.42793
xc0.xcore.ibias__t96                   1.03455
xc0.xcore.vss__t151                 9.0044e-06
xc0.xcore.vss__t331                3.70154e-13
xc0.xcore.vss__t50                 8.80261e-06
xc0.xcore.ibias__t95                   1.03455
xc0.xcore.tail__t276                   1.42793
xc0.xcore.vss__t332                3.61859e-13
xc0.xcore.tail__t173                   1.42793
xc0.xcore.ibias__t94                   1.03455
xc0.xcore.vss__t150                8.60091e-06
xc0.xcore.vss__t333                3.53568e-13
xc0.xcore.vss__t49                  8.3993e-06
xc0.xcore.ibias__t93                   1.03455
xc0.xcore.tail__t275                   1.42793
xc0.xcore.vss__t334                3.45281e-13
xc0.xcore.tail__t172                   1.42793
xc0.xcore.ibias__t91                   1.03455
xc0.xcore.vss__t149                8.19778e-06
xc0.xcore.vss__t335                3.36997e-13
xc0.xcore.vss__t47                 7.99637e-06
xc0.xcore.ibias__t90                   1.03455
xc0.xcore.tail__t273                   1.42793
xc0.xcore.vss__t336                3.28718e-13
xc0.xcore.tail__t171                   1.42793
xc0.xcore.ibias__t89                   1.03455
xc0.xcore.vss__t148                7.79508e-06
xc0.xcore.vss__t337                3.20444e-13
xc0.xcore.vss__t46                  7.5939e-06
xc0.xcore.ibias__t88                   1.03455
xc0.xcore.tail__t272                   1.42794
xc0.xcore.vss__t338                3.12174e-13
xc0.xcore.tail__t170                   1.42794
xc0.xcore.ibias__t87                   1.03455
xc0.xcore.vss__t147                7.39286e-06
xc0.xcore.vss__t339                 3.0391e-13
xc0.xcore.vss__t45                 7.19196e-06
xc0.xcore.ibias__t86                   1.03455
xc0.xcore.tail__t271                   1.42794
xc0.xcore.vss__t340                2.95652e-13
xc0.xcore.tail__t169                   1.42794
xc0.xcore.ibias__t85                   1.03455
xc0.xcore.vss__t146                6.99122e-06
xc0.xcore.vss__t341                  2.874e-13
xc0.xcore.vss__t44                 6.79064e-06
xc0.xcore.ibias__t84                   1.03455
xc0.xcore.tail__t270                   1.42794
xc0.xcore.vss__t342                2.79155e-13
xc0.xcore.tail__t168                   1.42794
xc0.xcore.ibias__t83                   1.03455
xc0.xcore.vss__t145                6.59025e-06
xc0.xcore.vss__t343                2.70918e-13
xc0.xcore.vss__t66                 6.39006e-06
xc0.xcore.ibias__t129                  1.03455
xc0.xcore.tail__t292                   1.42794
xc0.xcore.vss__t344                2.62688e-13
xc0.xcore.tail__t199                   1.42794
xc0.xcore.ibias__t144                  1.03455
xc0.xcore.vss__t176                 6.1901e-06
xc0.xcore.vss__t345                2.54468e-13
xc0.xcore.vss__t73                 5.99038e-06
xc0.xcore.ibias__t143                  1.03455
xc0.xcore.tail__t299                   1.42794
xc0.xcore.vss__t346                2.46258e-13
xc0.xcore.tail__t198                   1.42794
xc0.xcore.ibias__t142                  1.03455
xc0.xcore.vss__t175                5.79092e-06
xc0.xcore.vss__t347                 2.3806e-13
xc0.xcore.vss__t72                 5.59177e-06
xc0.xcore.ibias__t141                  1.03455
xc0.xcore.tail__t298                   1.42794
xc0.xcore.vss__t348                2.29873e-13
xc0.xcore.outp__t53                    2.79093
xc0.xcore.inp__t1                        2.805
xc0.xcore.tail__t0                     1.42801
xc0.xcore.vss__t460                1.37503e-12
xc0.xcore.tail__t119                   1.42801
xc0.xcore.inp__t53                       2.805
xc0.xcore.outp__t52                    2.79092
xc0.xcore.vss__t462                1.38805e-12
xc0.xcore.outp__t46                    2.79092
xc0.xcore.inp__t52                       2.805
xc0.xcore.tail__t118                   1.42801
xc0.xcore.vss__t463                1.40107e-12
xc0.xcore.tail__t58                    1.42802
xc0.xcore.inp__t61                       2.805
xc0.xcore.outp__t82                    2.79092
xc0.xcore.vss__t464                1.41409e-12
xc0.xcore.outp__t30                    2.79092
xc0.xcore.inp__t24                       2.805
xc0.xcore.tail__t98                    1.42802
xc0.xcore.vss__t465                1.42712e-12
xc0.xcore.tail__t38                    1.42802
xc0.xcore.inp__t23                       2.805
xc0.xcore.outp__t64                    2.79092
xc0.xcore.vss__t466                1.44014e-12
xc0.xcore.outp__t29                    2.79092
xc0.xcore.inp__t22                       2.805
xc0.xcore.tail__t97                    1.42802
xc0.xcore.vss__t467                1.45316e-12
xc0.xcore.tail__t37                    1.42802
xc0.xcore.inp__t21                       2.805
xc0.xcore.outp__t63                    2.79092
xc0.xcore.vss__t468                1.46618e-12
xc0.xcore.outp__t28                    2.79091
xc0.xcore.inp__t20                       2.805
xc0.xcore.tail__t96                    1.42802
xc0.xcore.vss__t469                1.47921e-12
xc0.xcore.tail__t36                    1.42802
xc0.xcore.inp__t19                       2.805
xc0.xcore.outp__t62                    2.79091
xc0.xcore.vss__t470                1.49223e-12
xc0.xcore.outp__t27                    2.79091
xc0.xcore.inp__t18                       2.805
xc0.xcore.tail__t95                    1.42802
xc0.xcore.vss__t471                1.50525e-12
xc0.xcore.tail__t35                    1.42802
xc0.xcore.inp__t17                       2.805
xc0.xcore.outp__t61                    2.79091
xc0.xcore.vss__t472                1.51828e-12
xc0.xcore.outp__t26                    2.79091
xc0.xcore.inp__t16                       2.805
xc0.xcore.tail__t94                    1.42802
xc0.xcore.vss__t473                 1.5313e-12
xc0.xcore.tail__t33                    1.42802
xc0.xcore.inp__t15                       2.805
xc0.xcore.outp__t60                    2.79091
xc0.xcore.vss__t474                1.54433e-12
xc0.xcore.outp__t47                     2.7909
xc0.xcore.inp__t54                       2.805
xc0.xcore.tail__t120                   1.42802
xc0.xcore.vss__t475                1.55736e-12
xc0.xcore.tail__t54                    1.42803
xc0.xcore.inp__t55                       2.805
xc0.xcore.outp__t78                     2.7909
xc0.xcore.vss__t476                1.57038e-12
xc0.xcore.outp__t51                     2.7909
xc0.xcore.inp__t63                       2.805
xc0.xcore.tail__t126                   1.42803
xc0.xcore.vss__t477                1.58341e-12
xc0.xcore.tail__t57                    1.42803
xc0.xcore.inp__t60                       2.805
xc0.xcore.outp__t81                     2.7909
xc0.xcore.vss__t478                1.59644e-12
xc0.xcore.outp__t49                     2.7909
xc0.xcore.inp__t59                       2.805
xc0.xcore.tail__t122                   1.42803
xc0.xcore.vss__t479                1.60947e-12
xc0.xcore.tail__t56                    1.42803
xc0.xcore.inp__t58                       2.805
xc0.xcore.outp__t80                     2.7909
xc0.xcore.vss__t480                1.62249e-12
xc0.xcore.outp__t48                    2.79089
xc0.xcore.inp__t57                       2.805
xc0.xcore.tail__t121                   1.42803
xc0.xcore.vss__t481                1.63552e-12
xc0.xcore.tail__t55                    1.42803
xc0.xcore.inp__t56                       2.805
xc0.xcore.outp__t79                    2.79089
xc0.xcore.vss__t482                1.64855e-12
xc0.xcore.outp__t24                    2.79089
xc0.xcore.inp__t11                       2.805
xc0.xcore.tail__t92                    1.42803
xc0.xcore.vss__t483                1.66158e-12
xc0.xcore.tail__t30                    1.42803
xc0.xcore.inp__t10                       2.805
xc0.xcore.outp__t57                    2.79089
xc0.xcore.vss__t484                1.67461e-12
xc0.xcore.outp__t23                    2.79089
xc0.xcore.inp__t9                        2.805
xc0.xcore.tail__t88                    1.42803
xc0.xcore.vss__t485                1.68764e-12
xc0.xcore.tail__t32                    1.42803
xc0.xcore.inp__t14                       2.805
xc0.xcore.outp__t59                    2.79089
xc0.xcore.vss__t486                1.70067e-12
xc0.xcore.outp__t25                    2.79088
xc0.xcore.inp__t13                       2.805
xc0.xcore.tail__t93                    1.42803
xc0.xcore.vss__t487                 1.7137e-12
xc0.xcore.tail__t60                    1.42803
xc0.xcore.inp__t0                        2.805
xc0.xcore.outp__t83                    2.79088
xc0.xcore.vss__t488                1.72673e-12
xc0.xcore.outp__t50                    2.79088
xc0.xcore.inp__t62                       2.805
xc0.xcore.tail__t123                   1.42804
xc0.xcore.vss__t489                1.73976e-12
xc0.xcore.tail__t42                    1.42804
xc0.xcore.inp__t29                       2.805
xc0.xcore.outp__t67                    2.79088
xc0.xcore.vss__t490                1.75279e-12
xc0.xcore.outp__t32                    2.79088
xc0.xcore.inp__t28                       2.805
xc0.xcore.tail__t102                   1.42804
xc0.xcore.vss__t491                1.76582e-12
xc0.xcore.tail__t41                    1.42804
xc0.xcore.inp__t27                       2.805
xc0.xcore.outp__t66                    2.79088
xc0.xcore.vss__t492                1.77886e-12
xc0.xcore.outp__t31                    2.79087
xc0.xcore.inp__t26                       2.805
xc0.xcore.tail__t101                   1.42804
xc0.xcore.vss__t493                1.79189e-12
xc0.xcore.tail__t40                    1.42804
xc0.xcore.inp__t25                       2.805
xc0.xcore.outp__t65                    2.79087
xc0.xcore.vss__t494                1.80492e-12
xc0.xcore.outp__t20                    2.79087
xc0.xcore.inp__t4                        2.805
xc0.xcore.tail__t74                    1.42804
xc0.xcore.vss__t495                1.81795e-12
xc0.xcore.tail__t14                    1.42804
xc0.xcore.inp__t3                        2.805
xc0.xcore.outp__t54                    2.79087
xc0.xcore.vss__t496                1.83099e-12
xc0.xcore.outp__t22                    2.79087
xc0.xcore.inp__t7                        2.805
xc0.xcore.tail__t76                    1.42804
xc0.xcore.vss__t497                1.84402e-12
xc0.xcore.tail__t16                    1.42804
xc0.xcore.inp__t6                        2.805
xc0.xcore.outp__t55                    2.79087
xc0.xcore.vss__t498                1.85705e-12
xc0.xcore.outp__t21                    2.79086
xc0.xcore.inp__t5                        2.805
xc0.xcore.tail__t75                    1.42804
xc0.xcore.vss__t499                1.87009e-12
xc0.xcore.tail__t19                    1.42804
xc0.xcore.inp__t8                        2.805
xc0.xcore.outp__t56                    2.79086
xc0.xcore.vss__t500                1.88312e-12
xc0.xcore.outp__t45                    2.79086
xc0.xcore.inp__t50                       2.805
xc0.xcore.tail__t116                   1.42804
xc0.xcore.vss__t501                1.89616e-12
xc0.xcore.tail__t51                    1.42805
xc0.xcore.inp__t49                       2.805
xc0.xcore.outp__t76                    2.79086
xc0.xcore.vss__t502                1.90919e-12
xc0.xcore.outp__t44                    2.79086
xc0.xcore.inp__t48                       2.805
xc0.xcore.tail__t115                   1.42805
xc0.xcore.vss__t503                1.92223e-12
xc0.xcore.tail__t50                    1.42805
xc0.xcore.inp__t47                       2.805
xc0.xcore.outp__t75                    2.79086
xc0.xcore.vss__t504                1.93526e-12
xc0.xcore.outp__t43                    2.79085
xc0.xcore.inp__t46                       2.805
xc0.xcore.tail__t114                   1.42805
xc0.xcore.vss__t505                 1.9483e-12
xc0.xcore.tail__t49                    1.42805
xc0.xcore.inp__t45                       2.805
xc0.xcore.outp__t74                    2.79085
xc0.xcore.vss__t506                1.96133e-12
xc0.xcore.outp__t42                    2.79085
xc0.xcore.inp__t44                       2.805
xc0.xcore.tail__t113                   1.42805
xc0.xcore.vss__t507                1.97437e-12
xc0.xcore.tail__t48                    1.42805
xc0.xcore.inp__t43                       2.805
xc0.xcore.outp__t73                    2.79085
xc0.xcore.vss__t508                 1.9874e-12
xc0.xcore.outp__t41                    2.79085
xc0.xcore.inp__t42                       2.805
xc0.xcore.tail__t112                   1.42805
xc0.xcore.vss__t509                2.00044e-12
xc0.xcore.tail__t47                    1.42805
xc0.xcore.inp__t41                       2.805
xc0.xcore.outp__t72                    2.79085
xc0.xcore.vss__t510                2.01347e-12
xc0.xcore.outp__t40                    2.79085
xc0.xcore.inp__t40                       2.805
xc0.xcore.tail__t111                   1.42805
xc0.xcore.vss__t511                2.02651e-12
xc0.xcore.tail__t46                    1.42805
xc0.xcore.inp__t39                       2.805
xc0.xcore.outp__t71                    2.79084
xc0.xcore.vss__t512                2.03955e-12
xc0.xcore.outp__t39                    2.79084
xc0.xcore.inp__t38                       2.805
xc0.xcore.tail__t110                   1.42805
xc0.xcore.vss__t513                2.05258e-12
xc0.xcore.tail__t53                    1.42806
xc0.xcore.inp__t51                       2.805
xc0.xcore.outp__t77                    2.79084
xc0.xcore.vss__t514                2.06562e-12
xc0.xcore.outp__t38                    2.79084
xc0.xcore.inp__t37                       2.805
xc0.xcore.tail__t108                   1.42806
xc0.xcore.vss__t515                2.07866e-12
xc0.xcore.tail__t45                    1.42806
xc0.xcore.inp__t36                       2.805
xc0.xcore.outp__t70                    2.79084
xc0.xcore.vss__t516                2.09169e-12
xc0.xcore.outp__t37                    2.79084
xc0.xcore.inp__t35                       2.805
xc0.xcore.tail__t107                   1.42806
xc0.xcore.vss__t517                2.10473e-12
xc0.xcore.tail__t44                    1.42806
xc0.xcore.inp__t34                       2.805
xc0.xcore.outp__t69                    2.79083
xc0.xcore.vss__t518                2.11777e-12
xc0.xcore.outp__t36                    2.79083
xc0.xcore.inp__t33                       2.805
xc0.xcore.tail__t106                   1.42806
xc0.xcore.vss__t519                 2.1308e-12
xc0.xcore.tail__t31                    1.42806
xc0.xcore.inp__t12                       2.805
xc0.xcore.outp__t58                    2.79083
xc0.xcore.vss__t520                2.14384e-12
xc0.xcore.outp__t35                    2.79083
xc0.xcore.inp__t32                       2.805
xc0.xcore.tail__t104                   1.42806
xc0.xcore.vss__t521                2.15688e-12
xc0.xcore.tail__t43                    1.42806
xc0.xcore.inp__t31                       2.805
xc0.xcore.outp__t68                    2.79083
xc0.xcore.vss__t522                2.16992e-12
xc0.xcore.outp__t33                    2.79083
xc0.xcore.inp__t30                       2.805
xc0.xcore.tail__t103                   1.42806
xc0.xcore.vss__t523                2.18296e-12
xc0.xcore.tail__t1                     1.42806
xc0.xcore.inp__t2                        2.805
xc0.xcore.outp__t34                    2.79082
xc0.xcore.vss__t586                2.19599e-12
xc0.xcore.ibias__t215                  1.03182
xc0.xcore.ibias__t3                    1.03455
xc0.xcore.vss__t2                  2.51857e-05
xc0.xcore.vss__t459                5.19764e-13
xc0.xcore.vss__t81                 2.49859e-05
xc0.xcore.ibias__t158                  1.03455
xc0.xcore.ibias__t216                  1.03185
xc0.xcore.vss__t448                5.15654e-13
xc0.xcore.ibias__t213                  1.03188
xc0.xcore.ibias__t171                  1.03455
xc0.xcore.vss__t190                2.47861e-05
xc0.xcore.vss__t449                5.11543e-13
xc0.xcore.vss__t83                 2.45863e-05
xc0.xcore.ibias__t163                  1.03455
xc0.xcore.ibias__t218                  1.03191
xc0.xcore.vss__t450                5.07433e-13
xc0.xcore.ibias__t212                  1.03194
xc0.xcore.ibias__t162                  1.03455
xc0.xcore.vss__t185                2.43865e-05
xc0.xcore.vss__t451                5.03322e-13
xc0.xcore.vss__t89                 2.41867e-05
xc0.xcore.ibias__t177                  1.03455
xc0.xcore.ibias__t219                  1.03197
xc0.xcore.vss__t452                4.99211e-13
xc0.xcore.ibias__t211                    1.032
xc0.xcore.ibias__t160                  1.03455
xc0.xcore.vss__t183                2.39868e-05
xc0.xcore.vss__t453                  4.951e-13
xc0.xcore.vss__t82                  2.3787e-05
xc0.xcore.ibias__t159                  1.03455
xc0.xcore.ibias__t217                  1.03203
xc0.xcore.vss__t454                4.90988e-13
xc0.xcore.ibias__t214                  1.03206
xc0.xcore.ibias__t174                  1.03455
xc0.xcore.vss__t192                2.35872e-05
xc0.xcore.vss__t455                4.86877e-13
xc0.xcore.vss__t3                  2.33874e-05
xc0.xcore.ibias__t4                    1.03455
xc0.xcore.ibias__t210                  1.03209
xc0.xcore.vss__t457                4.82765e-13
xc0.xcore.outn__t52                        3.3
xc0.xcore.inn__t1                        1.815
xc0.xcore.tail__t3                     1.42796
xc0.xcore.vss__t461                1.53171e-12
xc0.xcore.tail__t62                    1.42796
xc0.xcore.inn__t58                       1.815
xc0.xcore.outn__t81                        3.3
xc0.xcore.vss__t524                1.54625e-12
xc0.xcore.outn__t49                        3.3
xc0.xcore.inn__t59                       1.815
xc0.xcore.tail__t124                   1.42796
xc0.xcore.vss__t525                1.56079e-12
xc0.xcore.tail__t63                    1.42796
xc0.xcore.inn__t60                       1.815
xc0.xcore.outn__t82                        3.3
xc0.xcore.vss__t526                1.57532e-12
xc0.xcore.outn__t50                        3.3
xc0.xcore.inn__t61                       1.815
xc0.xcore.tail__t125                   1.42796
xc0.xcore.vss__t527                1.58986e-12
xc0.xcore.tail__t64                    1.42796
xc0.xcore.inn__t62                       1.815
xc0.xcore.outn__t83                        3.3
xc0.xcore.vss__t528                 1.6044e-12
xc0.xcore.outn__t46                        3.3
xc0.xcore.inn__t52                       1.815
xc0.xcore.tail__t105                   1.42796
xc0.xcore.vss__t529                1.61893e-12
xc0.xcore.tail__t15                    1.42796
xc0.xcore.inn__t21                       1.815
xc0.xcore.outn__t63                        3.3
xc0.xcore.vss__t530                1.63347e-12
xc0.xcore.outn__t45                        3.3
xc0.xcore.inn__t51                       1.815
xc0.xcore.tail__t100                   1.42796
xc0.xcore.vss__t531                1.64801e-12
xc0.xcore.tail__t34                    1.42796
xc0.xcore.inn__t48                       1.815
xc0.xcore.outn__t76                        3.3
xc0.xcore.vss__t532                1.66255e-12
xc0.xcore.outn__t44                        3.3
xc0.xcore.inn__t50                       1.815
xc0.xcore.tail__t99                    1.42796
xc0.xcore.vss__t533                1.67709e-12
xc0.xcore.tail__t61                    1.42796
xc0.xcore.inn__t57                       1.815
xc0.xcore.outn__t80                        3.3
xc0.xcore.vss__t534                1.69163e-12
xc0.xcore.outn__t40                        3.3
xc0.xcore.inn__t42                       1.815
xc0.xcore.tail__t87                    1.42796
xc0.xcore.vss__t535                1.70617e-12
xc0.xcore.tail__t27                    1.42796
xc0.xcore.inn__t41                       1.815
xc0.xcore.outn__t73                        3.3
xc0.xcore.vss__t536                1.72071e-12
xc0.xcore.outn__t39                        3.3
xc0.xcore.inn__t40                       1.815
xc0.xcore.tail__t86                    1.42796
xc0.xcore.vss__t537                1.73525e-12
xc0.xcore.tail__t26                    1.42796
xc0.xcore.inn__t39                       1.815
xc0.xcore.outn__t72                        3.3
xc0.xcore.vss__t538                1.74979e-12
xc0.xcore.outn__t38                        3.3
xc0.xcore.inn__t38                       1.815
xc0.xcore.tail__t85                    1.42796
xc0.xcore.vss__t539                1.76433e-12
xc0.xcore.tail__t25                    1.42796
xc0.xcore.inn__t37                       1.815
xc0.xcore.outn__t71                        3.3
xc0.xcore.vss__t540                1.77887e-12
xc0.xcore.outn__t47                        3.3
xc0.xcore.inn__t53                       1.815
xc0.xcore.tail__t109                   1.42796
xc0.xcore.vss__t541                1.79341e-12
xc0.xcore.tail__t52                    1.42796
xc0.xcore.inn__t55                       1.815
xc0.xcore.outn__t78                        3.3
xc0.xcore.vss__t542                1.80795e-12
xc0.xcore.outn__t48                        3.3
xc0.xcore.inn__t54                       1.815
xc0.xcore.tail__t117                   1.42796
xc0.xcore.vss__t543                1.82249e-12
xc0.xcore.tail__t39                    1.42796
xc0.xcore.inn__t49                       1.815
xc0.xcore.outn__t77                        3.3
xc0.xcore.vss__t544                1.83704e-12
xc0.xcore.outn__t41                        3.3
xc0.xcore.inn__t43                       1.815
xc0.xcore.tail__t89                    1.42796
xc0.xcore.vss__t545                1.85158e-12
xc0.xcore.tail__t29                    1.42796
xc0.xcore.inn__t47                       1.815
xc0.xcore.outn__t75                        3.3
xc0.xcore.vss__t546                1.86612e-12
xc0.xcore.outn__t43                        3.3
xc0.xcore.inn__t46                       1.815
xc0.xcore.tail__t91                    1.42796
xc0.xcore.vss__t547                1.88066e-12
xc0.xcore.tail__t28                    1.42796
xc0.xcore.inn__t45                       1.815
xc0.xcore.outn__t74                        3.3
xc0.xcore.vss__t548                1.89521e-12
xc0.xcore.outn__t42                        3.3
xc0.xcore.inn__t44                       1.815
xc0.xcore.tail__t90                    1.42796
xc0.xcore.vss__t549                1.90975e-12
xc0.xcore.tail__t59                    1.42796
xc0.xcore.inn__t56                       1.815
xc0.xcore.outn__t79                        3.3
xc0.xcore.vss__t550                1.92429e-12
xc0.xcore.outn__t51                        3.3
xc0.xcore.inn__t63                       1.815
xc0.xcore.tail__t127                   1.42796
xc0.xcore.vss__t551                1.93884e-12
xc0.xcore.tail__t13                    1.42796
xc0.xcore.inn__t19                       1.815
xc0.xcore.outn__t62                        3.3
xc0.xcore.vss__t552                1.95338e-12
xc0.xcore.outn__t28                        3.3
xc0.xcore.inn__t18                       1.815
xc0.xcore.tail__t72                    1.42796
xc0.xcore.vss__t553                1.96793e-12
xc0.xcore.tail__t12                    1.42796
xc0.xcore.inn__t17                       1.815
xc0.xcore.outn__t61                        3.3
xc0.xcore.vss__t554                1.98247e-12
xc0.xcore.outn__t27                        3.3
xc0.xcore.inn__t16                       1.815
xc0.xcore.tail__t71                    1.42796
xc0.xcore.vss__t555                1.99701e-12
xc0.xcore.tail__t11                    1.42796
xc0.xcore.inn__t15                       1.815
xc0.xcore.outn__t60                        3.3
xc0.xcore.vss__t556                2.01156e-12
xc0.xcore.outn__t26                        3.3
xc0.xcore.inn__t14                       1.815
xc0.xcore.tail__t70                    1.42796
xc0.xcore.vss__t557                 2.0261e-12
xc0.xcore.tail__t10                    1.42796
xc0.xcore.inn__t13                       1.815
xc0.xcore.outn__t59                        3.3
xc0.xcore.vss__t558                2.04065e-12
xc0.xcore.outn__t25                        3.3
xc0.xcore.inn__t12                       1.815
xc0.xcore.tail__t69                    1.42796
xc0.xcore.vss__t559                2.05519e-12
xc0.xcore.tail__t6                     1.42796
xc0.xcore.inn__t5                        1.815
xc0.xcore.outn__t55                        3.3
xc0.xcore.vss__t560                2.06974e-12
xc0.xcore.outn__t24                        3.3
xc0.xcore.inn__t11                       1.815
xc0.xcore.tail__t68                    1.42796
xc0.xcore.vss__t561                2.08429e-12
xc0.xcore.tail__t4                     1.42796
xc0.xcore.inn__t2                        1.815
xc0.xcore.outn__t53                        3.3
xc0.xcore.vss__t562                2.09883e-12
xc0.xcore.outn__t21                        3.3
xc0.xcore.inn__t3                        1.815
xc0.xcore.tail__t65                    1.42796
xc0.xcore.vss__t563                2.11338e-12
xc0.xcore.tail__t5                     1.42796
xc0.xcore.inn__t4                        1.815
xc0.xcore.outn__t54                        3.3
xc0.xcore.vss__t564                2.12792e-12
xc0.xcore.outn__t22                        3.3
xc0.xcore.inn__t6                        1.815
xc0.xcore.tail__t66                    1.42796
xc0.xcore.vss__t565                2.14247e-12
xc0.xcore.tail__t7                     1.42796
xc0.xcore.inn__t7                        1.815
xc0.xcore.outn__t56                        3.3
xc0.xcore.vss__t566                2.15702e-12
xc0.xcore.outn__t23                        3.3
xc0.xcore.inn__t8                        1.815
xc0.xcore.tail__t67                    1.42796
xc0.xcore.vss__t567                2.17156e-12
xc0.xcore.tail__t8                     1.42796
xc0.xcore.inn__t9                        1.815
xc0.xcore.outn__t57                        3.3
xc0.xcore.vss__t568                2.18611e-12
xc0.xcore.outn__t29                        3.3
xc0.xcore.inn__t20                       1.815
xc0.xcore.tail__t73                    1.42796
xc0.xcore.vss__t569                2.20066e-12
xc0.xcore.tail__t9                     1.42796
xc0.xcore.inn__t10                       1.815
xc0.xcore.outn__t58                        3.3
xc0.xcore.vss__t570                 2.2152e-12
xc0.xcore.outn__t36                        3.3
xc0.xcore.inn__t35                       1.815
xc0.xcore.tail__t83                    1.42796
xc0.xcore.vss__t571                2.22975e-12
xc0.xcore.tail__t24                    1.42796
xc0.xcore.inn__t34                       1.815
xc0.xcore.outn__t70                        3.3
xc0.xcore.vss__t572                 2.2443e-12
xc0.xcore.outn__t35                        3.3
xc0.xcore.inn__t33                       1.815
xc0.xcore.tail__t82                    1.42796
xc0.xcore.vss__t573                2.25885e-12
xc0.xcore.tail__t23                    1.42796
xc0.xcore.inn__t32                       1.815
xc0.xcore.outn__t69                        3.3
xc0.xcore.vss__t574                2.27339e-12
xc0.xcore.outn__t34                        3.3
xc0.xcore.inn__t31                       1.815
xc0.xcore.tail__t81                    1.42796
xc0.xcore.vss__t575                2.28794e-12
xc0.xcore.tail__t22                    1.42796
xc0.xcore.inn__t30                       1.815
xc0.xcore.outn__t68                        3.3
xc0.xcore.vss__t576                2.30249e-12
xc0.xcore.outn__t33                        3.3
xc0.xcore.inn__t29                       1.815
xc0.xcore.tail__t80                    1.42796
xc0.xcore.vss__t577                2.31704e-12
xc0.xcore.tail__t21                    1.42796
xc0.xcore.inn__t28                       1.815
xc0.xcore.outn__t67                        3.3
xc0.xcore.vss__t578                2.33159e-12
xc0.xcore.outn__t32                        3.3
xc0.xcore.inn__t27                       1.815
xc0.xcore.tail__t79                    1.42796
xc0.xcore.vss__t579                2.34613e-12
xc0.xcore.tail__t20                    1.42796
xc0.xcore.inn__t26                       1.815
xc0.xcore.outn__t66                        3.3
xc0.xcore.vss__t580                2.36068e-12
xc0.xcore.outn__t37                        3.3
xc0.xcore.inn__t36                       1.815
xc0.xcore.tail__t84                    1.42796
xc0.xcore.vss__t581                2.37523e-12
xc0.xcore.tail__t18                    1.42796
xc0.xcore.inn__t25                       1.815
xc0.xcore.outn__t65                        3.3
xc0.xcore.vss__t582                2.38978e-12
xc0.xcore.outn__t31                        3.3
xc0.xcore.inn__t24                       1.815
xc0.xcore.tail__t78                    1.42796
xc0.xcore.vss__t583                2.40433e-12
xc0.xcore.tail__t17                    1.42796
xc0.xcore.inn__t23                       1.815
xc0.xcore.outn__t64                        3.3
xc0.xcore.vss__t584                2.41888e-12
xc0.xcore.outn__t30                        3.3
xc0.xcore.inn__t22                       1.815
xc0.xcore.tail__t77                    1.42796
xc0.xcore.vss__t585                2.43343e-12
xc0.xcore.tail__t2                     1.42796
xc0.xcore.inn__t0                        1.815
xc0.xcore.outn__t20                        3.3
xc0.xcore.vss__t587                2.44798e-12
xc0.xcore.vss__t210                2.59885e-12
xc0.xcore.outp__t16                    2.79104
xc0.xcore.vss__t211                2.56831e-12
xc0.xcore.outp__t17                    2.79104
xc0.xcore.vss__t212                2.53778e-12
xc0.xcore.outp__t18                    2.79104
xc0.xcore.vss__t213                2.50729e-12
xc0.xcore.outp__t19                    2.79104
xc0.xcore.vss__t214                2.47682e-12
xc0.xcore.outp__t0                     2.79104
xc0.xcore.vss__t215                2.44637e-12
xc0.xcore.outp__t1                     2.79104
xc0.xcore.vss__t216                2.41596e-12
xc0.xcore.outp__t2                     2.79104
xc0.xcore.vss__t217                2.38558e-12
xc0.xcore.outp__t3                     2.79104
xc0.xcore.vss__t218                2.35522e-12
xc0.xcore.outp__t4                     2.79104
xc0.xcore.vss__t219                 2.3249e-12
xc0.xcore.outp__t15                    2.79104
xc0.xcore.vss__t220                2.29461e-12
xc0.xcore.outp__t6                     2.79104
xc0.xcore.vss__t221                2.26436e-12
xc0.xcore.outp__t7                     2.79104
xc0.xcore.vss__t222                2.23414e-12
xc0.xcore.outp__t8                     2.79104
xc0.xcore.vss__t223                2.20396e-12
xc0.xcore.outp__t9                     2.79104
xc0.xcore.vss__t224                2.17382e-12
xc0.xcore.outp__t10                    2.79104
xc0.xcore.vss__t225                2.14372e-12
xc0.xcore.outp__t11                    2.79104
xc0.xcore.vss__t226                2.11366e-12
xc0.xcore.outp__t12                    2.79104
xc0.xcore.vss__t227                2.08364e-12
xc0.xcore.outp__t13                    2.79104
xc0.xcore.vss__t228                2.05368e-12
xc0.xcore.outp__t14                    2.79104
xc0.xcore.vss__t229                2.02375e-12
xc0.xcore.outp__t5                     2.79104
xc0.xcore.vss__t230                2.18457e-12
xc0.xcore.outn__t0                         3.3
xc0.xcore.vss__t231                2.21955e-12
xc0.xcore.outn__t5                         3.3
xc0.xcore.vss__t232                2.25461e-12
xc0.xcore.outn__t6                         3.3
xc0.xcore.vss__t233                2.28973e-12
xc0.xcore.outn__t7                         3.3
xc0.xcore.vss__t234                2.32493e-12
xc0.xcore.outn__t8                         3.3
xc0.xcore.vss__t235                2.36019e-12
xc0.xcore.outn__t9                         3.3
xc0.xcore.vss__t236                2.39551e-12
xc0.xcore.outn__t10                        3.3
xc0.xcore.vss__t237                2.43089e-12
xc0.xcore.outn__t11                        3.3
xc0.xcore.vss__t238                2.46633e-12
xc0.xcore.outn__t12                        3.3
xc0.xcore.vss__t239                2.50182e-12
xc0.xcore.outn__t13                        3.3
xc0.xcore.vss__t240                2.53736e-12
xc0.xcore.outn__t14                        3.3
xc0.xcore.vss__t241                2.57296e-12
xc0.xcore.outn__t15                        3.3
xc0.xcore.vss__t242                 2.6086e-12
xc0.xcore.outn__t16                        3.3
xc0.xcore.vss__t243                2.64429e-12
xc0.xcore.outn__t17                        3.3
xc0.xcore.vss__t244                2.68002e-12
xc0.xcore.outn__t19                        3.3
xc0.xcore.vss__t245                2.71579e-12
xc0.xcore.outn__t18                        3.3
xc0.xcore.vss__t246                2.75161e-12
xc0.xcore.outn__t1                         3.3
xc0.xcore.vss__t247                2.78746e-12
xc0.xcore.outn__t2                         3.3
xc0.xcore.vss__t248                2.82335e-12
xc0.xcore.outn__t3                         3.3
xc0.xcore.vss__t249                2.85928e-12
xc0.xcore.outn__t4                         3.3
ib_c0                                  1.03455
xc0.xcore.vsubs                              0
outn_c0                                    3.3
outp_c0                                2.79104
xc0.tail                               1.42796
vd_c0                                 0.508962
xc1.xcore.tail__t186                   1.42794
xc1.xcore.ibias__t118                  1.03455
xc1.xcore.vss__t163                5.39295e-06
xc1.xcore.vss__t349                  2.217e-13
xc1.xcore.vss__t60                  5.1945e-06
xc1.xcore.ibias__t117                  1.03455
xc1.xcore.tail__t286                   1.42794
xc1.xcore.vss__t350                2.13542e-13
xc1.xcore.tail__t197                   1.42794
xc1.xcore.ibias__t140                  1.03455
xc1.xcore.vss__t174                4.99646e-06
xc1.xcore.vss__t351                2.05401e-13
xc1.xcore.vss__t68                 4.79888e-06
xc1.xcore.ibias__t133                  1.03455
xc1.xcore.tail__t294                   1.42794
xc1.xcore.vss__t352                1.97279e-13
xc1.xcore.tail__t193                   1.42794
xc1.xcore.ibias__t132                  1.03455
xc1.xcore.vss__t170                4.60183e-06
xc1.xcore.vss__t353                1.89179e-13
xc1.xcore.vss__t67                 4.40538e-06
xc1.xcore.ibias__t131                  1.03455
xc1.xcore.tail__t293                   1.42794
xc1.xcore.vss__t354                1.81103e-13
xc1.xcore.tail__t192                   1.42794
xc1.xcore.ibias__t130                  1.03455
xc1.xcore.vss__t169                4.20961e-06
xc1.xcore.vss__t355                1.73055e-13
xc1.xcore.vss__t74                 4.01461e-06
xc1.xcore.ibias__t145                  1.03455
xc1.xcore.tail__t300                   1.42794
xc1.xcore.vss__t356                1.65039e-13
xc1.xcore.tail__t191                   1.42794
xc1.xcore.ibias__t128                  1.03455
xc1.xcore.vss__t168                3.82051e-06
xc1.xcore.vss__t357                 1.5706e-13
xc1.xcore.vss__t65                 3.62746e-06
xc1.xcore.ibias__t127                  1.03455
xc1.xcore.tail__t291                   1.42794
xc1.xcore.vss__t358                1.49124e-13
xc1.xcore.tail__t190                   1.42794
xc1.xcore.ibias__t126                  1.03455
xc1.xcore.vss__t167                3.43562e-06
xc1.xcore.vss__t359                1.41238e-13
xc1.xcore.vss__t64                 3.24521e-06
xc1.xcore.ibias__t125                  1.03455
xc1.xcore.tail__t290                   1.42794
xc1.xcore.vss__t360                 1.3341e-13
xc1.xcore.tail__t189                   1.42794
xc1.xcore.ibias__t124                  1.03455
xc1.xcore.vss__t166                3.05651e-06
xc1.xcore.vss__t361                1.25653e-13
xc1.xcore.vss__t63                 2.86984e-06
xc1.xcore.ibias__t123                  1.03455
xc1.xcore.tail__t289                   1.42794
xc1.xcore.vss__t362                1.17979e-13
xc1.xcore.tail__t188                   1.42794
xc1.xcore.ibias__t122                  1.03455
xc1.xcore.vss__t165                2.68563e-06
xc1.xcore.vss__t363                1.10407e-13
xc1.xcore.vss__t62                 2.50443e-06
xc1.xcore.ibias__t121                  1.03455
xc1.xcore.tail__t288                   1.42794
xc1.xcore.vss__t364                1.02958e-13
xc1.xcore.tail__t187                   1.42794
xc1.xcore.ibias__t120                  1.03455
xc1.xcore.vss__t164                2.32694e-06
xc1.xcore.vss__t365                 9.5661e-14
xc1.xcore.vss__t26                 2.15407e-06
xc1.xcore.ibias__t0                    1.03455
xc1.xcore.tail__t252                   1.42794
xc1.xcore.vss__t366                8.85545e-14
xc1.xcore.tail__t175                   1.42794
xc1.xcore.ibias__t97                   1.03455
xc1.xcore.vss__t152                1.98704e-06
xc1.xcore.vss__t367                8.16877e-14
xc1.xcore.vss__t42                 1.82743e-06
xc1.xcore.ibias__t78                   1.03455
xc1.xcore.tail__t268                   1.42795
xc1.xcore.vss__t368                7.51265e-14
xc1.xcore.tail__t164                   1.42795
xc1.xcore.ibias__t77                   1.03455
xc1.xcore.vss__t141                1.67739e-06
xc1.xcore.vss__t369                6.89581e-14
xc1.xcore.vss__t37                 1.53969e-06
xc1.xcore.ibias__t70                   1.03455
xc1.xcore.tail__t263                   1.42795
xc1.xcore.vss__t370                6.32975e-14
xc1.xcore.tail__t167                   1.42795
xc1.xcore.ibias__t82                   1.03455
xc1.xcore.vss__t144                1.41795e-06
xc1.xcore.vss__t371                5.82927e-14
xc1.xcore.vss__t39                  1.3166e-06
xc1.xcore.ibias__t72                   1.03455
xc1.xcore.tail__t265                   1.42795
xc1.xcore.vss__t372                5.41261e-14
xc1.xcore.tail__t162                   1.42795
xc1.xcore.ibias__t73                   1.03455
xc1.xcore.vss__t139                1.24064e-06
xc1.xcore.vss__t373                5.10035e-14
xc1.xcore.vss__t40                 1.19493e-06
xc1.xcore.ibias__t74                   1.03455
xc1.xcore.tail__t266                   1.42795
xc1.xcore.vss__t374                4.91245e-14
xc1.xcore.tail__t163                   1.42795
xc1.xcore.ibias__t75                   1.03455
xc1.xcore.vss__t140                1.18298e-06
xc1.xcore.vss__t375                4.86333e-14
xc1.xcore.vss__t41                 1.20579e-06
xc1.xcore.ibias__t76                   1.03455
xc1.xcore.tail__t267                   1.42795
xc1.xcore.vss__t376                4.95713e-14
xc1.xcore.tail__t129                   1.42795
xc1.xcore.ibias__t9                    1.03455
xc1.xcore.vss__t107                1.26148e-06
xc1.xcore.vss__t377                 5.1861e-14
xc1.xcore.vss__t6                  1.34598e-06
xc1.xcore.ibias__t8                    1.03455
xc1.xcore.tail__t232                   1.42795
xc1.xcore.vss__t378                5.53349e-14
xc1.xcore.tail__t128                   1.42795
xc1.xcore.ibias__t7                    1.03455
xc1.xcore.vss__t106                1.45427e-06
xc1.xcore.vss__t379                 5.9787e-14
xc1.xcore.vss__t5                  1.58147e-06
xc1.xcore.ibias__t6                    1.03455
xc1.xcore.tail__t231                   1.42795
xc1.xcore.vss__t380                6.50165e-14
xc1.xcore.tail__t141                   1.42795
xc1.xcore.ibias__t31                   1.03455
xc1.xcore.vss__t119                 1.7234e-06
xc1.xcore.vss__t381                7.08516e-14
xc1.xcore.vss__t4                  1.87672e-06
xc1.xcore.ibias__t5                    1.03455
xc1.xcore.tail__t230                   1.42795
xc1.xcore.vss__t382                7.71551e-14
xc1.xcore.tail__t158                   1.42795
xc1.xcore.ibias__t62                   1.03455
xc1.xcore.vss__t135                2.03886e-06
xc1.xcore.vss__t383                8.38213e-14
xc1.xcore.vss__t33                 2.20788e-06
xc1.xcore.ibias__t63                   1.03455
xc1.xcore.tail__t259                   1.42795
xc1.xcore.vss__t384                9.07703e-14
xc1.xcore.tail__t159                   1.42795
xc1.xcore.ibias__t64                   1.03455
xc1.xcore.vss__t136                2.38232e-06
xc1.xcore.vss__t385                 9.7942e-14
xc1.xcore.vss__t34                 2.56107e-06
xc1.xcore.ibias__t65                   1.03455
xc1.xcore.tail__t260                   1.42795
xc1.xcore.vss__t386                1.05291e-13
xc1.xcore.tail__t160                   1.42795
xc1.xcore.ibias__t66                   1.03455
xc1.xcore.vss__t137                2.74328e-06
xc1.xcore.vss__t387                1.12782e-13
xc1.xcore.vss__t35                 2.92831e-06
xc1.xcore.ibias__t67                   1.03455
xc1.xcore.tail__t261                   1.42795
xc1.xcore.vss__t388                 1.2039e-13
xc1.xcore.tail__t161                   1.42795
xc1.xcore.ibias__t68                   1.03455
xc1.xcore.vss__t138                3.11566e-06
xc1.xcore.vss__t389                1.28093e-13
xc1.xcore.vss__t36                 3.30493e-06
xc1.xcore.ibias__t69                   1.03455
xc1.xcore.tail__t262                   1.42795
xc1.xcore.vss__t390                1.35874e-13
xc1.xcore.tail__t130                   1.42795
xc1.xcore.ibias__t10                   1.03455
xc1.xcore.vss__t108                3.49582e-06
xc1.xcore.vss__t391                1.43722e-13
xc1.xcore.vss__t13                 3.68806e-06
xc1.xcore.ibias__t23                   1.03455
xc1.xcore.tail__t239                   1.42795
xc1.xcore.vss__t392                1.51627e-13
xc1.xcore.tail__t137                   1.42795
xc1.xcore.ibias__t24                   1.03455
xc1.xcore.vss__t115                3.88146e-06
xc1.xcore.vss__t393                1.59578e-13
xc1.xcore.vss__t14                 4.07586e-06
xc1.xcore.ibias__t25                   1.03455
xc1.xcore.tail__t240                   1.42795
xc1.xcore.vss__t394                1.67571e-13
xc1.xcore.tail__t138                   1.42795
xc1.xcore.ibias__t26                   1.03455
xc1.xcore.vss__t116                4.27111e-06
xc1.xcore.vss__t395                1.75599e-13
xc1.xcore.vss__t15                 4.46711e-06
xc1.xcore.ibias__t27                   1.03455
xc1.xcore.tail__t241                   1.42795
xc1.xcore.vss__t396                1.83657e-13
xc1.xcore.tail__t139                   1.42795
xc1.xcore.ibias__t28                   1.03455
xc1.xcore.vss__t117                4.66376e-06
xc1.xcore.vss__t397                1.91743e-13
xc1.xcore.vss__t16                 4.86098e-06
xc1.xcore.ibias__t29                   1.03455
xc1.xcore.tail__t242                   1.42795
xc1.xcore.vss__t398                1.99852e-13
xc1.xcore.tail__t140                   1.42795
xc1.xcore.ibias__t30                   1.03455
xc1.xcore.vss__t118                5.05871e-06
xc1.xcore.vss__t399                2.07981e-13
xc1.xcore.vss__t21                 5.25688e-06
xc1.xcore.ibias__t41                   1.03455
xc1.xcore.tail__t247                   1.42795
xc1.xcore.vss__t400                2.16129e-13
xc1.xcore.tail__t142                   1.42795
xc1.xcore.ibias__t32                   1.03455
xc1.xcore.vss__t120                5.45545e-06
xc1.xcore.vss__t401                2.24293e-13
xc1.xcore.vss__t17                 5.65438e-06
xc1.xcore.ibias__t33                   1.03455
xc1.xcore.tail__t243                   1.42795
xc1.xcore.vss__t402                2.32471e-13
xc1.xcore.tail__t143                   1.42795
xc1.xcore.ibias__t34                   1.03455
xc1.xcore.vss__t121                5.85364e-06
xc1.xcore.vss__t403                2.40663e-13
xc1.xcore.vss__t18                 6.05317e-06
xc1.xcore.ibias__t35                   1.03455
xc1.xcore.tail__t244                   1.42795
xc1.xcore.vss__t404                2.48867e-13
xc1.xcore.tail__t144                   1.42795
xc1.xcore.ibias__t36                   1.03455
xc1.xcore.vss__t122                6.25298e-06
xc1.xcore.vss__t405                2.57081e-13
xc1.xcore.vss__t19                 6.45301e-06
xc1.xcore.ibias__t37                   1.03455
xc1.xcore.tail__t245                   1.42795
xc1.xcore.vss__t406                2.65305e-13
xc1.xcore.tail__t145                   1.42795
xc1.xcore.ibias__t38                   1.03455
xc1.xcore.vss__t123                6.65327e-06
xc1.xcore.vss__t407                2.73537e-13
xc1.xcore.vss__t20                 6.85372e-06
xc1.xcore.ibias__t39                   1.03455
xc1.xcore.tail__t246                   1.42795
xc1.xcore.vss__t408                2.81778e-13
xc1.xcore.tail__t146                   1.42795
xc1.xcore.ibias__t40                   1.03455
xc1.xcore.vss__t124                7.05435e-06
xc1.xcore.vss__t409                2.90026e-13
xc1.xcore.vss__t8                  7.25514e-06
xc1.xcore.ibias__t12                   1.03455
xc1.xcore.tail__t234                   1.42795
xc1.xcore.vss__t410                2.98281e-13
xc1.xcore.tail__t135                   1.42795
xc1.xcore.ibias__t21                   1.03455
xc1.xcore.vss__t113                7.45609e-06
xc1.xcore.vss__t411                3.06542e-13
xc1.xcore.vss__t9                  7.65717e-06
xc1.xcore.ibias__t13                   1.03455
xc1.xcore.tail__t235                   1.42795
xc1.xcore.vss__t412                3.14809e-13
xc1.xcore.tail__t131                   1.42795
xc1.xcore.ibias__t14                   1.03455
xc1.xcore.vss__t109                7.85839e-06
xc1.xcore.vss__t413                3.23081e-13
xc1.xcore.vss__t10                 8.05972e-06
xc1.xcore.ibias__t15                   1.03455
xc1.xcore.tail__t236                   1.42795
xc1.xcore.vss__t414                3.31358e-13
xc1.xcore.tail__t134                   1.42795
xc1.xcore.ibias__t20                   1.03455
xc1.xcore.vss__t112                8.26116e-06
xc1.xcore.vss__t415                3.39639e-13
xc1.xcore.vss__t12                 8.46271e-06
xc1.xcore.ibias__t19                   1.03455
xc1.xcore.tail__t238                   1.42795
xc1.xcore.vss__t416                3.47925e-13
xc1.xcore.tail__t133                   1.42795
xc1.xcore.ibias__t18                   1.03455
xc1.xcore.vss__t111                8.66435e-06
xc1.xcore.vss__t417                3.56214e-13
xc1.xcore.vss__t11                 8.86608e-06
xc1.xcore.ibias__t17                   1.03455
xc1.xcore.tail__t237                   1.42795
xc1.xcore.vss__t418                3.64507e-13
xc1.xcore.tail__t132                   1.42795
xc1.xcore.ibias__t16                   1.03455
xc1.xcore.vss__t110                9.06789e-06
xc1.xcore.vss__t419                3.72804e-13
xc1.xcore.vss__t7                  9.26978e-06
xc1.xcore.ibias__t11                   1.03455
xc1.xcore.tail__t233                   1.42795
xc1.xcore.vss__t420                3.81103e-13
xc1.xcore.tail__t136                   1.42795
xc1.xcore.ibias__t22                   1.03455
xc1.xcore.vss__t114                9.47175e-06
xc1.xcore.vss__t421                3.89406e-13
xc1.xcore.vss__t23                 9.67378e-06
xc1.xcore.ibias__t45                   1.03455
xc1.xcore.tail__t249                   1.42795
xc1.xcore.vss__t422                3.97711e-13
xc1.xcore.tail__t150                   1.42795
xc1.xcore.ibias__t46                   1.03455
xc1.xcore.vss__t127                9.87587e-06
xc1.xcore.vss__t423                4.06019e-13
xc1.xcore.vss__t24                  1.0078e-05
xc1.xcore.ibias__t47                   1.03455
xc1.xcore.tail__t250                   1.42795
xc1.xcore.vss__t424                 4.1433e-13
xc1.xcore.tail__t151                   1.42795
xc1.xcore.ibias__t48                   1.03455
xc1.xcore.vss__t128                1.02802e-05
xc1.xcore.vss__t425                4.22642e-13
xc1.xcore.vss__t25                 1.04825e-05
xc1.xcore.ibias__t49                   1.03455
xc1.xcore.tail__t251                   1.42795
xc1.xcore.vss__t426                4.30957e-13
xc1.xcore.tail__t152                   1.42795
xc1.xcore.ibias__t50                   1.03455
xc1.xcore.vss__t129                1.06848e-05
xc1.xcore.vss__t427                4.39274e-13
xc1.xcore.vss__t32                 1.08872e-05
xc1.xcore.ibias__t61                   1.03455
xc1.xcore.tail__t258                   1.42795
xc1.xcore.vss__t428                4.47593e-13
xc1.xcore.tail__t153                   1.42795
xc1.xcore.ibias__t51                   1.03455
xc1.xcore.vss__t130                1.10896e-05
xc1.xcore.vss__t429                4.55913e-13
xc1.xcore.vss__t27                  1.1292e-05
xc1.xcore.ibias__t52                   1.03455
xc1.xcore.tail__t253                   1.42795
xc1.xcore.vss__t430                4.64236e-13
xc1.xcore.tail__t154                   1.42795
xc1.xcore.ibias__t53                   1.03455
xc1.xcore.vss__t131                1.14945e-05
xc1.xcore.vss__t431                 4.7256e-13
xc1.xcore.vss__t28                  1.1697e-05
xc1.xcore.ibias__t54                   1.03455
xc1.xcore.tail__t254                   1.42794
xc1.xcore.vss__t432                4.80885e-13
xc1.xcore.tail__t155                   1.42794
xc1.xcore.ibias__t55                   1.03455
xc1.xcore.vss__t132                1.18996e-05
xc1.xcore.vss__t433                4.89212e-13
xc1.xcore.vss__t29                 1.21022e-05
xc1.xcore.ibias__t56                   1.03455
xc1.xcore.tail__t255                   1.42794
xc1.xcore.vss__t434                 4.9754e-13
xc1.xcore.tail__t156                   1.42794
xc1.xcore.ibias__t57                   1.03455
xc1.xcore.vss__t133                1.23048e-05
xc1.xcore.vss__t435                 5.0587e-13
xc1.xcore.vss__t30                 1.25075e-05
xc1.xcore.ibias__t58                   1.03455
xc1.xcore.tail__t256                   1.42794
xc1.xcore.vss__t436                  5.142e-13
xc1.xcore.tail__t157                   1.42794
xc1.xcore.ibias__t59                   1.03455
xc1.xcore.vss__t134                1.27101e-05
xc1.xcore.vss__t437                5.22532e-13
xc1.xcore.vss__t31                 1.29129e-05
xc1.xcore.ibias__t60                   1.03455
xc1.xcore.tail__t257                   1.42794
xc1.xcore.vss__t438                5.30865e-13
xc1.xcore.tail__t211                   1.42794
xc1.xcore.ibias__t176                  1.03455
xc1.xcore.vss__t193                1.31156e-05
xc1.xcore.vss__t439                5.39199e-13
xc1.xcore.vss__t88                 1.33184e-05
xc1.xcore.ibias__t175                  1.03455
xc1.xcore.tail__t311                   1.42794
xc1.xcore.vss__t440                5.47535e-13
xc1.xcore.tail__t165                   1.42794
xc1.xcore.ibias__t79                   1.03455
xc1.xcore.vss__t142                1.35212e-05
xc1.xcore.vss__t441                5.55871e-13
xc1.xcore.vss__t43                  1.3724e-05
xc1.xcore.ibias__t80                   1.03455
xc1.xcore.tail__t269                   1.42794
xc1.xcore.vss__t442                5.64208e-13
xc1.xcore.tail__t166                   1.42794
xc1.xcore.ibias__t81                   1.03455
xc1.xcore.vss__t143                1.39268e-05
xc1.xcore.vss__t443                5.72546e-13
xc1.xcore.vss__t38                 1.41297e-05
xc1.xcore.ibias__t71                   1.03455
xc1.xcore.tail__t264                   1.42794
xc1.xcore.vss__t444                5.80884e-13
xc1.xcore.tail__t147                   1.42794
xc1.xcore.ibias__t42                   1.03455
xc1.xcore.vss__t125                1.43325e-05
xc1.xcore.vss__t445                5.89224e-13
xc1.xcore.vss__t22                 1.45354e-05
xc1.xcore.ibias__t43                   1.03455
xc1.xcore.tail__t248                   1.42794
xc1.xcore.vss__t446                5.97564e-13
xc1.xcore.tail__t148                   1.42794
xc1.xcore.ibias__t44                   1.03455
xc1.xcore.vss__t126                1.47383e-05
xc1.xcore.vss__t447                6.05905e-13
xc1.xcore.vss__t0                  1.49413e-05
xc1.xcore.ibias__t1                    1.03455
xc1.xcore.tail__t149                   1.42794
xc1.xcore.vss__t456                6.14247e-13
xc1.xcore.tail__t229                   1.42791
xc1.xcore.ibias__t2                    1.03455
xc1.xcore.vss__t1                  2.56466e-05
xc1.xcore.vss__t458                1.05416e-12
xc1.xcore.vss__t189                2.54433e-05
xc1.xcore.ibias__t170                  1.03455
xc1.xcore.tail__t228                   1.42791
xc1.xcore.vss__t250                 1.0458e-12
xc1.xcore.tail__t209                   1.42791
xc1.xcore.ibias__t169                  1.03455
xc1.xcore.vss__t188                2.52399e-05
xc1.xcore.vss__t251                1.03744e-12
xc1.xcore.vss__t86                 2.50366e-05
xc1.xcore.ibias__t168                  1.03455
xc1.xcore.tail__t309                   1.42791
xc1.xcore.vss__t252                1.02909e-12
xc1.xcore.tail__t208                   1.42791
xc1.xcore.ibias__t167                  1.03455
xc1.xcore.vss__t187                2.48333e-05
xc1.xcore.vss__t253                1.02073e-12
xc1.xcore.vss__t85                   2.463e-05
xc1.xcore.ibias__t166                  1.03455
xc1.xcore.tail__t308                   1.42791
xc1.xcore.vss__t254                1.01238e-12
xc1.xcore.tail__t207                   1.42791
xc1.xcore.ibias__t165                  1.03455
xc1.xcore.vss__t186                2.44266e-05
xc1.xcore.vss__t255                1.00402e-12
xc1.xcore.vss__t84                 2.42233e-05
xc1.xcore.ibias__t164                  1.03455
xc1.xcore.tail__t307                   1.42791
xc1.xcore.vss__t256                9.95665e-13
xc1.xcore.tail__t210                   1.42791
xc1.xcore.ibias__t173                  1.03455
xc1.xcore.vss__t191                  2.402e-05
xc1.xcore.vss__t257                 9.8731e-13
xc1.xcore.vss__t87                 2.38167e-05
xc1.xcore.ibias__t172                  1.03455
xc1.xcore.tail__t310                   1.42791
xc1.xcore.vss__t258                9.78955e-13
xc1.xcore.tail__t219                   1.42791
xc1.xcore.ibias__t195                  1.03455
xc1.xcore.vss__t201                2.36134e-05
xc1.xcore.vss__t259                  9.706e-13
xc1.xcore.vss__t99                 2.34101e-05
xc1.xcore.ibias__t194                  1.03455
xc1.xcore.tail__t321                   1.42791
xc1.xcore.vss__t260                9.62245e-13
xc1.xcore.tail__t227                   1.42791
xc1.xcore.ibias__t209                  1.03455
xc1.xcore.vss__t209                2.32068e-05
xc1.xcore.vss__t261                 9.5389e-13
xc1.xcore.vss__t97                 2.30035e-05
xc1.xcore.ibias__t192                  1.03455
xc1.xcore.tail__t319                   1.42791
xc1.xcore.vss__t262                9.45535e-13
xc1.xcore.tail__t218                   1.42791
xc1.xcore.ibias__t191                  1.03455
xc1.xcore.vss__t200                2.28002e-05
xc1.xcore.vss__t263                 9.3718e-13
xc1.xcore.vss__t96                 2.25969e-05
xc1.xcore.ibias__t190                  1.03455
xc1.xcore.tail__t318                   1.42791
xc1.xcore.vss__t264                9.28826e-13
xc1.xcore.tail__t217                   1.42791
xc1.xcore.ibias__t189                  1.03455
xc1.xcore.vss__t199                2.23937e-05
xc1.xcore.vss__t265                9.20472e-13
xc1.xcore.vss__t95                 2.21904e-05
xc1.xcore.ibias__t188                  1.03455
xc1.xcore.tail__t317                   1.42791
xc1.xcore.vss__t266                9.12118e-13
xc1.xcore.tail__t216                   1.42791
xc1.xcore.ibias__t187                  1.03455
xc1.xcore.vss__t198                2.19871e-05
xc1.xcore.vss__t267                9.03764e-13
xc1.xcore.vss__t94                 2.17838e-05
xc1.xcore.ibias__t186                  1.03455
xc1.xcore.tail__t316                   1.42791
xc1.xcore.vss__t268                 8.9541e-13
xc1.xcore.tail__t215                   1.42791
xc1.xcore.ibias__t185                  1.03455
xc1.xcore.vss__t197                2.15806e-05
xc1.xcore.vss__t269                8.87057e-13
xc1.xcore.vss__t93                 2.13773e-05
xc1.xcore.ibias__t184                  1.03455
xc1.xcore.tail__t315                   1.42791
xc1.xcore.vss__t270                8.78703e-13
xc1.xcore.tail__t214                   1.42791
xc1.xcore.ibias__t183                  1.03455
xc1.xcore.vss__t196                2.11741e-05
xc1.xcore.vss__t271                 8.7035e-13
xc1.xcore.vss__t92                 2.09708e-05
xc1.xcore.ibias__t182                  1.03455
xc1.xcore.tail__t314                   1.42791
xc1.xcore.vss__t272                8.61997e-13
xc1.xcore.tail__t213                   1.42791
xc1.xcore.ibias__t181                  1.03455
xc1.xcore.vss__t195                2.07676e-05
xc1.xcore.vss__t273                8.53644e-13
xc1.xcore.vss__t91                 2.05644e-05
xc1.xcore.ibias__t180                  1.03455
xc1.xcore.tail__t313                   1.42791
xc1.xcore.vss__t274                8.45292e-13
xc1.xcore.tail__t212                   1.42791
xc1.xcore.ibias__t179                  1.03455
xc1.xcore.vss__t194                2.03611e-05
xc1.xcore.vss__t275                 8.3694e-13
xc1.xcore.vss__t90                 2.01579e-05
xc1.xcore.ibias__t178                  1.03455
xc1.xcore.tail__t312                   1.42791
xc1.xcore.vss__t276                8.28588e-13
xc1.xcore.tail__t206                   1.42791
xc1.xcore.ibias__t161                  1.03455
xc1.xcore.vss__t184                1.99547e-05
xc1.xcore.vss__t277                8.20236e-13
xc1.xcore.vss__t57                 1.97515e-05
xc1.xcore.ibias__t112                  1.03455
xc1.xcore.tail__t283                   1.42792
xc1.xcore.vss__t278                8.11884e-13
xc1.xcore.tail__t183                   1.42792
xc1.xcore.ibias__t111                  1.03455
xc1.xcore.vss__t160                1.95483e-05
xc1.xcore.vss__t279                8.03533e-13
xc1.xcore.vss__t56                 1.93451e-05
xc1.xcore.ibias__t110                  1.03455
xc1.xcore.tail__t282                   1.42792
xc1.xcore.vss__t280                7.95182e-13
xc1.xcore.tail__t182                   1.42792
xc1.xcore.ibias__t109                  1.03455
xc1.xcore.vss__t159                1.91419e-05
xc1.xcore.vss__t281                7.86831e-13
xc1.xcore.vss__t55                 1.89388e-05
xc1.xcore.ibias__t108                  1.03455
xc1.xcore.tail__t281                   1.42792
xc1.xcore.vss__t282                7.78481e-13
xc1.xcore.tail__t181                   1.42792
xc1.xcore.ibias__t107                  1.03455
xc1.xcore.vss__t158                1.87356e-05
xc1.xcore.vss__t283                7.70131e-13
xc1.xcore.vss__t54                 1.85324e-05
xc1.xcore.ibias__t106                  1.03455
xc1.xcore.tail__t280                   1.42792
xc1.xcore.vss__t284                7.61781e-13
xc1.xcore.tail__t180                   1.42792
xc1.xcore.ibias__t105                  1.03455
xc1.xcore.vss__t157                1.83293e-05
xc1.xcore.vss__t285                7.53432e-13
xc1.xcore.vss__t53                 1.81261e-05
xc1.xcore.ibias__t104                  1.03455
xc1.xcore.tail__t279                   1.42792
xc1.xcore.vss__t286                7.45083e-13
xc1.xcore.tail__t205                   1.42792
xc1.xcore.ibias__t156                  1.03455
xc1.xcore.vss__t182                 1.7923e-05
xc1.xcore.vss__t287                7.36734e-13
xc1.xcore.vss__t79                 1.77199e-05
xc1.xcore.ibias__t155                  1.03455
xc1.xcore.tail__t305                   1.42792
xc1.xcore.vss__t288                7.28385e-13
xc1.xcore.tail__t204                   1.42792
xc1.xcore.ibias__t154                  1.03455
xc1.xcore.vss__t181                1.75168e-05
xc1.xcore.vss__t289                7.20037e-13
xc1.xcore.vss__t78                 1.73137e-05
xc1.xcore.ibias__t153                  1.03455
xc1.xcore.tail__t304                   1.42792
xc1.xcore.vss__t290                 7.1169e-13
xc1.xcore.tail__t203                   1.42792
xc1.xcore.ibias__t152                  1.03455
xc1.xcore.vss__t180                1.71106e-05
xc1.xcore.vss__t291                7.03343e-13
xc1.xcore.vss__t77                 1.69075e-05
xc1.xcore.ibias__t151                  1.03455
xc1.xcore.tail__t303                   1.42792
xc1.xcore.vss__t292                6.94996e-13
xc1.xcore.tail__t202                   1.42792
xc1.xcore.ibias__t150                  1.03455
xc1.xcore.vss__t179                1.67044e-05
xc1.xcore.vss__t293                 6.8665e-13
xc1.xcore.vss__t76                 1.65014e-05
xc1.xcore.ibias__t149                  1.03455
xc1.xcore.tail__t302                   1.42792
xc1.xcore.vss__t294                6.78304e-13
xc1.xcore.tail__t201                   1.42792
xc1.xcore.ibias__t148                  1.03455
xc1.xcore.vss__t178                1.62983e-05
xc1.xcore.vss__t295                6.69959e-13
xc1.xcore.vss__t75                 1.60953e-05
xc1.xcore.ibias__t147                  1.03455
xc1.xcore.tail__t301                   1.42792
xc1.xcore.vss__t296                6.61614e-13
xc1.xcore.tail__t200                   1.42792
xc1.xcore.ibias__t146                  1.03455
xc1.xcore.vss__t177                1.58923e-05
xc1.xcore.vss__t297                6.53269e-13
xc1.xcore.vss__t98                 1.56893e-05
xc1.xcore.ibias__t193                  1.03455
xc1.xcore.tail__t320                   1.42792
xc1.xcore.vss__t298                6.44926e-13
xc1.xcore.tail__t226                   1.42792
xc1.xcore.ibias__t208                  1.03455
xc1.xcore.vss__t208                1.54863e-05
xc1.xcore.vss__t299                6.36583e-13
xc1.xcore.vss__t105                1.52833e-05
xc1.xcore.ibias__t207                  1.03455
xc1.xcore.tail__t327                   1.42792
xc1.xcore.vss__t300                 6.2824e-13
xc1.xcore.tail__t225                   1.42792
xc1.xcore.ibias__t206                  1.03455
xc1.xcore.vss__t207                1.50804e-05
xc1.xcore.vss__t301                6.19898e-13
xc1.xcore.vss__t104                1.48774e-05
xc1.xcore.ibias__t205                  1.03455
xc1.xcore.tail__t326                   1.42792
xc1.xcore.vss__t302                6.11557e-13
xc1.xcore.tail__t224                   1.42792
xc1.xcore.ibias__t204                  1.03455
xc1.xcore.vss__t206                1.46745e-05
xc1.xcore.vss__t303                6.03216e-13
xc1.xcore.vss__t103                1.44716e-05
xc1.xcore.ibias__t203                  1.03455
xc1.xcore.tail__t325                   1.42792
xc1.xcore.vss__t304                5.94876e-13
xc1.xcore.tail__t223                   1.42792
xc1.xcore.ibias__t202                  1.03455
xc1.xcore.vss__t205                1.42687e-05
xc1.xcore.vss__t305                5.86537e-13
xc1.xcore.vss__t102                1.40658e-05
xc1.xcore.ibias__t201                  1.03455
xc1.xcore.tail__t324                   1.42792
xc1.xcore.vss__t306                5.78199e-13
xc1.xcore.tail__t222                   1.42792
xc1.xcore.ibias__t200                  1.03455
xc1.xcore.vss__t204                 1.3863e-05
xc1.xcore.vss__t307                5.69861e-13
xc1.xcore.vss__t101                1.36602e-05
xc1.xcore.ibias__t199                  1.03455
xc1.xcore.tail__t323                   1.42793
xc1.xcore.vss__t308                5.61524e-13
xc1.xcore.tail__t221                   1.42793
xc1.xcore.ibias__t198                  1.03455
xc1.xcore.vss__t203                1.34574e-05
xc1.xcore.vss__t309                5.53189e-13
xc1.xcore.vss__t100                1.32546e-05
xc1.xcore.ibias__t197                  1.03455
xc1.xcore.tail__t322                   1.42793
xc1.xcore.vss__t310                5.44854e-13
xc1.xcore.tail__t220                   1.42793
xc1.xcore.ibias__t196                  1.03455
xc1.xcore.vss__t202                1.30518e-05
xc1.xcore.vss__t311                 5.3652e-13
xc1.xcore.vss__t80                 1.28491e-05
xc1.xcore.ibias__t157                  1.03455
xc1.xcore.tail__t306                   1.42793
xc1.xcore.vss__t312                5.28187e-13
xc1.xcore.tail__t185                   1.42793
xc1.xcore.ibias__t116                  1.03455
xc1.xcore.vss__t162                1.26464e-05
xc1.xcore.vss__t313                5.19855e-13
xc1.xcore.vss__t59                 1.24437e-05
xc1.xcore.ibias__t115                  1.03455
xc1.xcore.tail__t285                   1.42793
xc1.xcore.vss__t314                5.11524e-13
xc1.xcore.tail__t184                   1.42793
xc1.xcore.ibias__t114                  1.03455
xc1.xcore.vss__t161                1.22411e-05
xc1.xcore.vss__t315                5.03195e-13
xc1.xcore.vss__t71                 1.20384e-05
xc1.xcore.ibias__t139                  1.03455
xc1.xcore.tail__t297                   1.42793
xc1.xcore.vss__t316                4.94867e-13
xc1.xcore.tail__t196                   1.42793
xc1.xcore.ibias__t138                  1.03455
xc1.xcore.vss__t173                1.18359e-05
xc1.xcore.vss__t317                 4.8654e-13
xc1.xcore.vss__t70                 1.16333e-05
xc1.xcore.ibias__t137                  1.03455
xc1.xcore.tail__t296                   1.42793
xc1.xcore.vss__t318                4.78214e-13
xc1.xcore.tail__t195                   1.42793
xc1.xcore.ibias__t136                  1.03455
xc1.xcore.vss__t172                1.14308e-05
xc1.xcore.vss__t319                 4.6989e-13
xc1.xcore.vss__t69                 1.12283e-05
xc1.xcore.ibias__t135                  1.03455
xc1.xcore.tail__t295                   1.42793
xc1.xcore.vss__t320                4.61568e-13
xc1.xcore.tail__t194                   1.42793
xc1.xcore.ibias__t134                  1.03455
xc1.xcore.vss__t171                1.10259e-05
xc1.xcore.vss__t321                4.53247e-13
xc1.xcore.vss__t61                 1.08235e-05
xc1.xcore.ibias__t119                  1.03455
xc1.xcore.tail__t287                   1.42793
xc1.xcore.vss__t322                4.44928e-13
xc1.xcore.tail__t179                   1.42793
xc1.xcore.ibias__t103                  1.03455
xc1.xcore.vss__t156                1.06212e-05
xc1.xcore.vss__t323                4.36611e-13
xc1.xcore.vss__t48                 1.04189e-05
xc1.xcore.ibias__t92                   1.03455
xc1.xcore.tail__t274                   1.42793
xc1.xcore.vss__t324                4.28295e-13
xc1.xcore.tail__t178                   1.42793
xc1.xcore.ibias__t102                  1.03455
xc1.xcore.vss__t155                1.02166e-05
xc1.xcore.vss__t325                4.19982e-13
xc1.xcore.vss__t52                 1.00144e-05
xc1.xcore.ibias__t101                  1.03455
xc1.xcore.tail__t278                   1.42793
xc1.xcore.vss__t326                4.11671e-13
xc1.xcore.tail__t177                   1.42793
xc1.xcore.ibias__t100                  1.03455
xc1.xcore.vss__t154                9.81229e-06
xc1.xcore.vss__t327                4.03362e-13
xc1.xcore.vss__t51                 9.61021e-06
xc1.xcore.ibias__t99                   1.03455
xc1.xcore.tail__t277                   1.42793
xc1.xcore.vss__t328                3.95056e-13
xc1.xcore.tail__t176                   1.42793
xc1.xcore.ibias__t98                   1.03455
xc1.xcore.vss__t153                 9.4082e-06
xc1.xcore.vss__t329                3.86752e-13
xc1.xcore.vss__t58                 9.20626e-06
xc1.xcore.ibias__t113                  1.03455
xc1.xcore.tail__t284                   1.42793
xc1.xcore.vss__t330                3.78452e-13
xc1.xcore.tail__t174                   1.42793
xc1.xcore.ibias__t96                   1.03455
xc1.xcore.vss__t151                 9.0044e-06
xc1.xcore.vss__t331                3.70154e-13
xc1.xcore.vss__t50                 8.80261e-06
xc1.xcore.ibias__t95                   1.03455
xc1.xcore.tail__t276                   1.42793
xc1.xcore.vss__t332                3.61859e-13
xc1.xcore.tail__t173                   1.42793
xc1.xcore.ibias__t94                   1.03455
xc1.xcore.vss__t150                8.60091e-06
xc1.xcore.vss__t333                3.53568e-13
xc1.xcore.vss__t49                  8.3993e-06
xc1.xcore.ibias__t93                   1.03455
xc1.xcore.tail__t275                   1.42793
xc1.xcore.vss__t334                3.45281e-13
xc1.xcore.tail__t172                   1.42793
xc1.xcore.ibias__t91                   1.03455
xc1.xcore.vss__t149                8.19778e-06
xc1.xcore.vss__t335                3.36997e-13
xc1.xcore.vss__t47                 7.99637e-06
xc1.xcore.ibias__t90                   1.03455
xc1.xcore.tail__t273                   1.42793
xc1.xcore.vss__t336                3.28718e-13
xc1.xcore.tail__t171                   1.42793
xc1.xcore.ibias__t89                   1.03455
xc1.xcore.vss__t148                7.79508e-06
xc1.xcore.vss__t337                3.20444e-13
xc1.xcore.vss__t46                  7.5939e-06
xc1.xcore.ibias__t88                   1.03455
xc1.xcore.tail__t272                   1.42794
xc1.xcore.vss__t338                3.12174e-13
xc1.xcore.tail__t170                   1.42794
xc1.xcore.ibias__t87                   1.03455
xc1.xcore.vss__t147                7.39286e-06
xc1.xcore.vss__t339                 3.0391e-13
xc1.xcore.vss__t45                 7.19196e-06
xc1.xcore.ibias__t86                   1.03455
xc1.xcore.tail__t271                   1.42794
xc1.xcore.vss__t340                2.95652e-13
xc1.xcore.tail__t169                   1.42794
xc1.xcore.ibias__t85                   1.03455
xc1.xcore.vss__t146                6.99122e-06
xc1.xcore.vss__t341                  2.874e-13
xc1.xcore.vss__t44                 6.79064e-06
xc1.xcore.ibias__t84                   1.03455
xc1.xcore.tail__t270                   1.42794
xc1.xcore.vss__t342                2.79155e-13
xc1.xcore.tail__t168                   1.42794
xc1.xcore.ibias__t83                   1.03455
xc1.xcore.vss__t145                6.59025e-06
xc1.xcore.vss__t343                2.70918e-13
xc1.xcore.vss__t66                 6.39006e-06
xc1.xcore.ibias__t129                  1.03455
xc1.xcore.tail__t292                   1.42794
xc1.xcore.vss__t344                2.62688e-13
xc1.xcore.tail__t199                   1.42794
xc1.xcore.ibias__t144                  1.03455
xc1.xcore.vss__t176                 6.1901e-06
xc1.xcore.vss__t345                2.54468e-13
xc1.xcore.vss__t73                 5.99038e-06
xc1.xcore.ibias__t143                  1.03455
xc1.xcore.tail__t299                   1.42794
xc1.xcore.vss__t346                2.46258e-13
xc1.xcore.tail__t198                   1.42794
xc1.xcore.ibias__t142                  1.03455
xc1.xcore.vss__t175                5.79092e-06
xc1.xcore.vss__t347                 2.3806e-13
xc1.xcore.vss__t72                 5.59177e-06
xc1.xcore.ibias__t141                  1.03455
xc1.xcore.tail__t298                   1.42794
xc1.xcore.vss__t348                2.29873e-13
xc1.xcore.outp__t53                    2.79093
xc1.xcore.inp__t1                        2.805
xc1.xcore.tail__t0                     1.42801
xc1.xcore.vss__t460                1.37503e-12
xc1.xcore.tail__t119                   1.42801
xc1.xcore.inp__t53                       2.805
xc1.xcore.outp__t52                    2.79092
xc1.xcore.vss__t462                1.38805e-12
xc1.xcore.outp__t46                    2.79092
xc1.xcore.inp__t52                       2.805
xc1.xcore.tail__t118                   1.42801
xc1.xcore.vss__t463                1.40107e-12
xc1.xcore.tail__t58                    1.42802
xc1.xcore.inp__t61                       2.805
xc1.xcore.outp__t82                    2.79092
xc1.xcore.vss__t464                1.41409e-12
xc1.xcore.outp__t30                    2.79092
xc1.xcore.inp__t24                       2.805
xc1.xcore.tail__t98                    1.42802
xc1.xcore.vss__t465                1.42712e-12
xc1.xcore.tail__t38                    1.42802
xc1.xcore.inp__t23                       2.805
xc1.xcore.outp__t64                    2.79092
xc1.xcore.vss__t466                1.44014e-12
xc1.xcore.outp__t29                    2.79092
xc1.xcore.inp__t22                       2.805
xc1.xcore.tail__t97                    1.42802
xc1.xcore.vss__t467                1.45316e-12
xc1.xcore.tail__t37                    1.42802
xc1.xcore.inp__t21                       2.805
xc1.xcore.outp__t63                    2.79092
xc1.xcore.vss__t468                1.46618e-12
xc1.xcore.outp__t28                    2.79091
xc1.xcore.inp__t20                       2.805
xc1.xcore.tail__t96                    1.42802
xc1.xcore.vss__t469                1.47921e-12
xc1.xcore.tail__t36                    1.42802
xc1.xcore.inp__t19                       2.805
xc1.xcore.outp__t62                    2.79091
xc1.xcore.vss__t470                1.49223e-12
xc1.xcore.outp__t27                    2.79091
xc1.xcore.inp__t18                       2.805
xc1.xcore.tail__t95                    1.42802
xc1.xcore.vss__t471                1.50525e-12
xc1.xcore.tail__t35                    1.42802
xc1.xcore.inp__t17                       2.805
xc1.xcore.outp__t61                    2.79091
xc1.xcore.vss__t472                1.51828e-12
xc1.xcore.outp__t26                    2.79091
xc1.xcore.inp__t16                       2.805
xc1.xcore.tail__t94                    1.42802
xc1.xcore.vss__t473                 1.5313e-12
xc1.xcore.tail__t33                    1.42802
xc1.xcore.inp__t15                       2.805
xc1.xcore.outp__t60                    2.79091
xc1.xcore.vss__t474                1.54433e-12
xc1.xcore.outp__t47                     2.7909
xc1.xcore.inp__t54                       2.805
xc1.xcore.tail__t120                   1.42802
xc1.xcore.vss__t475                1.55736e-12
xc1.xcore.tail__t54                    1.42803
xc1.xcore.inp__t55                       2.805
xc1.xcore.outp__t78                     2.7909
xc1.xcore.vss__t476                1.57038e-12
xc1.xcore.outp__t51                     2.7909
xc1.xcore.inp__t63                       2.805
xc1.xcore.tail__t126                   1.42803
xc1.xcore.vss__t477                1.58341e-12
xc1.xcore.tail__t57                    1.42803
xc1.xcore.inp__t60                       2.805
xc1.xcore.outp__t81                     2.7909
xc1.xcore.vss__t478                1.59644e-12
xc1.xcore.outp__t49                     2.7909
xc1.xcore.inp__t59                       2.805
xc1.xcore.tail__t122                   1.42803
xc1.xcore.vss__t479                1.60947e-12
xc1.xcore.tail__t56                    1.42803
xc1.xcore.inp__t58                       2.805
xc1.xcore.outp__t80                     2.7909
xc1.xcore.vss__t480                1.62249e-12
xc1.xcore.outp__t48                    2.79089
xc1.xcore.inp__t57                       2.805
xc1.xcore.tail__t121                   1.42803
xc1.xcore.vss__t481                1.63552e-12
xc1.xcore.tail__t55                    1.42803
xc1.xcore.inp__t56                       2.805
xc1.xcore.outp__t79                    2.79089
xc1.xcore.vss__t482                1.64855e-12
xc1.xcore.outp__t24                    2.79089
xc1.xcore.inp__t11                       2.805
xc1.xcore.tail__t92                    1.42803
xc1.xcore.vss__t483                1.66158e-12
xc1.xcore.tail__t30                    1.42803
xc1.xcore.inp__t10                       2.805
xc1.xcore.outp__t57                    2.79089
xc1.xcore.vss__t484                1.67461e-12
xc1.xcore.outp__t23                    2.79089
xc1.xcore.inp__t9                        2.805
xc1.xcore.tail__t88                    1.42803
xc1.xcore.vss__t485                1.68764e-12
xc1.xcore.tail__t32                    1.42803
xc1.xcore.inp__t14                       2.805
xc1.xcore.outp__t59                    2.79089
xc1.xcore.vss__t486                1.70067e-12
xc1.xcore.outp__t25                    2.79088
xc1.xcore.inp__t13                       2.805
xc1.xcore.tail__t93                    1.42803
xc1.xcore.vss__t487                 1.7137e-12
xc1.xcore.tail__t60                    1.42803
xc1.xcore.inp__t0                        2.805
xc1.xcore.outp__t83                    2.79088
xc1.xcore.vss__t488                1.72673e-12
xc1.xcore.outp__t50                    2.79088
xc1.xcore.inp__t62                       2.805
xc1.xcore.tail__t123                   1.42804
xc1.xcore.vss__t489                1.73976e-12
xc1.xcore.tail__t42                    1.42804
xc1.xcore.inp__t29                       2.805
xc1.xcore.outp__t67                    2.79088
xc1.xcore.vss__t490                1.75279e-12
xc1.xcore.outp__t32                    2.79088
xc1.xcore.inp__t28                       2.805
xc1.xcore.tail__t102                   1.42804
xc1.xcore.vss__t491                1.76582e-12
xc1.xcore.tail__t41                    1.42804
xc1.xcore.inp__t27                       2.805
xc1.xcore.outp__t66                    2.79088
xc1.xcore.vss__t492                1.77886e-12
xc1.xcore.outp__t31                    2.79087
xc1.xcore.inp__t26                       2.805
xc1.xcore.tail__t101                   1.42804
xc1.xcore.vss__t493                1.79189e-12
xc1.xcore.tail__t40                    1.42804
xc1.xcore.inp__t25                       2.805
xc1.xcore.outp__t65                    2.79087
xc1.xcore.vss__t494                1.80492e-12
xc1.xcore.outp__t20                    2.79087
xc1.xcore.inp__t4                        2.805
xc1.xcore.tail__t74                    1.42804
xc1.xcore.vss__t495                1.81795e-12
xc1.xcore.tail__t14                    1.42804
xc1.xcore.inp__t3                        2.805
xc1.xcore.outp__t54                    2.79087
xc1.xcore.vss__t496                1.83099e-12
xc1.xcore.outp__t22                    2.79087
xc1.xcore.inp__t7                        2.805
xc1.xcore.tail__t76                    1.42804
xc1.xcore.vss__t497                1.84402e-12
xc1.xcore.tail__t16                    1.42804
xc1.xcore.inp__t6                        2.805
xc1.xcore.outp__t55                    2.79087
xc1.xcore.vss__t498                1.85705e-12
xc1.xcore.outp__t21                    2.79086
xc1.xcore.inp__t5                        2.805
xc1.xcore.tail__t75                    1.42804
xc1.xcore.vss__t499                1.87009e-12
xc1.xcore.tail__t19                    1.42804
xc1.xcore.inp__t8                        2.805
xc1.xcore.outp__t56                    2.79086
xc1.xcore.vss__t500                1.88312e-12
xc1.xcore.outp__t45                    2.79086
xc1.xcore.inp__t50                       2.805
xc1.xcore.tail__t116                   1.42804
xc1.xcore.vss__t501                1.89616e-12
xc1.xcore.tail__t51                    1.42805
xc1.xcore.inp__t49                       2.805
xc1.xcore.outp__t76                    2.79086
xc1.xcore.vss__t502                1.90919e-12
xc1.xcore.outp__t44                    2.79086
xc1.xcore.inp__t48                       2.805
xc1.xcore.tail__t115                   1.42805
xc1.xcore.vss__t503                1.92223e-12
xc1.xcore.tail__t50                    1.42805
xc1.xcore.inp__t47                       2.805
xc1.xcore.outp__t75                    2.79086
xc1.xcore.vss__t504                1.93526e-12
xc1.xcore.outp__t43                    2.79085
xc1.xcore.inp__t46                       2.805
xc1.xcore.tail__t114                   1.42805
xc1.xcore.vss__t505                 1.9483e-12
xc1.xcore.tail__t49                    1.42805
xc1.xcore.inp__t45                       2.805
xc1.xcore.outp__t74                    2.79085
xc1.xcore.vss__t506                1.96133e-12
xc1.xcore.outp__t42                    2.79085
xc1.xcore.inp__t44                       2.805
xc1.xcore.tail__t113                   1.42805
xc1.xcore.vss__t507                1.97437e-12
xc1.xcore.tail__t48                    1.42805
xc1.xcore.inp__t43                       2.805
xc1.xcore.outp__t73                    2.79085
xc1.xcore.vss__t508                 1.9874e-12
xc1.xcore.outp__t41                    2.79085
xc1.xcore.inp__t42                       2.805
xc1.xcore.tail__t112                   1.42805
xc1.xcore.vss__t509                2.00044e-12
xc1.xcore.tail__t47                    1.42805
xc1.xcore.inp__t41                       2.805
xc1.xcore.outp__t72                    2.79085
xc1.xcore.vss__t510                2.01347e-12
xc1.xcore.outp__t40                    2.79085
xc1.xcore.inp__t40                       2.805
xc1.xcore.tail__t111                   1.42805
xc1.xcore.vss__t511                2.02651e-12
xc1.xcore.tail__t46                    1.42805
xc1.xcore.inp__t39                       2.805
xc1.xcore.outp__t71                    2.79084
xc1.xcore.vss__t512                2.03955e-12
xc1.xcore.outp__t39                    2.79084
xc1.xcore.inp__t38                       2.805
xc1.xcore.tail__t110                   1.42805
xc1.xcore.vss__t513                2.05258e-12
xc1.xcore.tail__t53                    1.42806
xc1.xcore.inp__t51                       2.805
xc1.xcore.outp__t77                    2.79084
xc1.xcore.vss__t514                2.06562e-12
xc1.xcore.outp__t38                    2.79084
xc1.xcore.inp__t37                       2.805
xc1.xcore.tail__t108                   1.42806
xc1.xcore.vss__t515                2.07866e-12
xc1.xcore.tail__t45                    1.42806
xc1.xcore.inp__t36                       2.805
xc1.xcore.outp__t70                    2.79084
xc1.xcore.vss__t516                2.09169e-12
xc1.xcore.outp__t37                    2.79084
xc1.xcore.inp__t35                       2.805
xc1.xcore.tail__t107                   1.42806
xc1.xcore.vss__t517                2.10473e-12
xc1.xcore.tail__t44                    1.42806
xc1.xcore.inp__t34                       2.805
xc1.xcore.outp__t69                    2.79083
xc1.xcore.vss__t518                2.11777e-12
xc1.xcore.outp__t36                    2.79083
xc1.xcore.inp__t33                       2.805
xc1.xcore.tail__t106                   1.42806
xc1.xcore.vss__t519                 2.1308e-12
xc1.xcore.tail__t31                    1.42806
xc1.xcore.inp__t12                       2.805
xc1.xcore.outp__t58                    2.79083
xc1.xcore.vss__t520                2.14384e-12
xc1.xcore.outp__t35                    2.79083
xc1.xcore.inp__t32                       2.805
xc1.xcore.tail__t104                   1.42806
xc1.xcore.vss__t521                2.15688e-12
xc1.xcore.tail__t43                    1.42806
xc1.xcore.inp__t31                       2.805
xc1.xcore.outp__t68                    2.79083
xc1.xcore.vss__t522                2.16992e-12
xc1.xcore.outp__t33                    2.79083
xc1.xcore.inp__t30                       2.805
xc1.xcore.tail__t103                   1.42806
xc1.xcore.vss__t523                2.18296e-12
xc1.xcore.tail__t1                     1.42806
xc1.xcore.inp__t2                        2.805
xc1.xcore.outp__t34                    2.79082
xc1.xcore.vss__t586                2.19599e-12
xc1.xcore.ibias__t215                  1.03182
xc1.xcore.ibias__t3                    1.03455
xc1.xcore.vss__t2                  2.51857e-05
xc1.xcore.vss__t459                5.19764e-13
xc1.xcore.vss__t81                 2.49859e-05
xc1.xcore.ibias__t158                  1.03455
xc1.xcore.ibias__t216                  1.03185
xc1.xcore.vss__t448                5.15654e-13
xc1.xcore.ibias__t213                  1.03188
xc1.xcore.ibias__t171                  1.03455
xc1.xcore.vss__t190                2.47861e-05
xc1.xcore.vss__t449                5.11543e-13
xc1.xcore.vss__t83                 2.45863e-05
xc1.xcore.ibias__t163                  1.03455
xc1.xcore.ibias__t218                  1.03191
xc1.xcore.vss__t450                5.07433e-13
xc1.xcore.ibias__t212                  1.03194
xc1.xcore.ibias__t162                  1.03455
xc1.xcore.vss__t185                2.43865e-05
xc1.xcore.vss__t451                5.03322e-13
xc1.xcore.vss__t89                 2.41867e-05
xc1.xcore.ibias__t177                  1.03455
xc1.xcore.ibias__t219                  1.03197
xc1.xcore.vss__t452                4.99211e-13
xc1.xcore.ibias__t211                    1.032
xc1.xcore.ibias__t160                  1.03455
xc1.xcore.vss__t183                2.39868e-05
xc1.xcore.vss__t453                  4.951e-13
xc1.xcore.vss__t82                  2.3787e-05
xc1.xcore.ibias__t159                  1.03455
xc1.xcore.ibias__t217                  1.03203
xc1.xcore.vss__t454                4.90988e-13
xc1.xcore.ibias__t214                  1.03206
xc1.xcore.ibias__t174                  1.03455
xc1.xcore.vss__t192                2.35872e-05
xc1.xcore.vss__t455                4.86877e-13
xc1.xcore.vss__t3                  2.33874e-05
xc1.xcore.ibias__t4                    1.03455
xc1.xcore.ibias__t210                  1.03209
xc1.xcore.vss__t457                4.82765e-13
xc1.xcore.outn__t52                        3.3
xc1.xcore.inn__t1                        1.815
xc1.xcore.tail__t3                     1.42796
xc1.xcore.vss__t461                1.53171e-12
xc1.xcore.tail__t62                    1.42796
xc1.xcore.inn__t58                       1.815
xc1.xcore.outn__t81                        3.3
xc1.xcore.vss__t524                1.54625e-12
xc1.xcore.outn__t49                        3.3
xc1.xcore.inn__t59                       1.815
xc1.xcore.tail__t124                   1.42796
xc1.xcore.vss__t525                1.56079e-12
xc1.xcore.tail__t63                    1.42796
xc1.xcore.inn__t60                       1.815
xc1.xcore.outn__t82                        3.3
xc1.xcore.vss__t526                1.57532e-12
xc1.xcore.outn__t50                        3.3
xc1.xcore.inn__t61                       1.815
xc1.xcore.tail__t125                   1.42796
xc1.xcore.vss__t527                1.58986e-12
xc1.xcore.tail__t64                    1.42796
xc1.xcore.inn__t62                       1.815
xc1.xcore.outn__t83                        3.3
xc1.xcore.vss__t528                 1.6044e-12
xc1.xcore.outn__t46                        3.3
xc1.xcore.inn__t52                       1.815
xc1.xcore.tail__t105                   1.42796
xc1.xcore.vss__t529                1.61893e-12
xc1.xcore.tail__t15                    1.42796
xc1.xcore.inn__t21                       1.815
xc1.xcore.outn__t63                        3.3
xc1.xcore.vss__t530                1.63347e-12
xc1.xcore.outn__t45                        3.3
xc1.xcore.inn__t51                       1.815
xc1.xcore.tail__t100                   1.42796
xc1.xcore.vss__t531                1.64801e-12
xc1.xcore.tail__t34                    1.42796
xc1.xcore.inn__t48                       1.815
xc1.xcore.outn__t76                        3.3
xc1.xcore.vss__t532                1.66255e-12
xc1.xcore.outn__t44                        3.3
xc1.xcore.inn__t50                       1.815
xc1.xcore.tail__t99                    1.42796
xc1.xcore.vss__t533                1.67709e-12
xc1.xcore.tail__t61                    1.42796
xc1.xcore.inn__t57                       1.815
xc1.xcore.outn__t80                        3.3
xc1.xcore.vss__t534                1.69163e-12
xc1.xcore.outn__t40                        3.3
xc1.xcore.inn__t42                       1.815
xc1.xcore.tail__t87                    1.42796
xc1.xcore.vss__t535                1.70617e-12
xc1.xcore.tail__t27                    1.42796
xc1.xcore.inn__t41                       1.815
xc1.xcore.outn__t73                        3.3
xc1.xcore.vss__t536                1.72071e-12
xc1.xcore.outn__t39                        3.3
xc1.xcore.inn__t40                       1.815
xc1.xcore.tail__t86                    1.42796
xc1.xcore.vss__t537                1.73525e-12
xc1.xcore.tail__t26                    1.42796
xc1.xcore.inn__t39                       1.815
xc1.xcore.outn__t72                        3.3
xc1.xcore.vss__t538                1.74979e-12
xc1.xcore.outn__t38                        3.3
xc1.xcore.inn__t38                       1.815
xc1.xcore.tail__t85                    1.42796
xc1.xcore.vss__t539                1.76433e-12
xc1.xcore.tail__t25                    1.42796
xc1.xcore.inn__t37                       1.815
xc1.xcore.outn__t71                        3.3
xc1.xcore.vss__t540                1.77887e-12
xc1.xcore.outn__t47                        3.3
xc1.xcore.inn__t53                       1.815
xc1.xcore.tail__t109                   1.42796
xc1.xcore.vss__t541                1.79341e-12
xc1.xcore.tail__t52                    1.42796
xc1.xcore.inn__t55                       1.815
xc1.xcore.outn__t78                        3.3
xc1.xcore.vss__t542                1.80795e-12
xc1.xcore.outn__t48                        3.3
xc1.xcore.inn__t54                       1.815
xc1.xcore.tail__t117                   1.42796
xc1.xcore.vss__t543                1.82249e-12
xc1.xcore.tail__t39                    1.42796
xc1.xcore.inn__t49                       1.815
xc1.xcore.outn__t77                        3.3
xc1.xcore.vss__t544                1.83704e-12
xc1.xcore.outn__t41                        3.3
xc1.xcore.inn__t43                       1.815
xc1.xcore.tail__t89                    1.42796
xc1.xcore.vss__t545                1.85158e-12
xc1.xcore.tail__t29                    1.42796
xc1.xcore.inn__t47                       1.815
xc1.xcore.outn__t75                        3.3
xc1.xcore.vss__t546                1.86612e-12
xc1.xcore.outn__t43                        3.3
xc1.xcore.inn__t46                       1.815
xc1.xcore.tail__t91                    1.42796
xc1.xcore.vss__t547                1.88066e-12
xc1.xcore.tail__t28                    1.42796
xc1.xcore.inn__t45                       1.815
xc1.xcore.outn__t74                        3.3
xc1.xcore.vss__t548                1.89521e-12
xc1.xcore.outn__t42                        3.3
xc1.xcore.inn__t44                       1.815
xc1.xcore.tail__t90                    1.42796
xc1.xcore.vss__t549                1.90975e-12
xc1.xcore.tail__t59                    1.42796
xc1.xcore.inn__t56                       1.815
xc1.xcore.outn__t79                        3.3
xc1.xcore.vss__t550                1.92429e-12
xc1.xcore.outn__t51                        3.3
xc1.xcore.inn__t63                       1.815
xc1.xcore.tail__t127                   1.42796
xc1.xcore.vss__t551                1.93884e-12
xc1.xcore.tail__t13                    1.42796
xc1.xcore.inn__t19                       1.815
xc1.xcore.outn__t62                        3.3
xc1.xcore.vss__t552                1.95338e-12
xc1.xcore.outn__t28                        3.3
xc1.xcore.inn__t18                       1.815
xc1.xcore.tail__t72                    1.42796
xc1.xcore.vss__t553                1.96793e-12
xc1.xcore.tail__t12                    1.42796
xc1.xcore.inn__t17                       1.815
xc1.xcore.outn__t61                        3.3
xc1.xcore.vss__t554                1.98247e-12
xc1.xcore.outn__t27                        3.3
xc1.xcore.inn__t16                       1.815
xc1.xcore.tail__t71                    1.42796
xc1.xcore.vss__t555                1.99701e-12
xc1.xcore.tail__t11                    1.42796
xc1.xcore.inn__t15                       1.815
xc1.xcore.outn__t60                        3.3
xc1.xcore.vss__t556                2.01156e-12
xc1.xcore.outn__t26                        3.3
xc1.xcore.inn__t14                       1.815
xc1.xcore.tail__t70                    1.42796
xc1.xcore.vss__t557                 2.0261e-12
xc1.xcore.tail__t10                    1.42796
xc1.xcore.inn__t13                       1.815
xc1.xcore.outn__t59                        3.3
xc1.xcore.vss__t558                2.04065e-12
xc1.xcore.outn__t25                        3.3
xc1.xcore.inn__t12                       1.815
xc1.xcore.tail__t69                    1.42796
xc1.xcore.vss__t559                2.05519e-12
xc1.xcore.tail__t6                     1.42796
xc1.xcore.inn__t5                        1.815
xc1.xcore.outn__t55                        3.3
xc1.xcore.vss__t560                2.06974e-12
xc1.xcore.outn__t24                        3.3
xc1.xcore.inn__t11                       1.815
xc1.xcore.tail__t68                    1.42796
xc1.xcore.vss__t561                2.08429e-12
xc1.xcore.tail__t4                     1.42796
xc1.xcore.inn__t2                        1.815
xc1.xcore.outn__t53                        3.3
xc1.xcore.vss__t562                2.09883e-12
xc1.xcore.outn__t21                        3.3
xc1.xcore.inn__t3                        1.815
xc1.xcore.tail__t65                    1.42796
xc1.xcore.vss__t563                2.11338e-12
xc1.xcore.tail__t5                     1.42796
xc1.xcore.inn__t4                        1.815
xc1.xcore.outn__t54                        3.3
xc1.xcore.vss__t564                2.12792e-12
xc1.xcore.outn__t22                        3.3
xc1.xcore.inn__t6                        1.815
xc1.xcore.tail__t66                    1.42796
xc1.xcore.vss__t565                2.14247e-12
xc1.xcore.tail__t7                     1.42796
xc1.xcore.inn__t7                        1.815
xc1.xcore.outn__t56                        3.3
xc1.xcore.vss__t566                2.15702e-12
xc1.xcore.outn__t23                        3.3
xc1.xcore.inn__t8                        1.815
xc1.xcore.tail__t67                    1.42796
xc1.xcore.vss__t567                2.17156e-12
xc1.xcore.tail__t8                     1.42796
xc1.xcore.inn__t9                        1.815
xc1.xcore.outn__t57                        3.3
xc1.xcore.vss__t568                2.18611e-12
xc1.xcore.outn__t29                        3.3
xc1.xcore.inn__t20                       1.815
xc1.xcore.tail__t73                    1.42796
xc1.xcore.vss__t569                2.20066e-12
xc1.xcore.tail__t9                     1.42796
xc1.xcore.inn__t10                       1.815
xc1.xcore.outn__t58                        3.3
xc1.xcore.vss__t570                 2.2152e-12
xc1.xcore.outn__t36                        3.3
xc1.xcore.inn__t35                       1.815
xc1.xcore.tail__t83                    1.42796
xc1.xcore.vss__t571                2.22975e-12
xc1.xcore.tail__t24                    1.42796
xc1.xcore.inn__t34                       1.815
xc1.xcore.outn__t70                        3.3
xc1.xcore.vss__t572                 2.2443e-12
xc1.xcore.outn__t35                        3.3
xc1.xcore.inn__t33                       1.815
xc1.xcore.tail__t82                    1.42796
xc1.xcore.vss__t573                2.25885e-12
xc1.xcore.tail__t23                    1.42796
xc1.xcore.inn__t32                       1.815
xc1.xcore.outn__t69                        3.3
xc1.xcore.vss__t574                2.27339e-12
xc1.xcore.outn__t34                        3.3
xc1.xcore.inn__t31                       1.815
xc1.xcore.tail__t81                    1.42796
xc1.xcore.vss__t575                2.28794e-12
xc1.xcore.tail__t22                    1.42796
xc1.xcore.inn__t30                       1.815
xc1.xcore.outn__t68                        3.3
xc1.xcore.vss__t576                2.30249e-12
xc1.xcore.outn__t33                        3.3
xc1.xcore.inn__t29                       1.815
xc1.xcore.tail__t80                    1.42796
xc1.xcore.vss__t577                2.31704e-12
xc1.xcore.tail__t21                    1.42796
xc1.xcore.inn__t28                       1.815
xc1.xcore.outn__t67                        3.3
xc1.xcore.vss__t578                2.33159e-12
xc1.xcore.outn__t32                        3.3
xc1.xcore.inn__t27                       1.815
xc1.xcore.tail__t79                    1.42796
xc1.xcore.vss__t579                2.34613e-12
xc1.xcore.tail__t20                    1.42796
xc1.xcore.inn__t26                       1.815
xc1.xcore.outn__t66                        3.3
xc1.xcore.vss__t580                2.36068e-12
xc1.xcore.outn__t37                        3.3
xc1.xcore.inn__t36                       1.815
xc1.xcore.tail__t84                    1.42796
xc1.xcore.vss__t581                2.37523e-12
xc1.xcore.tail__t18                    1.42796
xc1.xcore.inn__t25                       1.815
xc1.xcore.outn__t65                        3.3
xc1.xcore.vss__t582                2.38978e-12
xc1.xcore.outn__t31                        3.3
xc1.xcore.inn__t24                       1.815
xc1.xcore.tail__t78                    1.42796
xc1.xcore.vss__t583                2.40433e-12
xc1.xcore.tail__t17                    1.42796
xc1.xcore.inn__t23                       1.815
xc1.xcore.outn__t64                        3.3
xc1.xcore.vss__t584                2.41888e-12
xc1.xcore.outn__t30                        3.3
xc1.xcore.inn__t22                       1.815
xc1.xcore.tail__t77                    1.42796
xc1.xcore.vss__t585                2.43343e-12
xc1.xcore.tail__t2                     1.42796
xc1.xcore.inn__t0                        1.815
xc1.xcore.outn__t20                        3.3
xc1.xcore.vss__t587                2.44798e-12
xc1.xcore.vss__t210                2.59885e-12
xc1.xcore.outp__t16                    2.79104
xc1.xcore.vss__t211                2.56831e-12
xc1.xcore.outp__t17                    2.79104
xc1.xcore.vss__t212                2.53778e-12
xc1.xcore.outp__t18                    2.79104
xc1.xcore.vss__t213                2.50729e-12
xc1.xcore.outp__t19                    2.79104
xc1.xcore.vss__t214                2.47682e-12
xc1.xcore.outp__t0                     2.79104
xc1.xcore.vss__t215                2.44637e-12
xc1.xcore.outp__t1                     2.79104
xc1.xcore.vss__t216                2.41596e-12
xc1.xcore.outp__t2                     2.79104
xc1.xcore.vss__t217                2.38558e-12
xc1.xcore.outp__t3                     2.79104
xc1.xcore.vss__t218                2.35522e-12
xc1.xcore.outp__t4                     2.79104
xc1.xcore.vss__t219                 2.3249e-12
xc1.xcore.outp__t15                    2.79104
xc1.xcore.vss__t220                2.29461e-12
xc1.xcore.outp__t6                     2.79104
xc1.xcore.vss__t221                2.26436e-12
xc1.xcore.outp__t7                     2.79104
xc1.xcore.vss__t222                2.23414e-12
xc1.xcore.outp__t8                     2.79104
xc1.xcore.vss__t223                2.20396e-12
xc1.xcore.outp__t9                     2.79104
xc1.xcore.vss__t224                2.17382e-12
xc1.xcore.outp__t10                    2.79104
xc1.xcore.vss__t225                2.14372e-12
xc1.xcore.outp__t11                    2.79104
xc1.xcore.vss__t226                2.11366e-12
xc1.xcore.outp__t12                    2.79104
xc1.xcore.vss__t227                2.08364e-12
xc1.xcore.outp__t13                    2.79104
xc1.xcore.vss__t228                2.05368e-12
xc1.xcore.outp__t14                    2.79104
xc1.xcore.vss__t229                2.02375e-12
xc1.xcore.outp__t5                     2.79104
xc1.xcore.vss__t230                2.18457e-12
xc1.xcore.outn__t0                         3.3
xc1.xcore.vss__t231                2.21955e-12
xc1.xcore.outn__t5                         3.3
xc1.xcore.vss__t232                2.25461e-12
xc1.xcore.outn__t6                         3.3
xc1.xcore.vss__t233                2.28973e-12
xc1.xcore.outn__t7                         3.3
xc1.xcore.vss__t234                2.32493e-12
xc1.xcore.outn__t8                         3.3
xc1.xcore.vss__t235                2.36019e-12
xc1.xcore.outn__t9                         3.3
xc1.xcore.vss__t236                2.39551e-12
xc1.xcore.outn__t10                        3.3
xc1.xcore.vss__t237                2.43089e-12
xc1.xcore.outn__t11                        3.3
xc1.xcore.vss__t238                2.46633e-12
xc1.xcore.outn__t12                        3.3
xc1.xcore.vss__t239                2.50182e-12
xc1.xcore.outn__t13                        3.3
xc1.xcore.vss__t240                2.53736e-12
xc1.xcore.outn__t14                        3.3
xc1.xcore.vss__t241                2.57296e-12
xc1.xcore.outn__t15                        3.3
xc1.xcore.vss__t242                 2.6086e-12
xc1.xcore.outn__t16                        3.3
xc1.xcore.vss__t243                2.64429e-12
xc1.xcore.outn__t17                        3.3
xc1.xcore.vss__t244                2.68002e-12
xc1.xcore.outn__t19                        3.3
xc1.xcore.vss__t245                2.71579e-12
xc1.xcore.outn__t18                        3.3
xc1.xcore.vss__t246                2.75161e-12
xc1.xcore.outn__t1                         3.3
xc1.xcore.vss__t247                2.78746e-12
xc1.xcore.outn__t2                         3.3
xc1.xcore.vss__t248                2.82335e-12
xc1.xcore.outn__t3                         3.3
xc1.xcore.vss__t249                2.85928e-12
xc1.xcore.outn__t4                         3.3
ib_c1                                  1.03455
xc1.xcore.vsubs                              0
outn_c1                                    3.3
outp_c1                                2.79104
xc1.tail                               1.42796
vd_c1                                 0.508962
xc2.xcore.tail__t186                   1.42794
xc2.xcore.ibias__t118                  1.03455
xc2.xcore.vss__t163                5.39295e-06
xc2.xcore.vss__t349                  2.217e-13
xc2.xcore.vss__t60                  5.1945e-06
xc2.xcore.ibias__t117                  1.03455
xc2.xcore.tail__t286                   1.42794
xc2.xcore.vss__t350                2.13542e-13
xc2.xcore.tail__t197                   1.42794
xc2.xcore.ibias__t140                  1.03455
xc2.xcore.vss__t174                4.99646e-06
xc2.xcore.vss__t351                2.05401e-13
xc2.xcore.vss__t68                 4.79888e-06
xc2.xcore.ibias__t133                  1.03455
xc2.xcore.tail__t294                   1.42794
xc2.xcore.vss__t352                1.97279e-13
xc2.xcore.tail__t193                   1.42794
xc2.xcore.ibias__t132                  1.03455
xc2.xcore.vss__t170                4.60183e-06
xc2.xcore.vss__t353                1.89179e-13
xc2.xcore.vss__t67                 4.40538e-06
xc2.xcore.ibias__t131                  1.03455
xc2.xcore.tail__t293                   1.42794
xc2.xcore.vss__t354                1.81103e-13
xc2.xcore.tail__t192                   1.42794
xc2.xcore.ibias__t130                  1.03455
xc2.xcore.vss__t169                4.20961e-06
xc2.xcore.vss__t355                1.73055e-13
xc2.xcore.vss__t74                 4.01461e-06
xc2.xcore.ibias__t145                  1.03455
xc2.xcore.tail__t300                   1.42794
xc2.xcore.vss__t356                1.65039e-13
xc2.xcore.tail__t191                   1.42794
xc2.xcore.ibias__t128                  1.03455
xc2.xcore.vss__t168                3.82051e-06
xc2.xcore.vss__t357                 1.5706e-13
xc2.xcore.vss__t65                 3.62746e-06
xc2.xcore.ibias__t127                  1.03455
xc2.xcore.tail__t291                   1.42794
xc2.xcore.vss__t358                1.49124e-13
xc2.xcore.tail__t190                   1.42794
xc2.xcore.ibias__t126                  1.03455
xc2.xcore.vss__t167                3.43562e-06
xc2.xcore.vss__t359                1.41238e-13
xc2.xcore.vss__t64                 3.24521e-06
xc2.xcore.ibias__t125                  1.03455
xc2.xcore.tail__t290                   1.42794
xc2.xcore.vss__t360                 1.3341e-13
xc2.xcore.tail__t189                   1.42794
xc2.xcore.ibias__t124                  1.03455
xc2.xcore.vss__t166                3.05651e-06
xc2.xcore.vss__t361                1.25653e-13
xc2.xcore.vss__t63                 2.86984e-06
xc2.xcore.ibias__t123                  1.03455
xc2.xcore.tail__t289                   1.42794
xc2.xcore.vss__t362                1.17979e-13
xc2.xcore.tail__t188                   1.42794
xc2.xcore.ibias__t122                  1.03455
xc2.xcore.vss__t165                2.68563e-06
xc2.xcore.vss__t363                1.10407e-13
xc2.xcore.vss__t62                 2.50443e-06
xc2.xcore.ibias__t121                  1.03455
xc2.xcore.tail__t288                   1.42794
xc2.xcore.vss__t364                1.02958e-13
xc2.xcore.tail__t187                   1.42794
xc2.xcore.ibias__t120                  1.03455
xc2.xcore.vss__t164                2.32694e-06
xc2.xcore.vss__t365                 9.5661e-14
xc2.xcore.vss__t26                 2.15407e-06
xc2.xcore.ibias__t0                    1.03455
xc2.xcore.tail__t252                   1.42794
xc2.xcore.vss__t366                8.85545e-14
xc2.xcore.tail__t175                   1.42794
xc2.xcore.ibias__t97                   1.03455
xc2.xcore.vss__t152                1.98704e-06
xc2.xcore.vss__t367                8.16877e-14
xc2.xcore.vss__t42                 1.82743e-06
xc2.xcore.ibias__t78                   1.03455
xc2.xcore.tail__t268                   1.42795
xc2.xcore.vss__t368                7.51265e-14
xc2.xcore.tail__t164                   1.42795
xc2.xcore.ibias__t77                   1.03455
xc2.xcore.vss__t141                1.67739e-06
xc2.xcore.vss__t369                6.89581e-14
xc2.xcore.vss__t37                 1.53969e-06
xc2.xcore.ibias__t70                   1.03455
xc2.xcore.tail__t263                   1.42795
xc2.xcore.vss__t370                6.32975e-14
xc2.xcore.tail__t167                   1.42795
xc2.xcore.ibias__t82                   1.03455
xc2.xcore.vss__t144                1.41795e-06
xc2.xcore.vss__t371                5.82927e-14
xc2.xcore.vss__t39                  1.3166e-06
xc2.xcore.ibias__t72                   1.03455
xc2.xcore.tail__t265                   1.42795
xc2.xcore.vss__t372                5.41261e-14
xc2.xcore.tail__t162                   1.42795
xc2.xcore.ibias__t73                   1.03455
xc2.xcore.vss__t139                1.24064e-06
xc2.xcore.vss__t373                5.10035e-14
xc2.xcore.vss__t40                 1.19493e-06
xc2.xcore.ibias__t74                   1.03455
xc2.xcore.tail__t266                   1.42795
xc2.xcore.vss__t374                4.91245e-14
xc2.xcore.tail__t163                   1.42795
xc2.xcore.ibias__t75                   1.03455
xc2.xcore.vss__t140                1.18298e-06
xc2.xcore.vss__t375                4.86333e-14
xc2.xcore.vss__t41                 1.20579e-06
xc2.xcore.ibias__t76                   1.03455
xc2.xcore.tail__t267                   1.42795
xc2.xcore.vss__t376                4.95713e-14
xc2.xcore.tail__t129                   1.42795
xc2.xcore.ibias__t9                    1.03455
xc2.xcore.vss__t107                1.26148e-06
xc2.xcore.vss__t377                 5.1861e-14
xc2.xcore.vss__t6                  1.34598e-06
xc2.xcore.ibias__t8                    1.03455
xc2.xcore.tail__t232                   1.42795
xc2.xcore.vss__t378                5.53349e-14
xc2.xcore.tail__t128                   1.42795
xc2.xcore.ibias__t7                    1.03455
xc2.xcore.vss__t106                1.45427e-06
xc2.xcore.vss__t379                 5.9787e-14
xc2.xcore.vss__t5                  1.58147e-06
xc2.xcore.ibias__t6                    1.03455
xc2.xcore.tail__t231                   1.42795
xc2.xcore.vss__t380                6.50165e-14
xc2.xcore.tail__t141                   1.42795
xc2.xcore.ibias__t31                   1.03455
xc2.xcore.vss__t119                 1.7234e-06
xc2.xcore.vss__t381                7.08516e-14
xc2.xcore.vss__t4                  1.87672e-06
xc2.xcore.ibias__t5                    1.03455
xc2.xcore.tail__t230                   1.42795
xc2.xcore.vss__t382                7.71551e-14
xc2.xcore.tail__t158                   1.42795
xc2.xcore.ibias__t62                   1.03455
xc2.xcore.vss__t135                2.03886e-06
xc2.xcore.vss__t383                8.38213e-14
xc2.xcore.vss__t33                 2.20788e-06
xc2.xcore.ibias__t63                   1.03455
xc2.xcore.tail__t259                   1.42795
xc2.xcore.vss__t384                9.07703e-14
xc2.xcore.tail__t159                   1.42795
xc2.xcore.ibias__t64                   1.03455
xc2.xcore.vss__t136                2.38232e-06
xc2.xcore.vss__t385                 9.7942e-14
xc2.xcore.vss__t34                 2.56107e-06
xc2.xcore.ibias__t65                   1.03455
xc2.xcore.tail__t260                   1.42795
xc2.xcore.vss__t386                1.05291e-13
xc2.xcore.tail__t160                   1.42795
xc2.xcore.ibias__t66                   1.03455
xc2.xcore.vss__t137                2.74328e-06
xc2.xcore.vss__t387                1.12782e-13
xc2.xcore.vss__t35                 2.92831e-06
xc2.xcore.ibias__t67                   1.03455
xc2.xcore.tail__t261                   1.42795
xc2.xcore.vss__t388                 1.2039e-13
xc2.xcore.tail__t161                   1.42795
xc2.xcore.ibias__t68                   1.03455
xc2.xcore.vss__t138                3.11566e-06
xc2.xcore.vss__t389                1.28093e-13
xc2.xcore.vss__t36                 3.30493e-06
xc2.xcore.ibias__t69                   1.03455
xc2.xcore.tail__t262                   1.42795
xc2.xcore.vss__t390                1.35874e-13
xc2.xcore.tail__t130                   1.42795
xc2.xcore.ibias__t10                   1.03455
xc2.xcore.vss__t108                3.49582e-06
xc2.xcore.vss__t391                1.43722e-13
xc2.xcore.vss__t13                 3.68806e-06
xc2.xcore.ibias__t23                   1.03455
xc2.xcore.tail__t239                   1.42795
xc2.xcore.vss__t392                1.51627e-13
xc2.xcore.tail__t137                   1.42795
xc2.xcore.ibias__t24                   1.03455
xc2.xcore.vss__t115                3.88146e-06
xc2.xcore.vss__t393                1.59578e-13
xc2.xcore.vss__t14                 4.07586e-06
xc2.xcore.ibias__t25                   1.03455
xc2.xcore.tail__t240                   1.42795
xc2.xcore.vss__t394                1.67571e-13
xc2.xcore.tail__t138                   1.42795
xc2.xcore.ibias__t26                   1.03455
xc2.xcore.vss__t116                4.27111e-06
xc2.xcore.vss__t395                1.75599e-13
xc2.xcore.vss__t15                 4.46711e-06
xc2.xcore.ibias__t27                   1.03455
xc2.xcore.tail__t241                   1.42795
xc2.xcore.vss__t396                1.83657e-13
xc2.xcore.tail__t139                   1.42795
xc2.xcore.ibias__t28                   1.03455
xc2.xcore.vss__t117                4.66376e-06
xc2.xcore.vss__t397                1.91743e-13
xc2.xcore.vss__t16                 4.86098e-06
xc2.xcore.ibias__t29                   1.03455
xc2.xcore.tail__t242                   1.42795
xc2.xcore.vss__t398                1.99852e-13
xc2.xcore.tail__t140                   1.42795
xc2.xcore.ibias__t30                   1.03455
xc2.xcore.vss__t118                5.05871e-06
xc2.xcore.vss__t399                2.07981e-13
xc2.xcore.vss__t21                 5.25688e-06
xc2.xcore.ibias__t41                   1.03455
xc2.xcore.tail__t247                   1.42795
xc2.xcore.vss__t400                2.16129e-13
xc2.xcore.tail__t142                   1.42795
xc2.xcore.ibias__t32                   1.03455
xc2.xcore.vss__t120                5.45545e-06
xc2.xcore.vss__t401                2.24293e-13
xc2.xcore.vss__t17                 5.65438e-06
xc2.xcore.ibias__t33                   1.03455
xc2.xcore.tail__t243                   1.42795
xc2.xcore.vss__t402                2.32471e-13
xc2.xcore.tail__t143                   1.42795
xc2.xcore.ibias__t34                   1.03455
xc2.xcore.vss__t121                5.85364e-06
xc2.xcore.vss__t403                2.40663e-13
xc2.xcore.vss__t18                 6.05317e-06
xc2.xcore.ibias__t35                   1.03455
xc2.xcore.tail__t244                   1.42795
xc2.xcore.vss__t404                2.48867e-13
xc2.xcore.tail__t144                   1.42795
xc2.xcore.ibias__t36                   1.03455
xc2.xcore.vss__t122                6.25298e-06
xc2.xcore.vss__t405                2.57081e-13
xc2.xcore.vss__t19                 6.45301e-06
xc2.xcore.ibias__t37                   1.03455
xc2.xcore.tail__t245                   1.42795
xc2.xcore.vss__t406                2.65305e-13
xc2.xcore.tail__t145                   1.42795
xc2.xcore.ibias__t38                   1.03455
xc2.xcore.vss__t123                6.65327e-06
xc2.xcore.vss__t407                2.73537e-13
xc2.xcore.vss__t20                 6.85372e-06
xc2.xcore.ibias__t39                   1.03455
xc2.xcore.tail__t246                   1.42795
xc2.xcore.vss__t408                2.81778e-13
xc2.xcore.tail__t146                   1.42795
xc2.xcore.ibias__t40                   1.03455
xc2.xcore.vss__t124                7.05435e-06
xc2.xcore.vss__t409                2.90026e-13
xc2.xcore.vss__t8                  7.25514e-06
xc2.xcore.ibias__t12                   1.03455
xc2.xcore.tail__t234                   1.42795
xc2.xcore.vss__t410                2.98281e-13
xc2.xcore.tail__t135                   1.42795
xc2.xcore.ibias__t21                   1.03455
xc2.xcore.vss__t113                7.45609e-06
xc2.xcore.vss__t411                3.06542e-13
xc2.xcore.vss__t9                  7.65717e-06
xc2.xcore.ibias__t13                   1.03455
xc2.xcore.tail__t235                   1.42795
xc2.xcore.vss__t412                3.14809e-13
xc2.xcore.tail__t131                   1.42795
xc2.xcore.ibias__t14                   1.03455
xc2.xcore.vss__t109                7.85839e-06
xc2.xcore.vss__t413                3.23081e-13
xc2.xcore.vss__t10                 8.05972e-06
xc2.xcore.ibias__t15                   1.03455
xc2.xcore.tail__t236                   1.42795
xc2.xcore.vss__t414                3.31358e-13
xc2.xcore.tail__t134                   1.42795
xc2.xcore.ibias__t20                   1.03455
xc2.xcore.vss__t112                8.26116e-06
xc2.xcore.vss__t415                3.39639e-13
xc2.xcore.vss__t12                 8.46271e-06
xc2.xcore.ibias__t19                   1.03455
xc2.xcore.tail__t238                   1.42795
xc2.xcore.vss__t416                3.47925e-13
xc2.xcore.tail__t133                   1.42795
xc2.xcore.ibias__t18                   1.03455
xc2.xcore.vss__t111                8.66435e-06
xc2.xcore.vss__t417                3.56214e-13
xc2.xcore.vss__t11                 8.86608e-06
xc2.xcore.ibias__t17                   1.03455
xc2.xcore.tail__t237                   1.42795
xc2.xcore.vss__t418                3.64507e-13
xc2.xcore.tail__t132                   1.42795
xc2.xcore.ibias__t16                   1.03455
xc2.xcore.vss__t110                9.06789e-06
xc2.xcore.vss__t419                3.72804e-13
xc2.xcore.vss__t7                  9.26978e-06
xc2.xcore.ibias__t11                   1.03455
xc2.xcore.tail__t233                   1.42795
xc2.xcore.vss__t420                3.81103e-13
xc2.xcore.tail__t136                   1.42795
xc2.xcore.ibias__t22                   1.03455
xc2.xcore.vss__t114                9.47175e-06
xc2.xcore.vss__t421                3.89406e-13
xc2.xcore.vss__t23                 9.67378e-06
xc2.xcore.ibias__t45                   1.03455
xc2.xcore.tail__t249                   1.42795
xc2.xcore.vss__t422                3.97711e-13
xc2.xcore.tail__t150                   1.42795
xc2.xcore.ibias__t46                   1.03455
xc2.xcore.vss__t127                9.87587e-06
xc2.xcore.vss__t423                4.06019e-13
xc2.xcore.vss__t24                  1.0078e-05
xc2.xcore.ibias__t47                   1.03455
xc2.xcore.tail__t250                   1.42795
xc2.xcore.vss__t424                 4.1433e-13
xc2.xcore.tail__t151                   1.42795
xc2.xcore.ibias__t48                   1.03455
xc2.xcore.vss__t128                1.02802e-05
xc2.xcore.vss__t425                4.22642e-13
xc2.xcore.vss__t25                 1.04825e-05
xc2.xcore.ibias__t49                   1.03455
xc2.xcore.tail__t251                   1.42795
xc2.xcore.vss__t426                4.30957e-13
xc2.xcore.tail__t152                   1.42795
xc2.xcore.ibias__t50                   1.03455
xc2.xcore.vss__t129                1.06848e-05
xc2.xcore.vss__t427                4.39274e-13
xc2.xcore.vss__t32                 1.08872e-05
xc2.xcore.ibias__t61                   1.03455
xc2.xcore.tail__t258                   1.42795
xc2.xcore.vss__t428                4.47593e-13
xc2.xcore.tail__t153                   1.42795
xc2.xcore.ibias__t51                   1.03455
xc2.xcore.vss__t130                1.10896e-05
xc2.xcore.vss__t429                4.55913e-13
xc2.xcore.vss__t27                  1.1292e-05
xc2.xcore.ibias__t52                   1.03455
xc2.xcore.tail__t253                   1.42795
xc2.xcore.vss__t430                4.64236e-13
xc2.xcore.tail__t154                   1.42795
xc2.xcore.ibias__t53                   1.03455
xc2.xcore.vss__t131                1.14945e-05
xc2.xcore.vss__t431                 4.7256e-13
xc2.xcore.vss__t28                  1.1697e-05
xc2.xcore.ibias__t54                   1.03455
xc2.xcore.tail__t254                   1.42794
xc2.xcore.vss__t432                4.80885e-13
xc2.xcore.tail__t155                   1.42794
xc2.xcore.ibias__t55                   1.03455
xc2.xcore.vss__t132                1.18996e-05
xc2.xcore.vss__t433                4.89212e-13
xc2.xcore.vss__t29                 1.21022e-05
xc2.xcore.ibias__t56                   1.03455
xc2.xcore.tail__t255                   1.42794
xc2.xcore.vss__t434                 4.9754e-13
xc2.xcore.tail__t156                   1.42794
xc2.xcore.ibias__t57                   1.03455
xc2.xcore.vss__t133                1.23048e-05
xc2.xcore.vss__t435                 5.0587e-13
xc2.xcore.vss__t30                 1.25075e-05
xc2.xcore.ibias__t58                   1.03455
xc2.xcore.tail__t256                   1.42794
xc2.xcore.vss__t436                  5.142e-13
xc2.xcore.tail__t157                   1.42794
xc2.xcore.ibias__t59                   1.03455
xc2.xcore.vss__t134                1.27101e-05
xc2.xcore.vss__t437                5.22532e-13
xc2.xcore.vss__t31                 1.29129e-05
xc2.xcore.ibias__t60                   1.03455
xc2.xcore.tail__t257                   1.42794
xc2.xcore.vss__t438                5.30865e-13
xc2.xcore.tail__t211                   1.42794
xc2.xcore.ibias__t176                  1.03455
xc2.xcore.vss__t193                1.31156e-05
xc2.xcore.vss__t439                5.39199e-13
xc2.xcore.vss__t88                 1.33184e-05
xc2.xcore.ibias__t175                  1.03455
xc2.xcore.tail__t311                   1.42794
xc2.xcore.vss__t440                5.47535e-13
xc2.xcore.tail__t165                   1.42794
xc2.xcore.ibias__t79                   1.03455
xc2.xcore.vss__t142                1.35212e-05
xc2.xcore.vss__t441                5.55871e-13
xc2.xcore.vss__t43                  1.3724e-05
xc2.xcore.ibias__t80                   1.03455
xc2.xcore.tail__t269                   1.42794
xc2.xcore.vss__t442                5.64208e-13
xc2.xcore.tail__t166                   1.42794
xc2.xcore.ibias__t81                   1.03455
xc2.xcore.vss__t143                1.39268e-05
xc2.xcore.vss__t443                5.72546e-13
xc2.xcore.vss__t38                 1.41297e-05
xc2.xcore.ibias__t71                   1.03455
xc2.xcore.tail__t264                   1.42794
xc2.xcore.vss__t444                5.80884e-13
xc2.xcore.tail__t147                   1.42794
xc2.xcore.ibias__t42                   1.03455
xc2.xcore.vss__t125                1.43325e-05
xc2.xcore.vss__t445                5.89224e-13
xc2.xcore.vss__t22                 1.45354e-05
xc2.xcore.ibias__t43                   1.03455
xc2.xcore.tail__t248                   1.42794
xc2.xcore.vss__t446                5.97564e-13
xc2.xcore.tail__t148                   1.42794
xc2.xcore.ibias__t44                   1.03455
xc2.xcore.vss__t126                1.47383e-05
xc2.xcore.vss__t447                6.05905e-13
xc2.xcore.vss__t0                  1.49413e-05
xc2.xcore.ibias__t1                    1.03455
xc2.xcore.tail__t149                   1.42794
xc2.xcore.vss__t456                6.14247e-13
xc2.xcore.tail__t229                   1.42791
xc2.xcore.ibias__t2                    1.03455
xc2.xcore.vss__t1                  2.56466e-05
xc2.xcore.vss__t458                1.05416e-12
xc2.xcore.vss__t189                2.54433e-05
xc2.xcore.ibias__t170                  1.03455
xc2.xcore.tail__t228                   1.42791
xc2.xcore.vss__t250                 1.0458e-12
xc2.xcore.tail__t209                   1.42791
xc2.xcore.ibias__t169                  1.03455
xc2.xcore.vss__t188                2.52399e-05
xc2.xcore.vss__t251                1.03744e-12
xc2.xcore.vss__t86                 2.50366e-05
xc2.xcore.ibias__t168                  1.03455
xc2.xcore.tail__t309                   1.42791
xc2.xcore.vss__t252                1.02909e-12
xc2.xcore.tail__t208                   1.42791
xc2.xcore.ibias__t167                  1.03455
xc2.xcore.vss__t187                2.48333e-05
xc2.xcore.vss__t253                1.02073e-12
xc2.xcore.vss__t85                   2.463e-05
xc2.xcore.ibias__t166                  1.03455
xc2.xcore.tail__t308                   1.42791
xc2.xcore.vss__t254                1.01238e-12
xc2.xcore.tail__t207                   1.42791
xc2.xcore.ibias__t165                  1.03455
xc2.xcore.vss__t186                2.44266e-05
xc2.xcore.vss__t255                1.00402e-12
xc2.xcore.vss__t84                 2.42233e-05
xc2.xcore.ibias__t164                  1.03455
xc2.xcore.tail__t307                   1.42791
xc2.xcore.vss__t256                9.95665e-13
xc2.xcore.tail__t210                   1.42791
xc2.xcore.ibias__t173                  1.03455
xc2.xcore.vss__t191                  2.402e-05
xc2.xcore.vss__t257                 9.8731e-13
xc2.xcore.vss__t87                 2.38167e-05
xc2.xcore.ibias__t172                  1.03455
xc2.xcore.tail__t310                   1.42791
xc2.xcore.vss__t258                9.78955e-13
xc2.xcore.tail__t219                   1.42791
xc2.xcore.ibias__t195                  1.03455
xc2.xcore.vss__t201                2.36134e-05
xc2.xcore.vss__t259                  9.706e-13
xc2.xcore.vss__t99                 2.34101e-05
xc2.xcore.ibias__t194                  1.03455
xc2.xcore.tail__t321                   1.42791
xc2.xcore.vss__t260                9.62245e-13
xc2.xcore.tail__t227                   1.42791
xc2.xcore.ibias__t209                  1.03455
xc2.xcore.vss__t209                2.32068e-05
xc2.xcore.vss__t261                 9.5389e-13
xc2.xcore.vss__t97                 2.30035e-05
xc2.xcore.ibias__t192                  1.03455
xc2.xcore.tail__t319                   1.42791
xc2.xcore.vss__t262                9.45535e-13
xc2.xcore.tail__t218                   1.42791
xc2.xcore.ibias__t191                  1.03455
xc2.xcore.vss__t200                2.28002e-05
xc2.xcore.vss__t263                 9.3718e-13
xc2.xcore.vss__t96                 2.25969e-05
xc2.xcore.ibias__t190                  1.03455
xc2.xcore.tail__t318                   1.42791
xc2.xcore.vss__t264                9.28826e-13
xc2.xcore.tail__t217                   1.42791
xc2.xcore.ibias__t189                  1.03455
xc2.xcore.vss__t199                2.23937e-05
xc2.xcore.vss__t265                9.20472e-13
xc2.xcore.vss__t95                 2.21904e-05
xc2.xcore.ibias__t188                  1.03455
xc2.xcore.tail__t317                   1.42791
xc2.xcore.vss__t266                9.12118e-13
xc2.xcore.tail__t216                   1.42791
xc2.xcore.ibias__t187                  1.03455
xc2.xcore.vss__t198                2.19871e-05
xc2.xcore.vss__t267                9.03764e-13
xc2.xcore.vss__t94                 2.17838e-05
xc2.xcore.ibias__t186                  1.03455
xc2.xcore.tail__t316                   1.42791
xc2.xcore.vss__t268                 8.9541e-13
xc2.xcore.tail__t215                   1.42791
xc2.xcore.ibias__t185                  1.03455
xc2.xcore.vss__t197                2.15806e-05
xc2.xcore.vss__t269                8.87057e-13
xc2.xcore.vss__t93                 2.13773e-05
xc2.xcore.ibias__t184                  1.03455
xc2.xcore.tail__t315                   1.42791
xc2.xcore.vss__t270                8.78703e-13
xc2.xcore.tail__t214                   1.42791
xc2.xcore.ibias__t183                  1.03455
xc2.xcore.vss__t196                2.11741e-05
xc2.xcore.vss__t271                 8.7035e-13
xc2.xcore.vss__t92                 2.09708e-05
xc2.xcore.ibias__t182                  1.03455
xc2.xcore.tail__t314                   1.42791
xc2.xcore.vss__t272                8.61997e-13
xc2.xcore.tail__t213                   1.42791
xc2.xcore.ibias__t181                  1.03455
xc2.xcore.vss__t195                2.07676e-05
xc2.xcore.vss__t273                8.53644e-13
xc2.xcore.vss__t91                 2.05644e-05
xc2.xcore.ibias__t180                  1.03455
xc2.xcore.tail__t313                   1.42791
xc2.xcore.vss__t274                8.45292e-13
xc2.xcore.tail__t212                   1.42791
xc2.xcore.ibias__t179                  1.03455
xc2.xcore.vss__t194                2.03611e-05
xc2.xcore.vss__t275                 8.3694e-13
xc2.xcore.vss__t90                 2.01579e-05
xc2.xcore.ibias__t178                  1.03455
xc2.xcore.tail__t312                   1.42791
xc2.xcore.vss__t276                8.28588e-13
xc2.xcore.tail__t206                   1.42791
xc2.xcore.ibias__t161                  1.03455
xc2.xcore.vss__t184                1.99547e-05
xc2.xcore.vss__t277                8.20236e-13
xc2.xcore.vss__t57                 1.97515e-05
xc2.xcore.ibias__t112                  1.03455
xc2.xcore.tail__t283                   1.42792
xc2.xcore.vss__t278                8.11884e-13
xc2.xcore.tail__t183                   1.42792
xc2.xcore.ibias__t111                  1.03455
xc2.xcore.vss__t160                1.95483e-05
xc2.xcore.vss__t279                8.03533e-13
xc2.xcore.vss__t56                 1.93451e-05
xc2.xcore.ibias__t110                  1.03455
xc2.xcore.tail__t282                   1.42792
xc2.xcore.vss__t280                7.95182e-13
xc2.xcore.tail__t182                   1.42792
xc2.xcore.ibias__t109                  1.03455
xc2.xcore.vss__t159                1.91419e-05
xc2.xcore.vss__t281                7.86831e-13
xc2.xcore.vss__t55                 1.89388e-05
xc2.xcore.ibias__t108                  1.03455
xc2.xcore.tail__t281                   1.42792
xc2.xcore.vss__t282                7.78481e-13
xc2.xcore.tail__t181                   1.42792
xc2.xcore.ibias__t107                  1.03455
xc2.xcore.vss__t158                1.87356e-05
xc2.xcore.vss__t283                7.70131e-13
xc2.xcore.vss__t54                 1.85324e-05
xc2.xcore.ibias__t106                  1.03455
xc2.xcore.tail__t280                   1.42792
xc2.xcore.vss__t284                7.61781e-13
xc2.xcore.tail__t180                   1.42792
xc2.xcore.ibias__t105                  1.03455
xc2.xcore.vss__t157                1.83293e-05
xc2.xcore.vss__t285                7.53432e-13
xc2.xcore.vss__t53                 1.81261e-05
xc2.xcore.ibias__t104                  1.03455
xc2.xcore.tail__t279                   1.42792
xc2.xcore.vss__t286                7.45083e-13
xc2.xcore.tail__t205                   1.42792
xc2.xcore.ibias__t156                  1.03455
xc2.xcore.vss__t182                 1.7923e-05
xc2.xcore.vss__t287                7.36734e-13
xc2.xcore.vss__t79                 1.77199e-05
xc2.xcore.ibias__t155                  1.03455
xc2.xcore.tail__t305                   1.42792
xc2.xcore.vss__t288                7.28385e-13
xc2.xcore.tail__t204                   1.42792
xc2.xcore.ibias__t154                  1.03455
xc2.xcore.vss__t181                1.75168e-05
xc2.xcore.vss__t289                7.20037e-13
xc2.xcore.vss__t78                 1.73137e-05
xc2.xcore.ibias__t153                  1.03455
xc2.xcore.tail__t304                   1.42792
xc2.xcore.vss__t290                 7.1169e-13
xc2.xcore.tail__t203                   1.42792
xc2.xcore.ibias__t152                  1.03455
xc2.xcore.vss__t180                1.71106e-05
xc2.xcore.vss__t291                7.03343e-13
xc2.xcore.vss__t77                 1.69075e-05
xc2.xcore.ibias__t151                  1.03455
xc2.xcore.tail__t303                   1.42792
xc2.xcore.vss__t292                6.94996e-13
xc2.xcore.tail__t202                   1.42792
xc2.xcore.ibias__t150                  1.03455
xc2.xcore.vss__t179                1.67044e-05
xc2.xcore.vss__t293                 6.8665e-13
xc2.xcore.vss__t76                 1.65014e-05
xc2.xcore.ibias__t149                  1.03455
xc2.xcore.tail__t302                   1.42792
xc2.xcore.vss__t294                6.78304e-13
xc2.xcore.tail__t201                   1.42792
xc2.xcore.ibias__t148                  1.03455
xc2.xcore.vss__t178                1.62983e-05
xc2.xcore.vss__t295                6.69959e-13
xc2.xcore.vss__t75                 1.60953e-05
xc2.xcore.ibias__t147                  1.03455
xc2.xcore.tail__t301                   1.42792
xc2.xcore.vss__t296                6.61614e-13
xc2.xcore.tail__t200                   1.42792
xc2.xcore.ibias__t146                  1.03455
xc2.xcore.vss__t177                1.58923e-05
xc2.xcore.vss__t297                6.53269e-13
xc2.xcore.vss__t98                 1.56893e-05
xc2.xcore.ibias__t193                  1.03455
xc2.xcore.tail__t320                   1.42792
xc2.xcore.vss__t298                6.44926e-13
xc2.xcore.tail__t226                   1.42792
xc2.xcore.ibias__t208                  1.03455
xc2.xcore.vss__t208                1.54863e-05
xc2.xcore.vss__t299                6.36583e-13
xc2.xcore.vss__t105                1.52833e-05
xc2.xcore.ibias__t207                  1.03455
xc2.xcore.tail__t327                   1.42792
xc2.xcore.vss__t300                 6.2824e-13
xc2.xcore.tail__t225                   1.42792
xc2.xcore.ibias__t206                  1.03455
xc2.xcore.vss__t207                1.50804e-05
xc2.xcore.vss__t301                6.19898e-13
xc2.xcore.vss__t104                1.48774e-05
xc2.xcore.ibias__t205                  1.03455
xc2.xcore.tail__t326                   1.42792
xc2.xcore.vss__t302                6.11557e-13
xc2.xcore.tail__t224                   1.42792
xc2.xcore.ibias__t204                  1.03455
xc2.xcore.vss__t206                1.46745e-05
xc2.xcore.vss__t303                6.03216e-13
xc2.xcore.vss__t103                1.44716e-05
xc2.xcore.ibias__t203                  1.03455
xc2.xcore.tail__t325                   1.42792
xc2.xcore.vss__t304                5.94876e-13
xc2.xcore.tail__t223                   1.42792
xc2.xcore.ibias__t202                  1.03455
xc2.xcore.vss__t205                1.42687e-05
xc2.xcore.vss__t305                5.86537e-13
xc2.xcore.vss__t102                1.40658e-05
xc2.xcore.ibias__t201                  1.03455
xc2.xcore.tail__t324                   1.42792
xc2.xcore.vss__t306                5.78199e-13
xc2.xcore.tail__t222                   1.42792
xc2.xcore.ibias__t200                  1.03455
xc2.xcore.vss__t204                 1.3863e-05
xc2.xcore.vss__t307                5.69861e-13
xc2.xcore.vss__t101                1.36602e-05
xc2.xcore.ibias__t199                  1.03455
xc2.xcore.tail__t323                   1.42793
xc2.xcore.vss__t308                5.61524e-13
xc2.xcore.tail__t221                   1.42793
xc2.xcore.ibias__t198                  1.03455
xc2.xcore.vss__t203                1.34574e-05
xc2.xcore.vss__t309                5.53189e-13
xc2.xcore.vss__t100                1.32546e-05
xc2.xcore.ibias__t197                  1.03455
xc2.xcore.tail__t322                   1.42793
xc2.xcore.vss__t310                5.44854e-13
xc2.xcore.tail__t220                   1.42793
xc2.xcore.ibias__t196                  1.03455
xc2.xcore.vss__t202                1.30518e-05
xc2.xcore.vss__t311                 5.3652e-13
xc2.xcore.vss__t80                 1.28491e-05
xc2.xcore.ibias__t157                  1.03455
xc2.xcore.tail__t306                   1.42793
xc2.xcore.vss__t312                5.28187e-13
xc2.xcore.tail__t185                   1.42793
xc2.xcore.ibias__t116                  1.03455
xc2.xcore.vss__t162                1.26464e-05
xc2.xcore.vss__t313                5.19855e-13
xc2.xcore.vss__t59                 1.24437e-05
xc2.xcore.ibias__t115                  1.03455
xc2.xcore.tail__t285                   1.42793
xc2.xcore.vss__t314                5.11524e-13
xc2.xcore.tail__t184                   1.42793
xc2.xcore.ibias__t114                  1.03455
xc2.xcore.vss__t161                1.22411e-05
xc2.xcore.vss__t315                5.03195e-13
xc2.xcore.vss__t71                 1.20384e-05
xc2.xcore.ibias__t139                  1.03455
xc2.xcore.tail__t297                   1.42793
xc2.xcore.vss__t316                4.94867e-13
xc2.xcore.tail__t196                   1.42793
xc2.xcore.ibias__t138                  1.03455
xc2.xcore.vss__t173                1.18359e-05
xc2.xcore.vss__t317                 4.8654e-13
xc2.xcore.vss__t70                 1.16333e-05
xc2.xcore.ibias__t137                  1.03455
xc2.xcore.tail__t296                   1.42793
xc2.xcore.vss__t318                4.78214e-13
xc2.xcore.tail__t195                   1.42793
xc2.xcore.ibias__t136                  1.03455
xc2.xcore.vss__t172                1.14308e-05
xc2.xcore.vss__t319                 4.6989e-13
xc2.xcore.vss__t69                 1.12283e-05
xc2.xcore.ibias__t135                  1.03455
xc2.xcore.tail__t295                   1.42793
xc2.xcore.vss__t320                4.61568e-13
xc2.xcore.tail__t194                   1.42793
xc2.xcore.ibias__t134                  1.03455
xc2.xcore.vss__t171                1.10259e-05
xc2.xcore.vss__t321                4.53247e-13
xc2.xcore.vss__t61                 1.08235e-05
xc2.xcore.ibias__t119                  1.03455
xc2.xcore.tail__t287                   1.42793
xc2.xcore.vss__t322                4.44928e-13
xc2.xcore.tail__t179                   1.42793
xc2.xcore.ibias__t103                  1.03455
xc2.xcore.vss__t156                1.06212e-05
xc2.xcore.vss__t323                4.36611e-13
xc2.xcore.vss__t48                 1.04189e-05
xc2.xcore.ibias__t92                   1.03455
xc2.xcore.tail__t274                   1.42793
xc2.xcore.vss__t324                4.28295e-13
xc2.xcore.tail__t178                   1.42793
xc2.xcore.ibias__t102                  1.03455
xc2.xcore.vss__t155                1.02166e-05
xc2.xcore.vss__t325                4.19982e-13
xc2.xcore.vss__t52                 1.00144e-05
xc2.xcore.ibias__t101                  1.03455
xc2.xcore.tail__t278                   1.42793
xc2.xcore.vss__t326                4.11671e-13
xc2.xcore.tail__t177                   1.42793
xc2.xcore.ibias__t100                  1.03455
xc2.xcore.vss__t154                9.81229e-06
xc2.xcore.vss__t327                4.03362e-13
xc2.xcore.vss__t51                 9.61021e-06
xc2.xcore.ibias__t99                   1.03455
xc2.xcore.tail__t277                   1.42793
xc2.xcore.vss__t328                3.95056e-13
xc2.xcore.tail__t176                   1.42793
xc2.xcore.ibias__t98                   1.03455
xc2.xcore.vss__t153                 9.4082e-06
xc2.xcore.vss__t329                3.86752e-13
xc2.xcore.vss__t58                 9.20626e-06
xc2.xcore.ibias__t113                  1.03455
xc2.xcore.tail__t284                   1.42793
xc2.xcore.vss__t330                3.78452e-13
xc2.xcore.tail__t174                   1.42793
xc2.xcore.ibias__t96                   1.03455
xc2.xcore.vss__t151                 9.0044e-06
xc2.xcore.vss__t331                3.70154e-13
xc2.xcore.vss__t50                 8.80261e-06
xc2.xcore.ibias__t95                   1.03455
xc2.xcore.tail__t276                   1.42793
xc2.xcore.vss__t332                3.61859e-13
xc2.xcore.tail__t173                   1.42793
xc2.xcore.ibias__t94                   1.03455
xc2.xcore.vss__t150                8.60091e-06
xc2.xcore.vss__t333                3.53568e-13
xc2.xcore.vss__t49                  8.3993e-06
xc2.xcore.ibias__t93                   1.03455
xc2.xcore.tail__t275                   1.42793
xc2.xcore.vss__t334                3.45281e-13
xc2.xcore.tail__t172                   1.42793
xc2.xcore.ibias__t91                   1.03455
xc2.xcore.vss__t149                8.19778e-06
xc2.xcore.vss__t335                3.36997e-13
xc2.xcore.vss__t47                 7.99637e-06
xc2.xcore.ibias__t90                   1.03455
xc2.xcore.tail__t273                   1.42793
xc2.xcore.vss__t336                3.28718e-13
xc2.xcore.tail__t171                   1.42793
xc2.xcore.ibias__t89                   1.03455
xc2.xcore.vss__t148                7.79508e-06
xc2.xcore.vss__t337                3.20444e-13
xc2.xcore.vss__t46                  7.5939e-06
xc2.xcore.ibias__t88                   1.03455
xc2.xcore.tail__t272                   1.42794
xc2.xcore.vss__t338                3.12174e-13
xc2.xcore.tail__t170                   1.42794
xc2.xcore.ibias__t87                   1.03455
xc2.xcore.vss__t147                7.39286e-06
xc2.xcore.vss__t339                 3.0391e-13
xc2.xcore.vss__t45                 7.19196e-06
xc2.xcore.ibias__t86                   1.03455
xc2.xcore.tail__t271                   1.42794
xc2.xcore.vss__t340                2.95652e-13
xc2.xcore.tail__t169                   1.42794
xc2.xcore.ibias__t85                   1.03455
xc2.xcore.vss__t146                6.99122e-06
xc2.xcore.vss__t341                  2.874e-13
xc2.xcore.vss__t44                 6.79064e-06
xc2.xcore.ibias__t84                   1.03455
xc2.xcore.tail__t270                   1.42794
xc2.xcore.vss__t342                2.79155e-13
xc2.xcore.tail__t168                   1.42794
xc2.xcore.ibias__t83                   1.03455
xc2.xcore.vss__t145                6.59025e-06
xc2.xcore.vss__t343                2.70918e-13
xc2.xcore.vss__t66                 6.39006e-06
xc2.xcore.ibias__t129                  1.03455
xc2.xcore.tail__t292                   1.42794
xc2.xcore.vss__t344                2.62688e-13
xc2.xcore.tail__t199                   1.42794
xc2.xcore.ibias__t144                  1.03455
xc2.xcore.vss__t176                 6.1901e-06
xc2.xcore.vss__t345                2.54468e-13
xc2.xcore.vss__t73                 5.99038e-06
xc2.xcore.ibias__t143                  1.03455
xc2.xcore.tail__t299                   1.42794
xc2.xcore.vss__t346                2.46258e-13
xc2.xcore.tail__t198                   1.42794
xc2.xcore.ibias__t142                  1.03455
xc2.xcore.vss__t175                5.79092e-06
xc2.xcore.vss__t347                 2.3806e-13
xc2.xcore.vss__t72                 5.59177e-06
xc2.xcore.ibias__t141                  1.03455
xc2.xcore.tail__t298                   1.42794
xc2.xcore.vss__t348                2.29873e-13
xc2.xcore.outp__t53                    2.79093
xc2.xcore.inp__t1                        2.805
xc2.xcore.tail__t0                     1.42801
xc2.xcore.vss__t460                1.37503e-12
xc2.xcore.tail__t119                   1.42801
xc2.xcore.inp__t53                       2.805
xc2.xcore.outp__t52                    2.79092
xc2.xcore.vss__t462                1.38805e-12
xc2.xcore.outp__t46                    2.79092
xc2.xcore.inp__t52                       2.805
xc2.xcore.tail__t118                   1.42801
xc2.xcore.vss__t463                1.40107e-12
xc2.xcore.tail__t58                    1.42802
xc2.xcore.inp__t61                       2.805
xc2.xcore.outp__t82                    2.79092
xc2.xcore.vss__t464                1.41409e-12
xc2.xcore.outp__t30                    2.79092
xc2.xcore.inp__t24                       2.805
xc2.xcore.tail__t98                    1.42802
xc2.xcore.vss__t465                1.42712e-12
xc2.xcore.tail__t38                    1.42802
xc2.xcore.inp__t23                       2.805
xc2.xcore.outp__t64                    2.79092
xc2.xcore.vss__t466                1.44014e-12
xc2.xcore.outp__t29                    2.79092
xc2.xcore.inp__t22                       2.805
xc2.xcore.tail__t97                    1.42802
xc2.xcore.vss__t467                1.45316e-12
xc2.xcore.tail__t37                    1.42802
xc2.xcore.inp__t21                       2.805
xc2.xcore.outp__t63                    2.79092
xc2.xcore.vss__t468                1.46618e-12
xc2.xcore.outp__t28                    2.79091
xc2.xcore.inp__t20                       2.805
xc2.xcore.tail__t96                    1.42802
xc2.xcore.vss__t469                1.47921e-12
xc2.xcore.tail__t36                    1.42802
xc2.xcore.inp__t19                       2.805
xc2.xcore.outp__t62                    2.79091
xc2.xcore.vss__t470                1.49223e-12
xc2.xcore.outp__t27                    2.79091
xc2.xcore.inp__t18                       2.805
xc2.xcore.tail__t95                    1.42802
xc2.xcore.vss__t471                1.50525e-12
xc2.xcore.tail__t35                    1.42802
xc2.xcore.inp__t17                       2.805
xc2.xcore.outp__t61                    2.79091
xc2.xcore.vss__t472                1.51828e-12
xc2.xcore.outp__t26                    2.79091
xc2.xcore.inp__t16                       2.805
xc2.xcore.tail__t94                    1.42802
xc2.xcore.vss__t473                 1.5313e-12
xc2.xcore.tail__t33                    1.42802
xc2.xcore.inp__t15                       2.805
xc2.xcore.outp__t60                    2.79091
xc2.xcore.vss__t474                1.54433e-12
xc2.xcore.outp__t47                     2.7909
xc2.xcore.inp__t54                       2.805
xc2.xcore.tail__t120                   1.42802
xc2.xcore.vss__t475                1.55736e-12
xc2.xcore.tail__t54                    1.42803
xc2.xcore.inp__t55                       2.805
xc2.xcore.outp__t78                     2.7909
xc2.xcore.vss__t476                1.57038e-12
xc2.xcore.outp__t51                     2.7909
xc2.xcore.inp__t63                       2.805
xc2.xcore.tail__t126                   1.42803
xc2.xcore.vss__t477                1.58341e-12
xc2.xcore.tail__t57                    1.42803
xc2.xcore.inp__t60                       2.805
xc2.xcore.outp__t81                     2.7909
xc2.xcore.vss__t478                1.59644e-12
xc2.xcore.outp__t49                     2.7909
xc2.xcore.inp__t59                       2.805
xc2.xcore.tail__t122                   1.42803
xc2.xcore.vss__t479                1.60947e-12
xc2.xcore.tail__t56                    1.42803
xc2.xcore.inp__t58                       2.805
xc2.xcore.outp__t80                     2.7909
xc2.xcore.vss__t480                1.62249e-12
xc2.xcore.outp__t48                    2.79089
xc2.xcore.inp__t57                       2.805
xc2.xcore.tail__t121                   1.42803
xc2.xcore.vss__t481                1.63552e-12
xc2.xcore.tail__t55                    1.42803
xc2.xcore.inp__t56                       2.805
xc2.xcore.outp__t79                    2.79089
xc2.xcore.vss__t482                1.64855e-12
xc2.xcore.outp__t24                    2.79089
xc2.xcore.inp__t11                       2.805
xc2.xcore.tail__t92                    1.42803
xc2.xcore.vss__t483                1.66158e-12
xc2.xcore.tail__t30                    1.42803
xc2.xcore.inp__t10                       2.805
xc2.xcore.outp__t57                    2.79089
xc2.xcore.vss__t484                1.67461e-12
xc2.xcore.outp__t23                    2.79089
xc2.xcore.inp__t9                        2.805
xc2.xcore.tail__t88                    1.42803
xc2.xcore.vss__t485                1.68764e-12
xc2.xcore.tail__t32                    1.42803
xc2.xcore.inp__t14                       2.805
xc2.xcore.outp__t59                    2.79089
xc2.xcore.vss__t486                1.70067e-12
xc2.xcore.outp__t25                    2.79088
xc2.xcore.inp__t13                       2.805
xc2.xcore.tail__t93                    1.42803
xc2.xcore.vss__t487                 1.7137e-12
xc2.xcore.tail__t60                    1.42803
xc2.xcore.inp__t0                        2.805
xc2.xcore.outp__t83                    2.79088
xc2.xcore.vss__t488                1.72673e-12
xc2.xcore.outp__t50                    2.79088
xc2.xcore.inp__t62                       2.805
xc2.xcore.tail__t123                   1.42804
xc2.xcore.vss__t489                1.73976e-12
xc2.xcore.tail__t42                    1.42804
xc2.xcore.inp__t29                       2.805
xc2.xcore.outp__t67                    2.79088
xc2.xcore.vss__t490                1.75279e-12
xc2.xcore.outp__t32                    2.79088
xc2.xcore.inp__t28                       2.805
xc2.xcore.tail__t102                   1.42804
xc2.xcore.vss__t491                1.76582e-12
xc2.xcore.tail__t41                    1.42804
xc2.xcore.inp__t27                       2.805
xc2.xcore.outp__t66                    2.79088
xc2.xcore.vss__t492                1.77886e-12
xc2.xcore.outp__t31                    2.79087
xc2.xcore.inp__t26                       2.805
xc2.xcore.tail__t101                   1.42804
xc2.xcore.vss__t493                1.79189e-12
xc2.xcore.tail__t40                    1.42804
xc2.xcore.inp__t25                       2.805
xc2.xcore.outp__t65                    2.79087
xc2.xcore.vss__t494                1.80492e-12
xc2.xcore.outp__t20                    2.79087
xc2.xcore.inp__t4                        2.805
xc2.xcore.tail__t74                    1.42804
xc2.xcore.vss__t495                1.81795e-12
xc2.xcore.tail__t14                    1.42804
xc2.xcore.inp__t3                        2.805
xc2.xcore.outp__t54                    2.79087
xc2.xcore.vss__t496                1.83099e-12
xc2.xcore.outp__t22                    2.79087
xc2.xcore.inp__t7                        2.805
xc2.xcore.tail__t76                    1.42804
xc2.xcore.vss__t497                1.84402e-12
xc2.xcore.tail__t16                    1.42804
xc2.xcore.inp__t6                        2.805
xc2.xcore.outp__t55                    2.79087
xc2.xcore.vss__t498                1.85705e-12
xc2.xcore.outp__t21                    2.79086
xc2.xcore.inp__t5                        2.805
xc2.xcore.tail__t75                    1.42804
xc2.xcore.vss__t499                1.87009e-12
xc2.xcore.tail__t19                    1.42804
xc2.xcore.inp__t8                        2.805
xc2.xcore.outp__t56                    2.79086
xc2.xcore.vss__t500                1.88312e-12
xc2.xcore.outp__t45                    2.79086
xc2.xcore.inp__t50                       2.805
xc2.xcore.tail__t116                   1.42804
xc2.xcore.vss__t501                1.89616e-12
xc2.xcore.tail__t51                    1.42805
xc2.xcore.inp__t49                       2.805
xc2.xcore.outp__t76                    2.79086
xc2.xcore.vss__t502                1.90919e-12
xc2.xcore.outp__t44                    2.79086
xc2.xcore.inp__t48                       2.805
xc2.xcore.tail__t115                   1.42805
xc2.xcore.vss__t503                1.92223e-12
xc2.xcore.tail__t50                    1.42805
xc2.xcore.inp__t47                       2.805
xc2.xcore.outp__t75                    2.79086
xc2.xcore.vss__t504                1.93526e-12
xc2.xcore.outp__t43                    2.79085
xc2.xcore.inp__t46                       2.805
xc2.xcore.tail__t114                   1.42805
xc2.xcore.vss__t505                 1.9483e-12
xc2.xcore.tail__t49                    1.42805
xc2.xcore.inp__t45                       2.805
xc2.xcore.outp__t74                    2.79085
xc2.xcore.vss__t506                1.96133e-12
xc2.xcore.outp__t42                    2.79085
xc2.xcore.inp__t44                       2.805
xc2.xcore.tail__t113                   1.42805
xc2.xcore.vss__t507                1.97437e-12
xc2.xcore.tail__t48                    1.42805
xc2.xcore.inp__t43                       2.805
xc2.xcore.outp__t73                    2.79085
xc2.xcore.vss__t508                 1.9874e-12
xc2.xcore.outp__t41                    2.79085
xc2.xcore.inp__t42                       2.805
xc2.xcore.tail__t112                   1.42805
xc2.xcore.vss__t509                2.00044e-12
xc2.xcore.tail__t47                    1.42805
xc2.xcore.inp__t41                       2.805
xc2.xcore.outp__t72                    2.79085
xc2.xcore.vss__t510                2.01347e-12
xc2.xcore.outp__t40                    2.79085
xc2.xcore.inp__t40                       2.805
xc2.xcore.tail__t111                   1.42805
xc2.xcore.vss__t511                2.02651e-12
xc2.xcore.tail__t46                    1.42805
xc2.xcore.inp__t39                       2.805
xc2.xcore.outp__t71                    2.79084
xc2.xcore.vss__t512                2.03955e-12
xc2.xcore.outp__t39                    2.79084
xc2.xcore.inp__t38                       2.805
xc2.xcore.tail__t110                   1.42805
xc2.xcore.vss__t513                2.05258e-12
xc2.xcore.tail__t53                    1.42806
xc2.xcore.inp__t51                       2.805
xc2.xcore.outp__t77                    2.79084
xc2.xcore.vss__t514                2.06562e-12
xc2.xcore.outp__t38                    2.79084
xc2.xcore.inp__t37                       2.805
xc2.xcore.tail__t108                   1.42806
xc2.xcore.vss__t515                2.07866e-12
xc2.xcore.tail__t45                    1.42806
xc2.xcore.inp__t36                       2.805
xc2.xcore.outp__t70                    2.79084
xc2.xcore.vss__t516                2.09169e-12
xc2.xcore.outp__t37                    2.79084
xc2.xcore.inp__t35                       2.805
xc2.xcore.tail__t107                   1.42806
xc2.xcore.vss__t517                2.10473e-12
xc2.xcore.tail__t44                    1.42806
xc2.xcore.inp__t34                       2.805
xc2.xcore.outp__t69                    2.79083
xc2.xcore.vss__t518                2.11777e-12
xc2.xcore.outp__t36                    2.79083
xc2.xcore.inp__t33                       2.805
xc2.xcore.tail__t106                   1.42806
xc2.xcore.vss__t519                 2.1308e-12
xc2.xcore.tail__t31                    1.42806
xc2.xcore.inp__t12                       2.805
xc2.xcore.outp__t58                    2.79083
xc2.xcore.vss__t520                2.14384e-12
xc2.xcore.outp__t35                    2.79083
xc2.xcore.inp__t32                       2.805
xc2.xcore.tail__t104                   1.42806
xc2.xcore.vss__t521                2.15688e-12
xc2.xcore.tail__t43                    1.42806
xc2.xcore.inp__t31                       2.805
xc2.xcore.outp__t68                    2.79083
xc2.xcore.vss__t522                2.16992e-12
xc2.xcore.outp__t33                    2.79083
xc2.xcore.inp__t30                       2.805
xc2.xcore.tail__t103                   1.42806
xc2.xcore.vss__t523                2.18296e-12
xc2.xcore.tail__t1                     1.42806
xc2.xcore.inp__t2                        2.805
xc2.xcore.outp__t34                    2.79082
xc2.xcore.vss__t586                2.19599e-12
xc2.xcore.ibias__t215                  1.03182
xc2.xcore.ibias__t3                    1.03455
xc2.xcore.vss__t2                  2.51857e-05
xc2.xcore.vss__t459                5.19764e-13
xc2.xcore.vss__t81                 2.49859e-05
xc2.xcore.ibias__t158                  1.03455
xc2.xcore.ibias__t216                  1.03185
xc2.xcore.vss__t448                5.15654e-13
xc2.xcore.ibias__t213                  1.03188
xc2.xcore.ibias__t171                  1.03455
xc2.xcore.vss__t190                2.47861e-05
xc2.xcore.vss__t449                5.11543e-13
xc2.xcore.vss__t83                 2.45863e-05
xc2.xcore.ibias__t163                  1.03455
xc2.xcore.ibias__t218                  1.03191
xc2.xcore.vss__t450                5.07433e-13
xc2.xcore.ibias__t212                  1.03194
xc2.xcore.ibias__t162                  1.03455
xc2.xcore.vss__t185                2.43865e-05
xc2.xcore.vss__t451                5.03322e-13
xc2.xcore.vss__t89                 2.41867e-05
xc2.xcore.ibias__t177                  1.03455
xc2.xcore.ibias__t219                  1.03197
xc2.xcore.vss__t452                4.99211e-13
xc2.xcore.ibias__t211                    1.032
xc2.xcore.ibias__t160                  1.03455
xc2.xcore.vss__t183                2.39868e-05
xc2.xcore.vss__t453                  4.951e-13
xc2.xcore.vss__t82                  2.3787e-05
xc2.xcore.ibias__t159                  1.03455
xc2.xcore.ibias__t217                  1.03203
xc2.xcore.vss__t454                4.90988e-13
xc2.xcore.ibias__t214                  1.03206
xc2.xcore.ibias__t174                  1.03455
xc2.xcore.vss__t192                2.35872e-05
xc2.xcore.vss__t455                4.86877e-13
xc2.xcore.vss__t3                  2.33874e-05
xc2.xcore.ibias__t4                    1.03455
xc2.xcore.ibias__t210                  1.03209
xc2.xcore.vss__t457                4.82765e-13
xc2.xcore.outn__t52                        3.3
xc2.xcore.inn__t1                        1.815
xc2.xcore.tail__t3                     1.42796
xc2.xcore.vss__t461                1.53171e-12
xc2.xcore.tail__t62                    1.42796
xc2.xcore.inn__t58                       1.815
xc2.xcore.outn__t81                        3.3
xc2.xcore.vss__t524                1.54625e-12
xc2.xcore.outn__t49                        3.3
xc2.xcore.inn__t59                       1.815
xc2.xcore.tail__t124                   1.42796
xc2.xcore.vss__t525                1.56079e-12
xc2.xcore.tail__t63                    1.42796
xc2.xcore.inn__t60                       1.815
xc2.xcore.outn__t82                        3.3
xc2.xcore.vss__t526                1.57532e-12
xc2.xcore.outn__t50                        3.3
xc2.xcore.inn__t61                       1.815
xc2.xcore.tail__t125                   1.42796
xc2.xcore.vss__t527                1.58986e-12
xc2.xcore.tail__t64                    1.42796
xc2.xcore.inn__t62                       1.815
xc2.xcore.outn__t83                        3.3
xc2.xcore.vss__t528                 1.6044e-12
xc2.xcore.outn__t46                        3.3
xc2.xcore.inn__t52                       1.815
xc2.xcore.tail__t105                   1.42796
xc2.xcore.vss__t529                1.61893e-12
xc2.xcore.tail__t15                    1.42796
xc2.xcore.inn__t21                       1.815
xc2.xcore.outn__t63                        3.3
xc2.xcore.vss__t530                1.63347e-12
xc2.xcore.outn__t45                        3.3
xc2.xcore.inn__t51                       1.815
xc2.xcore.tail__t100                   1.42796
xc2.xcore.vss__t531                1.64801e-12
xc2.xcore.tail__t34                    1.42796
xc2.xcore.inn__t48                       1.815
xc2.xcore.outn__t76                        3.3
xc2.xcore.vss__t532                1.66255e-12
xc2.xcore.outn__t44                        3.3
xc2.xcore.inn__t50                       1.815
xc2.xcore.tail__t99                    1.42796
xc2.xcore.vss__t533                1.67709e-12
xc2.xcore.tail__t61                    1.42796
xc2.xcore.inn__t57                       1.815
xc2.xcore.outn__t80                        3.3
xc2.xcore.vss__t534                1.69163e-12
xc2.xcore.outn__t40                        3.3
xc2.xcore.inn__t42                       1.815
xc2.xcore.tail__t87                    1.42796
xc2.xcore.vss__t535                1.70617e-12
xc2.xcore.tail__t27                    1.42796
xc2.xcore.inn__t41                       1.815
xc2.xcore.outn__t73                        3.3
xc2.xcore.vss__t536                1.72071e-12
xc2.xcore.outn__t39                        3.3
xc2.xcore.inn__t40                       1.815
xc2.xcore.tail__t86                    1.42796
xc2.xcore.vss__t537                1.73525e-12
xc2.xcore.tail__t26                    1.42796
xc2.xcore.inn__t39                       1.815
xc2.xcore.outn__t72                        3.3
xc2.xcore.vss__t538                1.74979e-12
xc2.xcore.outn__t38                        3.3
xc2.xcore.inn__t38                       1.815
xc2.xcore.tail__t85                    1.42796
xc2.xcore.vss__t539                1.76433e-12
xc2.xcore.tail__t25                    1.42796
xc2.xcore.inn__t37                       1.815
xc2.xcore.outn__t71                        3.3
xc2.xcore.vss__t540                1.77887e-12
xc2.xcore.outn__t47                        3.3
xc2.xcore.inn__t53                       1.815
xc2.xcore.tail__t109                   1.42796
xc2.xcore.vss__t541                1.79341e-12
xc2.xcore.tail__t52                    1.42796
xc2.xcore.inn__t55                       1.815
xc2.xcore.outn__t78                        3.3
xc2.xcore.vss__t542                1.80795e-12
xc2.xcore.outn__t48                        3.3
xc2.xcore.inn__t54                       1.815
xc2.xcore.tail__t117                   1.42796
xc2.xcore.vss__t543                1.82249e-12
xc2.xcore.tail__t39                    1.42796
xc2.xcore.inn__t49                       1.815
xc2.xcore.outn__t77                        3.3
xc2.xcore.vss__t544                1.83704e-12
xc2.xcore.outn__t41                        3.3
xc2.xcore.inn__t43                       1.815
xc2.xcore.tail__t89                    1.42796
xc2.xcore.vss__t545                1.85158e-12
xc2.xcore.tail__t29                    1.42796
xc2.xcore.inn__t47                       1.815
xc2.xcore.outn__t75                        3.3
xc2.xcore.vss__t546                1.86612e-12
xc2.xcore.outn__t43                        3.3
xc2.xcore.inn__t46                       1.815
xc2.xcore.tail__t91                    1.42796
xc2.xcore.vss__t547                1.88066e-12
xc2.xcore.tail__t28                    1.42796
xc2.xcore.inn__t45                       1.815
xc2.xcore.outn__t74                        3.3
xc2.xcore.vss__t548                1.89521e-12
xc2.xcore.outn__t42                        3.3
xc2.xcore.inn__t44                       1.815
xc2.xcore.tail__t90                    1.42796
xc2.xcore.vss__t549                1.90975e-12
xc2.xcore.tail__t59                    1.42796
xc2.xcore.inn__t56                       1.815
xc2.xcore.outn__t79                        3.3
xc2.xcore.vss__t550                1.92429e-12
xc2.xcore.outn__t51                        3.3
xc2.xcore.inn__t63                       1.815
xc2.xcore.tail__t127                   1.42796
xc2.xcore.vss__t551                1.93884e-12
xc2.xcore.tail__t13                    1.42796
xc2.xcore.inn__t19                       1.815
xc2.xcore.outn__t62                        3.3
xc2.xcore.vss__t552                1.95338e-12
xc2.xcore.outn__t28                        3.3
xc2.xcore.inn__t18                       1.815
xc2.xcore.tail__t72                    1.42796
xc2.xcore.vss__t553                1.96793e-12
xc2.xcore.tail__t12                    1.42796
xc2.xcore.inn__t17                       1.815
xc2.xcore.outn__t61                        3.3
xc2.xcore.vss__t554                1.98247e-12
xc2.xcore.outn__t27                        3.3
xc2.xcore.inn__t16                       1.815
xc2.xcore.tail__t71                    1.42796
xc2.xcore.vss__t555                1.99701e-12
xc2.xcore.tail__t11                    1.42796
xc2.xcore.inn__t15                       1.815
xc2.xcore.outn__t60                        3.3
xc2.xcore.vss__t556                2.01156e-12
xc2.xcore.outn__t26                        3.3
xc2.xcore.inn__t14                       1.815
xc2.xcore.tail__t70                    1.42796
xc2.xcore.vss__t557                 2.0261e-12
xc2.xcore.tail__t10                    1.42796
xc2.xcore.inn__t13                       1.815
xc2.xcore.outn__t59                        3.3
xc2.xcore.vss__t558                2.04065e-12
xc2.xcore.outn__t25                        3.3
xc2.xcore.inn__t12                       1.815
xc2.xcore.tail__t69                    1.42796
xc2.xcore.vss__t559                2.05519e-12
xc2.xcore.tail__t6                     1.42796
xc2.xcore.inn__t5                        1.815
xc2.xcore.outn__t55                        3.3
xc2.xcore.vss__t560                2.06974e-12
xc2.xcore.outn__t24                        3.3
xc2.xcore.inn__t11                       1.815
xc2.xcore.tail__t68                    1.42796
xc2.xcore.vss__t561                2.08429e-12
xc2.xcore.tail__t4                     1.42796
xc2.xcore.inn__t2                        1.815
xc2.xcore.outn__t53                        3.3
xc2.xcore.vss__t562                2.09883e-12
xc2.xcore.outn__t21                        3.3
xc2.xcore.inn__t3                        1.815
xc2.xcore.tail__t65                    1.42796
xc2.xcore.vss__t563                2.11338e-12
xc2.xcore.tail__t5                     1.42796
xc2.xcore.inn__t4                        1.815
xc2.xcore.outn__t54                        3.3
xc2.xcore.vss__t564                2.12792e-12
xc2.xcore.outn__t22                        3.3
xc2.xcore.inn__t6                        1.815
xc2.xcore.tail__t66                    1.42796
xc2.xcore.vss__t565                2.14247e-12
xc2.xcore.tail__t7                     1.42796
xc2.xcore.inn__t7                        1.815
xc2.xcore.outn__t56                        3.3
xc2.xcore.vss__t566                2.15702e-12
xc2.xcore.outn__t23                        3.3
xc2.xcore.inn__t8                        1.815
xc2.xcore.tail__t67                    1.42796
xc2.xcore.vss__t567                2.17156e-12
xc2.xcore.tail__t8                     1.42796
xc2.xcore.inn__t9                        1.815
xc2.xcore.outn__t57                        3.3
xc2.xcore.vss__t568                2.18611e-12
xc2.xcore.outn__t29                        3.3
xc2.xcore.inn__t20                       1.815
xc2.xcore.tail__t73                    1.42796
xc2.xcore.vss__t569                2.20066e-12
xc2.xcore.tail__t9                     1.42796
xc2.xcore.inn__t10                       1.815
xc2.xcore.outn__t58                        3.3
xc2.xcore.vss__t570                 2.2152e-12
xc2.xcore.outn__t36                        3.3
xc2.xcore.inn__t35                       1.815
xc2.xcore.tail__t83                    1.42796
xc2.xcore.vss__t571                2.22975e-12
xc2.xcore.tail__t24                    1.42796
xc2.xcore.inn__t34                       1.815
xc2.xcore.outn__t70                        3.3
xc2.xcore.vss__t572                 2.2443e-12
xc2.xcore.outn__t35                        3.3
xc2.xcore.inn__t33                       1.815
xc2.xcore.tail__t82                    1.42796
xc2.xcore.vss__t573                2.25885e-12
xc2.xcore.tail__t23                    1.42796
xc2.xcore.inn__t32                       1.815
xc2.xcore.outn__t69                        3.3
xc2.xcore.vss__t574                2.27339e-12
xc2.xcore.outn__t34                        3.3
xc2.xcore.inn__t31                       1.815
xc2.xcore.tail__t81                    1.42796
xc2.xcore.vss__t575                2.28794e-12
xc2.xcore.tail__t22                    1.42796
xc2.xcore.inn__t30                       1.815
xc2.xcore.outn__t68                        3.3
xc2.xcore.vss__t576                2.30249e-12
xc2.xcore.outn__t33                        3.3
xc2.xcore.inn__t29                       1.815
xc2.xcore.tail__t80                    1.42796
xc2.xcore.vss__t577                2.31704e-12
xc2.xcore.tail__t21                    1.42796
xc2.xcore.inn__t28                       1.815
xc2.xcore.outn__t67                        3.3
xc2.xcore.vss__t578                2.33159e-12
xc2.xcore.outn__t32                        3.3
xc2.xcore.inn__t27                       1.815
xc2.xcore.tail__t79                    1.42796
xc2.xcore.vss__t579                2.34613e-12
xc2.xcore.tail__t20                    1.42796
xc2.xcore.inn__t26                       1.815
xc2.xcore.outn__t66                        3.3
xc2.xcore.vss__t580                2.36068e-12
xc2.xcore.outn__t37                        3.3
xc2.xcore.inn__t36                       1.815
xc2.xcore.tail__t84                    1.42796
xc2.xcore.vss__t581                2.37523e-12
xc2.xcore.tail__t18                    1.42796
xc2.xcore.inn__t25                       1.815
xc2.xcore.outn__t65                        3.3
xc2.xcore.vss__t582                2.38978e-12
xc2.xcore.outn__t31                        3.3
xc2.xcore.inn__t24                       1.815
xc2.xcore.tail__t78                    1.42796
xc2.xcore.vss__t583                2.40433e-12
xc2.xcore.tail__t17                    1.42796
xc2.xcore.inn__t23                       1.815
xc2.xcore.outn__t64                        3.3
xc2.xcore.vss__t584                2.41888e-12
xc2.xcore.outn__t30                        3.3
xc2.xcore.inn__t22                       1.815
xc2.xcore.tail__t77                    1.42796
xc2.xcore.vss__t585                2.43343e-12
xc2.xcore.tail__t2                     1.42796
xc2.xcore.inn__t0                        1.815
xc2.xcore.outn__t20                        3.3
xc2.xcore.vss__t587                2.44798e-12
xc2.xcore.vss__t210                2.59885e-12
xc2.xcore.outp__t16                    2.79104
xc2.xcore.vss__t211                2.56831e-12
xc2.xcore.outp__t17                    2.79104
xc2.xcore.vss__t212                2.53778e-12
xc2.xcore.outp__t18                    2.79104
xc2.xcore.vss__t213                2.50729e-12
xc2.xcore.outp__t19                    2.79104
xc2.xcore.vss__t214                2.47682e-12
xc2.xcore.outp__t0                     2.79104
xc2.xcore.vss__t215                2.44637e-12
xc2.xcore.outp__t1                     2.79104
xc2.xcore.vss__t216                2.41596e-12
xc2.xcore.outp__t2                     2.79104
xc2.xcore.vss__t217                2.38558e-12
xc2.xcore.outp__t3                     2.79104
xc2.xcore.vss__t218                2.35522e-12
xc2.xcore.outp__t4                     2.79104
xc2.xcore.vss__t219                 2.3249e-12
xc2.xcore.outp__t15                    2.79104
xc2.xcore.vss__t220                2.29461e-12
xc2.xcore.outp__t6                     2.79104
xc2.xcore.vss__t221                2.26436e-12
xc2.xcore.outp__t7                     2.79104
xc2.xcore.vss__t222                2.23414e-12
xc2.xcore.outp__t8                     2.79104
xc2.xcore.vss__t223                2.20396e-12
xc2.xcore.outp__t9                     2.79104
xc2.xcore.vss__t224                2.17382e-12
xc2.xcore.outp__t10                    2.79104
xc2.xcore.vss__t225                2.14372e-12
xc2.xcore.outp__t11                    2.79104
xc2.xcore.vss__t226                2.11366e-12
xc2.xcore.outp__t12                    2.79104
xc2.xcore.vss__t227                2.08364e-12
xc2.xcore.outp__t13                    2.79104
xc2.xcore.vss__t228                2.05368e-12
xc2.xcore.outp__t14                    2.79104
xc2.xcore.vss__t229                2.02375e-12
xc2.xcore.outp__t5                     2.79104
xc2.xcore.vss__t230                2.18457e-12
xc2.xcore.outn__t0                         3.3
xc2.xcore.vss__t231                2.21955e-12
xc2.xcore.outn__t5                         3.3
xc2.xcore.vss__t232                2.25461e-12
xc2.xcore.outn__t6                         3.3
xc2.xcore.vss__t233                2.28973e-12
xc2.xcore.outn__t7                         3.3
xc2.xcore.vss__t234                2.32493e-12
xc2.xcore.outn__t8                         3.3
xc2.xcore.vss__t235                2.36019e-12
xc2.xcore.outn__t9                         3.3
xc2.xcore.vss__t236                2.39551e-12
xc2.xcore.outn__t10                        3.3
xc2.xcore.vss__t237                2.43089e-12
xc2.xcore.outn__t11                        3.3
xc2.xcore.vss__t238                2.46633e-12
xc2.xcore.outn__t12                        3.3
xc2.xcore.vss__t239                2.50182e-12
xc2.xcore.outn__t13                        3.3
xc2.xcore.vss__t240                2.53736e-12
xc2.xcore.outn__t14                        3.3
xc2.xcore.vss__t241                2.57296e-12
xc2.xcore.outn__t15                        3.3
xc2.xcore.vss__t242                 2.6086e-12
xc2.xcore.outn__t16                        3.3
xc2.xcore.vss__t243                2.64429e-12
xc2.xcore.outn__t17                        3.3
xc2.xcore.vss__t244                2.68002e-12
xc2.xcore.outn__t19                        3.3
xc2.xcore.vss__t245                2.71579e-12
xc2.xcore.outn__t18                        3.3
xc2.xcore.vss__t246                2.75161e-12
xc2.xcore.outn__t1                         3.3
xc2.xcore.vss__t247                2.78746e-12
xc2.xcore.outn__t2                         3.3
xc2.xcore.vss__t248                2.82335e-12
xc2.xcore.outn__t3                         3.3
xc2.xcore.vss__t249                2.85928e-12
xc2.xcore.outn__t4                         3.3
ib_c2                                  1.03455
xc2.xcore.vsubs                              0
outn_c2                                    3.3
outp_c2                                2.79104
xc2.tail                               1.42796
vd_c2                                 0.508962
ediff_c2#branch                              0
ediff_c1#branch                              0
ediff_c0#branch                              0
einref#branch                                0
vcomb0_7#branch                              0
vcomb1_7#branch                              0
vcomb0_6#branch                              0
vcomb1_6#branch                              0
vcomb0_5#branch                              0
vcomb1_5#branch                              0
vcomb0_4#branch                              0
vcomb1_4#branch                              0
vcomb0_3#branch                              0
vcomb1_3#branch                              0
vcomb0_2#branch                              0
vcomb1_2#branch                              0
vcomb0_1#branch                              0
vcomb1_1#branch                              0
vcomb0_0#branch                              0
vcomb1_0#branch                              0
vinn#branch                       -8.23492e-15
vinp#branch                        3.96039e-15
vavcc#branch                        -0.0305379

 Reference value :  0.00000e+00
 Reference value :  1.34682e-09
 Reference value :  1.39981e-09
 Reference value :  1.44930e-09
 Reference value :  2.26819e-09
 Reference value :  2.71958e-09
 Reference value :  2.77379e-09
 Reference value :  2.84562e-09
 Reference value :  4.04042e-09
 Reference value :  4.07580e-09
 Reference value :  4.12363e-09
 Reference value :  4.26346e-09
 Reference value :  5.38795e-09
 Reference value :  5.43301e-09
 Reference value :  5.47495e-09
 Reference value :  5.64288e-09
 Reference value :  6.99401e-09
 Reference value :  8.42081e-09
 Reference value :  9.43080e-09
 Reference value :  9.49005e-09
 Reference value :  9.52777e-09
 Reference value :  9.95811e-09
 Reference value :  1.07822e-08
 Reference value :  1.08366e-08
 Reference value :  1.08707e-08
 Reference value :  1.12763e-08
 Reference value :  1.29012e-08
 Reference value :  1.44480e-08
 Reference value :  1.48383e-08
 Reference value :  1.48948e-08
 Reference value :  1.49639e-08
 Reference value :  1.62536e-08
 Reference value :  1.75101e-08
 Reference value :  1.75783e-08
 Reference value :  1.76235e-08
 Reference value :  1.85222e-08
 Reference value :  2.02020e-08
 Reference value :  2.02491e-08
 Reference value :  2.02934e-08
 Reference value :  2.06525e-08
 Reference value :  2.23288e-08
 Reference value :  2.29179e-08
 Reference value :  2.29757e-08
 Reference value :  2.30472e-08
 Reference value :  2.42425e-08
 Reference value :  2.42953e-08
 Reference value :  2.43372e-08
 Reference value :  2.47261e-08
 Reference value :  2.55986e-08
 Reference value :  2.56590e-08
 Reference value :  2.57011e-08
 Reference value :  2.65282e-08
 Reference value :  2.69616e-08
 Reference value :  2.70162e-08
 Reference value :  2.71092e-08
 Reference value :  2.82829e-08
 Reference value :  2.83267e-08
 Reference value :  2.83718e-08
 Reference value :  2.86641e-08
 Reference value :  2.96429e-08
 Reference value :  2.97097e-08
 Reference value :  2.97848e-08
 Reference value :  3.09765e-08
 Reference value :  3.10219e-08
 Reference value :  3.10655e-08
 Reference value :  3.11920e-08
 Reference value :  3.16698e-08
 Reference value :  3.21647e-08
 Reference value :  3.26529e-08
 Reference value :  3.31510e-08
 Reference value :  3.38184e-08
 Reference value :  3.46661e-08
 Reference value :  3.51672e-08
 Reference value :  3.56413e-08
 Reference value :  3.60817e-08
 Reference value :  3.65520e-08
 Reference value :  3.70468e-08
 Reference value :  3.75463e-08
 Reference value :  3.80331e-08
 Reference value :  3.85322e-08
 Reference value :  3.90083e-08
 Reference value :  3.94218e-08
 Reference value :  3.99358e-08
 Reference value :  4.04042e-08
 Reference value :  4.04473e-08
 Reference value :  4.04947e-08
 Reference value :  4.07207e-08
 Reference value :  4.12258e-08
 Reference value :  4.17308e-08
 Reference value :  4.21781e-08
 Reference value :  4.26473e-08
 Reference value :  4.31344e-08
 Reference value :  4.36227e-08
 Reference value :  4.41175e-08
 Reference value :  4.46058e-08
 Reference value :  4.51108e-08
 Reference value :  4.56049e-08
 Reference value :  4.59964e-08
 Reference value :  4.65841e-08
 Reference value :  4.70244e-08
 Reference value :  4.74947e-08
 Reference value :  4.79896e-08
 Reference value :  4.84778e-08
 Reference value :  4.85185e-08
 Reference value :  4.85655e-08
 Reference value :  4.86347e-08
 Reference value :  4.89829e-08
 Reference value :  4.94461e-08
 Reference value :  4.98318e-08
 Reference value :  4.98693e-08
 Reference value :  4.99156e-08
 Reference value :  5.00200e-08
 Reference value :  5.04273e-08
 Reference value :  5.08629e-08
 Reference value :  5.13288e-08
 Reference value :  5.17382e-08
 Reference value :  5.22097e-08
 Reference value :  5.26796e-08
 Reference value :  5.31209e-08
 Reference value :  5.35565e-08
 Reference value :  5.40404e-08
 Reference value :  5.45315e-08
 Reference value :  5.50305e-08
 Reference value :  5.54106e-08
 Reference value :  5.59123e-08
 Reference value :  5.63987e-08
 Reference value :  5.65858e-08
 Reference value :  5.66457e-08
 Reference value :  5.67008e-08
 Reference value :  5.70218e-08
 Reference value :  5.74980e-08
 Reference value :  5.79960e-08
 Reference value :  5.84453e-08
 Reference value :  5.89437e-08
 Reference value :  5.92655e-08
 Reference value :  5.93226e-08
 Reference value :  5.93676e-08
 Reference value :  5.96171e-08
 Reference value :  6.01210e-08
 Reference value :  6.06261e-08
 Reference value :  6.11111e-08
 Reference value :  6.16162e-08
 Reference value :  6.20579e-08
 Reference value :  6.24858e-08
 Reference value :  6.29841e-08
 Reference value :  6.34722e-08
 Reference value :  6.39745e-08
 Reference value :  6.44641e-08
 Reference value :  6.46648e-08
 Reference value :  6.47245e-08
 Reference value :  6.47816e-08
 Reference value :  6.51335e-08
 Reference value :  6.56077e-08
 Reference value :  6.59935e-08
 Reference value :  6.60387e-08
 Reference value :  6.60824e-08
 Reference value :  6.62880e-08
 Reference value :  6.66945e-08
 Reference value :  6.71917e-08
 Reference value :  6.73612e-08
 Reference value :  6.74201e-08
 Reference value :  6.74713e-08
 Reference value :  6.77673e-08
 Reference value :  6.82052e-08
 Reference value :  6.86869e-08
 Reference value :  6.87209e-08
 Reference value :  6.87697e-08
 Reference value :  6.88784e-08
 Reference value :  6.93533e-08
 Reference value :  6.98473e-08
 Reference value :  7.02388e-08
 Reference value :  7.07271e-08
 Reference value :  7.12135e-08
 Reference value :  7.16683e-08
 Reference value :  7.20772e-08
 Reference value :  7.25631e-08
 Reference value :  7.27473e-08
 Reference value :  7.28033e-08
 Reference value :  7.28325e-08
 Reference value :  7.30440e-08
 Reference value :  7.34285e-08
 Reference value :  7.39071e-08
 Reference value :  7.42971e-08
 Reference value :  7.47573e-08
 Reference value :  7.52385e-08
 Reference value :  7.56126e-08
 Reference value :  7.60985e-08
 Reference value :  7.65813e-08
 Reference value :  7.69458e-08
 Reference value :  7.74271e-08
 Reference value :  7.79261e-08
 Reference value :  7.81207e-08
 Reference value :  7.81722e-08
 Reference value :  7.82069e-08
 Reference value :  7.83671e-08
 Reference value :  7.87977e-08
 Reference value :  7.92789e-08
 Reference value :  7.96530e-08
 Reference value :  8.01445e-08
 Reference value :  8.06597e-08
 Reference value :  8.08372e-08
 Reference value :  8.08907e-08
 Reference value :  8.09814e-08
 Reference value :  8.14635e-08
 Reference value :  8.19795e-08
 Reference value :  8.21770e-08
 Reference value :  8.22367e-08
 Reference value :  8.23443e-08
 Reference value :  8.28494e-08
 Reference value :  8.33431e-08
 Reference value :  8.38244e-08
 Reference value :  8.42945e-08
 Reference value :  8.47349e-08
 Reference value :  8.52052e-08
 Reference value :  8.57000e-08
 Reference value :  8.61953e-08
 Reference value :  8.62305e-08
 Reference value :  8.62779e-08
 Reference value :  8.63636e-08
 Reference value :  8.67282e-08
 Reference value :  8.72287e-08
 Reference value :  8.75484e-08
 Reference value :  8.76054e-08
 Reference value :  8.76537e-08
 Reference value :  8.78999e-08
 Reference value :  8.84038e-08
 Reference value :  8.88889e-08
 Reference value :  8.89290e-08
 Reference value :  8.89756e-08
 Reference value :  8.90782e-08
 Reference value :  8.95637e-08
 Reference value :  9.00673e-08
 Reference value :  9.05584e-08
 Reference value :  9.10594e-08
 Reference value :  9.15685e-08
 Reference value :  9.16166e-08
 Reference value :  9.16689e-08
 Reference value :  9.18168e-08
 Reference value :  9.22770e-08
 Reference value :  9.27821e-08
 Reference value :  9.32674e-08
 Reference value :  9.37710e-08
 Reference value :  9.42761e-08
 Reference value :  9.43128e-08
 Reference value :  9.43606e-08
 Reference value :  9.44552e-08
 Reference value :  9.49355e-08
 Reference value :  9.54405e-08
 Reference value :  9.59107e-08
 Reference value :  9.64446e-08
 Reference value :  9.69497e-08
 Reference value :  9.73611e-08
 Reference value :  9.78662e-08
 Reference value :  9.83167e-08
 Reference value :  9.83619e-08
 Reference value :  9.84072e-08
 Reference value :  9.85892e-08
 Reference value :  9.90267e-08
 Reference value :  9.95497e-08
 Reference value :  9.96951e-08
 Reference value :  9.97450e-08
 Reference value :  9.98245e-08
 Reference value :  1.00196e-07
 Reference value :  1.00697e-07
 Reference value :  1.01018e-07
 Reference value :  1.01076e-07
 Reference value :  1.01129e-07
 Reference value :  1.01437e-07
 Reference value :  1.01907e-07
 Reference value :  1.02357e-07
 Reference value :  1.02411e-07
 Reference value :  1.02453e-07
 Reference value :  1.02674e-07
 Reference value :  1.03179e-07
 Reference value :  1.03686e-07
 Reference value :  1.03736e-07
 Reference value :  1.03787e-07
 Reference value :  1.03899e-07
 Reference value :  1.04381e-07
 Reference value :  1.04884e-07
 Reference value :  1.05387e-07
 Reference value :  1.05894e-07
 Reference value :  1.06397e-07
 Reference value :  1.06439e-07
 Reference value :  1.06486e-07
 Reference value :  1.06613e-07
 Reference value :  1.07094e-07
 Reference value :  1.07695e-07
 Reference value :  1.08231e-07
 Reference value :  1.08775e-07
 Reference value :  1.09410e-07
 Reference value :  1.09913e-07
 Reference value :  1.10420e-07
 Reference value :  1.10894e-07
 Reference value :  1.11370e-07
 Reference value :  1.11839e-07
 Reference value :  1.12311e-07
 Reference value :  1.12815e-07
 Reference value :  1.13135e-07
 Reference value :  1.13192e-07
 Reference value :  1.13236e-07
 Reference value :  1.13478e-07
 Reference value :  1.13974e-07
 Reference value :  1.14471e-07
 Reference value :  1.14513e-07
 Reference value :  1.14561e-07
 Reference value :  1.14647e-07
 Reference value :  1.15074e-07
 Reference value :  1.15579e-07
 Reference value :  1.15835e-07
 Reference value :  1.15894e-07
 Reference value :  1.15947e-07
 Reference value :  1.16252e-07
 Reference value :  1.16721e-07
 Reference value :  1.17209e-07
 Reference value :  1.17697e-07
 Reference value :  1.18192e-07
 Reference value :  1.18687e-07
 Reference value :  1.19185e-07
 Reference value :  1.19690e-07
 Reference value :  1.20153e-07
 Reference value :  1.20593e-07
 Reference value :  1.21081e-07
 Reference value :  1.21239e-07
 Reference value :  1.21292e-07
 Reference value :  1.21362e-07
 Reference value :  1.21727e-07
 Reference value :  1.22226e-07
 Reference value :  1.22713e-07
 Reference value :  1.23218e-07
 Reference value :  1.23723e-07
 Reference value :  1.24194e-07
 Reference value :  1.24670e-07
 Reference value :  1.25175e-07
 Reference value :  1.25281e-07
 Reference value :  1.25333e-07
 Reference value :  1.25421e-07
 Reference value :  1.25812e-07
 Reference value :  1.26290e-07
 Reference value :  1.26777e-07
 Reference value :  1.27277e-07
 Reference value :  1.27779e-07
 Reference value :  1.28276e-07
 Reference value :  1.28774e-07
 Reference value :  1.29279e-07
 Reference value :  1.29328e-07
 Reference value :  1.29376e-07
 Reference value :  1.29466e-07
 Reference value :  1.29946e-07
 Reference value :  1.30422e-07
 Reference value :  1.30651e-07
 Reference value :  1.30711e-07
 Reference value :  1.30766e-07
 Reference value :  1.31125e-07
 Reference value :  1.31630e-07
 Reference value :  1.32070e-07
 Reference value :  1.32519e-07
 Reference value :  1.33020e-07
 Reference value :  1.33342e-07
 Reference value :  1.33405e-07
 Reference value :  1.33446e-07
 Reference value :  1.33680e-07
 Reference value :  1.34185e-07
 Reference value :  1.34680e-07
 Reference value :  1.34714e-07
 Reference value :  1.34764e-07
 Reference value :  1.34884e-07
 Reference value :  1.35363e-07
 Reference value :  1.35868e-07
 Reference value :  1.36357e-07
 Reference value :  1.36869e-07
 Reference value :  1.37374e-07
 Reference value :  1.37410e-07
 Reference value :  1.37458e-07
 Reference value :  1.37557e-07
 Reference value :  1.38033e-07
 Reference value :  1.38534e-07
 Reference value :  1.38944e-07
 Reference value :  1.39431e-07
 Reference value :  1.39936e-07
 Reference value :  1.40091e-07
 Reference value :  1.40148e-07
 Reference value :  1.40230e-07
 Reference value :  1.40627e-07
 Reference value :  1.41168e-07
 Reference value :  1.41431e-07
 Reference value :  1.41494e-07
 Reference value :  1.41549e-07
 Reference value :  1.41901e-07
 Reference value :  1.42406e-07
 Reference value :  1.42888e-07
 Reference value :  1.43385e-07
 Reference value :  1.43919e-07
 Reference value :  1.44123e-07
 Reference value :  1.44186e-07
 Reference value :  1.44250e-07
 Reference value :  1.44617e-07
 Reference value :  1.45119e-07
 Reference value :  1.45460e-07
 Reference value :  1.45519e-07
 Reference value :  1.45557e-07
 Reference value :  1.45784e-07
 Reference value :  1.46296e-07
 Reference value :  1.46794e-07
 Reference value :  1.46834e-07
 Reference value :  1.46883e-07
 Reference value :  1.46990e-07
 Reference value :  1.47461e-07
 Reference value :  1.47962e-07
 Reference value :  1.48167e-07
 Reference value :  1.48228e-07
 Reference value :  1.48283e-07
 Reference value :  1.48633e-07
 Reference value :  1.49080e-07
 Reference value :  1.49550e-07
 Reference value :  1.50020e-07
 Reference value :  1.50525e-07
 Reference value :  1.50848e-07
 Reference value :  1.50908e-07
 Reference value :  1.50960e-07
 Reference value :  1.51233e-07
 Reference value :  1.51832e-07
 Reference value :  1.52190e-07
 Reference value :  1.52245e-07
 Reference value :  1.52285e-07
 Reference value :  1.52505e-07
 Reference value :  1.53010e-07
 Reference value :  1.53515e-07
 Reference value :  1.53992e-07
 Reference value :  1.54432e-07
 Reference value :  1.54919e-07
 Reference value :  1.55407e-07
 Reference value :  1.55912e-07
 Reference value :  1.56397e-07
 Reference value :  1.56902e-07
 Reference value :  1.57407e-07
 Reference value :  1.57594e-07
 Reference value :  1.57656e-07
 Reference value :  1.57718e-07
 Reference value :  1.58085e-07
 Reference value :  1.58596e-07
 Reference value :  1.58930e-07
 Reference value :  1.58992e-07
 Reference value :  1.59031e-07
 Reference value :  1.59261e-07
 Reference value :  1.59764e-07
 Reference value :  1.60262e-07
 Reference value :  1.60754e-07
 Reference value :  1.61259e-07
 Reference value :  1.61617e-07
 Reference value :  1.61664e-07
 Reference value :  1.61709e-07
 Reference value :  1.61933e-07
 Reference value :  1.62438e-07
 Reference value :  1.62914e-07
 Reference value :  1.63328e-07
 Reference value :  1.63842e-07
 Reference value :  1.64338e-07
 Reference value :  1.64825e-07
 Reference value :  1.65330e-07
 Reference value :  1.65664e-07
 Reference value :  1.65726e-07
 Reference value :  1.65765e-07
 Reference value :  1.66003e-07
 Reference value :  1.66508e-07
 Reference value :  1.67023e-07
 Reference value :  1.67510e-07
 Reference value :  1.68018e-07
 Reference value :  1.68354e-07
 Reference value :  1.68411e-07
 Reference value :  1.68459e-07
 Reference value :  1.68710e-07
 Reference value :  1.69220e-07
 Reference value :  1.69697e-07
 Reference value :  1.69746e-07
 Reference value :  1.69789e-07
 Reference value :  1.69945e-07
 Reference value :  1.70407e-07
 Reference value :  1.70912e-07
 Reference value :  1.71068e-07
 Reference value :  1.71124e-07
 Reference value :  1.71207e-07
 Reference value :  1.71604e-07
 Reference value :  1.72109e-07
 Reference value :  1.72582e-07
 Reference value :  1.73085e-07
 Reference value :  1.73590e-07
 Reference value :  1.73764e-07
 Reference value :  1.73818e-07
 Reference value :  1.73893e-07
 Reference value :  1.74270e-07
 Reference value :  1.74775e-07
 Reference value :  1.75092e-07
 Reference value :  1.75150e-07
 Reference value :  1.75203e-07
 Reference value :  1.75476e-07
 Reference value :  1.75981e-07
 Reference value :  1.76431e-07
 Reference value :  1.76480e-07
 Reference value :  1.76523e-07
 Reference value :  1.76679e-07
 Reference value :  1.77141e-07
 Reference value :  1.77646e-07
 Reference value :  1.78136e-07
 Reference value :  1.78641e-07
 Reference value :  1.79148e-07
 Reference value :  1.79639e-07
 Reference value :  1.80144e-07
 Reference value :  1.80475e-07
 Reference value :  1.80532e-07
 Reference value :  1.80576e-07
 Reference value :  1.80812e-07
 Reference value :  1.81315e-07
 Reference value :  1.81818e-07
 Reference value :  1.81855e-07
 Reference value :  1.81903e-07
 Reference value :  1.81997e-07
 Reference value :  1.82472e-07
 Reference value :  1.82919e-07
 Reference value :  1.83343e-07
 Reference value :  1.83824e-07
 Reference value :  1.84295e-07
 Reference value :  1.84708e-07
 Reference value :  1.85206e-07
 Reference value :  1.85694e-07
 Reference value :  1.85879e-07
 Reference value :  1.85937e-07
 Reference value :  1.85988e-07
 Reference value :  1.86346e-07
 Reference value :  1.86820e-07
 Reference value :  1.87242e-07
 Reference value :  1.87715e-07
 Reference value :  1.88215e-07
 Reference value :  1.88554e-07
 Reference value :  1.88604e-07
 Reference value :  1.88641e-07
 Reference value :  1.88743e-07
 Reference value :  1.89208e-07
 Reference value :  1.89617e-07
 Reference value :  1.90087e-07
 Reference value :  1.90574e-07
 Reference value :  1.91063e-07
 Reference value :  1.91257e-07
 Reference value :  1.91312e-07
 Reference value :  1.91361e-07
 Reference value :  1.91592e-07
 Reference value :  1.92081e-07
 Reference value :  1.92586e-07
 Reference value :  1.92966e-07
 Reference value :  1.93458e-07
 Reference value :  1.93939e-07
 Reference value :  1.93981e-07
 Reference value :  1.94023e-07
 Reference value :  1.94123e-07
 Reference value :  1.94614e-07
 Reference value :  1.95104e-07
 Reference value :  1.95299e-07
 Reference value :  1.95355e-07
 Reference value :  1.95401e-07
 Reference value :  1.95643e-07
 Reference value :  1.96108e-07
 Reference value :  1.96486e-07
 Reference value :  1.96654e-07
 Reference value :  1.96713e-07
 Reference value :  1.96764e-07
 Reference value :  1.97006e-07
 Reference value :  1.97503e-07
 Reference value :  1.97980e-07
 Reference value :  1.98016e-07
 Reference value :  1.98064e-07
 Reference value :  1.98171e-07
 Reference value :  1.98639e-07
 Reference value :  1.99027e-07
 Reference value :  1.99336e-07
 Reference value :  1.99394e-07
 Reference value :  1.99425e-07
 Reference value :  1.99643e-07
 Reference value :  2.00148e-07
 Reference value :  2.00533e-07
 Reference value :  2.00694e-07
 Reference value :  2.00753e-07
 Reference value :  2.00807e-07
 Reference value :  2.01158e-07
 Reference value :  2.01552e-07
 Reference value :  2.02020e-07
 Reference value :  2.02020e-07
 Reference value :  2.02021e-07
 Reference value :  2.02147e-07
 Reference value :  2.03367e-07
 Reference value :  2.03420e-07
 Reference value :  2.03460e-07
 Reference value :  2.03809e-07
 Reference value :  2.04723e-07
 Reference value :  2.04792e-07
 Reference value :  2.04848e-07
 Reference value :  2.06012e-07
 Reference value :  2.06093e-07
 Reference value :  2.06141e-07
 Reference value :  2.06250e-07
 Reference value :  2.07408e-07
 Reference value :  2.07455e-07
 Reference value :  2.07500e-07
 Reference value :  2.08028e-07
 Reference value :  2.09814e-07
 Reference value :  2.11401e-07
 Reference value :  2.11483e-07
 Reference value :  2.11532e-07
 Reference value :  2.11728e-07
 Reference value :  2.12797e-07
 Reference value :  2.12849e-07
 Reference value :  2.12888e-07
 Reference value :  2.13417e-07
 Reference value :  2.14921e-07
 Reference value :  2.16468e-07
 Reference value :  2.16863e-07
 Reference value :  2.16915e-07
 Reference value :  2.17001e-07
 Reference value :  2.18194e-07
 Reference value :  2.19529e-07
 Reference value :  2.19577e-07
 Reference value :  2.19619e-07
 Reference value :  2.19869e-07
 Reference value :  2.21335e-07
 Reference value :  2.22231e-07
 Reference value :  2.22293e-07
 Reference value :  2.22350e-07
 Reference value :  2.23313e-07
 Reference value :  2.24829e-07
 Reference value :  2.24951e-07
 Reference value :  2.24999e-07
 Reference value :  2.25168e-07
 Reference value :  2.26265e-07
 Reference value :  2.26323e-07
 Reference value :  2.26368e-07
 Reference value :  2.27026e-07
 Reference value :  2.27630e-07
 Reference value :  2.27689e-07
 Reference value :  2.27729e-07
 Reference value :  2.28668e-07
 Reference value :  2.28986e-07
 Reference value :  2.29037e-07
 Reference value :  2.29155e-07
 Reference value :  2.30304e-07
 Reference value :  2.30357e-07
 Reference value :  2.30403e-07
 Reference value :  2.31004e-07
 Reference value :  2.31667e-07
 Reference value :  2.31730e-07
 Reference value :  2.31795e-07
 Reference value :  2.32997e-07
 Reference value :  2.33034e-07
 Reference value :  2.33082e-07
 Reference value :  2.33274e-07
 Reference value :  2.34843e-07
 Reference value :  2.36470e-07
 Reference value :  2.38137e-07
 Reference value :  2.39735e-07
 Reference value :  2.41185e-07
 Reference value :  2.42426e-07
 Reference value :  2.42484e-07
 Reference value :  2.42527e-07
 Reference value :  2.43075e-07
 Reference value :  2.44671e-07
 Reference value :  2.46258e-07
 Reference value :  2.47811e-07
 Reference value :  2.49250e-07
 Reference value :  2.50508e-07
 Reference value :  2.50565e-07
 Reference value :  2.50603e-07
 Reference value :  2.51199e-07
 Reference value :  2.51867e-07
 Reference value :  2.51932e-07
 Reference value :  2.52005e-07
 Reference value :  2.53211e-07
 Reference value :  2.54637e-07
 Reference value :  2.56432e-07
 Reference value :  2.58139e-07
 Reference value :  2.58612e-07
 Reference value :  2.58666e-07
 Reference value :  2.58733e-07
 Reference value :  2.59937e-07
 Reference value :  2.61280e-07
 Reference value :  2.61327e-07
 Reference value :  2.61368e-07
 Reference value :  2.61652e-07
 Reference value :  2.63046e-07
 Reference value :  2.64513e-07
 Reference value :  2.66060e-07
 Reference value :  2.66686e-07
 Reference value :  2.66745e-07
 Reference value :  2.66782e-07
 Reference value :  2.67600e-07
 Reference value :  2.68035e-07
 Reference value :  2.68093e-07
 Reference value :  2.68157e-07
 Reference value :  2.69360e-07
 Reference value :  2.69394e-07
 Reference value :  2.69443e-07
 Reference value :  2.69569e-07
 Reference value :  2.70707e-07
 Reference value :  2.70772e-07
 Reference value :  2.70817e-07
 Reference value :  2.71436e-07
 Reference value :  2.73074e-07
 Reference value :  2.74701e-07
 Reference value :  2.74785e-07
 Reference value :  2.74832e-07
 Reference value :  2.74955e-07
 Reference value :  2.76274e-07
 Reference value :  2.77741e-07
 Reference value :  2.79448e-07
 Reference value :  2.80145e-07
 Reference value :  2.80208e-07
 Reference value :  2.80262e-07
 Reference value :  2.81145e-07
 Reference value :  2.82621e-07
 Reference value :  2.82861e-07
 Reference value :  2.82909e-07
 Reference value :  2.82996e-07
 Reference value :  2.84175e-07
 Reference value :  2.84222e-07
 Reference value :  2.84265e-07
 Reference value :  2.84507e-07
 Reference value :  2.85982e-07
 Reference value :  2.87489e-07
 Reference value :  2.88230e-07
 Reference value :  2.88294e-07
 Reference value :  2.88342e-07
 Reference value :  2.89309e-07
 Reference value :  2.89592e-07
 Reference value :  2.89643e-07
 Reference value :  2.89742e-07
 Reference value :  2.90909e-07
 Reference value :  2.90955e-07
 Reference value :  2.90998e-07
 Reference value :  2.91254e-07
 Reference value :  2.92956e-07
 Reference value :  2.93618e-07
 Reference value :  2.93683e-07
 Reference value :  2.93752e-07
 Reference value :  2.94949e-07
 Reference value :  2.96296e-07
 Reference value :  2.96340e-07
 Reference value :  2.96384e-07
 Reference value :  2.96603e-07
 Reference value :  2.98183e-07
 Reference value :  2.99770e-07
 Reference value :  3.00354e-07
 Reference value :  3.00417e-07
 Reference value :  3.00481e-07
 Reference value :  3.01655e-07
 Reference value :  3.01717e-07
 Reference value :  3.01764e-07
 Reference value :  3.01859e-07
 Reference value :  3.03030e-07
 Reference value :  3.03075e-07
 Reference value :  3.03119e-07
 Reference value :  3.03408e-07
 Reference value :  3.04383e-07
 Reference value :  3.04445e-07
 Reference value :  3.04482e-07
 Reference value :  3.05151e-07
 Reference value :  3.05741e-07
 Reference value :  3.05804e-07
 Reference value :  3.05863e-07
 Reference value :  3.06928e-07
 Reference value :  3.08418e-07
 Reference value :  3.08458e-07
 Reference value :  3.08502e-07
 Reference value :  3.08615e-07
 Reference value :  3.09984e-07
 Reference value :  3.11691e-07
 Reference value :  3.13478e-07
 Reference value :  3.15128e-07
 Reference value :  3.15187e-07
 Reference value :  3.15238e-07
 Reference value :  3.15562e-07
 Reference value :  3.16513e-07
 Reference value :  3.16575e-07
 Reference value :  3.16618e-07
 Reference value :  3.17560e-07
 Reference value :  3.17873e-07
 Reference value :  3.17925e-07
 Reference value :  3.17995e-07
 Reference value :  3.19196e-07
 Reference value :  3.20631e-07
 Reference value :  3.22346e-07
 Reference value :  3.23245e-07
 Reference value :  3.23309e-07
 Reference value :  3.23359e-07
 Reference value :  3.24326e-07
 Reference value :  3.25938e-07
 Reference value :  3.27273e-07
 Reference value :  3.27322e-07
 Reference value :  3.27366e-07
 Reference value :  3.27803e-07
 Reference value :  3.29440e-07
 Reference value :  3.31146e-07
 Reference value :  3.31347e-07
 Reference value :  3.31395e-07
 Reference value :  3.31502e-07
 Reference value :  3.32660e-07
 Reference value :  3.32703e-07
 Reference value :  3.32747e-07
 Reference value :  3.32961e-07
 Reference value :  3.34427e-07
 Reference value :  3.35364e-07
 Reference value :  3.35430e-07
 Reference value :  3.35469e-07
 Reference value :  3.36247e-07
 Reference value :  3.36722e-07
 Reference value :  3.36780e-07
 Reference value :  3.36844e-07
 Reference value :  3.38016e-07
 Reference value :  3.39394e-07
 Reference value :  3.39440e-07
 Reference value :  3.39483e-07
 Reference value :  3.39734e-07
 Reference value :  3.41361e-07
 Reference value :  3.42107e-07
 Reference value :  3.42168e-07
 Reference value :  3.42261e-07
 Reference value :  3.43434e-07
 Reference value :  3.43473e-07
 Reference value :  3.43520e-07
 Reference value :  3.43691e-07
 Reference value :  3.45161e-07
 Reference value :  3.46136e-07
 Reference value :  3.46196e-07
 Reference value :  3.46245e-07
 Reference value :  3.47098e-07
 Reference value :  3.47499e-07
 Reference value :  3.47555e-07
 Reference value :  3.47614e-07
 Reference value :  3.48822e-07
 Reference value :  3.48857e-07
 Reference value :  3.48905e-07
 Reference value :  3.49083e-07
 Reference value :  3.50172e-07
 Reference value :  3.50228e-07
 Reference value :  3.50268e-07
 Reference value :  3.50822e-07
 Reference value :  3.52535e-07
 Reference value :  3.52892e-07
 Reference value :  3.52942e-07
 Reference value :  3.53043e-07
 Reference value :  3.54209e-07
 Reference value :  3.54251e-07
 Reference value :  3.54297e-07
 Reference value :  3.54591e-07
 Reference value :  3.56256e-07
 Reference value :  3.57882e-07
 Reference value :  3.59549e-07
 Reference value :  3.59631e-07
 Reference value :  3.59680e-07
 Reference value :  3.59902e-07
 Reference value :  3.60951e-07
 Reference value :  3.61017e-07
 Reference value :  3.61063e-07
 Reference value :  3.62005e-07
 Reference value :  3.63636e-07
 Reference value :  3.63677e-07
 Reference value :  3.63723e-07
 Reference value :  3.64009e-07
 Reference value :  3.65723e-07
 Reference value :  3.67390e-07
 Reference value :  3.67709e-07
 Reference value :  3.67757e-07
 Reference value :  3.67866e-07
 Reference value :  3.69116e-07
 Reference value :  3.70371e-07
 Reference value :  3.70433e-07
 Reference value :  3.70480e-07
 Reference value :  3.71261e-07
 Reference value :  3.71743e-07
 Reference value :  3.71797e-07
 Reference value :  3.71880e-07
 Reference value :  3.73064e-07
 Reference value :  3.73109e-07
 Reference value :  3.73151e-07
 Reference value :  3.73374e-07
 Reference value :  3.74911e-07
 Reference value :  3.75772e-07
 Reference value :  3.75838e-07
 Reference value :  3.75896e-07
 Reference value :  3.77104e-07
 Reference value :  3.77149e-07
 Reference value :  3.77195e-07
 Reference value :  3.77548e-07
 Reference value :  3.78461e-07
 Reference value :  3.78523e-07
 Reference value :  3.78563e-07
 Reference value :  3.79350e-07
 Reference value :  3.80978e-07
 Reference value :  3.82492e-07
 Reference value :  3.82531e-07
 Reference value :  3.82578e-07
 Reference value :  3.82830e-07
 Reference value :  3.83848e-07
 Reference value :  3.83908e-07
 Reference value :  3.83947e-07
 Reference value :  3.84740e-07
 Reference value :  3.86365e-07
 Reference value :  3.87879e-07
 Reference value :  3.87922e-07
 Reference value :  3.87966e-07
 Reference value :  3.88251e-07
 Reference value :  3.89886e-07
 Reference value :  3.90591e-07
 Reference value :  3.90652e-07
 Reference value :  3.90715e-07
 Reference value :  3.91919e-07
 Reference value :  3.93266e-07
 Reference value :  3.93316e-07
 Reference value :  3.93361e-07
 Reference value :  3.93796e-07
 Reference value :  3.95433e-07
 Reference value :  3.95984e-07
 Reference value :  3.96040e-07
 Reference value :  3.96122e-07
 Reference value :  3.97306e-07
 Reference value :  3.97351e-07
 Reference value :  3.97397e-07
 Reference value :  3.97750e-07
 Reference value :  3.98661e-07
 Reference value :  3.98718e-07
 Reference value :  3.98758e-07
 Reference value :  3.99472e-07
 Reference value :  4.00019e-07
 Reference value :  4.00080e-07
 Reference value :  4.00160e-07
 Reference value :  4.01347e-07
 Reference value :  4.01382e-07
 Reference value :  4.01430e-07
 Reference value :  4.01583e-07
 Reference value :  4.02695e-07
 Reference value :  4.02753e-07
 Reference value :  4.02797e-07
 Reference value :  4.03429e-07
 Reference value :  4.04040e-07
 Reference value :  4.04040e-07
 Reference value :  4.04040e-07
No. of Data Rows : 36714
m_ui_ref            =  1.34680e-09 targ=  2.73360e-09 trig=  1.38680e-09
m_height_c0_0 = -8.647896419e-01
m_height_c0_1 = 1.0179232490e+00
m_height_c0_2 = 1.0179232482e+00
m_height_c0_3 = 1.0179232477e+00
m_height_c0_4 = 1.0179232473e+00
m_height_c0_5 = 1.0179232471e+00
m_height_c0_6 = 1.0179232469e+00
m_height_c0_7 = 1.0179232469e+00
m_eyeh_max_c0 = 1.0179232490e+00
m_eyemask_margin_c0 = 1.0179232469e+00
m_height_c1_0 = -9.837649492e-01
m_height_c1_1 = 8.8217095156e-01
m_height_c1_2 = 1.0142960435e+00
m_height_c1_3 = 1.0178250072e+00
m_height_c1_4 = 1.0179232476e+00
m_height_c1_5 = 1.0179232473e+00
m_height_c1_6 = 1.0179232471e+00
m_height_c1_7 = 1.0179232469e+00
m_eyeh_max_c1 = 1.0179232476e+00
m_eyemask_margin_c1 = 1.0142960435e+00
m_height_c2_0 = -9.990508857e-01
m_height_c2_1 = 5.2791774617e-01
m_height_c2_2 = 9.1795722941e-01
m_height_c2_3 = 9.9908707197e-01
m_height_c2_4 = 1.0154362391e+00
m_height_c2_5 = 1.0172639661e+00
m_height_c2_6 = 1.0176862030e+00
m_height_c2_7 = 1.0178038624e+00
m_eyeh_max_c2 = 1.0178038624e+00
m_eyemask_margin_c2 = 9.1795722941e-01

Warning: m=xx on .subckt line will override multiplier m hierarchy!

Warning: diode_nd2ps_06v0: IKR too small - model effect disabled!
doAnalyses: TRAN:  Timestep too small; time = 4.0404e-07, timestep = 5e-23: trouble with node "vinn#branch"


tran simulation(s) aborted
Error: incomplete or empty netlist
       or no ".plot", ".print", or ".fourier" lines in batch mode;
no simulations run!
