
Note: Compatibility modes selected: hs a


Circuit: * cml-driver-eye-mask @ fs_27c_2.97v_270mbps -- generated by sim/harness, do not edit

Doing analysis at TEMP = 27.000000 and TNOM = 27.000000

Using SPARSE 1.3 as Direct Linear Solver

Initial Transient Solution
--------------------------

Node                                   Voltage
----                                   -------
avcc                                       3.3
inp                                     2.5245
inn                                     1.6335
inref                                    0.891
comb1_0                                      0
comb0_0                                      0
comb1_1                                      0
comb0_1                                      0
comb1_2                                      0
comb0_2                                      0
comb1_3                                      0
comb0_3                                      0
comb1_4                                      0
comb0_4                                      0
comb1_5                                      0
comb0_5                                      0
comb1_6                                      0
comb0_6                                      0
comb1_7                                      0
comb0_7                                      0
xc0.xcore.tail__t186                   1.18974
xc0.xcore.ibias__t118                  1.03455
xc0.xcore.vss__t163                5.33908e-06
xc0.xcore.vss__t349                 1.2625e-13
xc0.xcore.vss__t60                 5.14261e-06
xc0.xcore.ibias__t117                  1.03455
xc0.xcore.tail__t286                   1.18974
xc0.xcore.vss__t350                1.21604e-13
xc0.xcore.tail__t197                   1.18974
xc0.xcore.ibias__t140                  1.03455
xc0.xcore.vss__t174                4.94655e-06
xc0.xcore.vss__t351                1.16968e-13
xc0.xcore.vss__t68                 4.75095e-06
xc0.xcore.ibias__t133                  1.03455
xc0.xcore.tail__t294                   1.18974
xc0.xcore.vss__t352                1.12342e-13
xc0.xcore.tail__t193                   1.18975
xc0.xcore.ibias__t132                  1.03455
xc0.xcore.vss__t170                4.55587e-06
xc0.xcore.vss__t353                1.07729e-13
xc0.xcore.vss__t67                 4.36138e-06
xc0.xcore.ibias__t131                  1.03455
xc0.xcore.tail__t293                   1.18975
xc0.xcore.vss__t354                 1.0313e-13
xc0.xcore.tail__t192                   1.18975
xc0.xcore.ibias__t130                  1.03455
xc0.xcore.vss__t169                4.16756e-06
xc0.xcore.vss__t355                9.85472e-14
xc0.xcore.vss__t74                 3.97451e-06
xc0.xcore.ibias__t145                  1.03455
xc0.xcore.tail__t300                   1.18975
xc0.xcore.vss__t356                9.39822e-14
xc0.xcore.tail__t191                   1.18975
xc0.xcore.ibias__t128                  1.03455
xc0.xcore.vss__t168                3.78235e-06
xc0.xcore.vss__t357                8.94383e-14
xc0.xcore.vss__t65                 3.59122e-06
xc0.xcore.ibias__t127                  1.03455
xc0.xcore.tail__t291                   1.18975
xc0.xcore.vss__t358                8.49187e-14
xc0.xcore.tail__t190                   1.18975
xc0.xcore.ibias__t126                  1.03455
xc0.xcore.vss__t167                 3.4013e-06
xc0.xcore.vss__t359                8.04277e-14
xc0.xcore.vss__t64                  3.2128e-06
xc0.xcore.ibias__t125                  1.03455
xc0.xcore.tail__t290                   1.18975
xc0.xcore.vss__t360                7.59702e-14
xc0.xcore.tail__t189                   1.18975
xc0.xcore.ibias__t124                  1.03455
xc0.xcore.vss__t166                3.02598e-06
xc0.xcore.vss__t361                7.15526e-14
xc0.xcore.vss__t63                 2.84117e-06
xc0.xcore.ibias__t123                  1.03455
xc0.xcore.tail__t289                   1.18975
xc0.xcore.vss__t362                6.71827e-14
xc0.xcore.tail__t188                   1.18975
xc0.xcore.ibias__t122                  1.03455
xc0.xcore.vss__t165                2.65881e-06
xc0.xcore.vss__t363                6.28704e-14
xc0.xcore.vss__t62                 2.47942e-06
xc0.xcore.ibias__t121                  1.03455
xc0.xcore.tail__t288                   1.18975
xc0.xcore.vss__t364                5.86284e-14
xc0.xcore.tail__t187                   1.18975
xc0.xcore.ibias__t120                  1.03455
xc0.xcore.vss__t164                 2.3037e-06
xc0.xcore.vss__t365                5.44733e-14
xc0.xcore.vss__t26                 2.13256e-06
xc0.xcore.ibias__t0                    1.03455
xc0.xcore.tail__t252                   1.18975
xc0.xcore.vss__t366                5.04265e-14
xc0.xcore.tail__t175                   1.18975
xc0.xcore.ibias__t97                   1.03455
xc0.xcore.vss__t152                1.96719e-06
xc0.xcore.vss__t367                4.65162e-14
xc0.xcore.vss__t42                 1.80918e-06
xc0.xcore.ibias__t78                   1.03455
xc0.xcore.tail__t268                   1.18975
xc0.xcore.vss__t368                4.27799e-14
xc0.xcore.tail__t164                   1.18975
xc0.xcore.ibias__t77                   1.03455
xc0.xcore.vss__t141                1.66063e-06
xc0.xcore.vss__t369                3.92673e-14
xc0.xcore.vss__t37                 1.52431e-06
xc0.xcore.ibias__t70                   1.03455
xc0.xcore.tail__t263                   1.18975
xc0.xcore.vss__t370                3.60438e-14
xc0.xcore.tail__t167                   1.18975
xc0.xcore.ibias__t82                   1.03455
xc0.xcore.vss__t144                1.40379e-06
xc0.xcore.vss__t371                3.31938e-14
xc0.xcore.vss__t39                 1.30345e-06
xc0.xcore.ibias__t72                   1.03455
xc0.xcore.tail__t265                   1.18975
xc0.xcore.vss__t372                3.08212e-14
xc0.xcore.tail__t162                   1.18975
xc0.xcore.ibias__t73                   1.03455
xc0.xcore.vss__t139                1.22825e-06
xc0.xcore.vss__t373                 2.9043e-14
xc0.xcore.vss__t40                 1.18299e-06
xc0.xcore.ibias__t74                   1.03455
xc0.xcore.tail__t266                   1.18975
xc0.xcore.vss__t374                2.79729e-14
xc0.xcore.tail__t163                   1.18975
xc0.xcore.ibias__t75                   1.03455
xc0.xcore.vss__t140                1.17116e-06
xc0.xcore.vss__t375                2.76932e-14
xc0.xcore.vss__t41                 1.19375e-06
xc0.xcore.ibias__t76                   1.03455
xc0.xcore.tail__t267                   1.18975
xc0.xcore.vss__t376                2.82273e-14
xc0.xcore.tail__t129                   1.18975
xc0.xcore.ibias__t9                    1.03455
xc0.xcore.vss__t107                1.24888e-06
xc0.xcore.vss__t377                2.95311e-14
xc0.xcore.vss__t6                  1.33254e-06
xc0.xcore.ibias__t8                    1.03455
xc0.xcore.tail__t232                   1.18975
xc0.xcore.vss__t378                3.15091e-14
xc0.xcore.tail__t128                   1.18975
xc0.xcore.ibias__t7                    1.03455
xc0.xcore.vss__t106                1.43974e-06
xc0.xcore.vss__t379                3.40442e-14
xc0.xcore.vss__t5                  1.56567e-06
xc0.xcore.ibias__t6                    1.03455
xc0.xcore.tail__t231                   1.18975
xc0.xcore.vss__t380                 3.7022e-14
xc0.xcore.tail__t141                   1.18975
xc0.xcore.ibias__t31                   1.03455
xc0.xcore.vss__t119                1.70619e-06
xc0.xcore.vss__t381                4.03446e-14
xc0.xcore.vss__t4                  1.85798e-06
xc0.xcore.ibias__t5                    1.03455
xc0.xcore.tail__t230                   1.18975
xc0.xcore.vss__t382                4.39338e-14
xc0.xcore.tail__t158                   1.18976
xc0.xcore.ibias__t62                   1.03455
xc0.xcore.vss__t135                 2.0185e-06
xc0.xcore.vss__t383                4.77296e-14
xc0.xcore.vss__t33                 2.18583e-06
xc0.xcore.ibias__t63                   1.03455
xc0.xcore.tail__t259                   1.18976
xc0.xcore.vss__t384                5.16865e-14
xc0.xcore.tail__t159                   1.18976
xc0.xcore.ibias__t64                   1.03455
xc0.xcore.vss__t136                2.35853e-06
xc0.xcore.vss__t385                5.57701e-14
xc0.xcore.vss__t34                 2.53549e-06
xc0.xcore.ibias__t65                   1.03455
xc0.xcore.tail__t260                   1.18976
xc0.xcore.vss__t386                5.99546e-14
xc0.xcore.tail__t160                   1.18976
xc0.xcore.ibias__t66                   1.03455
xc0.xcore.vss__t137                2.71588e-06
xc0.xcore.vss__t387                6.42203e-14
xc0.xcore.vss__t35                 2.89906e-06
xc0.xcore.ibias__t67                   1.03455
xc0.xcore.tail__t261                   1.18976
xc0.xcore.vss__t388                6.85521e-14
xc0.xcore.tail__t161                   1.18976
xc0.xcore.ibias__t68                   1.03455
xc0.xcore.vss__t138                3.08454e-06
xc0.xcore.vss__t389                 7.2938e-14
xc0.xcore.vss__t36                 3.27192e-06
xc0.xcore.ibias__t69                   1.03455
xc0.xcore.tail__t262                   1.18976
xc0.xcore.vss__t390                 7.7369e-14
xc0.xcore.tail__t130                   1.18976
xc0.xcore.ibias__t10                   1.03455
xc0.xcore.vss__t108                 3.4609e-06
xc0.xcore.vss__t391                8.18378e-14
xc0.xcore.vss__t13                 3.65122e-06
xc0.xcore.ibias__t23                   1.03455
xc0.xcore.tail__t239                   1.18976
xc0.xcore.vss__t392                8.63383e-14
xc0.xcore.tail__t137                   1.18976
xc0.xcore.ibias__t24                   1.03455
xc0.xcore.vss__t115                 3.8427e-06
xc0.xcore.vss__t393                9.08661e-14
xc0.xcore.vss__t14                 4.03515e-06
xc0.xcore.ibias__t25                   1.03455
xc0.xcore.tail__t240                   1.18976
xc0.xcore.vss__t394                 9.5417e-14
xc0.xcore.tail__t138                   1.18976
xc0.xcore.ibias__t26                   1.03455
xc0.xcore.vss__t116                4.22845e-06
xc0.xcore.vss__t395                9.99881e-14
xc0.xcore.vss__t15                 4.42249e-06
xc0.xcore.ibias__t27                   1.03455
xc0.xcore.tail__t241                   1.18976
xc0.xcore.vss__t396                1.04577e-13
xc0.xcore.tail__t139                   1.18976
xc0.xcore.ibias__t28                   1.03455
xc0.xcore.vss__t117                4.61718e-06
xc0.xcore.vss__t397                 1.0918e-13
xc0.xcore.vss__t16                 4.81243e-06
xc0.xcore.ibias__t29                   1.03455
xc0.xcore.tail__t242                   1.18976
xc0.xcore.vss__t398                1.13798e-13
xc0.xcore.tail__t140                   1.18976
xc0.xcore.ibias__t30                   1.03455
xc0.xcore.vss__t118                5.00818e-06
xc0.xcore.vss__t399                1.18427e-13
xc0.xcore.vss__t21                 5.20437e-06
xc0.xcore.ibias__t41                   1.03455
xc0.xcore.tail__t247                   1.18976
xc0.xcore.vss__t400                1.23066e-13
xc0.xcore.tail__t142                   1.18976
xc0.xcore.ibias__t32                   1.03455
xc0.xcore.vss__t120                5.40096e-06
xc0.xcore.vss__t401                1.27715e-13
xc0.xcore.vss__t17                 5.59791e-06
xc0.xcore.ibias__t33                   1.03455
xc0.xcore.tail__t243                   1.18976
xc0.xcore.vss__t402                1.32372e-13
xc0.xcore.tail__t143                   1.18976
xc0.xcore.ibias__t34                   1.03455
xc0.xcore.vss__t121                5.79517e-06
xc0.xcore.vss__t403                1.37037e-13
xc0.xcore.vss__t18                 5.99272e-06
xc0.xcore.ibias__t35                   1.03455
xc0.xcore.tail__t244                   1.18976
xc0.xcore.vss__t404                1.41708e-13
xc0.xcore.tail__t144                   1.18976
xc0.xcore.ibias__t36                   1.03455
xc0.xcore.vss__t122                6.19052e-06
xc0.xcore.vss__t405                1.46386e-13
xc0.xcore.vss__t19                 6.38856e-06
xc0.xcore.ibias__t37                   1.03455
xc0.xcore.tail__t245                   1.18976
xc0.xcore.vss__t406                1.51069e-13
xc0.xcore.tail__t145                   1.18976
xc0.xcore.ibias__t38                   1.03455
xc0.xcore.vss__t123                6.58681e-06
xc0.xcore.vss__t407                1.55757e-13
xc0.xcore.vss__t20                 6.78526e-06
xc0.xcore.ibias__t39                   1.03455
xc0.xcore.tail__t246                   1.18976
xc0.xcore.vss__t408                 1.6045e-13
xc0.xcore.tail__t146                   1.18976
xc0.xcore.ibias__t40                   1.03455
xc0.xcore.vss__t124                6.98389e-06
xc0.xcore.vss__t409                1.65147e-13
xc0.xcore.vss__t8                  7.18268e-06
xc0.xcore.ibias__t12                   1.03455
xc0.xcore.tail__t234                   1.18976
xc0.xcore.vss__t410                1.69848e-13
xc0.xcore.tail__t135                   1.18976
xc0.xcore.ibias__t21                   1.03455
xc0.xcore.vss__t113                7.38162e-06
xc0.xcore.vss__t411                1.74553e-13
xc0.xcore.vss__t9                  7.58069e-06
xc0.xcore.ibias__t13                   1.03455
xc0.xcore.tail__t235                   1.18976
xc0.xcore.vss__t412                 1.7926e-13
xc0.xcore.tail__t131                   1.18976
xc0.xcore.ibias__t14                   1.03455
xc0.xcore.vss__t109                 7.7799e-06
xc0.xcore.vss__t413                1.83971e-13
xc0.xcore.vss__t10                 7.97922e-06
xc0.xcore.ibias__t15                   1.03455
xc0.xcore.tail__t236                   1.18976
xc0.xcore.vss__t414                1.88685e-13
xc0.xcore.tail__t134                   1.18976
xc0.xcore.ibias__t20                   1.03455
xc0.xcore.vss__t112                8.17865e-06
xc0.xcore.vss__t415                1.93401e-13
xc0.xcore.vss__t12                 8.37818e-06
xc0.xcore.ibias__t19                   1.03455
xc0.xcore.tail__t238                   1.18976
xc0.xcore.vss__t416                1.98119e-13
xc0.xcore.tail__t133                   1.18975
xc0.xcore.ibias__t18                   1.03455
xc0.xcore.vss__t111                8.57781e-06
xc0.xcore.vss__t417                 2.0284e-13
xc0.xcore.vss__t11                 8.77753e-06
xc0.xcore.ibias__t17                   1.03455
xc0.xcore.tail__t237                   1.18975
xc0.xcore.vss__t418                2.07563e-13
xc0.xcore.tail__t132                   1.18975
xc0.xcore.ibias__t16                   1.03455
xc0.xcore.vss__t110                8.97732e-06
xc0.xcore.vss__t419                2.12288e-13
xc0.xcore.vss__t7                   9.1772e-06
xc0.xcore.ibias__t11                   1.03455
xc0.xcore.tail__t233                   1.18975
xc0.xcore.vss__t420                2.17015e-13
xc0.xcore.tail__t136                   1.18975
xc0.xcore.ibias__t22                   1.03455
xc0.xcore.vss__t114                9.37714e-06
xc0.xcore.vss__t421                2.21743e-13
xc0.xcore.vss__t23                 9.57715e-06
xc0.xcore.ibias__t45                   1.03455
xc0.xcore.tail__t249                   1.18975
xc0.xcore.vss__t422                2.26473e-13
xc0.xcore.tail__t150                   1.18975
xc0.xcore.ibias__t46                   1.03455
xc0.xcore.vss__t127                9.77723e-06
xc0.xcore.vss__t423                2.31204e-13
xc0.xcore.vss__t24                 9.97736e-06
xc0.xcore.ibias__t47                   1.03455
xc0.xcore.tail__t250                   1.18975
xc0.xcore.vss__t424                2.35937e-13
xc0.xcore.tail__t151                   1.18975
xc0.xcore.ibias__t48                   1.03455
xc0.xcore.vss__t128                1.01776e-05
xc0.xcore.vss__t425                2.40671e-13
xc0.xcore.vss__t25                 1.03778e-05
xc0.xcore.ibias__t49                   1.03455
xc0.xcore.tail__t251                   1.18975
xc0.xcore.vss__t426                2.45407e-13
xc0.xcore.tail__t152                   1.18975
xc0.xcore.ibias__t50                   1.03455
xc0.xcore.vss__t129                1.05781e-05
xc0.xcore.vss__t427                2.50143e-13
xc0.xcore.vss__t32                 1.07784e-05
xc0.xcore.ibias__t61                   1.03455
xc0.xcore.tail__t258                   1.18975
xc0.xcore.vss__t428                2.54881e-13
xc0.xcore.tail__t153                   1.18975
xc0.xcore.ibias__t51                   1.03455
xc0.xcore.vss__t130                1.09788e-05
xc0.xcore.vss__t429                 2.5962e-13
xc0.xcore.vss__t27                 1.11792e-05
xc0.xcore.ibias__t52                   1.03455
xc0.xcore.tail__t253                   1.18975
xc0.xcore.vss__t430                 2.6436e-13
xc0.xcore.tail__t154                   1.18975
xc0.xcore.ibias__t53                   1.03455
xc0.xcore.vss__t131                1.13797e-05
xc0.xcore.vss__t431                  2.691e-13
xc0.xcore.vss__t28                 1.15802e-05
xc0.xcore.ibias__t54                   1.03455
xc0.xcore.tail__t254                   1.18975
xc0.xcore.vss__t432                2.73842e-13
xc0.xcore.tail__t155                   1.18975
xc0.xcore.ibias__t55                   1.03455
xc0.xcore.vss__t132                1.17807e-05
xc0.xcore.vss__t433                2.78584e-13
xc0.xcore.vss__t29                 1.19813e-05
xc0.xcore.ibias__t56                   1.03455
xc0.xcore.tail__t255                   1.18975
xc0.xcore.vss__t434                2.83328e-13
xc0.xcore.tail__t156                   1.18975
xc0.xcore.ibias__t57                   1.03455
xc0.xcore.vss__t133                1.21819e-05
xc0.xcore.vss__t435                2.88072e-13
xc0.xcore.vss__t30                 1.23825e-05
xc0.xcore.ibias__t58                   1.03455
xc0.xcore.tail__t256                   1.18975
xc0.xcore.vss__t436                2.92816e-13
xc0.xcore.tail__t157                   1.18975
xc0.xcore.ibias__t59                   1.03455
xc0.xcore.vss__t134                1.25832e-05
xc0.xcore.vss__t437                2.97562e-13
xc0.xcore.vss__t31                 1.27839e-05
xc0.xcore.ibias__t60                   1.03455
xc0.xcore.tail__t257                   1.18975
xc0.xcore.vss__t438                3.02308e-13
xc0.xcore.tail__t211                   1.18975
xc0.xcore.ibias__t176                  1.03455
xc0.xcore.vss__t193                1.29846e-05
xc0.xcore.vss__t439                3.07055e-13
xc0.xcore.vss__t88                 1.31853e-05
xc0.xcore.ibias__t175                  1.03455
xc0.xcore.tail__t311                   1.18975
xc0.xcore.vss__t440                3.11802e-13
xc0.xcore.tail__t165                   1.18975
xc0.xcore.ibias__t79                   1.03455
xc0.xcore.vss__t142                1.33861e-05
xc0.xcore.vss__t441                 3.1655e-13
xc0.xcore.vss__t43                 1.35869e-05
xc0.xcore.ibias__t80                   1.03455
xc0.xcore.tail__t269                   1.18975
xc0.xcore.vss__t442                3.21298e-13
xc0.xcore.tail__t166                   1.18975
xc0.xcore.ibias__t81                   1.03455
xc0.xcore.vss__t143                1.37877e-05
xc0.xcore.vss__t443                3.26047e-13
xc0.xcore.vss__t38                 1.39885e-05
xc0.xcore.ibias__t71                   1.03455
xc0.xcore.tail__t264                   1.18975
xc0.xcore.vss__t444                3.30797e-13
xc0.xcore.tail__t147                   1.18975
xc0.xcore.ibias__t42                   1.03455
xc0.xcore.vss__t125                1.41894e-05
xc0.xcore.vss__t445                3.35547e-13
xc0.xcore.vss__t22                 1.43902e-05
xc0.xcore.ibias__t43                   1.03455
xc0.xcore.tail__t248                   1.18975
xc0.xcore.vss__t446                3.40297e-13
xc0.xcore.tail__t148                   1.18974
xc0.xcore.ibias__t44                   1.03455
xc0.xcore.vss__t126                1.45911e-05
xc0.xcore.vss__t447                3.45048e-13
xc0.xcore.vss__t0                   1.4792e-05
xc0.xcore.ibias__t1                    1.03455
xc0.xcore.tail__t149                   1.18974
xc0.xcore.vss__t456                3.49799e-13
xc0.xcore.tail__t229                   1.18971
xc0.xcore.ibias__t2                    1.03455
xc0.xcore.vss__t1                  2.53904e-05
xc0.xcore.vss__t458                6.00452e-13
xc0.xcore.vss__t189                2.51891e-05
xc0.xcore.ibias__t170                  1.03455
xc0.xcore.tail__t228                   1.18971
xc0.xcore.vss__t250                 5.9569e-13
xc0.xcore.tail__t209                   1.18971
xc0.xcore.ibias__t169                  1.03455
xc0.xcore.vss__t188                2.49878e-05
xc0.xcore.vss__t251                5.90929e-13
xc0.xcore.vss__t86                 2.47865e-05
xc0.xcore.ibias__t168                  1.03455
xc0.xcore.tail__t309                   1.18971
xc0.xcore.vss__t252                5.86168e-13
xc0.xcore.tail__t208                   1.18971
xc0.xcore.ibias__t167                  1.03455
xc0.xcore.vss__t187                2.45852e-05
xc0.xcore.vss__t253                5.81407e-13
xc0.xcore.vss__t85                  2.4384e-05
xc0.xcore.ibias__t166                  1.03455
xc0.xcore.tail__t308                   1.18971
xc0.xcore.vss__t254                5.76646e-13
xc0.xcore.tail__t207                   1.18971
xc0.xcore.ibias__t165                  1.03455
xc0.xcore.vss__t186                2.41827e-05
xc0.xcore.vss__t255                5.71886e-13
xc0.xcore.vss__t84                 2.39814e-05
xc0.xcore.ibias__t164                  1.03455
xc0.xcore.tail__t307                   1.18971
xc0.xcore.vss__t256                5.67125e-13
xc0.xcore.tail__t210                   1.18971
xc0.xcore.ibias__t173                  1.03455
xc0.xcore.vss__t191                2.37801e-05
xc0.xcore.vss__t257                5.62364e-13
xc0.xcore.vss__t87                 2.35788e-05
xc0.xcore.ibias__t172                  1.03455
xc0.xcore.tail__t310                   1.18971
xc0.xcore.vss__t258                5.57604e-13
xc0.xcore.tail__t219                   1.18971
xc0.xcore.ibias__t195                  1.03455
xc0.xcore.vss__t201                2.33776e-05
xc0.xcore.vss__t259                5.52844e-13
xc0.xcore.vss__t99                 2.31763e-05
xc0.xcore.ibias__t194                  1.03455
xc0.xcore.tail__t321                   1.18971
xc0.xcore.vss__t260                5.48083e-13
xc0.xcore.tail__t227                   1.18971
xc0.xcore.ibias__t209                  1.03455
xc0.xcore.vss__t209                 2.2975e-05
xc0.xcore.vss__t261                5.43323e-13
xc0.xcore.vss__t97                 2.27738e-05
xc0.xcore.ibias__t192                  1.03455
xc0.xcore.tail__t319                   1.18972
xc0.xcore.vss__t262                5.38563e-13
xc0.xcore.tail__t218                   1.18972
xc0.xcore.ibias__t191                  1.03455
xc0.xcore.vss__t200                2.25725e-05
xc0.xcore.vss__t263                5.33803e-13
xc0.xcore.vss__t96                 2.23712e-05
xc0.xcore.ibias__t190                  1.03455
xc0.xcore.tail__t318                   1.18972
xc0.xcore.vss__t264                5.29043e-13
xc0.xcore.tail__t217                   1.18972
xc0.xcore.ibias__t189                  1.03455
xc0.xcore.vss__t199                  2.217e-05
xc0.xcore.vss__t265                5.24284e-13
xc0.xcore.vss__t95                 2.19687e-05
xc0.xcore.ibias__t188                  1.03455
xc0.xcore.tail__t317                   1.18972
xc0.xcore.vss__t266                5.19524e-13
xc0.xcore.tail__t216                   1.18972
xc0.xcore.ibias__t187                  1.03455
xc0.xcore.vss__t198                2.17675e-05
xc0.xcore.vss__t267                5.14764e-13
xc0.xcore.vss__t94                 2.15663e-05
xc0.xcore.ibias__t186                  1.03455
xc0.xcore.tail__t316                   1.18972
xc0.xcore.vss__t268                5.10005e-13
xc0.xcore.tail__t215                   1.18972
xc0.xcore.ibias__t185                  1.03455
xc0.xcore.vss__t197                 2.1365e-05
xc0.xcore.vss__t269                5.05246e-13
xc0.xcore.vss__t93                 2.11638e-05
xc0.xcore.ibias__t184                  1.03455
xc0.xcore.tail__t315                   1.18972
xc0.xcore.vss__t270                5.00487e-13
xc0.xcore.tail__t214                   1.18972
xc0.xcore.ibias__t183                  1.03455
xc0.xcore.vss__t196                2.09626e-05
xc0.xcore.vss__t271                4.95728e-13
xc0.xcore.vss__t92                 2.07614e-05
xc0.xcore.ibias__t182                  1.03455
xc0.xcore.tail__t314                   1.18972
xc0.xcore.vss__t272                4.90969e-13
xc0.xcore.tail__t213                   1.18972
xc0.xcore.ibias__t181                  1.03455
xc0.xcore.vss__t195                2.05602e-05
xc0.xcore.vss__t273                 4.8621e-13
xc0.xcore.vss__t91                  2.0359e-05
xc0.xcore.ibias__t180                  1.03455
xc0.xcore.tail__t313                   1.18972
xc0.xcore.vss__t274                4.81452e-13
xc0.xcore.tail__t212                   1.18972
xc0.xcore.ibias__t179                  1.03455
xc0.xcore.vss__t194                2.01578e-05
xc0.xcore.vss__t275                4.76693e-13
xc0.xcore.vss__t90                 1.99566e-05
xc0.xcore.ibias__t178                  1.03455
xc0.xcore.tail__t312                   1.18972
xc0.xcore.vss__t276                4.71935e-13
xc0.xcore.tail__t206                   1.18972
xc0.xcore.ibias__t161                  1.03455
xc0.xcore.vss__t184                1.97554e-05
xc0.xcore.vss__t277                4.67177e-13
xc0.xcore.vss__t57                 1.95542e-05
xc0.xcore.ibias__t112                  1.03455
xc0.xcore.tail__t283                   1.18972
xc0.xcore.vss__t278                4.62419e-13
xc0.xcore.tail__t183                   1.18972
xc0.xcore.ibias__t111                  1.03455
xc0.xcore.vss__t160                1.93531e-05
xc0.xcore.vss__t279                4.57662e-13
xc0.xcore.vss__t56                 1.91519e-05
xc0.xcore.ibias__t110                  1.03455
xc0.xcore.tail__t282                   1.18972
xc0.xcore.vss__t280                4.52904e-13
xc0.xcore.tail__t182                   1.18972
xc0.xcore.ibias__t109                  1.03455
xc0.xcore.vss__t159                1.89508e-05
xc0.xcore.vss__t281                4.48147e-13
xc0.xcore.vss__t55                 1.87496e-05
xc0.xcore.ibias__t108                  1.03455
xc0.xcore.tail__t281                   1.18972
xc0.xcore.vss__t282                 4.4339e-13
xc0.xcore.tail__t181                   1.18972
xc0.xcore.ibias__t107                  1.03455
xc0.xcore.vss__t158                1.85485e-05
xc0.xcore.vss__t283                4.38633e-13
xc0.xcore.vss__t54                 1.83473e-05
xc0.xcore.ibias__t106                  1.03455
xc0.xcore.tail__t280                   1.18972
xc0.xcore.vss__t284                4.33876e-13
xc0.xcore.tail__t180                   1.18972
xc0.xcore.ibias__t105                  1.03455
xc0.xcore.vss__t157                1.81462e-05
xc0.xcore.vss__t285                4.29119e-13
xc0.xcore.vss__t53                 1.79451e-05
xc0.xcore.ibias__t104                  1.03455
xc0.xcore.tail__t279                   1.18972
xc0.xcore.vss__t286                4.24363e-13
xc0.xcore.tail__t205                   1.18972
xc0.xcore.ibias__t156                  1.03455
xc0.xcore.vss__t182                 1.7744e-05
xc0.xcore.vss__t287                4.19607e-13
xc0.xcore.vss__t79                 1.75429e-05
xc0.xcore.ibias__t155                  1.03455
xc0.xcore.tail__t305                   1.18972
xc0.xcore.vss__t288                4.14851e-13
xc0.xcore.tail__t204                   1.18972
xc0.xcore.ibias__t154                  1.03455
xc0.xcore.vss__t181                1.73418e-05
xc0.xcore.vss__t289                4.10096e-13
xc0.xcore.vss__t78                 1.71408e-05
xc0.xcore.ibias__t153                  1.03455
xc0.xcore.tail__t304                   1.18972
xc0.xcore.vss__t290                 4.0534e-13
xc0.xcore.tail__t203                   1.18972
xc0.xcore.ibias__t152                  1.03455
xc0.xcore.vss__t180                1.69397e-05
xc0.xcore.vss__t291                4.00585e-13
xc0.xcore.vss__t77                 1.67386e-05
xc0.xcore.ibias__t151                  1.03455
xc0.xcore.tail__t303                   1.18973
xc0.xcore.vss__t292                 3.9583e-13
xc0.xcore.tail__t202                   1.18973
xc0.xcore.ibias__t150                  1.03455
xc0.xcore.vss__t179                1.65376e-05
xc0.xcore.vss__t293                3.91076e-13
xc0.xcore.vss__t76                 1.63366e-05
xc0.xcore.ibias__t149                  1.03455
xc0.xcore.tail__t302                   1.18973
xc0.xcore.vss__t294                3.86322e-13
xc0.xcore.tail__t201                   1.18973
xc0.xcore.ibias__t148                  1.03455
xc0.xcore.vss__t178                1.61356e-05
xc0.xcore.vss__t295                3.81568e-13
xc0.xcore.vss__t75                 1.59346e-05
xc0.xcore.ibias__t147                  1.03455
xc0.xcore.tail__t301                   1.18973
xc0.xcore.vss__t296                3.76814e-13
xc0.xcore.tail__t200                   1.18973
xc0.xcore.ibias__t146                  1.03455
xc0.xcore.vss__t177                1.57336e-05
xc0.xcore.vss__t297                3.72061e-13
xc0.xcore.vss__t98                 1.55326e-05
xc0.xcore.ibias__t193                  1.03455
xc0.xcore.tail__t320                   1.18973
xc0.xcore.vss__t298                3.67308e-13
xc0.xcore.tail__t226                   1.18973
xc0.xcore.ibias__t208                  1.03455
xc0.xcore.vss__t208                1.53316e-05
xc0.xcore.vss__t299                3.62555e-13
xc0.xcore.vss__t105                1.51307e-05
xc0.xcore.ibias__t207                  1.03455
xc0.xcore.tail__t327                   1.18973
xc0.xcore.vss__t300                3.57803e-13
xc0.xcore.tail__t225                   1.18973
xc0.xcore.ibias__t206                  1.03455
xc0.xcore.vss__t207                1.49297e-05
xc0.xcore.vss__t301                3.53051e-13
xc0.xcore.vss__t104                1.47288e-05
xc0.xcore.ibias__t205                  1.03455
xc0.xcore.tail__t326                   1.18973
xc0.xcore.vss__t302                  3.483e-13
xc0.xcore.tail__t224                   1.18973
xc0.xcore.ibias__t204                  1.03455
xc0.xcore.vss__t206                1.45279e-05
xc0.xcore.vss__t303                3.43549e-13
xc0.xcore.vss__t103                1.43271e-05
xc0.xcore.ibias__t203                  1.03455
xc0.xcore.tail__t325                   1.18973
xc0.xcore.vss__t304                3.38798e-13
xc0.xcore.tail__t223                   1.18973
xc0.xcore.ibias__t202                  1.03455
xc0.xcore.vss__t205                1.41262e-05
xc0.xcore.vss__t305                3.34048e-13
xc0.xcore.vss__t102                1.39253e-05
xc0.xcore.ibias__t201                  1.03455
xc0.xcore.tail__t324                   1.18973
xc0.xcore.vss__t306                3.29298e-13
xc0.xcore.tail__t222                   1.18973
xc0.xcore.ibias__t200                  1.03455
xc0.xcore.vss__t204                1.37245e-05
xc0.xcore.vss__t307                3.24549e-13
xc0.xcore.vss__t101                1.35237e-05
xc0.xcore.ibias__t199                  1.03455
xc0.xcore.tail__t323                   1.18973
xc0.xcore.vss__t308                  3.198e-13
xc0.xcore.tail__t221                   1.18973
xc0.xcore.ibias__t198                  1.03455
xc0.xcore.vss__t203                1.33229e-05
xc0.xcore.vss__t309                3.15052e-13
xc0.xcore.vss__t100                1.31222e-05
xc0.xcore.ibias__t197                  1.03455
xc0.xcore.tail__t322                   1.18973
xc0.xcore.vss__t310                3.10304e-13
xc0.xcore.tail__t220                   1.18973
xc0.xcore.ibias__t196                  1.03455
xc0.xcore.vss__t202                1.29215e-05
xc0.xcore.vss__t311                3.05557e-13
xc0.xcore.vss__t80                 1.27207e-05
xc0.xcore.ibias__t157                  1.03455
xc0.xcore.tail__t306                   1.18973
xc0.xcore.vss__t312                3.00811e-13
xc0.xcore.tail__t185                   1.18973
xc0.xcore.ibias__t116                  1.03455
xc0.xcore.vss__t162                1.25201e-05
xc0.xcore.vss__t313                2.96065e-13
xc0.xcore.vss__t59                 1.23194e-05
xc0.xcore.ibias__t115                  1.03455
xc0.xcore.tail__t285                   1.18973
xc0.xcore.vss__t314                 2.9132e-13
xc0.xcore.tail__t184                   1.18973
xc0.xcore.ibias__t114                  1.03455
xc0.xcore.vss__t161                1.21188e-05
xc0.xcore.vss__t315                2.86575e-13
xc0.xcore.vss__t71                 1.19182e-05
xc0.xcore.ibias__t139                  1.03455
xc0.xcore.tail__t297                   1.18973
xc0.xcore.vss__t316                2.81831e-13
xc0.xcore.tail__t196                   1.18973
xc0.xcore.ibias__t138                  1.03455
xc0.xcore.vss__t173                1.17176e-05
xc0.xcore.vss__t317                2.77089e-13
xc0.xcore.vss__t70                 1.15171e-05
xc0.xcore.ibias__t137                  1.03455
xc0.xcore.tail__t296                   1.18973
xc0.xcore.vss__t318                2.72346e-13
xc0.xcore.tail__t195                   1.18973
xc0.xcore.ibias__t136                  1.03455
xc0.xcore.vss__t172                1.13166e-05
xc0.xcore.vss__t319                2.67605e-13
xc0.xcore.vss__t69                 1.11162e-05
xc0.xcore.ibias__t135                  1.03455
xc0.xcore.tail__t295                   1.18973
xc0.xcore.vss__t320                2.62865e-13
xc0.xcore.tail__t194                   1.18973
xc0.xcore.ibias__t134                  1.03455
xc0.xcore.vss__t171                1.09158e-05
xc0.xcore.vss__t321                2.58125e-13
xc0.xcore.vss__t61                 1.07154e-05
xc0.xcore.ibias__t119                  1.03455
xc0.xcore.tail__t287                   1.18974
xc0.xcore.vss__t322                2.53387e-13
xc0.xcore.tail__t179                   1.18974
xc0.xcore.ibias__t103                  1.03455
xc0.xcore.vss__t156                1.05151e-05
xc0.xcore.vss__t323                 2.4865e-13
xc0.xcore.vss__t48                 1.03148e-05
xc0.xcore.ibias__t92                   1.03455
xc0.xcore.tail__t274                   1.18974
xc0.xcore.vss__t324                2.43914e-13
xc0.xcore.tail__t178                   1.18974
xc0.xcore.ibias__t102                  1.03455
xc0.xcore.vss__t155                1.01146e-05
xc0.xcore.vss__t325                2.39179e-13
xc0.xcore.vss__t52                  9.9144e-06
xc0.xcore.ibias__t101                  1.03455
xc0.xcore.tail__t278                   1.18974
xc0.xcore.vss__t326                2.34445e-13
xc0.xcore.tail__t177                   1.18974
xc0.xcore.ibias__t100                  1.03455
xc0.xcore.vss__t154                9.71428e-06
xc0.xcore.vss__t327                2.29713e-13
xc0.xcore.vss__t51                 9.51423e-06
xc0.xcore.ibias__t99                   1.03455
xc0.xcore.tail__t277                   1.18974
xc0.xcore.vss__t328                2.24982e-13
xc0.xcore.tail__t176                   1.18974
xc0.xcore.ibias__t98                   1.03455
xc0.xcore.vss__t153                9.31424e-06
xc0.xcore.vss__t329                2.20252e-13
xc0.xcore.vss__t58                 9.11431e-06
xc0.xcore.ibias__t113                  1.03455
xc0.xcore.tail__t284                   1.18974
xc0.xcore.vss__t330                2.15524e-13
xc0.xcore.tail__t174                   1.18974
xc0.xcore.ibias__t96                   1.03455
xc0.xcore.vss__t151                8.91446e-06
xc0.xcore.vss__t331                2.10798e-13
xc0.xcore.vss__t50                 8.71469e-06
xc0.xcore.ibias__t95                   1.03455
xc0.xcore.tail__t276                   1.18974
xc0.xcore.vss__t332                2.06074e-13
xc0.xcore.tail__t173                   1.18974
xc0.xcore.ibias__t94                   1.03455
xc0.xcore.vss__t150                  8.515e-06
xc0.xcore.vss__t333                2.01352e-13
xc0.xcore.vss__t49                  8.3154e-06
xc0.xcore.ibias__t93                   1.03455
xc0.xcore.tail__t275                   1.18974
xc0.xcore.vss__t334                1.96632e-13
xc0.xcore.tail__t172                   1.18974
xc0.xcore.ibias__t91                   1.03455
xc0.xcore.vss__t149                 8.1159e-06
xc0.xcore.vss__t335                1.91914e-13
xc0.xcore.vss__t47                  7.9165e-06
xc0.xcore.ibias__t90                   1.03455
xc0.xcore.tail__t273                   1.18974
xc0.xcore.vss__t336                1.87199e-13
xc0.xcore.tail__t171                   1.18974
xc0.xcore.ibias__t89                   1.03455
xc0.xcore.vss__t148                7.71722e-06
xc0.xcore.vss__t337                1.82486e-13
xc0.xcore.vss__t46                 7.51805e-06
xc0.xcore.ibias__t88                   1.03455
xc0.xcore.tail__t272                   1.18974
xc0.xcore.vss__t338                1.77777e-13
xc0.xcore.tail__t170                   1.18974
xc0.xcore.ibias__t87                   1.03455
xc0.xcore.vss__t147                7.31902e-06
xc0.xcore.vss__t339                 1.7307e-13
xc0.xcore.vss__t45                 7.12013e-06
xc0.xcore.ibias__t86                   1.03455
xc0.xcore.tail__t271                   1.18974
xc0.xcore.vss__t340                1.68367e-13
xc0.xcore.tail__t169                   1.18974
xc0.xcore.ibias__t85                   1.03455
xc0.xcore.vss__t146                6.92139e-06
xc0.xcore.vss__t341                1.63667e-13
xc0.xcore.vss__t44                 6.72282e-06
xc0.xcore.ibias__t84                   1.03455
xc0.xcore.tail__t270                   1.18974
xc0.xcore.vss__t342                1.58971e-13
xc0.xcore.tail__t168                   1.18974
xc0.xcore.ibias__t83                   1.03455
xc0.xcore.vss__t145                6.52443e-06
xc0.xcore.vss__t343                 1.5428e-13
xc0.xcore.vss__t66                 6.32624e-06
xc0.xcore.ibias__t129                  1.03455
xc0.xcore.tail__t292                   1.18974
xc0.xcore.vss__t344                1.49593e-13
xc0.xcore.tail__t199                   1.18974
xc0.xcore.ibias__t144                  1.03455
xc0.xcore.vss__t176                6.12827e-06
xc0.xcore.vss__t345                1.44912e-13
xc0.xcore.vss__t73                 5.93054e-06
xc0.xcore.ibias__t143                  1.03455
xc0.xcore.tail__t299                   1.18974
xc0.xcore.vss__t346                1.40236e-13
xc0.xcore.tail__t198                   1.18974
xc0.xcore.ibias__t142                  1.03455
xc0.xcore.vss__t175                5.73308e-06
xc0.xcore.vss__t347                1.35567e-13
xc0.xcore.vss__t72                 5.53592e-06
xc0.xcore.ibias__t141                  1.03455
xc0.xcore.tail__t298                   1.18974
xc0.xcore.vss__t348                1.30905e-13
xc0.xcore.outp__t53                    2.79603
xc0.xcore.inp__t1                       2.5245
xc0.xcore.tail__t0                     1.18982
xc0.xcore.vss__t460                5.75705e-12
xc0.xcore.tail__t119                   1.18982
xc0.xcore.inp__t53                      2.5245
xc0.xcore.outp__t52                    2.79603
xc0.xcore.vss__t462                5.81141e-12
xc0.xcore.outp__t46                    2.79603
xc0.xcore.inp__t52                      2.5245
xc0.xcore.tail__t118                   1.18982
xc0.xcore.vss__t463                5.86578e-12
xc0.xcore.tail__t58                    1.18982
xc0.xcore.inp__t61                      2.5245
xc0.xcore.outp__t82                    2.79603
xc0.xcore.vss__t464                5.92014e-12
xc0.xcore.outp__t30                    2.79603
xc0.xcore.inp__t24                      2.5245
xc0.xcore.tail__t98                    1.18982
xc0.xcore.vss__t465                 5.9745e-12
xc0.xcore.tail__t38                    1.18982
xc0.xcore.inp__t23                      2.5245
xc0.xcore.outp__t64                    2.79602
xc0.xcore.vss__t466                6.02887e-12
xc0.xcore.outp__t29                    2.79602
xc0.xcore.inp__t22                      2.5245
xc0.xcore.tail__t97                    1.18982
xc0.xcore.vss__t467                6.08323e-12
xc0.xcore.tail__t37                    1.18982
xc0.xcore.inp__t21                      2.5245
xc0.xcore.outp__t63                    2.79602
xc0.xcore.vss__t468                6.13759e-12
xc0.xcore.outp__t28                    2.79602
xc0.xcore.inp__t20                      2.5245
xc0.xcore.tail__t96                    1.18982
xc0.xcore.vss__t469                6.19195e-12
xc0.xcore.tail__t36                    1.18982
xc0.xcore.inp__t19                      2.5245
xc0.xcore.outp__t62                    2.79602
xc0.xcore.vss__t470                6.24631e-12
xc0.xcore.outp__t27                    2.79602
xc0.xcore.inp__t18                      2.5245
xc0.xcore.tail__t95                    1.18983
xc0.xcore.vss__t471                6.30067e-12
xc0.xcore.tail__t35                    1.18983
xc0.xcore.inp__t17                      2.5245
xc0.xcore.outp__t61                    2.79602
xc0.xcore.vss__t472                6.35503e-12
xc0.xcore.outp__t26                    2.79601
xc0.xcore.inp__t16                      2.5245
xc0.xcore.tail__t94                    1.18983
xc0.xcore.vss__t473                6.40939e-12
xc0.xcore.tail__t33                    1.18983
xc0.xcore.inp__t15                      2.5245
xc0.xcore.outp__t60                    2.79601
xc0.xcore.vss__t474                6.46375e-12
xc0.xcore.outp__t47                    2.79601
xc0.xcore.inp__t54                      2.5245
xc0.xcore.tail__t120                   1.18983
xc0.xcore.vss__t475                 6.5181e-12
xc0.xcore.tail__t54                    1.18983
xc0.xcore.inp__t55                      2.5245
xc0.xcore.outp__t78                    2.79601
xc0.xcore.vss__t476                6.57246e-12
xc0.xcore.outp__t51                    2.79601
xc0.xcore.inp__t63                      2.5245
xc0.xcore.tail__t126                   1.18983
xc0.xcore.vss__t477                6.62681e-12
xc0.xcore.tail__t57                    1.18983
xc0.xcore.inp__t60                      2.5245
xc0.xcore.outp__t81                    2.79601
xc0.xcore.vss__t478                6.68116e-12
xc0.xcore.outp__t49                      2.796
xc0.xcore.inp__t59                      2.5245
xc0.xcore.tail__t122                   1.18983
xc0.xcore.vss__t479                6.73551e-12
xc0.xcore.tail__t56                    1.18983
xc0.xcore.inp__t58                      2.5245
xc0.xcore.outp__t80                      2.796
xc0.xcore.vss__t480                6.78986e-12
xc0.xcore.outp__t48                      2.796
xc0.xcore.inp__t57                      2.5245
xc0.xcore.tail__t121                   1.18983
xc0.xcore.vss__t481                6.84421e-12
xc0.xcore.tail__t55                    1.18983
xc0.xcore.inp__t56                      2.5245
xc0.xcore.outp__t79                      2.796
xc0.xcore.vss__t482                6.89856e-12
xc0.xcore.outp__t24                      2.796
xc0.xcore.inp__t11                      2.5245
xc0.xcore.tail__t92                    1.18983
xc0.xcore.vss__t483                 6.9529e-12
xc0.xcore.tail__t30                    1.18984
xc0.xcore.inp__t10                      2.5245
xc0.xcore.outp__t57                      2.796
xc0.xcore.vss__t484                7.00725e-12
xc0.xcore.outp__t23                    2.79599
xc0.xcore.inp__t9                       2.5245
xc0.xcore.tail__t88                    1.18984
xc0.xcore.vss__t485                7.06159e-12
xc0.xcore.tail__t32                    1.18984
xc0.xcore.inp__t14                      2.5245
xc0.xcore.outp__t59                    2.79599
xc0.xcore.vss__t486                7.11593e-12
xc0.xcore.outp__t25                    2.79599
xc0.xcore.inp__t13                      2.5245
xc0.xcore.tail__t93                    1.18984
xc0.xcore.vss__t487                7.17027e-12
xc0.xcore.tail__t60                    1.18984
xc0.xcore.inp__t0                       2.5245
xc0.xcore.outp__t83                    2.79599
xc0.xcore.vss__t488                7.22461e-12
xc0.xcore.outp__t50                    2.79599
xc0.xcore.inp__t62                      2.5245
xc0.xcore.tail__t123                   1.18984
xc0.xcore.vss__t489                7.27895e-12
xc0.xcore.tail__t42                    1.18984
xc0.xcore.inp__t29                      2.5245
xc0.xcore.outp__t67                    2.79599
xc0.xcore.vss__t490                7.33328e-12
xc0.xcore.outp__t32                    2.79598
xc0.xcore.inp__t28                      2.5245
xc0.xcore.tail__t102                   1.18984
xc0.xcore.vss__t491                7.38761e-12
xc0.xcore.tail__t41                    1.18984
xc0.xcore.inp__t27                      2.5245
xc0.xcore.outp__t66                    2.79598
xc0.xcore.vss__t492                7.44195e-12
xc0.xcore.outp__t31                    2.79598
xc0.xcore.inp__t26                      2.5245
xc0.xcore.tail__t101                   1.18984
xc0.xcore.vss__t493                7.49628e-12
xc0.xcore.tail__t40                    1.18984
xc0.xcore.inp__t25                      2.5245
xc0.xcore.outp__t65                    2.79598
xc0.xcore.vss__t494                 7.5506e-12
xc0.xcore.outp__t20                    2.79598
xc0.xcore.inp__t4                       2.5245
xc0.xcore.tail__t74                    1.18984
xc0.xcore.vss__t495                7.60493e-12
xc0.xcore.tail__t14                    1.18985
xc0.xcore.inp__t3                       2.5245
xc0.xcore.outp__t54                    2.79598
xc0.xcore.vss__t496                7.65926e-12
xc0.xcore.outp__t22                    2.79598
xc0.xcore.inp__t7                       2.5245
xc0.xcore.tail__t76                    1.18985
xc0.xcore.vss__t497                7.71358e-12
xc0.xcore.tail__t16                    1.18985
xc0.xcore.inp__t6                       2.5245
xc0.xcore.outp__t55                    2.79597
xc0.xcore.vss__t498                 7.7679e-12
xc0.xcore.outp__t21                    2.79597
xc0.xcore.inp__t5                       2.5245
xc0.xcore.tail__t75                    1.18985
xc0.xcore.vss__t499                7.82222e-12
xc0.xcore.tail__t19                    1.18985
xc0.xcore.inp__t8                       2.5245
xc0.xcore.outp__t56                    2.79597
xc0.xcore.vss__t500                7.87654e-12
xc0.xcore.outp__t45                    2.79597
xc0.xcore.inp__t50                      2.5245
xc0.xcore.tail__t116                   1.18985
xc0.xcore.vss__t501                7.93085e-12
xc0.xcore.tail__t51                    1.18985
xc0.xcore.inp__t49                      2.5245
xc0.xcore.outp__t76                    2.79597
xc0.xcore.vss__t502                7.98516e-12
xc0.xcore.outp__t44                    2.79597
xc0.xcore.inp__t48                      2.5245
xc0.xcore.tail__t115                   1.18985
xc0.xcore.vss__t503                8.03948e-12
xc0.xcore.tail__t50                    1.18985
xc0.xcore.inp__t47                      2.5245
xc0.xcore.outp__t75                    2.79596
xc0.xcore.vss__t504                8.09379e-12
xc0.xcore.outp__t43                    2.79596
xc0.xcore.inp__t46                      2.5245
xc0.xcore.tail__t114                   1.18985
xc0.xcore.vss__t505                8.14809e-12
xc0.xcore.tail__t49                    1.18985
xc0.xcore.inp__t45                      2.5245
xc0.xcore.outp__t74                    2.79596
xc0.xcore.vss__t506                 8.2024e-12
xc0.xcore.outp__t42                    2.79596
xc0.xcore.inp__t44                      2.5245
xc0.xcore.tail__t113                   1.18985
xc0.xcore.vss__t507                 8.2567e-12
xc0.xcore.tail__t48                    1.18985
xc0.xcore.inp__t43                      2.5245
xc0.xcore.outp__t73                    2.79596
xc0.xcore.vss__t508                  8.311e-12
xc0.xcore.outp__t41                    2.79596
xc0.xcore.inp__t42                      2.5245
xc0.xcore.tail__t112                   1.18986
xc0.xcore.vss__t509                 8.3653e-12
xc0.xcore.tail__t47                    1.18986
xc0.xcore.inp__t41                      2.5245
xc0.xcore.outp__t72                    2.79595
xc0.xcore.vss__t510                 8.4196e-12
xc0.xcore.outp__t40                    2.79595
xc0.xcore.inp__t40                      2.5245
xc0.xcore.tail__t111                   1.18986
xc0.xcore.vss__t511                 8.4739e-12
xc0.xcore.tail__t46                    1.18986
xc0.xcore.inp__t39                      2.5245
xc0.xcore.outp__t71                    2.79595
xc0.xcore.vss__t512                8.52819e-12
xc0.xcore.outp__t39                    2.79595
xc0.xcore.inp__t38                      2.5245
xc0.xcore.tail__t110                   1.18986
xc0.xcore.vss__t513                8.58248e-12
xc0.xcore.tail__t53                    1.18986
xc0.xcore.inp__t51                      2.5245
xc0.xcore.outp__t77                    2.79595
xc0.xcore.vss__t514                8.63677e-12
xc0.xcore.outp__t38                    2.79595
xc0.xcore.inp__t37                      2.5245
xc0.xcore.tail__t108                   1.18986
xc0.xcore.vss__t515                8.69106e-12
xc0.xcore.tail__t45                    1.18986
xc0.xcore.inp__t36                      2.5245
xc0.xcore.outp__t70                    2.79594
xc0.xcore.vss__t516                8.74534e-12
xc0.xcore.outp__t37                    2.79594
xc0.xcore.inp__t35                      2.5245
xc0.xcore.tail__t107                   1.18986
xc0.xcore.vss__t517                8.79962e-12
xc0.xcore.tail__t44                    1.18986
xc0.xcore.inp__t34                      2.5245
xc0.xcore.outp__t69                    2.79594
xc0.xcore.vss__t518                 8.8539e-12
xc0.xcore.outp__t36                    2.79594
xc0.xcore.inp__t33                      2.5245
xc0.xcore.tail__t106                   1.18986
xc0.xcore.vss__t519                8.90818e-12
xc0.xcore.tail__t31                    1.18986
xc0.xcore.inp__t12                      2.5245
xc0.xcore.outp__t58                    2.79594
xc0.xcore.vss__t520                8.96246e-12
xc0.xcore.outp__t35                    2.79594
xc0.xcore.inp__t32                      2.5245
xc0.xcore.tail__t104                   1.18986
xc0.xcore.vss__t521                9.01673e-12
xc0.xcore.tail__t43                    1.18987
xc0.xcore.inp__t31                      2.5245
xc0.xcore.outp__t68                    2.79593
xc0.xcore.vss__t522                  9.071e-12
xc0.xcore.outp__t33                    2.79593
xc0.xcore.inp__t30                      2.5245
xc0.xcore.tail__t103                   1.18987
xc0.xcore.vss__t523                9.12527e-12
xc0.xcore.tail__t1                     1.18987
xc0.xcore.inp__t2                       2.5245
xc0.xcore.outp__t34                    2.79593
xc0.xcore.vss__t586                9.17954e-12
xc0.xcore.ibias__t215                  1.03182
xc0.xcore.ibias__t3                    1.03455
xc0.xcore.vss__t2                  2.51857e-05
xc0.xcore.vss__t459                5.19764e-13
xc0.xcore.vss__t81                 2.49859e-05
xc0.xcore.ibias__t158                  1.03455
xc0.xcore.ibias__t216                  1.03185
xc0.xcore.vss__t448                5.15654e-13
xc0.xcore.ibias__t213                  1.03188
xc0.xcore.ibias__t171                  1.03455
xc0.xcore.vss__t190                2.47861e-05
xc0.xcore.vss__t449                5.11543e-13
xc0.xcore.vss__t83                 2.45863e-05
xc0.xcore.ibias__t163                  1.03455
xc0.xcore.ibias__t218                  1.03191
xc0.xcore.vss__t450                5.07433e-13
xc0.xcore.ibias__t212                  1.03194
xc0.xcore.ibias__t162                  1.03455
xc0.xcore.vss__t185                2.43865e-05
xc0.xcore.vss__t451                5.03322e-13
xc0.xcore.vss__t89                 2.41867e-05
xc0.xcore.ibias__t177                  1.03455
xc0.xcore.ibias__t219                  1.03197
xc0.xcore.vss__t452                4.99211e-13
xc0.xcore.ibias__t211                    1.032
xc0.xcore.ibias__t160                  1.03455
xc0.xcore.vss__t183                2.39868e-05
xc0.xcore.vss__t453                  4.951e-13
xc0.xcore.vss__t82                  2.3787e-05
xc0.xcore.ibias__t159                  1.03455
xc0.xcore.ibias__t217                  1.03203
xc0.xcore.vss__t454                4.90988e-13
xc0.xcore.ibias__t214                  1.03206
xc0.xcore.ibias__t174                  1.03455
xc0.xcore.vss__t192                2.35872e-05
xc0.xcore.vss__t455                4.86877e-13
xc0.xcore.vss__t3                  2.33874e-05
xc0.xcore.ibias__t4                    1.03455
xc0.xcore.ibias__t210                  1.03209
xc0.xcore.vss__t457                4.82765e-13
xc0.xcore.outn__t52                    3.29998
xc0.xcore.inn__t1                       1.6335
xc0.xcore.tail__t3                     1.18976
xc0.xcore.vss__t461                2.61649e-12
xc0.xcore.tail__t62                    1.18976
xc0.xcore.inn__t58                      1.6335
xc0.xcore.outn__t81                    3.29998
xc0.xcore.vss__t524                2.64132e-12
xc0.xcore.outn__t49                    3.29998
xc0.xcore.inn__t59                      1.6335
xc0.xcore.tail__t124                   1.18976
xc0.xcore.vss__t525                2.66615e-12
xc0.xcore.tail__t63                    1.18976
xc0.xcore.inn__t60                      1.6335
xc0.xcore.outn__t82                    3.29998
xc0.xcore.vss__t526                2.69098e-12
xc0.xcore.outn__t50                    3.29998
xc0.xcore.inn__t61                      1.6335
xc0.xcore.tail__t125                   1.18976
xc0.xcore.vss__t527                2.71581e-12
xc0.xcore.tail__t64                    1.18976
xc0.xcore.inn__t62                      1.6335
xc0.xcore.outn__t83                    3.29998
xc0.xcore.vss__t528                2.74065e-12
xc0.xcore.outn__t46                    3.29998
xc0.xcore.inn__t52                      1.6335
xc0.xcore.tail__t105                   1.18976
xc0.xcore.vss__t529                2.76548e-12
xc0.xcore.tail__t15                    1.18976
xc0.xcore.inn__t21                      1.6335
xc0.xcore.outn__t63                    3.29998
xc0.xcore.vss__t530                2.79031e-12
xc0.xcore.outn__t45                    3.29998
xc0.xcore.inn__t51                      1.6335
xc0.xcore.tail__t100                   1.18976
xc0.xcore.vss__t531                2.81515e-12
xc0.xcore.tail__t34                    1.18976
xc0.xcore.inn__t48                      1.6335
xc0.xcore.outn__t76                    3.29998
xc0.xcore.vss__t532                2.83998e-12
xc0.xcore.outn__t44                    3.29998
xc0.xcore.inn__t50                      1.6335
xc0.xcore.tail__t99                    1.18976
xc0.xcore.vss__t533                2.86482e-12
xc0.xcore.tail__t61                    1.18976
xc0.xcore.inn__t57                      1.6335
xc0.xcore.outn__t80                    3.29998
xc0.xcore.vss__t534                2.88966e-12
xc0.xcore.outn__t40                    3.29998
xc0.xcore.inn__t42                      1.6335
xc0.xcore.tail__t87                    1.18976
xc0.xcore.vss__t535                2.91449e-12
xc0.xcore.tail__t27                    1.18976
xc0.xcore.inn__t41                      1.6335
xc0.xcore.outn__t73                    3.29998
xc0.xcore.vss__t536                2.93933e-12
xc0.xcore.outn__t39                    3.29998
xc0.xcore.inn__t40                      1.6335
xc0.xcore.tail__t86                    1.18976
xc0.xcore.vss__t537                2.96417e-12
xc0.xcore.tail__t26                    1.18976
xc0.xcore.inn__t39                      1.6335
xc0.xcore.outn__t72                    3.29998
xc0.xcore.vss__t538                2.98901e-12
xc0.xcore.outn__t38                    3.29998
xc0.xcore.inn__t38                      1.6335
xc0.xcore.tail__t85                    1.18976
xc0.xcore.vss__t539                3.01384e-12
xc0.xcore.tail__t25                    1.18976
xc0.xcore.inn__t37                      1.6335
xc0.xcore.outn__t71                    3.29998
xc0.xcore.vss__t540                3.03868e-12
xc0.xcore.outn__t47                    3.29998
xc0.xcore.inn__t53                      1.6335
xc0.xcore.tail__t109                   1.18976
xc0.xcore.vss__t541                3.06352e-12
xc0.xcore.tail__t52                    1.18976
xc0.xcore.inn__t55                      1.6335
xc0.xcore.outn__t78                    3.29998
xc0.xcore.vss__t542                3.08836e-12
xc0.xcore.outn__t48                    3.29998
xc0.xcore.inn__t54                      1.6335
xc0.xcore.tail__t117                   1.18976
xc0.xcore.vss__t543                 3.1132e-12
xc0.xcore.tail__t39                    1.18976
xc0.xcore.inn__t49                      1.6335
xc0.xcore.outn__t77                    3.29998
xc0.xcore.vss__t544                3.13804e-12
xc0.xcore.outn__t41                    3.29998
xc0.xcore.inn__t43                      1.6335
xc0.xcore.tail__t89                    1.18976
xc0.xcore.vss__t545                3.16289e-12
xc0.xcore.tail__t29                    1.18976
xc0.xcore.inn__t47                      1.6335
xc0.xcore.outn__t75                    3.29998
xc0.xcore.vss__t546                3.18773e-12
xc0.xcore.outn__t43                    3.29998
xc0.xcore.inn__t46                      1.6335
xc0.xcore.tail__t91                    1.18976
xc0.xcore.vss__t547                3.21257e-12
xc0.xcore.tail__t28                    1.18976
xc0.xcore.inn__t45                      1.6335
xc0.xcore.outn__t74                    3.29998
xc0.xcore.vss__t548                3.23741e-12
xc0.xcore.outn__t42                    3.29998
xc0.xcore.inn__t44                      1.6335
xc0.xcore.tail__t90                    1.18976
xc0.xcore.vss__t549                3.26226e-12
xc0.xcore.tail__t59                    1.18976
xc0.xcore.inn__t56                      1.6335
xc0.xcore.outn__t79                    3.29998
xc0.xcore.vss__t550                 3.2871e-12
xc0.xcore.outn__t51                    3.29998
xc0.xcore.inn__t63                      1.6335
xc0.xcore.tail__t127                   1.18976
xc0.xcore.vss__t551                3.31194e-12
xc0.xcore.tail__t13                    1.18976
xc0.xcore.inn__t19                      1.6335
xc0.xcore.outn__t62                    3.29998
xc0.xcore.vss__t552                3.33679e-12
xc0.xcore.outn__t28                    3.29998
xc0.xcore.inn__t18                      1.6335
xc0.xcore.tail__t72                    1.18976
xc0.xcore.vss__t553                3.36163e-12
xc0.xcore.tail__t12                    1.18976
xc0.xcore.inn__t17                      1.6335
xc0.xcore.outn__t61                    3.29998
xc0.xcore.vss__t554                3.38648e-12
xc0.xcore.outn__t27                    3.29998
xc0.xcore.inn__t16                      1.6335
xc0.xcore.tail__t71                    1.18976
xc0.xcore.vss__t555                3.41132e-12
xc0.xcore.tail__t11                    1.18976
xc0.xcore.inn__t15                      1.6335
xc0.xcore.outn__t60                    3.29998
xc0.xcore.vss__t556                3.43617e-12
xc0.xcore.outn__t26                    3.29998
xc0.xcore.inn__t14                      1.6335
xc0.xcore.tail__t70                    1.18976
xc0.xcore.vss__t557                3.46101e-12
xc0.xcore.tail__t10                    1.18976
xc0.xcore.inn__t13                      1.6335
xc0.xcore.outn__t59                    3.29998
xc0.xcore.vss__t558                3.48586e-12
xc0.xcore.outn__t25                    3.29998
xc0.xcore.inn__t12                      1.6335
xc0.xcore.tail__t69                    1.18976
xc0.xcore.vss__t559                3.51071e-12
xc0.xcore.tail__t6                     1.18976
xc0.xcore.inn__t5                       1.6335
xc0.xcore.outn__t55                    3.29998
xc0.xcore.vss__t560                3.53555e-12
xc0.xcore.outn__t24                    3.29998
xc0.xcore.inn__t11                      1.6335
xc0.xcore.tail__t68                    1.18976
xc0.xcore.vss__t561                 3.5604e-12
xc0.xcore.tail__t4                     1.18976
xc0.xcore.inn__t2                       1.6335
xc0.xcore.outn__t53                    3.29998
xc0.xcore.vss__t562                3.58525e-12
xc0.xcore.outn__t21                    3.29998
xc0.xcore.inn__t3                       1.6335
xc0.xcore.tail__t65                    1.18976
xc0.xcore.vss__t563                 3.6101e-12
xc0.xcore.tail__t5                     1.18976
xc0.xcore.inn__t4                       1.6335
xc0.xcore.outn__t54                    3.29998
xc0.xcore.vss__t564                3.63494e-12
xc0.xcore.outn__t22                    3.29998
xc0.xcore.inn__t6                       1.6335
xc0.xcore.tail__t66                    1.18976
xc0.xcore.vss__t565                3.65979e-12
xc0.xcore.tail__t7                     1.18976
xc0.xcore.inn__t7                       1.6335
xc0.xcore.outn__t56                    3.29998
xc0.xcore.vss__t566                3.68464e-12
xc0.xcore.outn__t23                    3.29998
xc0.xcore.inn__t8                       1.6335
xc0.xcore.tail__t67                    1.18976
xc0.xcore.vss__t567                3.70949e-12
xc0.xcore.tail__t8                     1.18976
xc0.xcore.inn__t9                       1.6335
xc0.xcore.outn__t57                    3.29998
xc0.xcore.vss__t568                3.73434e-12
xc0.xcore.outn__t29                    3.29998
xc0.xcore.inn__t20                      1.6335
xc0.xcore.tail__t73                    1.18976
xc0.xcore.vss__t569                3.75919e-12
xc0.xcore.tail__t9                     1.18976
xc0.xcore.inn__t10                      1.6335
xc0.xcore.outn__t58                    3.29998
xc0.xcore.vss__t570                3.78404e-12
xc0.xcore.outn__t36                    3.29998
xc0.xcore.inn__t35                      1.6335
xc0.xcore.tail__t83                    1.18976
xc0.xcore.vss__t571                3.80889e-12
xc0.xcore.tail__t24                    1.18976
xc0.xcore.inn__t34                      1.6335
xc0.xcore.outn__t70                    3.29998
xc0.xcore.vss__t572                3.83374e-12
xc0.xcore.outn__t35                    3.29998
xc0.xcore.inn__t33                      1.6335
xc0.xcore.tail__t82                    1.18976
xc0.xcore.vss__t573                3.85859e-12
xc0.xcore.tail__t23                    1.18976
xc0.xcore.inn__t32                      1.6335
xc0.xcore.outn__t69                    3.29998
xc0.xcore.vss__t574                3.88344e-12
xc0.xcore.outn__t34                    3.29998
xc0.xcore.inn__t31                      1.6335
xc0.xcore.tail__t81                    1.18976
xc0.xcore.vss__t575                3.90829e-12
xc0.xcore.tail__t22                    1.18976
xc0.xcore.inn__t30                      1.6335
xc0.xcore.outn__t68                    3.29998
xc0.xcore.vss__t576                3.93314e-12
xc0.xcore.outn__t33                    3.29998
xc0.xcore.inn__t29                      1.6335
xc0.xcore.tail__t80                    1.18976
xc0.xcore.vss__t577                3.95799e-12
xc0.xcore.tail__t21                    1.18976
xc0.xcore.inn__t28                      1.6335
xc0.xcore.outn__t67                    3.29998
xc0.xcore.vss__t578                3.98284e-12
xc0.xcore.outn__t32                    3.29998
xc0.xcore.inn__t27                      1.6335
xc0.xcore.tail__t79                    1.18976
xc0.xcore.vss__t579                4.00769e-12
xc0.xcore.tail__t20                    1.18976
xc0.xcore.inn__t26                      1.6335
xc0.xcore.outn__t66                    3.29998
xc0.xcore.vss__t580                4.03255e-12
xc0.xcore.outn__t37                    3.29998
xc0.xcore.inn__t36                      1.6335
xc0.xcore.tail__t84                    1.18976
xc0.xcore.vss__t581                 4.0574e-12
xc0.xcore.tail__t18                    1.18976
xc0.xcore.inn__t25                      1.6335
xc0.xcore.outn__t65                    3.29998
xc0.xcore.vss__t582                4.08225e-12
xc0.xcore.outn__t31                    3.29998
xc0.xcore.inn__t24                      1.6335
xc0.xcore.tail__t78                    1.18976
xc0.xcore.vss__t583                 4.1071e-12
xc0.xcore.tail__t17                    1.18976
xc0.xcore.inn__t23                      1.6335
xc0.xcore.outn__t64                    3.29998
xc0.xcore.vss__t584                4.13195e-12
xc0.xcore.outn__t30                    3.29998
xc0.xcore.inn__t22                      1.6335
xc0.xcore.tail__t77                    1.18976
xc0.xcore.vss__t585                4.15681e-12
xc0.xcore.tail__t2                     1.18976
xc0.xcore.inn__t0                       1.6335
xc0.xcore.outn__t20                    3.29998
xc0.xcore.vss__t587                4.18166e-12
xc0.xcore.vss__t210                2.60361e-12
xc0.xcore.outp__t16                    2.79614
xc0.xcore.vss__t211                  2.573e-12
xc0.xcore.outp__t17                    2.79614
xc0.xcore.vss__t212                2.54243e-12
xc0.xcore.outp__t18                    2.79614
xc0.xcore.vss__t213                2.51187e-12
xc0.xcore.outp__t19                    2.79614
xc0.xcore.vss__t214                2.48135e-12
xc0.xcore.outp__t0                     2.79614
xc0.xcore.vss__t215                2.45085e-12
xc0.xcore.outp__t1                     2.79614
xc0.xcore.vss__t216                2.42038e-12
xc0.xcore.outp__t2                     2.79614
xc0.xcore.vss__t217                2.38994e-12
xc0.xcore.outp__t3                     2.79614
xc0.xcore.vss__t218                2.35953e-12
xc0.xcore.outp__t4                     2.79614
xc0.xcore.vss__t219                2.32915e-12
xc0.xcore.outp__t15                    2.79614
xc0.xcore.vss__t220                2.29881e-12
xc0.xcore.outp__t6                     2.79614
xc0.xcore.vss__t221                 2.2685e-12
xc0.xcore.outp__t7                     2.79614
xc0.xcore.vss__t222                2.23823e-12
xc0.xcore.outp__t8                     2.79614
xc0.xcore.vss__t223                2.20799e-12
xc0.xcore.outp__t9                     2.79614
xc0.xcore.vss__t224                2.17779e-12
xc0.xcore.outp__t10                    2.79614
xc0.xcore.vss__t225                2.14764e-12
xc0.xcore.outp__t11                    2.79614
xc0.xcore.vss__t226                2.11752e-12
xc0.xcore.outp__t12                    2.79614
xc0.xcore.vss__t227                2.08745e-12
xc0.xcore.outp__t13                    2.79614
xc0.xcore.vss__t228                2.05743e-12
xc0.xcore.outp__t14                    2.79614
xc0.xcore.vss__t229                2.02746e-12
xc0.xcore.outp__t5                     2.79614
xc0.xcore.vss__t230                2.18455e-12
xc0.xcore.outn__t0                     3.29998
xc0.xcore.vss__t231                2.21954e-12
xc0.xcore.outn__t5                     3.29998
xc0.xcore.vss__t232                2.25459e-12
xc0.xcore.outn__t6                     3.29998
xc0.xcore.vss__t233                2.28972e-12
xc0.xcore.outn__t7                     3.29998
xc0.xcore.vss__t234                2.32491e-12
xc0.xcore.outn__t8                     3.29998
xc0.xcore.vss__t235                2.36017e-12
xc0.xcore.outn__t9                     3.29998
xc0.xcore.vss__t236                2.39549e-12
xc0.xcore.outn__t10                    3.29998
xc0.xcore.vss__t237                2.43087e-12
xc0.xcore.outn__t11                    3.29998
xc0.xcore.vss__t238                2.46631e-12
xc0.xcore.outn__t12                    3.29998
xc0.xcore.vss__t239                 2.5018e-12
xc0.xcore.outn__t13                    3.29998
xc0.xcore.vss__t240                2.53735e-12
xc0.xcore.outn__t14                    3.29998
xc0.xcore.vss__t241                2.57294e-12
xc0.xcore.outn__t15                    3.29998
xc0.xcore.vss__t242                2.60858e-12
xc0.xcore.outn__t16                    3.29998
xc0.xcore.vss__t243                2.64427e-12
xc0.xcore.outn__t17                    3.29998
xc0.xcore.vss__t244                   2.68e-12
xc0.xcore.outn__t19                    3.29998
xc0.xcore.vss__t245                2.71577e-12
xc0.xcore.outn__t18                    3.29998
xc0.xcore.vss__t246                2.75159e-12
xc0.xcore.outn__t1                     3.29998
xc0.xcore.vss__t247                2.78744e-12
xc0.xcore.outn__t2                     3.29998
xc0.xcore.vss__t248                2.82333e-12
xc0.xcore.outn__t3                     3.29998
xc0.xcore.vss__t249                2.85926e-12
xc0.xcore.outn__t4                     3.29998
ib_c0                                  1.03455
xc0.xcore.vsubs                              0
outn_c0                                3.29998
outp_c0                                2.79614
xc0.tail                               1.18976
vd_c0                                 0.503834
xc1.xcore.tail__t186                   1.18974
xc1.xcore.ibias__t118                  1.03455
xc1.xcore.vss__t163                5.33908e-06
xc1.xcore.vss__t349                 1.2625e-13
xc1.xcore.vss__t60                 5.14261e-06
xc1.xcore.ibias__t117                  1.03455
xc1.xcore.tail__t286                   1.18974
xc1.xcore.vss__t350                1.21604e-13
xc1.xcore.tail__t197                   1.18974
xc1.xcore.ibias__t140                  1.03455
xc1.xcore.vss__t174                4.94655e-06
xc1.xcore.vss__t351                1.16968e-13
xc1.xcore.vss__t68                 4.75095e-06
xc1.xcore.ibias__t133                  1.03455
xc1.xcore.tail__t294                   1.18974
xc1.xcore.vss__t352                1.12342e-13
xc1.xcore.tail__t193                   1.18975
xc1.xcore.ibias__t132                  1.03455
xc1.xcore.vss__t170                4.55587e-06
xc1.xcore.vss__t353                1.07729e-13
xc1.xcore.vss__t67                 4.36138e-06
xc1.xcore.ibias__t131                  1.03455
xc1.xcore.tail__t293                   1.18975
xc1.xcore.vss__t354                 1.0313e-13
xc1.xcore.tail__t192                   1.18975
xc1.xcore.ibias__t130                  1.03455
xc1.xcore.vss__t169                4.16756e-06
xc1.xcore.vss__t355                9.85472e-14
xc1.xcore.vss__t74                 3.97451e-06
xc1.xcore.ibias__t145                  1.03455
xc1.xcore.tail__t300                   1.18975
xc1.xcore.vss__t356                9.39822e-14
xc1.xcore.tail__t191                   1.18975
xc1.xcore.ibias__t128                  1.03455
xc1.xcore.vss__t168                3.78235e-06
xc1.xcore.vss__t357                8.94383e-14
xc1.xcore.vss__t65                 3.59122e-06
xc1.xcore.ibias__t127                  1.03455
xc1.xcore.tail__t291                   1.18975
xc1.xcore.vss__t358                8.49187e-14
xc1.xcore.tail__t190                   1.18975
xc1.xcore.ibias__t126                  1.03455
xc1.xcore.vss__t167                 3.4013e-06
xc1.xcore.vss__t359                8.04277e-14
xc1.xcore.vss__t64                  3.2128e-06
xc1.xcore.ibias__t125                  1.03455
xc1.xcore.tail__t290                   1.18975
xc1.xcore.vss__t360                7.59702e-14
xc1.xcore.tail__t189                   1.18975
xc1.xcore.ibias__t124                  1.03455
xc1.xcore.vss__t166                3.02598e-06
xc1.xcore.vss__t361                7.15526e-14
xc1.xcore.vss__t63                 2.84117e-06
xc1.xcore.ibias__t123                  1.03455
xc1.xcore.tail__t289                   1.18975
xc1.xcore.vss__t362                6.71827e-14
xc1.xcore.tail__t188                   1.18975
xc1.xcore.ibias__t122                  1.03455
xc1.xcore.vss__t165                2.65881e-06
xc1.xcore.vss__t363                6.28704e-14
xc1.xcore.vss__t62                 2.47942e-06
xc1.xcore.ibias__t121                  1.03455
xc1.xcore.tail__t288                   1.18975
xc1.xcore.vss__t364                5.86284e-14
xc1.xcore.tail__t187                   1.18975
xc1.xcore.ibias__t120                  1.03455
xc1.xcore.vss__t164                 2.3037e-06
xc1.xcore.vss__t365                5.44733e-14
xc1.xcore.vss__t26                 2.13256e-06
xc1.xcore.ibias__t0                    1.03455
xc1.xcore.tail__t252                   1.18975
xc1.xcore.vss__t366                5.04265e-14
xc1.xcore.tail__t175                   1.18975
xc1.xcore.ibias__t97                   1.03455
xc1.xcore.vss__t152                1.96719e-06
xc1.xcore.vss__t367                4.65162e-14
xc1.xcore.vss__t42                 1.80918e-06
xc1.xcore.ibias__t78                   1.03455
xc1.xcore.tail__t268                   1.18975
xc1.xcore.vss__t368                4.27799e-14
xc1.xcore.tail__t164                   1.18975
xc1.xcore.ibias__t77                   1.03455
xc1.xcore.vss__t141                1.66063e-06
xc1.xcore.vss__t369                3.92673e-14
xc1.xcore.vss__t37                 1.52431e-06
xc1.xcore.ibias__t70                   1.03455
xc1.xcore.tail__t263                   1.18975
xc1.xcore.vss__t370                3.60438e-14
xc1.xcore.tail__t167                   1.18975
xc1.xcore.ibias__t82                   1.03455
xc1.xcore.vss__t144                1.40379e-06
xc1.xcore.vss__t371                3.31938e-14
xc1.xcore.vss__t39                 1.30345e-06
xc1.xcore.ibias__t72                   1.03455
xc1.xcore.tail__t265                   1.18975
xc1.xcore.vss__t372                3.08212e-14
xc1.xcore.tail__t162                   1.18975
xc1.xcore.ibias__t73                   1.03455
xc1.xcore.vss__t139                1.22825e-06
xc1.xcore.vss__t373                 2.9043e-14
xc1.xcore.vss__t40                 1.18299e-06
xc1.xcore.ibias__t74                   1.03455
xc1.xcore.tail__t266                   1.18975
xc1.xcore.vss__t374                2.79729e-14
xc1.xcore.tail__t163                   1.18975
xc1.xcore.ibias__t75                   1.03455
xc1.xcore.vss__t140                1.17116e-06
xc1.xcore.vss__t375                2.76932e-14
xc1.xcore.vss__t41                 1.19375e-06
xc1.xcore.ibias__t76                   1.03455
xc1.xcore.tail__t267                   1.18975
xc1.xcore.vss__t376                2.82273e-14
xc1.xcore.tail__t129                   1.18975
xc1.xcore.ibias__t9                    1.03455
xc1.xcore.vss__t107                1.24888e-06
xc1.xcore.vss__t377                2.95311e-14
xc1.xcore.vss__t6                  1.33254e-06
xc1.xcore.ibias__t8                    1.03455
xc1.xcore.tail__t232                   1.18975
xc1.xcore.vss__t378                3.15091e-14
xc1.xcore.tail__t128                   1.18975
xc1.xcore.ibias__t7                    1.03455
xc1.xcore.vss__t106                1.43974e-06
xc1.xcore.vss__t379                3.40442e-14
xc1.xcore.vss__t5                  1.56567e-06
xc1.xcore.ibias__t6                    1.03455
xc1.xcore.tail__t231                   1.18975
xc1.xcore.vss__t380                 3.7022e-14
xc1.xcore.tail__t141                   1.18975
xc1.xcore.ibias__t31                   1.03455
xc1.xcore.vss__t119                1.70619e-06
xc1.xcore.vss__t381                4.03446e-14
xc1.xcore.vss__t4                  1.85798e-06
xc1.xcore.ibias__t5                    1.03455
xc1.xcore.tail__t230                   1.18975
xc1.xcore.vss__t382                4.39338e-14
xc1.xcore.tail__t158                   1.18976
xc1.xcore.ibias__t62                   1.03455
xc1.xcore.vss__t135                 2.0185e-06
xc1.xcore.vss__t383                4.77296e-14
xc1.xcore.vss__t33                 2.18583e-06
xc1.xcore.ibias__t63                   1.03455
xc1.xcore.tail__t259                   1.18976
xc1.xcore.vss__t384                5.16865e-14
xc1.xcore.tail__t159                   1.18976
xc1.xcore.ibias__t64                   1.03455
xc1.xcore.vss__t136                2.35853e-06
xc1.xcore.vss__t385                5.57701e-14
xc1.xcore.vss__t34                 2.53549e-06
xc1.xcore.ibias__t65                   1.03455
xc1.xcore.tail__t260                   1.18976
xc1.xcore.vss__t386                5.99546e-14
xc1.xcore.tail__t160                   1.18976
xc1.xcore.ibias__t66                   1.03455
xc1.xcore.vss__t137                2.71588e-06
xc1.xcore.vss__t387                6.42203e-14
xc1.xcore.vss__t35                 2.89906e-06
xc1.xcore.ibias__t67                   1.03455
xc1.xcore.tail__t261                   1.18976
xc1.xcore.vss__t388                6.85521e-14
xc1.xcore.tail__t161                   1.18976
xc1.xcore.ibias__t68                   1.03455
xc1.xcore.vss__t138                3.08454e-06
xc1.xcore.vss__t389                 7.2938e-14
xc1.xcore.vss__t36                 3.27192e-06
xc1.xcore.ibias__t69                   1.03455
xc1.xcore.tail__t262                   1.18976
xc1.xcore.vss__t390                 7.7369e-14
xc1.xcore.tail__t130                   1.18976
xc1.xcore.ibias__t10                   1.03455
xc1.xcore.vss__t108                 3.4609e-06
xc1.xcore.vss__t391                8.18378e-14
xc1.xcore.vss__t13                 3.65122e-06
xc1.xcore.ibias__t23                   1.03455
xc1.xcore.tail__t239                   1.18976
xc1.xcore.vss__t392                8.63383e-14
xc1.xcore.tail__t137                   1.18976
xc1.xcore.ibias__t24                   1.03455
xc1.xcore.vss__t115                 3.8427e-06
xc1.xcore.vss__t393                9.08661e-14
xc1.xcore.vss__t14                 4.03515e-06
xc1.xcore.ibias__t25                   1.03455
xc1.xcore.tail__t240                   1.18976
xc1.xcore.vss__t394                 9.5417e-14
xc1.xcore.tail__t138                   1.18976
xc1.xcore.ibias__t26                   1.03455
xc1.xcore.vss__t116                4.22845e-06
xc1.xcore.vss__t395                9.99881e-14
xc1.xcore.vss__t15                 4.42249e-06
xc1.xcore.ibias__t27                   1.03455
xc1.xcore.tail__t241                   1.18976
xc1.xcore.vss__t396                1.04577e-13
xc1.xcore.tail__t139                   1.18976
xc1.xcore.ibias__t28                   1.03455
xc1.xcore.vss__t117                4.61718e-06
xc1.xcore.vss__t397                 1.0918e-13
xc1.xcore.vss__t16                 4.81243e-06
xc1.xcore.ibias__t29                   1.03455
xc1.xcore.tail__t242                   1.18976
xc1.xcore.vss__t398                1.13798e-13
xc1.xcore.tail__t140                   1.18976
xc1.xcore.ibias__t30                   1.03455
xc1.xcore.vss__t118                5.00818e-06
xc1.xcore.vss__t399                1.18427e-13
xc1.xcore.vss__t21                 5.20437e-06
xc1.xcore.ibias__t41                   1.03455
xc1.xcore.tail__t247                   1.18976
xc1.xcore.vss__t400                1.23066e-13
xc1.xcore.tail__t142                   1.18976
xc1.xcore.ibias__t32                   1.03455
xc1.xcore.vss__t120                5.40096e-06
xc1.xcore.vss__t401                1.27715e-13
xc1.xcore.vss__t17                 5.59791e-06
xc1.xcore.ibias__t33                   1.03455
xc1.xcore.tail__t243                   1.18976
xc1.xcore.vss__t402                1.32372e-13
xc1.xcore.tail__t143                   1.18976
xc1.xcore.ibias__t34                   1.03455
xc1.xcore.vss__t121                5.79517e-06
xc1.xcore.vss__t403                1.37037e-13
xc1.xcore.vss__t18                 5.99272e-06
xc1.xcore.ibias__t35                   1.03455
xc1.xcore.tail__t244                   1.18976
xc1.xcore.vss__t404                1.41708e-13
xc1.xcore.tail__t144                   1.18976
xc1.xcore.ibias__t36                   1.03455
xc1.xcore.vss__t122                6.19052e-06
xc1.xcore.vss__t405                1.46386e-13
xc1.xcore.vss__t19                 6.38856e-06
xc1.xcore.ibias__t37                   1.03455
xc1.xcore.tail__t245                   1.18976
xc1.xcore.vss__t406                1.51069e-13
xc1.xcore.tail__t145                   1.18976
xc1.xcore.ibias__t38                   1.03455
xc1.xcore.vss__t123                6.58681e-06
xc1.xcore.vss__t407                1.55757e-13
xc1.xcore.vss__t20                 6.78526e-06
xc1.xcore.ibias__t39                   1.03455
xc1.xcore.tail__t246                   1.18976
xc1.xcore.vss__t408                 1.6045e-13
xc1.xcore.tail__t146                   1.18976
xc1.xcore.ibias__t40                   1.03455
xc1.xcore.vss__t124                6.98389e-06
xc1.xcore.vss__t409                1.65147e-13
xc1.xcore.vss__t8                  7.18268e-06
xc1.xcore.ibias__t12                   1.03455
xc1.xcore.tail__t234                   1.18976
xc1.xcore.vss__t410                1.69848e-13
xc1.xcore.tail__t135                   1.18976
xc1.xcore.ibias__t21                   1.03455
xc1.xcore.vss__t113                7.38162e-06
xc1.xcore.vss__t411                1.74553e-13
xc1.xcore.vss__t9                  7.58069e-06
xc1.xcore.ibias__t13                   1.03455
xc1.xcore.tail__t235                   1.18976
xc1.xcore.vss__t412                 1.7926e-13
xc1.xcore.tail__t131                   1.18976
xc1.xcore.ibias__t14                   1.03455
xc1.xcore.vss__t109                 7.7799e-06
xc1.xcore.vss__t413                1.83971e-13
xc1.xcore.vss__t10                 7.97922e-06
xc1.xcore.ibias__t15                   1.03455
xc1.xcore.tail__t236                   1.18976
xc1.xcore.vss__t414                1.88685e-13
xc1.xcore.tail__t134                   1.18976
xc1.xcore.ibias__t20                   1.03455
xc1.xcore.vss__t112                8.17865e-06
xc1.xcore.vss__t415                1.93401e-13
xc1.xcore.vss__t12                 8.37818e-06
xc1.xcore.ibias__t19                   1.03455
xc1.xcore.tail__t238                   1.18976
xc1.xcore.vss__t416                1.98119e-13
xc1.xcore.tail__t133                   1.18975
xc1.xcore.ibias__t18                   1.03455
xc1.xcore.vss__t111                8.57781e-06
xc1.xcore.vss__t417                 2.0284e-13
xc1.xcore.vss__t11                 8.77753e-06
xc1.xcore.ibias__t17                   1.03455
xc1.xcore.tail__t237                   1.18975
xc1.xcore.vss__t418                2.07563e-13
xc1.xcore.tail__t132                   1.18975
xc1.xcore.ibias__t16                   1.03455
xc1.xcore.vss__t110                8.97732e-06
xc1.xcore.vss__t419                2.12288e-13
xc1.xcore.vss__t7                   9.1772e-06
xc1.xcore.ibias__t11                   1.03455
xc1.xcore.tail__t233                   1.18975
xc1.xcore.vss__t420                2.17015e-13
xc1.xcore.tail__t136                   1.18975
xc1.xcore.ibias__t22                   1.03455
xc1.xcore.vss__t114                9.37714e-06
xc1.xcore.vss__t421                2.21743e-13
xc1.xcore.vss__t23                 9.57715e-06
xc1.xcore.ibias__t45                   1.03455
xc1.xcore.tail__t249                   1.18975
xc1.xcore.vss__t422                2.26473e-13
xc1.xcore.tail__t150                   1.18975
xc1.xcore.ibias__t46                   1.03455
xc1.xcore.vss__t127                9.77723e-06
xc1.xcore.vss__t423                2.31204e-13
xc1.xcore.vss__t24                 9.97736e-06
xc1.xcore.ibias__t47                   1.03455
xc1.xcore.tail__t250                   1.18975
xc1.xcore.vss__t424                2.35937e-13
xc1.xcore.tail__t151                   1.18975
xc1.xcore.ibias__t48                   1.03455
xc1.xcore.vss__t128                1.01776e-05
xc1.xcore.vss__t425                2.40671e-13
xc1.xcore.vss__t25                 1.03778e-05
xc1.xcore.ibias__t49                   1.03455
xc1.xcore.tail__t251                   1.18975
xc1.xcore.vss__t426                2.45407e-13
xc1.xcore.tail__t152                   1.18975
xc1.xcore.ibias__t50                   1.03455
xc1.xcore.vss__t129                1.05781e-05
xc1.xcore.vss__t427                2.50143e-13
xc1.xcore.vss__t32                 1.07784e-05
xc1.xcore.ibias__t61                   1.03455
xc1.xcore.tail__t258                   1.18975
xc1.xcore.vss__t428                2.54881e-13
xc1.xcore.tail__t153                   1.18975
xc1.xcore.ibias__t51                   1.03455
xc1.xcore.vss__t130                1.09788e-05
xc1.xcore.vss__t429                 2.5962e-13
xc1.xcore.vss__t27                 1.11792e-05
xc1.xcore.ibias__t52                   1.03455
xc1.xcore.tail__t253                   1.18975
xc1.xcore.vss__t430                 2.6436e-13
xc1.xcore.tail__t154                   1.18975
xc1.xcore.ibias__t53                   1.03455
xc1.xcore.vss__t131                1.13797e-05
xc1.xcore.vss__t431                  2.691e-13
xc1.xcore.vss__t28                 1.15802e-05
xc1.xcore.ibias__t54                   1.03455
xc1.xcore.tail__t254                   1.18975
xc1.xcore.vss__t432                2.73842e-13
xc1.xcore.tail__t155                   1.18975
xc1.xcore.ibias__t55                   1.03455
xc1.xcore.vss__t132                1.17807e-05
xc1.xcore.vss__t433                2.78584e-13
xc1.xcore.vss__t29                 1.19813e-05
xc1.xcore.ibias__t56                   1.03455
xc1.xcore.tail__t255                   1.18975
xc1.xcore.vss__t434                2.83328e-13
xc1.xcore.tail__t156                   1.18975
xc1.xcore.ibias__t57                   1.03455
xc1.xcore.vss__t133                1.21819e-05
xc1.xcore.vss__t435                2.88072e-13
xc1.xcore.vss__t30                 1.23825e-05
xc1.xcore.ibias__t58                   1.03455
xc1.xcore.tail__t256                   1.18975
xc1.xcore.vss__t436                2.92816e-13
xc1.xcore.tail__t157                   1.18975
xc1.xcore.ibias__t59                   1.03455
xc1.xcore.vss__t134                1.25832e-05
xc1.xcore.vss__t437                2.97562e-13
xc1.xcore.vss__t31                 1.27839e-05
xc1.xcore.ibias__t60                   1.03455
xc1.xcore.tail__t257                   1.18975
xc1.xcore.vss__t438                3.02308e-13
xc1.xcore.tail__t211                   1.18975
xc1.xcore.ibias__t176                  1.03455
xc1.xcore.vss__t193                1.29846e-05
xc1.xcore.vss__t439                3.07055e-13
xc1.xcore.vss__t88                 1.31853e-05
xc1.xcore.ibias__t175                  1.03455
xc1.xcore.tail__t311                   1.18975
xc1.xcore.vss__t440                3.11802e-13
xc1.xcore.tail__t165                   1.18975
xc1.xcore.ibias__t79                   1.03455
xc1.xcore.vss__t142                1.33861e-05
xc1.xcore.vss__t441                 3.1655e-13
xc1.xcore.vss__t43                 1.35869e-05
xc1.xcore.ibias__t80                   1.03455
xc1.xcore.tail__t269                   1.18975
xc1.xcore.vss__t442                3.21298e-13
xc1.xcore.tail__t166                   1.18975
xc1.xcore.ibias__t81                   1.03455
xc1.xcore.vss__t143                1.37877e-05
xc1.xcore.vss__t443                3.26047e-13
xc1.xcore.vss__t38                 1.39885e-05
xc1.xcore.ibias__t71                   1.03455
xc1.xcore.tail__t264                   1.18975
xc1.xcore.vss__t444                3.30797e-13
xc1.xcore.tail__t147                   1.18975
xc1.xcore.ibias__t42                   1.03455
xc1.xcore.vss__t125                1.41894e-05
xc1.xcore.vss__t445                3.35547e-13
xc1.xcore.vss__t22                 1.43902e-05
xc1.xcore.ibias__t43                   1.03455
xc1.xcore.tail__t248                   1.18975
xc1.xcore.vss__t446                3.40297e-13
xc1.xcore.tail__t148                   1.18974
xc1.xcore.ibias__t44                   1.03455
xc1.xcore.vss__t126                1.45911e-05
xc1.xcore.vss__t447                3.45048e-13
xc1.xcore.vss__t0                   1.4792e-05
xc1.xcore.ibias__t1                    1.03455
xc1.xcore.tail__t149                   1.18974
xc1.xcore.vss__t456                3.49799e-13
xc1.xcore.tail__t229                   1.18971
xc1.xcore.ibias__t2                    1.03455
xc1.xcore.vss__t1                  2.53904e-05
xc1.xcore.vss__t458                6.00452e-13
xc1.xcore.vss__t189                2.51891e-05
xc1.xcore.ibias__t170                  1.03455
xc1.xcore.tail__t228                   1.18971
xc1.xcore.vss__t250                 5.9569e-13
xc1.xcore.tail__t209                   1.18971
xc1.xcore.ibias__t169                  1.03455
xc1.xcore.vss__t188                2.49878e-05
xc1.xcore.vss__t251                5.90929e-13
xc1.xcore.vss__t86                 2.47865e-05
xc1.xcore.ibias__t168                  1.03455
xc1.xcore.tail__t309                   1.18971
xc1.xcore.vss__t252                5.86168e-13
xc1.xcore.tail__t208                   1.18971
xc1.xcore.ibias__t167                  1.03455
xc1.xcore.vss__t187                2.45852e-05
xc1.xcore.vss__t253                5.81407e-13
xc1.xcore.vss__t85                  2.4384e-05
xc1.xcore.ibias__t166                  1.03455
xc1.xcore.tail__t308                   1.18971
xc1.xcore.vss__t254                5.76646e-13
xc1.xcore.tail__t207                   1.18971
xc1.xcore.ibias__t165                  1.03455
xc1.xcore.vss__t186                2.41827e-05
xc1.xcore.vss__t255                5.71886e-13
xc1.xcore.vss__t84                 2.39814e-05
xc1.xcore.ibias__t164                  1.03455
xc1.xcore.tail__t307                   1.18971
xc1.xcore.vss__t256                5.67125e-13
xc1.xcore.tail__t210                   1.18971
xc1.xcore.ibias__t173                  1.03455
xc1.xcore.vss__t191                2.37801e-05
xc1.xcore.vss__t257                5.62364e-13
xc1.xcore.vss__t87                 2.35788e-05
xc1.xcore.ibias__t172                  1.03455
xc1.xcore.tail__t310                   1.18971
xc1.xcore.vss__t258                5.57604e-13
xc1.xcore.tail__t219                   1.18971
xc1.xcore.ibias__t195                  1.03455
xc1.xcore.vss__t201                2.33776e-05
xc1.xcore.vss__t259                5.52844e-13
xc1.xcore.vss__t99                 2.31763e-05
xc1.xcore.ibias__t194                  1.03455
xc1.xcore.tail__t321                   1.18971
xc1.xcore.vss__t260                5.48083e-13
xc1.xcore.tail__t227                   1.18971
xc1.xcore.ibias__t209                  1.03455
xc1.xcore.vss__t209                 2.2975e-05
xc1.xcore.vss__t261                5.43323e-13
xc1.xcore.vss__t97                 2.27738e-05
xc1.xcore.ibias__t192                  1.03455
xc1.xcore.tail__t319                   1.18972
xc1.xcore.vss__t262                5.38563e-13
xc1.xcore.tail__t218                   1.18972
xc1.xcore.ibias__t191                  1.03455
xc1.xcore.vss__t200                2.25725e-05
xc1.xcore.vss__t263                5.33803e-13
xc1.xcore.vss__t96                 2.23712e-05
xc1.xcore.ibias__t190                  1.03455
xc1.xcore.tail__t318                   1.18972
xc1.xcore.vss__t264                5.29043e-13
xc1.xcore.tail__t217                   1.18972
xc1.xcore.ibias__t189                  1.03455
xc1.xcore.vss__t199                  2.217e-05
xc1.xcore.vss__t265                5.24284e-13
xc1.xcore.vss__t95                 2.19687e-05
xc1.xcore.ibias__t188                  1.03455
xc1.xcore.tail__t317                   1.18972
xc1.xcore.vss__t266                5.19524e-13
xc1.xcore.tail__t216                   1.18972
xc1.xcore.ibias__t187                  1.03455
xc1.xcore.vss__t198                2.17675e-05
xc1.xcore.vss__t267                5.14764e-13
xc1.xcore.vss__t94                 2.15663e-05
xc1.xcore.ibias__t186                  1.03455
xc1.xcore.tail__t316                   1.18972
xc1.xcore.vss__t268                5.10005e-13
xc1.xcore.tail__t215                   1.18972
xc1.xcore.ibias__t185                  1.03455
xc1.xcore.vss__t197                 2.1365e-05
xc1.xcore.vss__t269                5.05246e-13
xc1.xcore.vss__t93                 2.11638e-05
xc1.xcore.ibias__t184                  1.03455
xc1.xcore.tail__t315                   1.18972
xc1.xcore.vss__t270                5.00487e-13
xc1.xcore.tail__t214                   1.18972
xc1.xcore.ibias__t183                  1.03455
xc1.xcore.vss__t196                2.09626e-05
xc1.xcore.vss__t271                4.95728e-13
xc1.xcore.vss__t92                 2.07614e-05
xc1.xcore.ibias__t182                  1.03455
xc1.xcore.tail__t314                   1.18972
xc1.xcore.vss__t272                4.90969e-13
xc1.xcore.tail__t213                   1.18972
xc1.xcore.ibias__t181                  1.03455
xc1.xcore.vss__t195                2.05602e-05
xc1.xcore.vss__t273                 4.8621e-13
xc1.xcore.vss__t91                  2.0359e-05
xc1.xcore.ibias__t180                  1.03455
xc1.xcore.tail__t313                   1.18972
xc1.xcore.vss__t274                4.81452e-13
xc1.xcore.tail__t212                   1.18972
xc1.xcore.ibias__t179                  1.03455
xc1.xcore.vss__t194                2.01578e-05
xc1.xcore.vss__t275                4.76693e-13
xc1.xcore.vss__t90                 1.99566e-05
xc1.xcore.ibias__t178                  1.03455
xc1.xcore.tail__t312                   1.18972
xc1.xcore.vss__t276                4.71935e-13
xc1.xcore.tail__t206                   1.18972
xc1.xcore.ibias__t161                  1.03455
xc1.xcore.vss__t184                1.97554e-05
xc1.xcore.vss__t277                4.67177e-13
xc1.xcore.vss__t57                 1.95542e-05
xc1.xcore.ibias__t112                  1.03455
xc1.xcore.tail__t283                   1.18972
xc1.xcore.vss__t278                4.62419e-13
xc1.xcore.tail__t183                   1.18972
xc1.xcore.ibias__t111                  1.03455
xc1.xcore.vss__t160                1.93531e-05
xc1.xcore.vss__t279                4.57662e-13
xc1.xcore.vss__t56                 1.91519e-05
xc1.xcore.ibias__t110                  1.03455
xc1.xcore.tail__t282                   1.18972
xc1.xcore.vss__t280                4.52904e-13
xc1.xcore.tail__t182                   1.18972
xc1.xcore.ibias__t109                  1.03455
xc1.xcore.vss__t159                1.89508e-05
xc1.xcore.vss__t281                4.48147e-13
xc1.xcore.vss__t55                 1.87496e-05
xc1.xcore.ibias__t108                  1.03455
xc1.xcore.tail__t281                   1.18972
xc1.xcore.vss__t282                 4.4339e-13
xc1.xcore.tail__t181                   1.18972
xc1.xcore.ibias__t107                  1.03455
xc1.xcore.vss__t158                1.85485e-05
xc1.xcore.vss__t283                4.38633e-13
xc1.xcore.vss__t54                 1.83473e-05
xc1.xcore.ibias__t106                  1.03455
xc1.xcore.tail__t280                   1.18972
xc1.xcore.vss__t284                4.33876e-13
xc1.xcore.tail__t180                   1.18972
xc1.xcore.ibias__t105                  1.03455
xc1.xcore.vss__t157                1.81462e-05
xc1.xcore.vss__t285                4.29119e-13
xc1.xcore.vss__t53                 1.79451e-05
xc1.xcore.ibias__t104                  1.03455
xc1.xcore.tail__t279                   1.18972
xc1.xcore.vss__t286                4.24363e-13
xc1.xcore.tail__t205                   1.18972
xc1.xcore.ibias__t156                  1.03455
xc1.xcore.vss__t182                 1.7744e-05
xc1.xcore.vss__t287                4.19607e-13
xc1.xcore.vss__t79                 1.75429e-05
xc1.xcore.ibias__t155                  1.03455
xc1.xcore.tail__t305                   1.18972
xc1.xcore.vss__t288                4.14851e-13
xc1.xcore.tail__t204                   1.18972
xc1.xcore.ibias__t154                  1.03455
xc1.xcore.vss__t181                1.73418e-05
xc1.xcore.vss__t289                4.10096e-13
xc1.xcore.vss__t78                 1.71408e-05
xc1.xcore.ibias__t153                  1.03455
xc1.xcore.tail__t304                   1.18972
xc1.xcore.vss__t290                 4.0534e-13
xc1.xcore.tail__t203                   1.18972
xc1.xcore.ibias__t152                  1.03455
xc1.xcore.vss__t180                1.69397e-05
xc1.xcore.vss__t291                4.00585e-13
xc1.xcore.vss__t77                 1.67386e-05
xc1.xcore.ibias__t151                  1.03455
xc1.xcore.tail__t303                   1.18973
xc1.xcore.vss__t292                 3.9583e-13
xc1.xcore.tail__t202                   1.18973
xc1.xcore.ibias__t150                  1.03455
xc1.xcore.vss__t179                1.65376e-05
xc1.xcore.vss__t293                3.91076e-13
xc1.xcore.vss__t76                 1.63366e-05
xc1.xcore.ibias__t149                  1.03455
xc1.xcore.tail__t302                   1.18973
xc1.xcore.vss__t294                3.86322e-13
xc1.xcore.tail__t201                   1.18973
xc1.xcore.ibias__t148                  1.03455
xc1.xcore.vss__t178                1.61356e-05
xc1.xcore.vss__t295                3.81568e-13
xc1.xcore.vss__t75                 1.59346e-05
xc1.xcore.ibias__t147                  1.03455
xc1.xcore.tail__t301                   1.18973
xc1.xcore.vss__t296                3.76814e-13
xc1.xcore.tail__t200                   1.18973
xc1.xcore.ibias__t146                  1.03455
xc1.xcore.vss__t177                1.57336e-05
xc1.xcore.vss__t297                3.72061e-13
xc1.xcore.vss__t98                 1.55326e-05
xc1.xcore.ibias__t193                  1.03455
xc1.xcore.tail__t320                   1.18973
xc1.xcore.vss__t298                3.67308e-13
xc1.xcore.tail__t226                   1.18973
xc1.xcore.ibias__t208                  1.03455
xc1.xcore.vss__t208                1.53316e-05
xc1.xcore.vss__t299                3.62555e-13
xc1.xcore.vss__t105                1.51307e-05
xc1.xcore.ibias__t207                  1.03455
xc1.xcore.tail__t327                   1.18973
xc1.xcore.vss__t300                3.57803e-13
xc1.xcore.tail__t225                   1.18973
xc1.xcore.ibias__t206                  1.03455
xc1.xcore.vss__t207                1.49297e-05
xc1.xcore.vss__t301                3.53051e-13
xc1.xcore.vss__t104                1.47288e-05
xc1.xcore.ibias__t205                  1.03455
xc1.xcore.tail__t326                   1.18973
xc1.xcore.vss__t302                  3.483e-13
xc1.xcore.tail__t224                   1.18973
xc1.xcore.ibias__t204                  1.03455
xc1.xcore.vss__t206                1.45279e-05
xc1.xcore.vss__t303                3.43549e-13
xc1.xcore.vss__t103                1.43271e-05
xc1.xcore.ibias__t203                  1.03455
xc1.xcore.tail__t325                   1.18973
xc1.xcore.vss__t304                3.38798e-13
xc1.xcore.tail__t223                   1.18973
xc1.xcore.ibias__t202                  1.03455
xc1.xcore.vss__t205                1.41262e-05
xc1.xcore.vss__t305                3.34048e-13
xc1.xcore.vss__t102                1.39253e-05
xc1.xcore.ibias__t201                  1.03455
xc1.xcore.tail__t324                   1.18973
xc1.xcore.vss__t306                3.29298e-13
xc1.xcore.tail__t222                   1.18973
xc1.xcore.ibias__t200                  1.03455
xc1.xcore.vss__t204                1.37245e-05
xc1.xcore.vss__t307                3.24549e-13
xc1.xcore.vss__t101                1.35237e-05
xc1.xcore.ibias__t199                  1.03455
xc1.xcore.tail__t323                   1.18973
xc1.xcore.vss__t308                  3.198e-13
xc1.xcore.tail__t221                   1.18973
xc1.xcore.ibias__t198                  1.03455
xc1.xcore.vss__t203                1.33229e-05
xc1.xcore.vss__t309                3.15052e-13
xc1.xcore.vss__t100                1.31222e-05
xc1.xcore.ibias__t197                  1.03455
xc1.xcore.tail__t322                   1.18973
xc1.xcore.vss__t310                3.10304e-13
xc1.xcore.tail__t220                   1.18973
xc1.xcore.ibias__t196                  1.03455
xc1.xcore.vss__t202                1.29215e-05
xc1.xcore.vss__t311                3.05557e-13
xc1.xcore.vss__t80                 1.27207e-05
xc1.xcore.ibias__t157                  1.03455
xc1.xcore.tail__t306                   1.18973
xc1.xcore.vss__t312                3.00811e-13
xc1.xcore.tail__t185                   1.18973
xc1.xcore.ibias__t116                  1.03455
xc1.xcore.vss__t162                1.25201e-05
xc1.xcore.vss__t313                2.96065e-13
xc1.xcore.vss__t59                 1.23194e-05
xc1.xcore.ibias__t115                  1.03455
xc1.xcore.tail__t285                   1.18973
xc1.xcore.vss__t314                 2.9132e-13
xc1.xcore.tail__t184                   1.18973
xc1.xcore.ibias__t114                  1.03455
xc1.xcore.vss__t161                1.21188e-05
xc1.xcore.vss__t315                2.86575e-13
xc1.xcore.vss__t71                 1.19182e-05
xc1.xcore.ibias__t139                  1.03455
xc1.xcore.tail__t297                   1.18973
xc1.xcore.vss__t316                2.81831e-13
xc1.xcore.tail__t196                   1.18973
xc1.xcore.ibias__t138                  1.03455
xc1.xcore.vss__t173                1.17176e-05
xc1.xcore.vss__t317                2.77089e-13
xc1.xcore.vss__t70                 1.15171e-05
xc1.xcore.ibias__t137                  1.03455
xc1.xcore.tail__t296                   1.18973
xc1.xcore.vss__t318                2.72346e-13
xc1.xcore.tail__t195                   1.18973
xc1.xcore.ibias__t136                  1.03455
xc1.xcore.vss__t172                1.13166e-05
xc1.xcore.vss__t319                2.67605e-13
xc1.xcore.vss__t69                 1.11162e-05
xc1.xcore.ibias__t135                  1.03455
xc1.xcore.tail__t295                   1.18973
xc1.xcore.vss__t320                2.62865e-13
xc1.xcore.tail__t194                   1.18973
xc1.xcore.ibias__t134                  1.03455
xc1.xcore.vss__t171                1.09158e-05
xc1.xcore.vss__t321                2.58125e-13
xc1.xcore.vss__t61                 1.07154e-05
xc1.xcore.ibias__t119                  1.03455
xc1.xcore.tail__t287                   1.18974
xc1.xcore.vss__t322                2.53387e-13
xc1.xcore.tail__t179                   1.18974
xc1.xcore.ibias__t103                  1.03455
xc1.xcore.vss__t156                1.05151e-05
xc1.xcore.vss__t323                 2.4865e-13
xc1.xcore.vss__t48                 1.03148e-05
xc1.xcore.ibias__t92                   1.03455
xc1.xcore.tail__t274                   1.18974
xc1.xcore.vss__t324                2.43914e-13
xc1.xcore.tail__t178                   1.18974
xc1.xcore.ibias__t102                  1.03455
xc1.xcore.vss__t155                1.01146e-05
xc1.xcore.vss__t325                2.39179e-13
xc1.xcore.vss__t52                  9.9144e-06
xc1.xcore.ibias__t101                  1.03455
xc1.xcore.tail__t278                   1.18974
xc1.xcore.vss__t326                2.34445e-13
xc1.xcore.tail__t177                   1.18974
xc1.xcore.ibias__t100                  1.03455
xc1.xcore.vss__t154                9.71428e-06
xc1.xcore.vss__t327                2.29713e-13
xc1.xcore.vss__t51                 9.51423e-06
xc1.xcore.ibias__t99                   1.03455
xc1.xcore.tail__t277                   1.18974
xc1.xcore.vss__t328                2.24982e-13
xc1.xcore.tail__t176                   1.18974
xc1.xcore.ibias__t98                   1.03455
xc1.xcore.vss__t153                9.31424e-06
xc1.xcore.vss__t329                2.20252e-13
xc1.xcore.vss__t58                 9.11431e-06
xc1.xcore.ibias__t113                  1.03455
xc1.xcore.tail__t284                   1.18974
xc1.xcore.vss__t330                2.15524e-13
xc1.xcore.tail__t174                   1.18974
xc1.xcore.ibias__t96                   1.03455
xc1.xcore.vss__t151                8.91446e-06
xc1.xcore.vss__t331                2.10798e-13
xc1.xcore.vss__t50                 8.71469e-06
xc1.xcore.ibias__t95                   1.03455
xc1.xcore.tail__t276                   1.18974
xc1.xcore.vss__t332                2.06074e-13
xc1.xcore.tail__t173                   1.18974
xc1.xcore.ibias__t94                   1.03455
xc1.xcore.vss__t150                  8.515e-06
xc1.xcore.vss__t333                2.01352e-13
xc1.xcore.vss__t49                  8.3154e-06
xc1.xcore.ibias__t93                   1.03455
xc1.xcore.tail__t275                   1.18974
xc1.xcore.vss__t334                1.96632e-13
xc1.xcore.tail__t172                   1.18974
xc1.xcore.ibias__t91                   1.03455
xc1.xcore.vss__t149                 8.1159e-06
xc1.xcore.vss__t335                1.91914e-13
xc1.xcore.vss__t47                  7.9165e-06
xc1.xcore.ibias__t90                   1.03455
xc1.xcore.tail__t273                   1.18974
xc1.xcore.vss__t336                1.87199e-13
xc1.xcore.tail__t171                   1.18974
xc1.xcore.ibias__t89                   1.03455
xc1.xcore.vss__t148                7.71722e-06
xc1.xcore.vss__t337                1.82486e-13
xc1.xcore.vss__t46                 7.51805e-06
xc1.xcore.ibias__t88                   1.03455
xc1.xcore.tail__t272                   1.18974
xc1.xcore.vss__t338                1.77777e-13
xc1.xcore.tail__t170                   1.18974
xc1.xcore.ibias__t87                   1.03455
xc1.xcore.vss__t147                7.31902e-06
xc1.xcore.vss__t339                 1.7307e-13
xc1.xcore.vss__t45                 7.12013e-06
xc1.xcore.ibias__t86                   1.03455
xc1.xcore.tail__t271                   1.18974
xc1.xcore.vss__t340                1.68367e-13
xc1.xcore.tail__t169                   1.18974
xc1.xcore.ibias__t85                   1.03455
xc1.xcore.vss__t146                6.92139e-06
xc1.xcore.vss__t341                1.63667e-13
xc1.xcore.vss__t44                 6.72282e-06
xc1.xcore.ibias__t84                   1.03455
xc1.xcore.tail__t270                   1.18974
xc1.xcore.vss__t342                1.58971e-13
xc1.xcore.tail__t168                   1.18974
xc1.xcore.ibias__t83                   1.03455
xc1.xcore.vss__t145                6.52443e-06
xc1.xcore.vss__t343                 1.5428e-13
xc1.xcore.vss__t66                 6.32624e-06
xc1.xcore.ibias__t129                  1.03455
xc1.xcore.tail__t292                   1.18974
xc1.xcore.vss__t344                1.49593e-13
xc1.xcore.tail__t199                   1.18974
xc1.xcore.ibias__t144                  1.03455
xc1.xcore.vss__t176                6.12827e-06
xc1.xcore.vss__t345                1.44912e-13
xc1.xcore.vss__t73                 5.93054e-06
xc1.xcore.ibias__t143                  1.03455
xc1.xcore.tail__t299                   1.18974
xc1.xcore.vss__t346                1.40236e-13
xc1.xcore.tail__t198                   1.18974
xc1.xcore.ibias__t142                  1.03455
xc1.xcore.vss__t175                5.73308e-06
xc1.xcore.vss__t347                1.35567e-13
xc1.xcore.vss__t72                 5.53592e-06
xc1.xcore.ibias__t141                  1.03455
xc1.xcore.tail__t298                   1.18974
xc1.xcore.vss__t348                1.30905e-13
xc1.xcore.outp__t53                    2.79603
xc1.xcore.inp__t1                       2.5245
xc1.xcore.tail__t0                     1.18982
xc1.xcore.vss__t460                5.75705e-12
xc1.xcore.tail__t119                   1.18982
xc1.xcore.inp__t53                      2.5245
xc1.xcore.outp__t52                    2.79603
xc1.xcore.vss__t462                5.81141e-12
xc1.xcore.outp__t46                    2.79603
xc1.xcore.inp__t52                      2.5245
xc1.xcore.tail__t118                   1.18982
xc1.xcore.vss__t463                5.86578e-12
xc1.xcore.tail__t58                    1.18982
xc1.xcore.inp__t61                      2.5245
xc1.xcore.outp__t82                    2.79603
xc1.xcore.vss__t464                5.92014e-12
xc1.xcore.outp__t30                    2.79603
xc1.xcore.inp__t24                      2.5245
xc1.xcore.tail__t98                    1.18982
xc1.xcore.vss__t465                 5.9745e-12
xc1.xcore.tail__t38                    1.18982
xc1.xcore.inp__t23                      2.5245
xc1.xcore.outp__t64                    2.79602
xc1.xcore.vss__t466                6.02887e-12
xc1.xcore.outp__t29                    2.79602
xc1.xcore.inp__t22                      2.5245
xc1.xcore.tail__t97                    1.18982
xc1.xcore.vss__t467                6.08323e-12
xc1.xcore.tail__t37                    1.18982
xc1.xcore.inp__t21                      2.5245
xc1.xcore.outp__t63                    2.79602
xc1.xcore.vss__t468                6.13759e-12
xc1.xcore.outp__t28                    2.79602
xc1.xcore.inp__t20                      2.5245
xc1.xcore.tail__t96                    1.18982
xc1.xcore.vss__t469                6.19195e-12
xc1.xcore.tail__t36                    1.18982
xc1.xcore.inp__t19                      2.5245
xc1.xcore.outp__t62                    2.79602
xc1.xcore.vss__t470                6.24631e-12
xc1.xcore.outp__t27                    2.79602
xc1.xcore.inp__t18                      2.5245
xc1.xcore.tail__t95                    1.18983
xc1.xcore.vss__t471                6.30067e-12
xc1.xcore.tail__t35                    1.18983
xc1.xcore.inp__t17                      2.5245
xc1.xcore.outp__t61                    2.79602
xc1.xcore.vss__t472                6.35503e-12
xc1.xcore.outp__t26                    2.79601
xc1.xcore.inp__t16                      2.5245
xc1.xcore.tail__t94                    1.18983
xc1.xcore.vss__t473                6.40939e-12
xc1.xcore.tail__t33                    1.18983
xc1.xcore.inp__t15                      2.5245
xc1.xcore.outp__t60                    2.79601
xc1.xcore.vss__t474                6.46375e-12
xc1.xcore.outp__t47                    2.79601
xc1.xcore.inp__t54                      2.5245
xc1.xcore.tail__t120                   1.18983
xc1.xcore.vss__t475                 6.5181e-12
xc1.xcore.tail__t54                    1.18983
xc1.xcore.inp__t55                      2.5245
xc1.xcore.outp__t78                    2.79601
xc1.xcore.vss__t476                6.57246e-12
xc1.xcore.outp__t51                    2.79601
xc1.xcore.inp__t63                      2.5245
xc1.xcore.tail__t126                   1.18983
xc1.xcore.vss__t477                6.62681e-12
xc1.xcore.tail__t57                    1.18983
xc1.xcore.inp__t60                      2.5245
xc1.xcore.outp__t81                    2.79601
xc1.xcore.vss__t478                6.68116e-12
xc1.xcore.outp__t49                      2.796
xc1.xcore.inp__t59                      2.5245
xc1.xcore.tail__t122                   1.18983
xc1.xcore.vss__t479                6.73551e-12
xc1.xcore.tail__t56                    1.18983
xc1.xcore.inp__t58                      2.5245
xc1.xcore.outp__t80                      2.796
xc1.xcore.vss__t480                6.78986e-12
xc1.xcore.outp__t48                      2.796
xc1.xcore.inp__t57                      2.5245
xc1.xcore.tail__t121                   1.18983
xc1.xcore.vss__t481                6.84421e-12
xc1.xcore.tail__t55                    1.18983
xc1.xcore.inp__t56                      2.5245
xc1.xcore.outp__t79                      2.796
xc1.xcore.vss__t482                6.89856e-12
xc1.xcore.outp__t24                      2.796
xc1.xcore.inp__t11                      2.5245
xc1.xcore.tail__t92                    1.18983
xc1.xcore.vss__t483                 6.9529e-12
xc1.xcore.tail__t30                    1.18984
xc1.xcore.inp__t10                      2.5245
xc1.xcore.outp__t57                      2.796
xc1.xcore.vss__t484                7.00725e-12
xc1.xcore.outp__t23                    2.79599
xc1.xcore.inp__t9                       2.5245
xc1.xcore.tail__t88                    1.18984
xc1.xcore.vss__t485                7.06159e-12
xc1.xcore.tail__t32                    1.18984
xc1.xcore.inp__t14                      2.5245
xc1.xcore.outp__t59                    2.79599
xc1.xcore.vss__t486                7.11593e-12
xc1.xcore.outp__t25                    2.79599
xc1.xcore.inp__t13                      2.5245
xc1.xcore.tail__t93                    1.18984
xc1.xcore.vss__t487                7.17027e-12
xc1.xcore.tail__t60                    1.18984
xc1.xcore.inp__t0                       2.5245
xc1.xcore.outp__t83                    2.79599
xc1.xcore.vss__t488                7.22461e-12
xc1.xcore.outp__t50                    2.79599
xc1.xcore.inp__t62                      2.5245
xc1.xcore.tail__t123                   1.18984
xc1.xcore.vss__t489                7.27895e-12
xc1.xcore.tail__t42                    1.18984
xc1.xcore.inp__t29                      2.5245
xc1.xcore.outp__t67                    2.79599
xc1.xcore.vss__t490                7.33328e-12
xc1.xcore.outp__t32                    2.79598
xc1.xcore.inp__t28                      2.5245
xc1.xcore.tail__t102                   1.18984
xc1.xcore.vss__t491                7.38761e-12
xc1.xcore.tail__t41                    1.18984
xc1.xcore.inp__t27                      2.5245
xc1.xcore.outp__t66                    2.79598
xc1.xcore.vss__t492                7.44195e-12
xc1.xcore.outp__t31                    2.79598
xc1.xcore.inp__t26                      2.5245
xc1.xcore.tail__t101                   1.18984
xc1.xcore.vss__t493                7.49628e-12
xc1.xcore.tail__t40                    1.18984
xc1.xcore.inp__t25                      2.5245
xc1.xcore.outp__t65                    2.79598
xc1.xcore.vss__t494                 7.5506e-12
xc1.xcore.outp__t20                    2.79598
xc1.xcore.inp__t4                       2.5245
xc1.xcore.tail__t74                    1.18984
xc1.xcore.vss__t495                7.60493e-12
xc1.xcore.tail__t14                    1.18985
xc1.xcore.inp__t3                       2.5245
xc1.xcore.outp__t54                    2.79598
xc1.xcore.vss__t496                7.65926e-12
xc1.xcore.outp__t22                    2.79598
xc1.xcore.inp__t7                       2.5245
xc1.xcore.tail__t76                    1.18985
xc1.xcore.vss__t497                7.71358e-12
xc1.xcore.tail__t16                    1.18985
xc1.xcore.inp__t6                       2.5245
xc1.xcore.outp__t55                    2.79597
xc1.xcore.vss__t498                 7.7679e-12
xc1.xcore.outp__t21                    2.79597
xc1.xcore.inp__t5                       2.5245
xc1.xcore.tail__t75                    1.18985
xc1.xcore.vss__t499                7.82222e-12
xc1.xcore.tail__t19                    1.18985
xc1.xcore.inp__t8                       2.5245
xc1.xcore.outp__t56                    2.79597
xc1.xcore.vss__t500                7.87654e-12
xc1.xcore.outp__t45                    2.79597
xc1.xcore.inp__t50                      2.5245
xc1.xcore.tail__t116                   1.18985
xc1.xcore.vss__t501                7.93085e-12
xc1.xcore.tail__t51                    1.18985
xc1.xcore.inp__t49                      2.5245
xc1.xcore.outp__t76                    2.79597
xc1.xcore.vss__t502                7.98516e-12
xc1.xcore.outp__t44                    2.79597
xc1.xcore.inp__t48                      2.5245
xc1.xcore.tail__t115                   1.18985
xc1.xcore.vss__t503                8.03948e-12
xc1.xcore.tail__t50                    1.18985
xc1.xcore.inp__t47                      2.5245
xc1.xcore.outp__t75                    2.79596
xc1.xcore.vss__t504                8.09379e-12
xc1.xcore.outp__t43                    2.79596
xc1.xcore.inp__t46                      2.5245
xc1.xcore.tail__t114                   1.18985
xc1.xcore.vss__t505                8.14809e-12
xc1.xcore.tail__t49                    1.18985
xc1.xcore.inp__t45                      2.5245
xc1.xcore.outp__t74                    2.79596
xc1.xcore.vss__t506                 8.2024e-12
xc1.xcore.outp__t42                    2.79596
xc1.xcore.inp__t44                      2.5245
xc1.xcore.tail__t113                   1.18985
xc1.xcore.vss__t507                 8.2567e-12
xc1.xcore.tail__t48                    1.18985
xc1.xcore.inp__t43                      2.5245
xc1.xcore.outp__t73                    2.79596
xc1.xcore.vss__t508                  8.311e-12
xc1.xcore.outp__t41                    2.79596
xc1.xcore.inp__t42                      2.5245
xc1.xcore.tail__t112                   1.18986
xc1.xcore.vss__t509                 8.3653e-12
xc1.xcore.tail__t47                    1.18986
xc1.xcore.inp__t41                      2.5245
xc1.xcore.outp__t72                    2.79595
xc1.xcore.vss__t510                 8.4196e-12
xc1.xcore.outp__t40                    2.79595
xc1.xcore.inp__t40                      2.5245
xc1.xcore.tail__t111                   1.18986
xc1.xcore.vss__t511                 8.4739e-12
xc1.xcore.tail__t46                    1.18986
xc1.xcore.inp__t39                      2.5245
xc1.xcore.outp__t71                    2.79595
xc1.xcore.vss__t512                8.52819e-12
xc1.xcore.outp__t39                    2.79595
xc1.xcore.inp__t38                      2.5245
xc1.xcore.tail__t110                   1.18986
xc1.xcore.vss__t513                8.58248e-12
xc1.xcore.tail__t53                    1.18986
xc1.xcore.inp__t51                      2.5245
xc1.xcore.outp__t77                    2.79595
xc1.xcore.vss__t514                8.63677e-12
xc1.xcore.outp__t38                    2.79595
xc1.xcore.inp__t37                      2.5245
xc1.xcore.tail__t108                   1.18986
xc1.xcore.vss__t515                8.69106e-12
xc1.xcore.tail__t45                    1.18986
xc1.xcore.inp__t36                      2.5245
xc1.xcore.outp__t70                    2.79594
xc1.xcore.vss__t516                8.74534e-12
xc1.xcore.outp__t37                    2.79594
xc1.xcore.inp__t35                      2.5245
xc1.xcore.tail__t107                   1.18986
xc1.xcore.vss__t517                8.79962e-12
xc1.xcore.tail__t44                    1.18986
xc1.xcore.inp__t34                      2.5245
xc1.xcore.outp__t69                    2.79594
xc1.xcore.vss__t518                 8.8539e-12
xc1.xcore.outp__t36                    2.79594
xc1.xcore.inp__t33                      2.5245
xc1.xcore.tail__t106                   1.18986
xc1.xcore.vss__t519                8.90818e-12
xc1.xcore.tail__t31                    1.18986
xc1.xcore.inp__t12                      2.5245
xc1.xcore.outp__t58                    2.79594
xc1.xcore.vss__t520                8.96246e-12
xc1.xcore.outp__t35                    2.79594
xc1.xcore.inp__t32                      2.5245
xc1.xcore.tail__t104                   1.18986
xc1.xcore.vss__t521                9.01673e-12
xc1.xcore.tail__t43                    1.18987
xc1.xcore.inp__t31                      2.5245
xc1.xcore.outp__t68                    2.79593
xc1.xcore.vss__t522                  9.071e-12
xc1.xcore.outp__t33                    2.79593
xc1.xcore.inp__t30                      2.5245
xc1.xcore.tail__t103                   1.18987
xc1.xcore.vss__t523                9.12527e-12
xc1.xcore.tail__t1                     1.18987
xc1.xcore.inp__t2                       2.5245
xc1.xcore.outp__t34                    2.79593
xc1.xcore.vss__t586                9.17954e-12
xc1.xcore.ibias__t215                  1.03182
xc1.xcore.ibias__t3                    1.03455
xc1.xcore.vss__t2                  2.51857e-05
xc1.xcore.vss__t459                5.19764e-13
xc1.xcore.vss__t81                 2.49859e-05
xc1.xcore.ibias__t158                  1.03455
xc1.xcore.ibias__t216                  1.03185
xc1.xcore.vss__t448                5.15654e-13
xc1.xcore.ibias__t213                  1.03188
xc1.xcore.ibias__t171                  1.03455
xc1.xcore.vss__t190                2.47861e-05
xc1.xcore.vss__t449                5.11543e-13
xc1.xcore.vss__t83                 2.45863e-05
xc1.xcore.ibias__t163                  1.03455
xc1.xcore.ibias__t218                  1.03191
xc1.xcore.vss__t450                5.07433e-13
xc1.xcore.ibias__t212                  1.03194
xc1.xcore.ibias__t162                  1.03455
xc1.xcore.vss__t185                2.43865e-05
xc1.xcore.vss__t451                5.03322e-13
xc1.xcore.vss__t89                 2.41867e-05
xc1.xcore.ibias__t177                  1.03455
xc1.xcore.ibias__t219                  1.03197
xc1.xcore.vss__t452                4.99211e-13
xc1.xcore.ibias__t211                    1.032
xc1.xcore.ibias__t160                  1.03455
xc1.xcore.vss__t183                2.39868e-05
xc1.xcore.vss__t453                  4.951e-13
xc1.xcore.vss__t82                  2.3787e-05
xc1.xcore.ibias__t159                  1.03455
xc1.xcore.ibias__t217                  1.03203
xc1.xcore.vss__t454                4.90988e-13
xc1.xcore.ibias__t214                  1.03206
xc1.xcore.ibias__t174                  1.03455
xc1.xcore.vss__t192                2.35872e-05
xc1.xcore.vss__t455                4.86877e-13
xc1.xcore.vss__t3                  2.33874e-05
xc1.xcore.ibias__t4                    1.03455
xc1.xcore.ibias__t210                  1.03209
xc1.xcore.vss__t457                4.82765e-13
xc1.xcore.outn__t52                    3.29998
xc1.xcore.inn__t1                       1.6335
xc1.xcore.tail__t3                     1.18976
xc1.xcore.vss__t461                2.61649e-12
xc1.xcore.tail__t62                    1.18976
xc1.xcore.inn__t58                      1.6335
xc1.xcore.outn__t81                    3.29998
xc1.xcore.vss__t524                2.64132e-12
xc1.xcore.outn__t49                    3.29998
xc1.xcore.inn__t59                      1.6335
xc1.xcore.tail__t124                   1.18976
xc1.xcore.vss__t525                2.66615e-12
xc1.xcore.tail__t63                    1.18976
xc1.xcore.inn__t60                      1.6335
xc1.xcore.outn__t82                    3.29998
xc1.xcore.vss__t526                2.69098e-12
xc1.xcore.outn__t50                    3.29998
xc1.xcore.inn__t61                      1.6335
xc1.xcore.tail__t125                   1.18976
xc1.xcore.vss__t527                2.71581e-12
xc1.xcore.tail__t64                    1.18976
xc1.xcore.inn__t62                      1.6335
xc1.xcore.outn__t83                    3.29998
xc1.xcore.vss__t528                2.74065e-12
xc1.xcore.outn__t46                    3.29998
xc1.xcore.inn__t52                      1.6335
xc1.xcore.tail__t105                   1.18976
xc1.xcore.vss__t529                2.76548e-12
xc1.xcore.tail__t15                    1.18976
xc1.xcore.inn__t21                      1.6335
xc1.xcore.outn__t63                    3.29998
xc1.xcore.vss__t530                2.79031e-12
xc1.xcore.outn__t45                    3.29998
xc1.xcore.inn__t51                      1.6335
xc1.xcore.tail__t100                   1.18976
xc1.xcore.vss__t531                2.81515e-12
xc1.xcore.tail__t34                    1.18976
xc1.xcore.inn__t48                      1.6335
xc1.xcore.outn__t76                    3.29998
xc1.xcore.vss__t532                2.83998e-12
xc1.xcore.outn__t44                    3.29998
xc1.xcore.inn__t50                      1.6335
xc1.xcore.tail__t99                    1.18976
xc1.xcore.vss__t533                2.86482e-12
xc1.xcore.tail__t61                    1.18976
xc1.xcore.inn__t57                      1.6335
xc1.xcore.outn__t80                    3.29998
xc1.xcore.vss__t534                2.88966e-12
xc1.xcore.outn__t40                    3.29998
xc1.xcore.inn__t42                      1.6335
xc1.xcore.tail__t87                    1.18976
xc1.xcore.vss__t535                2.91449e-12
xc1.xcore.tail__t27                    1.18976
xc1.xcore.inn__t41                      1.6335
xc1.xcore.outn__t73                    3.29998
xc1.xcore.vss__t536                2.93933e-12
xc1.xcore.outn__t39                    3.29998
xc1.xcore.inn__t40                      1.6335
xc1.xcore.tail__t86                    1.18976
xc1.xcore.vss__t537                2.96417e-12
xc1.xcore.tail__t26                    1.18976
xc1.xcore.inn__t39                      1.6335
xc1.xcore.outn__t72                    3.29998
xc1.xcore.vss__t538                2.98901e-12
xc1.xcore.outn__t38                    3.29998
xc1.xcore.inn__t38                      1.6335
xc1.xcore.tail__t85                    1.18976
xc1.xcore.vss__t539                3.01384e-12
xc1.xcore.tail__t25                    1.18976
xc1.xcore.inn__t37                      1.6335
xc1.xcore.outn__t71                    3.29998
xc1.xcore.vss__t540                3.03868e-12
xc1.xcore.outn__t47                    3.29998
xc1.xcore.inn__t53                      1.6335
xc1.xcore.tail__t109                   1.18976
xc1.xcore.vss__t541                3.06352e-12
xc1.xcore.tail__t52                    1.18976
xc1.xcore.inn__t55                      1.6335
xc1.xcore.outn__t78                    3.29998
xc1.xcore.vss__t542                3.08836e-12
xc1.xcore.outn__t48                    3.29998
xc1.xcore.inn__t54                      1.6335
xc1.xcore.tail__t117                   1.18976
xc1.xcore.vss__t543                 3.1132e-12
xc1.xcore.tail__t39                    1.18976
xc1.xcore.inn__t49                      1.6335
xc1.xcore.outn__t77                    3.29998
xc1.xcore.vss__t544                3.13804e-12
xc1.xcore.outn__t41                    3.29998
xc1.xcore.inn__t43                      1.6335
xc1.xcore.tail__t89                    1.18976
xc1.xcore.vss__t545                3.16289e-12
xc1.xcore.tail__t29                    1.18976
xc1.xcore.inn__t47                      1.6335
xc1.xcore.outn__t75                    3.29998
xc1.xcore.vss__t546                3.18773e-12
xc1.xcore.outn__t43                    3.29998
xc1.xcore.inn__t46                      1.6335
xc1.xcore.tail__t91                    1.18976
xc1.xcore.vss__t547                3.21257e-12
xc1.xcore.tail__t28                    1.18976
xc1.xcore.inn__t45                      1.6335
xc1.xcore.outn__t74                    3.29998
xc1.xcore.vss__t548                3.23741e-12
xc1.xcore.outn__t42                    3.29998
xc1.xcore.inn__t44                      1.6335
xc1.xcore.tail__t90                    1.18976
xc1.xcore.vss__t549                3.26226e-12
xc1.xcore.tail__t59                    1.18976
xc1.xcore.inn__t56                      1.6335
xc1.xcore.outn__t79                    3.29998
xc1.xcore.vss__t550                 3.2871e-12
xc1.xcore.outn__t51                    3.29998
xc1.xcore.inn__t63                      1.6335
xc1.xcore.tail__t127                   1.18976
xc1.xcore.vss__t551                3.31194e-12
xc1.xcore.tail__t13                    1.18976
xc1.xcore.inn__t19                      1.6335
xc1.xcore.outn__t62                    3.29998
xc1.xcore.vss__t552                3.33679e-12
xc1.xcore.outn__t28                    3.29998
xc1.xcore.inn__t18                      1.6335
xc1.xcore.tail__t72                    1.18976
xc1.xcore.vss__t553                3.36163e-12
xc1.xcore.tail__t12                    1.18976
xc1.xcore.inn__t17                      1.6335
xc1.xcore.outn__t61                    3.29998
xc1.xcore.vss__t554                3.38648e-12
xc1.xcore.outn__t27                    3.29998
xc1.xcore.inn__t16                      1.6335
xc1.xcore.tail__t71                    1.18976
xc1.xcore.vss__t555                3.41132e-12
xc1.xcore.tail__t11                    1.18976
xc1.xcore.inn__t15                      1.6335
xc1.xcore.outn__t60                    3.29998
xc1.xcore.vss__t556                3.43617e-12
xc1.xcore.outn__t26                    3.29998
xc1.xcore.inn__t14                      1.6335
xc1.xcore.tail__t70                    1.18976
xc1.xcore.vss__t557                3.46101e-12
xc1.xcore.tail__t10                    1.18976
xc1.xcore.inn__t13                      1.6335
xc1.xcore.outn__t59                    3.29998
xc1.xcore.vss__t558                3.48586e-12
xc1.xcore.outn__t25                    3.29998
xc1.xcore.inn__t12                      1.6335
xc1.xcore.tail__t69                    1.18976
xc1.xcore.vss__t559                3.51071e-12
xc1.xcore.tail__t6                     1.18976
xc1.xcore.inn__t5                       1.6335
xc1.xcore.outn__t55                    3.29998
xc1.xcore.vss__t560                3.53555e-12
xc1.xcore.outn__t24                    3.29998
xc1.xcore.inn__t11                      1.6335
xc1.xcore.tail__t68                    1.18976
xc1.xcore.vss__t561                 3.5604e-12
xc1.xcore.tail__t4                     1.18976
xc1.xcore.inn__t2                       1.6335
xc1.xcore.outn__t53                    3.29998
xc1.xcore.vss__t562                3.58525e-12
xc1.xcore.outn__t21                    3.29998
xc1.xcore.inn__t3                       1.6335
xc1.xcore.tail__t65                    1.18976
xc1.xcore.vss__t563                 3.6101e-12
xc1.xcore.tail__t5                     1.18976
xc1.xcore.inn__t4                       1.6335
xc1.xcore.outn__t54                    3.29998
xc1.xcore.vss__t564                3.63494e-12
xc1.xcore.outn__t22                    3.29998
xc1.xcore.inn__t6                       1.6335
xc1.xcore.tail__t66                    1.18976
xc1.xcore.vss__t565                3.65979e-12
xc1.xcore.tail__t7                     1.18976
xc1.xcore.inn__t7                       1.6335
xc1.xcore.outn__t56                    3.29998
xc1.xcore.vss__t566                3.68464e-12
xc1.xcore.outn__t23                    3.29998
xc1.xcore.inn__t8                       1.6335
xc1.xcore.tail__t67                    1.18976
xc1.xcore.vss__t567                3.70949e-12
xc1.xcore.tail__t8                     1.18976
xc1.xcore.inn__t9                       1.6335
xc1.xcore.outn__t57                    3.29998
xc1.xcore.vss__t568                3.73434e-12
xc1.xcore.outn__t29                    3.29998
xc1.xcore.inn__t20                      1.6335
xc1.xcore.tail__t73                    1.18976
xc1.xcore.vss__t569                3.75919e-12
xc1.xcore.tail__t9                     1.18976
xc1.xcore.inn__t10                      1.6335
xc1.xcore.outn__t58                    3.29998
xc1.xcore.vss__t570                3.78404e-12
xc1.xcore.outn__t36                    3.29998
xc1.xcore.inn__t35                      1.6335
xc1.xcore.tail__t83                    1.18976
xc1.xcore.vss__t571                3.80889e-12
xc1.xcore.tail__t24                    1.18976
xc1.xcore.inn__t34                      1.6335
xc1.xcore.outn__t70                    3.29998
xc1.xcore.vss__t572                3.83374e-12
xc1.xcore.outn__t35                    3.29998
xc1.xcore.inn__t33                      1.6335
xc1.xcore.tail__t82                    1.18976
xc1.xcore.vss__t573                3.85859e-12
xc1.xcore.tail__t23                    1.18976
xc1.xcore.inn__t32                      1.6335
xc1.xcore.outn__t69                    3.29998
xc1.xcore.vss__t574                3.88344e-12
xc1.xcore.outn__t34                    3.29998
xc1.xcore.inn__t31                      1.6335
xc1.xcore.tail__t81                    1.18976
xc1.xcore.vss__t575                3.90829e-12
xc1.xcore.tail__t22                    1.18976
xc1.xcore.inn__t30                      1.6335
xc1.xcore.outn__t68                    3.29998
xc1.xcore.vss__t576                3.93314e-12
xc1.xcore.outn__t33                    3.29998
xc1.xcore.inn__t29                      1.6335
xc1.xcore.tail__t80                    1.18976
xc1.xcore.vss__t577                3.95799e-12
xc1.xcore.tail__t21                    1.18976
xc1.xcore.inn__t28                      1.6335
xc1.xcore.outn__t67                    3.29998
xc1.xcore.vss__t578                3.98284e-12
xc1.xcore.outn__t32                    3.29998
xc1.xcore.inn__t27                      1.6335
xc1.xcore.tail__t79                    1.18976
xc1.xcore.vss__t579                4.00769e-12
xc1.xcore.tail__t20                    1.18976
xc1.xcore.inn__t26                      1.6335
xc1.xcore.outn__t66                    3.29998
xc1.xcore.vss__t580                4.03255e-12
xc1.xcore.outn__t37                    3.29998
xc1.xcore.inn__t36                      1.6335
xc1.xcore.tail__t84                    1.18976
xc1.xcore.vss__t581                 4.0574e-12
xc1.xcore.tail__t18                    1.18976
xc1.xcore.inn__t25                      1.6335
xc1.xcore.outn__t65                    3.29998
xc1.xcore.vss__t582                4.08225e-12
xc1.xcore.outn__t31                    3.29998
xc1.xcore.inn__t24                      1.6335
xc1.xcore.tail__t78                    1.18976
xc1.xcore.vss__t583                 4.1071e-12
xc1.xcore.tail__t17                    1.18976
xc1.xcore.inn__t23                      1.6335
xc1.xcore.outn__t64                    3.29998
xc1.xcore.vss__t584                4.13195e-12
xc1.xcore.outn__t30                    3.29998
xc1.xcore.inn__t22                      1.6335
xc1.xcore.tail__t77                    1.18976
xc1.xcore.vss__t585                4.15681e-12
xc1.xcore.tail__t2                     1.18976
xc1.xcore.inn__t0                       1.6335
xc1.xcore.outn__t20                    3.29998
xc1.xcore.vss__t587                4.18166e-12
xc1.xcore.vss__t210                2.60361e-12
xc1.xcore.outp__t16                    2.79614
xc1.xcore.vss__t211                  2.573e-12
xc1.xcore.outp__t17                    2.79614
xc1.xcore.vss__t212                2.54243e-12
xc1.xcore.outp__t18                    2.79614
xc1.xcore.vss__t213                2.51187e-12
xc1.xcore.outp__t19                    2.79614
xc1.xcore.vss__t214                2.48135e-12
xc1.xcore.outp__t0                     2.79614
xc1.xcore.vss__t215                2.45085e-12
xc1.xcore.outp__t1                     2.79614
xc1.xcore.vss__t216                2.42038e-12
xc1.xcore.outp__t2                     2.79614
xc1.xcore.vss__t217                2.38994e-12
xc1.xcore.outp__t3                     2.79614
xc1.xcore.vss__t218                2.35953e-12
xc1.xcore.outp__t4                     2.79614
xc1.xcore.vss__t219                2.32915e-12
xc1.xcore.outp__t15                    2.79614
xc1.xcore.vss__t220                2.29881e-12
xc1.xcore.outp__t6                     2.79614
xc1.xcore.vss__t221                 2.2685e-12
xc1.xcore.outp__t7                     2.79614
xc1.xcore.vss__t222                2.23823e-12
xc1.xcore.outp__t8                     2.79614
xc1.xcore.vss__t223                2.20799e-12
xc1.xcore.outp__t9                     2.79614
xc1.xcore.vss__t224                2.17779e-12
xc1.xcore.outp__t10                    2.79614
xc1.xcore.vss__t225                2.14764e-12
xc1.xcore.outp__t11                    2.79614
xc1.xcore.vss__t226                2.11752e-12
xc1.xcore.outp__t12                    2.79614
xc1.xcore.vss__t227                2.08745e-12
xc1.xcore.outp__t13                    2.79614
xc1.xcore.vss__t228                2.05743e-12
xc1.xcore.outp__t14                    2.79614
xc1.xcore.vss__t229                2.02746e-12
xc1.xcore.outp__t5                     2.79614
xc1.xcore.vss__t230                2.18455e-12
xc1.xcore.outn__t0                     3.29998
xc1.xcore.vss__t231                2.21954e-12
xc1.xcore.outn__t5                     3.29998
xc1.xcore.vss__t232                2.25459e-12
xc1.xcore.outn__t6                     3.29998
xc1.xcore.vss__t233                2.28972e-12
xc1.xcore.outn__t7                     3.29998
xc1.xcore.vss__t234                2.32491e-12
xc1.xcore.outn__t8                     3.29998
xc1.xcore.vss__t235                2.36017e-12
xc1.xcore.outn__t9                     3.29998
xc1.xcore.vss__t236                2.39549e-12
xc1.xcore.outn__t10                    3.29998
xc1.xcore.vss__t237                2.43087e-12
xc1.xcore.outn__t11                    3.29998
xc1.xcore.vss__t238                2.46631e-12
xc1.xcore.outn__t12                    3.29998
xc1.xcore.vss__t239                 2.5018e-12
xc1.xcore.outn__t13                    3.29998
xc1.xcore.vss__t240                2.53735e-12
xc1.xcore.outn__t14                    3.29998
xc1.xcore.vss__t241                2.57294e-12
xc1.xcore.outn__t15                    3.29998
xc1.xcore.vss__t242                2.60858e-12
xc1.xcore.outn__t16                    3.29998
xc1.xcore.vss__t243                2.64427e-12
xc1.xcore.outn__t17                    3.29998
xc1.xcore.vss__t244                   2.68e-12
xc1.xcore.outn__t19                    3.29998
xc1.xcore.vss__t245                2.71577e-12
xc1.xcore.outn__t18                    3.29998
xc1.xcore.vss__t246                2.75159e-12
xc1.xcore.outn__t1                     3.29998
xc1.xcore.vss__t247                2.78744e-12
xc1.xcore.outn__t2                     3.29998
xc1.xcore.vss__t248                2.82333e-12
xc1.xcore.outn__t3                     3.29998
xc1.xcore.vss__t249                2.85926e-12
xc1.xcore.outn__t4                     3.29998
ib_c1                                  1.03455
xc1.xcore.vsubs                              0
outn_c1                                3.29998
outp_c1                                2.79614
xc1.tail                               1.18976
vd_c1                                 0.503834
xc2.xcore.tail__t186                   1.18974
xc2.xcore.ibias__t118                  1.03455
xc2.xcore.vss__t163                5.33908e-06
xc2.xcore.vss__t349                 1.2625e-13
xc2.xcore.vss__t60                 5.14261e-06
xc2.xcore.ibias__t117                  1.03455
xc2.xcore.tail__t286                   1.18974
xc2.xcore.vss__t350                1.21604e-13
xc2.xcore.tail__t197                   1.18974
xc2.xcore.ibias__t140                  1.03455
xc2.xcore.vss__t174                4.94655e-06
xc2.xcore.vss__t351                1.16968e-13
xc2.xcore.vss__t68                 4.75095e-06
xc2.xcore.ibias__t133                  1.03455
xc2.xcore.tail__t294                   1.18974
xc2.xcore.vss__t352                1.12342e-13
xc2.xcore.tail__t193                   1.18975
xc2.xcore.ibias__t132                  1.03455
xc2.xcore.vss__t170                4.55587e-06
xc2.xcore.vss__t353                1.07729e-13
xc2.xcore.vss__t67                 4.36138e-06
xc2.xcore.ibias__t131                  1.03455
xc2.xcore.tail__t293                   1.18975
xc2.xcore.vss__t354                 1.0313e-13
xc2.xcore.tail__t192                   1.18975
xc2.xcore.ibias__t130                  1.03455
xc2.xcore.vss__t169                4.16756e-06
xc2.xcore.vss__t355                9.85472e-14
xc2.xcore.vss__t74                 3.97451e-06
xc2.xcore.ibias__t145                  1.03455
xc2.xcore.tail__t300                   1.18975
xc2.xcore.vss__t356                9.39822e-14
xc2.xcore.tail__t191                   1.18975
xc2.xcore.ibias__t128                  1.03455
xc2.xcore.vss__t168                3.78235e-06
xc2.xcore.vss__t357                8.94383e-14
xc2.xcore.vss__t65                 3.59122e-06
xc2.xcore.ibias__t127                  1.03455
xc2.xcore.tail__t291                   1.18975
xc2.xcore.vss__t358                8.49187e-14
xc2.xcore.tail__t190                   1.18975
xc2.xcore.ibias__t126                  1.03455
xc2.xcore.vss__t167                 3.4013e-06
xc2.xcore.vss__t359                8.04277e-14
xc2.xcore.vss__t64                  3.2128e-06
xc2.xcore.ibias__t125                  1.03455
xc2.xcore.tail__t290                   1.18975
xc2.xcore.vss__t360                7.59702e-14
xc2.xcore.tail__t189                   1.18975
xc2.xcore.ibias__t124                  1.03455
xc2.xcore.vss__t166                3.02598e-06
xc2.xcore.vss__t361                7.15526e-14
xc2.xcore.vss__t63                 2.84117e-06
xc2.xcore.ibias__t123                  1.03455
xc2.xcore.tail__t289                   1.18975
xc2.xcore.vss__t362                6.71827e-14
xc2.xcore.tail__t188                   1.18975
xc2.xcore.ibias__t122                  1.03455
xc2.xcore.vss__t165                2.65881e-06
xc2.xcore.vss__t363                6.28704e-14
xc2.xcore.vss__t62                 2.47942e-06
xc2.xcore.ibias__t121                  1.03455
xc2.xcore.tail__t288                   1.18975
xc2.xcore.vss__t364                5.86284e-14
xc2.xcore.tail__t187                   1.18975
xc2.xcore.ibias__t120                  1.03455
xc2.xcore.vss__t164                 2.3037e-06
xc2.xcore.vss__t365                5.44733e-14
xc2.xcore.vss__t26                 2.13256e-06
xc2.xcore.ibias__t0                    1.03455
xc2.xcore.tail__t252                   1.18975
xc2.xcore.vss__t366                5.04265e-14
xc2.xcore.tail__t175                   1.18975
xc2.xcore.ibias__t97                   1.03455
xc2.xcore.vss__t152                1.96719e-06
xc2.xcore.vss__t367                4.65162e-14
xc2.xcore.vss__t42                 1.80918e-06
xc2.xcore.ibias__t78                   1.03455
xc2.xcore.tail__t268                   1.18975
xc2.xcore.vss__t368                4.27799e-14
xc2.xcore.tail__t164                   1.18975
xc2.xcore.ibias__t77                   1.03455
xc2.xcore.vss__t141                1.66063e-06
xc2.xcore.vss__t369                3.92673e-14
xc2.xcore.vss__t37                 1.52431e-06
xc2.xcore.ibias__t70                   1.03455
xc2.xcore.tail__t263                   1.18975
xc2.xcore.vss__t370                3.60438e-14
xc2.xcore.tail__t167                   1.18975
xc2.xcore.ibias__t82                   1.03455
xc2.xcore.vss__t144                1.40379e-06
xc2.xcore.vss__t371                3.31938e-14
xc2.xcore.vss__t39                 1.30345e-06
xc2.xcore.ibias__t72                   1.03455
xc2.xcore.tail__t265                   1.18975
xc2.xcore.vss__t372                3.08212e-14
xc2.xcore.tail__t162                   1.18975
xc2.xcore.ibias__t73                   1.03455
xc2.xcore.vss__t139                1.22825e-06
xc2.xcore.vss__t373                 2.9043e-14
xc2.xcore.vss__t40                 1.18299e-06
xc2.xcore.ibias__t74                   1.03455
xc2.xcore.tail__t266                   1.18975
xc2.xcore.vss__t374                2.79729e-14
xc2.xcore.tail__t163                   1.18975
xc2.xcore.ibias__t75                   1.03455
xc2.xcore.vss__t140                1.17116e-06
xc2.xcore.vss__t375                2.76932e-14
xc2.xcore.vss__t41                 1.19375e-06
xc2.xcore.ibias__t76                   1.03455
xc2.xcore.tail__t267                   1.18975
xc2.xcore.vss__t376                2.82273e-14
xc2.xcore.tail__t129                   1.18975
xc2.xcore.ibias__t9                    1.03455
xc2.xcore.vss__t107                1.24888e-06
xc2.xcore.vss__t377                2.95311e-14
xc2.xcore.vss__t6                  1.33254e-06
xc2.xcore.ibias__t8                    1.03455
xc2.xcore.tail__t232                   1.18975
xc2.xcore.vss__t378                3.15091e-14
xc2.xcore.tail__t128                   1.18975
xc2.xcore.ibias__t7                    1.03455
xc2.xcore.vss__t106                1.43974e-06
xc2.xcore.vss__t379                3.40442e-14
xc2.xcore.vss__t5                  1.56567e-06
xc2.xcore.ibias__t6                    1.03455
xc2.xcore.tail__t231                   1.18975
xc2.xcore.vss__t380                 3.7022e-14
xc2.xcore.tail__t141                   1.18975
xc2.xcore.ibias__t31                   1.03455
xc2.xcore.vss__t119                1.70619e-06
xc2.xcore.vss__t381                4.03446e-14
xc2.xcore.vss__t4                  1.85798e-06
xc2.xcore.ibias__t5                    1.03455
xc2.xcore.tail__t230                   1.18975
xc2.xcore.vss__t382                4.39338e-14
xc2.xcore.tail__t158                   1.18976
xc2.xcore.ibias__t62                   1.03455
xc2.xcore.vss__t135                 2.0185e-06
xc2.xcore.vss__t383                4.77296e-14
xc2.xcore.vss__t33                 2.18583e-06
xc2.xcore.ibias__t63                   1.03455
xc2.xcore.tail__t259                   1.18976
xc2.xcore.vss__t384                5.16865e-14
xc2.xcore.tail__t159                   1.18976
xc2.xcore.ibias__t64                   1.03455
xc2.xcore.vss__t136                2.35853e-06
xc2.xcore.vss__t385                5.57701e-14
xc2.xcore.vss__t34                 2.53549e-06
xc2.xcore.ibias__t65                   1.03455
xc2.xcore.tail__t260                   1.18976
xc2.xcore.vss__t386                5.99546e-14
xc2.xcore.tail__t160                   1.18976
xc2.xcore.ibias__t66                   1.03455
xc2.xcore.vss__t137                2.71588e-06
xc2.xcore.vss__t387                6.42203e-14
xc2.xcore.vss__t35                 2.89906e-06
xc2.xcore.ibias__t67                   1.03455
xc2.xcore.tail__t261                   1.18976
xc2.xcore.vss__t388                6.85521e-14
xc2.xcore.tail__t161                   1.18976
xc2.xcore.ibias__t68                   1.03455
xc2.xcore.vss__t138                3.08454e-06
xc2.xcore.vss__t389                 7.2938e-14
xc2.xcore.vss__t36                 3.27192e-06
xc2.xcore.ibias__t69                   1.03455
xc2.xcore.tail__t262                   1.18976
xc2.xcore.vss__t390                 7.7369e-14
xc2.xcore.tail__t130                   1.18976
xc2.xcore.ibias__t10                   1.03455
xc2.xcore.vss__t108                 3.4609e-06
xc2.xcore.vss__t391                8.18378e-14
xc2.xcore.vss__t13                 3.65122e-06
xc2.xcore.ibias__t23                   1.03455
xc2.xcore.tail__t239                   1.18976
xc2.xcore.vss__t392                8.63383e-14
xc2.xcore.tail__t137                   1.18976
xc2.xcore.ibias__t24                   1.03455
xc2.xcore.vss__t115                 3.8427e-06
xc2.xcore.vss__t393                9.08661e-14
xc2.xcore.vss__t14                 4.03515e-06
xc2.xcore.ibias__t25                   1.03455
xc2.xcore.tail__t240                   1.18976
xc2.xcore.vss__t394                 9.5417e-14
xc2.xcore.tail__t138                   1.18976
xc2.xcore.ibias__t26                   1.03455
xc2.xcore.vss__t116                4.22845e-06
xc2.xcore.vss__t395                9.99881e-14
xc2.xcore.vss__t15                 4.42249e-06
xc2.xcore.ibias__t27                   1.03455
xc2.xcore.tail__t241                   1.18976
xc2.xcore.vss__t396                1.04577e-13
xc2.xcore.tail__t139                   1.18976
xc2.xcore.ibias__t28                   1.03455
xc2.xcore.vss__t117                4.61718e-06
xc2.xcore.vss__t397                 1.0918e-13
xc2.xcore.vss__t16                 4.81243e-06
xc2.xcore.ibias__t29                   1.03455
xc2.xcore.tail__t242                   1.18976
xc2.xcore.vss__t398                1.13798e-13
xc2.xcore.tail__t140                   1.18976
xc2.xcore.ibias__t30                   1.03455
xc2.xcore.vss__t118                5.00818e-06
xc2.xcore.vss__t399                1.18427e-13
xc2.xcore.vss__t21                 5.20437e-06
xc2.xcore.ibias__t41                   1.03455
xc2.xcore.tail__t247                   1.18976
xc2.xcore.vss__t400                1.23066e-13
xc2.xcore.tail__t142                   1.18976
xc2.xcore.ibias__t32                   1.03455
xc2.xcore.vss__t120                5.40096e-06
xc2.xcore.vss__t401                1.27715e-13
xc2.xcore.vss__t17                 5.59791e-06
xc2.xcore.ibias__t33                   1.03455
xc2.xcore.tail__t243                   1.18976
xc2.xcore.vss__t402                1.32372e-13
xc2.xcore.tail__t143                   1.18976
xc2.xcore.ibias__t34                   1.03455
xc2.xcore.vss__t121                5.79517e-06
xc2.xcore.vss__t403                1.37037e-13
xc2.xcore.vss__t18                 5.99272e-06
xc2.xcore.ibias__t35                   1.03455
xc2.xcore.tail__t244                   1.18976
xc2.xcore.vss__t404                1.41708e-13
xc2.xcore.tail__t144                   1.18976
xc2.xcore.ibias__t36                   1.03455
xc2.xcore.vss__t122                6.19052e-06
xc2.xcore.vss__t405                1.46386e-13
xc2.xcore.vss__t19                 6.38856e-06
xc2.xcore.ibias__t37                   1.03455
xc2.xcore.tail__t245                   1.18976
xc2.xcore.vss__t406                1.51069e-13
xc2.xcore.tail__t145                   1.18976
xc2.xcore.ibias__t38                   1.03455
xc2.xcore.vss__t123                6.58681e-06
xc2.xcore.vss__t407                1.55757e-13
xc2.xcore.vss__t20                 6.78526e-06
xc2.xcore.ibias__t39                   1.03455
xc2.xcore.tail__t246                   1.18976
xc2.xcore.vss__t408                 1.6045e-13
xc2.xcore.tail__t146                   1.18976
xc2.xcore.ibias__t40                   1.03455
xc2.xcore.vss__t124                6.98389e-06
xc2.xcore.vss__t409                1.65147e-13
xc2.xcore.vss__t8                  7.18268e-06
xc2.xcore.ibias__t12                   1.03455
xc2.xcore.tail__t234                   1.18976
xc2.xcore.vss__t410                1.69848e-13
xc2.xcore.tail__t135                   1.18976
xc2.xcore.ibias__t21                   1.03455
xc2.xcore.vss__t113                7.38162e-06
xc2.xcore.vss__t411                1.74553e-13
xc2.xcore.vss__t9                  7.58069e-06
xc2.xcore.ibias__t13                   1.03455
xc2.xcore.tail__t235                   1.18976
xc2.xcore.vss__t412                 1.7926e-13
xc2.xcore.tail__t131                   1.18976
xc2.xcore.ibias__t14                   1.03455
xc2.xcore.vss__t109                 7.7799e-06
xc2.xcore.vss__t413                1.83971e-13
xc2.xcore.vss__t10                 7.97922e-06
xc2.xcore.ibias__t15                   1.03455
xc2.xcore.tail__t236                   1.18976
xc2.xcore.vss__t414                1.88685e-13
xc2.xcore.tail__t134                   1.18976
xc2.xcore.ibias__t20                   1.03455
xc2.xcore.vss__t112                8.17865e-06
xc2.xcore.vss__t415                1.93401e-13
xc2.xcore.vss__t12                 8.37818e-06
xc2.xcore.ibias__t19                   1.03455
xc2.xcore.tail__t238                   1.18976
xc2.xcore.vss__t416                1.98119e-13
xc2.xcore.tail__t133                   1.18975
xc2.xcore.ibias__t18                   1.03455
xc2.xcore.vss__t111                8.57781e-06
xc2.xcore.vss__t417                 2.0284e-13
xc2.xcore.vss__t11                 8.77753e-06
xc2.xcore.ibias__t17                   1.03455
xc2.xcore.tail__t237                   1.18975
xc2.xcore.vss__t418                2.07563e-13
xc2.xcore.tail__t132                   1.18975
xc2.xcore.ibias__t16                   1.03455
xc2.xcore.vss__t110                8.97732e-06
xc2.xcore.vss__t419                2.12288e-13
xc2.xcore.vss__t7                   9.1772e-06
xc2.xcore.ibias__t11                   1.03455
xc2.xcore.tail__t233                   1.18975
xc2.xcore.vss__t420                2.17015e-13
xc2.xcore.tail__t136                   1.18975
xc2.xcore.ibias__t22                   1.03455
xc2.xcore.vss__t114                9.37714e-06
xc2.xcore.vss__t421                2.21743e-13
xc2.xcore.vss__t23                 9.57715e-06
xc2.xcore.ibias__t45                   1.03455
xc2.xcore.tail__t249                   1.18975
xc2.xcore.vss__t422                2.26473e-13
xc2.xcore.tail__t150                   1.18975
xc2.xcore.ibias__t46                   1.03455
xc2.xcore.vss__t127                9.77723e-06
xc2.xcore.vss__t423                2.31204e-13
xc2.xcore.vss__t24                 9.97736e-06
xc2.xcore.ibias__t47                   1.03455
xc2.xcore.tail__t250                   1.18975
xc2.xcore.vss__t424                2.35937e-13
xc2.xcore.tail__t151                   1.18975
xc2.xcore.ibias__t48                   1.03455
xc2.xcore.vss__t128                1.01776e-05
xc2.xcore.vss__t425                2.40671e-13
xc2.xcore.vss__t25                 1.03778e-05
xc2.xcore.ibias__t49                   1.03455
xc2.xcore.tail__t251                   1.18975
xc2.xcore.vss__t426                2.45407e-13
xc2.xcore.tail__t152                   1.18975
xc2.xcore.ibias__t50                   1.03455
xc2.xcore.vss__t129                1.05781e-05
xc2.xcore.vss__t427                2.50143e-13
xc2.xcore.vss__t32                 1.07784e-05
xc2.xcore.ibias__t61                   1.03455
xc2.xcore.tail__t258                   1.18975
xc2.xcore.vss__t428                2.54881e-13
xc2.xcore.tail__t153                   1.18975
xc2.xcore.ibias__t51                   1.03455
xc2.xcore.vss__t130                1.09788e-05
xc2.xcore.vss__t429                 2.5962e-13
xc2.xcore.vss__t27                 1.11792e-05
xc2.xcore.ibias__t52                   1.03455
xc2.xcore.tail__t253                   1.18975
xc2.xcore.vss__t430                 2.6436e-13
xc2.xcore.tail__t154                   1.18975
xc2.xcore.ibias__t53                   1.03455
xc2.xcore.vss__t131                1.13797e-05
xc2.xcore.vss__t431                  2.691e-13
xc2.xcore.vss__t28                 1.15802e-05
xc2.xcore.ibias__t54                   1.03455
xc2.xcore.tail__t254                   1.18975
xc2.xcore.vss__t432                2.73842e-13
xc2.xcore.tail__t155                   1.18975
xc2.xcore.ibias__t55                   1.03455
xc2.xcore.vss__t132                1.17807e-05
xc2.xcore.vss__t433                2.78584e-13
xc2.xcore.vss__t29                 1.19813e-05
xc2.xcore.ibias__t56                   1.03455
xc2.xcore.tail__t255                   1.18975
xc2.xcore.vss__t434                2.83328e-13
xc2.xcore.tail__t156                   1.18975
xc2.xcore.ibias__t57                   1.03455
xc2.xcore.vss__t133                1.21819e-05
xc2.xcore.vss__t435                2.88072e-13
xc2.xcore.vss__t30                 1.23825e-05
xc2.xcore.ibias__t58                   1.03455
xc2.xcore.tail__t256                   1.18975
xc2.xcore.vss__t436                2.92816e-13
xc2.xcore.tail__t157                   1.18975
xc2.xcore.ibias__t59                   1.03455
xc2.xcore.vss__t134                1.25832e-05
xc2.xcore.vss__t437                2.97562e-13
xc2.xcore.vss__t31                 1.27839e-05
xc2.xcore.ibias__t60                   1.03455
xc2.xcore.tail__t257                   1.18975
xc2.xcore.vss__t438                3.02308e-13
xc2.xcore.tail__t211                   1.18975
xc2.xcore.ibias__t176                  1.03455
xc2.xcore.vss__t193                1.29846e-05
xc2.xcore.vss__t439                3.07055e-13
xc2.xcore.vss__t88                 1.31853e-05
xc2.xcore.ibias__t175                  1.03455
xc2.xcore.tail__t311                   1.18975
xc2.xcore.vss__t440                3.11802e-13
xc2.xcore.tail__t165                   1.18975
xc2.xcore.ibias__t79                   1.03455
xc2.xcore.vss__t142                1.33861e-05
xc2.xcore.vss__t441                 3.1655e-13
xc2.xcore.vss__t43                 1.35869e-05
xc2.xcore.ibias__t80                   1.03455
xc2.xcore.tail__t269                   1.18975
xc2.xcore.vss__t442                3.21298e-13
xc2.xcore.tail__t166                   1.18975
xc2.xcore.ibias__t81                   1.03455
xc2.xcore.vss__t143                1.37877e-05
xc2.xcore.vss__t443                3.26047e-13
xc2.xcore.vss__t38                 1.39885e-05
xc2.xcore.ibias__t71                   1.03455
xc2.xcore.tail__t264                   1.18975
xc2.xcore.vss__t444                3.30797e-13
xc2.xcore.tail__t147                   1.18975
xc2.xcore.ibias__t42                   1.03455
xc2.xcore.vss__t125                1.41894e-05
xc2.xcore.vss__t445                3.35547e-13
xc2.xcore.vss__t22                 1.43902e-05
xc2.xcore.ibias__t43                   1.03455
xc2.xcore.tail__t248                   1.18975
xc2.xcore.vss__t446                3.40297e-13
xc2.xcore.tail__t148                   1.18974
xc2.xcore.ibias__t44                   1.03455
xc2.xcore.vss__t126                1.45911e-05
xc2.xcore.vss__t447                3.45048e-13
xc2.xcore.vss__t0                   1.4792e-05
xc2.xcore.ibias__t1                    1.03455
xc2.xcore.tail__t149                   1.18974
xc2.xcore.vss__t456                3.49799e-13
xc2.xcore.tail__t229                   1.18971
xc2.xcore.ibias__t2                    1.03455
xc2.xcore.vss__t1                  2.53904e-05
xc2.xcore.vss__t458                6.00452e-13
xc2.xcore.vss__t189                2.51891e-05
xc2.xcore.ibias__t170                  1.03455
xc2.xcore.tail__t228                   1.18971
xc2.xcore.vss__t250                 5.9569e-13
xc2.xcore.tail__t209                   1.18971
xc2.xcore.ibias__t169                  1.03455
xc2.xcore.vss__t188                2.49878e-05
xc2.xcore.vss__t251                5.90929e-13
xc2.xcore.vss__t86                 2.47865e-05
xc2.xcore.ibias__t168                  1.03455
xc2.xcore.tail__t309                   1.18971
xc2.xcore.vss__t252                5.86168e-13
xc2.xcore.tail__t208                   1.18971
xc2.xcore.ibias__t167                  1.03455
xc2.xcore.vss__t187                2.45852e-05
xc2.xcore.vss__t253                5.81407e-13
xc2.xcore.vss__t85                  2.4384e-05
xc2.xcore.ibias__t166                  1.03455
xc2.xcore.tail__t308                   1.18971
xc2.xcore.vss__t254                5.76646e-13
xc2.xcore.tail__t207                   1.18971
xc2.xcore.ibias__t165                  1.03455
xc2.xcore.vss__t186                2.41827e-05
xc2.xcore.vss__t255                5.71886e-13
xc2.xcore.vss__t84                 2.39814e-05
xc2.xcore.ibias__t164                  1.03455
xc2.xcore.tail__t307                   1.18971
xc2.xcore.vss__t256                5.67125e-13
xc2.xcore.tail__t210                   1.18971
xc2.xcore.ibias__t173                  1.03455
xc2.xcore.vss__t191                2.37801e-05
xc2.xcore.vss__t257                5.62364e-13
xc2.xcore.vss__t87                 2.35788e-05
xc2.xcore.ibias__t172                  1.03455
xc2.xcore.tail__t310                   1.18971
xc2.xcore.vss__t258                5.57604e-13
xc2.xcore.tail__t219                   1.18971
xc2.xcore.ibias__t195                  1.03455
xc2.xcore.vss__t201                2.33776e-05
xc2.xcore.vss__t259                5.52844e-13
xc2.xcore.vss__t99                 2.31763e-05
xc2.xcore.ibias__t194                  1.03455
xc2.xcore.tail__t321                   1.18971
xc2.xcore.vss__t260                5.48083e-13
xc2.xcore.tail__t227                   1.18971
xc2.xcore.ibias__t209                  1.03455
xc2.xcore.vss__t209                 2.2975e-05
xc2.xcore.vss__t261                5.43323e-13
xc2.xcore.vss__t97                 2.27738e-05
xc2.xcore.ibias__t192                  1.03455
xc2.xcore.tail__t319                   1.18972
xc2.xcore.vss__t262                5.38563e-13
xc2.xcore.tail__t218                   1.18972
xc2.xcore.ibias__t191                  1.03455
xc2.xcore.vss__t200                2.25725e-05
xc2.xcore.vss__t263                5.33803e-13
xc2.xcore.vss__t96                 2.23712e-05
xc2.xcore.ibias__t190                  1.03455
xc2.xcore.tail__t318                   1.18972
xc2.xcore.vss__t264                5.29043e-13
xc2.xcore.tail__t217                   1.18972
xc2.xcore.ibias__t189                  1.03455
xc2.xcore.vss__t199                  2.217e-05
xc2.xcore.vss__t265                5.24284e-13
xc2.xcore.vss__t95                 2.19687e-05
xc2.xcore.ibias__t188                  1.03455
xc2.xcore.tail__t317                   1.18972
xc2.xcore.vss__t266                5.19524e-13
xc2.xcore.tail__t216                   1.18972
xc2.xcore.ibias__t187                  1.03455
xc2.xcore.vss__t198                2.17675e-05
xc2.xcore.vss__t267                5.14764e-13
xc2.xcore.vss__t94                 2.15663e-05
xc2.xcore.ibias__t186                  1.03455
xc2.xcore.tail__t316                   1.18972
xc2.xcore.vss__t268                5.10005e-13
xc2.xcore.tail__t215                   1.18972
xc2.xcore.ibias__t185                  1.03455
xc2.xcore.vss__t197                 2.1365e-05
xc2.xcore.vss__t269                5.05246e-13
xc2.xcore.vss__t93                 2.11638e-05
xc2.xcore.ibias__t184                  1.03455
xc2.xcore.tail__t315                   1.18972
xc2.xcore.vss__t270                5.00487e-13
xc2.xcore.tail__t214                   1.18972
xc2.xcore.ibias__t183                  1.03455
xc2.xcore.vss__t196                2.09626e-05
xc2.xcore.vss__t271                4.95728e-13
xc2.xcore.vss__t92                 2.07614e-05
xc2.xcore.ibias__t182                  1.03455
xc2.xcore.tail__t314                   1.18972
xc2.xcore.vss__t272                4.90969e-13
xc2.xcore.tail__t213                   1.18972
xc2.xcore.ibias__t181                  1.03455
xc2.xcore.vss__t195                2.05602e-05
xc2.xcore.vss__t273                 4.8621e-13
xc2.xcore.vss__t91                  2.0359e-05
xc2.xcore.ibias__t180                  1.03455
xc2.xcore.tail__t313                   1.18972
xc2.xcore.vss__t274                4.81452e-13
xc2.xcore.tail__t212                   1.18972
xc2.xcore.ibias__t179                  1.03455
xc2.xcore.vss__t194                2.01578e-05
xc2.xcore.vss__t275                4.76693e-13
xc2.xcore.vss__t90                 1.99566e-05
xc2.xcore.ibias__t178                  1.03455
xc2.xcore.tail__t312                   1.18972
xc2.xcore.vss__t276                4.71935e-13
xc2.xcore.tail__t206                   1.18972
xc2.xcore.ibias__t161                  1.03455
xc2.xcore.vss__t184                1.97554e-05
xc2.xcore.vss__t277                4.67177e-13
xc2.xcore.vss__t57                 1.95542e-05
xc2.xcore.ibias__t112                  1.03455
xc2.xcore.tail__t283                   1.18972
xc2.xcore.vss__t278                4.62419e-13
xc2.xcore.tail__t183                   1.18972
xc2.xcore.ibias__t111                  1.03455
xc2.xcore.vss__t160                1.93531e-05
xc2.xcore.vss__t279                4.57662e-13
xc2.xcore.vss__t56                 1.91519e-05
xc2.xcore.ibias__t110                  1.03455
xc2.xcore.tail__t282                   1.18972
xc2.xcore.vss__t280                4.52904e-13
xc2.xcore.tail__t182                   1.18972
xc2.xcore.ibias__t109                  1.03455
xc2.xcore.vss__t159                1.89508e-05
xc2.xcore.vss__t281                4.48147e-13
xc2.xcore.vss__t55                 1.87496e-05
xc2.xcore.ibias__t108                  1.03455
xc2.xcore.tail__t281                   1.18972
xc2.xcore.vss__t282                 4.4339e-13
xc2.xcore.tail__t181                   1.18972
xc2.xcore.ibias__t107                  1.03455
xc2.xcore.vss__t158                1.85485e-05
xc2.xcore.vss__t283                4.38633e-13
xc2.xcore.vss__t54                 1.83473e-05
xc2.xcore.ibias__t106                  1.03455
xc2.xcore.tail__t280                   1.18972
xc2.xcore.vss__t284                4.33876e-13
xc2.xcore.tail__t180                   1.18972
xc2.xcore.ibias__t105                  1.03455
xc2.xcore.vss__t157                1.81462e-05
xc2.xcore.vss__t285                4.29119e-13
xc2.xcore.vss__t53                 1.79451e-05
xc2.xcore.ibias__t104                  1.03455
xc2.xcore.tail__t279                   1.18972
xc2.xcore.vss__t286                4.24363e-13
xc2.xcore.tail__t205                   1.18972
xc2.xcore.ibias__t156                  1.03455
xc2.xcore.vss__t182                 1.7744e-05
xc2.xcore.vss__t287                4.19607e-13
xc2.xcore.vss__t79                 1.75429e-05
xc2.xcore.ibias__t155                  1.03455
xc2.xcore.tail__t305                   1.18972
xc2.xcore.vss__t288                4.14851e-13
xc2.xcore.tail__t204                   1.18972
xc2.xcore.ibias__t154                  1.03455
xc2.xcore.vss__t181                1.73418e-05
xc2.xcore.vss__t289                4.10096e-13
xc2.xcore.vss__t78                 1.71408e-05
xc2.xcore.ibias__t153                  1.03455
xc2.xcore.tail__t304                   1.18972
xc2.xcore.vss__t290                 4.0534e-13
xc2.xcore.tail__t203                   1.18972
xc2.xcore.ibias__t152                  1.03455
xc2.xcore.vss__t180                1.69397e-05
xc2.xcore.vss__t291                4.00585e-13
xc2.xcore.vss__t77                 1.67386e-05
xc2.xcore.ibias__t151                  1.03455
xc2.xcore.tail__t303                   1.18973
xc2.xcore.vss__t292                 3.9583e-13
xc2.xcore.tail__t202                   1.18973
xc2.xcore.ibias__t150                  1.03455
xc2.xcore.vss__t179                1.65376e-05
xc2.xcore.vss__t293                3.91076e-13
xc2.xcore.vss__t76                 1.63366e-05
xc2.xcore.ibias__t149                  1.03455
xc2.xcore.tail__t302                   1.18973
xc2.xcore.vss__t294                3.86322e-13
xc2.xcore.tail__t201                   1.18973
xc2.xcore.ibias__t148                  1.03455
xc2.xcore.vss__t178                1.61356e-05
xc2.xcore.vss__t295                3.81568e-13
xc2.xcore.vss__t75                 1.59346e-05
xc2.xcore.ibias__t147                  1.03455
xc2.xcore.tail__t301                   1.18973
xc2.xcore.vss__t296                3.76814e-13
xc2.xcore.tail__t200                   1.18973
xc2.xcore.ibias__t146                  1.03455
xc2.xcore.vss__t177                1.57336e-05
xc2.xcore.vss__t297                3.72061e-13
xc2.xcore.vss__t98                 1.55326e-05
xc2.xcore.ibias__t193                  1.03455
xc2.xcore.tail__t320                   1.18973
xc2.xcore.vss__t298                3.67308e-13
xc2.xcore.tail__t226                   1.18973
xc2.xcore.ibias__t208                  1.03455
xc2.xcore.vss__t208                1.53316e-05
xc2.xcore.vss__t299                3.62555e-13
xc2.xcore.vss__t105                1.51307e-05
xc2.xcore.ibias__t207                  1.03455
xc2.xcore.tail__t327                   1.18973
xc2.xcore.vss__t300                3.57803e-13
xc2.xcore.tail__t225                   1.18973
xc2.xcore.ibias__t206                  1.03455
xc2.xcore.vss__t207                1.49297e-05
xc2.xcore.vss__t301                3.53051e-13
xc2.xcore.vss__t104                1.47288e-05
xc2.xcore.ibias__t205                  1.03455
xc2.xcore.tail__t326                   1.18973
xc2.xcore.vss__t302                  3.483e-13
xc2.xcore.tail__t224                   1.18973
xc2.xcore.ibias__t204                  1.03455
xc2.xcore.vss__t206                1.45279e-05
xc2.xcore.vss__t303                3.43549e-13
xc2.xcore.vss__t103                1.43271e-05
xc2.xcore.ibias__t203                  1.03455
xc2.xcore.tail__t325                   1.18973
xc2.xcore.vss__t304                3.38798e-13
xc2.xcore.tail__t223                   1.18973
xc2.xcore.ibias__t202                  1.03455
xc2.xcore.vss__t205                1.41262e-05
xc2.xcore.vss__t305                3.34048e-13
xc2.xcore.vss__t102                1.39253e-05
xc2.xcore.ibias__t201                  1.03455
xc2.xcore.tail__t324                   1.18973
xc2.xcore.vss__t306                3.29298e-13
xc2.xcore.tail__t222                   1.18973
xc2.xcore.ibias__t200                  1.03455
xc2.xcore.vss__t204                1.37245e-05
xc2.xcore.vss__t307                3.24549e-13
xc2.xcore.vss__t101                1.35237e-05
xc2.xcore.ibias__t199                  1.03455
xc2.xcore.tail__t323                   1.18973
xc2.xcore.vss__t308                  3.198e-13
xc2.xcore.tail__t221                   1.18973
xc2.xcore.ibias__t198                  1.03455
xc2.xcore.vss__t203                1.33229e-05
xc2.xcore.vss__t309                3.15052e-13
xc2.xcore.vss__t100                1.31222e-05
xc2.xcore.ibias__t197                  1.03455
xc2.xcore.tail__t322                   1.18973
xc2.xcore.vss__t310                3.10304e-13
xc2.xcore.tail__t220                   1.18973
xc2.xcore.ibias__t196                  1.03455
xc2.xcore.vss__t202                1.29215e-05
xc2.xcore.vss__t311                3.05557e-13
xc2.xcore.vss__t80                 1.27207e-05
xc2.xcore.ibias__t157                  1.03455
xc2.xcore.tail__t306                   1.18973
xc2.xcore.vss__t312                3.00811e-13
xc2.xcore.tail__t185                   1.18973
xc2.xcore.ibias__t116                  1.03455
xc2.xcore.vss__t162                1.25201e-05
xc2.xcore.vss__t313                2.96065e-13
xc2.xcore.vss__t59                 1.23194e-05
xc2.xcore.ibias__t115                  1.03455
xc2.xcore.tail__t285                   1.18973
xc2.xcore.vss__t314                 2.9132e-13
xc2.xcore.tail__t184                   1.18973
xc2.xcore.ibias__t114                  1.03455
xc2.xcore.vss__t161                1.21188e-05
xc2.xcore.vss__t315                2.86575e-13
xc2.xcore.vss__t71                 1.19182e-05
xc2.xcore.ibias__t139                  1.03455
xc2.xcore.tail__t297                   1.18973
xc2.xcore.vss__t316                2.81831e-13
xc2.xcore.tail__t196                   1.18973
xc2.xcore.ibias__t138                  1.03455
xc2.xcore.vss__t173                1.17176e-05
xc2.xcore.vss__t317                2.77089e-13
xc2.xcore.vss__t70                 1.15171e-05
xc2.xcore.ibias__t137                  1.03455
xc2.xcore.tail__t296                   1.18973
xc2.xcore.vss__t318                2.72346e-13
xc2.xcore.tail__t195                   1.18973
xc2.xcore.ibias__t136                  1.03455
xc2.xcore.vss__t172                1.13166e-05
xc2.xcore.vss__t319                2.67605e-13
xc2.xcore.vss__t69                 1.11162e-05
xc2.xcore.ibias__t135                  1.03455
xc2.xcore.tail__t295                   1.18973
xc2.xcore.vss__t320                2.62865e-13
xc2.xcore.tail__t194                   1.18973
xc2.xcore.ibias__t134                  1.03455
xc2.xcore.vss__t171                1.09158e-05
xc2.xcore.vss__t321                2.58125e-13
xc2.xcore.vss__t61                 1.07154e-05
xc2.xcore.ibias__t119                  1.03455
xc2.xcore.tail__t287                   1.18974
xc2.xcore.vss__t322                2.53387e-13
xc2.xcore.tail__t179                   1.18974
xc2.xcore.ibias__t103                  1.03455
xc2.xcore.vss__t156                1.05151e-05
xc2.xcore.vss__t323                 2.4865e-13
xc2.xcore.vss__t48                 1.03148e-05
xc2.xcore.ibias__t92                   1.03455
xc2.xcore.tail__t274                   1.18974
xc2.xcore.vss__t324                2.43914e-13
xc2.xcore.tail__t178                   1.18974
xc2.xcore.ibias__t102                  1.03455
xc2.xcore.vss__t155                1.01146e-05
xc2.xcore.vss__t325                2.39179e-13
xc2.xcore.vss__t52                  9.9144e-06
xc2.xcore.ibias__t101                  1.03455
xc2.xcore.tail__t278                   1.18974
xc2.xcore.vss__t326                2.34445e-13
xc2.xcore.tail__t177                   1.18974
xc2.xcore.ibias__t100                  1.03455
xc2.xcore.vss__t154                9.71428e-06
xc2.xcore.vss__t327                2.29713e-13
xc2.xcore.vss__t51                 9.51423e-06
xc2.xcore.ibias__t99                   1.03455
xc2.xcore.tail__t277                   1.18974
xc2.xcore.vss__t328                2.24982e-13
xc2.xcore.tail__t176                   1.18974
xc2.xcore.ibias__t98                   1.03455
xc2.xcore.vss__t153                9.31424e-06
xc2.xcore.vss__t329                2.20252e-13
xc2.xcore.vss__t58                 9.11431e-06
xc2.xcore.ibias__t113                  1.03455
xc2.xcore.tail__t284                   1.18974
xc2.xcore.vss__t330                2.15524e-13
xc2.xcore.tail__t174                   1.18974
xc2.xcore.ibias__t96                   1.03455
xc2.xcore.vss__t151                8.91446e-06
xc2.xcore.vss__t331                2.10798e-13
xc2.xcore.vss__t50                 8.71469e-06
xc2.xcore.ibias__t95                   1.03455
xc2.xcore.tail__t276                   1.18974
xc2.xcore.vss__t332                2.06074e-13
xc2.xcore.tail__t173                   1.18974
xc2.xcore.ibias__t94                   1.03455
xc2.xcore.vss__t150                  8.515e-06
xc2.xcore.vss__t333                2.01352e-13
xc2.xcore.vss__t49                  8.3154e-06
xc2.xcore.ibias__t93                   1.03455
xc2.xcore.tail__t275                   1.18974
xc2.xcore.vss__t334                1.96632e-13
xc2.xcore.tail__t172                   1.18974
xc2.xcore.ibias__t91                   1.03455
xc2.xcore.vss__t149                 8.1159e-06
xc2.xcore.vss__t335                1.91914e-13
xc2.xcore.vss__t47                  7.9165e-06
xc2.xcore.ibias__t90                   1.03455
xc2.xcore.tail__t273                   1.18974
xc2.xcore.vss__t336                1.87199e-13
xc2.xcore.tail__t171                   1.18974
xc2.xcore.ibias__t89                   1.03455
xc2.xcore.vss__t148                7.71722e-06
xc2.xcore.vss__t337                1.82486e-13
xc2.xcore.vss__t46                 7.51805e-06
xc2.xcore.ibias__t88                   1.03455
xc2.xcore.tail__t272                   1.18974
xc2.xcore.vss__t338                1.77777e-13
xc2.xcore.tail__t170                   1.18974
xc2.xcore.ibias__t87                   1.03455
xc2.xcore.vss__t147                7.31902e-06
xc2.xcore.vss__t339                 1.7307e-13
xc2.xcore.vss__t45                 7.12013e-06
xc2.xcore.ibias__t86                   1.03455
xc2.xcore.tail__t271                   1.18974
xc2.xcore.vss__t340                1.68367e-13
xc2.xcore.tail__t169                   1.18974
xc2.xcore.ibias__t85                   1.03455
xc2.xcore.vss__t146                6.92139e-06
xc2.xcore.vss__t341                1.63667e-13
xc2.xcore.vss__t44                 6.72282e-06
xc2.xcore.ibias__t84                   1.03455
xc2.xcore.tail__t270                   1.18974
xc2.xcore.vss__t342                1.58971e-13
xc2.xcore.tail__t168                   1.18974
xc2.xcore.ibias__t83                   1.03455
xc2.xcore.vss__t145                6.52443e-06
xc2.xcore.vss__t343                 1.5428e-13
xc2.xcore.vss__t66                 6.32624e-06
xc2.xcore.ibias__t129                  1.03455
xc2.xcore.tail__t292                   1.18974
xc2.xcore.vss__t344                1.49593e-13
xc2.xcore.tail__t199                   1.18974
xc2.xcore.ibias__t144                  1.03455
xc2.xcore.vss__t176                6.12827e-06
xc2.xcore.vss__t345                1.44912e-13
xc2.xcore.vss__t73                 5.93054e-06
xc2.xcore.ibias__t143                  1.03455
xc2.xcore.tail__t299                   1.18974
xc2.xcore.vss__t346                1.40236e-13
xc2.xcore.tail__t198                   1.18974
xc2.xcore.ibias__t142                  1.03455
xc2.xcore.vss__t175                5.73308e-06
xc2.xcore.vss__t347                1.35567e-13
xc2.xcore.vss__t72                 5.53592e-06
xc2.xcore.ibias__t141                  1.03455
xc2.xcore.tail__t298                   1.18974
xc2.xcore.vss__t348                1.30905e-13
xc2.xcore.outp__t53                    2.79603
xc2.xcore.inp__t1                       2.5245
xc2.xcore.tail__t0                     1.18982
xc2.xcore.vss__t460                5.75705e-12
xc2.xcore.tail__t119                   1.18982
xc2.xcore.inp__t53                      2.5245
xc2.xcore.outp__t52                    2.79603
xc2.xcore.vss__t462                5.81141e-12
xc2.xcore.outp__t46                    2.79603
xc2.xcore.inp__t52                      2.5245
xc2.xcore.tail__t118                   1.18982
xc2.xcore.vss__t463                5.86578e-12
xc2.xcore.tail__t58                    1.18982
xc2.xcore.inp__t61                      2.5245
xc2.xcore.outp__t82                    2.79603
xc2.xcore.vss__t464                5.92014e-12
xc2.xcore.outp__t30                    2.79603
xc2.xcore.inp__t24                      2.5245
xc2.xcore.tail__t98                    1.18982
xc2.xcore.vss__t465                 5.9745e-12
xc2.xcore.tail__t38                    1.18982
xc2.xcore.inp__t23                      2.5245
xc2.xcore.outp__t64                    2.79602
xc2.xcore.vss__t466                6.02887e-12
xc2.xcore.outp__t29                    2.79602
xc2.xcore.inp__t22                      2.5245
xc2.xcore.tail__t97                    1.18982
xc2.xcore.vss__t467                6.08323e-12
xc2.xcore.tail__t37                    1.18982
xc2.xcore.inp__t21                      2.5245
xc2.xcore.outp__t63                    2.79602
xc2.xcore.vss__t468                6.13759e-12
xc2.xcore.outp__t28                    2.79602
xc2.xcore.inp__t20                      2.5245
xc2.xcore.tail__t96                    1.18982
xc2.xcore.vss__t469                6.19195e-12
xc2.xcore.tail__t36                    1.18982
xc2.xcore.inp__t19                      2.5245
xc2.xcore.outp__t62                    2.79602
xc2.xcore.vss__t470                6.24631e-12
xc2.xcore.outp__t27                    2.79602
xc2.xcore.inp__t18                      2.5245
xc2.xcore.tail__t95                    1.18983
xc2.xcore.vss__t471                6.30067e-12
xc2.xcore.tail__t35                    1.18983
xc2.xcore.inp__t17                      2.5245
xc2.xcore.outp__t61                    2.79602
xc2.xcore.vss__t472                6.35503e-12
xc2.xcore.outp__t26                    2.79601
xc2.xcore.inp__t16                      2.5245
xc2.xcore.tail__t94                    1.18983
xc2.xcore.vss__t473                6.40939e-12
xc2.xcore.tail__t33                    1.18983
xc2.xcore.inp__t15                      2.5245
xc2.xcore.outp__t60                    2.79601
xc2.xcore.vss__t474                6.46375e-12
xc2.xcore.outp__t47                    2.79601
xc2.xcore.inp__t54                      2.5245
xc2.xcore.tail__t120                   1.18983
xc2.xcore.vss__t475                 6.5181e-12
xc2.xcore.tail__t54                    1.18983
xc2.xcore.inp__t55                      2.5245
xc2.xcore.outp__t78                    2.79601
xc2.xcore.vss__t476                6.57246e-12
xc2.xcore.outp__t51                    2.79601
xc2.xcore.inp__t63                      2.5245
xc2.xcore.tail__t126                   1.18983
xc2.xcore.vss__t477                6.62681e-12
xc2.xcore.tail__t57                    1.18983
xc2.xcore.inp__t60                      2.5245
xc2.xcore.outp__t81                    2.79601
xc2.xcore.vss__t478                6.68116e-12
xc2.xcore.outp__t49                      2.796
xc2.xcore.inp__t59                      2.5245
xc2.xcore.tail__t122                   1.18983
xc2.xcore.vss__t479                6.73551e-12
xc2.xcore.tail__t56                    1.18983
xc2.xcore.inp__t58                      2.5245
xc2.xcore.outp__t80                      2.796
xc2.xcore.vss__t480                6.78986e-12
xc2.xcore.outp__t48                      2.796
xc2.xcore.inp__t57                      2.5245
xc2.xcore.tail__t121                   1.18983
xc2.xcore.vss__t481                6.84421e-12
xc2.xcore.tail__t55                    1.18983
xc2.xcore.inp__t56                      2.5245
xc2.xcore.outp__t79                      2.796
xc2.xcore.vss__t482                6.89856e-12
xc2.xcore.outp__t24                      2.796
xc2.xcore.inp__t11                      2.5245
xc2.xcore.tail__t92                    1.18983
xc2.xcore.vss__t483                 6.9529e-12
xc2.xcore.tail__t30                    1.18984
xc2.xcore.inp__t10                      2.5245
xc2.xcore.outp__t57                      2.796
xc2.xcore.vss__t484                7.00725e-12
xc2.xcore.outp__t23                    2.79599
xc2.xcore.inp__t9                       2.5245
xc2.xcore.tail__t88                    1.18984
xc2.xcore.vss__t485                7.06159e-12
xc2.xcore.tail__t32                    1.18984
xc2.xcore.inp__t14                      2.5245
xc2.xcore.outp__t59                    2.79599
xc2.xcore.vss__t486                7.11593e-12
xc2.xcore.outp__t25                    2.79599
xc2.xcore.inp__t13                      2.5245
xc2.xcore.tail__t93                    1.18984
xc2.xcore.vss__t487                7.17027e-12
xc2.xcore.tail__t60                    1.18984
xc2.xcore.inp__t0                       2.5245
xc2.xcore.outp__t83                    2.79599
xc2.xcore.vss__t488                7.22461e-12
xc2.xcore.outp__t50                    2.79599
xc2.xcore.inp__t62                      2.5245
xc2.xcore.tail__t123                   1.18984
xc2.xcore.vss__t489                7.27895e-12
xc2.xcore.tail__t42                    1.18984
xc2.xcore.inp__t29                      2.5245
xc2.xcore.outp__t67                    2.79599
xc2.xcore.vss__t490                7.33328e-12
xc2.xcore.outp__t32                    2.79598
xc2.xcore.inp__t28                      2.5245
xc2.xcore.tail__t102                   1.18984
xc2.xcore.vss__t491                7.38761e-12
xc2.xcore.tail__t41                    1.18984
xc2.xcore.inp__t27                      2.5245
xc2.xcore.outp__t66                    2.79598
xc2.xcore.vss__t492                7.44195e-12
xc2.xcore.outp__t31                    2.79598
xc2.xcore.inp__t26                      2.5245
xc2.xcore.tail__t101                   1.18984
xc2.xcore.vss__t493                7.49628e-12
xc2.xcore.tail__t40                    1.18984
xc2.xcore.inp__t25                      2.5245
xc2.xcore.outp__t65                    2.79598
xc2.xcore.vss__t494                 7.5506e-12
xc2.xcore.outp__t20                    2.79598
xc2.xcore.inp__t4                       2.5245
xc2.xcore.tail__t74                    1.18984
xc2.xcore.vss__t495                7.60493e-12
xc2.xcore.tail__t14                    1.18985
xc2.xcore.inp__t3                       2.5245
xc2.xcore.outp__t54                    2.79598
xc2.xcore.vss__t496                7.65926e-12
xc2.xcore.outp__t22                    2.79598
xc2.xcore.inp__t7                       2.5245
xc2.xcore.tail__t76                    1.18985
xc2.xcore.vss__t497                7.71358e-12
xc2.xcore.tail__t16                    1.18985
xc2.xcore.inp__t6                       2.5245
xc2.xcore.outp__t55                    2.79597
xc2.xcore.vss__t498                 7.7679e-12
xc2.xcore.outp__t21                    2.79597
xc2.xcore.inp__t5                       2.5245
xc2.xcore.tail__t75                    1.18985
xc2.xcore.vss__t499                7.82222e-12
xc2.xcore.tail__t19                    1.18985
xc2.xcore.inp__t8                       2.5245
xc2.xcore.outp__t56                    2.79597
xc2.xcore.vss__t500                7.87654e-12
xc2.xcore.outp__t45                    2.79597
xc2.xcore.inp__t50                      2.5245
xc2.xcore.tail__t116                   1.18985
xc2.xcore.vss__t501                7.93085e-12
xc2.xcore.tail__t51                    1.18985
xc2.xcore.inp__t49                      2.5245
xc2.xcore.outp__t76                    2.79597
xc2.xcore.vss__t502                7.98516e-12
xc2.xcore.outp__t44                    2.79597
xc2.xcore.inp__t48                      2.5245
xc2.xcore.tail__t115                   1.18985
xc2.xcore.vss__t503                8.03948e-12
xc2.xcore.tail__t50                    1.18985
xc2.xcore.inp__t47                      2.5245
xc2.xcore.outp__t75                    2.79596
xc2.xcore.vss__t504                8.09379e-12
xc2.xcore.outp__t43                    2.79596
xc2.xcore.inp__t46                      2.5245
xc2.xcore.tail__t114                   1.18985
xc2.xcore.vss__t505                8.14809e-12
xc2.xcore.tail__t49                    1.18985
xc2.xcore.inp__t45                      2.5245
xc2.xcore.outp__t74                    2.79596
xc2.xcore.vss__t506                 8.2024e-12
xc2.xcore.outp__t42                    2.79596
xc2.xcore.inp__t44                      2.5245
xc2.xcore.tail__t113                   1.18985
xc2.xcore.vss__t507                 8.2567e-12
xc2.xcore.tail__t48                    1.18985
xc2.xcore.inp__t43                      2.5245
xc2.xcore.outp__t73                    2.79596
xc2.xcore.vss__t508                  8.311e-12
xc2.xcore.outp__t41                    2.79596
xc2.xcore.inp__t42                      2.5245
xc2.xcore.tail__t112                   1.18986
xc2.xcore.vss__t509                 8.3653e-12
xc2.xcore.tail__t47                    1.18986
xc2.xcore.inp__t41                      2.5245
xc2.xcore.outp__t72                    2.79595
xc2.xcore.vss__t510                 8.4196e-12
xc2.xcore.outp__t40                    2.79595
xc2.xcore.inp__t40                      2.5245
xc2.xcore.tail__t111                   1.18986
xc2.xcore.vss__t511                 8.4739e-12
xc2.xcore.tail__t46                    1.18986
xc2.xcore.inp__t39                      2.5245
xc2.xcore.outp__t71                    2.79595
xc2.xcore.vss__t512                8.52819e-12
xc2.xcore.outp__t39                    2.79595
xc2.xcore.inp__t38                      2.5245
xc2.xcore.tail__t110                   1.18986
xc2.xcore.vss__t513                8.58248e-12
xc2.xcore.tail__t53                    1.18986
xc2.xcore.inp__t51                      2.5245
xc2.xcore.outp__t77                    2.79595
xc2.xcore.vss__t514                8.63677e-12
xc2.xcore.outp__t38                    2.79595
xc2.xcore.inp__t37                      2.5245
xc2.xcore.tail__t108                   1.18986
xc2.xcore.vss__t515                8.69106e-12
xc2.xcore.tail__t45                    1.18986
xc2.xcore.inp__t36                      2.5245
xc2.xcore.outp__t70                    2.79594
xc2.xcore.vss__t516                8.74534e-12
xc2.xcore.outp__t37                    2.79594
xc2.xcore.inp__t35                      2.5245
xc2.xcore.tail__t107                   1.18986
xc2.xcore.vss__t517                8.79962e-12
xc2.xcore.tail__t44                    1.18986
xc2.xcore.inp__t34                      2.5245
xc2.xcore.outp__t69                    2.79594
xc2.xcore.vss__t518                 8.8539e-12
xc2.xcore.outp__t36                    2.79594
xc2.xcore.inp__t33                      2.5245
xc2.xcore.tail__t106                   1.18986
xc2.xcore.vss__t519                8.90818e-12
xc2.xcore.tail__t31                    1.18986
xc2.xcore.inp__t12                      2.5245
xc2.xcore.outp__t58                    2.79594
xc2.xcore.vss__t520                8.96246e-12
xc2.xcore.outp__t35                    2.79594
xc2.xcore.inp__t32                      2.5245
xc2.xcore.tail__t104                   1.18986
xc2.xcore.vss__t521                9.01673e-12
xc2.xcore.tail__t43                    1.18987
xc2.xcore.inp__t31                      2.5245
xc2.xcore.outp__t68                    2.79593
xc2.xcore.vss__t522                  9.071e-12
xc2.xcore.outp__t33                    2.79593
xc2.xcore.inp__t30                      2.5245
xc2.xcore.tail__t103                   1.18987
xc2.xcore.vss__t523                9.12527e-12
xc2.xcore.tail__t1                     1.18987
xc2.xcore.inp__t2                       2.5245
xc2.xcore.outp__t34                    2.79593
xc2.xcore.vss__t586                9.17954e-12
xc2.xcore.ibias__t215                  1.03182
xc2.xcore.ibias__t3                    1.03455
xc2.xcore.vss__t2                  2.51857e-05
xc2.xcore.vss__t459                5.19764e-13
xc2.xcore.vss__t81                 2.49859e-05
xc2.xcore.ibias__t158                  1.03455
xc2.xcore.ibias__t216                  1.03185
xc2.xcore.vss__t448                5.15654e-13
xc2.xcore.ibias__t213                  1.03188
xc2.xcore.ibias__t171                  1.03455
xc2.xcore.vss__t190                2.47861e-05
xc2.xcore.vss__t449                5.11543e-13
xc2.xcore.vss__t83                 2.45863e-05
xc2.xcore.ibias__t163                  1.03455
xc2.xcore.ibias__t218                  1.03191
xc2.xcore.vss__t450                5.07433e-13
xc2.xcore.ibias__t212                  1.03194
xc2.xcore.ibias__t162                  1.03455
xc2.xcore.vss__t185                2.43865e-05
xc2.xcore.vss__t451                5.03322e-13
xc2.xcore.vss__t89                 2.41867e-05
xc2.xcore.ibias__t177                  1.03455
xc2.xcore.ibias__t219                  1.03197
xc2.xcore.vss__t452                4.99211e-13
xc2.xcore.ibias__t211                    1.032
xc2.xcore.ibias__t160                  1.03455
xc2.xcore.vss__t183                2.39868e-05
xc2.xcore.vss__t453                  4.951e-13
xc2.xcore.vss__t82                  2.3787e-05
xc2.xcore.ibias__t159                  1.03455
xc2.xcore.ibias__t217                  1.03203
xc2.xcore.vss__t454                4.90988e-13
xc2.xcore.ibias__t214                  1.03206
xc2.xcore.ibias__t174                  1.03455
xc2.xcore.vss__t192                2.35872e-05
xc2.xcore.vss__t455                4.86877e-13
xc2.xcore.vss__t3                  2.33874e-05
xc2.xcore.ibias__t4                    1.03455
xc2.xcore.ibias__t210                  1.03209
xc2.xcore.vss__t457                4.82765e-13
xc2.xcore.outn__t52                    3.29998
xc2.xcore.inn__t1                       1.6335
xc2.xcore.tail__t3                     1.18976
xc2.xcore.vss__t461                2.61649e-12
xc2.xcore.tail__t62                    1.18976
xc2.xcore.inn__t58                      1.6335
xc2.xcore.outn__t81                    3.29998
xc2.xcore.vss__t524                2.64132e-12
xc2.xcore.outn__t49                    3.29998
xc2.xcore.inn__t59                      1.6335
xc2.xcore.tail__t124                   1.18976
xc2.xcore.vss__t525                2.66615e-12
xc2.xcore.tail__t63                    1.18976
xc2.xcore.inn__t60                      1.6335
xc2.xcore.outn__t82                    3.29998
xc2.xcore.vss__t526                2.69098e-12
xc2.xcore.outn__t50                    3.29998
xc2.xcore.inn__t61                      1.6335
xc2.xcore.tail__t125                   1.18976
xc2.xcore.vss__t527                2.71581e-12
xc2.xcore.tail__t64                    1.18976
xc2.xcore.inn__t62                      1.6335
xc2.xcore.outn__t83                    3.29998
xc2.xcore.vss__t528                2.74065e-12
xc2.xcore.outn__t46                    3.29998
xc2.xcore.inn__t52                      1.6335
xc2.xcore.tail__t105                   1.18976
xc2.xcore.vss__t529                2.76548e-12
xc2.xcore.tail__t15                    1.18976
xc2.xcore.inn__t21                      1.6335
xc2.xcore.outn__t63                    3.29998
xc2.xcore.vss__t530                2.79031e-12
xc2.xcore.outn__t45                    3.29998
xc2.xcore.inn__t51                      1.6335
xc2.xcore.tail__t100                   1.18976
xc2.xcore.vss__t531                2.81515e-12
xc2.xcore.tail__t34                    1.18976
xc2.xcore.inn__t48                      1.6335
xc2.xcore.outn__t76                    3.29998
xc2.xcore.vss__t532                2.83998e-12
xc2.xcore.outn__t44                    3.29998
xc2.xcore.inn__t50                      1.6335
xc2.xcore.tail__t99                    1.18976
xc2.xcore.vss__t533                2.86482e-12
xc2.xcore.tail__t61                    1.18976
xc2.xcore.inn__t57                      1.6335
xc2.xcore.outn__t80                    3.29998
xc2.xcore.vss__t534                2.88966e-12
xc2.xcore.outn__t40                    3.29998
xc2.xcore.inn__t42                      1.6335
xc2.xcore.tail__t87                    1.18976
xc2.xcore.vss__t535                2.91449e-12
xc2.xcore.tail__t27                    1.18976
xc2.xcore.inn__t41                      1.6335
xc2.xcore.outn__t73                    3.29998
xc2.xcore.vss__t536                2.93933e-12
xc2.xcore.outn__t39                    3.29998
xc2.xcore.inn__t40                      1.6335
xc2.xcore.tail__t86                    1.18976
xc2.xcore.vss__t537                2.96417e-12
xc2.xcore.tail__t26                    1.18976
xc2.xcore.inn__t39                      1.6335
xc2.xcore.outn__t72                    3.29998
xc2.xcore.vss__t538                2.98901e-12
xc2.xcore.outn__t38                    3.29998
xc2.xcore.inn__t38                      1.6335
xc2.xcore.tail__t85                    1.18976
xc2.xcore.vss__t539                3.01384e-12
xc2.xcore.tail__t25                    1.18976
xc2.xcore.inn__t37                      1.6335
xc2.xcore.outn__t71                    3.29998
xc2.xcore.vss__t540                3.03868e-12
xc2.xcore.outn__t47                    3.29998
xc2.xcore.inn__t53                      1.6335
xc2.xcore.tail__t109                   1.18976
xc2.xcore.vss__t541                3.06352e-12
xc2.xcore.tail__t52                    1.18976
xc2.xcore.inn__t55                      1.6335
xc2.xcore.outn__t78                    3.29998
xc2.xcore.vss__t542                3.08836e-12
xc2.xcore.outn__t48                    3.29998
xc2.xcore.inn__t54                      1.6335
xc2.xcore.tail__t117                   1.18976
xc2.xcore.vss__t543                 3.1132e-12
xc2.xcore.tail__t39                    1.18976
xc2.xcore.inn__t49                      1.6335
xc2.xcore.outn__t77                    3.29998
xc2.xcore.vss__t544                3.13804e-12
xc2.xcore.outn__t41                    3.29998
xc2.xcore.inn__t43                      1.6335
xc2.xcore.tail__t89                    1.18976
xc2.xcore.vss__t545                3.16289e-12
xc2.xcore.tail__t29                    1.18976
xc2.xcore.inn__t47                      1.6335
xc2.xcore.outn__t75                    3.29998
xc2.xcore.vss__t546                3.18773e-12
xc2.xcore.outn__t43                    3.29998
xc2.xcore.inn__t46                      1.6335
xc2.xcore.tail__t91                    1.18976
xc2.xcore.vss__t547                3.21257e-12
xc2.xcore.tail__t28                    1.18976
xc2.xcore.inn__t45                      1.6335
xc2.xcore.outn__t74                    3.29998
xc2.xcore.vss__t548                3.23741e-12
xc2.xcore.outn__t42                    3.29998
xc2.xcore.inn__t44                      1.6335
xc2.xcore.tail__t90                    1.18976
xc2.xcore.vss__t549                3.26226e-12
xc2.xcore.tail__t59                    1.18976
xc2.xcore.inn__t56                      1.6335
xc2.xcore.outn__t79                    3.29998
xc2.xcore.vss__t550                 3.2871e-12
xc2.xcore.outn__t51                    3.29998
xc2.xcore.inn__t63                      1.6335
xc2.xcore.tail__t127                   1.18976
xc2.xcore.vss__t551                3.31194e-12
xc2.xcore.tail__t13                    1.18976
xc2.xcore.inn__t19                      1.6335
xc2.xcore.outn__t62                    3.29998
xc2.xcore.vss__t552                3.33679e-12
xc2.xcore.outn__t28                    3.29998
xc2.xcore.inn__t18                      1.6335
xc2.xcore.tail__t72                    1.18976
xc2.xcore.vss__t553                3.36163e-12
xc2.xcore.tail__t12                    1.18976
xc2.xcore.inn__t17                      1.6335
xc2.xcore.outn__t61                    3.29998
xc2.xcore.vss__t554                3.38648e-12
xc2.xcore.outn__t27                    3.29998
xc2.xcore.inn__t16                      1.6335
xc2.xcore.tail__t71                    1.18976
xc2.xcore.vss__t555                3.41132e-12
xc2.xcore.tail__t11                    1.18976
xc2.xcore.inn__t15                      1.6335
xc2.xcore.outn__t60                    3.29998
xc2.xcore.vss__t556                3.43617e-12
xc2.xcore.outn__t26                    3.29998
xc2.xcore.inn__t14                      1.6335
xc2.xcore.tail__t70                    1.18976
xc2.xcore.vss__t557                3.46101e-12
xc2.xcore.tail__t10                    1.18976
xc2.xcore.inn__t13                      1.6335
xc2.xcore.outn__t59                    3.29998
xc2.xcore.vss__t558                3.48586e-12
xc2.xcore.outn__t25                    3.29998
xc2.xcore.inn__t12                      1.6335
xc2.xcore.tail__t69                    1.18976
xc2.xcore.vss__t559                3.51071e-12
xc2.xcore.tail__t6                     1.18976
xc2.xcore.inn__t5                       1.6335
xc2.xcore.outn__t55                    3.29998
xc2.xcore.vss__t560                3.53555e-12
xc2.xcore.outn__t24                    3.29998
xc2.xcore.inn__t11                      1.6335
xc2.xcore.tail__t68                    1.18976
xc2.xcore.vss__t561                 3.5604e-12
xc2.xcore.tail__t4                     1.18976
xc2.xcore.inn__t2                       1.6335
xc2.xcore.outn__t53                    3.29998
xc2.xcore.vss__t562                3.58525e-12
xc2.xcore.outn__t21                    3.29998
xc2.xcore.inn__t3                       1.6335
xc2.xcore.tail__t65                    1.18976
xc2.xcore.vss__t563                 3.6101e-12
xc2.xcore.tail__t5                     1.18976
xc2.xcore.inn__t4                       1.6335
xc2.xcore.outn__t54                    3.29998
xc2.xcore.vss__t564                3.63494e-12
xc2.xcore.outn__t22                    3.29998
xc2.xcore.inn__t6                       1.6335
xc2.xcore.tail__t66                    1.18976
xc2.xcore.vss__t565                3.65979e-12
xc2.xcore.tail__t7                     1.18976
xc2.xcore.inn__t7                       1.6335
xc2.xcore.outn__t56                    3.29998
xc2.xcore.vss__t566                3.68464e-12
xc2.xcore.outn__t23                    3.29998
xc2.xcore.inn__t8                       1.6335
xc2.xcore.tail__t67                    1.18976
xc2.xcore.vss__t567                3.70949e-12
xc2.xcore.tail__t8                     1.18976
xc2.xcore.inn__t9                       1.6335
xc2.xcore.outn__t57                    3.29998
xc2.xcore.vss__t568                3.73434e-12
xc2.xcore.outn__t29                    3.29998
xc2.xcore.inn__t20                      1.6335
xc2.xcore.tail__t73                    1.18976
xc2.xcore.vss__t569                3.75919e-12
xc2.xcore.tail__t9                     1.18976
xc2.xcore.inn__t10                      1.6335
xc2.xcore.outn__t58                    3.29998
xc2.xcore.vss__t570                3.78404e-12
xc2.xcore.outn__t36                    3.29998
xc2.xcore.inn__t35                      1.6335
xc2.xcore.tail__t83                    1.18976
xc2.xcore.vss__t571                3.80889e-12
xc2.xcore.tail__t24                    1.18976
xc2.xcore.inn__t34                      1.6335
xc2.xcore.outn__t70                    3.29998
xc2.xcore.vss__t572                3.83374e-12
xc2.xcore.outn__t35                    3.29998
xc2.xcore.inn__t33                      1.6335
xc2.xcore.tail__t82                    1.18976
xc2.xcore.vss__t573                3.85859e-12
xc2.xcore.tail__t23                    1.18976
xc2.xcore.inn__t32                      1.6335
xc2.xcore.outn__t69                    3.29998
xc2.xcore.vss__t574                3.88344e-12
xc2.xcore.outn__t34                    3.29998
xc2.xcore.inn__t31                      1.6335
xc2.xcore.tail__t81                    1.18976
xc2.xcore.vss__t575                3.90829e-12
xc2.xcore.tail__t22                    1.18976
xc2.xcore.inn__t30                      1.6335
xc2.xcore.outn__t68                    3.29998
xc2.xcore.vss__t576                3.93314e-12
xc2.xcore.outn__t33                    3.29998
xc2.xcore.inn__t29                      1.6335
xc2.xcore.tail__t80                    1.18976
xc2.xcore.vss__t577                3.95799e-12
xc2.xcore.tail__t21                    1.18976
xc2.xcore.inn__t28                      1.6335
xc2.xcore.outn__t67                    3.29998
xc2.xcore.vss__t578                3.98284e-12
xc2.xcore.outn__t32                    3.29998
xc2.xcore.inn__t27                      1.6335
xc2.xcore.tail__t79                    1.18976
xc2.xcore.vss__t579                4.00769e-12
xc2.xcore.tail__t20                    1.18976
xc2.xcore.inn__t26                      1.6335
xc2.xcore.outn__t66                    3.29998
xc2.xcore.vss__t580                4.03255e-12
xc2.xcore.outn__t37                    3.29998
xc2.xcore.inn__t36                      1.6335
xc2.xcore.tail__t84                    1.18976
xc2.xcore.vss__t581                 4.0574e-12
xc2.xcore.tail__t18                    1.18976
xc2.xcore.inn__t25                      1.6335
xc2.xcore.outn__t65                    3.29998
xc2.xcore.vss__t582                4.08225e-12
xc2.xcore.outn__t31                    3.29998
xc2.xcore.inn__t24                      1.6335
xc2.xcore.tail__t78                    1.18976
xc2.xcore.vss__t583                 4.1071e-12
xc2.xcore.tail__t17                    1.18976
xc2.xcore.inn__t23                      1.6335
xc2.xcore.outn__t64                    3.29998
xc2.xcore.vss__t584                4.13195e-12
xc2.xcore.outn__t30                    3.29998
xc2.xcore.inn__t22                      1.6335
xc2.xcore.tail__t77                    1.18976
xc2.xcore.vss__t585                4.15681e-12
xc2.xcore.tail__t2                     1.18976
xc2.xcore.inn__t0                       1.6335
xc2.xcore.outn__t20                    3.29998
xc2.xcore.vss__t587                4.18166e-12
xc2.xcore.vss__t210                2.60361e-12
xc2.xcore.outp__t16                    2.79614
xc2.xcore.vss__t211                  2.573e-12
xc2.xcore.outp__t17                    2.79614
xc2.xcore.vss__t212                2.54243e-12
xc2.xcore.outp__t18                    2.79614
xc2.xcore.vss__t213                2.51187e-12
xc2.xcore.outp__t19                    2.79614
xc2.xcore.vss__t214                2.48135e-12
xc2.xcore.outp__t0                     2.79614
xc2.xcore.vss__t215                2.45085e-12
xc2.xcore.outp__t1                     2.79614
xc2.xcore.vss__t216                2.42038e-12
xc2.xcore.outp__t2                     2.79614
xc2.xcore.vss__t217                2.38994e-12
xc2.xcore.outp__t3                     2.79614
xc2.xcore.vss__t218                2.35953e-12
xc2.xcore.outp__t4                     2.79614
xc2.xcore.vss__t219                2.32915e-12
xc2.xcore.outp__t15                    2.79614
xc2.xcore.vss__t220                2.29881e-12
xc2.xcore.outp__t6                     2.79614
xc2.xcore.vss__t221                 2.2685e-12
xc2.xcore.outp__t7                     2.79614
xc2.xcore.vss__t222                2.23823e-12
xc2.xcore.outp__t8                     2.79614
xc2.xcore.vss__t223                2.20799e-12
xc2.xcore.outp__t9                     2.79614
xc2.xcore.vss__t224                2.17779e-12
xc2.xcore.outp__t10                    2.79614
xc2.xcore.vss__t225                2.14764e-12
xc2.xcore.outp__t11                    2.79614
xc2.xcore.vss__t226                2.11752e-12
xc2.xcore.outp__t12                    2.79614
xc2.xcore.vss__t227                2.08745e-12
xc2.xcore.outp__t13                    2.79614
xc2.xcore.vss__t228                2.05743e-12
xc2.xcore.outp__t14                    2.79614
xc2.xcore.vss__t229                2.02746e-12
xc2.xcore.outp__t5                     2.79614
xc2.xcore.vss__t230                2.18455e-12
xc2.xcore.outn__t0                     3.29998
xc2.xcore.vss__t231                2.21954e-12
xc2.xcore.outn__t5                     3.29998
xc2.xcore.vss__t232                2.25459e-12
xc2.xcore.outn__t6                     3.29998
xc2.xcore.vss__t233                2.28972e-12
xc2.xcore.outn__t7                     3.29998
xc2.xcore.vss__t234                2.32491e-12
xc2.xcore.outn__t8                     3.29998
xc2.xcore.vss__t235                2.36017e-12
xc2.xcore.outn__t9                     3.29998
xc2.xcore.vss__t236                2.39549e-12
xc2.xcore.outn__t10                    3.29998
xc2.xcore.vss__t237                2.43087e-12
xc2.xcore.outn__t11                    3.29998
xc2.xcore.vss__t238                2.46631e-12
xc2.xcore.outn__t12                    3.29998
xc2.xcore.vss__t239                 2.5018e-12
xc2.xcore.outn__t13                    3.29998
xc2.xcore.vss__t240                2.53735e-12
xc2.xcore.outn__t14                    3.29998
xc2.xcore.vss__t241                2.57294e-12
xc2.xcore.outn__t15                    3.29998
xc2.xcore.vss__t242                2.60858e-12
xc2.xcore.outn__t16                    3.29998
xc2.xcore.vss__t243                2.64427e-12
xc2.xcore.outn__t17                    3.29998
xc2.xcore.vss__t244                   2.68e-12
xc2.xcore.outn__t19                    3.29998
xc2.xcore.vss__t245                2.71577e-12
xc2.xcore.outn__t18                    3.29998
xc2.xcore.vss__t246                2.75159e-12
xc2.xcore.outn__t1                     3.29998
xc2.xcore.vss__t247                2.78744e-12
xc2.xcore.outn__t2                     3.29998
xc2.xcore.vss__t248                2.82333e-12
xc2.xcore.outn__t3                     3.29998
xc2.xcore.vss__t249                2.85926e-12
xc2.xcore.outn__t4                     3.29998
ib_c2                                  1.03455
xc2.xcore.vsubs                              0
outn_c2                                3.29998
outp_c2                                2.79614
xc2.tail                               1.18976
vd_c2                                 0.503834
ediff_c2#branch                              0
ediff_c1#branch                              0
ediff_c0#branch                              0
einref#branch                                0
vcomb0_7#branch                              0
vcomb1_7#branch                              0
vcomb0_6#branch                              0
vcomb1_6#branch                              0
vcomb0_5#branch                              0
vcomb1_5#branch                              0
vcomb0_4#branch                              0
vcomb1_4#branch                              0
vcomb0_3#branch                              0
vcomb1_3#branch                              0
vcomb0_2#branch                              0
vcomb1_2#branch                              0
vcomb0_1#branch                              0
vcomb1_1#branch                              0
vcomb0_0#branch                              0
vcomb1_0#branch                              0
vinn#branch                       -5.77588e-16
vinp#branch                       -1.52354e-14
vavcc#branch                        -0.0302329

 Reference value :  0.00000e+00
 Reference value :  1.57120e-09
 Reference value :  3.45120e-09
 Reference value :  3.73467e-09
 Reference value :  3.78907e-09
 Reference value :  4.04869e-09
 Reference value :  5.92235e-09
 Reference value :  7.40792e-09
 Reference value :  7.46717e-09
 Reference value :  7.50211e-09
 Reference value :  7.95687e-09
 Reference value :  9.87687e-09
 Reference value :  1.11153e-08
 Reference value :  1.11782e-08
 Reference value :  1.12277e-08
 Reference value :  1.21123e-08
 Reference value :  1.40723e-08
 Reference value :  1.48328e-08
 Reference value :  1.48948e-08
 Reference value :  1.49492e-08
 Reference value :  1.60952e-08
 Reference value :  1.79752e-08
 Reference value :  1.95785e-08
 Reference value :  2.14585e-08
 Reference value :  2.30422e-08
 Reference value :  2.48022e-08
 Reference value :  2.59295e-08
 Reference value :  2.59913e-08
 Reference value :  2.60366e-08
 Reference value :  2.67837e-08
 Reference value :  2.85837e-08
 Reference value :  2.96338e-08
 Reference value :  2.96984e-08
 Reference value :  2.97312e-08
 Reference value :  3.03227e-08
 Reference value :  3.21227e-08
 Reference value :  3.36733e-08
 Reference value :  3.54733e-08
 Reference value :  3.70910e-08
 Reference value :  3.87370e-08
 Reference value :  4.05370e-08
 Reference value :  4.07694e-08
 Reference value :  4.08210e-08
 Reference value :  4.09137e-08
 Reference value :  4.22385e-08
 Reference value :  4.40385e-08
 Reference value :  4.55444e-08
 Reference value :  4.73044e-08
 Reference value :  4.81577e-08
 Reference value :  4.82187e-08
 Reference value :  4.82574e-08
 Reference value :  4.89794e-08
 Reference value :  5.08194e-08
 Reference value :  5.24319e-08
 Reference value :  5.41919e-08
 Reference value :  5.55558e-08
 Reference value :  5.56060e-08
 Reference value :  5.56486e-08
 Reference value :  5.60934e-08
 Reference value :  5.79734e-08
 Reference value :  5.95993e-08
 Reference value :  6.14793e-08
 Reference value :  6.29637e-08
 Reference value :  6.30258e-08
 Reference value :  6.30595e-08
 Reference value :  6.35142e-08
 Reference value :  6.53942e-08
 Reference value :  6.66699e-08
 Reference value :  6.67364e-08
 Reference value :  6.67949e-08
 Reference value :  6.78333e-08
 Reference value :  6.97933e-08
 Reference value :  7.03919e-08
 Reference value :  7.04507e-08
 Reference value :  7.05283e-08
 Reference value :  7.19707e-08
 Reference value :  7.38907e-08
 Reference value :  7.41056e-08
 Reference value :  7.41593e-08
 Reference value :  7.44487e-08
 Reference value :  7.63271e-08
 Reference value :  7.77783e-08
 Reference value :  7.78381e-08
 Reference value :  7.78749e-08
 Reference value :  7.84237e-08
 Reference value :  8.03837e-08
 Reference value :  8.14863e-08
 Reference value :  8.15501e-08
 Reference value :  8.16192e-08
 Reference value :  8.27363e-08
 Reference value :  8.45363e-08
 Reference value :  8.52024e-08
 Reference value :  8.52565e-08
 Reference value :  8.52895e-08
 Reference value :  8.56681e-08
 Reference value :  8.65755e-08
 Reference value :  8.75000e-08
 Reference value :  8.84189e-08
 Reference value :  8.92973e-08
 Reference value :  9.01054e-08
 Reference value :  9.10713e-08
 Reference value :  9.21394e-08
 Reference value :  9.30486e-08
 Reference value :  9.39635e-08
 Reference value :  9.48512e-08
 Reference value :  9.56609e-08
 Reference value :  9.63799e-08
 Reference value :  9.73128e-08
 Reference value :  9.85971e-08
 Reference value :  9.95300e-08
 Reference value :  1.00449e-07
 Reference value :  1.01375e-07
 Reference value :  1.02301e-07
 Reference value :  1.03242e-07
 Reference value :  1.04187e-07
 Reference value :  1.05129e-07
 Reference value :  1.06189e-07
 Reference value :  1.07115e-07
 Reference value :  1.07894e-07
 Reference value :  1.08824e-07
 Reference value :  1.09743e-07
 Reference value :  1.10652e-07
 Reference value :  1.11121e-07
 Reference value :  1.11177e-07
 Reference value :  1.11229e-07
 Reference value :  1.11602e-07
 Reference value :  1.12520e-07
 Reference value :  1.13426e-07
 Reference value :  1.14332e-07
 Reference value :  1.14989e-07
 Reference value :  1.15795e-07
 Reference value :  1.16690e-07
 Reference value :  1.17597e-07
 Reference value :  1.18505e-07
 Reference value :  1.19232e-07
 Reference value :  1.20038e-07
 Reference value :  1.20870e-07
 Reference value :  1.21780e-07
 Reference value :  1.22695e-07
 Reference value :  1.23611e-07
 Reference value :  1.24519e-07
 Reference value :  1.25443e-07
 Reference value :  1.26371e-07
 Reference value :  1.27301e-07
 Reference value :  1.28245e-07
 Reference value :  1.29203e-07
 Reference value :  1.30114e-07
 Reference value :  1.31042e-07
 Reference value :  1.32115e-07
 Reference value :  1.33081e-07
 Reference value :  1.33357e-07
 Reference value :  1.33413e-07
 Reference value :  1.33469e-07
 Reference value :  1.34127e-07
 Reference value :  1.35093e-07
 Reference value :  1.36097e-07
 Reference value :  1.37037e-07
 Reference value :  1.37072e-07
 Reference value :  1.37125e-07
 Reference value :  1.37413e-07
 Reference value :  1.38294e-07
 Reference value :  1.39259e-07
 Reference value :  1.40185e-07
 Reference value :  1.41035e-07
 Reference value :  1.41997e-07
 Reference value :  1.42923e-07
 Reference value :  1.43849e-07
 Reference value :  1.44698e-07
 Reference value :  1.45661e-07
 Reference value :  1.46627e-07
 Reference value :  1.47687e-07
 Reference value :  1.48613e-07
 Reference value :  1.49541e-07
 Reference value :  1.50483e-07
 Reference value :  1.51412e-07
 Reference value :  1.52336e-07
 Reference value :  1.53269e-07
 Reference value :  1.54203e-07
 Reference value :  1.55147e-07
 Reference value :  1.55576e-07
 Reference value :  1.55631e-07
 Reference value :  1.55752e-07
 Reference value :  1.57315e-07
 Reference value :  1.58357e-07
 Reference value :  1.59283e-07
 Reference value :  1.60195e-07
 Reference value :  1.61121e-07
 Reference value :  1.62047e-07
 Reference value :  1.62963e-07
 Reference value :  1.63002e-07
 Reference value :  1.63054e-07
 Reference value :  1.63406e-07
 Reference value :  1.64334e-07
 Reference value :  1.65264e-07
 Reference value :  1.66197e-07
 Reference value :  1.67116e-07
 Reference value :  1.68056e-07
 Reference value :  1.68983e-07
 Reference value :  1.69912e-07
 Reference value :  1.70833e-07
 Reference value :  1.71752e-07
 Reference value :  1.72685e-07
 Reference value :  1.73611e-07
 Reference value :  1.74523e-07
 Reference value :  1.75449e-07
 Reference value :  1.76382e-07
 Reference value :  1.77308e-07
 Reference value :  1.77786e-07
 Reference value :  1.77842e-07
 Reference value :  1.77870e-07
 Reference value :  1.78188e-07
 Reference value :  1.79147e-07
 Reference value :  1.80000e-07
 Reference value :  1.80766e-07
 Reference value :  1.81482e-07
 Reference value :  1.81527e-07
 Reference value :  1.81574e-07
 Reference value :  1.81891e-07
 Reference value :  1.82698e-07
 Reference value :  1.83544e-07
 Reference value :  1.84390e-07
 Reference value :  1.85185e-07
 Reference value :  1.85225e-07
 Reference value :  1.85266e-07
 Reference value :  1.85340e-07
 Reference value :  1.86093e-07
 Reference value :  1.86981e-07
 Reference value :  1.87791e-07
 Reference value :  1.88636e-07
 Reference value :  1.88909e-07
 Reference value :  1.88969e-07
 Reference value :  1.89061e-07
 Reference value :  1.89816e-07
 Reference value :  1.90734e-07
 Reference value :  1.91653e-07
 Reference value :  1.92575e-07
 Reference value :  1.93426e-07
 Reference value :  1.94352e-07
 Reference value :  1.95314e-07
 Reference value :  1.96240e-07
 Reference value :  1.97090e-07
 Reference value :  1.98092e-07
 Reference value :  1.99054e-07
 Reference value :  1.99980e-07
 Reference value :  2.00031e-07
 Reference value :  2.00080e-07
 Reference value :  2.00155e-07
 Reference value :  2.00926e-07
 Reference value :  2.01853e-07
 Reference value :  2.02782e-07
 Reference value :  2.03714e-07
 Reference value :  2.04631e-07
 Reference value :  2.05556e-07
 Reference value :  2.06467e-07
 Reference value :  2.07400e-07
 Reference value :  2.08313e-07
 Reference value :  2.09239e-07
 Reference value :  2.10093e-07
 Reference value :  2.10979e-07
 Reference value :  2.11745e-07
 Reference value :  2.12555e-07
 Reference value :  2.13481e-07
 Reference value :  2.14442e-07
 Reference value :  2.14835e-07
 Reference value :  2.14895e-07
 Reference value :  2.15014e-07
 Reference value :  2.15751e-07
 Reference value :  2.16668e-07
 Reference value :  2.17593e-07
 Reference value :  2.18512e-07
 Reference value :  2.19388e-07
 Reference value :  2.20278e-07
 Reference value :  2.21204e-07
 Reference value :  2.22130e-07
 Reference value :  2.22251e-07
 Reference value :  2.22302e-07
 Reference value :  2.22354e-07
 Reference value :  2.22896e-07
 Reference value :  2.23782e-07
 Reference value :  2.24628e-07
 Reference value :  2.25554e-07
 Reference value :  2.25946e-07
 Reference value :  2.26006e-07
 Reference value :  2.26079e-07
 Reference value :  2.26832e-07
 Reference value :  2.27565e-07
 Reference value :  2.28295e-07
 Reference value :  2.29190e-07
 Reference value :  2.30093e-07
 Reference value :  2.30999e-07
 Reference value :  2.31772e-07
 Reference value :  2.32538e-07
 Reference value :  2.33370e-07
 Reference value :  2.34261e-07
 Reference value :  2.35185e-07
 Reference value :  2.36091e-07
 Reference value :  2.36825e-07
 Reference value :  2.37057e-07
 Reference value :  2.37113e-07
 Reference value :  2.37141e-07
 Reference value :  2.37500e-07
 Reference value :  2.38408e-07
 Reference value :  2.39259e-07
 Reference value :  2.40065e-07
 Reference value :  2.40741e-07
 Reference value :  2.40784e-07
 Reference value :  2.40834e-07
 Reference value :  2.41227e-07
 Reference value :  2.42184e-07
 Reference value :  2.43146e-07
 Reference value :  2.44152e-07
 Reference value :  2.44471e-07
 Reference value :  2.44525e-07
 Reference value :  2.44663e-07
 Reference value :  2.45425e-07
 Reference value :  2.46547e-07
 Reference value :  2.47629e-07
 Reference value :  2.48402e-07
 Reference value :  2.49481e-07
 Reference value :  2.50407e-07
 Reference value :  2.51333e-07
 Reference value :  2.51858e-07
 Reference value :  2.51920e-07
 Reference value :  2.51994e-07
 Reference value :  2.52722e-07
 Reference value :  2.53648e-07
 Reference value :  2.54537e-07
 Reference value :  2.55423e-07
 Reference value :  2.56189e-07
 Reference value :  2.57155e-07
 Reference value :  2.58121e-07
 Reference value :  2.59087e-07
 Reference value :  2.59285e-07
 Reference value :  2.59339e-07
 Reference value :  2.59395e-07
 Reference value :  2.60093e-07
 Reference value :  2.61091e-07
 Reference value :  2.62037e-07
 Reference value :  2.62967e-07
 Reference value :  2.63890e-07
 Reference value :  2.64819e-07
 Reference value :  2.65761e-07
 Reference value :  2.66687e-07
 Reference value :  2.67602e-07
 Reference value :  2.68555e-07
 Reference value :  2.69695e-07
 Reference value :  2.70373e-07
 Reference value :  2.70430e-07
 Reference value :  2.70485e-07
 Reference value :  2.70870e-07
 Reference value :  2.71814e-07
 Reference value :  2.72776e-07
 Reference value :  2.73862e-07
 Reference value :  2.74100e-07
 Reference value :  2.74154e-07
 Reference value :  2.74210e-07
 Reference value :  2.74944e-07
 Reference value :  2.75906e-07
 Reference value :  2.76838e-07
 Reference value :  2.77771e-07
 Reference value :  2.77811e-07
 Reference value :  2.77866e-07
 Reference value :  2.78187e-07
 Reference value :  2.79149e-07
 Reference value :  2.80079e-07
 Reference value :  2.81005e-07
 Reference value :  2.81489e-07
 Reference value :  2.81548e-07
 Reference value :  2.81579e-07
 Reference value :  2.81954e-07
 Reference value :  2.82880e-07
 Reference value :  2.83816e-07
 Reference value :  2.84750e-07
 Reference value :  2.85204e-07
 Reference value :  2.85265e-07
 Reference value :  2.85366e-07
 Reference value :  2.86121e-07
 Reference value :  2.87047e-07
 Reference value :  2.87984e-07
 Reference value :  2.88917e-07
 Reference value :  2.89838e-07
 Reference value :  2.90778e-07
 Reference value :  2.91757e-07
 Reference value :  2.92594e-07
 Reference value :  2.92645e-07
 Reference value :  2.92681e-07
 Reference value :  2.92971e-07
 Reference value :  2.93889e-07
 Reference value :  2.94887e-07
 Reference value :  2.95826e-07
 Reference value :  2.96745e-07
 Reference value :  2.97685e-07
 Reference value :  2.98621e-07
 Reference value :  2.99558e-07
 Reference value :  3.00486e-07
 Reference value :  3.01444e-07
 Reference value :  3.02525e-07
 Reference value :  3.03697e-07
 Reference value :  3.04720e-07
 Reference value :  3.06012e-07
 Reference value :  3.06966e-07
 Reference value :  3.07880e-07
 Reference value :  3.08817e-07
 Reference value :  3.09750e-07
 Reference value :  3.10685e-07
 Reference value :  3.11131e-07
 Reference value :  3.11191e-07
 Reference value :  3.11284e-07
 Reference value :  3.12038e-07
 Reference value :  3.12963e-07
 Reference value :  3.13890e-07
 Reference value :  3.14815e-07
 Reference value :  3.14849e-07
 Reference value :  3.14895e-07
 Reference value :  3.15012e-07
 Reference value :  3.15762e-07
 Reference value :  3.16690e-07
 Reference value :  3.17647e-07
 Reference value :  3.18519e-07
 Reference value :  3.18569e-07
 Reference value :  3.18625e-07
 Reference value :  3.19005e-07
 Reference value :  3.19935e-07
 Reference value :  3.20870e-07
 Reference value :  3.21814e-07
 Reference value :  3.22713e-07
 Reference value :  3.23648e-07
 Reference value :  3.24592e-07
 Reference value :  3.25518e-07
 Reference value :  3.26417e-07
 Reference value :  3.27343e-07
 Reference value :  3.28269e-07
 Reference value :  3.29195e-07
 Reference value :  3.30120e-07
 Reference value :  3.31042e-07
 Reference value :  3.31968e-07
 Reference value :  3.32898e-07
 Reference value :  3.33353e-07
 Reference value :  3.33407e-07
 Reference value :  3.33449e-07
 Reference value :  3.33887e-07
 Reference value :  3.34853e-07
 Reference value :  3.35819e-07
 Reference value :  3.36785e-07
 Reference value :  3.37631e-07
 Reference value :  3.38596e-07
 Reference value :  3.39562e-07
 Reference value :  3.40528e-07
 Reference value :  3.41334e-07
 Reference value :  3.42260e-07
 Reference value :  3.43186e-07
 Reference value :  3.44152e-07
 Reference value :  3.44465e-07
 Reference value :  3.44525e-07
 Reference value :  3.44655e-07
 Reference value :  3.45398e-07
 Reference value :  3.46333e-07
 Reference value :  3.47277e-07
 Reference value :  3.48228e-07
 Reference value :  3.49111e-07
 Reference value :  3.50055e-07
 Reference value :  3.51016e-07
 Reference value :  3.51935e-07
 Reference value :  3.52832e-07
 Reference value :  3.53794e-07
 Reference value :  3.54800e-07
 Reference value :  3.55557e-07
 Reference value :  3.55608e-07
 Reference value :  3.55643e-07
 Reference value :  3.55866e-07
 Reference value :  3.56772e-07
 Reference value :  3.57738e-07
 Reference value :  3.58704e-07
 Reference value :  3.59265e-07
 Reference value :  3.59325e-07
 Reference value :  3.59384e-07
 Reference value :  3.59933e-07
 Reference value :  3.60899e-07
 Reference value :  3.61865e-07
 Reference value :  3.62831e-07
 Reference value :  3.63636e-07
 Reference value :  3.64642e-07
 Reference value :  3.65608e-07
 Reference value :  3.66574e-07
 Reference value :  3.66697e-07
 Reference value :  3.66747e-07
 Reference value :  3.66821e-07
 Reference value :  3.67593e-07
 Reference value :  3.68520e-07
 Reference value :  3.69449e-07
 Reference value :  3.70370e-07
 Reference value :  3.70411e-07
 Reference value :  3.70465e-07
 Reference value :  3.70833e-07
 Reference value :  3.71761e-07
 Reference value :  3.72695e-07
 Reference value :  3.73632e-07
 Reference value :  3.74557e-07
 Reference value :  3.75486e-07
 Reference value :  3.76426e-07
 Reference value :  3.77370e-07
 Reference value :  3.77799e-07
 Reference value :  3.77858e-07
 Reference value :  3.77910e-07
 Reference value :  3.78648e-07
 Reference value :  3.79612e-07
 Reference value :  3.80549e-07
 Reference value :  3.81481e-07
 Reference value :  3.82389e-07
 Reference value :  3.83319e-07
 Reference value :  3.84252e-07
 Reference value :  3.85185e-07
 Reference value :  3.85220e-07
 Reference value :  3.85276e-07
 Reference value :  3.85630e-07
 Reference value :  3.86560e-07
 Reference value :  3.87493e-07
 Reference value :  3.88426e-07
 Reference value :  3.88900e-07
 Reference value :  3.88958e-07
 Reference value :  3.88991e-07
 Reference value :  3.89372e-07
 Reference value :  3.90299e-07
 Reference value :  3.91227e-07
 Reference value :  3.92153e-07
 Reference value :  3.93065e-07
 Reference value :  3.94001e-07
 Reference value :  3.94927e-07
 Reference value :  3.95857e-07
 Reference value :  3.96316e-07
 Reference value :  3.96376e-07
 Reference value :  3.96485e-07
 Reference value :  3.97243e-07
 Reference value :  3.98176e-07
 Reference value :  3.99129e-07
 Reference value :  4.00001e-07
 Reference value :  4.00050e-07
 Reference value :  4.00088e-07
 Reference value :  4.00378e-07
 Reference value :  4.01256e-07
 Reference value :  4.02142e-07
 Reference value :  4.03108e-07
 Reference value :  4.03708e-07
 Reference value :  4.03767e-07
 Reference value :  4.03821e-07
 Reference value :  4.04257e-07
 Reference value :  4.05263e-07
 Reference value :  4.06229e-07
 Reference value :  4.07195e-07
 Reference value :  4.07434e-07
 Reference value :  4.07487e-07
 Reference value :  4.07548e-07
 Reference value :  4.08313e-07
 Reference value :  4.09241e-07
 Reference value :  4.10171e-07
 Reference value :  4.11104e-07
 Reference value :  4.12019e-07
 Reference value :  4.12956e-07
 Reference value :  4.13889e-07
 Reference value :  4.14815e-07
 Reference value :  4.14851e-07
 Reference value :  4.14908e-07
 Reference value :  4.15271e-07
 Reference value :  4.16204e-07
 Reference value :  4.17131e-07
 Reference value :  4.18060e-07
 Reference value :  4.18534e-07
 Reference value :  4.18590e-07
 Reference value :  4.18626e-07
 Reference value :  4.19018e-07
 Reference value :  4.19998e-07
 Reference value :  4.20964e-07
 Reference value :  4.21930e-07
 Reference value :  4.22816e-07
 Reference value :  4.23862e-07
 Reference value :  4.24868e-07
 Reference value :  4.25870e-07
 Reference value :  4.26759e-07
 Reference value :  4.27758e-07
 Reference value :  4.28690e-07
 Reference value :  4.29630e-07
 Reference value :  4.30549e-07
 Reference value :  4.31483e-07
 Reference value :  4.32417e-07
 Reference value :  4.33333e-07
 Reference value :  4.33379e-07
 Reference value :  4.33431e-07
 Reference value :  4.33800e-07
 Reference value :  4.34732e-07
 Reference value :  4.35668e-07
 Reference value :  4.36595e-07
 Reference value :  4.37054e-07
 Reference value :  4.37111e-07
 Reference value :  4.37157e-07
 Reference value :  4.37671e-07
 Reference value :  4.38596e-07
 Reference value :  4.39602e-07
 Reference value :  4.40568e-07
 Reference value :  4.41414e-07
 Reference value :  4.42420e-07
 Reference value :  4.43462e-07
 Reference value :  4.44424e-07
 Reference value :  4.44475e-07
 Reference value :  4.44530e-07
 Reference value :  4.44754e-07
 Reference value :  4.45621e-07
 Reference value :  4.46587e-07
 Reference value :  4.47553e-07
 Reference value :  4.48442e-07
 Reference value :  4.49445e-07
 Reference value :  4.50443e-07
 Reference value :  4.51375e-07
 Reference value :  4.52297e-07
 Reference value :  4.53234e-07
 Reference value :  4.54168e-07
 Reference value :  4.55102e-07
 Reference value :  4.55571e-07
 Reference value :  4.55627e-07
 Reference value :  4.55663e-07
 Reference value :  4.56046e-07
 Reference value :  4.56981e-07
 Reference value :  4.57907e-07
 Reference value :  4.58851e-07
 Reference value :  4.59746e-07
 Reference value :  4.60676e-07
 Reference value :  4.61611e-07
 Reference value :  4.62537e-07
 Reference value :  4.62981e-07
 Reference value :  4.63043e-07
 Reference value :  4.63116e-07
 Reference value :  4.63871e-07
 Reference value :  4.64801e-07
 Reference value :  4.65727e-07
 Reference value :  4.66653e-07
 Reference value :  4.66697e-07
 Reference value :  4.66747e-07
 Reference value :  4.66816e-07
 Reference value :  4.67573e-07
 Reference value :  4.68499e-07
 Reference value :  4.69444e-07
 Reference value :  4.70363e-07
 Reference value :  4.70401e-07
 Reference value :  4.70454e-07
 Reference value :  4.70630e-07
 Reference value :  4.71351e-07
 Reference value :  4.72250e-07
 Reference value :  4.73172e-07
 Reference value :  4.74084e-07
 Reference value :  4.74986e-07
 Reference value :  4.75906e-07
 Reference value :  4.76834e-07
 Reference value :  4.77685e-07
 Reference value :  4.77801e-07
 Reference value :  4.77856e-07
 Reference value :  4.77898e-07
 Reference value :  4.78295e-07
 Reference value :  4.79190e-07
 Reference value :  4.80116e-07
 Reference value :  4.81039e-07
 Reference value :  4.81494e-07
 Reference value :  4.81559e-07
 Reference value :  4.81624e-07
 Reference value :  4.82275e-07
 Reference value :  4.83161e-07
 Reference value :  4.84283e-07
 Reference value :  4.85185e-07
 Reference value :  4.85225e-07
 Reference value :  4.85267e-07
 Reference value :  4.85365e-07
 Reference value :  4.86115e-07
 Reference value :  4.87030e-07
 Reference value :  4.87831e-07
 Reference value :  4.88516e-07
 Reference value :  4.89372e-07
 Reference value :  4.90282e-07
 Reference value :  4.91205e-07
 Reference value :  4.92131e-07
 Reference value :  4.93042e-07
 Reference value :  4.93963e-07
 Reference value :  4.94887e-07
 Reference value :  4.95777e-07
 Reference value :  4.96301e-07
 Reference value :  4.96359e-07
 Reference value :  4.96407e-07
 Reference value :  4.96780e-07
 Reference value :  4.97705e-07
 Reference value :  4.98639e-07
 Reference value :  4.99547e-07
 Reference value :  5.00013e-07
 Reference value :  5.00066e-07
 Reference value :  5.00092e-07
 Reference value :  5.00378e-07
 Reference value :  5.01216e-07
 Reference value :  5.02102e-07
 Reference value :  5.02948e-07
 Reference value :  5.03787e-07
 Reference value :  5.04684e-07
 Reference value :  5.05579e-07
 Reference value :  5.06505e-07
 Reference value :  5.07429e-07
 Reference value :  5.08333e-07
 Reference value :  5.09245e-07
 Reference value :  5.10185e-07
 Reference value :  5.11114e-07
 Reference value :  5.11171e-07
 Reference value :  5.11211e-07
 Reference value :  5.11575e-07
 Reference value :  5.12500e-07
 Reference value :  5.13419e-07
 Reference value :  5.14352e-07
 Reference value :  5.15271e-07
 Reference value :  5.16205e-07
 Reference value :  5.17139e-07
 Reference value :  5.18065e-07
 Reference value :  5.18532e-07
 Reference value :  5.18590e-07
 Reference value :  5.18626e-07
 Reference value :  5.19003e-07
 Reference value :  5.19927e-07
 Reference value :  5.20838e-07
 Reference value :  5.21761e-07
 Reference value :  5.22631e-07
 Reference value :  5.23593e-07
 Reference value :  5.24541e-07
 Reference value :  5.25467e-07
 Reference value :  5.25937e-07
 Reference value :  5.25994e-07
 Reference value :  5.26055e-07
 Reference value :  5.26559e-07
 Reference value :  5.27445e-07
 Reference value :  5.28278e-07
 Reference value :  5.29190e-07
 Reference value :  5.30147e-07
 Reference value :  5.31229e-07
 Reference value :  5.32075e-07
 Reference value :  5.32961e-07
 Reference value :  5.33353e-07
 Reference value :  5.33407e-07
 Reference value :  5.33441e-07
 Reference value :  5.33816e-07
 Reference value :  5.34732e-07
 Reference value :  5.35658e-07
 Reference value :  5.36594e-07
 Reference value :  5.37051e-07
 Reference value :  5.37114e-07
 Reference value :  5.37185e-07
 Reference value :  5.37945e-07
 Reference value :  5.38796e-07
 Reference value :  5.39642e-07
 Reference value :  5.40528e-07
 Reference value :  5.40763e-07
 Reference value :  5.40821e-07
 Reference value :  5.40873e-07
 Reference value :  5.41494e-07
 Reference value :  5.42573e-07
 Reference value :  5.43501e-07
 Reference value :  5.44430e-07
 Reference value :  5.44477e-07
 Reference value :  5.44532e-07
 Reference value :  5.44821e-07
 Reference value :  5.45741e-07
 Reference value :  5.46703e-07
 Reference value :  5.47629e-07
 Reference value :  5.48153e-07
 Reference value :  5.48212e-07
 Reference value :  5.48242e-07
 Reference value :  5.48597e-07
 Reference value :  5.49523e-07
 Reference value :  5.50449e-07
 Reference value :  5.51375e-07
 Reference value :  5.51860e-07
 Reference value :  5.51918e-07
 Reference value :  5.51973e-07
 Reference value :  5.52445e-07
 Reference value :  5.53278e-07
 Reference value :  5.54195e-07
 Reference value :  5.55116e-07
 Reference value :  5.55556e-07
 Reference value :  5.55556e-07
 Reference value :  5.55571e-07
 Reference value :  5.56380e-07
 Reference value :  5.58300e-07
 Reference value :  5.59268e-07
 Reference value :  5.59339e-07
 Reference value :  5.59397e-07
No. of Data Rows : 32514
m_ui_ref            =  3.70370e-09 targ=  7.44741e-09 trig=  3.74370e-09
m_height_c0_0 = -8.564637447e-01
m_height_c0_1 = 1.0076685569e+00
m_height_c0_2 = 1.0076685569e+00
m_height_c0_3 = 1.0076685569e+00
m_height_c0_4 = 1.0076685569e+00
m_height_c0_5 = 1.0076685569e+00
m_height_c0_6 = 1.0076685569e+00
m_height_c0_7 = 1.0076685569e+00
m_eyeh_max_c0 = 1.0076685569e+00
m_eyemask_margin_c0 = 1.0076685569e+00
m_height_c1_0 = -9.740561855e-01
m_height_c1_1 = 1.0072067042e+00
m_height_c1_2 = 1.0076472224e+00
m_height_c1_3 = 1.0076604973e+00
m_height_c1_4 = 1.0076654969e+00
m_height_c1_5 = 1.0076673952e+00
m_height_c1_6 = 1.0076681158e+00
m_height_c1_7 = 1.0076683895e+00
m_eyeh_max_c1 = 1.0076683895e+00
m_eyemask_margin_c1 = 1.0076472224e+00
m_height_c2_0 = -9.888792383e-01
m_height_c2_1 = 9.7849611354e-01
m_height_c2_2 = 1.0072334714e+00
m_height_c2_3 = 1.0075766989e+00
m_height_c2_4 = 1.0076345071e+00
m_height_c2_5 = 1.0076555943e+00
m_height_c2_6 = 1.0076636177e+00
m_height_c2_7 = 1.0076666748e+00
m_eyeh_max_c2 = 1.0076666748e+00
m_eyemask_margin_c2 = 1.0072334714e+00
Note: Simulation executed from .control section 

Warning: m=xx on .subckt line will override multiplier m hierarchy!

Warning: diode_nd2ps_06v0: IKR too small - model effect disabled!
