
Note: Compatibility modes selected: hs a


Circuit: * cml-driver-eye-mask @ sf_-40c_2.97v_742p5mbps -- generated by sim/harness, do not edit

Doing analysis at TEMP = -40.000000 and TNOM = 27.000000

Using SPARSE 1.3 as Direct Linear Solver

Initial Transient Solution
--------------------------

Node                                   Voltage
----                                   -------
avcc                                       3.3
inp                                     2.5245
inn                                     1.6335
inref                                    0.891
comb1_0                                      0
comb0_0                                      0
comb1_1                                      0
comb0_1                                      0
comb1_2                                      0
comb0_2                                      0
comb1_3                                      0
comb0_3                                      0
comb1_4                                      0
comb0_4                                      0
comb1_5                                      0
comb0_5                                      0
comb1_6                                      0
comb0_6                                      0
comb1_7                                      0
comb0_7                                      0
xc0.xcore.tail__t186                   1.02322
xc0.xcore.ibias__t118                  1.22494
xc0.xcore.vss__t163                5.24929e-06
xc0.xcore.vss__t349                 1.0842e-13
xc0.xcore.vss__t60                 5.05613e-06
xc0.xcore.ibias__t117                  1.22494
xc0.xcore.tail__t286                   1.02322
xc0.xcore.vss__t350                 1.0443e-13
xc0.xcore.tail__t197                   1.02322
xc0.xcore.ibias__t140                  1.22494
xc0.xcore.vss__t174                4.86337e-06
xc0.xcore.vss__t351                1.00449e-13
xc0.xcore.vss__t68                 4.67106e-06
xc0.xcore.ibias__t133                  1.22494
xc0.xcore.tail__t294                   1.02322
xc0.xcore.vss__t352                9.64765e-14
xc0.xcore.tail__t193                   1.02322
xc0.xcore.ibias__t132                  1.22494
xc0.xcore.vss__t170                4.47926e-06
xc0.xcore.vss__t353                 9.2515e-14
xc0.xcore.vss__t67                 4.28804e-06
xc0.xcore.ibias__t131                  1.22494
xc0.xcore.tail__t293                   1.02322
xc0.xcore.vss__t354                8.85654e-14
xc0.xcore.tail__t192                   1.02322
xc0.xcore.ibias__t130                  1.22494
xc0.xcore.vss__t169                4.09748e-06
xc0.xcore.vss__t355                8.46295e-14
xc0.xcore.vss__t74                 3.90767e-06
xc0.xcore.ibias__t145                  1.22494
xc0.xcore.tail__t300                   1.02322
xc0.xcore.vss__t356                8.07092e-14
xc0.xcore.tail__t191                   1.02322
xc0.xcore.ibias__t128                  1.22494
xc0.xcore.vss__t168                3.71875e-06
xc0.xcore.vss__t357                 7.6807e-14
xc0.xcore.vss__t65                 3.53083e-06
xc0.xcore.ibias__t127                  1.22494
xc0.xcore.tail__t291                   1.02322
xc0.xcore.vss__t358                7.29258e-14
xc0.xcore.tail__t190                   1.02322
xc0.xcore.ibias__t126                  1.22494
xc0.xcore.vss__t167                 3.3441e-06
xc0.xcore.vss__t359                 6.9069e-14
xc0.xcore.vss__t64                 3.15877e-06
xc0.xcore.ibias__t125                  1.22494
xc0.xcore.tail__t290                   1.02322
xc0.xcore.vss__t360                6.52411e-14
xc0.xcore.tail__t189                   1.02322
xc0.xcore.ibias__t124                  1.22494
xc0.xcore.vss__t166                2.97509e-06
xc0.xcore.vss__t361                6.14473e-14
xc0.xcore.vss__t63                  2.7934e-06
xc0.xcore.ibias__t123                  1.22494
xc0.xcore.tail__t289                   1.02322
xc0.xcore.vss__t362                5.76946e-14
xc0.xcore.tail__t188                   1.02322
xc0.xcore.ibias__t122                  1.22494
xc0.xcore.vss__t165                 2.6141e-06
xc0.xcore.vss__t363                5.39913e-14
xc0.xcore.vss__t62                 2.43772e-06
xc0.xcore.ibias__t121                  1.22494
xc0.xcore.tail__t288                   1.02322
xc0.xcore.vss__t364                5.03484e-14
xc0.xcore.tail__t187                   1.02322
xc0.xcore.ibias__t120                  1.22494
xc0.xcore.vss__t164                2.26496e-06
xc0.xcore.vss__t365                4.67801e-14
xc0.xcore.vss__t26                  2.0967e-06
xc0.xcore.ibias__t0                    1.22494
xc0.xcore.tail__t252                   1.02322
xc0.xcore.vss__t366                4.33048e-14
xc0.xcore.tail__t175                   1.02322
xc0.xcore.ibias__t97                   1.22494
xc0.xcore.vss__t152                1.93411e-06
xc0.xcore.vss__t367                3.99468e-14
xc0.xcore.vss__t42                 1.77876e-06
xc0.xcore.ibias__t78                   1.22494
xc0.xcore.tail__t268                   1.02322
xc0.xcore.vss__t368                3.67381e-14
xc0.xcore.tail__t164                   1.02322
xc0.xcore.ibias__t77                   1.22494
xc0.xcore.vss__t141                1.63271e-06
xc0.xcore.vss__t369                3.37216e-14
xc0.xcore.vss__t37                 1.49868e-06
xc0.xcore.ibias__t70                   1.22494
xc0.xcore.tail__t263                   1.02322
xc0.xcore.vss__t370                3.09534e-14
xc0.xcore.tail__t167                   1.02322
xc0.xcore.ibias__t82                   1.22494
xc0.xcore.vss__t144                1.38018e-06
xc0.xcore.vss__t371                2.85059e-14
xc0.xcore.vss__t39                 1.28153e-06
xc0.xcore.ibias__t72                   1.22494
xc0.xcore.tail__t265                   1.02323
xc0.xcore.vss__t372                2.64683e-14
xc0.xcore.tail__t162                   1.02323
xc0.xcore.ibias__t73                   1.22494
xc0.xcore.vss__t139                1.20759e-06
xc0.xcore.vss__t373                2.49413e-14
xc0.xcore.vss__t40                  1.1631e-06
xc0.xcore.ibias__t74                   1.22494
xc0.xcore.tail__t266                   1.02323
xc0.xcore.vss__t374                2.40224e-14
xc0.xcore.tail__t163                   1.02323
xc0.xcore.ibias__t75                   1.22494
xc0.xcore.vss__t140                1.15147e-06
xc0.xcore.vss__t375                2.37821e-14
xc0.xcore.vss__t41                 1.17367e-06
xc0.xcore.ibias__t76                   1.22494
xc0.xcore.tail__t267                   1.02323
xc0.xcore.vss__t376                2.42408e-14
xc0.xcore.tail__t129                   1.02323
xc0.xcore.ibias__t9                    1.22494
xc0.xcore.vss__t107                1.22788e-06
xc0.xcore.vss__t377                2.53604e-14
xc0.xcore.vss__t6                  1.31013e-06
xc0.xcore.ibias__t8                    1.22494
xc0.xcore.tail__t232                   1.02323
xc0.xcore.vss__t378                2.70592e-14
xc0.xcore.tail__t128                   1.02323
xc0.xcore.ibias__t7                    1.22494
xc0.xcore.vss__t106                1.41553e-06
xc0.xcore.vss__t379                2.92362e-14
xc0.xcore.vss__t5                  1.53935e-06
xc0.xcore.ibias__t6                    1.22494
xc0.xcore.tail__t231                   1.02323
xc0.xcore.vss__t380                3.17934e-14
xc0.xcore.tail__t141                   1.02323
xc0.xcore.ibias__t31                   1.22494
xc0.xcore.vss__t119                 1.6775e-06
xc0.xcore.vss__t381                3.46468e-14
xc0.xcore.vss__t4                  1.82673e-06
xc0.xcore.ibias__t5                    1.22494
xc0.xcore.tail__t230                   1.02323
xc0.xcore.vss__t382                3.77291e-14
xc0.xcore.tail__t158                   1.02323
xc0.xcore.ibias__t62                   1.22494
xc0.xcore.vss__t135                1.98456e-06
xc0.xcore.vss__t383                4.09889e-14
xc0.xcore.vss__t33                 2.14908e-06
xc0.xcore.ibias__t63                   1.22494
xc0.xcore.tail__t259                   1.02323
xc0.xcore.vss__t384                4.43869e-14
xc0.xcore.tail__t159                   1.02323
xc0.xcore.ibias__t64                   1.22494
xc0.xcore.vss__t136                2.31887e-06
xc0.xcore.vss__t385                4.78938e-14
xc0.xcore.vss__t34                 2.49285e-06
xc0.xcore.ibias__t65                   1.22494
xc0.xcore.tail__t260                   1.02323
xc0.xcore.vss__t386                5.14874e-14
xc0.xcore.tail__t160                   1.02323
xc0.xcore.ibias__t66                   1.22494
xc0.xcore.vss__t137                2.67021e-06
xc0.xcore.vss__t387                5.51506e-14
xc0.xcore.vss__t35                 2.85031e-06
xc0.xcore.ibias__t67                   1.22494
xc0.xcore.tail__t261                   1.02323
xc0.xcore.vss__t388                5.88706e-14
xc0.xcore.tail__t161                   1.02323
xc0.xcore.ibias__t68                   1.22494
xc0.xcore.vss__t138                3.03267e-06
xc0.xcore.vss__t389                6.26372e-14
xc0.xcore.vss__t36                  3.2169e-06
xc0.xcore.ibias__t69                   1.22494
xc0.xcore.tail__t262                   1.02323
xc0.xcore.vss__t390                6.64424e-14
xc0.xcore.tail__t130                   1.02323
xc0.xcore.ibias__t10                   1.22494
xc0.xcore.vss__t108                 3.4027e-06
xc0.xcore.vss__t391                  7.028e-14
xc0.xcore.vss__t13                 3.58982e-06
xc0.xcore.ibias__t23                   1.22494
xc0.xcore.tail__t239                   1.02323
xc0.xcore.vss__t392                 7.4145e-14
xc0.xcore.tail__t137                   1.02323
xc0.xcore.ibias__t24                   1.22494
xc0.xcore.vss__t115                3.77807e-06
xc0.xcore.vss__t393                7.80333e-14
xc0.xcore.vss__t14                 3.96729e-06
xc0.xcore.ibias__t25                   1.22494
xc0.xcore.tail__t240                   1.02323
xc0.xcore.vss__t394                8.19415e-14
xc0.xcore.tail__t138                   1.02323
xc0.xcore.ibias__t26                   1.22494
xc0.xcore.vss__t116                4.15734e-06
xc0.xcore.vss__t395                8.58671e-14
xc0.xcore.vss__t15                 4.34812e-06
xc0.xcore.ibias__t27                   1.22494
xc0.xcore.tail__t241                   1.02323
xc0.xcore.vss__t396                8.98076e-14
xc0.xcore.tail__t139                   1.02323
xc0.xcore.ibias__t28                   1.22494
xc0.xcore.vss__t117                4.53953e-06
xc0.xcore.vss__t397                9.37612e-14
xc0.xcore.vss__t16                  4.7315e-06
xc0.xcore.ibias__t29                   1.22494
xc0.xcore.tail__t242                   1.02323
xc0.xcore.vss__t398                9.77263e-14
xc0.xcore.tail__t140                   1.02323
xc0.xcore.ibias__t30                   1.22494
xc0.xcore.vss__t118                4.92396e-06
xc0.xcore.vss__t399                1.01702e-13
xc0.xcore.vss__t21                 5.11685e-06
xc0.xcore.ibias__t41                   1.22494
xc0.xcore.tail__t247                   1.02323
xc0.xcore.vss__t400                1.05686e-13
xc0.xcore.tail__t142                   1.02323
xc0.xcore.ibias__t32                   1.22494
xc0.xcore.vss__t120                5.31014e-06
xc0.xcore.vss__t401                1.09678e-13
xc0.xcore.vss__t17                 5.50377e-06
xc0.xcore.ibias__t33                   1.22494
xc0.xcore.tail__t243                   1.02323
xc0.xcore.vss__t402                1.13678e-13
xc0.xcore.tail__t143                   1.02323
xc0.xcore.ibias__t34                   1.22494
xc0.xcore.vss__t121                5.69771e-06
xc0.xcore.vss__t403                1.17684e-13
xc0.xcore.vss__t18                 5.89193e-06
xc0.xcore.ibias__t35                   1.22494
xc0.xcore.tail__t244                   1.02323
xc0.xcore.vss__t404                1.21695e-13
xc0.xcore.tail__t144                   1.02323
xc0.xcore.ibias__t36                   1.22494
xc0.xcore.vss__t122                6.08641e-06
xc0.xcore.vss__t405                1.25712e-13
xc0.xcore.vss__t19                 6.28112e-06
xc0.xcore.ibias__t37                   1.22494
xc0.xcore.tail__t245                   1.02323
xc0.xcore.vss__t406                1.29734e-13
xc0.xcore.tail__t145                   1.02323
xc0.xcore.ibias__t38                   1.22494
xc0.xcore.vss__t123                6.47604e-06
xc0.xcore.vss__t407                 1.3376e-13
xc0.xcore.vss__t20                 6.67115e-06
xc0.xcore.ibias__t39                   1.22494
xc0.xcore.tail__t246                   1.02323
xc0.xcore.vss__t408                 1.3779e-13
xc0.xcore.tail__t146                   1.02323
xc0.xcore.ibias__t40                   1.22494
xc0.xcore.vss__t124                6.86643e-06
xc0.xcore.vss__t409                1.41824e-13
xc0.xcore.vss__t8                  7.06188e-06
xc0.xcore.ibias__t12                   1.22494
xc0.xcore.tail__t234                   1.02323
xc0.xcore.vss__t410                1.45861e-13
xc0.xcore.tail__t135                   1.02323
xc0.xcore.ibias__t21                   1.22494
xc0.xcore.vss__t113                7.25747e-06
xc0.xcore.vss__t411                1.49901e-13
xc0.xcore.vss__t9                   7.4532e-06
xc0.xcore.ibias__t13                   1.22494
xc0.xcore.tail__t235                   1.02323
xc0.xcore.vss__t412                1.53944e-13
xc0.xcore.tail__t131                   1.02323
xc0.xcore.ibias__t14                   1.22494
xc0.xcore.vss__t109                7.64905e-06
xc0.xcore.vss__t413                1.57989e-13
xc0.xcore.vss__t10                 7.84502e-06
xc0.xcore.ibias__t15                   1.22494
xc0.xcore.tail__t236                   1.02323
xc0.xcore.vss__t414                1.62037e-13
xc0.xcore.tail__t134                   1.02323
xc0.xcore.ibias__t20                   1.22494
xc0.xcore.vss__t112                 8.0411e-06
xc0.xcore.vss__t415                1.66087e-13
xc0.xcore.vss__t12                 8.23727e-06
xc0.xcore.ibias__t19                   1.22494
xc0.xcore.tail__t238                   1.02323
xc0.xcore.vss__t416                1.70139e-13
xc0.xcore.tail__t133                   1.02323
xc0.xcore.ibias__t18                   1.22494
xc0.xcore.vss__t111                8.43354e-06
xc0.xcore.vss__t417                1.74194e-13
xc0.xcore.vss__t11                  8.6299e-06
xc0.xcore.ibias__t17                   1.22494
xc0.xcore.tail__t237                   1.02323
xc0.xcore.vss__t418                1.78249e-13
xc0.xcore.tail__t132                   1.02323
xc0.xcore.ibias__t16                   1.22494
xc0.xcore.vss__t110                8.82633e-06
xc0.xcore.vss__t419                1.82307e-13
xc0.xcore.vss__t7                  9.02285e-06
xc0.xcore.ibias__t11                   1.22494
xc0.xcore.tail__t233                   1.02323
xc0.xcore.vss__t420                1.86366e-13
xc0.xcore.tail__t136                   1.02323
xc0.xcore.ibias__t22                   1.22494
xc0.xcore.vss__t114                9.21943e-06
xc0.xcore.vss__t421                1.90427e-13
xc0.xcore.vss__t23                 9.41607e-06
xc0.xcore.ibias__t45                   1.22494
xc0.xcore.tail__t249                   1.02323
xc0.xcore.vss__t422                1.94489e-13
xc0.xcore.tail__t150                   1.02323
xc0.xcore.ibias__t46                   1.22494
xc0.xcore.vss__t127                9.61278e-06
xc0.xcore.vss__t423                1.98552e-13
xc0.xcore.vss__t24                 9.80955e-06
xc0.xcore.ibias__t47                   1.22494
xc0.xcore.tail__t250                   1.02323
xc0.xcore.vss__t424                2.02616e-13
xc0.xcore.tail__t151                   1.02323
xc0.xcore.ibias__t48                   1.22494
xc0.xcore.vss__t128                1.00064e-05
xc0.xcore.vss__t425                2.06682e-13
xc0.xcore.vss__t25                 1.02032e-05
xc0.xcore.ibias__t49                   1.22494
xc0.xcore.tail__t251                   1.02323
xc0.xcore.vss__t426                2.10749e-13
xc0.xcore.tail__t152                   1.02322
xc0.xcore.ibias__t50                   1.22494
xc0.xcore.vss__t129                1.04002e-05
xc0.xcore.vss__t427                2.14816e-13
xc0.xcore.vss__t32                 1.05971e-05
xc0.xcore.ibias__t61                   1.22494
xc0.xcore.tail__t258                   1.02322
xc0.xcore.vss__t428                2.18885e-13
xc0.xcore.tail__t153                   1.02322
xc0.xcore.ibias__t51                   1.22494
xc0.xcore.vss__t130                1.07941e-05
xc0.xcore.vss__t429                2.22954e-13
xc0.xcore.vss__t27                 1.09912e-05
xc0.xcore.ibias__t52                   1.22494
xc0.xcore.tail__t253                   1.02322
xc0.xcore.vss__t430                2.27025e-13
xc0.xcore.tail__t154                   1.02322
xc0.xcore.ibias__t53                   1.22494
xc0.xcore.vss__t131                1.11883e-05
xc0.xcore.vss__t431                2.31096e-13
xc0.xcore.vss__t28                 1.13854e-05
xc0.xcore.ibias__t54                   1.22494
xc0.xcore.tail__t254                   1.02322
xc0.xcore.vss__t432                2.35168e-13
xc0.xcore.tail__t155                   1.02322
xc0.xcore.ibias__t55                   1.22494
xc0.xcore.vss__t132                1.15826e-05
xc0.xcore.vss__t433                2.39241e-13
xc0.xcore.vss__t29                 1.17798e-05
xc0.xcore.ibias__t56                   1.22494
xc0.xcore.tail__t255                   1.02322
xc0.xcore.vss__t434                2.43314e-13
xc0.xcore.tail__t156                   1.02322
xc0.xcore.ibias__t57                   1.22494
xc0.xcore.vss__t133                 1.1977e-05
xc0.xcore.vss__t435                2.47388e-13
xc0.xcore.vss__t30                 1.21743e-05
xc0.xcore.ibias__t58                   1.22494
xc0.xcore.tail__t256                   1.02322
xc0.xcore.vss__t436                2.51463e-13
xc0.xcore.tail__t157                   1.02322
xc0.xcore.ibias__t59                   1.22494
xc0.xcore.vss__t134                1.23715e-05
xc0.xcore.vss__t437                2.55538e-13
xc0.xcore.vss__t31                 1.25689e-05
xc0.xcore.ibias__t60                   1.22494
xc0.xcore.tail__t257                   1.02322
xc0.xcore.vss__t438                2.59614e-13
xc0.xcore.tail__t211                   1.02322
xc0.xcore.ibias__t176                  1.22494
xc0.xcore.vss__t193                1.27662e-05
xc0.xcore.vss__t439                 2.6369e-13
xc0.xcore.vss__t88                 1.29636e-05
xc0.xcore.ibias__t175                  1.22494
xc0.xcore.tail__t311                   1.02322
xc0.xcore.vss__t440                2.67767e-13
xc0.xcore.tail__t165                   1.02322
xc0.xcore.ibias__t79                   1.22494
xc0.xcore.vss__t142                1.31609e-05
xc0.xcore.vss__t441                2.71844e-13
xc0.xcore.vss__t43                 1.33583e-05
xc0.xcore.ibias__t80                   1.22494
xc0.xcore.tail__t269                   1.02322
xc0.xcore.vss__t442                2.75922e-13
xc0.xcore.tail__t166                   1.02322
xc0.xcore.ibias__t81                   1.22494
xc0.xcore.vss__t143                1.35558e-05
xc0.xcore.vss__t443                    2.8e-13
xc0.xcore.vss__t38                 1.37532e-05
xc0.xcore.ibias__t71                   1.22494
xc0.xcore.tail__t264                   1.02322
xc0.xcore.vss__t444                2.84079e-13
xc0.xcore.tail__t147                   1.02322
xc0.xcore.ibias__t42                   1.22494
xc0.xcore.vss__t125                1.39507e-05
xc0.xcore.vss__t445                2.88158e-13
xc0.xcore.vss__t22                 1.41482e-05
xc0.xcore.ibias__t43                   1.22494
xc0.xcore.tail__t248                   1.02322
xc0.xcore.vss__t446                2.92238e-13
xc0.xcore.tail__t148                   1.02322
xc0.xcore.ibias__t44                   1.22494
xc0.xcore.vss__t126                1.43457e-05
xc0.xcore.vss__t447                2.96318e-13
xc0.xcore.vss__t0                  1.45432e-05
xc0.xcore.ibias__t1                    1.22494
xc0.xcore.tail__t149                   1.02322
xc0.xcore.vss__t456                3.00398e-13
xc0.xcore.tail__t229                   1.02319
xc0.xcore.ibias__t2                    1.22494
xc0.xcore.vss__t1                  2.49632e-05
xc0.xcore.vss__t458                5.15651e-13
xc0.xcore.vss__t189                2.47653e-05
xc0.xcore.ibias__t170                  1.22494
xc0.xcore.tail__t228                   1.02319
xc0.xcore.vss__t250                5.11562e-13
xc0.xcore.tail__t209                   1.02319
xc0.xcore.ibias__t169                  1.22494
xc0.xcore.vss__t188                2.45674e-05
xc0.xcore.vss__t251                5.07473e-13
xc0.xcore.vss__t86                 2.43695e-05
xc0.xcore.ibias__t168                  1.22494
xc0.xcore.tail__t309                   1.02319
xc0.xcore.vss__t252                5.03385e-13
xc0.xcore.tail__t208                   1.02319
xc0.xcore.ibias__t167                  1.22494
xc0.xcore.vss__t187                2.41716e-05
xc0.xcore.vss__t253                4.99296e-13
xc0.xcore.vss__t85                 2.39737e-05
xc0.xcore.ibias__t166                  1.22494
xc0.xcore.tail__t308                   1.02319
xc0.xcore.vss__t254                4.95208e-13
xc0.xcore.tail__t207                   1.02319
xc0.xcore.ibias__t165                  1.22494
xc0.xcore.vss__t186                2.37758e-05
xc0.xcore.vss__t255                4.91119e-13
xc0.xcore.vss__t84                 2.35779e-05
xc0.xcore.ibias__t164                  1.22494
xc0.xcore.tail__t307                   1.02319
xc0.xcore.vss__t256                4.87031e-13
xc0.xcore.tail__t210                   1.02319
xc0.xcore.ibias__t173                  1.22494
xc0.xcore.vss__t191                  2.338e-05
xc0.xcore.vss__t257                4.82943e-13
xc0.xcore.vss__t87                 2.31821e-05
xc0.xcore.ibias__t172                  1.22494
xc0.xcore.tail__t310                   1.02319
xc0.xcore.vss__t258                4.78855e-13
xc0.xcore.tail__t219                   1.02319
xc0.xcore.ibias__t195                  1.22494
xc0.xcore.vss__t201                2.29842e-05
xc0.xcore.vss__t259                4.74766e-13
xc0.xcore.vss__t99                 2.27863e-05
xc0.xcore.ibias__t194                  1.22494
xc0.xcore.tail__t321                   1.02319
xc0.xcore.vss__t260                4.70678e-13
xc0.xcore.tail__t227                   1.02319
xc0.xcore.ibias__t209                  1.22494
xc0.xcore.vss__t209                2.25884e-05
xc0.xcore.vss__t261                4.66591e-13
xc0.xcore.vss__t97                 2.23906e-05
xc0.xcore.ibias__t192                  1.22494
xc0.xcore.tail__t319                   1.02319
xc0.xcore.vss__t262                4.62503e-13
xc0.xcore.tail__t218                   1.02319
xc0.xcore.ibias__t191                  1.22494
xc0.xcore.vss__t200                2.21927e-05
xc0.xcore.vss__t263                4.58415e-13
xc0.xcore.vss__t96                 2.19948e-05
xc0.xcore.ibias__t190                  1.22494
xc0.xcore.tail__t318                   1.02319
xc0.xcore.vss__t264                4.54327e-13
xc0.xcore.tail__t217                   1.02319
xc0.xcore.ibias__t189                  1.22494
xc0.xcore.vss__t199                 2.1797e-05
xc0.xcore.vss__t265                 4.5024e-13
xc0.xcore.vss__t95                 2.15991e-05
xc0.xcore.ibias__t188                  1.22494
xc0.xcore.tail__t317                   1.02319
xc0.xcore.vss__t266                4.46152e-13
xc0.xcore.tail__t216                   1.02319
xc0.xcore.ibias__t187                  1.22494
xc0.xcore.vss__t198                2.14013e-05
xc0.xcore.vss__t267                4.42065e-13
xc0.xcore.vss__t94                 2.12034e-05
xc0.xcore.ibias__t186                  1.22494
xc0.xcore.tail__t316                   1.02319
xc0.xcore.vss__t268                4.37978e-13
xc0.xcore.tail__t215                   1.02319
xc0.xcore.ibias__t185                  1.22494
xc0.xcore.vss__t197                2.10056e-05
xc0.xcore.vss__t269                4.33891e-13
xc0.xcore.vss__t93                 2.08077e-05
xc0.xcore.ibias__t184                  1.22494
xc0.xcore.tail__t315                   1.02319
xc0.xcore.vss__t270                4.29804e-13
xc0.xcore.tail__t214                   1.02319
xc0.xcore.ibias__t183                  1.22494
xc0.xcore.vss__t196                2.06099e-05
xc0.xcore.vss__t271                4.25717e-13
xc0.xcore.vss__t92                 2.04121e-05
xc0.xcore.ibias__t182                  1.22494
xc0.xcore.tail__t314                   1.02319
xc0.xcore.vss__t272                 4.2163e-13
xc0.xcore.tail__t213                   1.02319
xc0.xcore.ibias__t181                  1.22494
xc0.xcore.vss__t195                2.02143e-05
xc0.xcore.vss__t273                4.17544e-13
xc0.xcore.vss__t91                 2.00164e-05
xc0.xcore.ibias__t180                  1.22494
xc0.xcore.tail__t313                   1.02319
xc0.xcore.vss__t274                4.13457e-13
xc0.xcore.tail__t212                   1.02319
xc0.xcore.ibias__t179                  1.22494
xc0.xcore.vss__t194                1.98186e-05
xc0.xcore.vss__t275                4.09371e-13
xc0.xcore.vss__t90                 1.96208e-05
xc0.xcore.ibias__t178                  1.22494
xc0.xcore.tail__t312                   1.02319
xc0.xcore.vss__t276                4.05285e-13
xc0.xcore.tail__t206                   1.02319
xc0.xcore.ibias__t161                  1.22494
xc0.xcore.vss__t184                 1.9423e-05
xc0.xcore.vss__t277                4.01199e-13
xc0.xcore.vss__t57                 1.92253e-05
xc0.xcore.ibias__t112                  1.22494
xc0.xcore.tail__t283                   1.02319
xc0.xcore.vss__t278                3.97113e-13
xc0.xcore.tail__t183                   1.02319
xc0.xcore.ibias__t111                  1.22494
xc0.xcore.vss__t160                1.90275e-05
xc0.xcore.vss__t279                3.93027e-13
xc0.xcore.vss__t56                 1.88297e-05
xc0.xcore.ibias__t110                  1.22494
xc0.xcore.tail__t282                    1.0232
xc0.xcore.vss__t280                3.88941e-13
xc0.xcore.tail__t182                    1.0232
xc0.xcore.ibias__t109                  1.22494
xc0.xcore.vss__t159                1.86319e-05
xc0.xcore.vss__t281                3.84856e-13
xc0.xcore.vss__t55                 1.84342e-05
xc0.xcore.ibias__t108                  1.22494
xc0.xcore.tail__t281                    1.0232
xc0.xcore.vss__t282                3.80771e-13
xc0.xcore.tail__t181                    1.0232
xc0.xcore.ibias__t107                  1.22494
xc0.xcore.vss__t158                1.82364e-05
xc0.xcore.vss__t283                3.76685e-13
xc0.xcore.vss__t54                 1.80387e-05
xc0.xcore.ibias__t106                  1.22494
xc0.xcore.tail__t280                    1.0232
xc0.xcore.vss__t284                  3.726e-13
xc0.xcore.tail__t180                    1.0232
xc0.xcore.ibias__t105                  1.22494
xc0.xcore.vss__t157                1.78409e-05
xc0.xcore.vss__t285                3.68516e-13
xc0.xcore.vss__t53                 1.76432e-05
xc0.xcore.ibias__t104                  1.22494
xc0.xcore.tail__t279                    1.0232
xc0.xcore.vss__t286                3.64431e-13
xc0.xcore.tail__t205                    1.0232
xc0.xcore.ibias__t156                  1.22494
xc0.xcore.vss__t182                1.74455e-05
xc0.xcore.vss__t287                3.60347e-13
xc0.xcore.vss__t79                 1.72478e-05
xc0.xcore.ibias__t155                  1.22494
xc0.xcore.tail__t305                    1.0232
xc0.xcore.vss__t288                3.56263e-13
xc0.xcore.tail__t204                    1.0232
xc0.xcore.ibias__t154                  1.22494
xc0.xcore.vss__t181                1.70501e-05
xc0.xcore.vss__t289                3.52179e-13
xc0.xcore.vss__t78                 1.68524e-05
xc0.xcore.ibias__t153                  1.22494
xc0.xcore.tail__t304                    1.0232
xc0.xcore.vss__t290                3.48095e-13
xc0.xcore.tail__t203                    1.0232
xc0.xcore.ibias__t152                  1.22494
xc0.xcore.vss__t180                1.66547e-05
xc0.xcore.vss__t291                3.44011e-13
xc0.xcore.vss__t77                  1.6457e-05
xc0.xcore.ibias__t151                  1.22494
xc0.xcore.tail__t303                    1.0232
xc0.xcore.vss__t292                3.39928e-13
xc0.xcore.tail__t202                    1.0232
xc0.xcore.ibias__t150                  1.22494
xc0.xcore.vss__t179                1.62594e-05
xc0.xcore.vss__t293                3.35845e-13
xc0.xcore.vss__t76                 1.60617e-05
xc0.xcore.ibias__t149                  1.22494
xc0.xcore.tail__t302                    1.0232
xc0.xcore.vss__t294                3.31762e-13
xc0.xcore.tail__t201                    1.0232
xc0.xcore.ibias__t148                  1.22494
xc0.xcore.vss__t178                1.58641e-05
xc0.xcore.vss__t295                 3.2768e-13
xc0.xcore.vss__t75                 1.56665e-05
xc0.xcore.ibias__t147                  1.22494
xc0.xcore.tail__t301                    1.0232
xc0.xcore.vss__t296                3.23597e-13
xc0.xcore.tail__t200                    1.0232
xc0.xcore.ibias__t146                  1.22494
xc0.xcore.vss__t177                1.54689e-05
xc0.xcore.vss__t297                3.19515e-13
xc0.xcore.vss__t98                 1.52713e-05
xc0.xcore.ibias__t193                  1.22494
xc0.xcore.tail__t320                    1.0232
xc0.xcore.vss__t298                3.15434e-13
xc0.xcore.tail__t226                    1.0232
xc0.xcore.ibias__t208                  1.22494
xc0.xcore.vss__t208                1.50737e-05
xc0.xcore.vss__t299                3.11352e-13
xc0.xcore.vss__t105                1.48761e-05
xc0.xcore.ibias__t207                  1.22494
xc0.xcore.tail__t327                    1.0232
xc0.xcore.vss__t300                3.07271e-13
xc0.xcore.tail__t225                    1.0232
xc0.xcore.ibias__t206                  1.22494
xc0.xcore.vss__t207                1.46786e-05
xc0.xcore.vss__t301                 3.0319e-13
xc0.xcore.vss__t104                1.44811e-05
xc0.xcore.ibias__t205                  1.22494
xc0.xcore.tail__t326                    1.0232
xc0.xcore.vss__t302                 2.9911e-13
xc0.xcore.tail__t224                    1.0232
xc0.xcore.ibias__t204                  1.22494
xc0.xcore.vss__t206                1.42835e-05
xc0.xcore.vss__t303                 2.9503e-13
xc0.xcore.vss__t103                 1.4086e-05
xc0.xcore.ibias__t203                  1.22494
xc0.xcore.tail__t325                    1.0232
xc0.xcore.vss__t304                 2.9095e-13
xc0.xcore.tail__t223                    1.0232
xc0.xcore.ibias__t202                  1.22494
xc0.xcore.vss__t205                1.38886e-05
xc0.xcore.vss__t305                2.86871e-13
xc0.xcore.vss__t102                1.36911e-05
xc0.xcore.ibias__t201                  1.22494
xc0.xcore.tail__t324                    1.0232
xc0.xcore.vss__t306                2.82792e-13
xc0.xcore.tail__t222                    1.0232
xc0.xcore.ibias__t200                  1.22494
xc0.xcore.vss__t204                1.34937e-05
xc0.xcore.vss__t307                2.78713e-13
xc0.xcore.vss__t101                1.32962e-05
xc0.xcore.ibias__t199                  1.22494
xc0.xcore.tail__t323                    1.0232
xc0.xcore.vss__t308                2.74635e-13
xc0.xcore.tail__t221                    1.0232
xc0.xcore.ibias__t198                  1.22494
xc0.xcore.vss__t203                1.30988e-05
xc0.xcore.vss__t309                2.70558e-13
xc0.xcore.vss__t100                1.29015e-05
xc0.xcore.ibias__t197                  1.22494
xc0.xcore.tail__t322                    1.0232
xc0.xcore.vss__t310                 2.6648e-13
xc0.xcore.tail__t220                   1.02321
xc0.xcore.ibias__t196                  1.22494
xc0.xcore.vss__t202                1.27041e-05
xc0.xcore.vss__t311                2.62404e-13
xc0.xcore.vss__t80                 1.25068e-05
xc0.xcore.ibias__t157                  1.22494
xc0.xcore.tail__t306                   1.02321
xc0.xcore.vss__t312                2.58328e-13
xc0.xcore.tail__t185                   1.02321
xc0.xcore.ibias__t116                  1.22494
xc0.xcore.vss__t162                1.23095e-05
xc0.xcore.vss__t313                2.54252e-13
xc0.xcore.vss__t59                 1.21122e-05
xc0.xcore.ibias__t115                  1.22494
xc0.xcore.tail__t285                   1.02321
xc0.xcore.vss__t314                2.50177e-13
xc0.xcore.tail__t184                   1.02321
xc0.xcore.ibias__t114                  1.22494
xc0.xcore.vss__t161                1.19149e-05
xc0.xcore.vss__t315                2.46103e-13
xc0.xcore.vss__t71                 1.17177e-05
xc0.xcore.ibias__t139                  1.22494
xc0.xcore.tail__t297                   1.02321
xc0.xcore.vss__t316                2.42029e-13
xc0.xcore.tail__t196                   1.02321
xc0.xcore.ibias__t138                  1.22494
xc0.xcore.vss__t173                1.15205e-05
xc0.xcore.vss__t317                2.37956e-13
xc0.xcore.vss__t70                 1.13234e-05
xc0.xcore.ibias__t137                  1.22494
xc0.xcore.tail__t296                   1.02321
xc0.xcore.vss__t318                2.33883e-13
xc0.xcore.tail__t195                   1.02321
xc0.xcore.ibias__t136                  1.22494
xc0.xcore.vss__t172                1.11263e-05
xc0.xcore.vss__t319                2.29812e-13
xc0.xcore.vss__t69                 1.09292e-05
xc0.xcore.ibias__t135                  1.22494
xc0.xcore.tail__t295                   1.02321
xc0.xcore.vss__t320                2.25741e-13
xc0.xcore.tail__t194                   1.02321
xc0.xcore.ibias__t134                  1.22494
xc0.xcore.vss__t171                1.07322e-05
xc0.xcore.vss__t321                2.21671e-13
xc0.xcore.vss__t61                 1.05352e-05
xc0.xcore.ibias__t119                  1.22494
xc0.xcore.tail__t287                   1.02321
xc0.xcore.vss__t322                2.17602e-13
xc0.xcore.tail__t179                   1.02321
xc0.xcore.ibias__t103                  1.22494
xc0.xcore.vss__t156                1.03382e-05
xc0.xcore.vss__t323                2.13533e-13
xc0.xcore.vss__t48                 1.01413e-05
xc0.xcore.ibias__t92                   1.22494
xc0.xcore.tail__t274                   1.02321
xc0.xcore.vss__t324                2.09466e-13
xc0.xcore.tail__t178                   1.02321
xc0.xcore.ibias__t102                  1.22494
xc0.xcore.vss__t155                9.94445e-06
xc0.xcore.vss__t325                  2.054e-13
xc0.xcore.vss__t52                 9.74764e-06
xc0.xcore.ibias__t101                  1.22494
xc0.xcore.tail__t278                   1.02321
xc0.xcore.vss__t326                2.01335e-13
xc0.xcore.tail__t177                   1.02321
xc0.xcore.ibias__t100                  1.22494
xc0.xcore.vss__t154                9.55089e-06
xc0.xcore.vss__t327                1.97271e-13
xc0.xcore.vss__t51                  9.3542e-06
xc0.xcore.ibias__t99                   1.22494
xc0.xcore.tail__t277                   1.02321
xc0.xcore.vss__t328                1.93208e-13
xc0.xcore.tail__t176                   1.02321
xc0.xcore.ibias__t98                   1.22494
xc0.xcore.vss__t153                9.15758e-06
xc0.xcore.vss__t329                1.89146e-13
xc0.xcore.vss__t58                 8.96102e-06
xc0.xcore.ibias__t113                  1.22494
xc0.xcore.tail__t284                   1.02321
xc0.xcore.vss__t330                1.85086e-13
xc0.xcore.tail__t174                   1.02321
xc0.xcore.ibias__t96                   1.22494
xc0.xcore.vss__t151                8.76453e-06
xc0.xcore.vss__t331                1.81028e-13
xc0.xcore.vss__t50                 8.56812e-06
xc0.xcore.ibias__t95                   1.22494
xc0.xcore.tail__t276                   1.02321
xc0.xcore.vss__t332                1.76971e-13
xc0.xcore.tail__t173                   1.02321
xc0.xcore.ibias__t94                   1.22494
xc0.xcore.vss__t150                8.37179e-06
xc0.xcore.vss__t333                1.72915e-13
xc0.xcore.vss__t49                 8.17555e-06
xc0.xcore.ibias__t93                   1.22494
xc0.xcore.tail__t275                   1.02321
xc0.xcore.vss__t334                1.68862e-13
xc0.xcore.tail__t172                   1.02321
xc0.xcore.ibias__t91                   1.22494
xc0.xcore.vss__t149                 7.9794e-06
xc0.xcore.vss__t335                1.64811e-13
xc0.xcore.vss__t47                 7.78336e-06
xc0.xcore.ibias__t90                   1.22494
xc0.xcore.tail__t273                   1.02321
xc0.xcore.vss__t336                1.60761e-13
xc0.xcore.tail__t171                   1.02321
xc0.xcore.ibias__t89                   1.22494
xc0.xcore.vss__t148                7.58743e-06
xc0.xcore.vss__t337                1.56714e-13
xc0.xcore.vss__t46                 7.39161e-06
xc0.xcore.ibias__t88                   1.22494
xc0.xcore.tail__t272                   1.02321
xc0.xcore.vss__t338                 1.5267e-13
xc0.xcore.tail__t170                   1.02321
xc0.xcore.ibias__t87                   1.22494
xc0.xcore.vss__t147                7.19593e-06
xc0.xcore.vss__t339                1.48628e-13
xc0.xcore.vss__t45                 7.00038e-06
xc0.xcore.ibias__t86                   1.22494
xc0.xcore.tail__t271                   1.02321
xc0.xcore.vss__t340                1.44589e-13
xc0.xcore.tail__t169                   1.02322
xc0.xcore.ibias__t85                   1.22494
xc0.xcore.vss__t146                6.80498e-06
xc0.xcore.vss__t341                1.40553e-13
xc0.xcore.vss__t44                 6.60975e-06
xc0.xcore.ibias__t84                   1.22494
xc0.xcore.tail__t270                   1.02322
xc0.xcore.vss__t342                 1.3652e-13
xc0.xcore.tail__t168                   1.02322
xc0.xcore.ibias__t83                   1.22494
xc0.xcore.vss__t145                 6.4147e-06
xc0.xcore.vss__t343                1.32491e-13
xc0.xcore.vss__t66                 6.21985e-06
xc0.xcore.ibias__t129                  1.22494
xc0.xcore.tail__t292                   1.02322
xc0.xcore.vss__t344                1.28467e-13
xc0.xcore.tail__t199                   1.02322
xc0.xcore.ibias__t144                  1.22494
xc0.xcore.vss__t176                6.02521e-06
xc0.xcore.vss__t345                1.24446e-13
xc0.xcore.vss__t73                 5.83081e-06
xc0.xcore.ibias__t143                  1.22494
xc0.xcore.tail__t299                   1.02322
xc0.xcore.vss__t346                1.20431e-13
xc0.xcore.tail__t198                   1.02322
xc0.xcore.ibias__t142                  1.22494
xc0.xcore.vss__t175                5.63667e-06
xc0.xcore.vss__t347                1.16421e-13
xc0.xcore.vss__t72                 5.44282e-06
xc0.xcore.ibias__t141                  1.22494
xc0.xcore.tail__t298                   1.02322
xc0.xcore.vss__t348                1.12417e-13
xc0.xcore.outp__t53                    2.80449
xc0.xcore.inp__t1                       2.5245
xc0.xcore.tail__t0                     1.02329
xc0.xcore.vss__t460                1.24418e-10
xc0.xcore.tail__t119                   1.02329
xc0.xcore.inp__t53                      2.5245
xc0.xcore.outp__t52                    2.80448
xc0.xcore.vss__t462                1.25594e-10
xc0.xcore.outp__t46                    2.80448
xc0.xcore.inp__t52                      2.5245
xc0.xcore.tail__t118                   1.02329
xc0.xcore.vss__t463                1.26769e-10
xc0.xcore.tail__t58                    1.02329
xc0.xcore.inp__t61                      2.5245
xc0.xcore.outp__t82                    2.80448
xc0.xcore.vss__t464                1.27944e-10
xc0.xcore.outp__t30                    2.80448
xc0.xcore.inp__t24                      2.5245
xc0.xcore.tail__t98                    1.02329
xc0.xcore.vss__t465                1.29119e-10
xc0.xcore.tail__t38                    1.02329
xc0.xcore.inp__t23                      2.5245
xc0.xcore.outp__t64                    2.80448
xc0.xcore.vss__t466                1.30294e-10
xc0.xcore.outp__t29                    2.80448
xc0.xcore.inp__t22                      2.5245
xc0.xcore.tail__t97                    1.02329
xc0.xcore.vss__t467                 1.3147e-10
xc0.xcore.tail__t37                     1.0233
xc0.xcore.inp__t21                      2.5245
xc0.xcore.outp__t63                    2.80448
xc0.xcore.vss__t468                1.32645e-10
xc0.xcore.outp__t28                    2.80447
xc0.xcore.inp__t20                      2.5245
xc0.xcore.tail__t96                     1.0233
xc0.xcore.vss__t469                 1.3382e-10
xc0.xcore.tail__t36                     1.0233
xc0.xcore.inp__t19                      2.5245
xc0.xcore.outp__t62                    2.80447
xc0.xcore.vss__t470                1.34995e-10
xc0.xcore.outp__t27                    2.80447
xc0.xcore.inp__t18                      2.5245
xc0.xcore.tail__t95                     1.0233
xc0.xcore.vss__t471                 1.3617e-10
xc0.xcore.tail__t35                     1.0233
xc0.xcore.inp__t17                      2.5245
xc0.xcore.outp__t61                    2.80447
xc0.xcore.vss__t472                1.37345e-10
xc0.xcore.outp__t26                    2.80447
xc0.xcore.inp__t16                      2.5245
xc0.xcore.tail__t94                     1.0233
xc0.xcore.vss__t473                 1.3852e-10
xc0.xcore.tail__t33                     1.0233
xc0.xcore.inp__t15                      2.5245
xc0.xcore.outp__t60                    2.80447
xc0.xcore.vss__t474                1.39695e-10
xc0.xcore.outp__t47                    2.80446
xc0.xcore.inp__t54                      2.5245
xc0.xcore.tail__t120                    1.0233
xc0.xcore.vss__t475                 1.4087e-10
xc0.xcore.tail__t54                     1.0233
xc0.xcore.inp__t55                      2.5245
xc0.xcore.outp__t78                    2.80446
xc0.xcore.vss__t476                1.42046e-10
xc0.xcore.outp__t51                    2.80446
xc0.xcore.inp__t63                      2.5245
xc0.xcore.tail__t126                    1.0233
xc0.xcore.vss__t477                1.43221e-10
xc0.xcore.tail__t57                     1.0233
xc0.xcore.inp__t60                      2.5245
xc0.xcore.outp__t81                    2.80446
xc0.xcore.vss__t478                1.44396e-10
xc0.xcore.outp__t49                    2.80446
xc0.xcore.inp__t59                      2.5245
xc0.xcore.tail__t122                    1.0233
xc0.xcore.vss__t479                1.45571e-10
xc0.xcore.tail__t56                     1.0233
xc0.xcore.inp__t58                      2.5245
xc0.xcore.outp__t80                    2.80446
xc0.xcore.vss__t480                1.46746e-10
xc0.xcore.outp__t48                    2.80445
xc0.xcore.inp__t57                      2.5245
xc0.xcore.tail__t121                   1.02331
xc0.xcore.vss__t481                 1.4792e-10
xc0.xcore.tail__t55                    1.02331
xc0.xcore.inp__t56                      2.5245
xc0.xcore.outp__t79                    2.80445
xc0.xcore.vss__t482                1.49095e-10
xc0.xcore.outp__t24                    2.80445
xc0.xcore.inp__t11                      2.5245
xc0.xcore.tail__t92                    1.02331
xc0.xcore.vss__t483                 1.5027e-10
xc0.xcore.tail__t30                    1.02331
xc0.xcore.inp__t10                      2.5245
xc0.xcore.outp__t57                    2.80445
xc0.xcore.vss__t484                1.51445e-10
xc0.xcore.outp__t23                    2.80445
xc0.xcore.inp__t9                       2.5245
xc0.xcore.tail__t88                    1.02331
xc0.xcore.vss__t485                 1.5262e-10
xc0.xcore.tail__t32                    1.02331
xc0.xcore.inp__t14                      2.5245
xc0.xcore.outp__t59                    2.80445
xc0.xcore.vss__t486                1.53795e-10
xc0.xcore.outp__t25                    2.80445
xc0.xcore.inp__t13                      2.5245
xc0.xcore.tail__t93                    1.02331
xc0.xcore.vss__t487                 1.5497e-10
xc0.xcore.tail__t60                    1.02331
xc0.xcore.inp__t0                       2.5245
xc0.xcore.outp__t83                    2.80444
xc0.xcore.vss__t488                1.56144e-10
xc0.xcore.outp__t50                    2.80444
xc0.xcore.inp__t62                      2.5245
xc0.xcore.tail__t123                   1.02331
xc0.xcore.vss__t489                1.57319e-10
xc0.xcore.tail__t42                    1.02331
xc0.xcore.inp__t29                      2.5245
xc0.xcore.outp__t67                    2.80444
xc0.xcore.vss__t490                1.58494e-10
xc0.xcore.outp__t32                    2.80444
xc0.xcore.inp__t28                      2.5245
xc0.xcore.tail__t102                   1.02331
xc0.xcore.vss__t491                1.59668e-10
xc0.xcore.tail__t41                    1.02331
xc0.xcore.inp__t27                      2.5245
xc0.xcore.outp__t66                    2.80444
xc0.xcore.vss__t492                1.60843e-10
xc0.xcore.outp__t31                    2.80444
xc0.xcore.inp__t26                      2.5245
xc0.xcore.tail__t101                   1.02331
xc0.xcore.vss__t493                1.62018e-10
xc0.xcore.tail__t40                    1.02332
xc0.xcore.inp__t25                      2.5245
xc0.xcore.outp__t65                    2.80443
xc0.xcore.vss__t494                1.63192e-10
xc0.xcore.outp__t20                    2.80443
xc0.xcore.inp__t4                       2.5245
xc0.xcore.tail__t74                    1.02332
xc0.xcore.vss__t495                1.64367e-10
xc0.xcore.tail__t14                    1.02332
xc0.xcore.inp__t3                       2.5245
xc0.xcore.outp__t54                    2.80443
xc0.xcore.vss__t496                1.65541e-10
xc0.xcore.outp__t22                    2.80443
xc0.xcore.inp__t7                       2.5245
xc0.xcore.tail__t76                    1.02332
xc0.xcore.vss__t497                1.66716e-10
xc0.xcore.tail__t16                    1.02332
xc0.xcore.inp__t6                       2.5245
xc0.xcore.outp__t55                    2.80443
xc0.xcore.vss__t498                 1.6789e-10
xc0.xcore.outp__t21                    2.80443
xc0.xcore.inp__t5                       2.5245
xc0.xcore.tail__t75                    1.02332
xc0.xcore.vss__t499                1.69065e-10
xc0.xcore.tail__t19                    1.02332
xc0.xcore.inp__t8                       2.5245
xc0.xcore.outp__t56                    2.80442
xc0.xcore.vss__t500                1.70239e-10
xc0.xcore.outp__t45                    2.80442
xc0.xcore.inp__t50                      2.5245
xc0.xcore.tail__t116                   1.02332
xc0.xcore.vss__t501                1.71413e-10
xc0.xcore.tail__t51                    1.02332
xc0.xcore.inp__t49                      2.5245
xc0.xcore.outp__t76                    2.80442
xc0.xcore.vss__t502                1.72588e-10
xc0.xcore.outp__t44                    2.80442
xc0.xcore.inp__t48                      2.5245
xc0.xcore.tail__t115                   1.02332
xc0.xcore.vss__t503                1.73762e-10
xc0.xcore.tail__t50                    1.02332
xc0.xcore.inp__t47                      2.5245
xc0.xcore.outp__t75                    2.80442
xc0.xcore.vss__t504                1.74936e-10
xc0.xcore.outp__t43                    2.80442
xc0.xcore.inp__t46                      2.5245
xc0.xcore.tail__t114                   1.02332
xc0.xcore.vss__t505                 1.7611e-10
xc0.xcore.tail__t49                    1.02332
xc0.xcore.inp__t45                      2.5245
xc0.xcore.outp__t74                    2.80442
xc0.xcore.vss__t506                1.77284e-10
xc0.xcore.outp__t42                    2.80441
xc0.xcore.inp__t44                      2.5245
xc0.xcore.tail__t113                   1.02333
xc0.xcore.vss__t507                1.78459e-10
xc0.xcore.tail__t48                    1.02333
xc0.xcore.inp__t43                      2.5245
xc0.xcore.outp__t73                    2.80441
xc0.xcore.vss__t508                1.79633e-10
xc0.xcore.outp__t41                    2.80441
xc0.xcore.inp__t42                      2.5245
xc0.xcore.tail__t112                   1.02333
xc0.xcore.vss__t509                1.80807e-10
xc0.xcore.tail__t47                    1.02333
xc0.xcore.inp__t41                      2.5245
xc0.xcore.outp__t72                    2.80441
xc0.xcore.vss__t510                1.81981e-10
xc0.xcore.outp__t40                    2.80441
xc0.xcore.inp__t40                      2.5245
xc0.xcore.tail__t111                   1.02333
xc0.xcore.vss__t511                1.83155e-10
xc0.xcore.tail__t46                    1.02333
xc0.xcore.inp__t39                      2.5245
xc0.xcore.outp__t71                    2.80441
xc0.xcore.vss__t512                1.84329e-10
xc0.xcore.outp__t39                     2.8044
xc0.xcore.inp__t38                      2.5245
xc0.xcore.tail__t110                   1.02333
xc0.xcore.vss__t513                1.85502e-10
xc0.xcore.tail__t53                    1.02333
xc0.xcore.inp__t51                      2.5245
xc0.xcore.outp__t77                     2.8044
xc0.xcore.vss__t514                1.86676e-10
xc0.xcore.outp__t38                     2.8044
xc0.xcore.inp__t37                      2.5245
xc0.xcore.tail__t108                   1.02333
xc0.xcore.vss__t515                 1.8785e-10
xc0.xcore.tail__t45                    1.02333
xc0.xcore.inp__t36                      2.5245
xc0.xcore.outp__t70                     2.8044
xc0.xcore.vss__t516                1.89024e-10
xc0.xcore.outp__t37                     2.8044
xc0.xcore.inp__t35                      2.5245
xc0.xcore.tail__t107                   1.02333
xc0.xcore.vss__t517                1.90198e-10
xc0.xcore.tail__t44                    1.02333
xc0.xcore.inp__t34                      2.5245
xc0.xcore.outp__t69                     2.8044
xc0.xcore.vss__t518                1.91371e-10
xc0.xcore.outp__t36                    2.80439
xc0.xcore.inp__t33                      2.5245
xc0.xcore.tail__t106                   1.02333
xc0.xcore.vss__t519                1.92545e-10
xc0.xcore.tail__t31                    1.02334
xc0.xcore.inp__t12                      2.5245
xc0.xcore.outp__t58                    2.80439
xc0.xcore.vss__t520                1.93718e-10
xc0.xcore.outp__t35                    2.80439
xc0.xcore.inp__t32                      2.5245
xc0.xcore.tail__t104                   1.02334
xc0.xcore.vss__t521                1.94892e-10
xc0.xcore.tail__t43                    1.02334
xc0.xcore.inp__t31                      2.5245
xc0.xcore.outp__t68                    2.80439
xc0.xcore.vss__t522                1.96066e-10
xc0.xcore.outp__t33                    2.80439
xc0.xcore.inp__t30                      2.5245
xc0.xcore.tail__t103                   1.02334
xc0.xcore.vss__t523                1.97239e-10
xc0.xcore.tail__t1                     1.02334
xc0.xcore.inp__t2                       2.5245
xc0.xcore.outp__t34                    2.80439
xc0.xcore.vss__t586                1.98412e-10
xc0.xcore.ibias__t215                  1.22221
xc0.xcore.ibias__t3                    1.22494
xc0.xcore.vss__t2                  2.51857e-05
xc0.xcore.vss__t459                6.27062e-13
xc0.xcore.vss__t81                 2.49859e-05
xc0.xcore.ibias__t158                  1.22494
xc0.xcore.ibias__t216                  1.22224
xc0.xcore.vss__t448                6.22109e-13
xc0.xcore.ibias__t213                  1.22227
xc0.xcore.ibias__t171                  1.22494
xc0.xcore.vss__t190                2.47861e-05
xc0.xcore.vss__t449                6.17155e-13
xc0.xcore.vss__t83                 2.45863e-05
xc0.xcore.ibias__t163                  1.22494
xc0.xcore.ibias__t218                   1.2223
xc0.xcore.vss__t450                6.12202e-13
xc0.xcore.ibias__t212                  1.22233
xc0.xcore.ibias__t162                  1.22494
xc0.xcore.vss__t185                2.43865e-05
xc0.xcore.vss__t451                6.07248e-13
xc0.xcore.vss__t89                 2.41867e-05
xc0.xcore.ibias__t177                  1.22494
xc0.xcore.ibias__t219                  1.22236
xc0.xcore.vss__t452                6.02293e-13
xc0.xcore.ibias__t211                  1.22239
xc0.xcore.ibias__t160                  1.22494
xc0.xcore.vss__t183                2.39868e-05
xc0.xcore.vss__t453                5.97339e-13
xc0.xcore.vss__t82                  2.3787e-05
xc0.xcore.ibias__t159                  1.22494
xc0.xcore.ibias__t217                  1.22242
xc0.xcore.vss__t454                5.92384e-13
xc0.xcore.ibias__t214                  1.22245
xc0.xcore.ibias__t174                  1.22494
xc0.xcore.vss__t192                2.35872e-05
xc0.xcore.vss__t455                5.87429e-13
xc0.xcore.vss__t3                  2.33874e-05
xc0.xcore.ibias__t4                    1.22494
xc0.xcore.ibias__t210                  1.22248
xc0.xcore.vss__t457                5.82473e-13
xc0.xcore.outn__t52                        3.3
xc0.xcore.inn__t1                       1.6335
xc0.xcore.tail__t3                     1.02323
xc0.xcore.vss__t461                1.48404e-12
xc0.xcore.tail__t62                    1.02323
xc0.xcore.inn__t58                      1.6335
xc0.xcore.outn__t81                        3.3
xc0.xcore.vss__t524                1.49812e-12
xc0.xcore.outn__t49                        3.3
xc0.xcore.inn__t59                      1.6335
xc0.xcore.tail__t124                   1.02323
xc0.xcore.vss__t525                1.51221e-12
xc0.xcore.tail__t63                    1.02323
xc0.xcore.inn__t60                      1.6335
xc0.xcore.outn__t82                        3.3
xc0.xcore.vss__t526                1.52629e-12
xc0.xcore.outn__t50                        3.3
xc0.xcore.inn__t61                      1.6335
xc0.xcore.tail__t125                   1.02323
xc0.xcore.vss__t527                1.54038e-12
xc0.xcore.tail__t64                    1.02323
xc0.xcore.inn__t62                      1.6335
xc0.xcore.outn__t83                        3.3
xc0.xcore.vss__t528                1.55446e-12
xc0.xcore.outn__t46                        3.3
xc0.xcore.inn__t52                      1.6335
xc0.xcore.tail__t105                   1.02323
xc0.xcore.vss__t529                1.56855e-12
xc0.xcore.tail__t15                    1.02323
xc0.xcore.inn__t21                      1.6335
xc0.xcore.outn__t63                        3.3
xc0.xcore.vss__t530                1.58263e-12
xc0.xcore.outn__t45                        3.3
xc0.xcore.inn__t51                      1.6335
xc0.xcore.tail__t100                   1.02323
xc0.xcore.vss__t531                1.59672e-12
xc0.xcore.tail__t34                    1.02323
xc0.xcore.inn__t48                      1.6335
xc0.xcore.outn__t76                        3.3
xc0.xcore.vss__t532                 1.6108e-12
xc0.xcore.outn__t44                        3.3
xc0.xcore.inn__t50                      1.6335
xc0.xcore.tail__t99                    1.02323
xc0.xcore.vss__t533                1.62489e-12
xc0.xcore.tail__t61                    1.02323
xc0.xcore.inn__t57                      1.6335
xc0.xcore.outn__t80                        3.3
xc0.xcore.vss__t534                1.63898e-12
xc0.xcore.outn__t40                        3.3
xc0.xcore.inn__t42                      1.6335
xc0.xcore.tail__t87                    1.02323
xc0.xcore.vss__t535                1.65306e-12
xc0.xcore.tail__t27                    1.02323
xc0.xcore.inn__t41                      1.6335
xc0.xcore.outn__t73                        3.3
xc0.xcore.vss__t536                1.66715e-12
xc0.xcore.outn__t39                        3.3
xc0.xcore.inn__t40                      1.6335
xc0.xcore.tail__t86                    1.02323
xc0.xcore.vss__t537                1.68124e-12
xc0.xcore.tail__t26                    1.02323
xc0.xcore.inn__t39                      1.6335
xc0.xcore.outn__t72                        3.3
xc0.xcore.vss__t538                1.69533e-12
xc0.xcore.outn__t38                        3.3
xc0.xcore.inn__t38                      1.6335
xc0.xcore.tail__t85                    1.02323
xc0.xcore.vss__t539                1.70941e-12
xc0.xcore.tail__t25                    1.02323
xc0.xcore.inn__t37                      1.6335
xc0.xcore.outn__t71                        3.3
xc0.xcore.vss__t540                 1.7235e-12
xc0.xcore.outn__t47                        3.3
xc0.xcore.inn__t53                      1.6335
xc0.xcore.tail__t109                   1.02323
xc0.xcore.vss__t541                1.73759e-12
xc0.xcore.tail__t52                    1.02323
xc0.xcore.inn__t55                      1.6335
xc0.xcore.outn__t78                        3.3
xc0.xcore.vss__t542                1.75168e-12
xc0.xcore.outn__t48                        3.3
xc0.xcore.inn__t54                      1.6335
xc0.xcore.tail__t117                   1.02323
xc0.xcore.vss__t543                1.76577e-12
xc0.xcore.tail__t39                    1.02323
xc0.xcore.inn__t49                      1.6335
xc0.xcore.outn__t77                        3.3
xc0.xcore.vss__t544                1.77986e-12
xc0.xcore.outn__t41                        3.3
xc0.xcore.inn__t43                      1.6335
xc0.xcore.tail__t89                    1.02323
xc0.xcore.vss__t545                1.79395e-12
xc0.xcore.tail__t29                    1.02323
xc0.xcore.inn__t47                      1.6335
xc0.xcore.outn__t75                        3.3
xc0.xcore.vss__t546                1.80804e-12
xc0.xcore.outn__t43                        3.3
xc0.xcore.inn__t46                      1.6335
xc0.xcore.tail__t91                    1.02323
xc0.xcore.vss__t547                1.82213e-12
xc0.xcore.tail__t28                    1.02323
xc0.xcore.inn__t45                      1.6335
xc0.xcore.outn__t74                        3.3
xc0.xcore.vss__t548                1.83622e-12
xc0.xcore.outn__t42                        3.3
xc0.xcore.inn__t44                      1.6335
xc0.xcore.tail__t90                    1.02323
xc0.xcore.vss__t549                1.85031e-12
xc0.xcore.tail__t59                    1.02323
xc0.xcore.inn__t56                      1.6335
xc0.xcore.outn__t79                        3.3
xc0.xcore.vss__t550                 1.8644e-12
xc0.xcore.outn__t51                        3.3
xc0.xcore.inn__t63                      1.6335
xc0.xcore.tail__t127                   1.02323
xc0.xcore.vss__t551                1.87849e-12
xc0.xcore.tail__t13                    1.02323
xc0.xcore.inn__t19                      1.6335
xc0.xcore.outn__t62                        3.3
xc0.xcore.vss__t552                1.89258e-12
xc0.xcore.outn__t28                        3.3
xc0.xcore.inn__t18                      1.6335
xc0.xcore.tail__t72                    1.02323
xc0.xcore.vss__t553                1.90667e-12
xc0.xcore.tail__t12                    1.02323
xc0.xcore.inn__t17                      1.6335
xc0.xcore.outn__t61                        3.3
xc0.xcore.vss__t554                1.92077e-12
xc0.xcore.outn__t27                        3.3
xc0.xcore.inn__t16                      1.6335
xc0.xcore.tail__t71                    1.02323
xc0.xcore.vss__t555                1.93486e-12
xc0.xcore.tail__t11                    1.02323
xc0.xcore.inn__t15                      1.6335
xc0.xcore.outn__t60                        3.3
xc0.xcore.vss__t556                1.94895e-12
xc0.xcore.outn__t26                        3.3
xc0.xcore.inn__t14                      1.6335
xc0.xcore.tail__t70                    1.02323
xc0.xcore.vss__t557                1.96304e-12
xc0.xcore.tail__t10                    1.02323
xc0.xcore.inn__t13                      1.6335
xc0.xcore.outn__t59                        3.3
xc0.xcore.vss__t558                1.97714e-12
xc0.xcore.outn__t25                        3.3
xc0.xcore.inn__t12                      1.6335
xc0.xcore.tail__t69                    1.02323
xc0.xcore.vss__t559                1.99123e-12
xc0.xcore.tail__t6                     1.02323
xc0.xcore.inn__t5                       1.6335
xc0.xcore.outn__t55                        3.3
xc0.xcore.vss__t560                2.00532e-12
xc0.xcore.outn__t24                        3.3
xc0.xcore.inn__t11                      1.6335
xc0.xcore.tail__t68                    1.02323
xc0.xcore.vss__t561                2.01941e-12
xc0.xcore.tail__t4                     1.02323
xc0.xcore.inn__t2                       1.6335
xc0.xcore.outn__t53                        3.3
xc0.xcore.vss__t562                2.03351e-12
xc0.xcore.outn__t21                        3.3
xc0.xcore.inn__t3                       1.6335
xc0.xcore.tail__t65                    1.02323
xc0.xcore.vss__t563                 2.0476e-12
xc0.xcore.tail__t5                     1.02323
xc0.xcore.inn__t4                       1.6335
xc0.xcore.outn__t54                        3.3
xc0.xcore.vss__t564                2.06169e-12
xc0.xcore.outn__t22                        3.3
xc0.xcore.inn__t6                       1.6335
xc0.xcore.tail__t66                    1.02323
xc0.xcore.vss__t565                2.07579e-12
xc0.xcore.tail__t7                     1.02323
xc0.xcore.inn__t7                       1.6335
xc0.xcore.outn__t56                        3.3
xc0.xcore.vss__t566                2.08988e-12
xc0.xcore.outn__t23                        3.3
xc0.xcore.inn__t8                       1.6335
xc0.xcore.tail__t67                    1.02323
xc0.xcore.vss__t567                2.10397e-12
xc0.xcore.tail__t8                     1.02323
xc0.xcore.inn__t9                       1.6335
xc0.xcore.outn__t57                        3.3
xc0.xcore.vss__t568                2.11807e-12
xc0.xcore.outn__t29                        3.3
xc0.xcore.inn__t20                      1.6335
xc0.xcore.tail__t73                    1.02323
xc0.xcore.vss__t569                2.13216e-12
xc0.xcore.tail__t9                     1.02323
xc0.xcore.inn__t10                      1.6335
xc0.xcore.outn__t58                        3.3
xc0.xcore.vss__t570                2.14626e-12
xc0.xcore.outn__t36                        3.3
xc0.xcore.inn__t35                      1.6335
xc0.xcore.tail__t83                    1.02323
xc0.xcore.vss__t571                2.16035e-12
xc0.xcore.tail__t24                    1.02323
xc0.xcore.inn__t34                      1.6335
xc0.xcore.outn__t70                        3.3
xc0.xcore.vss__t572                2.17445e-12
xc0.xcore.outn__t35                        3.3
xc0.xcore.inn__t33                      1.6335
xc0.xcore.tail__t82                    1.02323
xc0.xcore.vss__t573                2.18854e-12
xc0.xcore.tail__t23                    1.02323
xc0.xcore.inn__t32                      1.6335
xc0.xcore.outn__t69                        3.3
xc0.xcore.vss__t574                2.20264e-12
xc0.xcore.outn__t34                        3.3
xc0.xcore.inn__t31                      1.6335
xc0.xcore.tail__t81                    1.02323
xc0.xcore.vss__t575                2.21673e-12
xc0.xcore.tail__t22                    1.02323
xc0.xcore.inn__t30                      1.6335
xc0.xcore.outn__t68                        3.3
xc0.xcore.vss__t576                2.23083e-12
xc0.xcore.outn__t33                        3.3
xc0.xcore.inn__t29                      1.6335
xc0.xcore.tail__t80                    1.02323
xc0.xcore.vss__t577                2.24492e-12
xc0.xcore.tail__t21                    1.02323
xc0.xcore.inn__t28                      1.6335
xc0.xcore.outn__t67                        3.3
xc0.xcore.vss__t578                2.25902e-12
xc0.xcore.outn__t32                        3.3
xc0.xcore.inn__t27                      1.6335
xc0.xcore.tail__t79                    1.02323
xc0.xcore.vss__t579                2.27311e-12
xc0.xcore.tail__t20                    1.02323
xc0.xcore.inn__t26                      1.6335
xc0.xcore.outn__t66                        3.3
xc0.xcore.vss__t580                2.28721e-12
xc0.xcore.outn__t37                        3.3
xc0.xcore.inn__t36                      1.6335
xc0.xcore.tail__t84                    1.02323
xc0.xcore.vss__t581                 2.3013e-12
xc0.xcore.tail__t18                    1.02323
xc0.xcore.inn__t25                      1.6335
xc0.xcore.outn__t65                        3.3
xc0.xcore.vss__t582                 2.3154e-12
xc0.xcore.outn__t31                        3.3
xc0.xcore.inn__t24                      1.6335
xc0.xcore.tail__t78                    1.02323
xc0.xcore.vss__t583                 2.3295e-12
xc0.xcore.tail__t17                    1.02323
xc0.xcore.inn__t23                      1.6335
xc0.xcore.outn__t64                        3.3
xc0.xcore.vss__t584                2.34359e-12
xc0.xcore.outn__t30                        3.3
xc0.xcore.inn__t22                      1.6335
xc0.xcore.tail__t77                    1.02323
xc0.xcore.vss__t585                2.35769e-12
xc0.xcore.tail__t2                     1.02323
xc0.xcore.inn__t0                       1.6335
xc0.xcore.outn__t20                        3.3
xc0.xcore.vss__t587                2.37178e-12
xc0.xcore.vss__t210                2.61147e-12
xc0.xcore.outp__t16                    2.80459
xc0.xcore.vss__t211                2.58078e-12
xc0.xcore.outp__t17                    2.80459
xc0.xcore.vss__t212                 2.5501e-12
xc0.xcore.outp__t18                    2.80459
xc0.xcore.vss__t213                2.51946e-12
xc0.xcore.outp__t19                    2.80459
xc0.xcore.vss__t214                2.48884e-12
xc0.xcore.outp__t0                     2.80459
xc0.xcore.vss__t215                2.45825e-12
xc0.xcore.outp__t1                     2.80459
xc0.xcore.vss__t216                2.42769e-12
xc0.xcore.outp__t2                     2.80459
xc0.xcore.vss__t217                2.39716e-12
xc0.xcore.outp__t3                     2.80459
xc0.xcore.vss__t218                2.36666e-12
xc0.xcore.outp__t4                     2.80459
xc0.xcore.vss__t219                2.33619e-12
xc0.xcore.outp__t15                    2.80459
xc0.xcore.vss__t220                2.30575e-12
xc0.xcore.outp__t6                     2.80459
xc0.xcore.vss__t221                2.27535e-12
xc0.xcore.outp__t7                     2.80459
xc0.xcore.vss__t222                2.24499e-12
xc0.xcore.outp__t8                     2.80459
xc0.xcore.vss__t223                2.21466e-12
xc0.xcore.outp__t9                     2.80459
xc0.xcore.vss__t224                2.18437e-12
xc0.xcore.outp__t10                    2.80459
xc0.xcore.vss__t225                2.15412e-12
xc0.xcore.outp__t11                    2.80459
xc0.xcore.vss__t226                2.12392e-12
xc0.xcore.outp__t12                    2.80459
xc0.xcore.vss__t227                2.09376e-12
xc0.xcore.outp__t13                    2.80459
xc0.xcore.vss__t228                2.06365e-12
xc0.xcore.outp__t14                    2.80459
xc0.xcore.vss__t229                2.03358e-12
xc0.xcore.outp__t5                     2.80459
xc0.xcore.vss__t230                2.18457e-12
xc0.xcore.outn__t0                         3.3
xc0.xcore.vss__t231                2.21955e-12
xc0.xcore.outn__t5                         3.3
xc0.xcore.vss__t232                 2.2546e-12
xc0.xcore.outn__t6                         3.3
xc0.xcore.vss__t233                2.28973e-12
xc0.xcore.outn__t7                         3.3
xc0.xcore.vss__t234                2.32492e-12
xc0.xcore.outn__t8                         3.3
xc0.xcore.vss__t235                2.36018e-12
xc0.xcore.outn__t9                         3.3
xc0.xcore.vss__t236                 2.3955e-12
xc0.xcore.outn__t10                        3.3
xc0.xcore.vss__t237                2.43089e-12
xc0.xcore.outn__t11                        3.3
xc0.xcore.vss__t238                2.46632e-12
xc0.xcore.outn__t12                        3.3
xc0.xcore.vss__t239                2.50181e-12
xc0.xcore.outn__t13                        3.3
xc0.xcore.vss__t240                2.53736e-12
xc0.xcore.outn__t14                        3.3
xc0.xcore.vss__t241                2.57295e-12
xc0.xcore.outn__t15                        3.3
xc0.xcore.vss__t242                2.60859e-12
xc0.xcore.outn__t16                        3.3
xc0.xcore.vss__t243                2.64428e-12
xc0.xcore.outn__t17                        3.3
xc0.xcore.vss__t244                2.68001e-12
xc0.xcore.outn__t19                        3.3
xc0.xcore.vss__t245                2.71579e-12
xc0.xcore.outn__t18                        3.3
xc0.xcore.vss__t246                 2.7516e-12
xc0.xcore.outn__t1                         3.3
xc0.xcore.vss__t247                2.78746e-12
xc0.xcore.outn__t2                         3.3
xc0.xcore.vss__t248                2.82335e-12
xc0.xcore.outn__t3                         3.3
xc0.xcore.vss__t249                2.85928e-12
xc0.xcore.outn__t4                         3.3
ib_c0                                  1.22494
xc0.xcore.vsubs                              0
outn_c0                                    3.3
outp_c0                                2.80459
xc0.tail                               1.02323
vd_c0                                 0.495405
xc1.xcore.tail__t186                   1.02322
xc1.xcore.ibias__t118                  1.22494
xc1.xcore.vss__t163                5.24929e-06
xc1.xcore.vss__t349                 1.0842e-13
xc1.xcore.vss__t60                 5.05613e-06
xc1.xcore.ibias__t117                  1.22494
xc1.xcore.tail__t286                   1.02322
xc1.xcore.vss__t350                 1.0443e-13
xc1.xcore.tail__t197                   1.02322
xc1.xcore.ibias__t140                  1.22494
xc1.xcore.vss__t174                4.86337e-06
xc1.xcore.vss__t351                1.00449e-13
xc1.xcore.vss__t68                 4.67106e-06
xc1.xcore.ibias__t133                  1.22494
xc1.xcore.tail__t294                   1.02322
xc1.xcore.vss__t352                9.64765e-14
xc1.xcore.tail__t193                   1.02322
xc1.xcore.ibias__t132                  1.22494
xc1.xcore.vss__t170                4.47926e-06
xc1.xcore.vss__t353                 9.2515e-14
xc1.xcore.vss__t67                 4.28804e-06
xc1.xcore.ibias__t131                  1.22494
xc1.xcore.tail__t293                   1.02322
xc1.xcore.vss__t354                8.85654e-14
xc1.xcore.tail__t192                   1.02322
xc1.xcore.ibias__t130                  1.22494
xc1.xcore.vss__t169                4.09748e-06
xc1.xcore.vss__t355                8.46295e-14
xc1.xcore.vss__t74                 3.90767e-06
xc1.xcore.ibias__t145                  1.22494
xc1.xcore.tail__t300                   1.02322
xc1.xcore.vss__t356                8.07092e-14
xc1.xcore.tail__t191                   1.02322
xc1.xcore.ibias__t128                  1.22494
xc1.xcore.vss__t168                3.71875e-06
xc1.xcore.vss__t357                 7.6807e-14
xc1.xcore.vss__t65                 3.53083e-06
xc1.xcore.ibias__t127                  1.22494
xc1.xcore.tail__t291                   1.02322
xc1.xcore.vss__t358                7.29258e-14
xc1.xcore.tail__t190                   1.02322
xc1.xcore.ibias__t126                  1.22494
xc1.xcore.vss__t167                 3.3441e-06
xc1.xcore.vss__t359                 6.9069e-14
xc1.xcore.vss__t64                 3.15877e-06
xc1.xcore.ibias__t125                  1.22494
xc1.xcore.tail__t290                   1.02322
xc1.xcore.vss__t360                6.52411e-14
xc1.xcore.tail__t189                   1.02322
xc1.xcore.ibias__t124                  1.22494
xc1.xcore.vss__t166                2.97509e-06
xc1.xcore.vss__t361                6.14473e-14
xc1.xcore.vss__t63                  2.7934e-06
xc1.xcore.ibias__t123                  1.22494
xc1.xcore.tail__t289                   1.02322
xc1.xcore.vss__t362                5.76946e-14
xc1.xcore.tail__t188                   1.02322
xc1.xcore.ibias__t122                  1.22494
xc1.xcore.vss__t165                 2.6141e-06
xc1.xcore.vss__t363                5.39913e-14
xc1.xcore.vss__t62                 2.43772e-06
xc1.xcore.ibias__t121                  1.22494
xc1.xcore.tail__t288                   1.02322
xc1.xcore.vss__t364                5.03484e-14
xc1.xcore.tail__t187                   1.02322
xc1.xcore.ibias__t120                  1.22494
xc1.xcore.vss__t164                2.26496e-06
xc1.xcore.vss__t365                4.67801e-14
xc1.xcore.vss__t26                  2.0967e-06
xc1.xcore.ibias__t0                    1.22494
xc1.xcore.tail__t252                   1.02322
xc1.xcore.vss__t366                4.33048e-14
xc1.xcore.tail__t175                   1.02322
xc1.xcore.ibias__t97                   1.22494
xc1.xcore.vss__t152                1.93411e-06
xc1.xcore.vss__t367                3.99468e-14
xc1.xcore.vss__t42                 1.77876e-06
xc1.xcore.ibias__t78                   1.22494
xc1.xcore.tail__t268                   1.02322
xc1.xcore.vss__t368                3.67381e-14
xc1.xcore.tail__t164                   1.02322
xc1.xcore.ibias__t77                   1.22494
xc1.xcore.vss__t141                1.63271e-06
xc1.xcore.vss__t369                3.37216e-14
xc1.xcore.vss__t37                 1.49868e-06
xc1.xcore.ibias__t70                   1.22494
xc1.xcore.tail__t263                   1.02322
xc1.xcore.vss__t370                3.09534e-14
xc1.xcore.tail__t167                   1.02322
xc1.xcore.ibias__t82                   1.22494
xc1.xcore.vss__t144                1.38018e-06
xc1.xcore.vss__t371                2.85059e-14
xc1.xcore.vss__t39                 1.28153e-06
xc1.xcore.ibias__t72                   1.22494
xc1.xcore.tail__t265                   1.02323
xc1.xcore.vss__t372                2.64683e-14
xc1.xcore.tail__t162                   1.02323
xc1.xcore.ibias__t73                   1.22494
xc1.xcore.vss__t139                1.20759e-06
xc1.xcore.vss__t373                2.49413e-14
xc1.xcore.vss__t40                  1.1631e-06
xc1.xcore.ibias__t74                   1.22494
xc1.xcore.tail__t266                   1.02323
xc1.xcore.vss__t374                2.40224e-14
xc1.xcore.tail__t163                   1.02323
xc1.xcore.ibias__t75                   1.22494
xc1.xcore.vss__t140                1.15147e-06
xc1.xcore.vss__t375                2.37821e-14
xc1.xcore.vss__t41                 1.17367e-06
xc1.xcore.ibias__t76                   1.22494
xc1.xcore.tail__t267                   1.02323
xc1.xcore.vss__t376                2.42408e-14
xc1.xcore.tail__t129                   1.02323
xc1.xcore.ibias__t9                    1.22494
xc1.xcore.vss__t107                1.22788e-06
xc1.xcore.vss__t377                2.53604e-14
xc1.xcore.vss__t6                  1.31013e-06
xc1.xcore.ibias__t8                    1.22494
xc1.xcore.tail__t232                   1.02323
xc1.xcore.vss__t378                2.70592e-14
xc1.xcore.tail__t128                   1.02323
xc1.xcore.ibias__t7                    1.22494
xc1.xcore.vss__t106                1.41553e-06
xc1.xcore.vss__t379                2.92362e-14
xc1.xcore.vss__t5                  1.53935e-06
xc1.xcore.ibias__t6                    1.22494
xc1.xcore.tail__t231                   1.02323
xc1.xcore.vss__t380                3.17934e-14
xc1.xcore.tail__t141                   1.02323
xc1.xcore.ibias__t31                   1.22494
xc1.xcore.vss__t119                 1.6775e-06
xc1.xcore.vss__t381                3.46468e-14
xc1.xcore.vss__t4                  1.82673e-06
xc1.xcore.ibias__t5                    1.22494
xc1.xcore.tail__t230                   1.02323
xc1.xcore.vss__t382                3.77291e-14
xc1.xcore.tail__t158                   1.02323
xc1.xcore.ibias__t62                   1.22494
xc1.xcore.vss__t135                1.98456e-06
xc1.xcore.vss__t383                4.09889e-14
xc1.xcore.vss__t33                 2.14908e-06
xc1.xcore.ibias__t63                   1.22494
xc1.xcore.tail__t259                   1.02323
xc1.xcore.vss__t384                4.43869e-14
xc1.xcore.tail__t159                   1.02323
xc1.xcore.ibias__t64                   1.22494
xc1.xcore.vss__t136                2.31887e-06
xc1.xcore.vss__t385                4.78938e-14
xc1.xcore.vss__t34                 2.49285e-06
xc1.xcore.ibias__t65                   1.22494
xc1.xcore.tail__t260                   1.02323
xc1.xcore.vss__t386                5.14874e-14
xc1.xcore.tail__t160                   1.02323
xc1.xcore.ibias__t66                   1.22494
xc1.xcore.vss__t137                2.67021e-06
xc1.xcore.vss__t387                5.51506e-14
xc1.xcore.vss__t35                 2.85031e-06
xc1.xcore.ibias__t67                   1.22494
xc1.xcore.tail__t261                   1.02323
xc1.xcore.vss__t388                5.88706e-14
xc1.xcore.tail__t161                   1.02323
xc1.xcore.ibias__t68                   1.22494
xc1.xcore.vss__t138                3.03267e-06
xc1.xcore.vss__t389                6.26372e-14
xc1.xcore.vss__t36                  3.2169e-06
xc1.xcore.ibias__t69                   1.22494
xc1.xcore.tail__t262                   1.02323
xc1.xcore.vss__t390                6.64424e-14
xc1.xcore.tail__t130                   1.02323
xc1.xcore.ibias__t10                   1.22494
xc1.xcore.vss__t108                 3.4027e-06
xc1.xcore.vss__t391                  7.028e-14
xc1.xcore.vss__t13                 3.58982e-06
xc1.xcore.ibias__t23                   1.22494
xc1.xcore.tail__t239                   1.02323
xc1.xcore.vss__t392                 7.4145e-14
xc1.xcore.tail__t137                   1.02323
xc1.xcore.ibias__t24                   1.22494
xc1.xcore.vss__t115                3.77807e-06
xc1.xcore.vss__t393                7.80333e-14
xc1.xcore.vss__t14                 3.96729e-06
xc1.xcore.ibias__t25                   1.22494
xc1.xcore.tail__t240                   1.02323
xc1.xcore.vss__t394                8.19415e-14
xc1.xcore.tail__t138                   1.02323
xc1.xcore.ibias__t26                   1.22494
xc1.xcore.vss__t116                4.15734e-06
xc1.xcore.vss__t395                8.58671e-14
xc1.xcore.vss__t15                 4.34812e-06
xc1.xcore.ibias__t27                   1.22494
xc1.xcore.tail__t241                   1.02323
xc1.xcore.vss__t396                8.98076e-14
xc1.xcore.tail__t139                   1.02323
xc1.xcore.ibias__t28                   1.22494
xc1.xcore.vss__t117                4.53953e-06
xc1.xcore.vss__t397                9.37612e-14
xc1.xcore.vss__t16                  4.7315e-06
xc1.xcore.ibias__t29                   1.22494
xc1.xcore.tail__t242                   1.02323
xc1.xcore.vss__t398                9.77263e-14
xc1.xcore.tail__t140                   1.02323
xc1.xcore.ibias__t30                   1.22494
xc1.xcore.vss__t118                4.92396e-06
xc1.xcore.vss__t399                1.01702e-13
xc1.xcore.vss__t21                 5.11685e-06
xc1.xcore.ibias__t41                   1.22494
xc1.xcore.tail__t247                   1.02323
xc1.xcore.vss__t400                1.05686e-13
xc1.xcore.tail__t142                   1.02323
xc1.xcore.ibias__t32                   1.22494
xc1.xcore.vss__t120                5.31014e-06
xc1.xcore.vss__t401                1.09678e-13
xc1.xcore.vss__t17                 5.50377e-06
xc1.xcore.ibias__t33                   1.22494
xc1.xcore.tail__t243                   1.02323
xc1.xcore.vss__t402                1.13678e-13
xc1.xcore.tail__t143                   1.02323
xc1.xcore.ibias__t34                   1.22494
xc1.xcore.vss__t121                5.69771e-06
xc1.xcore.vss__t403                1.17684e-13
xc1.xcore.vss__t18                 5.89193e-06
xc1.xcore.ibias__t35                   1.22494
xc1.xcore.tail__t244                   1.02323
xc1.xcore.vss__t404                1.21695e-13
xc1.xcore.tail__t144                   1.02323
xc1.xcore.ibias__t36                   1.22494
xc1.xcore.vss__t122                6.08641e-06
xc1.xcore.vss__t405                1.25712e-13
xc1.xcore.vss__t19                 6.28112e-06
xc1.xcore.ibias__t37                   1.22494
xc1.xcore.tail__t245                   1.02323
xc1.xcore.vss__t406                1.29734e-13
xc1.xcore.tail__t145                   1.02323
xc1.xcore.ibias__t38                   1.22494
xc1.xcore.vss__t123                6.47604e-06
xc1.xcore.vss__t407                 1.3376e-13
xc1.xcore.vss__t20                 6.67115e-06
xc1.xcore.ibias__t39                   1.22494
xc1.xcore.tail__t246                   1.02323
xc1.xcore.vss__t408                 1.3779e-13
xc1.xcore.tail__t146                   1.02323
xc1.xcore.ibias__t40                   1.22494
xc1.xcore.vss__t124                6.86643e-06
xc1.xcore.vss__t409                1.41824e-13
xc1.xcore.vss__t8                  7.06188e-06
xc1.xcore.ibias__t12                   1.22494
xc1.xcore.tail__t234                   1.02323
xc1.xcore.vss__t410                1.45861e-13
xc1.xcore.tail__t135                   1.02323
xc1.xcore.ibias__t21                   1.22494
xc1.xcore.vss__t113                7.25747e-06
xc1.xcore.vss__t411                1.49901e-13
xc1.xcore.vss__t9                   7.4532e-06
xc1.xcore.ibias__t13                   1.22494
xc1.xcore.tail__t235                   1.02323
xc1.xcore.vss__t412                1.53944e-13
xc1.xcore.tail__t131                   1.02323
xc1.xcore.ibias__t14                   1.22494
xc1.xcore.vss__t109                7.64905e-06
xc1.xcore.vss__t413                1.57989e-13
xc1.xcore.vss__t10                 7.84502e-06
xc1.xcore.ibias__t15                   1.22494
xc1.xcore.tail__t236                   1.02323
xc1.xcore.vss__t414                1.62037e-13
xc1.xcore.tail__t134                   1.02323
xc1.xcore.ibias__t20                   1.22494
xc1.xcore.vss__t112                 8.0411e-06
xc1.xcore.vss__t415                1.66087e-13
xc1.xcore.vss__t12                 8.23727e-06
xc1.xcore.ibias__t19                   1.22494
xc1.xcore.tail__t238                   1.02323
xc1.xcore.vss__t416                1.70139e-13
xc1.xcore.tail__t133                   1.02323
xc1.xcore.ibias__t18                   1.22494
xc1.xcore.vss__t111                8.43354e-06
xc1.xcore.vss__t417                1.74194e-13
xc1.xcore.vss__t11                  8.6299e-06
xc1.xcore.ibias__t17                   1.22494
xc1.xcore.tail__t237                   1.02323
xc1.xcore.vss__t418                1.78249e-13
xc1.xcore.tail__t132                   1.02323
xc1.xcore.ibias__t16                   1.22494
xc1.xcore.vss__t110                8.82633e-06
xc1.xcore.vss__t419                1.82307e-13
xc1.xcore.vss__t7                  9.02285e-06
xc1.xcore.ibias__t11                   1.22494
xc1.xcore.tail__t233                   1.02323
xc1.xcore.vss__t420                1.86366e-13
xc1.xcore.tail__t136                   1.02323
xc1.xcore.ibias__t22                   1.22494
xc1.xcore.vss__t114                9.21943e-06
xc1.xcore.vss__t421                1.90427e-13
xc1.xcore.vss__t23                 9.41607e-06
xc1.xcore.ibias__t45                   1.22494
xc1.xcore.tail__t249                   1.02323
xc1.xcore.vss__t422                1.94489e-13
xc1.xcore.tail__t150                   1.02323
xc1.xcore.ibias__t46                   1.22494
xc1.xcore.vss__t127                9.61278e-06
xc1.xcore.vss__t423                1.98552e-13
xc1.xcore.vss__t24                 9.80955e-06
xc1.xcore.ibias__t47                   1.22494
xc1.xcore.tail__t250                   1.02323
xc1.xcore.vss__t424                2.02616e-13
xc1.xcore.tail__t151                   1.02323
xc1.xcore.ibias__t48                   1.22494
xc1.xcore.vss__t128                1.00064e-05
xc1.xcore.vss__t425                2.06682e-13
xc1.xcore.vss__t25                 1.02032e-05
xc1.xcore.ibias__t49                   1.22494
xc1.xcore.tail__t251                   1.02323
xc1.xcore.vss__t426                2.10749e-13
xc1.xcore.tail__t152                   1.02322
xc1.xcore.ibias__t50                   1.22494
xc1.xcore.vss__t129                1.04002e-05
xc1.xcore.vss__t427                2.14816e-13
xc1.xcore.vss__t32                 1.05971e-05
xc1.xcore.ibias__t61                   1.22494
xc1.xcore.tail__t258                   1.02322
xc1.xcore.vss__t428                2.18885e-13
xc1.xcore.tail__t153                   1.02322
xc1.xcore.ibias__t51                   1.22494
xc1.xcore.vss__t130                1.07941e-05
xc1.xcore.vss__t429                2.22954e-13
xc1.xcore.vss__t27                 1.09912e-05
xc1.xcore.ibias__t52                   1.22494
xc1.xcore.tail__t253                   1.02322
xc1.xcore.vss__t430                2.27025e-13
xc1.xcore.tail__t154                   1.02322
xc1.xcore.ibias__t53                   1.22494
xc1.xcore.vss__t131                1.11883e-05
xc1.xcore.vss__t431                2.31096e-13
xc1.xcore.vss__t28                 1.13854e-05
xc1.xcore.ibias__t54                   1.22494
xc1.xcore.tail__t254                   1.02322
xc1.xcore.vss__t432                2.35168e-13
xc1.xcore.tail__t155                   1.02322
xc1.xcore.ibias__t55                   1.22494
xc1.xcore.vss__t132                1.15826e-05
xc1.xcore.vss__t433                2.39241e-13
xc1.xcore.vss__t29                 1.17798e-05
xc1.xcore.ibias__t56                   1.22494
xc1.xcore.tail__t255                   1.02322
xc1.xcore.vss__t434                2.43314e-13
xc1.xcore.tail__t156                   1.02322
xc1.xcore.ibias__t57                   1.22494
xc1.xcore.vss__t133                 1.1977e-05
xc1.xcore.vss__t435                2.47388e-13
xc1.xcore.vss__t30                 1.21743e-05
xc1.xcore.ibias__t58                   1.22494
xc1.xcore.tail__t256                   1.02322
xc1.xcore.vss__t436                2.51463e-13
xc1.xcore.tail__t157                   1.02322
xc1.xcore.ibias__t59                   1.22494
xc1.xcore.vss__t134                1.23715e-05
xc1.xcore.vss__t437                2.55538e-13
xc1.xcore.vss__t31                 1.25689e-05
xc1.xcore.ibias__t60                   1.22494
xc1.xcore.tail__t257                   1.02322
xc1.xcore.vss__t438                2.59614e-13
xc1.xcore.tail__t211                   1.02322
xc1.xcore.ibias__t176                  1.22494
xc1.xcore.vss__t193                1.27662e-05
xc1.xcore.vss__t439                 2.6369e-13
xc1.xcore.vss__t88                 1.29636e-05
xc1.xcore.ibias__t175                  1.22494
xc1.xcore.tail__t311                   1.02322
xc1.xcore.vss__t440                2.67767e-13
xc1.xcore.tail__t165                   1.02322
xc1.xcore.ibias__t79                   1.22494
xc1.xcore.vss__t142                1.31609e-05
xc1.xcore.vss__t441                2.71844e-13
xc1.xcore.vss__t43                 1.33583e-05
xc1.xcore.ibias__t80                   1.22494
xc1.xcore.tail__t269                   1.02322
xc1.xcore.vss__t442                2.75922e-13
xc1.xcore.tail__t166                   1.02322
xc1.xcore.ibias__t81                   1.22494
xc1.xcore.vss__t143                1.35558e-05
xc1.xcore.vss__t443                    2.8e-13
xc1.xcore.vss__t38                 1.37532e-05
xc1.xcore.ibias__t71                   1.22494
xc1.xcore.tail__t264                   1.02322
xc1.xcore.vss__t444                2.84079e-13
xc1.xcore.tail__t147                   1.02322
xc1.xcore.ibias__t42                   1.22494
xc1.xcore.vss__t125                1.39507e-05
xc1.xcore.vss__t445                2.88158e-13
xc1.xcore.vss__t22                 1.41482e-05
xc1.xcore.ibias__t43                   1.22494
xc1.xcore.tail__t248                   1.02322
xc1.xcore.vss__t446                2.92238e-13
xc1.xcore.tail__t148                   1.02322
xc1.xcore.ibias__t44                   1.22494
xc1.xcore.vss__t126                1.43457e-05
xc1.xcore.vss__t447                2.96318e-13
xc1.xcore.vss__t0                  1.45432e-05
xc1.xcore.ibias__t1                    1.22494
xc1.xcore.tail__t149                   1.02322
xc1.xcore.vss__t456                3.00398e-13
xc1.xcore.tail__t229                   1.02319
xc1.xcore.ibias__t2                    1.22494
xc1.xcore.vss__t1                  2.49632e-05
xc1.xcore.vss__t458                5.15651e-13
xc1.xcore.vss__t189                2.47653e-05
xc1.xcore.ibias__t170                  1.22494
xc1.xcore.tail__t228                   1.02319
xc1.xcore.vss__t250                5.11562e-13
xc1.xcore.tail__t209                   1.02319
xc1.xcore.ibias__t169                  1.22494
xc1.xcore.vss__t188                2.45674e-05
xc1.xcore.vss__t251                5.07473e-13
xc1.xcore.vss__t86                 2.43695e-05
xc1.xcore.ibias__t168                  1.22494
xc1.xcore.tail__t309                   1.02319
xc1.xcore.vss__t252                5.03385e-13
xc1.xcore.tail__t208                   1.02319
xc1.xcore.ibias__t167                  1.22494
xc1.xcore.vss__t187                2.41716e-05
xc1.xcore.vss__t253                4.99296e-13
xc1.xcore.vss__t85                 2.39737e-05
xc1.xcore.ibias__t166                  1.22494
xc1.xcore.tail__t308                   1.02319
xc1.xcore.vss__t254                4.95208e-13
xc1.xcore.tail__t207                   1.02319
xc1.xcore.ibias__t165                  1.22494
xc1.xcore.vss__t186                2.37758e-05
xc1.xcore.vss__t255                4.91119e-13
xc1.xcore.vss__t84                 2.35779e-05
xc1.xcore.ibias__t164                  1.22494
xc1.xcore.tail__t307                   1.02319
xc1.xcore.vss__t256                4.87031e-13
xc1.xcore.tail__t210                   1.02319
xc1.xcore.ibias__t173                  1.22494
xc1.xcore.vss__t191                  2.338e-05
xc1.xcore.vss__t257                4.82943e-13
xc1.xcore.vss__t87                 2.31821e-05
xc1.xcore.ibias__t172                  1.22494
xc1.xcore.tail__t310                   1.02319
xc1.xcore.vss__t258                4.78855e-13
xc1.xcore.tail__t219                   1.02319
xc1.xcore.ibias__t195                  1.22494
xc1.xcore.vss__t201                2.29842e-05
xc1.xcore.vss__t259                4.74766e-13
xc1.xcore.vss__t99                 2.27863e-05
xc1.xcore.ibias__t194                  1.22494
xc1.xcore.tail__t321                   1.02319
xc1.xcore.vss__t260                4.70678e-13
xc1.xcore.tail__t227                   1.02319
xc1.xcore.ibias__t209                  1.22494
xc1.xcore.vss__t209                2.25884e-05
xc1.xcore.vss__t261                4.66591e-13
xc1.xcore.vss__t97                 2.23906e-05
xc1.xcore.ibias__t192                  1.22494
xc1.xcore.tail__t319                   1.02319
xc1.xcore.vss__t262                4.62503e-13
xc1.xcore.tail__t218                   1.02319
xc1.xcore.ibias__t191                  1.22494
xc1.xcore.vss__t200                2.21927e-05
xc1.xcore.vss__t263                4.58415e-13
xc1.xcore.vss__t96                 2.19948e-05
xc1.xcore.ibias__t190                  1.22494
xc1.xcore.tail__t318                   1.02319
xc1.xcore.vss__t264                4.54327e-13
xc1.xcore.tail__t217                   1.02319
xc1.xcore.ibias__t189                  1.22494
xc1.xcore.vss__t199                 2.1797e-05
xc1.xcore.vss__t265                 4.5024e-13
xc1.xcore.vss__t95                 2.15991e-05
xc1.xcore.ibias__t188                  1.22494
xc1.xcore.tail__t317                   1.02319
xc1.xcore.vss__t266                4.46152e-13
xc1.xcore.tail__t216                   1.02319
xc1.xcore.ibias__t187                  1.22494
xc1.xcore.vss__t198                2.14013e-05
xc1.xcore.vss__t267                4.42065e-13
xc1.xcore.vss__t94                 2.12034e-05
xc1.xcore.ibias__t186                  1.22494
xc1.xcore.tail__t316                   1.02319
xc1.xcore.vss__t268                4.37978e-13
xc1.xcore.tail__t215                   1.02319
xc1.xcore.ibias__t185                  1.22494
xc1.xcore.vss__t197                2.10056e-05
xc1.xcore.vss__t269                4.33891e-13
xc1.xcore.vss__t93                 2.08077e-05
xc1.xcore.ibias__t184                  1.22494
xc1.xcore.tail__t315                   1.02319
xc1.xcore.vss__t270                4.29804e-13
xc1.xcore.tail__t214                   1.02319
xc1.xcore.ibias__t183                  1.22494
xc1.xcore.vss__t196                2.06099e-05
xc1.xcore.vss__t271                4.25717e-13
xc1.xcore.vss__t92                 2.04121e-05
xc1.xcore.ibias__t182                  1.22494
xc1.xcore.tail__t314                   1.02319
xc1.xcore.vss__t272                 4.2163e-13
xc1.xcore.tail__t213                   1.02319
xc1.xcore.ibias__t181                  1.22494
xc1.xcore.vss__t195                2.02143e-05
xc1.xcore.vss__t273                4.17544e-13
xc1.xcore.vss__t91                 2.00164e-05
xc1.xcore.ibias__t180                  1.22494
xc1.xcore.tail__t313                   1.02319
xc1.xcore.vss__t274                4.13457e-13
xc1.xcore.tail__t212                   1.02319
xc1.xcore.ibias__t179                  1.22494
xc1.xcore.vss__t194                1.98186e-05
xc1.xcore.vss__t275                4.09371e-13
xc1.xcore.vss__t90                 1.96208e-05
xc1.xcore.ibias__t178                  1.22494
xc1.xcore.tail__t312                   1.02319
xc1.xcore.vss__t276                4.05285e-13
xc1.xcore.tail__t206                   1.02319
xc1.xcore.ibias__t161                  1.22494
xc1.xcore.vss__t184                 1.9423e-05
xc1.xcore.vss__t277                4.01199e-13
xc1.xcore.vss__t57                 1.92253e-05
xc1.xcore.ibias__t112                  1.22494
xc1.xcore.tail__t283                   1.02319
xc1.xcore.vss__t278                3.97113e-13
xc1.xcore.tail__t183                   1.02319
xc1.xcore.ibias__t111                  1.22494
xc1.xcore.vss__t160                1.90275e-05
xc1.xcore.vss__t279                3.93027e-13
xc1.xcore.vss__t56                 1.88297e-05
xc1.xcore.ibias__t110                  1.22494
xc1.xcore.tail__t282                    1.0232
xc1.xcore.vss__t280                3.88941e-13
xc1.xcore.tail__t182                    1.0232
xc1.xcore.ibias__t109                  1.22494
xc1.xcore.vss__t159                1.86319e-05
xc1.xcore.vss__t281                3.84856e-13
xc1.xcore.vss__t55                 1.84342e-05
xc1.xcore.ibias__t108                  1.22494
xc1.xcore.tail__t281                    1.0232
xc1.xcore.vss__t282                3.80771e-13
xc1.xcore.tail__t181                    1.0232
xc1.xcore.ibias__t107                  1.22494
xc1.xcore.vss__t158                1.82364e-05
xc1.xcore.vss__t283                3.76685e-13
xc1.xcore.vss__t54                 1.80387e-05
xc1.xcore.ibias__t106                  1.22494
xc1.xcore.tail__t280                    1.0232
xc1.xcore.vss__t284                  3.726e-13
xc1.xcore.tail__t180                    1.0232
xc1.xcore.ibias__t105                  1.22494
xc1.xcore.vss__t157                1.78409e-05
xc1.xcore.vss__t285                3.68516e-13
xc1.xcore.vss__t53                 1.76432e-05
xc1.xcore.ibias__t104                  1.22494
xc1.xcore.tail__t279                    1.0232
xc1.xcore.vss__t286                3.64431e-13
xc1.xcore.tail__t205                    1.0232
xc1.xcore.ibias__t156                  1.22494
xc1.xcore.vss__t182                1.74455e-05
xc1.xcore.vss__t287                3.60347e-13
xc1.xcore.vss__t79                 1.72478e-05
xc1.xcore.ibias__t155                  1.22494
xc1.xcore.tail__t305                    1.0232
xc1.xcore.vss__t288                3.56263e-13
xc1.xcore.tail__t204                    1.0232
xc1.xcore.ibias__t154                  1.22494
xc1.xcore.vss__t181                1.70501e-05
xc1.xcore.vss__t289                3.52179e-13
xc1.xcore.vss__t78                 1.68524e-05
xc1.xcore.ibias__t153                  1.22494
xc1.xcore.tail__t304                    1.0232
xc1.xcore.vss__t290                3.48095e-13
xc1.xcore.tail__t203                    1.0232
xc1.xcore.ibias__t152                  1.22494
xc1.xcore.vss__t180                1.66547e-05
xc1.xcore.vss__t291                3.44011e-13
xc1.xcore.vss__t77                  1.6457e-05
xc1.xcore.ibias__t151                  1.22494
xc1.xcore.tail__t303                    1.0232
xc1.xcore.vss__t292                3.39928e-13
xc1.xcore.tail__t202                    1.0232
xc1.xcore.ibias__t150                  1.22494
xc1.xcore.vss__t179                1.62594e-05
xc1.xcore.vss__t293                3.35845e-13
xc1.xcore.vss__t76                 1.60617e-05
xc1.xcore.ibias__t149                  1.22494
xc1.xcore.tail__t302                    1.0232
xc1.xcore.vss__t294                3.31762e-13
xc1.xcore.tail__t201                    1.0232
xc1.xcore.ibias__t148                  1.22494
xc1.xcore.vss__t178                1.58641e-05
xc1.xcore.vss__t295                 3.2768e-13
xc1.xcore.vss__t75                 1.56665e-05
xc1.xcore.ibias__t147                  1.22494
xc1.xcore.tail__t301                    1.0232
xc1.xcore.vss__t296                3.23597e-13
xc1.xcore.tail__t200                    1.0232
xc1.xcore.ibias__t146                  1.22494
xc1.xcore.vss__t177                1.54689e-05
xc1.xcore.vss__t297                3.19515e-13
xc1.xcore.vss__t98                 1.52713e-05
xc1.xcore.ibias__t193                  1.22494
xc1.xcore.tail__t320                    1.0232
xc1.xcore.vss__t298                3.15434e-13
xc1.xcore.tail__t226                    1.0232
xc1.xcore.ibias__t208                  1.22494
xc1.xcore.vss__t208                1.50737e-05
xc1.xcore.vss__t299                3.11352e-13
xc1.xcore.vss__t105                1.48761e-05
xc1.xcore.ibias__t207                  1.22494
xc1.xcore.tail__t327                    1.0232
xc1.xcore.vss__t300                3.07271e-13
xc1.xcore.tail__t225                    1.0232
xc1.xcore.ibias__t206                  1.22494
xc1.xcore.vss__t207                1.46786e-05
xc1.xcore.vss__t301                 3.0319e-13
xc1.xcore.vss__t104                1.44811e-05
xc1.xcore.ibias__t205                  1.22494
xc1.xcore.tail__t326                    1.0232
xc1.xcore.vss__t302                 2.9911e-13
xc1.xcore.tail__t224                    1.0232
xc1.xcore.ibias__t204                  1.22494
xc1.xcore.vss__t206                1.42835e-05
xc1.xcore.vss__t303                 2.9503e-13
xc1.xcore.vss__t103                 1.4086e-05
xc1.xcore.ibias__t203                  1.22494
xc1.xcore.tail__t325                    1.0232
xc1.xcore.vss__t304                 2.9095e-13
xc1.xcore.tail__t223                    1.0232
xc1.xcore.ibias__t202                  1.22494
xc1.xcore.vss__t205                1.38886e-05
xc1.xcore.vss__t305                2.86871e-13
xc1.xcore.vss__t102                1.36911e-05
xc1.xcore.ibias__t201                  1.22494
xc1.xcore.tail__t324                    1.0232
xc1.xcore.vss__t306                2.82792e-13
xc1.xcore.tail__t222                    1.0232
xc1.xcore.ibias__t200                  1.22494
xc1.xcore.vss__t204                1.34937e-05
xc1.xcore.vss__t307                2.78713e-13
xc1.xcore.vss__t101                1.32962e-05
xc1.xcore.ibias__t199                  1.22494
xc1.xcore.tail__t323                    1.0232
xc1.xcore.vss__t308                2.74635e-13
xc1.xcore.tail__t221                    1.0232
xc1.xcore.ibias__t198                  1.22494
xc1.xcore.vss__t203                1.30988e-05
xc1.xcore.vss__t309                2.70558e-13
xc1.xcore.vss__t100                1.29015e-05
xc1.xcore.ibias__t197                  1.22494
xc1.xcore.tail__t322                    1.0232
xc1.xcore.vss__t310                 2.6648e-13
xc1.xcore.tail__t220                   1.02321
xc1.xcore.ibias__t196                  1.22494
xc1.xcore.vss__t202                1.27041e-05
xc1.xcore.vss__t311                2.62404e-13
xc1.xcore.vss__t80                 1.25068e-05
xc1.xcore.ibias__t157                  1.22494
xc1.xcore.tail__t306                   1.02321
xc1.xcore.vss__t312                2.58328e-13
xc1.xcore.tail__t185                   1.02321
xc1.xcore.ibias__t116                  1.22494
xc1.xcore.vss__t162                1.23095e-05
xc1.xcore.vss__t313                2.54252e-13
xc1.xcore.vss__t59                 1.21122e-05
xc1.xcore.ibias__t115                  1.22494
xc1.xcore.tail__t285                   1.02321
xc1.xcore.vss__t314                2.50177e-13
xc1.xcore.tail__t184                   1.02321
xc1.xcore.ibias__t114                  1.22494
xc1.xcore.vss__t161                1.19149e-05
xc1.xcore.vss__t315                2.46103e-13
xc1.xcore.vss__t71                 1.17177e-05
xc1.xcore.ibias__t139                  1.22494
xc1.xcore.tail__t297                   1.02321
xc1.xcore.vss__t316                2.42029e-13
xc1.xcore.tail__t196                   1.02321
xc1.xcore.ibias__t138                  1.22494
xc1.xcore.vss__t173                1.15205e-05
xc1.xcore.vss__t317                2.37956e-13
xc1.xcore.vss__t70                 1.13234e-05
xc1.xcore.ibias__t137                  1.22494
xc1.xcore.tail__t296                   1.02321
xc1.xcore.vss__t318                2.33883e-13
xc1.xcore.tail__t195                   1.02321
xc1.xcore.ibias__t136                  1.22494
xc1.xcore.vss__t172                1.11263e-05
xc1.xcore.vss__t319                2.29812e-13
xc1.xcore.vss__t69                 1.09292e-05
xc1.xcore.ibias__t135                  1.22494
xc1.xcore.tail__t295                   1.02321
xc1.xcore.vss__t320                2.25741e-13
xc1.xcore.tail__t194                   1.02321
xc1.xcore.ibias__t134                  1.22494
xc1.xcore.vss__t171                1.07322e-05
xc1.xcore.vss__t321                2.21671e-13
xc1.xcore.vss__t61                 1.05352e-05
xc1.xcore.ibias__t119                  1.22494
xc1.xcore.tail__t287                   1.02321
xc1.xcore.vss__t322                2.17602e-13
xc1.xcore.tail__t179                   1.02321
xc1.xcore.ibias__t103                  1.22494
xc1.xcore.vss__t156                1.03382e-05
xc1.xcore.vss__t323                2.13533e-13
xc1.xcore.vss__t48                 1.01413e-05
xc1.xcore.ibias__t92                   1.22494
xc1.xcore.tail__t274                   1.02321
xc1.xcore.vss__t324                2.09466e-13
xc1.xcore.tail__t178                   1.02321
xc1.xcore.ibias__t102                  1.22494
xc1.xcore.vss__t155                9.94445e-06
xc1.xcore.vss__t325                  2.054e-13
xc1.xcore.vss__t52                 9.74764e-06
xc1.xcore.ibias__t101                  1.22494
xc1.xcore.tail__t278                   1.02321
xc1.xcore.vss__t326                2.01335e-13
xc1.xcore.tail__t177                   1.02321
xc1.xcore.ibias__t100                  1.22494
xc1.xcore.vss__t154                9.55089e-06
xc1.xcore.vss__t327                1.97271e-13
xc1.xcore.vss__t51                  9.3542e-06
xc1.xcore.ibias__t99                   1.22494
xc1.xcore.tail__t277                   1.02321
xc1.xcore.vss__t328                1.93208e-13
xc1.xcore.tail__t176                   1.02321
xc1.xcore.ibias__t98                   1.22494
xc1.xcore.vss__t153                9.15758e-06
xc1.xcore.vss__t329                1.89146e-13
xc1.xcore.vss__t58                 8.96102e-06
xc1.xcore.ibias__t113                  1.22494
xc1.xcore.tail__t284                   1.02321
xc1.xcore.vss__t330                1.85086e-13
xc1.xcore.tail__t174                   1.02321
xc1.xcore.ibias__t96                   1.22494
xc1.xcore.vss__t151                8.76453e-06
xc1.xcore.vss__t331                1.81028e-13
xc1.xcore.vss__t50                 8.56812e-06
xc1.xcore.ibias__t95                   1.22494
xc1.xcore.tail__t276                   1.02321
xc1.xcore.vss__t332                1.76971e-13
xc1.xcore.tail__t173                   1.02321
xc1.xcore.ibias__t94                   1.22494
xc1.xcore.vss__t150                8.37179e-06
xc1.xcore.vss__t333                1.72915e-13
xc1.xcore.vss__t49                 8.17555e-06
xc1.xcore.ibias__t93                   1.22494
xc1.xcore.tail__t275                   1.02321
xc1.xcore.vss__t334                1.68862e-13
xc1.xcore.tail__t172                   1.02321
xc1.xcore.ibias__t91                   1.22494
xc1.xcore.vss__t149                 7.9794e-06
xc1.xcore.vss__t335                1.64811e-13
xc1.xcore.vss__t47                 7.78336e-06
xc1.xcore.ibias__t90                   1.22494
xc1.xcore.tail__t273                   1.02321
xc1.xcore.vss__t336                1.60761e-13
xc1.xcore.tail__t171                   1.02321
xc1.xcore.ibias__t89                   1.22494
xc1.xcore.vss__t148                7.58743e-06
xc1.xcore.vss__t337                1.56714e-13
xc1.xcore.vss__t46                 7.39161e-06
xc1.xcore.ibias__t88                   1.22494
xc1.xcore.tail__t272                   1.02321
xc1.xcore.vss__t338                 1.5267e-13
xc1.xcore.tail__t170                   1.02321
xc1.xcore.ibias__t87                   1.22494
xc1.xcore.vss__t147                7.19593e-06
xc1.xcore.vss__t339                1.48628e-13
xc1.xcore.vss__t45                 7.00038e-06
xc1.xcore.ibias__t86                   1.22494
xc1.xcore.tail__t271                   1.02321
xc1.xcore.vss__t340                1.44589e-13
xc1.xcore.tail__t169                   1.02322
xc1.xcore.ibias__t85                   1.22494
xc1.xcore.vss__t146                6.80498e-06
xc1.xcore.vss__t341                1.40553e-13
xc1.xcore.vss__t44                 6.60975e-06
xc1.xcore.ibias__t84                   1.22494
xc1.xcore.tail__t270                   1.02322
xc1.xcore.vss__t342                 1.3652e-13
xc1.xcore.tail__t168                   1.02322
xc1.xcore.ibias__t83                   1.22494
xc1.xcore.vss__t145                 6.4147e-06
xc1.xcore.vss__t343                1.32491e-13
xc1.xcore.vss__t66                 6.21985e-06
xc1.xcore.ibias__t129                  1.22494
xc1.xcore.tail__t292                   1.02322
xc1.xcore.vss__t344                1.28467e-13
xc1.xcore.tail__t199                   1.02322
xc1.xcore.ibias__t144                  1.22494
xc1.xcore.vss__t176                6.02521e-06
xc1.xcore.vss__t345                1.24446e-13
xc1.xcore.vss__t73                 5.83081e-06
xc1.xcore.ibias__t143                  1.22494
xc1.xcore.tail__t299                   1.02322
xc1.xcore.vss__t346                1.20431e-13
xc1.xcore.tail__t198                   1.02322
xc1.xcore.ibias__t142                  1.22494
xc1.xcore.vss__t175                5.63667e-06
xc1.xcore.vss__t347                1.16421e-13
xc1.xcore.vss__t72                 5.44282e-06
xc1.xcore.ibias__t141                  1.22494
xc1.xcore.tail__t298                   1.02322
xc1.xcore.vss__t348                1.12417e-13
xc1.xcore.outp__t53                    2.80449
xc1.xcore.inp__t1                       2.5245
xc1.xcore.tail__t0                     1.02329
xc1.xcore.vss__t460                1.24418e-10
xc1.xcore.tail__t119                   1.02329
xc1.xcore.inp__t53                      2.5245
xc1.xcore.outp__t52                    2.80448
xc1.xcore.vss__t462                1.25594e-10
xc1.xcore.outp__t46                    2.80448
xc1.xcore.inp__t52                      2.5245
xc1.xcore.tail__t118                   1.02329
xc1.xcore.vss__t463                1.26769e-10
xc1.xcore.tail__t58                    1.02329
xc1.xcore.inp__t61                      2.5245
xc1.xcore.outp__t82                    2.80448
xc1.xcore.vss__t464                1.27944e-10
xc1.xcore.outp__t30                    2.80448
xc1.xcore.inp__t24                      2.5245
xc1.xcore.tail__t98                    1.02329
xc1.xcore.vss__t465                1.29119e-10
xc1.xcore.tail__t38                    1.02329
xc1.xcore.inp__t23                      2.5245
xc1.xcore.outp__t64                    2.80448
xc1.xcore.vss__t466                1.30294e-10
xc1.xcore.outp__t29                    2.80448
xc1.xcore.inp__t22                      2.5245
xc1.xcore.tail__t97                    1.02329
xc1.xcore.vss__t467                 1.3147e-10
xc1.xcore.tail__t37                     1.0233
xc1.xcore.inp__t21                      2.5245
xc1.xcore.outp__t63                    2.80448
xc1.xcore.vss__t468                1.32645e-10
xc1.xcore.outp__t28                    2.80447
xc1.xcore.inp__t20                      2.5245
xc1.xcore.tail__t96                     1.0233
xc1.xcore.vss__t469                 1.3382e-10
xc1.xcore.tail__t36                     1.0233
xc1.xcore.inp__t19                      2.5245
xc1.xcore.outp__t62                    2.80447
xc1.xcore.vss__t470                1.34995e-10
xc1.xcore.outp__t27                    2.80447
xc1.xcore.inp__t18                      2.5245
xc1.xcore.tail__t95                     1.0233
xc1.xcore.vss__t471                 1.3617e-10
xc1.xcore.tail__t35                     1.0233
xc1.xcore.inp__t17                      2.5245
xc1.xcore.outp__t61                    2.80447
xc1.xcore.vss__t472                1.37345e-10
xc1.xcore.outp__t26                    2.80447
xc1.xcore.inp__t16                      2.5245
xc1.xcore.tail__t94                     1.0233
xc1.xcore.vss__t473                 1.3852e-10
xc1.xcore.tail__t33                     1.0233
xc1.xcore.inp__t15                      2.5245
xc1.xcore.outp__t60                    2.80447
xc1.xcore.vss__t474                1.39695e-10
xc1.xcore.outp__t47                    2.80446
xc1.xcore.inp__t54                      2.5245
xc1.xcore.tail__t120                    1.0233
xc1.xcore.vss__t475                 1.4087e-10
xc1.xcore.tail__t54                     1.0233
xc1.xcore.inp__t55                      2.5245
xc1.xcore.outp__t78                    2.80446
xc1.xcore.vss__t476                1.42046e-10
xc1.xcore.outp__t51                    2.80446
xc1.xcore.inp__t63                      2.5245
xc1.xcore.tail__t126                    1.0233
xc1.xcore.vss__t477                1.43221e-10
xc1.xcore.tail__t57                     1.0233
xc1.xcore.inp__t60                      2.5245
xc1.xcore.outp__t81                    2.80446
xc1.xcore.vss__t478                1.44396e-10
xc1.xcore.outp__t49                    2.80446
xc1.xcore.inp__t59                      2.5245
xc1.xcore.tail__t122                    1.0233
xc1.xcore.vss__t479                1.45571e-10
xc1.xcore.tail__t56                     1.0233
xc1.xcore.inp__t58                      2.5245
xc1.xcore.outp__t80                    2.80446
xc1.xcore.vss__t480                1.46746e-10
xc1.xcore.outp__t48                    2.80445
xc1.xcore.inp__t57                      2.5245
xc1.xcore.tail__t121                   1.02331
xc1.xcore.vss__t481                 1.4792e-10
xc1.xcore.tail__t55                    1.02331
xc1.xcore.inp__t56                      2.5245
xc1.xcore.outp__t79                    2.80445
xc1.xcore.vss__t482                1.49095e-10
xc1.xcore.outp__t24                    2.80445
xc1.xcore.inp__t11                      2.5245
xc1.xcore.tail__t92                    1.02331
xc1.xcore.vss__t483                 1.5027e-10
xc1.xcore.tail__t30                    1.02331
xc1.xcore.inp__t10                      2.5245
xc1.xcore.outp__t57                    2.80445
xc1.xcore.vss__t484                1.51445e-10
xc1.xcore.outp__t23                    2.80445
xc1.xcore.inp__t9                       2.5245
xc1.xcore.tail__t88                    1.02331
xc1.xcore.vss__t485                 1.5262e-10
xc1.xcore.tail__t32                    1.02331
xc1.xcore.inp__t14                      2.5245
xc1.xcore.outp__t59                    2.80445
xc1.xcore.vss__t486                1.53795e-10
xc1.xcore.outp__t25                    2.80445
xc1.xcore.inp__t13                      2.5245
xc1.xcore.tail__t93                    1.02331
xc1.xcore.vss__t487                 1.5497e-10
xc1.xcore.tail__t60                    1.02331
xc1.xcore.inp__t0                       2.5245
xc1.xcore.outp__t83                    2.80444
xc1.xcore.vss__t488                1.56144e-10
xc1.xcore.outp__t50                    2.80444
xc1.xcore.inp__t62                      2.5245
xc1.xcore.tail__t123                   1.02331
xc1.xcore.vss__t489                1.57319e-10
xc1.xcore.tail__t42                    1.02331
xc1.xcore.inp__t29                      2.5245
xc1.xcore.outp__t67                    2.80444
xc1.xcore.vss__t490                1.58494e-10
xc1.xcore.outp__t32                    2.80444
xc1.xcore.inp__t28                      2.5245
xc1.xcore.tail__t102                   1.02331
xc1.xcore.vss__t491                1.59668e-10
xc1.xcore.tail__t41                    1.02331
xc1.xcore.inp__t27                      2.5245
xc1.xcore.outp__t66                    2.80444
xc1.xcore.vss__t492                1.60843e-10
xc1.xcore.outp__t31                    2.80444
xc1.xcore.inp__t26                      2.5245
xc1.xcore.tail__t101                   1.02331
xc1.xcore.vss__t493                1.62018e-10
xc1.xcore.tail__t40                    1.02332
xc1.xcore.inp__t25                      2.5245
xc1.xcore.outp__t65                    2.80443
xc1.xcore.vss__t494                1.63192e-10
xc1.xcore.outp__t20                    2.80443
xc1.xcore.inp__t4                       2.5245
xc1.xcore.tail__t74                    1.02332
xc1.xcore.vss__t495                1.64367e-10
xc1.xcore.tail__t14                    1.02332
xc1.xcore.inp__t3                       2.5245
xc1.xcore.outp__t54                    2.80443
xc1.xcore.vss__t496                1.65541e-10
xc1.xcore.outp__t22                    2.80443
xc1.xcore.inp__t7                       2.5245
xc1.xcore.tail__t76                    1.02332
xc1.xcore.vss__t497                1.66716e-10
xc1.xcore.tail__t16                    1.02332
xc1.xcore.inp__t6                       2.5245
xc1.xcore.outp__t55                    2.80443
xc1.xcore.vss__t498                 1.6789e-10
xc1.xcore.outp__t21                    2.80443
xc1.xcore.inp__t5                       2.5245
xc1.xcore.tail__t75                    1.02332
xc1.xcore.vss__t499                1.69065e-10
xc1.xcore.tail__t19                    1.02332
xc1.xcore.inp__t8                       2.5245
xc1.xcore.outp__t56                    2.80442
xc1.xcore.vss__t500                1.70239e-10
xc1.xcore.outp__t45                    2.80442
xc1.xcore.inp__t50                      2.5245
xc1.xcore.tail__t116                   1.02332
xc1.xcore.vss__t501                1.71413e-10
xc1.xcore.tail__t51                    1.02332
xc1.xcore.inp__t49                      2.5245
xc1.xcore.outp__t76                    2.80442
xc1.xcore.vss__t502                1.72588e-10
xc1.xcore.outp__t44                    2.80442
xc1.xcore.inp__t48                      2.5245
xc1.xcore.tail__t115                   1.02332
xc1.xcore.vss__t503                1.73762e-10
xc1.xcore.tail__t50                    1.02332
xc1.xcore.inp__t47                      2.5245
xc1.xcore.outp__t75                    2.80442
xc1.xcore.vss__t504                1.74936e-10
xc1.xcore.outp__t43                    2.80442
xc1.xcore.inp__t46                      2.5245
xc1.xcore.tail__t114                   1.02332
xc1.xcore.vss__t505                 1.7611e-10
xc1.xcore.tail__t49                    1.02332
xc1.xcore.inp__t45                      2.5245
xc1.xcore.outp__t74                    2.80442
xc1.xcore.vss__t506                1.77284e-10
xc1.xcore.outp__t42                    2.80441
xc1.xcore.inp__t44                      2.5245
xc1.xcore.tail__t113                   1.02333
xc1.xcore.vss__t507                1.78459e-10
xc1.xcore.tail__t48                    1.02333
xc1.xcore.inp__t43                      2.5245
xc1.xcore.outp__t73                    2.80441
xc1.xcore.vss__t508                1.79633e-10
xc1.xcore.outp__t41                    2.80441
xc1.xcore.inp__t42                      2.5245
xc1.xcore.tail__t112                   1.02333
xc1.xcore.vss__t509                1.80807e-10
xc1.xcore.tail__t47                    1.02333
xc1.xcore.inp__t41                      2.5245
xc1.xcore.outp__t72                    2.80441
xc1.xcore.vss__t510                1.81981e-10
xc1.xcore.outp__t40                    2.80441
xc1.xcore.inp__t40                      2.5245
xc1.xcore.tail__t111                   1.02333
xc1.xcore.vss__t511                1.83155e-10
xc1.xcore.tail__t46                    1.02333
xc1.xcore.inp__t39                      2.5245
xc1.xcore.outp__t71                    2.80441
xc1.xcore.vss__t512                1.84329e-10
xc1.xcore.outp__t39                     2.8044
xc1.xcore.inp__t38                      2.5245
xc1.xcore.tail__t110                   1.02333
xc1.xcore.vss__t513                1.85502e-10
xc1.xcore.tail__t53                    1.02333
xc1.xcore.inp__t51                      2.5245
xc1.xcore.outp__t77                     2.8044
xc1.xcore.vss__t514                1.86676e-10
xc1.xcore.outp__t38                     2.8044
xc1.xcore.inp__t37                      2.5245
xc1.xcore.tail__t108                   1.02333
xc1.xcore.vss__t515                 1.8785e-10
xc1.xcore.tail__t45                    1.02333
xc1.xcore.inp__t36                      2.5245
xc1.xcore.outp__t70                     2.8044
xc1.xcore.vss__t516                1.89024e-10
xc1.xcore.outp__t37                     2.8044
xc1.xcore.inp__t35                      2.5245
xc1.xcore.tail__t107                   1.02333
xc1.xcore.vss__t517                1.90198e-10
xc1.xcore.tail__t44                    1.02333
xc1.xcore.inp__t34                      2.5245
xc1.xcore.outp__t69                     2.8044
xc1.xcore.vss__t518                1.91371e-10
xc1.xcore.outp__t36                    2.80439
xc1.xcore.inp__t33                      2.5245
xc1.xcore.tail__t106                   1.02333
xc1.xcore.vss__t519                1.92545e-10
xc1.xcore.tail__t31                    1.02334
xc1.xcore.inp__t12                      2.5245
xc1.xcore.outp__t58                    2.80439
xc1.xcore.vss__t520                1.93718e-10
xc1.xcore.outp__t35                    2.80439
xc1.xcore.inp__t32                      2.5245
xc1.xcore.tail__t104                   1.02334
xc1.xcore.vss__t521                1.94892e-10
xc1.xcore.tail__t43                    1.02334
xc1.xcore.inp__t31                      2.5245
xc1.xcore.outp__t68                    2.80439
xc1.xcore.vss__t522                1.96066e-10
xc1.xcore.outp__t33                    2.80439
xc1.xcore.inp__t30                      2.5245
xc1.xcore.tail__t103                   1.02334
xc1.xcore.vss__t523                1.97239e-10
xc1.xcore.tail__t1                     1.02334
xc1.xcore.inp__t2                       2.5245
xc1.xcore.outp__t34                    2.80439
xc1.xcore.vss__t586                1.98412e-10
xc1.xcore.ibias__t215                  1.22221
xc1.xcore.ibias__t3                    1.22494
xc1.xcore.vss__t2                  2.51857e-05
xc1.xcore.vss__t459                6.27062e-13
xc1.xcore.vss__t81                 2.49859e-05
xc1.xcore.ibias__t158                  1.22494
xc1.xcore.ibias__t216                  1.22224
xc1.xcore.vss__t448                6.22109e-13
xc1.xcore.ibias__t213                  1.22227
xc1.xcore.ibias__t171                  1.22494
xc1.xcore.vss__t190                2.47861e-05
xc1.xcore.vss__t449                6.17155e-13
xc1.xcore.vss__t83                 2.45863e-05
xc1.xcore.ibias__t163                  1.22494
xc1.xcore.ibias__t218                   1.2223
xc1.xcore.vss__t450                6.12202e-13
xc1.xcore.ibias__t212                  1.22233
xc1.xcore.ibias__t162                  1.22494
xc1.xcore.vss__t185                2.43865e-05
xc1.xcore.vss__t451                6.07248e-13
xc1.xcore.vss__t89                 2.41867e-05
xc1.xcore.ibias__t177                  1.22494
xc1.xcore.ibias__t219                  1.22236
xc1.xcore.vss__t452                6.02293e-13
xc1.xcore.ibias__t211                  1.22239
xc1.xcore.ibias__t160                  1.22494
xc1.xcore.vss__t183                2.39868e-05
xc1.xcore.vss__t453                5.97339e-13
xc1.xcore.vss__t82                  2.3787e-05
xc1.xcore.ibias__t159                  1.22494
xc1.xcore.ibias__t217                  1.22242
xc1.xcore.vss__t454                5.92384e-13
xc1.xcore.ibias__t214                  1.22245
xc1.xcore.ibias__t174                  1.22494
xc1.xcore.vss__t192                2.35872e-05
xc1.xcore.vss__t455                5.87429e-13
xc1.xcore.vss__t3                  2.33874e-05
xc1.xcore.ibias__t4                    1.22494
xc1.xcore.ibias__t210                  1.22248
xc1.xcore.vss__t457                5.82473e-13
xc1.xcore.outn__t52                        3.3
xc1.xcore.inn__t1                       1.6335
xc1.xcore.tail__t3                     1.02323
xc1.xcore.vss__t461                1.48404e-12
xc1.xcore.tail__t62                    1.02323
xc1.xcore.inn__t58                      1.6335
xc1.xcore.outn__t81                        3.3
xc1.xcore.vss__t524                1.49812e-12
xc1.xcore.outn__t49                        3.3
xc1.xcore.inn__t59                      1.6335
xc1.xcore.tail__t124                   1.02323
xc1.xcore.vss__t525                1.51221e-12
xc1.xcore.tail__t63                    1.02323
xc1.xcore.inn__t60                      1.6335
xc1.xcore.outn__t82                        3.3
xc1.xcore.vss__t526                1.52629e-12
xc1.xcore.outn__t50                        3.3
xc1.xcore.inn__t61                      1.6335
xc1.xcore.tail__t125                   1.02323
xc1.xcore.vss__t527                1.54038e-12
xc1.xcore.tail__t64                    1.02323
xc1.xcore.inn__t62                      1.6335
xc1.xcore.outn__t83                        3.3
xc1.xcore.vss__t528                1.55446e-12
xc1.xcore.outn__t46                        3.3
xc1.xcore.inn__t52                      1.6335
xc1.xcore.tail__t105                   1.02323
xc1.xcore.vss__t529                1.56855e-12
xc1.xcore.tail__t15                    1.02323
xc1.xcore.inn__t21                      1.6335
xc1.xcore.outn__t63                        3.3
xc1.xcore.vss__t530                1.58263e-12
xc1.xcore.outn__t45                        3.3
xc1.xcore.inn__t51                      1.6335
xc1.xcore.tail__t100                   1.02323
xc1.xcore.vss__t531                1.59672e-12
xc1.xcore.tail__t34                    1.02323
xc1.xcore.inn__t48                      1.6335
xc1.xcore.outn__t76                        3.3
xc1.xcore.vss__t532                 1.6108e-12
xc1.xcore.outn__t44                        3.3
xc1.xcore.inn__t50                      1.6335
xc1.xcore.tail__t99                    1.02323
xc1.xcore.vss__t533                1.62489e-12
xc1.xcore.tail__t61                    1.02323
xc1.xcore.inn__t57                      1.6335
xc1.xcore.outn__t80                        3.3
xc1.xcore.vss__t534                1.63898e-12
xc1.xcore.outn__t40                        3.3
xc1.xcore.inn__t42                      1.6335
xc1.xcore.tail__t87                    1.02323
xc1.xcore.vss__t535                1.65306e-12
xc1.xcore.tail__t27                    1.02323
xc1.xcore.inn__t41                      1.6335
xc1.xcore.outn__t73                        3.3
xc1.xcore.vss__t536                1.66715e-12
xc1.xcore.outn__t39                        3.3
xc1.xcore.inn__t40                      1.6335
xc1.xcore.tail__t86                    1.02323
xc1.xcore.vss__t537                1.68124e-12
xc1.xcore.tail__t26                    1.02323
xc1.xcore.inn__t39                      1.6335
xc1.xcore.outn__t72                        3.3
xc1.xcore.vss__t538                1.69533e-12
xc1.xcore.outn__t38                        3.3
xc1.xcore.inn__t38                      1.6335
xc1.xcore.tail__t85                    1.02323
xc1.xcore.vss__t539                1.70941e-12
xc1.xcore.tail__t25                    1.02323
xc1.xcore.inn__t37                      1.6335
xc1.xcore.outn__t71                        3.3
xc1.xcore.vss__t540                 1.7235e-12
xc1.xcore.outn__t47                        3.3
xc1.xcore.inn__t53                      1.6335
xc1.xcore.tail__t109                   1.02323
xc1.xcore.vss__t541                1.73759e-12
xc1.xcore.tail__t52                    1.02323
xc1.xcore.inn__t55                      1.6335
xc1.xcore.outn__t78                        3.3
xc1.xcore.vss__t542                1.75168e-12
xc1.xcore.outn__t48                        3.3
xc1.xcore.inn__t54                      1.6335
xc1.xcore.tail__t117                   1.02323
xc1.xcore.vss__t543                1.76577e-12
xc1.xcore.tail__t39                    1.02323
xc1.xcore.inn__t49                      1.6335
xc1.xcore.outn__t77                        3.3
xc1.xcore.vss__t544                1.77986e-12
xc1.xcore.outn__t41                        3.3
xc1.xcore.inn__t43                      1.6335
xc1.xcore.tail__t89                    1.02323
xc1.xcore.vss__t545                1.79395e-12
xc1.xcore.tail__t29                    1.02323
xc1.xcore.inn__t47                      1.6335
xc1.xcore.outn__t75                        3.3
xc1.xcore.vss__t546                1.80804e-12
xc1.xcore.outn__t43                        3.3
xc1.xcore.inn__t46                      1.6335
xc1.xcore.tail__t91                    1.02323
xc1.xcore.vss__t547                1.82213e-12
xc1.xcore.tail__t28                    1.02323
xc1.xcore.inn__t45                      1.6335
xc1.xcore.outn__t74                        3.3
xc1.xcore.vss__t548                1.83622e-12
xc1.xcore.outn__t42                        3.3
xc1.xcore.inn__t44                      1.6335
xc1.xcore.tail__t90                    1.02323
xc1.xcore.vss__t549                1.85031e-12
xc1.xcore.tail__t59                    1.02323
xc1.xcore.inn__t56                      1.6335
xc1.xcore.outn__t79                        3.3
xc1.xcore.vss__t550                 1.8644e-12
xc1.xcore.outn__t51                        3.3
xc1.xcore.inn__t63                      1.6335
xc1.xcore.tail__t127                   1.02323
xc1.xcore.vss__t551                1.87849e-12
xc1.xcore.tail__t13                    1.02323
xc1.xcore.inn__t19                      1.6335
xc1.xcore.outn__t62                        3.3
xc1.xcore.vss__t552                1.89258e-12
xc1.xcore.outn__t28                        3.3
xc1.xcore.inn__t18                      1.6335
xc1.xcore.tail__t72                    1.02323
xc1.xcore.vss__t553                1.90667e-12
xc1.xcore.tail__t12                    1.02323
xc1.xcore.inn__t17                      1.6335
xc1.xcore.outn__t61                        3.3
xc1.xcore.vss__t554                1.92077e-12
xc1.xcore.outn__t27                        3.3
xc1.xcore.inn__t16                      1.6335
xc1.xcore.tail__t71                    1.02323
xc1.xcore.vss__t555                1.93486e-12
xc1.xcore.tail__t11                    1.02323
xc1.xcore.inn__t15                      1.6335
xc1.xcore.outn__t60                        3.3
xc1.xcore.vss__t556                1.94895e-12
xc1.xcore.outn__t26                        3.3
xc1.xcore.inn__t14                      1.6335
xc1.xcore.tail__t70                    1.02323
xc1.xcore.vss__t557                1.96304e-12
xc1.xcore.tail__t10                    1.02323
xc1.xcore.inn__t13                      1.6335
xc1.xcore.outn__t59                        3.3
xc1.xcore.vss__t558                1.97714e-12
xc1.xcore.outn__t25                        3.3
xc1.xcore.inn__t12                      1.6335
xc1.xcore.tail__t69                    1.02323
xc1.xcore.vss__t559                1.99123e-12
xc1.xcore.tail__t6                     1.02323
xc1.xcore.inn__t5                       1.6335
xc1.xcore.outn__t55                        3.3
xc1.xcore.vss__t560                2.00532e-12
xc1.xcore.outn__t24                        3.3
xc1.xcore.inn__t11                      1.6335
xc1.xcore.tail__t68                    1.02323
xc1.xcore.vss__t561                2.01941e-12
xc1.xcore.tail__t4                     1.02323
xc1.xcore.inn__t2                       1.6335
xc1.xcore.outn__t53                        3.3
xc1.xcore.vss__t562                2.03351e-12
xc1.xcore.outn__t21                        3.3
xc1.xcore.inn__t3                       1.6335
xc1.xcore.tail__t65                    1.02323
xc1.xcore.vss__t563                 2.0476e-12
xc1.xcore.tail__t5                     1.02323
xc1.xcore.inn__t4                       1.6335
xc1.xcore.outn__t54                        3.3
xc1.xcore.vss__t564                2.06169e-12
xc1.xcore.outn__t22                        3.3
xc1.xcore.inn__t6                       1.6335
xc1.xcore.tail__t66                    1.02323
xc1.xcore.vss__t565                2.07579e-12
xc1.xcore.tail__t7                     1.02323
xc1.xcore.inn__t7                       1.6335
xc1.xcore.outn__t56                        3.3
xc1.xcore.vss__t566                2.08988e-12
xc1.xcore.outn__t23                        3.3
xc1.xcore.inn__t8                       1.6335
xc1.xcore.tail__t67                    1.02323
xc1.xcore.vss__t567                2.10397e-12
xc1.xcore.tail__t8                     1.02323
xc1.xcore.inn__t9                       1.6335
xc1.xcore.outn__t57                        3.3
xc1.xcore.vss__t568                2.11807e-12
xc1.xcore.outn__t29                        3.3
xc1.xcore.inn__t20                      1.6335
xc1.xcore.tail__t73                    1.02323
xc1.xcore.vss__t569                2.13216e-12
xc1.xcore.tail__t9                     1.02323
xc1.xcore.inn__t10                      1.6335
xc1.xcore.outn__t58                        3.3
xc1.xcore.vss__t570                2.14626e-12
xc1.xcore.outn__t36                        3.3
xc1.xcore.inn__t35                      1.6335
xc1.xcore.tail__t83                    1.02323
xc1.xcore.vss__t571                2.16035e-12
xc1.xcore.tail__t24                    1.02323
xc1.xcore.inn__t34                      1.6335
xc1.xcore.outn__t70                        3.3
xc1.xcore.vss__t572                2.17445e-12
xc1.xcore.outn__t35                        3.3
xc1.xcore.inn__t33                      1.6335
xc1.xcore.tail__t82                    1.02323
xc1.xcore.vss__t573                2.18854e-12
xc1.xcore.tail__t23                    1.02323
xc1.xcore.inn__t32                      1.6335
xc1.xcore.outn__t69                        3.3
xc1.xcore.vss__t574                2.20264e-12
xc1.xcore.outn__t34                        3.3
xc1.xcore.inn__t31                      1.6335
xc1.xcore.tail__t81                    1.02323
xc1.xcore.vss__t575                2.21673e-12
xc1.xcore.tail__t22                    1.02323
xc1.xcore.inn__t30                      1.6335
xc1.xcore.outn__t68                        3.3
xc1.xcore.vss__t576                2.23083e-12
xc1.xcore.outn__t33                        3.3
xc1.xcore.inn__t29                      1.6335
xc1.xcore.tail__t80                    1.02323
xc1.xcore.vss__t577                2.24492e-12
xc1.xcore.tail__t21                    1.02323
xc1.xcore.inn__t28                      1.6335
xc1.xcore.outn__t67                        3.3
xc1.xcore.vss__t578                2.25902e-12
xc1.xcore.outn__t32                        3.3
xc1.xcore.inn__t27                      1.6335
xc1.xcore.tail__t79                    1.02323
xc1.xcore.vss__t579                2.27311e-12
xc1.xcore.tail__t20                    1.02323
xc1.xcore.inn__t26                      1.6335
xc1.xcore.outn__t66                        3.3
xc1.xcore.vss__t580                2.28721e-12
xc1.xcore.outn__t37                        3.3
xc1.xcore.inn__t36                      1.6335
xc1.xcore.tail__t84                    1.02323
xc1.xcore.vss__t581                 2.3013e-12
xc1.xcore.tail__t18                    1.02323
xc1.xcore.inn__t25                      1.6335
xc1.xcore.outn__t65                        3.3
xc1.xcore.vss__t582                 2.3154e-12
xc1.xcore.outn__t31                        3.3
xc1.xcore.inn__t24                      1.6335
xc1.xcore.tail__t78                    1.02323
xc1.xcore.vss__t583                 2.3295e-12
xc1.xcore.tail__t17                    1.02323
xc1.xcore.inn__t23                      1.6335
xc1.xcore.outn__t64                        3.3
xc1.xcore.vss__t584                2.34359e-12
xc1.xcore.outn__t30                        3.3
xc1.xcore.inn__t22                      1.6335
xc1.xcore.tail__t77                    1.02323
xc1.xcore.vss__t585                2.35769e-12
xc1.xcore.tail__t2                     1.02323
xc1.xcore.inn__t0                       1.6335
xc1.xcore.outn__t20                        3.3
xc1.xcore.vss__t587                2.37178e-12
xc1.xcore.vss__t210                2.61147e-12
xc1.xcore.outp__t16                    2.80459
xc1.xcore.vss__t211                2.58078e-12
xc1.xcore.outp__t17                    2.80459
xc1.xcore.vss__t212                 2.5501e-12
xc1.xcore.outp__t18                    2.80459
xc1.xcore.vss__t213                2.51946e-12
xc1.xcore.outp__t19                    2.80459
xc1.xcore.vss__t214                2.48884e-12
xc1.xcore.outp__t0                     2.80459
xc1.xcore.vss__t215                2.45825e-12
xc1.xcore.outp__t1                     2.80459
xc1.xcore.vss__t216                2.42769e-12
xc1.xcore.outp__t2                     2.80459
xc1.xcore.vss__t217                2.39716e-12
xc1.xcore.outp__t3                     2.80459
xc1.xcore.vss__t218                2.36666e-12
xc1.xcore.outp__t4                     2.80459
xc1.xcore.vss__t219                2.33619e-12
xc1.xcore.outp__t15                    2.80459
xc1.xcore.vss__t220                2.30575e-12
xc1.xcore.outp__t6                     2.80459
xc1.xcore.vss__t221                2.27535e-12
xc1.xcore.outp__t7                     2.80459
xc1.xcore.vss__t222                2.24499e-12
xc1.xcore.outp__t8                     2.80459
xc1.xcore.vss__t223                2.21466e-12
xc1.xcore.outp__t9                     2.80459
xc1.xcore.vss__t224                2.18437e-12
xc1.xcore.outp__t10                    2.80459
xc1.xcore.vss__t225                2.15412e-12
xc1.xcore.outp__t11                    2.80459
xc1.xcore.vss__t226                2.12392e-12
xc1.xcore.outp__t12                    2.80459
xc1.xcore.vss__t227                2.09376e-12
xc1.xcore.outp__t13                    2.80459
xc1.xcore.vss__t228                2.06365e-12
xc1.xcore.outp__t14                    2.80459
xc1.xcore.vss__t229                2.03358e-12
xc1.xcore.outp__t5                     2.80459
xc1.xcore.vss__t230                2.18457e-12
xc1.xcore.outn__t0                         3.3
xc1.xcore.vss__t231                2.21955e-12
xc1.xcore.outn__t5                         3.3
xc1.xcore.vss__t232                 2.2546e-12
xc1.xcore.outn__t6                         3.3
xc1.xcore.vss__t233                2.28973e-12
xc1.xcore.outn__t7                         3.3
xc1.xcore.vss__t234                2.32492e-12
xc1.xcore.outn__t8                         3.3
xc1.xcore.vss__t235                2.36018e-12
xc1.xcore.outn__t9                         3.3
xc1.xcore.vss__t236                 2.3955e-12
xc1.xcore.outn__t10                        3.3
xc1.xcore.vss__t237                2.43089e-12
xc1.xcore.outn__t11                        3.3
xc1.xcore.vss__t238                2.46632e-12
xc1.xcore.outn__t12                        3.3
xc1.xcore.vss__t239                2.50181e-12
xc1.xcore.outn__t13                        3.3
xc1.xcore.vss__t240                2.53736e-12
xc1.xcore.outn__t14                        3.3
xc1.xcore.vss__t241                2.57295e-12
xc1.xcore.outn__t15                        3.3
xc1.xcore.vss__t242                2.60859e-12
xc1.xcore.outn__t16                        3.3
xc1.xcore.vss__t243                2.64428e-12
xc1.xcore.outn__t17                        3.3
xc1.xcore.vss__t244                2.68001e-12
xc1.xcore.outn__t19                        3.3
xc1.xcore.vss__t245                2.71579e-12
xc1.xcore.outn__t18                        3.3
xc1.xcore.vss__t246                 2.7516e-12
xc1.xcore.outn__t1                         3.3
xc1.xcore.vss__t247                2.78746e-12
xc1.xcore.outn__t2                         3.3
xc1.xcore.vss__t248                2.82335e-12
xc1.xcore.outn__t3                         3.3
xc1.xcore.vss__t249                2.85928e-12
xc1.xcore.outn__t4                         3.3
ib_c1                                  1.22494
xc1.xcore.vsubs                              0
outn_c1                                    3.3
outp_c1                                2.80459
xc1.tail                               1.02323
vd_c1                                 0.495405
xc2.xcore.tail__t186                   1.02322
xc2.xcore.ibias__t118                  1.22494
xc2.xcore.vss__t163                5.24929e-06
xc2.xcore.vss__t349                 1.0842e-13
xc2.xcore.vss__t60                 5.05613e-06
xc2.xcore.ibias__t117                  1.22494
xc2.xcore.tail__t286                   1.02322
xc2.xcore.vss__t350                 1.0443e-13
xc2.xcore.tail__t197                   1.02322
xc2.xcore.ibias__t140                  1.22494
xc2.xcore.vss__t174                4.86337e-06
xc2.xcore.vss__t351                1.00449e-13
xc2.xcore.vss__t68                 4.67106e-06
xc2.xcore.ibias__t133                  1.22494
xc2.xcore.tail__t294                   1.02322
xc2.xcore.vss__t352                9.64765e-14
xc2.xcore.tail__t193                   1.02322
xc2.xcore.ibias__t132                  1.22494
xc2.xcore.vss__t170                4.47926e-06
xc2.xcore.vss__t353                 9.2515e-14
xc2.xcore.vss__t67                 4.28804e-06
xc2.xcore.ibias__t131                  1.22494
xc2.xcore.tail__t293                   1.02322
xc2.xcore.vss__t354                8.85654e-14
xc2.xcore.tail__t192                   1.02322
xc2.xcore.ibias__t130                  1.22494
xc2.xcore.vss__t169                4.09748e-06
xc2.xcore.vss__t355                8.46295e-14
xc2.xcore.vss__t74                 3.90767e-06
xc2.xcore.ibias__t145                  1.22494
xc2.xcore.tail__t300                   1.02322
xc2.xcore.vss__t356                8.07092e-14
xc2.xcore.tail__t191                   1.02322
xc2.xcore.ibias__t128                  1.22494
xc2.xcore.vss__t168                3.71875e-06
xc2.xcore.vss__t357                 7.6807e-14
xc2.xcore.vss__t65                 3.53083e-06
xc2.xcore.ibias__t127                  1.22494
xc2.xcore.tail__t291                   1.02322
xc2.xcore.vss__t358                7.29258e-14
xc2.xcore.tail__t190                   1.02322
xc2.xcore.ibias__t126                  1.22494
xc2.xcore.vss__t167                 3.3441e-06
xc2.xcore.vss__t359                 6.9069e-14
xc2.xcore.vss__t64                 3.15877e-06
xc2.xcore.ibias__t125                  1.22494
xc2.xcore.tail__t290                   1.02322
xc2.xcore.vss__t360                6.52411e-14
xc2.xcore.tail__t189                   1.02322
xc2.xcore.ibias__t124                  1.22494
xc2.xcore.vss__t166                2.97509e-06
xc2.xcore.vss__t361                6.14473e-14
xc2.xcore.vss__t63                  2.7934e-06
xc2.xcore.ibias__t123                  1.22494
xc2.xcore.tail__t289                   1.02322
xc2.xcore.vss__t362                5.76946e-14
xc2.xcore.tail__t188                   1.02322
xc2.xcore.ibias__t122                  1.22494
xc2.xcore.vss__t165                 2.6141e-06
xc2.xcore.vss__t363                5.39913e-14
xc2.xcore.vss__t62                 2.43772e-06
xc2.xcore.ibias__t121                  1.22494
xc2.xcore.tail__t288                   1.02322
xc2.xcore.vss__t364                5.03484e-14
xc2.xcore.tail__t187                   1.02322
xc2.xcore.ibias__t120                  1.22494
xc2.xcore.vss__t164                2.26496e-06
xc2.xcore.vss__t365                4.67801e-14
xc2.xcore.vss__t26                  2.0967e-06
xc2.xcore.ibias__t0                    1.22494
xc2.xcore.tail__t252                   1.02322
xc2.xcore.vss__t366                4.33048e-14
xc2.xcore.tail__t175                   1.02322
xc2.xcore.ibias__t97                   1.22494
xc2.xcore.vss__t152                1.93411e-06
xc2.xcore.vss__t367                3.99468e-14
xc2.xcore.vss__t42                 1.77876e-06
xc2.xcore.ibias__t78                   1.22494
xc2.xcore.tail__t268                   1.02322
xc2.xcore.vss__t368                3.67381e-14
xc2.xcore.tail__t164                   1.02322
xc2.xcore.ibias__t77                   1.22494
xc2.xcore.vss__t141                1.63271e-06
xc2.xcore.vss__t369                3.37216e-14
xc2.xcore.vss__t37                 1.49868e-06
xc2.xcore.ibias__t70                   1.22494
xc2.xcore.tail__t263                   1.02322
xc2.xcore.vss__t370                3.09534e-14
xc2.xcore.tail__t167                   1.02322
xc2.xcore.ibias__t82                   1.22494
xc2.xcore.vss__t144                1.38018e-06
xc2.xcore.vss__t371                2.85059e-14
xc2.xcore.vss__t39                 1.28153e-06
xc2.xcore.ibias__t72                   1.22494
xc2.xcore.tail__t265                   1.02323
xc2.xcore.vss__t372                2.64683e-14
xc2.xcore.tail__t162                   1.02323
xc2.xcore.ibias__t73                   1.22494
xc2.xcore.vss__t139                1.20759e-06
xc2.xcore.vss__t373                2.49413e-14
xc2.xcore.vss__t40                  1.1631e-06
xc2.xcore.ibias__t74                   1.22494
xc2.xcore.tail__t266                   1.02323
xc2.xcore.vss__t374                2.40224e-14
xc2.xcore.tail__t163                   1.02323
xc2.xcore.ibias__t75                   1.22494
xc2.xcore.vss__t140                1.15147e-06
xc2.xcore.vss__t375                2.37821e-14
xc2.xcore.vss__t41                 1.17367e-06
xc2.xcore.ibias__t76                   1.22494
xc2.xcore.tail__t267                   1.02323
xc2.xcore.vss__t376                2.42408e-14
xc2.xcore.tail__t129                   1.02323
xc2.xcore.ibias__t9                    1.22494
xc2.xcore.vss__t107                1.22788e-06
xc2.xcore.vss__t377                2.53604e-14
xc2.xcore.vss__t6                  1.31013e-06
xc2.xcore.ibias__t8                    1.22494
xc2.xcore.tail__t232                   1.02323
xc2.xcore.vss__t378                2.70592e-14
xc2.xcore.tail__t128                   1.02323
xc2.xcore.ibias__t7                    1.22494
xc2.xcore.vss__t106                1.41553e-06
xc2.xcore.vss__t379                2.92362e-14
xc2.xcore.vss__t5                  1.53935e-06
xc2.xcore.ibias__t6                    1.22494
xc2.xcore.tail__t231                   1.02323
xc2.xcore.vss__t380                3.17934e-14
xc2.xcore.tail__t141                   1.02323
xc2.xcore.ibias__t31                   1.22494
xc2.xcore.vss__t119                 1.6775e-06
xc2.xcore.vss__t381                3.46468e-14
xc2.xcore.vss__t4                  1.82673e-06
xc2.xcore.ibias__t5                    1.22494
xc2.xcore.tail__t230                   1.02323
xc2.xcore.vss__t382                3.77291e-14
xc2.xcore.tail__t158                   1.02323
xc2.xcore.ibias__t62                   1.22494
xc2.xcore.vss__t135                1.98456e-06
xc2.xcore.vss__t383                4.09889e-14
xc2.xcore.vss__t33                 2.14908e-06
xc2.xcore.ibias__t63                   1.22494
xc2.xcore.tail__t259                   1.02323
xc2.xcore.vss__t384                4.43869e-14
xc2.xcore.tail__t159                   1.02323
xc2.xcore.ibias__t64                   1.22494
xc2.xcore.vss__t136                2.31887e-06
xc2.xcore.vss__t385                4.78938e-14
xc2.xcore.vss__t34                 2.49285e-06
xc2.xcore.ibias__t65                   1.22494
xc2.xcore.tail__t260                   1.02323
xc2.xcore.vss__t386                5.14874e-14
xc2.xcore.tail__t160                   1.02323
xc2.xcore.ibias__t66                   1.22494
xc2.xcore.vss__t137                2.67021e-06
xc2.xcore.vss__t387                5.51506e-14
xc2.xcore.vss__t35                 2.85031e-06
xc2.xcore.ibias__t67                   1.22494
xc2.xcore.tail__t261                   1.02323
xc2.xcore.vss__t388                5.88706e-14
xc2.xcore.tail__t161                   1.02323
xc2.xcore.ibias__t68                   1.22494
xc2.xcore.vss__t138                3.03267e-06
xc2.xcore.vss__t389                6.26372e-14
xc2.xcore.vss__t36                  3.2169e-06
xc2.xcore.ibias__t69                   1.22494
xc2.xcore.tail__t262                   1.02323
xc2.xcore.vss__t390                6.64424e-14
xc2.xcore.tail__t130                   1.02323
xc2.xcore.ibias__t10                   1.22494
xc2.xcore.vss__t108                 3.4027e-06
xc2.xcore.vss__t391                  7.028e-14
xc2.xcore.vss__t13                 3.58982e-06
xc2.xcore.ibias__t23                   1.22494
xc2.xcore.tail__t239                   1.02323
xc2.xcore.vss__t392                 7.4145e-14
xc2.xcore.tail__t137                   1.02323
xc2.xcore.ibias__t24                   1.22494
xc2.xcore.vss__t115                3.77807e-06
xc2.xcore.vss__t393                7.80333e-14
xc2.xcore.vss__t14                 3.96729e-06
xc2.xcore.ibias__t25                   1.22494
xc2.xcore.tail__t240                   1.02323
xc2.xcore.vss__t394                8.19415e-14
xc2.xcore.tail__t138                   1.02323
xc2.xcore.ibias__t26                   1.22494
xc2.xcore.vss__t116                4.15734e-06
xc2.xcore.vss__t395                8.58671e-14
xc2.xcore.vss__t15                 4.34812e-06
xc2.xcore.ibias__t27                   1.22494
xc2.xcore.tail__t241                   1.02323
xc2.xcore.vss__t396                8.98076e-14
xc2.xcore.tail__t139                   1.02323
xc2.xcore.ibias__t28                   1.22494
xc2.xcore.vss__t117                4.53953e-06
xc2.xcore.vss__t397                9.37612e-14
xc2.xcore.vss__t16                  4.7315e-06
xc2.xcore.ibias__t29                   1.22494
xc2.xcore.tail__t242                   1.02323
xc2.xcore.vss__t398                9.77263e-14
xc2.xcore.tail__t140                   1.02323
xc2.xcore.ibias__t30                   1.22494
xc2.xcore.vss__t118                4.92396e-06
xc2.xcore.vss__t399                1.01702e-13
xc2.xcore.vss__t21                 5.11685e-06
xc2.xcore.ibias__t41                   1.22494
xc2.xcore.tail__t247                   1.02323
xc2.xcore.vss__t400                1.05686e-13
xc2.xcore.tail__t142                   1.02323
xc2.xcore.ibias__t32                   1.22494
xc2.xcore.vss__t120                5.31014e-06
xc2.xcore.vss__t401                1.09678e-13
xc2.xcore.vss__t17                 5.50377e-06
xc2.xcore.ibias__t33                   1.22494
xc2.xcore.tail__t243                   1.02323
xc2.xcore.vss__t402                1.13678e-13
xc2.xcore.tail__t143                   1.02323
xc2.xcore.ibias__t34                   1.22494
xc2.xcore.vss__t121                5.69771e-06
xc2.xcore.vss__t403                1.17684e-13
xc2.xcore.vss__t18                 5.89193e-06
xc2.xcore.ibias__t35                   1.22494
xc2.xcore.tail__t244                   1.02323
xc2.xcore.vss__t404                1.21695e-13
xc2.xcore.tail__t144                   1.02323
xc2.xcore.ibias__t36                   1.22494
xc2.xcore.vss__t122                6.08641e-06
xc2.xcore.vss__t405                1.25712e-13
xc2.xcore.vss__t19                 6.28112e-06
xc2.xcore.ibias__t37                   1.22494
xc2.xcore.tail__t245                   1.02323
xc2.xcore.vss__t406                1.29734e-13
xc2.xcore.tail__t145                   1.02323
xc2.xcore.ibias__t38                   1.22494
xc2.xcore.vss__t123                6.47604e-06
xc2.xcore.vss__t407                 1.3376e-13
xc2.xcore.vss__t20                 6.67115e-06
xc2.xcore.ibias__t39                   1.22494
xc2.xcore.tail__t246                   1.02323
xc2.xcore.vss__t408                 1.3779e-13
xc2.xcore.tail__t146                   1.02323
xc2.xcore.ibias__t40                   1.22494
xc2.xcore.vss__t124                6.86643e-06
xc2.xcore.vss__t409                1.41824e-13
xc2.xcore.vss__t8                  7.06188e-06
xc2.xcore.ibias__t12                   1.22494
xc2.xcore.tail__t234                   1.02323
xc2.xcore.vss__t410                1.45861e-13
xc2.xcore.tail__t135                   1.02323
xc2.xcore.ibias__t21                   1.22494
xc2.xcore.vss__t113                7.25747e-06
xc2.xcore.vss__t411                1.49901e-13
xc2.xcore.vss__t9                   7.4532e-06
xc2.xcore.ibias__t13                   1.22494
xc2.xcore.tail__t235                   1.02323
xc2.xcore.vss__t412                1.53944e-13
xc2.xcore.tail__t131                   1.02323
xc2.xcore.ibias__t14                   1.22494
xc2.xcore.vss__t109                7.64905e-06
xc2.xcore.vss__t413                1.57989e-13
xc2.xcore.vss__t10                 7.84502e-06
xc2.xcore.ibias__t15                   1.22494
xc2.xcore.tail__t236                   1.02323
xc2.xcore.vss__t414                1.62037e-13
xc2.xcore.tail__t134                   1.02323
xc2.xcore.ibias__t20                   1.22494
xc2.xcore.vss__t112                 8.0411e-06
xc2.xcore.vss__t415                1.66087e-13
xc2.xcore.vss__t12                 8.23727e-06
xc2.xcore.ibias__t19                   1.22494
xc2.xcore.tail__t238                   1.02323
xc2.xcore.vss__t416                1.70139e-13
xc2.xcore.tail__t133                   1.02323
xc2.xcore.ibias__t18                   1.22494
xc2.xcore.vss__t111                8.43354e-06
xc2.xcore.vss__t417                1.74194e-13
xc2.xcore.vss__t11                  8.6299e-06
xc2.xcore.ibias__t17                   1.22494
xc2.xcore.tail__t237                   1.02323
xc2.xcore.vss__t418                1.78249e-13
xc2.xcore.tail__t132                   1.02323
xc2.xcore.ibias__t16                   1.22494
xc2.xcore.vss__t110                8.82633e-06
xc2.xcore.vss__t419                1.82307e-13
xc2.xcore.vss__t7                  9.02285e-06
xc2.xcore.ibias__t11                   1.22494
xc2.xcore.tail__t233                   1.02323
xc2.xcore.vss__t420                1.86366e-13
xc2.xcore.tail__t136                   1.02323
xc2.xcore.ibias__t22                   1.22494
xc2.xcore.vss__t114                9.21943e-06
xc2.xcore.vss__t421                1.90427e-13
xc2.xcore.vss__t23                 9.41607e-06
xc2.xcore.ibias__t45                   1.22494
xc2.xcore.tail__t249                   1.02323
xc2.xcore.vss__t422                1.94489e-13
xc2.xcore.tail__t150                   1.02323
xc2.xcore.ibias__t46                   1.22494
xc2.xcore.vss__t127                9.61278e-06
xc2.xcore.vss__t423                1.98552e-13
xc2.xcore.vss__t24                 9.80955e-06
xc2.xcore.ibias__t47                   1.22494
xc2.xcore.tail__t250                   1.02323
xc2.xcore.vss__t424                2.02616e-13
xc2.xcore.tail__t151                   1.02323
xc2.xcore.ibias__t48                   1.22494
xc2.xcore.vss__t128                1.00064e-05
xc2.xcore.vss__t425                2.06682e-13
xc2.xcore.vss__t25                 1.02032e-05
xc2.xcore.ibias__t49                   1.22494
xc2.xcore.tail__t251                   1.02323
xc2.xcore.vss__t426                2.10749e-13
xc2.xcore.tail__t152                   1.02322
xc2.xcore.ibias__t50                   1.22494
xc2.xcore.vss__t129                1.04002e-05
xc2.xcore.vss__t427                2.14816e-13
xc2.xcore.vss__t32                 1.05971e-05
xc2.xcore.ibias__t61                   1.22494
xc2.xcore.tail__t258                   1.02322
xc2.xcore.vss__t428                2.18885e-13
xc2.xcore.tail__t153                   1.02322
xc2.xcore.ibias__t51                   1.22494
xc2.xcore.vss__t130                1.07941e-05
xc2.xcore.vss__t429                2.22954e-13
xc2.xcore.vss__t27                 1.09912e-05
xc2.xcore.ibias__t52                   1.22494
xc2.xcore.tail__t253                   1.02322
xc2.xcore.vss__t430                2.27025e-13
xc2.xcore.tail__t154                   1.02322
xc2.xcore.ibias__t53                   1.22494
xc2.xcore.vss__t131                1.11883e-05
xc2.xcore.vss__t431                2.31096e-13
xc2.xcore.vss__t28                 1.13854e-05
xc2.xcore.ibias__t54                   1.22494
xc2.xcore.tail__t254                   1.02322
xc2.xcore.vss__t432                2.35168e-13
xc2.xcore.tail__t155                   1.02322
xc2.xcore.ibias__t55                   1.22494
xc2.xcore.vss__t132                1.15826e-05
xc2.xcore.vss__t433                2.39241e-13
xc2.xcore.vss__t29                 1.17798e-05
xc2.xcore.ibias__t56                   1.22494
xc2.xcore.tail__t255                   1.02322
xc2.xcore.vss__t434                2.43314e-13
xc2.xcore.tail__t156                   1.02322
xc2.xcore.ibias__t57                   1.22494
xc2.xcore.vss__t133                 1.1977e-05
xc2.xcore.vss__t435                2.47388e-13
xc2.xcore.vss__t30                 1.21743e-05
xc2.xcore.ibias__t58                   1.22494
xc2.xcore.tail__t256                   1.02322
xc2.xcore.vss__t436                2.51463e-13
xc2.xcore.tail__t157                   1.02322
xc2.xcore.ibias__t59                   1.22494
xc2.xcore.vss__t134                1.23715e-05
xc2.xcore.vss__t437                2.55538e-13
xc2.xcore.vss__t31                 1.25689e-05
xc2.xcore.ibias__t60                   1.22494
xc2.xcore.tail__t257                   1.02322
xc2.xcore.vss__t438                2.59614e-13
xc2.xcore.tail__t211                   1.02322
xc2.xcore.ibias__t176                  1.22494
xc2.xcore.vss__t193                1.27662e-05
xc2.xcore.vss__t439                 2.6369e-13
xc2.xcore.vss__t88                 1.29636e-05
xc2.xcore.ibias__t175                  1.22494
xc2.xcore.tail__t311                   1.02322
xc2.xcore.vss__t440                2.67767e-13
xc2.xcore.tail__t165                   1.02322
xc2.xcore.ibias__t79                   1.22494
xc2.xcore.vss__t142                1.31609e-05
xc2.xcore.vss__t441                2.71844e-13
xc2.xcore.vss__t43                 1.33583e-05
xc2.xcore.ibias__t80                   1.22494
xc2.xcore.tail__t269                   1.02322
xc2.xcore.vss__t442                2.75922e-13
xc2.xcore.tail__t166                   1.02322
xc2.xcore.ibias__t81                   1.22494
xc2.xcore.vss__t143                1.35558e-05
xc2.xcore.vss__t443                    2.8e-13
xc2.xcore.vss__t38                 1.37532e-05
xc2.xcore.ibias__t71                   1.22494
xc2.xcore.tail__t264                   1.02322
xc2.xcore.vss__t444                2.84079e-13
xc2.xcore.tail__t147                   1.02322
xc2.xcore.ibias__t42                   1.22494
xc2.xcore.vss__t125                1.39507e-05
xc2.xcore.vss__t445                2.88158e-13
xc2.xcore.vss__t22                 1.41482e-05
xc2.xcore.ibias__t43                   1.22494
xc2.xcore.tail__t248                   1.02322
xc2.xcore.vss__t446                2.92238e-13
xc2.xcore.tail__t148                   1.02322
xc2.xcore.ibias__t44                   1.22494
xc2.xcore.vss__t126                1.43457e-05
xc2.xcore.vss__t447                2.96318e-13
xc2.xcore.vss__t0                  1.45432e-05
xc2.xcore.ibias__t1                    1.22494
xc2.xcore.tail__t149                   1.02322
xc2.xcore.vss__t456                3.00398e-13
xc2.xcore.tail__t229                   1.02319
xc2.xcore.ibias__t2                    1.22494
xc2.xcore.vss__t1                  2.49632e-05
xc2.xcore.vss__t458                5.15651e-13
xc2.xcore.vss__t189                2.47653e-05
xc2.xcore.ibias__t170                  1.22494
xc2.xcore.tail__t228                   1.02319
xc2.xcore.vss__t250                5.11562e-13
xc2.xcore.tail__t209                   1.02319
xc2.xcore.ibias__t169                  1.22494
xc2.xcore.vss__t188                2.45674e-05
xc2.xcore.vss__t251                5.07473e-13
xc2.xcore.vss__t86                 2.43695e-05
xc2.xcore.ibias__t168                  1.22494
xc2.xcore.tail__t309                   1.02319
xc2.xcore.vss__t252                5.03385e-13
xc2.xcore.tail__t208                   1.02319
xc2.xcore.ibias__t167                  1.22494
xc2.xcore.vss__t187                2.41716e-05
xc2.xcore.vss__t253                4.99296e-13
xc2.xcore.vss__t85                 2.39737e-05
xc2.xcore.ibias__t166                  1.22494
xc2.xcore.tail__t308                   1.02319
xc2.xcore.vss__t254                4.95208e-13
xc2.xcore.tail__t207                   1.02319
xc2.xcore.ibias__t165                  1.22494
xc2.xcore.vss__t186                2.37758e-05
xc2.xcore.vss__t255                4.91119e-13
xc2.xcore.vss__t84                 2.35779e-05
xc2.xcore.ibias__t164                  1.22494
xc2.xcore.tail__t307                   1.02319
xc2.xcore.vss__t256                4.87031e-13
xc2.xcore.tail__t210                   1.02319
xc2.xcore.ibias__t173                  1.22494
xc2.xcore.vss__t191                  2.338e-05
xc2.xcore.vss__t257                4.82943e-13
xc2.xcore.vss__t87                 2.31821e-05
xc2.xcore.ibias__t172                  1.22494
xc2.xcore.tail__t310                   1.02319
xc2.xcore.vss__t258                4.78855e-13
xc2.xcore.tail__t219                   1.02319
xc2.xcore.ibias__t195                  1.22494
xc2.xcore.vss__t201                2.29842e-05
xc2.xcore.vss__t259                4.74766e-13
xc2.xcore.vss__t99                 2.27863e-05
xc2.xcore.ibias__t194                  1.22494
xc2.xcore.tail__t321                   1.02319
xc2.xcore.vss__t260                4.70678e-13
xc2.xcore.tail__t227                   1.02319
xc2.xcore.ibias__t209                  1.22494
xc2.xcore.vss__t209                2.25884e-05
xc2.xcore.vss__t261                4.66591e-13
xc2.xcore.vss__t97                 2.23906e-05
xc2.xcore.ibias__t192                  1.22494
xc2.xcore.tail__t319                   1.02319
xc2.xcore.vss__t262                4.62503e-13
xc2.xcore.tail__t218                   1.02319
xc2.xcore.ibias__t191                  1.22494
xc2.xcore.vss__t200                2.21927e-05
xc2.xcore.vss__t263                4.58415e-13
xc2.xcore.vss__t96                 2.19948e-05
xc2.xcore.ibias__t190                  1.22494
xc2.xcore.tail__t318                   1.02319
xc2.xcore.vss__t264                4.54327e-13
xc2.xcore.tail__t217                   1.02319
xc2.xcore.ibias__t189                  1.22494
xc2.xcore.vss__t199                 2.1797e-05
xc2.xcore.vss__t265                 4.5024e-13
xc2.xcore.vss__t95                 2.15991e-05
xc2.xcore.ibias__t188                  1.22494
xc2.xcore.tail__t317                   1.02319
xc2.xcore.vss__t266                4.46152e-13
xc2.xcore.tail__t216                   1.02319
xc2.xcore.ibias__t187                  1.22494
xc2.xcore.vss__t198                2.14013e-05
xc2.xcore.vss__t267                4.42065e-13
xc2.xcore.vss__t94                 2.12034e-05
xc2.xcore.ibias__t186                  1.22494
xc2.xcore.tail__t316                   1.02319
xc2.xcore.vss__t268                4.37978e-13
xc2.xcore.tail__t215                   1.02319
xc2.xcore.ibias__t185                  1.22494
xc2.xcore.vss__t197                2.10056e-05
xc2.xcore.vss__t269                4.33891e-13
xc2.xcore.vss__t93                 2.08077e-05
xc2.xcore.ibias__t184                  1.22494
xc2.xcore.tail__t315                   1.02319
xc2.xcore.vss__t270                4.29804e-13
xc2.xcore.tail__t214                   1.02319
xc2.xcore.ibias__t183                  1.22494
xc2.xcore.vss__t196                2.06099e-05
xc2.xcore.vss__t271                4.25717e-13
xc2.xcore.vss__t92                 2.04121e-05
xc2.xcore.ibias__t182                  1.22494
xc2.xcore.tail__t314                   1.02319
xc2.xcore.vss__t272                 4.2163e-13
xc2.xcore.tail__t213                   1.02319
xc2.xcore.ibias__t181                  1.22494
xc2.xcore.vss__t195                2.02143e-05
xc2.xcore.vss__t273                4.17544e-13
xc2.xcore.vss__t91                 2.00164e-05
xc2.xcore.ibias__t180                  1.22494
xc2.xcore.tail__t313                   1.02319
xc2.xcore.vss__t274                4.13457e-13
xc2.xcore.tail__t212                   1.02319
xc2.xcore.ibias__t179                  1.22494
xc2.xcore.vss__t194                1.98186e-05
xc2.xcore.vss__t275                4.09371e-13
xc2.xcore.vss__t90                 1.96208e-05
xc2.xcore.ibias__t178                  1.22494
xc2.xcore.tail__t312                   1.02319
xc2.xcore.vss__t276                4.05285e-13
xc2.xcore.tail__t206                   1.02319
xc2.xcore.ibias__t161                  1.22494
xc2.xcore.vss__t184                 1.9423e-05
xc2.xcore.vss__t277                4.01199e-13
xc2.xcore.vss__t57                 1.92253e-05
xc2.xcore.ibias__t112                  1.22494
xc2.xcore.tail__t283                   1.02319
xc2.xcore.vss__t278                3.97113e-13
xc2.xcore.tail__t183                   1.02319
xc2.xcore.ibias__t111                  1.22494
xc2.xcore.vss__t160                1.90275e-05
xc2.xcore.vss__t279                3.93027e-13
xc2.xcore.vss__t56                 1.88297e-05
xc2.xcore.ibias__t110                  1.22494
xc2.xcore.tail__t282                    1.0232
xc2.xcore.vss__t280                3.88941e-13
xc2.xcore.tail__t182                    1.0232
xc2.xcore.ibias__t109                  1.22494
xc2.xcore.vss__t159                1.86319e-05
xc2.xcore.vss__t281                3.84856e-13
xc2.xcore.vss__t55                 1.84342e-05
xc2.xcore.ibias__t108                  1.22494
xc2.xcore.tail__t281                    1.0232
xc2.xcore.vss__t282                3.80771e-13
xc2.xcore.tail__t181                    1.0232
xc2.xcore.ibias__t107                  1.22494
xc2.xcore.vss__t158                1.82364e-05
xc2.xcore.vss__t283                3.76685e-13
xc2.xcore.vss__t54                 1.80387e-05
xc2.xcore.ibias__t106                  1.22494
xc2.xcore.tail__t280                    1.0232
xc2.xcore.vss__t284                  3.726e-13
xc2.xcore.tail__t180                    1.0232
xc2.xcore.ibias__t105                  1.22494
xc2.xcore.vss__t157                1.78409e-05
xc2.xcore.vss__t285                3.68516e-13
xc2.xcore.vss__t53                 1.76432e-05
xc2.xcore.ibias__t104                  1.22494
xc2.xcore.tail__t279                    1.0232
xc2.xcore.vss__t286                3.64431e-13
xc2.xcore.tail__t205                    1.0232
xc2.xcore.ibias__t156                  1.22494
xc2.xcore.vss__t182                1.74455e-05
xc2.xcore.vss__t287                3.60347e-13
xc2.xcore.vss__t79                 1.72478e-05
xc2.xcore.ibias__t155                  1.22494
xc2.xcore.tail__t305                    1.0232
xc2.xcore.vss__t288                3.56263e-13
xc2.xcore.tail__t204                    1.0232
xc2.xcore.ibias__t154                  1.22494
xc2.xcore.vss__t181                1.70501e-05
xc2.xcore.vss__t289                3.52179e-13
xc2.xcore.vss__t78                 1.68524e-05
xc2.xcore.ibias__t153                  1.22494
xc2.xcore.tail__t304                    1.0232
xc2.xcore.vss__t290                3.48095e-13
xc2.xcore.tail__t203                    1.0232
xc2.xcore.ibias__t152                  1.22494
xc2.xcore.vss__t180                1.66547e-05
xc2.xcore.vss__t291                3.44011e-13
xc2.xcore.vss__t77                  1.6457e-05
xc2.xcore.ibias__t151                  1.22494
xc2.xcore.tail__t303                    1.0232
xc2.xcore.vss__t292                3.39928e-13
xc2.xcore.tail__t202                    1.0232
xc2.xcore.ibias__t150                  1.22494
xc2.xcore.vss__t179                1.62594e-05
xc2.xcore.vss__t293                3.35845e-13
xc2.xcore.vss__t76                 1.60617e-05
xc2.xcore.ibias__t149                  1.22494
xc2.xcore.tail__t302                    1.0232
xc2.xcore.vss__t294                3.31762e-13
xc2.xcore.tail__t201                    1.0232
xc2.xcore.ibias__t148                  1.22494
xc2.xcore.vss__t178                1.58641e-05
xc2.xcore.vss__t295                 3.2768e-13
xc2.xcore.vss__t75                 1.56665e-05
xc2.xcore.ibias__t147                  1.22494
xc2.xcore.tail__t301                    1.0232
xc2.xcore.vss__t296                3.23597e-13
xc2.xcore.tail__t200                    1.0232
xc2.xcore.ibias__t146                  1.22494
xc2.xcore.vss__t177                1.54689e-05
xc2.xcore.vss__t297                3.19515e-13
xc2.xcore.vss__t98                 1.52713e-05
xc2.xcore.ibias__t193                  1.22494
xc2.xcore.tail__t320                    1.0232
xc2.xcore.vss__t298                3.15434e-13
xc2.xcore.tail__t226                    1.0232
xc2.xcore.ibias__t208                  1.22494
xc2.xcore.vss__t208                1.50737e-05
xc2.xcore.vss__t299                3.11352e-13
xc2.xcore.vss__t105                1.48761e-05
xc2.xcore.ibias__t207                  1.22494
xc2.xcore.tail__t327                    1.0232
xc2.xcore.vss__t300                3.07271e-13
xc2.xcore.tail__t225                    1.0232
xc2.xcore.ibias__t206                  1.22494
xc2.xcore.vss__t207                1.46786e-05
xc2.xcore.vss__t301                 3.0319e-13
xc2.xcore.vss__t104                1.44811e-05
xc2.xcore.ibias__t205                  1.22494
xc2.xcore.tail__t326                    1.0232
xc2.xcore.vss__t302                 2.9911e-13
xc2.xcore.tail__t224                    1.0232
xc2.xcore.ibias__t204                  1.22494
xc2.xcore.vss__t206                1.42835e-05
xc2.xcore.vss__t303                 2.9503e-13
xc2.xcore.vss__t103                 1.4086e-05
xc2.xcore.ibias__t203                  1.22494
xc2.xcore.tail__t325                    1.0232
xc2.xcore.vss__t304                 2.9095e-13
xc2.xcore.tail__t223                    1.0232
xc2.xcore.ibias__t202                  1.22494
xc2.xcore.vss__t205                1.38886e-05
xc2.xcore.vss__t305                2.86871e-13
xc2.xcore.vss__t102                1.36911e-05
xc2.xcore.ibias__t201                  1.22494
xc2.xcore.tail__t324                    1.0232
xc2.xcore.vss__t306                2.82792e-13
xc2.xcore.tail__t222                    1.0232
xc2.xcore.ibias__t200                  1.22494
xc2.xcore.vss__t204                1.34937e-05
xc2.xcore.vss__t307                2.78713e-13
xc2.xcore.vss__t101                1.32962e-05
xc2.xcore.ibias__t199                  1.22494
xc2.xcore.tail__t323                    1.0232
xc2.xcore.vss__t308                2.74635e-13
xc2.xcore.tail__t221                    1.0232
xc2.xcore.ibias__t198                  1.22494
xc2.xcore.vss__t203                1.30988e-05
xc2.xcore.vss__t309                2.70558e-13
xc2.xcore.vss__t100                1.29015e-05
xc2.xcore.ibias__t197                  1.22494
xc2.xcore.tail__t322                    1.0232
xc2.xcore.vss__t310                 2.6648e-13
xc2.xcore.tail__t220                   1.02321
xc2.xcore.ibias__t196                  1.22494
xc2.xcore.vss__t202                1.27041e-05
xc2.xcore.vss__t311                2.62404e-13
xc2.xcore.vss__t80                 1.25068e-05
xc2.xcore.ibias__t157                  1.22494
xc2.xcore.tail__t306                   1.02321
xc2.xcore.vss__t312                2.58328e-13
xc2.xcore.tail__t185                   1.02321
xc2.xcore.ibias__t116                  1.22494
xc2.xcore.vss__t162                1.23095e-05
xc2.xcore.vss__t313                2.54252e-13
xc2.xcore.vss__t59                 1.21122e-05
xc2.xcore.ibias__t115                  1.22494
xc2.xcore.tail__t285                   1.02321
xc2.xcore.vss__t314                2.50177e-13
xc2.xcore.tail__t184                   1.02321
xc2.xcore.ibias__t114                  1.22494
xc2.xcore.vss__t161                1.19149e-05
xc2.xcore.vss__t315                2.46103e-13
xc2.xcore.vss__t71                 1.17177e-05
xc2.xcore.ibias__t139                  1.22494
xc2.xcore.tail__t297                   1.02321
xc2.xcore.vss__t316                2.42029e-13
xc2.xcore.tail__t196                   1.02321
xc2.xcore.ibias__t138                  1.22494
xc2.xcore.vss__t173                1.15205e-05
xc2.xcore.vss__t317                2.37956e-13
xc2.xcore.vss__t70                 1.13234e-05
xc2.xcore.ibias__t137                  1.22494
xc2.xcore.tail__t296                   1.02321
xc2.xcore.vss__t318                2.33883e-13
xc2.xcore.tail__t195                   1.02321
xc2.xcore.ibias__t136                  1.22494
xc2.xcore.vss__t172                1.11263e-05
xc2.xcore.vss__t319                2.29812e-13
xc2.xcore.vss__t69                 1.09292e-05
xc2.xcore.ibias__t135                  1.22494
xc2.xcore.tail__t295                   1.02321
xc2.xcore.vss__t320                2.25741e-13
xc2.xcore.tail__t194                   1.02321
xc2.xcore.ibias__t134                  1.22494
xc2.xcore.vss__t171                1.07322e-05
xc2.xcore.vss__t321                2.21671e-13
xc2.xcore.vss__t61                 1.05352e-05
xc2.xcore.ibias__t119                  1.22494
xc2.xcore.tail__t287                   1.02321
xc2.xcore.vss__t322                2.17602e-13
xc2.xcore.tail__t179                   1.02321
xc2.xcore.ibias__t103                  1.22494
xc2.xcore.vss__t156                1.03382e-05
xc2.xcore.vss__t323                2.13533e-13
xc2.xcore.vss__t48                 1.01413e-05
xc2.xcore.ibias__t92                   1.22494
xc2.xcore.tail__t274                   1.02321
xc2.xcore.vss__t324                2.09466e-13
xc2.xcore.tail__t178                   1.02321
xc2.xcore.ibias__t102                  1.22494
xc2.xcore.vss__t155                9.94445e-06
xc2.xcore.vss__t325                  2.054e-13
xc2.xcore.vss__t52                 9.74764e-06
xc2.xcore.ibias__t101                  1.22494
xc2.xcore.tail__t278                   1.02321
xc2.xcore.vss__t326                2.01335e-13
xc2.xcore.tail__t177                   1.02321
xc2.xcore.ibias__t100                  1.22494
xc2.xcore.vss__t154                9.55089e-06
xc2.xcore.vss__t327                1.97271e-13
xc2.xcore.vss__t51                  9.3542e-06
xc2.xcore.ibias__t99                   1.22494
xc2.xcore.tail__t277                   1.02321
xc2.xcore.vss__t328                1.93208e-13
xc2.xcore.tail__t176                   1.02321
xc2.xcore.ibias__t98                   1.22494
xc2.xcore.vss__t153                9.15758e-06
xc2.xcore.vss__t329                1.89146e-13
xc2.xcore.vss__t58                 8.96102e-06
xc2.xcore.ibias__t113                  1.22494
xc2.xcore.tail__t284                   1.02321
xc2.xcore.vss__t330                1.85086e-13
xc2.xcore.tail__t174                   1.02321
xc2.xcore.ibias__t96                   1.22494
xc2.xcore.vss__t151                8.76453e-06
xc2.xcore.vss__t331                1.81028e-13
xc2.xcore.vss__t50                 8.56812e-06
xc2.xcore.ibias__t95                   1.22494
xc2.xcore.tail__t276                   1.02321
xc2.xcore.vss__t332                1.76971e-13
xc2.xcore.tail__t173                   1.02321
xc2.xcore.ibias__t94                   1.22494
xc2.xcore.vss__t150                8.37179e-06
xc2.xcore.vss__t333                1.72915e-13
xc2.xcore.vss__t49                 8.17555e-06
xc2.xcore.ibias__t93                   1.22494
xc2.xcore.tail__t275                   1.02321
xc2.xcore.vss__t334                1.68862e-13
xc2.xcore.tail__t172                   1.02321
xc2.xcore.ibias__t91                   1.22494
xc2.xcore.vss__t149                 7.9794e-06
xc2.xcore.vss__t335                1.64811e-13
xc2.xcore.vss__t47                 7.78336e-06
xc2.xcore.ibias__t90                   1.22494
xc2.xcore.tail__t273                   1.02321
xc2.xcore.vss__t336                1.60761e-13
xc2.xcore.tail__t171                   1.02321
xc2.xcore.ibias__t89                   1.22494
xc2.xcore.vss__t148                7.58743e-06
xc2.xcore.vss__t337                1.56714e-13
xc2.xcore.vss__t46                 7.39161e-06
xc2.xcore.ibias__t88                   1.22494
xc2.xcore.tail__t272                   1.02321
xc2.xcore.vss__t338                 1.5267e-13
xc2.xcore.tail__t170                   1.02321
xc2.xcore.ibias__t87                   1.22494
xc2.xcore.vss__t147                7.19593e-06
xc2.xcore.vss__t339                1.48628e-13
xc2.xcore.vss__t45                 7.00038e-06
xc2.xcore.ibias__t86                   1.22494
xc2.xcore.tail__t271                   1.02321
xc2.xcore.vss__t340                1.44589e-13
xc2.xcore.tail__t169                   1.02322
xc2.xcore.ibias__t85                   1.22494
xc2.xcore.vss__t146                6.80498e-06
xc2.xcore.vss__t341                1.40553e-13
xc2.xcore.vss__t44                 6.60975e-06
xc2.xcore.ibias__t84                   1.22494
xc2.xcore.tail__t270                   1.02322
xc2.xcore.vss__t342                 1.3652e-13
xc2.xcore.tail__t168                   1.02322
xc2.xcore.ibias__t83                   1.22494
xc2.xcore.vss__t145                 6.4147e-06
xc2.xcore.vss__t343                1.32491e-13
xc2.xcore.vss__t66                 6.21985e-06
xc2.xcore.ibias__t129                  1.22494
xc2.xcore.tail__t292                   1.02322
xc2.xcore.vss__t344                1.28467e-13
xc2.xcore.tail__t199                   1.02322
xc2.xcore.ibias__t144                  1.22494
xc2.xcore.vss__t176                6.02521e-06
xc2.xcore.vss__t345                1.24446e-13
xc2.xcore.vss__t73                 5.83081e-06
xc2.xcore.ibias__t143                  1.22494
xc2.xcore.tail__t299                   1.02322
xc2.xcore.vss__t346                1.20431e-13
xc2.xcore.tail__t198                   1.02322
xc2.xcore.ibias__t142                  1.22494
xc2.xcore.vss__t175                5.63667e-06
xc2.xcore.vss__t347                1.16421e-13
xc2.xcore.vss__t72                 5.44282e-06
xc2.xcore.ibias__t141                  1.22494
xc2.xcore.tail__t298                   1.02322
xc2.xcore.vss__t348                1.12417e-13
xc2.xcore.outp__t53                    2.80449
xc2.xcore.inp__t1                       2.5245
xc2.xcore.tail__t0                     1.02329
xc2.xcore.vss__t460                1.24418e-10
xc2.xcore.tail__t119                   1.02329
xc2.xcore.inp__t53                      2.5245
xc2.xcore.outp__t52                    2.80448
xc2.xcore.vss__t462                1.25594e-10
xc2.xcore.outp__t46                    2.80448
xc2.xcore.inp__t52                      2.5245
xc2.xcore.tail__t118                   1.02329
xc2.xcore.vss__t463                1.26769e-10
xc2.xcore.tail__t58                    1.02329
xc2.xcore.inp__t61                      2.5245
xc2.xcore.outp__t82                    2.80448
xc2.xcore.vss__t464                1.27944e-10
xc2.xcore.outp__t30                    2.80448
xc2.xcore.inp__t24                      2.5245
xc2.xcore.tail__t98                    1.02329
xc2.xcore.vss__t465                1.29119e-10
xc2.xcore.tail__t38                    1.02329
xc2.xcore.inp__t23                      2.5245
xc2.xcore.outp__t64                    2.80448
xc2.xcore.vss__t466                1.30294e-10
xc2.xcore.outp__t29                    2.80448
xc2.xcore.inp__t22                      2.5245
xc2.xcore.tail__t97                    1.02329
xc2.xcore.vss__t467                 1.3147e-10
xc2.xcore.tail__t37                     1.0233
xc2.xcore.inp__t21                      2.5245
xc2.xcore.outp__t63                    2.80448
xc2.xcore.vss__t468                1.32645e-10
xc2.xcore.outp__t28                    2.80447
xc2.xcore.inp__t20                      2.5245
xc2.xcore.tail__t96                     1.0233
xc2.xcore.vss__t469                 1.3382e-10
xc2.xcore.tail__t36                     1.0233
xc2.xcore.inp__t19                      2.5245
xc2.xcore.outp__t62                    2.80447
xc2.xcore.vss__t470                1.34995e-10
xc2.xcore.outp__t27                    2.80447
xc2.xcore.inp__t18                      2.5245
xc2.xcore.tail__t95                     1.0233
xc2.xcore.vss__t471                 1.3617e-10
xc2.xcore.tail__t35                     1.0233
xc2.xcore.inp__t17                      2.5245
xc2.xcore.outp__t61                    2.80447
xc2.xcore.vss__t472                1.37345e-10
xc2.xcore.outp__t26                    2.80447
xc2.xcore.inp__t16                      2.5245
xc2.xcore.tail__t94                     1.0233
xc2.xcore.vss__t473                 1.3852e-10
xc2.xcore.tail__t33                     1.0233
xc2.xcore.inp__t15                      2.5245
xc2.xcore.outp__t60                    2.80447
xc2.xcore.vss__t474                1.39695e-10
xc2.xcore.outp__t47                    2.80446
xc2.xcore.inp__t54                      2.5245
xc2.xcore.tail__t120                    1.0233
xc2.xcore.vss__t475                 1.4087e-10
xc2.xcore.tail__t54                     1.0233
xc2.xcore.inp__t55                      2.5245
xc2.xcore.outp__t78                    2.80446
xc2.xcore.vss__t476                1.42046e-10
xc2.xcore.outp__t51                    2.80446
xc2.xcore.inp__t63                      2.5245
xc2.xcore.tail__t126                    1.0233
xc2.xcore.vss__t477                1.43221e-10
xc2.xcore.tail__t57                     1.0233
xc2.xcore.inp__t60                      2.5245
xc2.xcore.outp__t81                    2.80446
xc2.xcore.vss__t478                1.44396e-10
xc2.xcore.outp__t49                    2.80446
xc2.xcore.inp__t59                      2.5245
xc2.xcore.tail__t122                    1.0233
xc2.xcore.vss__t479                1.45571e-10
xc2.xcore.tail__t56                     1.0233
xc2.xcore.inp__t58                      2.5245
xc2.xcore.outp__t80                    2.80446
xc2.xcore.vss__t480                1.46746e-10
xc2.xcore.outp__t48                    2.80445
xc2.xcore.inp__t57                      2.5245
xc2.xcore.tail__t121                   1.02331
xc2.xcore.vss__t481                 1.4792e-10
xc2.xcore.tail__t55                    1.02331
xc2.xcore.inp__t56                      2.5245
xc2.xcore.outp__t79                    2.80445
xc2.xcore.vss__t482                1.49095e-10
xc2.xcore.outp__t24                    2.80445
xc2.xcore.inp__t11                      2.5245
xc2.xcore.tail__t92                    1.02331
xc2.xcore.vss__t483                 1.5027e-10
xc2.xcore.tail__t30                    1.02331
xc2.xcore.inp__t10                      2.5245
xc2.xcore.outp__t57                    2.80445
xc2.xcore.vss__t484                1.51445e-10
xc2.xcore.outp__t23                    2.80445
xc2.xcore.inp__t9                       2.5245
xc2.xcore.tail__t88                    1.02331
xc2.xcore.vss__t485                 1.5262e-10
xc2.xcore.tail__t32                    1.02331
xc2.xcore.inp__t14                      2.5245
xc2.xcore.outp__t59                    2.80445
xc2.xcore.vss__t486                1.53795e-10
xc2.xcore.outp__t25                    2.80445
xc2.xcore.inp__t13                      2.5245
xc2.xcore.tail__t93                    1.02331
xc2.xcore.vss__t487                 1.5497e-10
xc2.xcore.tail__t60                    1.02331
xc2.xcore.inp__t0                       2.5245
xc2.xcore.outp__t83                    2.80444
xc2.xcore.vss__t488                1.56144e-10
xc2.xcore.outp__t50                    2.80444
xc2.xcore.inp__t62                      2.5245
xc2.xcore.tail__t123                   1.02331
xc2.xcore.vss__t489                1.57319e-10
xc2.xcore.tail__t42                    1.02331
xc2.xcore.inp__t29                      2.5245
xc2.xcore.outp__t67                    2.80444
xc2.xcore.vss__t490                1.58494e-10
xc2.xcore.outp__t32                    2.80444
xc2.xcore.inp__t28                      2.5245
xc2.xcore.tail__t102                   1.02331
xc2.xcore.vss__t491                1.59668e-10
xc2.xcore.tail__t41                    1.02331
xc2.xcore.inp__t27                      2.5245
xc2.xcore.outp__t66                    2.80444
xc2.xcore.vss__t492                1.60843e-10
xc2.xcore.outp__t31                    2.80444
xc2.xcore.inp__t26                      2.5245
xc2.xcore.tail__t101                   1.02331
xc2.xcore.vss__t493                1.62018e-10
xc2.xcore.tail__t40                    1.02332
xc2.xcore.inp__t25                      2.5245
xc2.xcore.outp__t65                    2.80443
xc2.xcore.vss__t494                1.63192e-10
xc2.xcore.outp__t20                    2.80443
xc2.xcore.inp__t4                       2.5245
xc2.xcore.tail__t74                    1.02332
xc2.xcore.vss__t495                1.64367e-10
xc2.xcore.tail__t14                    1.02332
xc2.xcore.inp__t3                       2.5245
xc2.xcore.outp__t54                    2.80443
xc2.xcore.vss__t496                1.65541e-10
xc2.xcore.outp__t22                    2.80443
xc2.xcore.inp__t7                       2.5245
xc2.xcore.tail__t76                    1.02332
xc2.xcore.vss__t497                1.66716e-10
xc2.xcore.tail__t16                    1.02332
xc2.xcore.inp__t6                       2.5245
xc2.xcore.outp__t55                    2.80443
xc2.xcore.vss__t498                 1.6789e-10
xc2.xcore.outp__t21                    2.80443
xc2.xcore.inp__t5                       2.5245
xc2.xcore.tail__t75                    1.02332
xc2.xcore.vss__t499                1.69065e-10
xc2.xcore.tail__t19                    1.02332
xc2.xcore.inp__t8                       2.5245
xc2.xcore.outp__t56                    2.80442
xc2.xcore.vss__t500                1.70239e-10
xc2.xcore.outp__t45                    2.80442
xc2.xcore.inp__t50                      2.5245
xc2.xcore.tail__t116                   1.02332
xc2.xcore.vss__t501                1.71413e-10
xc2.xcore.tail__t51                    1.02332
xc2.xcore.inp__t49                      2.5245
xc2.xcore.outp__t76                    2.80442
xc2.xcore.vss__t502                1.72588e-10
xc2.xcore.outp__t44                    2.80442
xc2.xcore.inp__t48                      2.5245
xc2.xcore.tail__t115                   1.02332
xc2.xcore.vss__t503                1.73762e-10
xc2.xcore.tail__t50                    1.02332
xc2.xcore.inp__t47                      2.5245
xc2.xcore.outp__t75                    2.80442
xc2.xcore.vss__t504                1.74936e-10
xc2.xcore.outp__t43                    2.80442
xc2.xcore.inp__t46                      2.5245
xc2.xcore.tail__t114                   1.02332
xc2.xcore.vss__t505                 1.7611e-10
xc2.xcore.tail__t49                    1.02332
xc2.xcore.inp__t45                      2.5245
xc2.xcore.outp__t74                    2.80442
xc2.xcore.vss__t506                1.77284e-10
xc2.xcore.outp__t42                    2.80441
xc2.xcore.inp__t44                      2.5245
xc2.xcore.tail__t113                   1.02333
xc2.xcore.vss__t507                1.78459e-10
xc2.xcore.tail__t48                    1.02333
xc2.xcore.inp__t43                      2.5245
xc2.xcore.outp__t73                    2.80441
xc2.xcore.vss__t508                1.79633e-10
xc2.xcore.outp__t41                    2.80441
xc2.xcore.inp__t42                      2.5245
xc2.xcore.tail__t112                   1.02333
xc2.xcore.vss__t509                1.80807e-10
xc2.xcore.tail__t47                    1.02333
xc2.xcore.inp__t41                      2.5245
xc2.xcore.outp__t72                    2.80441
xc2.xcore.vss__t510                1.81981e-10
xc2.xcore.outp__t40                    2.80441
xc2.xcore.inp__t40                      2.5245
xc2.xcore.tail__t111                   1.02333
xc2.xcore.vss__t511                1.83155e-10
xc2.xcore.tail__t46                    1.02333
xc2.xcore.inp__t39                      2.5245
xc2.xcore.outp__t71                    2.80441
xc2.xcore.vss__t512                1.84329e-10
xc2.xcore.outp__t39                     2.8044
xc2.xcore.inp__t38                      2.5245
xc2.xcore.tail__t110                   1.02333
xc2.xcore.vss__t513                1.85502e-10
xc2.xcore.tail__t53                    1.02333
xc2.xcore.inp__t51                      2.5245
xc2.xcore.outp__t77                     2.8044
xc2.xcore.vss__t514                1.86676e-10
xc2.xcore.outp__t38                     2.8044
xc2.xcore.inp__t37                      2.5245
xc2.xcore.tail__t108                   1.02333
xc2.xcore.vss__t515                 1.8785e-10
xc2.xcore.tail__t45                    1.02333
xc2.xcore.inp__t36                      2.5245
xc2.xcore.outp__t70                     2.8044
xc2.xcore.vss__t516                1.89024e-10
xc2.xcore.outp__t37                     2.8044
xc2.xcore.inp__t35                      2.5245
xc2.xcore.tail__t107                   1.02333
xc2.xcore.vss__t517                1.90198e-10
xc2.xcore.tail__t44                    1.02333
xc2.xcore.inp__t34                      2.5245
xc2.xcore.outp__t69                     2.8044
xc2.xcore.vss__t518                1.91371e-10
xc2.xcore.outp__t36                    2.80439
xc2.xcore.inp__t33                      2.5245
xc2.xcore.tail__t106                   1.02333
xc2.xcore.vss__t519                1.92545e-10
xc2.xcore.tail__t31                    1.02334
xc2.xcore.inp__t12                      2.5245
xc2.xcore.outp__t58                    2.80439
xc2.xcore.vss__t520                1.93718e-10
xc2.xcore.outp__t35                    2.80439
xc2.xcore.inp__t32                      2.5245
xc2.xcore.tail__t104                   1.02334
xc2.xcore.vss__t521                1.94892e-10
xc2.xcore.tail__t43                    1.02334
xc2.xcore.inp__t31                      2.5245
xc2.xcore.outp__t68                    2.80439
xc2.xcore.vss__t522                1.96066e-10
xc2.xcore.outp__t33                    2.80439
xc2.xcore.inp__t30                      2.5245
xc2.xcore.tail__t103                   1.02334
xc2.xcore.vss__t523                1.97239e-10
xc2.xcore.tail__t1                     1.02334
xc2.xcore.inp__t2                       2.5245
xc2.xcore.outp__t34                    2.80439
xc2.xcore.vss__t586                1.98412e-10
xc2.xcore.ibias__t215                  1.22221
xc2.xcore.ibias__t3                    1.22494
xc2.xcore.vss__t2                  2.51857e-05
xc2.xcore.vss__t459                6.27062e-13
xc2.xcore.vss__t81                 2.49859e-05
xc2.xcore.ibias__t158                  1.22494
xc2.xcore.ibias__t216                  1.22224
xc2.xcore.vss__t448                6.22109e-13
xc2.xcore.ibias__t213                  1.22227
xc2.xcore.ibias__t171                  1.22494
xc2.xcore.vss__t190                2.47861e-05
xc2.xcore.vss__t449                6.17155e-13
xc2.xcore.vss__t83                 2.45863e-05
xc2.xcore.ibias__t163                  1.22494
xc2.xcore.ibias__t218                   1.2223
xc2.xcore.vss__t450                6.12202e-13
xc2.xcore.ibias__t212                  1.22233
xc2.xcore.ibias__t162                  1.22494
xc2.xcore.vss__t185                2.43865e-05
xc2.xcore.vss__t451                6.07248e-13
xc2.xcore.vss__t89                 2.41867e-05
xc2.xcore.ibias__t177                  1.22494
xc2.xcore.ibias__t219                  1.22236
xc2.xcore.vss__t452                6.02293e-13
xc2.xcore.ibias__t211                  1.22239
xc2.xcore.ibias__t160                  1.22494
xc2.xcore.vss__t183                2.39868e-05
xc2.xcore.vss__t453                5.97339e-13
xc2.xcore.vss__t82                  2.3787e-05
xc2.xcore.ibias__t159                  1.22494
xc2.xcore.ibias__t217                  1.22242
xc2.xcore.vss__t454                5.92384e-13
xc2.xcore.ibias__t214                  1.22245
xc2.xcore.ibias__t174                  1.22494
xc2.xcore.vss__t192                2.35872e-05
xc2.xcore.vss__t455                5.87429e-13
xc2.xcore.vss__t3                  2.33874e-05
xc2.xcore.ibias__t4                    1.22494
xc2.xcore.ibias__t210                  1.22248
xc2.xcore.vss__t457                5.82473e-13
xc2.xcore.outn__t52                        3.3
xc2.xcore.inn__t1                       1.6335
xc2.xcore.tail__t3                     1.02323
xc2.xcore.vss__t461                1.48404e-12
xc2.xcore.tail__t62                    1.02323
xc2.xcore.inn__t58                      1.6335
xc2.xcore.outn__t81                        3.3
xc2.xcore.vss__t524                1.49812e-12
xc2.xcore.outn__t49                        3.3
xc2.xcore.inn__t59                      1.6335
xc2.xcore.tail__t124                   1.02323
xc2.xcore.vss__t525                1.51221e-12
xc2.xcore.tail__t63                    1.02323
xc2.xcore.inn__t60                      1.6335
xc2.xcore.outn__t82                        3.3
xc2.xcore.vss__t526                1.52629e-12
xc2.xcore.outn__t50                        3.3
xc2.xcore.inn__t61                      1.6335
xc2.xcore.tail__t125                   1.02323
xc2.xcore.vss__t527                1.54038e-12
xc2.xcore.tail__t64                    1.02323
xc2.xcore.inn__t62                      1.6335
xc2.xcore.outn__t83                        3.3
xc2.xcore.vss__t528                1.55446e-12
xc2.xcore.outn__t46                        3.3
xc2.xcore.inn__t52                      1.6335
xc2.xcore.tail__t105                   1.02323
xc2.xcore.vss__t529                1.56855e-12
xc2.xcore.tail__t15                    1.02323
xc2.xcore.inn__t21                      1.6335
xc2.xcore.outn__t63                        3.3
xc2.xcore.vss__t530                1.58263e-12
xc2.xcore.outn__t45                        3.3
xc2.xcore.inn__t51                      1.6335
xc2.xcore.tail__t100                   1.02323
xc2.xcore.vss__t531                1.59672e-12
xc2.xcore.tail__t34                    1.02323
xc2.xcore.inn__t48                      1.6335
xc2.xcore.outn__t76                        3.3
xc2.xcore.vss__t532                 1.6108e-12
xc2.xcore.outn__t44                        3.3
xc2.xcore.inn__t50                      1.6335
xc2.xcore.tail__t99                    1.02323
xc2.xcore.vss__t533                1.62489e-12
xc2.xcore.tail__t61                    1.02323
xc2.xcore.inn__t57                      1.6335
xc2.xcore.outn__t80                        3.3
xc2.xcore.vss__t534                1.63898e-12
xc2.xcore.outn__t40                        3.3
xc2.xcore.inn__t42                      1.6335
xc2.xcore.tail__t87                    1.02323
xc2.xcore.vss__t535                1.65306e-12
xc2.xcore.tail__t27                    1.02323
xc2.xcore.inn__t41                      1.6335
xc2.xcore.outn__t73                        3.3
xc2.xcore.vss__t536                1.66715e-12
xc2.xcore.outn__t39                        3.3
xc2.xcore.inn__t40                      1.6335
xc2.xcore.tail__t86                    1.02323
xc2.xcore.vss__t537                1.68124e-12
xc2.xcore.tail__t26                    1.02323
xc2.xcore.inn__t39                      1.6335
xc2.xcore.outn__t72                        3.3
xc2.xcore.vss__t538                1.69533e-12
xc2.xcore.outn__t38                        3.3
xc2.xcore.inn__t38                      1.6335
xc2.xcore.tail__t85                    1.02323
xc2.xcore.vss__t539                1.70941e-12
xc2.xcore.tail__t25                    1.02323
xc2.xcore.inn__t37                      1.6335
xc2.xcore.outn__t71                        3.3
xc2.xcore.vss__t540                 1.7235e-12
xc2.xcore.outn__t47                        3.3
xc2.xcore.inn__t53                      1.6335
xc2.xcore.tail__t109                   1.02323
xc2.xcore.vss__t541                1.73759e-12
xc2.xcore.tail__t52                    1.02323
xc2.xcore.inn__t55                      1.6335
xc2.xcore.outn__t78                        3.3
xc2.xcore.vss__t542                1.75168e-12
xc2.xcore.outn__t48                        3.3
xc2.xcore.inn__t54                      1.6335
xc2.xcore.tail__t117                   1.02323
xc2.xcore.vss__t543                1.76577e-12
xc2.xcore.tail__t39                    1.02323
xc2.xcore.inn__t49                      1.6335
xc2.xcore.outn__t77                        3.3
xc2.xcore.vss__t544                1.77986e-12
xc2.xcore.outn__t41                        3.3
xc2.xcore.inn__t43                      1.6335
xc2.xcore.tail__t89                    1.02323
xc2.xcore.vss__t545                1.79395e-12
xc2.xcore.tail__t29                    1.02323
xc2.xcore.inn__t47                      1.6335
xc2.xcore.outn__t75                        3.3
xc2.xcore.vss__t546                1.80804e-12
xc2.xcore.outn__t43                        3.3
xc2.xcore.inn__t46                      1.6335
xc2.xcore.tail__t91                    1.02323
xc2.xcore.vss__t547                1.82213e-12
xc2.xcore.tail__t28                    1.02323
xc2.xcore.inn__t45                      1.6335
xc2.xcore.outn__t74                        3.3
xc2.xcore.vss__t548                1.83622e-12
xc2.xcore.outn__t42                        3.3
xc2.xcore.inn__t44                      1.6335
xc2.xcore.tail__t90                    1.02323
xc2.xcore.vss__t549                1.85031e-12
xc2.xcore.tail__t59                    1.02323
xc2.xcore.inn__t56                      1.6335
xc2.xcore.outn__t79                        3.3
xc2.xcore.vss__t550                 1.8644e-12
xc2.xcore.outn__t51                        3.3
xc2.xcore.inn__t63                      1.6335
xc2.xcore.tail__t127                   1.02323
xc2.xcore.vss__t551                1.87849e-12
xc2.xcore.tail__t13                    1.02323
xc2.xcore.inn__t19                      1.6335
xc2.xcore.outn__t62                        3.3
xc2.xcore.vss__t552                1.89258e-12
xc2.xcore.outn__t28                        3.3
xc2.xcore.inn__t18                      1.6335
xc2.xcore.tail__t72                    1.02323
xc2.xcore.vss__t553                1.90667e-12
xc2.xcore.tail__t12                    1.02323
xc2.xcore.inn__t17                      1.6335
xc2.xcore.outn__t61                        3.3
xc2.xcore.vss__t554                1.92077e-12
xc2.xcore.outn__t27                        3.3
xc2.xcore.inn__t16                      1.6335
xc2.xcore.tail__t71                    1.02323
xc2.xcore.vss__t555                1.93486e-12
xc2.xcore.tail__t11                    1.02323
xc2.xcore.inn__t15                      1.6335
xc2.xcore.outn__t60                        3.3
xc2.xcore.vss__t556                1.94895e-12
xc2.xcore.outn__t26                        3.3
xc2.xcore.inn__t14                      1.6335
xc2.xcore.tail__t70                    1.02323
xc2.xcore.vss__t557                1.96304e-12
xc2.xcore.tail__t10                    1.02323
xc2.xcore.inn__t13                      1.6335
xc2.xcore.outn__t59                        3.3
xc2.xcore.vss__t558                1.97714e-12
xc2.xcore.outn__t25                        3.3
xc2.xcore.inn__t12                      1.6335
xc2.xcore.tail__t69                    1.02323
xc2.xcore.vss__t559                1.99123e-12
xc2.xcore.tail__t6                     1.02323
xc2.xcore.inn__t5                       1.6335
xc2.xcore.outn__t55                        3.3
xc2.xcore.vss__t560                2.00532e-12
xc2.xcore.outn__t24                        3.3
xc2.xcore.inn__t11                      1.6335
xc2.xcore.tail__t68                    1.02323
xc2.xcore.vss__t561                2.01941e-12
xc2.xcore.tail__t4                     1.02323
xc2.xcore.inn__t2                       1.6335
xc2.xcore.outn__t53                        3.3
xc2.xcore.vss__t562                2.03351e-12
xc2.xcore.outn__t21                        3.3
xc2.xcore.inn__t3                       1.6335
xc2.xcore.tail__t65                    1.02323
xc2.xcore.vss__t563                 2.0476e-12
xc2.xcore.tail__t5                     1.02323
xc2.xcore.inn__t4                       1.6335
xc2.xcore.outn__t54                        3.3
xc2.xcore.vss__t564                2.06169e-12
xc2.xcore.outn__t22                        3.3
xc2.xcore.inn__t6                       1.6335
xc2.xcore.tail__t66                    1.02323
xc2.xcore.vss__t565                2.07579e-12
xc2.xcore.tail__t7                     1.02323
xc2.xcore.inn__t7                       1.6335
xc2.xcore.outn__t56                        3.3
xc2.xcore.vss__t566                2.08988e-12
xc2.xcore.outn__t23                        3.3
xc2.xcore.inn__t8                       1.6335
xc2.xcore.tail__t67                    1.02323
xc2.xcore.vss__t567                2.10397e-12
xc2.xcore.tail__t8                     1.02323
xc2.xcore.inn__t9                       1.6335
xc2.xcore.outn__t57                        3.3
xc2.xcore.vss__t568                2.11807e-12
xc2.xcore.outn__t29                        3.3
xc2.xcore.inn__t20                      1.6335
xc2.xcore.tail__t73                    1.02323
xc2.xcore.vss__t569                2.13216e-12
xc2.xcore.tail__t9                     1.02323
xc2.xcore.inn__t10                      1.6335
xc2.xcore.outn__t58                        3.3
xc2.xcore.vss__t570                2.14626e-12
xc2.xcore.outn__t36                        3.3
xc2.xcore.inn__t35                      1.6335
xc2.xcore.tail__t83                    1.02323
xc2.xcore.vss__t571                2.16035e-12
xc2.xcore.tail__t24                    1.02323
xc2.xcore.inn__t34                      1.6335
xc2.xcore.outn__t70                        3.3
xc2.xcore.vss__t572                2.17445e-12
xc2.xcore.outn__t35                        3.3
xc2.xcore.inn__t33                      1.6335
xc2.xcore.tail__t82                    1.02323
xc2.xcore.vss__t573                2.18854e-12
xc2.xcore.tail__t23                    1.02323
xc2.xcore.inn__t32                      1.6335
xc2.xcore.outn__t69                        3.3
xc2.xcore.vss__t574                2.20264e-12
xc2.xcore.outn__t34                        3.3
xc2.xcore.inn__t31                      1.6335
xc2.xcore.tail__t81                    1.02323
xc2.xcore.vss__t575                2.21673e-12
xc2.xcore.tail__t22                    1.02323
xc2.xcore.inn__t30                      1.6335
xc2.xcore.outn__t68                        3.3
xc2.xcore.vss__t576                2.23083e-12
xc2.xcore.outn__t33                        3.3
xc2.xcore.inn__t29                      1.6335
xc2.xcore.tail__t80                    1.02323
xc2.xcore.vss__t577                2.24492e-12
xc2.xcore.tail__t21                    1.02323
xc2.xcore.inn__t28                      1.6335
xc2.xcore.outn__t67                        3.3
xc2.xcore.vss__t578                2.25902e-12
xc2.xcore.outn__t32                        3.3
xc2.xcore.inn__t27                      1.6335
xc2.xcore.tail__t79                    1.02323
xc2.xcore.vss__t579                2.27311e-12
xc2.xcore.tail__t20                    1.02323
xc2.xcore.inn__t26                      1.6335
xc2.xcore.outn__t66                        3.3
xc2.xcore.vss__t580                2.28721e-12
xc2.xcore.outn__t37                        3.3
xc2.xcore.inn__t36                      1.6335
xc2.xcore.tail__t84                    1.02323
xc2.xcore.vss__t581                 2.3013e-12
xc2.xcore.tail__t18                    1.02323
xc2.xcore.inn__t25                      1.6335
xc2.xcore.outn__t65                        3.3
xc2.xcore.vss__t582                 2.3154e-12
xc2.xcore.outn__t31                        3.3
xc2.xcore.inn__t24                      1.6335
xc2.xcore.tail__t78                    1.02323
xc2.xcore.vss__t583                 2.3295e-12
xc2.xcore.tail__t17                    1.02323
xc2.xcore.inn__t23                      1.6335
xc2.xcore.outn__t64                        3.3
xc2.xcore.vss__t584                2.34359e-12
xc2.xcore.outn__t30                        3.3
xc2.xcore.inn__t22                      1.6335
xc2.xcore.tail__t77                    1.02323
xc2.xcore.vss__t585                2.35769e-12
xc2.xcore.tail__t2                     1.02323
xc2.xcore.inn__t0                       1.6335
xc2.xcore.outn__t20                        3.3
xc2.xcore.vss__t587                2.37178e-12
xc2.xcore.vss__t210                2.61147e-12
xc2.xcore.outp__t16                    2.80459
xc2.xcore.vss__t211                2.58078e-12
xc2.xcore.outp__t17                    2.80459
xc2.xcore.vss__t212                 2.5501e-12
xc2.xcore.outp__t18                    2.80459
xc2.xcore.vss__t213                2.51946e-12
xc2.xcore.outp__t19                    2.80459
xc2.xcore.vss__t214                2.48884e-12
xc2.xcore.outp__t0                     2.80459
xc2.xcore.vss__t215                2.45825e-12
xc2.xcore.outp__t1                     2.80459
xc2.xcore.vss__t216                2.42769e-12
xc2.xcore.outp__t2                     2.80459
xc2.xcore.vss__t217                2.39716e-12
xc2.xcore.outp__t3                     2.80459
xc2.xcore.vss__t218                2.36666e-12
xc2.xcore.outp__t4                     2.80459
xc2.xcore.vss__t219                2.33619e-12
xc2.xcore.outp__t15                    2.80459
xc2.xcore.vss__t220                2.30575e-12
xc2.xcore.outp__t6                     2.80459
xc2.xcore.vss__t221                2.27535e-12
xc2.xcore.outp__t7                     2.80459
xc2.xcore.vss__t222                2.24499e-12
xc2.xcore.outp__t8                     2.80459
xc2.xcore.vss__t223                2.21466e-12
xc2.xcore.outp__t9                     2.80459
xc2.xcore.vss__t224                2.18437e-12
xc2.xcore.outp__t10                    2.80459
xc2.xcore.vss__t225                2.15412e-12
xc2.xcore.outp__t11                    2.80459
xc2.xcore.vss__t226                2.12392e-12
xc2.xcore.outp__t12                    2.80459
xc2.xcore.vss__t227                2.09376e-12
xc2.xcore.outp__t13                    2.80459
xc2.xcore.vss__t228                2.06365e-12
xc2.xcore.outp__t14                    2.80459
xc2.xcore.vss__t229                2.03358e-12
xc2.xcore.outp__t5                     2.80459
xc2.xcore.vss__t230                2.18457e-12
xc2.xcore.outn__t0                         3.3
xc2.xcore.vss__t231                2.21955e-12
xc2.xcore.outn__t5                         3.3
xc2.xcore.vss__t232                 2.2546e-12
xc2.xcore.outn__t6                         3.3
xc2.xcore.vss__t233                2.28973e-12
xc2.xcore.outn__t7                         3.3
xc2.xcore.vss__t234                2.32492e-12
xc2.xcore.outn__t8                         3.3
xc2.xcore.vss__t235                2.36018e-12
xc2.xcore.outn__t9                         3.3
xc2.xcore.vss__t236                 2.3955e-12
xc2.xcore.outn__t10                        3.3
xc2.xcore.vss__t237                2.43089e-12
xc2.xcore.outn__t11                        3.3
xc2.xcore.vss__t238                2.46632e-12
xc2.xcore.outn__t12                        3.3
xc2.xcore.vss__t239                2.50181e-12
xc2.xcore.outn__t13                        3.3
xc2.xcore.vss__t240                2.53736e-12
xc2.xcore.outn__t14                        3.3
xc2.xcore.vss__t241                2.57295e-12
xc2.xcore.outn__t15                        3.3
xc2.xcore.vss__t242                2.60859e-12
xc2.xcore.outn__t16                        3.3
xc2.xcore.vss__t243                2.64428e-12
xc2.xcore.outn__t17                        3.3
xc2.xcore.vss__t244                2.68001e-12
xc2.xcore.outn__t19                        3.3
xc2.xcore.vss__t245                2.71579e-12
xc2.xcore.outn__t18                        3.3
xc2.xcore.vss__t246                 2.7516e-12
xc2.xcore.outn__t1                         3.3
xc2.xcore.vss__t247                2.78746e-12
xc2.xcore.outn__t2                         3.3
xc2.xcore.vss__t248                2.82335e-12
xc2.xcore.outn__t3                         3.3
xc2.xcore.vss__t249                2.85928e-12
xc2.xcore.outn__t4                         3.3
ib_c2                                  1.22494
xc2.xcore.vsubs                              0
outn_c2                                    3.3
outp_c2                                2.80459
xc2.tail                               1.02323
vd_c2                                 0.495405
ediff_c2#branch                              0
ediff_c1#branch                              0
ediff_c0#branch                              0
einref#branch                                0
vcomb0_7#branch                              0
vcomb1_7#branch                              0
vcomb0_6#branch                              0
vcomb1_6#branch                              0
vcomb0_5#branch                              0
vcomb1_5#branch                              0
vcomb0_4#branch                              0
vcomb1_4#branch                              0
vcomb0_3#branch                              0
vcomb1_3#branch                              0
vcomb0_2#branch                              0
vcomb1_2#branch                              0
vcomb0_1#branch                              0
vcomb1_1#branch                              0
vcomb0_0#branch                              0
vcomb1_0#branch                              0
vinn#branch                       -5.77588e-16
vinp#branch                       -1.52354e-14
vavcc#branch                        -0.0297244

 Reference value :  0.00000e+00
 Reference value :  1.34691e-09
 Reference value :  1.40358e-09
 Reference value :  1.44880e-09
 Reference value :  2.17506e-09
 Reference value :  2.71867e-09
 Reference value :  2.77362e-09
 Reference value :  2.83633e-09
 Reference value :  4.04046e-09
 Reference value :  4.09370e-09
 Reference value :  4.12762e-09
 Reference value :  4.54532e-09
 Reference value :  5.40463e-09
 Reference value :  5.46135e-09
 Reference value :  5.50869e-09
 Reference value :  6.61870e-09
 Reference value :  8.16481e-09
 Reference value :  9.43111e-09
 Reference value :  9.49527e-09
 Reference value :  9.55020e-09
 Reference value :  1.06166e-08
 Reference value :  1.08092e-08
 Reference value :  1.08552e-08
 Reference value :  1.09767e-08
 Reference value :  1.25412e-08
 Reference value :  1.42480e-08
 Reference value :  1.48373e-08
 Reference value :  1.48953e-08
 Reference value :  1.50287e-08
 Reference value :  1.65416e-08
 Reference value :  1.75197e-08
 Reference value :  1.75812e-08
 Reference value :  1.76292e-08
 Reference value :  1.87331e-08
 Reference value :  2.02021e-08
 Reference value :  2.02583e-08
 Reference value :  2.03041e-08
 Reference value :  2.10710e-08
 Reference value :  2.28488e-08
 Reference value :  2.29325e-08
 Reference value :  2.29812e-08
 Reference value :  2.32115e-08
 Reference value :  2.42491e-08
 Reference value :  2.43140e-08
 Reference value :  2.43709e-08
 Reference value :  2.55333e-08
 Reference value :  2.56250e-08
 Reference value :  2.56709e-08
 Reference value :  2.58113e-08
 Reference value :  2.69389e-08
 Reference value :  2.70015e-08
 Reference value :  2.70374e-08
 Reference value :  2.77992e-08
 Reference value :  2.83087e-08
 Reference value :  2.83629e-08
 Reference value :  2.84163e-08
 Reference value :  2.96296e-08
 Reference value :  2.96743e-08
 Reference value :  2.97131e-08
 Reference value :  2.99783e-08
 Reference value :  3.09893e-08
 Reference value :  3.10451e-08
 Reference value :  3.10808e-08
 Reference value :  3.13331e-08
 Reference value :  3.18382e-08
 Reference value :  3.23432e-08
 Reference value :  3.28325e-08
 Reference value :  3.33431e-08
 Reference value :  3.38398e-08
 Reference value :  3.43476e-08
 Reference value :  3.48583e-08
 Reference value :  3.53549e-08
 Reference value :  3.58628e-08
 Reference value :  3.63734e-08
 Reference value :  3.68701e-08
 Reference value :  3.73779e-08
 Reference value :  3.78788e-08
 Reference value :  3.83852e-08
 Reference value :  3.88903e-08
 Reference value :  3.93799e-08
 Reference value :  3.98850e-08
 Reference value :  4.03970e-08
 Reference value :  4.04406e-08
 Reference value :  4.04889e-08
 Reference value :  4.06412e-08
 Reference value :  4.11008e-08
 Reference value :  4.16103e-08
 Reference value :  4.21087e-08
 Reference value :  4.26160e-08
 Reference value :  4.31344e-08
 Reference value :  4.36261e-08
 Reference value :  4.41356e-08
 Reference value :  4.46328e-08
 Reference value :  4.51390e-08
 Reference value :  4.56463e-08
 Reference value :  4.61377e-08
 Reference value :  4.66428e-08
 Reference value :  4.71580e-08
 Reference value :  4.76445e-08
 Reference value :  4.81579e-08
 Reference value :  4.84927e-08
 Reference value :  4.85515e-08
 Reference value :  4.85893e-08
 Reference value :  4.88313e-08
 Reference value :  4.93466e-08
 Reference value :  4.98317e-08
 Reference value :  4.98810e-08
 Reference value :  4.99279e-08
 Reference value :  5.01684e-08
 Reference value :  5.06664e-08
 Reference value :  5.11645e-08
 Reference value :  5.16346e-08
 Reference value :  5.21706e-08
 Reference value :  5.26303e-08
 Reference value :  5.30850e-08
 Reference value :  5.35901e-08
 Reference value :  5.40682e-08
 Reference value :  5.45823e-08
 Reference value :  5.51052e-08
 Reference value :  5.55924e-08
 Reference value :  5.61153e-08
 Reference value :  5.65661e-08
 Reference value :  5.66168e-08
 Reference value :  5.66542e-08
 Reference value :  5.68005e-08
 Reference value :  5.72759e-08
 Reference value :  5.77809e-08
 Reference value :  5.82692e-08
 Reference value :  5.87742e-08
 Reference value :  5.92593e-08
 Reference value :  5.93037e-08
 Reference value :  5.93481e-08
 Reference value :  5.95568e-08
 Reference value :  6.00521e-08
 Reference value :  6.05572e-08
 Reference value :  6.09796e-08
 Reference value :  6.14846e-08
 Reference value :  6.19897e-08
 Reference value :  6.24813e-08
 Reference value :  6.29863e-08
 Reference value :  6.34880e-08
 Reference value :  6.39931e-08
 Reference value :  6.44981e-08
 Reference value :  6.46716e-08
 Reference value :  6.47265e-08
 Reference value :  6.47900e-08
 Reference value :  6.51529e-08
 Reference value :  6.56608e-08
 Reference value :  6.59977e-08
 Reference value :  6.60584e-08
 Reference value :  6.61086e-08
 Reference value :  6.63847e-08
 Reference value :  6.68718e-08
 Reference value :  6.73404e-08
 Reference value :  6.73889e-08
 Reference value :  6.74240e-08
 Reference value :  6.75295e-08
 Reference value :  6.80149e-08
 Reference value :  6.85199e-08
 Reference value :  6.87069e-08
 Reference value :  6.87705e-08
 Reference value :  6.88832e-08
 Reference value :  6.93645e-08
 Reference value :  6.98667e-08
 Reference value :  7.03564e-08
 Reference value :  7.08614e-08
 Reference value :  7.13665e-08
 Reference value :  7.18675e-08
 Reference value :  7.23726e-08
 Reference value :  7.27301e-08
 Reference value :  7.27866e-08
 Reference value :  7.28198e-08
 Reference value :  7.30275e-08
 Reference value :  7.35201e-08
 Reference value :  7.41648e-08
 Reference value :  7.46697e-08
 Reference value :  7.51747e-08
 Reference value :  7.56260e-08
 Reference value :  7.61311e-08
 Reference value :  7.66361e-08
 Reference value :  7.71255e-08
 Reference value :  7.76305e-08
 Reference value :  7.81147e-08
 Reference value :  7.81670e-08
 Reference value :  7.82107e-08
 Reference value :  7.84442e-08
 Reference value :  7.89422e-08
 Reference value :  7.94433e-08
 Reference value :  7.98885e-08
 Reference value :  8.04225e-08
 Reference value :  8.08092e-08
 Reference value :  8.08617e-08
 Reference value :  8.08966e-08
 Reference value :  8.10429e-08
 Reference value :  8.15048e-08
 Reference value :  8.20144e-08
 Reference value :  8.21839e-08
 Reference value :  8.22359e-08
 Reference value :  8.23339e-08
 Reference value :  8.28143e-08
 Reference value :  8.33193e-08
 Reference value :  8.37895e-08
 Reference value :  8.42945e-08
 Reference value :  8.48285e-08
 Reference value :  8.52757e-08
 Reference value :  8.57808e-08
 Reference value :  8.61956e-08
 Reference value :  8.62442e-08
 Reference value :  8.62826e-08
 Reference value :  8.64138e-08
 Reference value :  8.68920e-08
 Reference value :  8.73971e-08
 Reference value :  8.75687e-08
 Reference value :  8.76225e-08
 Reference value :  8.77126e-08
 Reference value :  8.81955e-08
 Reference value :  8.87025e-08
 Reference value :  8.89090e-08
 Reference value :  8.89639e-08
 Reference value :  8.90036e-08
 Reference value :  8.92624e-08
 Reference value :  8.97674e-08
 Reference value :  9.02725e-08
 Reference value :  9.07619e-08
 Reference value :  9.12669e-08
 Reference value :  9.15904e-08
 Reference value :  9.16502e-08
 Reference value :  9.17088e-08
 Reference value :  9.20735e-08
 Reference value :  9.25786e-08
 Reference value :  9.30776e-08
 Reference value :  9.35827e-08
 Reference value :  9.40877e-08
 Reference value :  9.42947e-08
 Reference value :  9.43468e-08
 Reference value :  9.43956e-08
 Reference value :  9.46496e-08
 Reference value :  9.51726e-08
 Reference value :  9.56776e-08
 Reference value :  9.61558e-08
 Reference value :  9.66608e-08
 Reference value :  9.71580e-08
 Reference value :  9.76631e-08
 Reference value :  9.81681e-08
 Reference value :  9.83390e-08
 Reference value :  9.83968e-08
 Reference value :  9.84856e-08
 Reference value :  9.89121e-08
 Reference value :  9.94172e-08
 Reference value :  9.96806e-08
 Reference value :  9.97340e-08
 Reference value :  9.97704e-08
 Reference value :  1.00021e-07
 Reference value :  1.00528e-07
 Reference value :  1.01010e-07
 Reference value :  1.01063e-07
 Reference value :  1.01104e-07
 Reference value :  1.01333e-07
 Reference value :  1.01838e-07
 Reference value :  1.02350e-07
 Reference value :  1.02393e-07
 Reference value :  1.02437e-07
 Reference value :  1.02526e-07
 Reference value :  1.02890e-07
 Reference value :  1.03377e-07
 Reference value :  1.03707e-07
 Reference value :  1.03766e-07
 Reference value :  1.03819e-07
 Reference value :  1.04095e-07
 Reference value :  1.04636e-07
 Reference value :  1.05131e-07
 Reference value :  1.05592e-07
 Reference value :  1.06088e-07
 Reference value :  1.06411e-07
 Reference value :  1.06464e-07
 Reference value :  1.06502e-07
 Reference value :  1.06738e-07
 Reference value :  1.07243e-07
 Reference value :  1.07748e-07
 Reference value :  1.08235e-07
 Reference value :  1.08740e-07
 Reference value :  1.09239e-07
 Reference value :  1.09715e-07
 Reference value :  1.10220e-07
 Reference value :  1.10634e-07
 Reference value :  1.11134e-07
 Reference value :  1.11637e-07
 Reference value :  1.12125e-07
 Reference value :  1.12630e-07
 Reference value :  1.13131e-07
 Reference value :  1.13174e-07
 Reference value :  1.13219e-07
 Reference value :  1.13410e-07
 Reference value :  1.13895e-07
 Reference value :  1.14400e-07
 Reference value :  1.14511e-07
 Reference value :  1.14558e-07
 Reference value :  1.14627e-07
 Reference value :  1.15004e-07
 Reference value :  1.15509e-07
 Reference value :  1.15833e-07
 Reference value :  1.15893e-07
 Reference value :  1.15955e-07
 Reference value :  1.16323e-07
 Reference value :  1.16828e-07
 Reference value :  1.17322e-07
 Reference value :  1.17831e-07
 Reference value :  1.18336e-07
 Reference value :  1.18837e-07
 Reference value :  1.19346e-07
 Reference value :  1.19851e-07
 Reference value :  1.20321e-07
 Reference value :  1.20827e-07
 Reference value :  1.21213e-07
 Reference value :  1.21266e-07
 Reference value :  1.21303e-07
 Reference value :  1.21496e-07
 Reference value :  1.21940e-07
 Reference value :  1.22445e-07
 Reference value :  1.22923e-07
 Reference value :  1.23455e-07
 Reference value :  1.23986e-07
 Reference value :  1.24465e-07
 Reference value :  1.25006e-07
 Reference value :  1.25263e-07
 Reference value :  1.25325e-07
 Reference value :  1.25383e-07
 Reference value :  1.25751e-07
 Reference value :  1.26256e-07
 Reference value :  1.26726e-07
 Reference value :  1.27195e-07
 Reference value :  1.27700e-07
 Reference value :  1.28142e-07
 Reference value :  1.28647e-07
 Reference value :  1.29152e-07
 Reference value :  1.29324e-07
 Reference value :  1.29373e-07
 Reference value :  1.29448e-07
 Reference value :  1.29826e-07
 Reference value :  1.30331e-07
 Reference value :  1.30648e-07
 Reference value :  1.30707e-07
 Reference value :  1.30766e-07
 Reference value :  1.31131e-07
 Reference value :  1.31636e-07
 Reference value :  1.32092e-07
 Reference value :  1.32582e-07
 Reference value :  1.33051e-07
 Reference value :  1.33347e-07
 Reference value :  1.33402e-07
 Reference value :  1.33445e-07
 Reference value :  1.33693e-07
 Reference value :  1.34198e-07
 Reference value :  1.34680e-07
 Reference value :  1.34727e-07
 Reference value :  1.34771e-07
 Reference value :  1.34997e-07
 Reference value :  1.35473e-07
 Reference value :  1.35949e-07
 Reference value :  1.36391e-07
 Reference value :  1.36897e-07
 Reference value :  1.37374e-07
 Reference value :  1.37427e-07
 Reference value :  1.37463e-07
 Reference value :  1.37657e-07
 Reference value :  1.38167e-07
 Reference value :  1.38672e-07
 Reference value :  1.39094e-07
 Reference value :  1.39590e-07
 Reference value :  1.40069e-07
 Reference value :  1.40127e-07
 Reference value :  1.40172e-07
 Reference value :  1.40424e-07
 Reference value :  1.40930e-07
 Reference value :  1.41414e-07
 Reference value :  1.41457e-07
 Reference value :  1.41497e-07
 Reference value :  1.41597e-07
 Reference value :  1.42074e-07
 Reference value :  1.42573e-07
 Reference value :  1.42957e-07
 Reference value :  1.43458e-07
 Reference value :  1.43963e-07
 Reference value :  1.44130e-07
 Reference value :  1.44188e-07
 Reference value :  1.44264e-07
 Reference value :  1.44650e-07
 Reference value :  1.45141e-07
 Reference value :  1.45464e-07
 Reference value :  1.45519e-07
 Reference value :  1.45548e-07
 Reference value :  1.45755e-07
 Reference value :  1.46247e-07
 Reference value :  1.46781e-07
 Reference value :  1.46836e-07
 Reference value :  1.46886e-07
 Reference value :  1.47039e-07
 Reference value :  1.47503e-07
 Reference value :  1.48008e-07
 Reference value :  1.48179e-07
 Reference value :  1.48228e-07
 Reference value :  1.48294e-07
 Reference value :  1.48673e-07
 Reference value :  1.49179e-07
 Reference value :  1.49667e-07
 Reference value :  1.50173e-07
 Reference value :  1.50678e-07
 Reference value :  1.50862e-07
 Reference value :  1.50922e-07
 Reference value :  1.51010e-07
 Reference value :  1.51495e-07
 Reference value :  1.52000e-07
 Reference value :  1.52207e-07
 Reference value :  1.52259e-07
 Reference value :  1.52296e-07
 Reference value :  1.52545e-07
 Reference value :  1.53050e-07
 Reference value :  1.53545e-07
 Reference value :  1.54033e-07
 Reference value :  1.54538e-07
 Reference value :  1.55009e-07
 Reference value :  1.55507e-07
 Reference value :  1.56012e-07
 Reference value :  1.56434e-07
 Reference value :  1.56957e-07
 Reference value :  1.57498e-07
 Reference value :  1.57607e-07
 Reference value :  1.57657e-07
 Reference value :  1.57764e-07
 Reference value :  1.58242e-07
 Reference value :  1.58756e-07
 Reference value :  1.58944e-07
 Reference value :  1.59000e-07
 Reference value :  1.59042e-07
 Reference value :  1.59314e-07
 Reference value :  1.59801e-07
 Reference value :  1.60306e-07
 Reference value :  1.60796e-07
 Reference value :  1.61299e-07
 Reference value :  1.61623e-07
 Reference value :  1.61684e-07
 Reference value :  1.61742e-07
 Reference value :  1.62114e-07
 Reference value :  1.62619e-07
 Reference value :  1.63117e-07
 Reference value :  1.63629e-07
 Reference value :  1.64134e-07
 Reference value :  1.64626e-07
 Reference value :  1.65132e-07
 Reference value :  1.65639e-07
 Reference value :  1.65691e-07
 Reference value :  1.65739e-07
 Reference value :  1.65827e-07
 Reference value :  1.66310e-07
 Reference value :  1.66815e-07
 Reference value :  1.67226e-07
 Reference value :  1.67731e-07
 Reference value :  1.68237e-07
 Reference value :  1.68382e-07
 Reference value :  1.68431e-07
 Reference value :  1.68529e-07
 Reference value :  1.69010e-07
 Reference value :  1.69515e-07
 Reference value :  1.69717e-07
 Reference value :  1.69772e-07
 Reference value :  1.69812e-07
 Reference value :  1.70062e-07
 Reference value :  1.70562e-07
 Reference value :  1.71044e-07
 Reference value :  1.71101e-07
 Reference value :  1.71143e-07
 Reference value :  1.71380e-07
 Reference value :  1.71886e-07
 Reference value :  1.72391e-07
 Reference value :  1.72878e-07
 Reference value :  1.73383e-07
 Reference value :  1.73741e-07
 Reference value :  1.73799e-07
 Reference value :  1.73833e-07
 Reference value :  1.74060e-07
 Reference value :  1.74565e-07
 Reference value :  1.75066e-07
 Reference value :  1.75119e-07
 Reference value :  1.75169e-07
 Reference value :  1.75321e-07
 Reference value :  1.75781e-07
 Reference value :  1.76286e-07
 Reference value :  1.76460e-07
 Reference value :  1.76511e-07
 Reference value :  1.76570e-07
 Reference value :  1.76940e-07
 Reference value :  1.77451e-07
 Reference value :  1.77948e-07
 Reference value :  1.78455e-07
 Reference value :  1.78966e-07
 Reference value :  1.79461e-07
 Reference value :  1.79959e-07
 Reference value :  1.80464e-07
 Reference value :  1.80508e-07
 Reference value :  1.80557e-07
 Reference value :  1.80709e-07
 Reference value :  1.81168e-07
 Reference value :  1.81673e-07
 Reference value :  1.81847e-07
 Reference value :  1.81898e-07
 Reference value :  1.81961e-07
 Reference value :  1.82333e-07
 Reference value :  1.82852e-07
 Reference value :  1.83357e-07
 Reference value :  1.83875e-07
 Reference value :  1.84398e-07
 Reference value :  1.84872e-07
 Reference value :  1.85381e-07
 Reference value :  1.85859e-07
 Reference value :  1.85911e-07
 Reference value :  1.85953e-07
 Reference value :  1.86195e-07
 Reference value :  1.86702e-07
 Reference value :  1.87207e-07
 Reference value :  1.87734e-07
 Reference value :  1.88412e-07
 Reference value :  1.88587e-07
 Reference value :  1.88642e-07
 Reference value :  1.88871e-07
 Reference value :  1.89484e-07
 Reference value :  1.90069e-07
 Reference value :  1.90596e-07
 Reference value :  1.91101e-07
 Reference value :  1.91277e-07
 Reference value :  1.91329e-07
 Reference value :  1.91466e-07
 Reference value :  1.91943e-07
 Reference value :  1.92461e-07
 Reference value :  1.92953e-07
 Reference value :  1.93462e-07
 Reference value :  1.93940e-07
 Reference value :  1.93988e-07
 Reference value :  1.94027e-07
 Reference value :  1.94174e-07
 Reference value :  1.94641e-07
 Reference value :  1.95155e-07
 Reference value :  1.95315e-07
 Reference value :  1.95367e-07
 Reference value :  1.95465e-07
 Reference value :  1.95946e-07
 Reference value :  1.96451e-07
 Reference value :  1.96653e-07
 Reference value :  1.96708e-07
 Reference value :  1.96748e-07
 Reference value :  1.97006e-07
 Reference value :  1.97529e-07
 Reference value :  1.97980e-07
 Reference value :  1.98037e-07
 Reference value :  1.98079e-07
 Reference value :  1.98316e-07
 Reference value :  1.98808e-07
 Reference value :  1.99313e-07
 Reference value :  1.99363e-07
 Reference value :  1.99407e-07
 Reference value :  1.99496e-07
 Reference value :  1.99951e-07
 Reference value :  2.00485e-07
 Reference value :  2.00689e-07
 Reference value :  2.00753e-07
 Reference value :  2.00822e-07
 Reference value :  2.01198e-07
 Reference value :  2.01704e-07
 Reference value :  2.02020e-07
 Reference value :  2.02020e-07
 Reference value :  2.02026e-07
 Reference value :  2.02612e-07
 Reference value :  2.03384e-07
 Reference value :  2.03447e-07
 Reference value :  2.03539e-07
 Reference value :  2.04714e-07
 Reference value :  2.04766e-07
 Reference value :  2.04803e-07
 Reference value :  2.05144e-07
 Reference value :  2.06071e-07
 Reference value :  2.06133e-07
 Reference value :  2.06190e-07
 Reference value :  2.07407e-07
 Reference value :  2.07444e-07
 Reference value :  2.07490e-07
 Reference value :  2.07648e-07
 Reference value :  2.09214e-07
 Reference value :  2.10881e-07
 Reference value :  2.11472e-07
 Reference value :  2.11528e-07
 Reference value :  2.11662e-07
 Reference value :  2.12797e-07
 Reference value :  2.12857e-07
 Reference value :  2.12888e-07
 Reference value :  2.13401e-07
 Reference value :  2.15161e-07
 Reference value :  2.16835e-07
 Reference value :  2.16879e-07
 Reference value :  2.16927e-07
 Reference value :  2.17464e-07
 Reference value :  2.19202e-07
 Reference value :  2.19561e-07
 Reference value :  2.19609e-07
 Reference value :  2.19726e-07
 Reference value :  2.21135e-07
 Reference value :  2.22230e-07
 Reference value :  2.22297e-07
 Reference value :  2.22366e-07
 Reference value :  2.23597e-07
 Reference value :  2.24917e-07
 Reference value :  2.24974e-07
 Reference value :  2.25009e-07
 Reference value :  2.25500e-07
 Reference value :  2.26277e-07
 Reference value :  2.26343e-07
 Reference value :  2.26414e-07
 Reference value :  2.27609e-07
 Reference value :  2.27656e-07
 Reference value :  2.27694e-07
 Reference value :  2.27899e-07
 Reference value :  2.28962e-07
 Reference value :  2.29024e-07
 Reference value :  2.29067e-07
 Reference value :  2.30019e-07
 Reference value :  2.30335e-07
 Reference value :  2.30383e-07
 Reference value :  2.30485e-07
 Reference value :  2.31651e-07
 Reference value :  2.31710e-07
 Reference value :  2.31742e-07
 Reference value :  2.32353e-07
 Reference value :  2.33019e-07
 Reference value :  2.33077e-07
 Reference value :  2.33134e-07
 Reference value :  2.34371e-07
 Reference value :  2.35950e-07
 Reference value :  2.37657e-07
 Reference value :  2.39364e-07
 Reference value :  2.41081e-07
 Reference value :  2.42425e-07
 Reference value :  2.42487e-07
 Reference value :  2.42540e-07
 Reference value :  2.43493e-07
 Reference value :  2.45130e-07
 Reference value :  2.46685e-07
 Reference value :  2.48471e-07
 Reference value :  2.50178e-07
 Reference value :  2.50537e-07
 Reference value :  2.50586e-07
 Reference value :  2.50725e-07
 Reference value :  2.51854e-07
 Reference value :  2.51916e-07
 Reference value :  2.51966e-07
 Reference value :  2.52903e-07
 Reference value :  2.54549e-07
 Reference value :  2.56032e-07
 Reference value :  2.57739e-07
 Reference value :  2.58603e-07
 Reference value :  2.58665e-07
 Reference value :  2.58718e-07
 Reference value :  2.59945e-07
 Reference value :  2.61280e-07
 Reference value :  2.61345e-07
 Reference value :  2.61399e-07
 Reference value :  2.62428e-07
 Reference value :  2.64027e-07
 Reference value :  2.65620e-07
 Reference value :  2.66676e-07
 Reference value :  2.66739e-07
 Reference value :  2.66788e-07
 Reference value :  2.67932e-07
 Reference value :  2.68051e-07
 Reference value :  2.68100e-07
 Reference value :  2.68545e-07
 Reference value :  2.69378e-07
 Reference value :  2.69437e-07
 Reference value :  2.69493e-07
 Reference value :  2.70707e-07
 Reference value :  2.70755e-07
 Reference value :  2.70798e-07
 Reference value :  2.71318e-07
 Reference value :  2.73034e-07
 Reference value :  2.74724e-07
 Reference value :  2.74786e-07
 Reference value :  2.74833e-07
 Reference value :  2.75064e-07
 Reference value :  2.76674e-07
 Reference value :  2.78381e-07
 Reference value :  2.80088e-07
 Reference value :  2.80175e-07
 Reference value :  2.80224e-07
 Reference value :  2.80644e-07
 Reference value :  2.82381e-07
 Reference value :  2.82859e-07
 Reference value :  2.82909e-07
 Reference value :  2.83008e-07
 Reference value :  2.84175e-07
 Reference value :  2.84234e-07
 Reference value :  2.84275e-07
 Reference value :  2.85026e-07
 Reference value :  2.86742e-07
 Reference value :  2.88216e-07
 Reference value :  2.88266e-07
 Reference value :  2.88306e-07
 Reference value :  2.88680e-07
 Reference value :  2.89574e-07
 Reference value :  2.89640e-07
 Reference value :  2.89704e-07
 Reference value :  2.90909e-07
 Reference value :  2.90956e-07
 Reference value :  2.90994e-07
 Reference value :  2.91168e-07
 Reference value :  2.92676e-07
 Reference value :  2.93612e-07
 Reference value :  2.93680e-07
 Reference value :  2.93741e-07
 Reference value :  2.94961e-07
 Reference value :  2.96298e-07
 Reference value :  2.96354e-07
 Reference value :  2.96391e-07
 Reference value :  2.96881e-07
 Reference value :  2.98583e-07
 Reference value :  3.00210e-07
 Reference value :  3.00373e-07
 Reference value :  3.00423e-07
 Reference value :  3.00657e-07
 Reference value :  3.01691e-07
 Reference value :  3.01751e-07
 Reference value :  3.01785e-07
 Reference value :  3.02569e-07
 Reference value :  3.03057e-07
 Reference value :  3.03110e-07
 Reference value :  3.03196e-07
 Reference value :  3.04377e-07
 Reference value :  3.04443e-07
 Reference value :  3.04528e-07
 Reference value :  3.05727e-07
 Reference value :  3.05804e-07
 Reference value :  3.05922e-07
 Reference value :  3.07331e-07
 Reference value :  3.08427e-07
 Reference value :  3.08490e-07
 Reference value :  3.08538e-07
 Reference value :  3.09642e-07
 Reference value :  3.11191e-07
 Reference value :  3.12758e-07
 Reference value :  3.14505e-07
 Reference value :  3.15172e-07
 Reference value :  3.15232e-07
 Reference value :  3.15342e-07
 Reference value :  3.16499e-07
 Reference value :  3.16555e-07
 Reference value :  3.16588e-07
 Reference value :  3.16984e-07
 Reference value :  3.17860e-07
 Reference value :  3.17925e-07
 Reference value :  3.17988e-07
 Reference value :  3.19196e-07
 Reference value :  3.20679e-07
 Reference value :  3.22346e-07
 Reference value :  3.23250e-07
 Reference value :  3.23312e-07
 Reference value :  3.23405e-07
 Reference value :  3.24919e-07
 Reference value :  3.26826e-07
 Reference value :  3.27309e-07
 Reference value :  3.27365e-07
 Reference value :  3.28542e-07
 Reference value :  3.30058e-07
 Reference value :  3.31317e-07
 Reference value :  3.31382e-07
 Reference value :  3.31419e-07
 Reference value :  3.32218e-07
 Reference value :  3.32688e-07
 Reference value :  3.32740e-07
 Reference value :  3.32882e-07
 Reference value :  3.34427e-07
 Reference value :  3.35369e-07
 Reference value :  3.35433e-07
 Reference value :  3.35490e-07
 Reference value :  3.36700e-07
 Reference value :  3.36746e-07
 Reference value :  3.36788e-07
 Reference value :  3.37151e-07
 Reference value :  3.38907e-07
 Reference value :  3.39422e-07
 Reference value :  3.39474e-07
 Reference value :  3.39567e-07
 Reference value :  3.40833e-07
 Reference value :  3.42090e-07
 Reference value :  3.42153e-07
 Reference value :  3.42203e-07
 Reference value :  3.43197e-07
 Reference value :  3.43468e-07
 Reference value :  3.43515e-07
 Reference value :  3.43627e-07
 Reference value :  3.45041e-07
 Reference value :  3.46134e-07
 Reference value :  3.46198e-07
 Reference value :  3.46254e-07
 Reference value :  3.47475e-07
 Reference value :  3.47532e-07
 Reference value :  3.47564e-07
 Reference value :  3.48001e-07
 Reference value :  3.48838e-07
 Reference value :  3.48901e-07
 Reference value :  3.48965e-07
 Reference value :  3.50168e-07
 Reference value :  3.50214e-07
 Reference value :  3.50255e-07
 Reference value :  3.50565e-07
 Reference value :  3.52295e-07
 Reference value :  3.52884e-07
 Reference value :  3.52942e-07
 Reference value :  3.53076e-07
 Reference value :  3.54212e-07
 Reference value :  3.54274e-07
 Reference value :  3.54308e-07
 Reference value :  3.55055e-07
 Reference value :  3.56816e-07
 Reference value :  3.58341e-07
 Reference value :  3.59599e-07
 Reference value :  3.59664e-07
 Reference value :  3.59722e-07
 Reference value :  3.60905e-07
 Reference value :  3.60984e-07
 Reference value :  3.61027e-07
 Reference value :  3.61277e-07
 Reference value :  3.62990e-07
 Reference value :  3.63657e-07
 Reference value :  3.63717e-07
 Reference value :  3.63850e-07
 Reference value :  3.65363e-07
 Reference value :  3.67110e-07
 Reference value :  3.67703e-07
 Reference value :  3.67757e-07
 Reference value :  3.67850e-07
 Reference value :  3.69132e-07
 Reference value :  3.70383e-07
 Reference value :  3.70450e-07
 Reference value :  3.70544e-07
 Reference value :  3.71718e-07
 Reference value :  3.71774e-07
 Reference value :  3.71808e-07
 Reference value :  3.72283e-07
 Reference value :  3.73079e-07
 Reference value :  3.73144e-07
 Reference value :  3.73207e-07
 Reference value :  3.74465e-07
 Reference value :  3.75760e-07
 Reference value :  3.75824e-07
 Reference value :  3.75861e-07
 Reference value :  3.76662e-07
 Reference value :  3.77133e-07
 Reference value :  3.77185e-07
 Reference value :  3.77342e-07
 Reference value :  3.78455e-07
 Reference value :  3.78518e-07
 Reference value :  3.78552e-07
 Reference value :  3.79201e-07
 Reference value :  3.80898e-07
 Reference value :  3.82492e-07
 Reference value :  3.82540e-07
 Reference value :  3.82588e-07
 Reference value :  3.83121e-07
 Reference value :  3.83862e-07
 Reference value :  3.83918e-07
 Reference value :  3.83991e-07
 Reference value :  3.85293e-07
 Reference value :  3.87112e-07
 Reference value :  3.87908e-07
 Reference value :  3.87962e-07
 Reference value :  3.88348e-07
 Reference value :  3.90286e-07
 Reference value :  3.90606e-07
 Reference value :  3.90654e-07
 Reference value :  3.90793e-07
 Reference value :  3.92299e-07
 Reference value :  3.93275e-07
 Reference value :  3.93344e-07
 Reference value :  3.93405e-07
 Reference value :  3.94625e-07
 Reference value :  3.95960e-07
 Reference value :  3.96015e-07
 Reference value :  3.96054e-07
 Reference value :  3.96624e-07
 Reference value :  3.97327e-07
 Reference value :  3.97386e-07
 Reference value :  3.97503e-07
 Reference value :  3.98654e-07
 Reference value :  3.98712e-07
 Reference value :  3.98744e-07
 Reference value :  3.99123e-07
 Reference value :  4.00013e-07
 Reference value :  4.00073e-07
 Reference value :  4.00126e-07
 Reference value :  4.01263e-07
 Reference value :  4.01382e-07
 Reference value :  4.01429e-07
 Reference value :  4.01557e-07
 Reference value :  4.02696e-07
 Reference value :  4.02757e-07
 Reference value :  4.02789e-07
 Reference value :  4.03437e-07
 Reference value :  4.04040e-07
 Reference value :  4.04040e-07
 Reference value :  4.04040e-07
 Reference value :  4.04040e-07
 Reference value :  4.04040e-07
No. of Data Rows : 36465
m_ui_ref            =  1.34680e-09 targ=  2.73360e-09 trig=  1.38680e-09
m_height_c0_0 = -8.472541164e-01
m_height_c0_1 = 9.9081054034e-01
m_height_c0_2 = 9.9081053954e-01
m_height_c0_3 = 9.9081053900e-01
m_height_c0_4 = 9.9081053862e-01
m_height_c0_5 = 9.9081053827e-01
m_height_c0_6 = 9.9081053808e-01
m_height_c0_7 = 9.9081053793e-01
m_eyeh_max_c0 = 9.9081054034e-01
m_eyemask_margin_c0 = 9.9081053808e-01
m_height_c1_0 = -9.595021026e-01
m_height_c1_1 = 8.5673261600e-01
m_height_c1_2 = 9.8790033573e-01
m_height_c1_3 = 9.9081053919e-01
m_height_c1_4 = 9.9081053873e-01
m_height_c1_5 = 9.9081053839e-01
m_height_c1_6 = 9.9081053819e-01
m_height_c1_7 = 9.9081053804e-01
m_eyeh_max_c1 = 9.9081053919e-01
m_eyemask_margin_c1 = 9.8790033573e-01
m_height_c2_0 = -9.736131744e-01
m_height_c2_1 = 5.0978931087e-01
m_height_c2_2 = 8.9413756186e-01
m_height_c2_3 = 9.7339818177e-01
m_height_c2_4 = 9.8875681494e-01
m_height_c2_5 = 9.9042621171e-01
m_height_c2_6 = 9.9075912949e-01
m_height_c2_7 = 9.9081053809e-01
m_eyeh_max_c2 = 9.9081053809e-01
m_eyemask_margin_c2 = 8.9413756186e-01

Warning: m=xx on .subckt line will override multiplier m hierarchy!

Warning: diode_nd2ps_06v0: IKR too small - model effect disabled!
doAnalyses: TRAN:  Timestep too small; time = 4.0404e-07, timestep = 1.5061e-23: trouble with node "vinn#branch"


tran simulation(s) aborted
Error: incomplete or empty netlist
       or no ".plot", ".print", or ".fourier" lines in batch mode;
no simulations run!
