
Note: Compatibility modes selected: hs a


Circuit: * cml-driver-eye-mask @ sf_-40c_3.63v_742p5mbps -- generated by sim/harness, do not edit

Doing analysis at TEMP = -40.000000 and TNOM = 27.000000

Using SPARSE 1.3 as Direct Linear Solver

Initial Transient Solution
--------------------------

Node                                   Voltage
----                                   -------
avcc                                       3.3
inp                                     3.0855
inn                                     1.9965
inref                                    1.089
comb1_0                                      0
comb0_0                                      0
comb1_1                                      0
comb0_1                                      0
comb1_2                                      0
comb0_2                                      0
comb1_3                                      0
comb0_3                                      0
comb1_4                                      0
comb0_4                                      0
comb1_5                                      0
comb0_5                                      0
comb1_6                                      0
comb0_6                                      0
comb1_7                                      0
comb0_7                                      0
xc0.xcore.tail__t186                   1.50232
xc0.xcore.ibias__t118                  1.22494
xc0.xcore.vss__t163                5.35867e-06
xc0.xcore.vss__t349                8.22625e-13
xc0.xcore.vss__t60                 5.16148e-06
xc0.xcore.ibias__t117                  1.22494
xc0.xcore.tail__t286                   1.50232
xc0.xcore.vss__t350                7.92357e-13
xc0.xcore.tail__t197                   1.50232
xc0.xcore.ibias__t140                  1.22494
xc0.xcore.vss__t174                 4.9647e-06
xc0.xcore.vss__t351                7.62152e-13
xc0.xcore.vss__t68                 4.76838e-06
xc0.xcore.ibias__t133                  1.22494
xc0.xcore.tail__t294                   1.50232
xc0.xcore.vss__t352                7.32018e-13
xc0.xcore.tail__t193                   1.50232
xc0.xcore.ibias__t132                  1.22494
xc0.xcore.vss__t170                4.57259e-06
xc0.xcore.vss__t353                7.01963e-13
xc0.xcore.vss__t67                 4.37738e-06
xc0.xcore.ibias__t131                  1.22494
xc0.xcore.tail__t293                   1.50232
xc0.xcore.vss__t354                6.71999e-13
xc0.xcore.tail__t192                   1.50232
xc0.xcore.ibias__t130                  1.22494
xc0.xcore.vss__t169                4.18285e-06
xc0.xcore.vss__t355                6.42139e-13
xc0.xcore.vss__t74                  3.9891e-06
xc0.xcore.ibias__t145                  1.22494
xc0.xcore.tail__t300                   1.50232
xc0.xcore.vss__t356                6.12396e-13
xc0.xcore.tail__t191                   1.50232
xc0.xcore.ibias__t128                  1.22494
xc0.xcore.vss__t168                3.79623e-06
xc0.xcore.vss__t357                5.82791e-13
xc0.xcore.vss__t65                  3.6044e-06
xc0.xcore.ibias__t127                  1.22494
xc0.xcore.tail__t291                   1.50232
xc0.xcore.vss__t358                5.53344e-13
xc0.xcore.tail__t190                   1.50232
xc0.xcore.ibias__t126                  1.22494
xc0.xcore.vss__t167                3.41378e-06
xc0.xcore.vss__t359                5.24082e-13
xc0.xcore.vss__t64                 3.22459e-06
xc0.xcore.ibias__t125                  1.22494
xc0.xcore.tail__t290                   1.50232
xc0.xcore.vss__t360                4.95039e-13
xc0.xcore.tail__t189                   1.50232
xc0.xcore.ibias__t124                  1.22494
xc0.xcore.vss__t166                3.03708e-06
xc0.xcore.vss__t361                4.66255e-13
xc0.xcore.vss__t63                  2.8516e-06
xc0.xcore.ibias__t123                  1.22494
xc0.xcore.tail__t289                   1.50232
xc0.xcore.vss__t362                4.37782e-13
xc0.xcore.tail__t188                   1.50232
xc0.xcore.ibias__t122                  1.22494
xc0.xcore.vss__t165                2.66857e-06
xc0.xcore.vss__t363                4.09684e-13
xc0.xcore.vss__t62                 2.48852e-06
xc0.xcore.ibias__t121                  1.22494
xc0.xcore.tail__t288                   1.50233
xc0.xcore.vss__t364                3.82044e-13
xc0.xcore.tail__t187                   1.50233
xc0.xcore.ibias__t120                  1.22494
xc0.xcore.vss__t164                2.31215e-06
xc0.xcore.vss__t365                 3.5497e-13
xc0.xcore.vss__t26                 2.14038e-06
xc0.xcore.ibias__t0                    1.22494
xc0.xcore.tail__t252                   1.50233
xc0.xcore.vss__t366                3.28601e-13
xc0.xcore.tail__t175                   1.50233
xc0.xcore.ibias__t97                   1.22494
xc0.xcore.vss__t152                1.97441e-06
xc0.xcore.vss__t367                3.03121e-13
xc0.xcore.vss__t42                 1.81582e-06
xc0.xcore.ibias__t78                   1.22494
xc0.xcore.tail__t268                   1.50233
xc0.xcore.vss__t368                2.78775e-13
xc0.xcore.tail__t164                   1.50233
xc0.xcore.ibias__t77                   1.22494
xc0.xcore.vss__t141                1.66673e-06
xc0.xcore.vss__t369                2.55886e-13
xc0.xcore.vss__t37                 1.52991e-06
xc0.xcore.ibias__t70                   1.22494
xc0.xcore.tail__t263                   1.50233
xc0.xcore.vss__t370                2.34882e-13
xc0.xcore.tail__t167                   1.50233
xc0.xcore.ibias__t82                   1.22494
xc0.xcore.vss__t144                1.40894e-06
xc0.xcore.vss__t371                2.16311e-13
xc0.xcore.vss__t39                 1.30823e-06
xc0.xcore.ibias__t72                   1.22494
xc0.xcore.tail__t265                   1.50233
xc0.xcore.vss__t372                 2.0085e-13
xc0.xcore.tail__t162                   1.50233
xc0.xcore.ibias__t73                   1.22494
xc0.xcore.vss__t139                1.23275e-06
xc0.xcore.vss__t373                1.89263e-13
xc0.xcore.vss__t40                 1.18733e-06
xc0.xcore.ibias__t74                   1.22494
xc0.xcore.tail__t266                   1.50233
xc0.xcore.vss__t374                1.82291e-13
xc0.xcore.tail__t163                   1.50233
xc0.xcore.ibias__t75                   1.22494
xc0.xcore.vss__t140                1.17546e-06
xc0.xcore.vss__t375                1.80468e-13
xc0.xcore.vss__t41                 1.19813e-06
xc0.xcore.ibias__t76                   1.22494
xc0.xcore.tail__t267                   1.50233
xc0.xcore.vss__t376                 1.8395e-13
xc0.xcore.tail__t129                   1.50233
xc0.xcore.ibias__t9                    1.22494
xc0.xcore.vss__t107                1.25347e-06
xc0.xcore.vss__t377                1.92447e-13
xc0.xcore.vss__t6                  1.33743e-06
xc0.xcore.ibias__t8                    1.22494
xc0.xcore.tail__t232                   1.50233
xc0.xcore.vss__t378                2.05338e-13
xc0.xcore.tail__t128                   1.50233
xc0.xcore.ibias__t7                    1.22494
xc0.xcore.vss__t106                1.44503e-06
xc0.xcore.vss__t379                2.21859e-13
xc0.xcore.vss__t5                  1.57142e-06
xc0.xcore.ibias__t6                    1.22494
xc0.xcore.tail__t231                   1.50233
xc0.xcore.vss__t380                2.41265e-13
xc0.xcore.tail__t141                   1.50233
xc0.xcore.ibias__t31                   1.22494
xc0.xcore.vss__t119                1.71245e-06
xc0.xcore.vss__t381                2.62919e-13
xc0.xcore.vss__t4                  1.86479e-06
xc0.xcore.ibias__t5                    1.22494
xc0.xcore.tail__t230                   1.50233
xc0.xcore.vss__t382                 2.8631e-13
xc0.xcore.tail__t158                   1.50233
xc0.xcore.ibias__t62                   1.22494
xc0.xcore.vss__t135                2.02591e-06
xc0.xcore.vss__t383                3.11048e-13
xc0.xcore.vss__t33                 2.19385e-06
xc0.xcore.ibias__t63                   1.22494
xc0.xcore.tail__t259                   1.50233
xc0.xcore.vss__t384                3.36835e-13
xc0.xcore.tail__t159                   1.50233
xc0.xcore.ibias__t64                   1.22494
xc0.xcore.vss__t136                2.36718e-06
xc0.xcore.vss__t385                3.63448e-13
xc0.xcore.vss__t34                 2.54479e-06
xc0.xcore.ibias__t65                   1.22494
xc0.xcore.tail__t260                   1.50233
xc0.xcore.vss__t386                3.90719e-13
xc0.xcore.tail__t160                   1.50233
xc0.xcore.ibias__t66                   1.22494
xc0.xcore.vss__t137                2.72585e-06
xc0.xcore.vss__t387                 4.1852e-13
xc0.xcore.vss__t35                  2.9097e-06
xc0.xcore.ibias__t67                   1.22494
xc0.xcore.tail__t261                   1.50233
xc0.xcore.vss__t388                 4.4675e-13
xc0.xcore.tail__t161                   1.50233
xc0.xcore.ibias__t68                   1.22494
xc0.xcore.vss__t138                3.09586e-06
xc0.xcore.vss__t389                4.75334e-13
xc0.xcore.vss__t36                 3.28393e-06
xc0.xcore.ibias__t69                   1.22494
xc0.xcore.tail__t262                   1.50233
xc0.xcore.vss__t390                5.04212e-13
xc0.xcore.tail__t130                   1.50233
xc0.xcore.ibias__t10                   1.22494
xc0.xcore.vss__t108                 3.4736e-06
xc0.xcore.vss__t391                5.33336e-13
xc0.xcore.vss__t13                 3.66462e-06
xc0.xcore.ibias__t23                   1.22494
xc0.xcore.tail__t239                   1.50233
xc0.xcore.vss__t392                5.62668e-13
xc0.xcore.tail__t137                   1.50233
xc0.xcore.ibias__t24                   1.22494
xc0.xcore.vss__t115                3.85679e-06
xc0.xcore.vss__t393                5.92176e-13
xc0.xcore.vss__t14                 4.04995e-06
xc0.xcore.ibias__t25                   1.22494
xc0.xcore.tail__t240                   1.50233
xc0.xcore.vss__t394                6.21837e-13
xc0.xcore.tail__t138                   1.50234
xc0.xcore.ibias__t26                   1.22494
xc0.xcore.vss__t116                4.24397e-06
xc0.xcore.vss__t395                6.51628e-13
xc0.xcore.vss__t15                 4.43872e-06
xc0.xcore.ibias__t27                   1.22494
xc0.xcore.tail__t241                   1.50234
xc0.xcore.vss__t396                6.81533e-13
xc0.xcore.tail__t139                   1.50234
xc0.xcore.ibias__t28                   1.22494
xc0.xcore.vss__t117                4.63412e-06
xc0.xcore.vss__t397                7.11537e-13
xc0.xcore.vss__t16                 4.83008e-06
xc0.xcore.ibias__t29                   1.22494
xc0.xcore.tail__t242                   1.50234
xc0.xcore.vss__t398                7.41629e-13
xc0.xcore.tail__t140                   1.50234
xc0.xcore.ibias__t30                   1.22494
xc0.xcore.vss__t118                5.02655e-06
xc0.xcore.vss__t399                7.71796e-13
xc0.xcore.vss__t21                 5.22347e-06
xc0.xcore.ibias__t41                   1.22494
xc0.xcore.tail__t247                   1.50234
xc0.xcore.vss__t400                8.02031e-13
xc0.xcore.tail__t142                   1.50234
xc0.xcore.ibias__t32                   1.22494
xc0.xcore.vss__t120                5.42078e-06
xc0.xcore.vss__t401                8.32325e-13
xc0.xcore.vss__t17                 5.61844e-06
xc0.xcore.ibias__t33                   1.22494
xc0.xcore.tail__t243                   1.50234
xc0.xcore.vss__t402                8.62672e-13
xc0.xcore.tail__t143                   1.50234
xc0.xcore.ibias__t34                   1.22494
xc0.xcore.vss__t121                5.81642e-06
xc0.xcore.vss__t403                8.93068e-13
xc0.xcore.vss__t18                  6.0147e-06
xc0.xcore.ibias__t35                   1.22494
xc0.xcore.tail__t244                   1.50234
xc0.xcore.vss__t404                9.23507e-13
xc0.xcore.tail__t144                   1.50233
xc0.xcore.ibias__t36                   1.22494
xc0.xcore.vss__t122                6.21323e-06
xc0.xcore.vss__t405                9.53986e-13
xc0.xcore.vss__t19                 6.41199e-06
xc0.xcore.ibias__t37                   1.22494
xc0.xcore.tail__t245                   1.50233
xc0.xcore.vss__t406                9.84501e-13
xc0.xcore.tail__t145                   1.50233
xc0.xcore.ibias__t38                   1.22494
xc0.xcore.vss__t123                6.61097e-06
xc0.xcore.vss__t407                1.01505e-12
xc0.xcore.vss__t20                 6.81015e-06
xc0.xcore.ibias__t39                   1.22494
xc0.xcore.tail__t246                   1.50233
xc0.xcore.vss__t408                1.04563e-12
xc0.xcore.tail__t146                   1.50233
xc0.xcore.ibias__t40                   1.22494
xc0.xcore.vss__t124                 7.0095e-06
xc0.xcore.vss__t409                1.07623e-12
xc0.xcore.vss__t8                  7.20902e-06
xc0.xcore.ibias__t12                   1.22494
xc0.xcore.tail__t234                   1.50233
xc0.xcore.vss__t410                1.10686e-12
xc0.xcore.tail__t135                   1.50233
xc0.xcore.ibias__t21                   1.22494
xc0.xcore.vss__t113                7.40868e-06
xc0.xcore.vss__t411                1.13751e-12
xc0.xcore.vss__t9                  7.60849e-06
xc0.xcore.ibias__t13                   1.22494
xc0.xcore.tail__t235                   1.50233
xc0.xcore.vss__t412                1.16818e-12
xc0.xcore.tail__t131                   1.50233
xc0.xcore.ibias__t14                   1.22494
xc0.xcore.vss__t109                7.80842e-06
xc0.xcore.vss__t413                1.19887e-12
xc0.xcore.vss__t10                 8.00848e-06
xc0.xcore.ibias__t15                   1.22494
xc0.xcore.tail__t236                   1.50233
xc0.xcore.vss__t414                1.22958e-12
xc0.xcore.tail__t134                   1.50233
xc0.xcore.ibias__t20                   1.22494
xc0.xcore.vss__t112                8.20864e-06
xc0.xcore.vss__t415                1.26031e-12
xc0.xcore.vss__t12                  8.4089e-06
xc0.xcore.ibias__t19                   1.22494
xc0.xcore.tail__t238                   1.50233
xc0.xcore.vss__t416                1.29105e-12
xc0.xcore.tail__t133                   1.50233
xc0.xcore.ibias__t18                   1.22494
xc0.xcore.vss__t111                8.60926e-06
xc0.xcore.vss__t417                1.32181e-12
xc0.xcore.vss__t11                 8.80971e-06
xc0.xcore.ibias__t17                   1.22494
xc0.xcore.tail__t237                   1.50233
xc0.xcore.vss__t418                1.35258e-12
xc0.xcore.tail__t132                   1.50233
xc0.xcore.ibias__t16                   1.22494
xc0.xcore.vss__t110                9.01024e-06
xc0.xcore.vss__t419                1.38336e-12
xc0.xcore.vss__t7                  9.21084e-06
xc0.xcore.ibias__t11                   1.22494
xc0.xcore.tail__t233                   1.50233
xc0.xcore.vss__t420                1.41415e-12
xc0.xcore.tail__t136                   1.50233
xc0.xcore.ibias__t22                   1.22494
xc0.xcore.vss__t114                9.41152e-06
xc0.xcore.vss__t421                1.44496e-12
xc0.xcore.vss__t23                 9.61226e-06
xc0.xcore.ibias__t45                   1.22494
xc0.xcore.tail__t249                   1.50233
xc0.xcore.vss__t422                1.47577e-12
xc0.xcore.tail__t150                   1.50233
xc0.xcore.ibias__t46                   1.22494
xc0.xcore.vss__t127                9.81307e-06
xc0.xcore.vss__t423                 1.5066e-12
xc0.xcore.vss__t24                 1.00139e-05
xc0.xcore.ibias__t47                   1.22494
xc0.xcore.tail__t250                   1.50233
xc0.xcore.vss__t424                1.53743e-12
xc0.xcore.tail__t151                   1.50233
xc0.xcore.ibias__t48                   1.22494
xc0.xcore.vss__t128                1.02149e-05
xc0.xcore.vss__t425                1.56827e-12
xc0.xcore.vss__t25                 1.04158e-05
xc0.xcore.ibias__t49                   1.22494
xc0.xcore.tail__t251                   1.50233
xc0.xcore.vss__t426                1.59912e-12
xc0.xcore.tail__t152                   1.50233
xc0.xcore.ibias__t50                   1.22494
xc0.xcore.vss__t129                1.06169e-05
xc0.xcore.vss__t427                1.62997e-12
xc0.xcore.vss__t32                 1.08179e-05
xc0.xcore.ibias__t61                   1.22494
xc0.xcore.tail__t258                   1.50233
xc0.xcore.vss__t428                1.66084e-12
xc0.xcore.tail__t153                   1.50233
xc0.xcore.ibias__t51                   1.22494
xc0.xcore.vss__t130                 1.1019e-05
xc0.xcore.vss__t429                1.69171e-12
xc0.xcore.vss__t27                 1.12202e-05
xc0.xcore.ibias__t52                   1.22494
xc0.xcore.tail__t253                   1.50233
xc0.xcore.vss__t430                1.72258e-12
xc0.xcore.tail__t154                   1.50233
xc0.xcore.ibias__t53                   1.22494
xc0.xcore.vss__t131                1.14214e-05
xc0.xcore.vss__t431                1.75346e-12
xc0.xcore.vss__t28                 1.16226e-05
xc0.xcore.ibias__t54                   1.22494
xc0.xcore.tail__t254                   1.50233
xc0.xcore.vss__t432                1.78435e-12
xc0.xcore.tail__t155                   1.50233
xc0.xcore.ibias__t55                   1.22494
xc0.xcore.vss__t132                1.18239e-05
xc0.xcore.vss__t433                1.81524e-12
xc0.xcore.vss__t29                 1.20252e-05
xc0.xcore.ibias__t56                   1.22494
xc0.xcore.tail__t255                   1.50233
xc0.xcore.vss__t434                1.84614e-12
xc0.xcore.tail__t156                   1.50232
xc0.xcore.ibias__t57                   1.22494
xc0.xcore.vss__t133                1.22265e-05
xc0.xcore.vss__t435                1.87704e-12
xc0.xcore.vss__t30                 1.24279e-05
xc0.xcore.ibias__t58                   1.22494
xc0.xcore.tail__t256                   1.50232
xc0.xcore.vss__t436                1.90795e-12
xc0.xcore.tail__t157                   1.50232
xc0.xcore.ibias__t59                   1.22494
xc0.xcore.vss__t134                1.26293e-05
xc0.xcore.vss__t437                1.93886e-12
xc0.xcore.vss__t31                 1.28307e-05
xc0.xcore.ibias__t60                   1.22494
xc0.xcore.tail__t257                   1.50232
xc0.xcore.vss__t438                1.96977e-12
xc0.xcore.tail__t211                   1.50232
xc0.xcore.ibias__t176                  1.22494
xc0.xcore.vss__t193                1.30322e-05
xc0.xcore.vss__t439                2.00069e-12
xc0.xcore.vss__t88                 1.32337e-05
xc0.xcore.ibias__t175                  1.22494
xc0.xcore.tail__t311                   1.50232
xc0.xcore.vss__t440                2.03161e-12
xc0.xcore.tail__t165                   1.50232
xc0.xcore.ibias__t79                   1.22494
xc0.xcore.vss__t142                1.34351e-05
xc0.xcore.vss__t441                2.06253e-12
xc0.xcore.vss__t43                 1.36367e-05
xc0.xcore.ibias__t80                   1.22494
xc0.xcore.tail__t269                   1.50232
xc0.xcore.vss__t442                2.09346e-12
xc0.xcore.tail__t166                   1.50232
xc0.xcore.ibias__t81                   1.22494
xc0.xcore.vss__t143                1.38382e-05
xc0.xcore.vss__t443                2.12439e-12
xc0.xcore.vss__t38                 1.40398e-05
xc0.xcore.ibias__t71                   1.22494
xc0.xcore.tail__t264                   1.50232
xc0.xcore.vss__t444                2.15533e-12
xc0.xcore.tail__t147                   1.50232
xc0.xcore.ibias__t42                   1.22494
xc0.xcore.vss__t125                1.42414e-05
xc0.xcore.vss__t445                2.18626e-12
xc0.xcore.vss__t22                  1.4443e-05
xc0.xcore.ibias__t43                   1.22494
xc0.xcore.tail__t248                   1.50232
xc0.xcore.vss__t446                 2.2172e-12
xc0.xcore.tail__t148                   1.50232
xc0.xcore.ibias__t44                   1.22494
xc0.xcore.vss__t126                1.46446e-05
xc0.xcore.vss__t447                2.24814e-12
xc0.xcore.vss__t0                  1.48462e-05
xc0.xcore.ibias__t1                    1.22494
xc0.xcore.tail__t149                   1.50232
xc0.xcore.vss__t456                2.27909e-12
xc0.xcore.tail__t229                   1.50229
xc0.xcore.ibias__t2                    1.22494
xc0.xcore.vss__t1                  2.54833e-05
xc0.xcore.vss__t458                3.91034e-12
xc0.xcore.vss__t189                2.52813e-05
xc0.xcore.ibias__t170                  1.22494
xc0.xcore.tail__t228                   1.50229
xc0.xcore.vss__t250                3.87935e-12
xc0.xcore.tail__t209                   1.50229
xc0.xcore.ibias__t169                  1.22494
xc0.xcore.vss__t188                2.50792e-05
xc0.xcore.vss__t251                3.84837e-12
xc0.xcore.vss__t86                 2.48772e-05
xc0.xcore.ibias__t168                  1.22494
xc0.xcore.tail__t309                   1.50229
xc0.xcore.vss__t252                3.81738e-12
xc0.xcore.tail__t208                   1.50229
xc0.xcore.ibias__t167                  1.22494
xc0.xcore.vss__t187                2.46752e-05
xc0.xcore.vss__t253                 3.7864e-12
xc0.xcore.vss__t85                 2.44731e-05
xc0.xcore.ibias__t166                  1.22494
xc0.xcore.tail__t308                   1.50229
xc0.xcore.vss__t254                3.75541e-12
xc0.xcore.tail__t207                   1.50229
xc0.xcore.ibias__t165                  1.22494
xc0.xcore.vss__t186                2.42711e-05
xc0.xcore.vss__t255                3.72443e-12
xc0.xcore.vss__t84                 2.40691e-05
xc0.xcore.ibias__t164                  1.22494
xc0.xcore.tail__t307                   1.50229
xc0.xcore.vss__t256                3.69345e-12
xc0.xcore.tail__t210                   1.50229
xc0.xcore.ibias__t173                  1.22494
xc0.xcore.vss__t191                2.38671e-05
xc0.xcore.vss__t257                3.66246e-12
xc0.xcore.vss__t87                 2.36651e-05
xc0.xcore.ibias__t172                  1.22494
xc0.xcore.tail__t310                   1.50229
xc0.xcore.vss__t258                3.63148e-12
xc0.xcore.tail__t219                   1.50229
xc0.xcore.ibias__t195                  1.22494
xc0.xcore.vss__t201                2.34631e-05
xc0.xcore.vss__t259                3.60049e-12
xc0.xcore.vss__t99                 2.32611e-05
xc0.xcore.ibias__t194                  1.22494
xc0.xcore.tail__t321                   1.50229
xc0.xcore.vss__t260                3.56951e-12
xc0.xcore.tail__t227                   1.50229
xc0.xcore.ibias__t209                  1.22494
xc0.xcore.vss__t209                2.30591e-05
xc0.xcore.vss__t261                3.53853e-12
xc0.xcore.vss__t97                 2.28571e-05
xc0.xcore.ibias__t192                  1.22494
xc0.xcore.tail__t319                   1.50229
xc0.xcore.vss__t262                3.50755e-12
xc0.xcore.tail__t218                   1.50229
xc0.xcore.ibias__t191                  1.22494
xc0.xcore.vss__t200                2.26551e-05
xc0.xcore.vss__t263                3.47657e-12
xc0.xcore.vss__t96                 2.24531e-05
xc0.xcore.ibias__t190                  1.22494
xc0.xcore.tail__t318                   1.50229
xc0.xcore.vss__t264                3.44558e-12
xc0.xcore.tail__t217                   1.50229
xc0.xcore.ibias__t189                  1.22494
xc0.xcore.vss__t199                2.22511e-05
xc0.xcore.vss__t265                 3.4146e-12
xc0.xcore.vss__t95                 2.20491e-05
xc0.xcore.ibias__t188                  1.22494
xc0.xcore.tail__t317                   1.50229
xc0.xcore.vss__t266                3.38362e-12
xc0.xcore.tail__t216                   1.50229
xc0.xcore.ibias__t187                  1.22494
xc0.xcore.vss__t198                2.18472e-05
xc0.xcore.vss__t267                3.35264e-12
xc0.xcore.vss__t94                 2.16452e-05
xc0.xcore.ibias__t186                  1.22494
xc0.xcore.tail__t316                   1.50229
xc0.xcore.vss__t268                3.32166e-12
xc0.xcore.tail__t215                   1.50229
xc0.xcore.ibias__t185                  1.22494
xc0.xcore.vss__t197                2.14432e-05
xc0.xcore.vss__t269                3.29068e-12
xc0.xcore.vss__t93                 2.12413e-05
xc0.xcore.ibias__t184                  1.22494
xc0.xcore.tail__t315                   1.50229
xc0.xcore.vss__t270                 3.2597e-12
xc0.xcore.tail__t214                   1.50229
xc0.xcore.ibias__t183                  1.22494
xc0.xcore.vss__t196                2.10393e-05
xc0.xcore.vss__t271                3.22873e-12
xc0.xcore.vss__t92                 2.08374e-05
xc0.xcore.ibias__t182                  1.22494
xc0.xcore.tail__t314                   1.50229
xc0.xcore.vss__t272                3.19775e-12
xc0.xcore.tail__t213                   1.50229
xc0.xcore.ibias__t181                  1.22494
xc0.xcore.vss__t195                2.06354e-05
xc0.xcore.vss__t273                3.16677e-12
xc0.xcore.vss__t91                 2.04335e-05
xc0.xcore.ibias__t180                  1.22494
xc0.xcore.tail__t313                    1.5023
xc0.xcore.vss__t274                 3.1358e-12
xc0.xcore.tail__t212                    1.5023
xc0.xcore.ibias__t179                  1.22494
xc0.xcore.vss__t194                2.02316e-05
xc0.xcore.vss__t275                3.10482e-12
xc0.xcore.vss__t90                 2.00296e-05
xc0.xcore.ibias__t178                  1.22494
xc0.xcore.tail__t312                    1.5023
xc0.xcore.vss__t276                3.07385e-12
xc0.xcore.tail__t206                    1.5023
xc0.xcore.ibias__t161                  1.22494
xc0.xcore.vss__t184                1.98277e-05
xc0.xcore.vss__t277                3.04287e-12
xc0.xcore.vss__t57                 1.96258e-05
xc0.xcore.ibias__t112                  1.22494
xc0.xcore.tail__t283                    1.5023
xc0.xcore.vss__t278                 3.0119e-12
xc0.xcore.tail__t183                    1.5023
xc0.xcore.ibias__t111                  1.22494
xc0.xcore.vss__t160                1.94239e-05
xc0.xcore.vss__t279                2.98093e-12
xc0.xcore.vss__t56                  1.9222e-05
xc0.xcore.ibias__t110                  1.22494
xc0.xcore.tail__t282                    1.5023
xc0.xcore.vss__t280                2.94996e-12
xc0.xcore.tail__t182                    1.5023
xc0.xcore.ibias__t109                  1.22494
xc0.xcore.vss__t159                1.90201e-05
xc0.xcore.vss__t281                2.91898e-12
xc0.xcore.vss__t55                 1.88182e-05
xc0.xcore.ibias__t108                  1.22494
xc0.xcore.tail__t281                    1.5023
xc0.xcore.vss__t282                2.88801e-12
xc0.xcore.tail__t181                    1.5023
xc0.xcore.ibias__t107                  1.22494
xc0.xcore.vss__t158                1.86164e-05
xc0.xcore.vss__t283                2.85705e-12
xc0.xcore.vss__t54                 1.84145e-05
xc0.xcore.ibias__t106                  1.22494
xc0.xcore.tail__t280                    1.5023
xc0.xcore.vss__t284                2.82608e-12
xc0.xcore.tail__t180                    1.5023
xc0.xcore.ibias__t105                  1.22494
xc0.xcore.vss__t157                1.82127e-05
xc0.xcore.vss__t285                2.79511e-12
xc0.xcore.vss__t53                 1.80108e-05
xc0.xcore.ibias__t104                  1.22494
xc0.xcore.tail__t279                    1.5023
xc0.xcore.vss__t286                2.76415e-12
xc0.xcore.tail__t205                    1.5023
xc0.xcore.ibias__t156                  1.22494
xc0.xcore.vss__t182                 1.7809e-05
xc0.xcore.vss__t287                2.73318e-12
xc0.xcore.vss__t79                 1.76071e-05
xc0.xcore.ibias__t155                  1.22494
xc0.xcore.tail__t305                    1.5023
xc0.xcore.vss__t288                2.70222e-12
xc0.xcore.tail__t204                    1.5023
xc0.xcore.ibias__t154                  1.22494
xc0.xcore.vss__t181                1.74053e-05
xc0.xcore.vss__t289                2.67126e-12
xc0.xcore.vss__t78                 1.72035e-05
xc0.xcore.ibias__t153                  1.22494
xc0.xcore.tail__t304                    1.5023
xc0.xcore.vss__t290                2.64029e-12
xc0.xcore.tail__t203                    1.5023
xc0.xcore.ibias__t152                  1.22494
xc0.xcore.vss__t180                1.70017e-05
xc0.xcore.vss__t291                2.60934e-12
xc0.xcore.vss__t77                 1.67999e-05
xc0.xcore.ibias__t151                  1.22494
xc0.xcore.tail__t303                    1.5023
xc0.xcore.vss__t292                2.57838e-12
xc0.xcore.tail__t202                    1.5023
xc0.xcore.ibias__t150                  1.22494
xc0.xcore.vss__t179                1.65982e-05
xc0.xcore.vss__t293                2.54742e-12
xc0.xcore.vss__t76                 1.63964e-05
xc0.xcore.ibias__t149                  1.22494
xc0.xcore.tail__t302                    1.5023
xc0.xcore.vss__t294                2.51647e-12
xc0.xcore.tail__t201                    1.5023
xc0.xcore.ibias__t148                  1.22494
xc0.xcore.vss__t178                1.61946e-05
xc0.xcore.vss__t295                2.48551e-12
xc0.xcore.vss__t75                 1.59929e-05
xc0.xcore.ibias__t147                  1.22494
xc0.xcore.tail__t301                    1.5023
xc0.xcore.vss__t296                2.45456e-12
xc0.xcore.tail__t200                    1.5023
xc0.xcore.ibias__t146                  1.22494
xc0.xcore.vss__t177                1.57912e-05
xc0.xcore.vss__t297                2.42361e-12
xc0.xcore.vss__t98                 1.55895e-05
xc0.xcore.ibias__t193                  1.22494
xc0.xcore.tail__t320                    1.5023
xc0.xcore.vss__t298                2.39266e-12
xc0.xcore.tail__t226                    1.5023
xc0.xcore.ibias__t208                  1.22494
xc0.xcore.vss__t208                1.53878e-05
xc0.xcore.vss__t299                2.36172e-12
xc0.xcore.vss__t105                1.51861e-05
xc0.xcore.ibias__t207                  1.22494
xc0.xcore.tail__t327                    1.5023
xc0.xcore.vss__t300                2.33077e-12
xc0.xcore.tail__t225                    1.5023
xc0.xcore.ibias__t206                  1.22494
xc0.xcore.vss__t207                1.49844e-05
xc0.xcore.vss__t301                2.29983e-12
xc0.xcore.vss__t104                1.47828e-05
xc0.xcore.ibias__t205                  1.22494
xc0.xcore.tail__t326                    1.5023
xc0.xcore.vss__t302                2.26889e-12
xc0.xcore.tail__t224                    1.5023
xc0.xcore.ibias__t204                  1.22494
xc0.xcore.vss__t206                1.45811e-05
xc0.xcore.vss__t303                2.23795e-12
xc0.xcore.vss__t103                1.43795e-05
xc0.xcore.ibias__t203                  1.22494
xc0.xcore.tail__t325                   1.50231
xc0.xcore.vss__t304                2.20702e-12
xc0.xcore.tail__t223                   1.50231
xc0.xcore.ibias__t202                  1.22494
xc0.xcore.vss__t205                1.41779e-05
xc0.xcore.vss__t305                2.17609e-12
xc0.xcore.vss__t102                1.39764e-05
xc0.xcore.ibias__t201                  1.22494
xc0.xcore.tail__t324                   1.50231
xc0.xcore.vss__t306                2.14516e-12
xc0.xcore.tail__t222                   1.50231
xc0.xcore.ibias__t200                  1.22494
xc0.xcore.vss__t204                1.37748e-05
xc0.xcore.vss__t307                2.11423e-12
xc0.xcore.vss__t101                1.35733e-05
xc0.xcore.ibias__t199                  1.22494
xc0.xcore.tail__t323                   1.50231
xc0.xcore.vss__t308                2.08331e-12
xc0.xcore.tail__t221                   1.50231
xc0.xcore.ibias__t198                  1.22494
xc0.xcore.vss__t203                1.33718e-05
xc0.xcore.vss__t309                2.05239e-12
xc0.xcore.vss__t100                1.31703e-05
xc0.xcore.ibias__t197                  1.22494
xc0.xcore.tail__t322                   1.50231
xc0.xcore.vss__t310                2.02147e-12
xc0.xcore.tail__t220                   1.50231
xc0.xcore.ibias__t196                  1.22494
xc0.xcore.vss__t202                1.29688e-05
xc0.xcore.vss__t311                1.99055e-12
xc0.xcore.vss__t80                 1.27674e-05
xc0.xcore.ibias__t157                  1.22494
xc0.xcore.tail__t306                   1.50231
xc0.xcore.vss__t312                1.95964e-12
xc0.xcore.tail__t185                   1.50231
xc0.xcore.ibias__t116                  1.22494
xc0.xcore.vss__t162                1.25659e-05
xc0.xcore.vss__t313                1.92874e-12
xc0.xcore.vss__t59                 1.23646e-05
xc0.xcore.ibias__t115                  1.22494
xc0.xcore.tail__t285                   1.50231
xc0.xcore.vss__t314                1.89784e-12
xc0.xcore.tail__t184                   1.50231
xc0.xcore.ibias__t114                  1.22494
xc0.xcore.vss__t161                1.21632e-05
xc0.xcore.vss__t315                1.86694e-12
xc0.xcore.vss__t71                 1.19619e-05
xc0.xcore.ibias__t139                  1.22494
xc0.xcore.tail__t297                   1.50231
xc0.xcore.vss__t316                1.83604e-12
xc0.xcore.tail__t196                   1.50231
xc0.xcore.ibias__t138                  1.22494
xc0.xcore.vss__t173                1.17606e-05
xc0.xcore.vss__t317                1.80515e-12
xc0.xcore.vss__t70                 1.15593e-05
xc0.xcore.ibias__t137                  1.22494
xc0.xcore.tail__t296                   1.50231
xc0.xcore.vss__t318                1.77427e-12
xc0.xcore.tail__t195                   1.50231
xc0.xcore.ibias__t136                  1.22494
xc0.xcore.vss__t172                1.13581e-05
xc0.xcore.vss__t319                1.74339e-12
xc0.xcore.vss__t69                 1.11569e-05
xc0.xcore.ibias__t135                  1.22494
xc0.xcore.tail__t295                   1.50231
xc0.xcore.vss__t320                1.71252e-12
xc0.xcore.tail__t194                   1.50231
xc0.xcore.ibias__t134                  1.22494
xc0.xcore.vss__t171                1.09558e-05
xc0.xcore.vss__t321                1.68165e-12
xc0.xcore.vss__t61                 1.07547e-05
xc0.xcore.ibias__t119                  1.22494
xc0.xcore.tail__t287                   1.50231
xc0.xcore.vss__t322                1.65079e-12
xc0.xcore.tail__t179                   1.50231
xc0.xcore.ibias__t103                  1.22494
xc0.xcore.vss__t156                1.05536e-05
xc0.xcore.vss__t323                1.61994e-12
xc0.xcore.vss__t48                 1.03526e-05
xc0.xcore.ibias__t92                   1.22494
xc0.xcore.tail__t274                   1.50231
xc0.xcore.vss__t324                1.58909e-12
xc0.xcore.tail__t178                   1.50231
xc0.xcore.ibias__t102                  1.22494
xc0.xcore.vss__t155                1.01516e-05
xc0.xcore.vss__t325                1.55825e-12
xc0.xcore.vss__t52                 9.95074e-06
xc0.xcore.ibias__t101                  1.22494
xc0.xcore.tail__t278                   1.50231
xc0.xcore.vss__t326                1.52742e-12
xc0.xcore.tail__t177                   1.50231
xc0.xcore.ibias__t100                  1.22494
xc0.xcore.vss__t154                9.74989e-06
xc0.xcore.vss__t327                1.49659e-12
xc0.xcore.vss__t51                  9.5491e-06
xc0.xcore.ibias__t99                   1.22494
xc0.xcore.tail__t277                   1.50231
xc0.xcore.vss__t328                1.46578e-12
xc0.xcore.tail__t176                   1.50231
xc0.xcore.ibias__t98                   1.22494
xc0.xcore.vss__t153                9.34838e-06
xc0.xcore.vss__t329                1.43497e-12
xc0.xcore.vss__t58                 9.14773e-06
xc0.xcore.ibias__t113                  1.22494
xc0.xcore.tail__t284                   1.50231
xc0.xcore.vss__t330                1.40418e-12
xc0.xcore.tail__t174                   1.50231
xc0.xcore.ibias__t96                   1.22494
xc0.xcore.vss__t151                8.94714e-06
xc0.xcore.vss__t331                 1.3734e-12
xc0.xcore.vss__t50                 8.74664e-06
xc0.xcore.ibias__t95                   1.22494
xc0.xcore.tail__t276                   1.50231
xc0.xcore.vss__t332                1.34263e-12
xc0.xcore.tail__t173                   1.50231
xc0.xcore.ibias__t94                   1.22494
xc0.xcore.vss__t150                8.54622e-06
xc0.xcore.vss__t333                1.31187e-12
xc0.xcore.vss__t49                 8.34589e-06
xc0.xcore.ibias__t93                   1.22494
xc0.xcore.tail__t275                   1.50232
xc0.xcore.vss__t334                1.28112e-12
xc0.xcore.tail__t172                   1.50232
xc0.xcore.ibias__t91                   1.22494
xc0.xcore.vss__t149                8.14566e-06
xc0.xcore.vss__t335                1.25039e-12
xc0.xcore.vss__t47                 7.94553e-06
xc0.xcore.ibias__t90                   1.22494
xc0.xcore.tail__t273                   1.50232
xc0.xcore.vss__t336                1.21967e-12
xc0.xcore.tail__t171                   1.50232
xc0.xcore.ibias__t89                   1.22494
xc0.xcore.vss__t148                7.74552e-06
xc0.xcore.vss__t337                1.18898e-12
xc0.xcore.vss__t46                 7.54562e-06
xc0.xcore.ibias__t88                   1.22494
xc0.xcore.tail__t272                   1.50232
xc0.xcore.vss__t338                 1.1583e-12
xc0.xcore.tail__t170                   1.50232
xc0.xcore.ibias__t87                   1.22494
xc0.xcore.vss__t147                7.34586e-06
xc0.xcore.vss__t339                1.12764e-12
xc0.xcore.vss__t45                 7.14624e-06
xc0.xcore.ibias__t86                   1.22494
xc0.xcore.tail__t271                   1.50232
xc0.xcore.vss__t340                  1.097e-12
xc0.xcore.tail__t169                   1.50232
xc0.xcore.ibias__t85                   1.22494
xc0.xcore.vss__t146                6.94677e-06
xc0.xcore.vss__t341                1.06638e-12
xc0.xcore.vss__t44                 6.74747e-06
xc0.xcore.ibias__t84                   1.22494
xc0.xcore.tail__t270                   1.50232
xc0.xcore.vss__t342                1.03579e-12
xc0.xcore.tail__t168                   1.50232
xc0.xcore.ibias__t83                   1.22494
xc0.xcore.vss__t145                6.54836e-06
xc0.xcore.vss__t343                1.00523e-12
xc0.xcore.vss__t66                 6.34944e-06
xc0.xcore.ibias__t129                  1.22494
xc0.xcore.tail__t292                   1.50232
xc0.xcore.vss__t344                9.74701e-13
xc0.xcore.tail__t199                   1.50232
xc0.xcore.ibias__t144                  1.22494
xc0.xcore.vss__t176                6.15075e-06
xc0.xcore.vss__t345                9.44203e-13
xc0.xcore.vss__t73                  5.9523e-06
xc0.xcore.ibias__t143                  1.22494
xc0.xcore.tail__t299                   1.50232
xc0.xcore.vss__t346                9.13743e-13
xc0.xcore.tail__t198                   1.50232
xc0.xcore.ibias__t142                  1.22494
xc0.xcore.vss__t175                5.75411e-06
xc0.xcore.vss__t347                8.83323e-13
xc0.xcore.vss__t72                 5.55623e-06
xc0.xcore.ibias__t141                  1.22494
xc0.xcore.tail__t298                   1.50232
xc0.xcore.vss__t348                8.52949e-13
xc0.xcore.outp__t53                    2.79416
xc0.xcore.inp__t1                       3.0855
xc0.xcore.tail__t0                     1.50239
xc0.xcore.vss__t460                1.39581e-12
xc0.xcore.tail__t119                   1.50239
xc0.xcore.inp__t53                      3.0855
xc0.xcore.outp__t52                    2.79416
xc0.xcore.vss__t462                1.40903e-12
xc0.xcore.outp__t46                    2.79416
xc0.xcore.inp__t52                      3.0855
xc0.xcore.tail__t118                    1.5024
xc0.xcore.vss__t463                1.42225e-12
xc0.xcore.tail__t58                     1.5024
xc0.xcore.inp__t61                      3.0855
xc0.xcore.outp__t82                    2.79416
xc0.xcore.vss__t464                1.43546e-12
xc0.xcore.outp__t30                    2.79416
xc0.xcore.inp__t24                      3.0855
xc0.xcore.tail__t98                     1.5024
xc0.xcore.vss__t465                1.44868e-12
xc0.xcore.tail__t38                     1.5024
xc0.xcore.inp__t23                      3.0855
xc0.xcore.outp__t64                    2.79415
xc0.xcore.vss__t466                 1.4619e-12
xc0.xcore.outp__t29                    2.79415
xc0.xcore.inp__t22                      3.0855
xc0.xcore.tail__t97                     1.5024
xc0.xcore.vss__t467                1.47512e-12
xc0.xcore.tail__t37                     1.5024
xc0.xcore.inp__t21                      3.0855
xc0.xcore.outp__t63                    2.79415
xc0.xcore.vss__t468                1.48834e-12
xc0.xcore.outp__t28                    2.79415
xc0.xcore.inp__t20                      3.0855
xc0.xcore.tail__t96                     1.5024
xc0.xcore.vss__t469                1.50156e-12
xc0.xcore.tail__t36                     1.5024
xc0.xcore.inp__t19                      3.0855
xc0.xcore.outp__t62                    2.79415
xc0.xcore.vss__t470                1.51478e-12
xc0.xcore.outp__t27                    2.79415
xc0.xcore.inp__t18                      3.0855
xc0.xcore.tail__t95                     1.5024
xc0.xcore.vss__t471                  1.528e-12
xc0.xcore.tail__t35                     1.5024
xc0.xcore.inp__t17                      3.0855
xc0.xcore.outp__t61                    2.79414
xc0.xcore.vss__t472                1.54122e-12
xc0.xcore.outp__t26                    2.79414
xc0.xcore.inp__t16                      3.0855
xc0.xcore.tail__t94                     1.5024
xc0.xcore.vss__t473                1.55445e-12
xc0.xcore.tail__t33                     1.5024
xc0.xcore.inp__t15                      3.0855
xc0.xcore.outp__t60                    2.79414
xc0.xcore.vss__t474                1.56767e-12
xc0.xcore.outp__t47                    2.79414
xc0.xcore.inp__t54                      3.0855
xc0.xcore.tail__t120                   1.50241
xc0.xcore.vss__t475                1.58089e-12
xc0.xcore.tail__t54                    1.50241
xc0.xcore.inp__t55                      3.0855
xc0.xcore.outp__t78                    2.79414
xc0.xcore.vss__t476                1.59412e-12
xc0.xcore.outp__t51                    2.79414
xc0.xcore.inp__t63                      3.0855
xc0.xcore.tail__t126                   1.50241
xc0.xcore.vss__t477                1.60734e-12
xc0.xcore.tail__t57                    1.50241
xc0.xcore.inp__t60                      3.0855
xc0.xcore.outp__t81                    2.79414
xc0.xcore.vss__t478                1.62057e-12
xc0.xcore.outp__t49                    2.79413
xc0.xcore.inp__t59                      3.0855
xc0.xcore.tail__t122                   1.50241
xc0.xcore.vss__t479                1.63379e-12
xc0.xcore.tail__t56                    1.50241
xc0.xcore.inp__t58                      3.0855
xc0.xcore.outp__t80                    2.79413
xc0.xcore.vss__t480                1.64702e-12
xc0.xcore.outp__t48                    2.79413
xc0.xcore.inp__t57                      3.0855
xc0.xcore.tail__t121                   1.50241
xc0.xcore.vss__t481                1.66024e-12
xc0.xcore.tail__t55                    1.50241
xc0.xcore.inp__t56                      3.0855
xc0.xcore.outp__t79                    2.79413
xc0.xcore.vss__t482                1.67347e-12
xc0.xcore.outp__t24                    2.79413
xc0.xcore.inp__t11                      3.0855
xc0.xcore.tail__t92                    1.50241
xc0.xcore.vss__t483                1.68669e-12
xc0.xcore.tail__t30                    1.50241
xc0.xcore.inp__t10                      3.0855
xc0.xcore.outp__t57                    2.79413
xc0.xcore.vss__t484                1.69992e-12
xc0.xcore.outp__t23                    2.79412
xc0.xcore.inp__t9                       3.0855
xc0.xcore.tail__t88                    1.50241
xc0.xcore.vss__t485                1.71315e-12
xc0.xcore.tail__t32                    1.50241
xc0.xcore.inp__t14                      3.0855
xc0.xcore.outp__t59                    2.79412
xc0.xcore.vss__t486                1.72637e-12
xc0.xcore.outp__t25                    2.79412
xc0.xcore.inp__t13                      3.0855
xc0.xcore.tail__t93                    1.50241
xc0.xcore.vss__t487                 1.7396e-12
xc0.xcore.tail__t60                    1.50242
xc0.xcore.inp__t0                       3.0855
xc0.xcore.outp__t83                    2.79412
xc0.xcore.vss__t488                1.75283e-12
xc0.xcore.outp__t50                    2.79412
xc0.xcore.inp__t62                      3.0855
xc0.xcore.tail__t123                   1.50242
xc0.xcore.vss__t489                1.76606e-12
xc0.xcore.tail__t42                    1.50242
xc0.xcore.inp__t29                      3.0855
xc0.xcore.outp__t67                    2.79412
xc0.xcore.vss__t490                1.77929e-12
xc0.xcore.outp__t32                    2.79411
xc0.xcore.inp__t28                      3.0855
xc0.xcore.tail__t102                   1.50242
xc0.xcore.vss__t491                1.79252e-12
xc0.xcore.tail__t41                    1.50242
xc0.xcore.inp__t27                      3.0855
xc0.xcore.outp__t66                    2.79411
xc0.xcore.vss__t492                1.80575e-12
xc0.xcore.outp__t31                    2.79411
xc0.xcore.inp__t26                      3.0855
xc0.xcore.tail__t101                   1.50242
xc0.xcore.vss__t493                1.81898e-12
xc0.xcore.tail__t40                    1.50242
xc0.xcore.inp__t25                      3.0855
xc0.xcore.outp__t65                    2.79411
xc0.xcore.vss__t494                1.83221e-12
xc0.xcore.outp__t20                    2.79411
xc0.xcore.inp__t4                       3.0855
xc0.xcore.tail__t74                    1.50242
xc0.xcore.vss__t495                1.84544e-12
xc0.xcore.tail__t14                    1.50242
xc0.xcore.inp__t3                       3.0855
xc0.xcore.outp__t54                    2.79411
xc0.xcore.vss__t496                1.85867e-12
xc0.xcore.outp__t22                     2.7941
xc0.xcore.inp__t7                       3.0855
xc0.xcore.tail__t76                    1.50242
xc0.xcore.vss__t497                 1.8719e-12
xc0.xcore.tail__t16                    1.50242
xc0.xcore.inp__t6                       3.0855
xc0.xcore.outp__t55                     2.7941
xc0.xcore.vss__t498                1.88513e-12
xc0.xcore.outp__t21                     2.7941
xc0.xcore.inp__t5                       3.0855
xc0.xcore.tail__t75                    1.50242
xc0.xcore.vss__t499                1.89836e-12
xc0.xcore.tail__t19                    1.50242
xc0.xcore.inp__t8                       3.0855
xc0.xcore.outp__t56                     2.7941
xc0.xcore.vss__t500                1.91159e-12
xc0.xcore.outp__t45                     2.7941
xc0.xcore.inp__t50                      3.0855
xc0.xcore.tail__t116                   1.50243
xc0.xcore.vss__t501                1.92482e-12
xc0.xcore.tail__t51                    1.50243
xc0.xcore.inp__t49                      3.0855
xc0.xcore.outp__t76                     2.7941
xc0.xcore.vss__t502                1.93805e-12
xc0.xcore.outp__t44                    2.79409
xc0.xcore.inp__t48                      3.0855
xc0.xcore.tail__t115                   1.50243
xc0.xcore.vss__t503                1.95128e-12
xc0.xcore.tail__t50                    1.50243
xc0.xcore.inp__t47                      3.0855
xc0.xcore.outp__t75                    2.79409
xc0.xcore.vss__t504                1.96452e-12
xc0.xcore.outp__t43                    2.79409
xc0.xcore.inp__t46                      3.0855
xc0.xcore.tail__t114                   1.50243
xc0.xcore.vss__t505                1.97775e-12
xc0.xcore.tail__t49                    1.50243
xc0.xcore.inp__t45                      3.0855
xc0.xcore.outp__t74                    2.79409
xc0.xcore.vss__t506                1.99098e-12
xc0.xcore.outp__t42                    2.79409
xc0.xcore.inp__t44                      3.0855
xc0.xcore.tail__t113                   1.50243
xc0.xcore.vss__t507                2.00421e-12
xc0.xcore.tail__t48                    1.50243
xc0.xcore.inp__t43                      3.0855
xc0.xcore.outp__t73                    2.79409
xc0.xcore.vss__t508                2.01745e-12
xc0.xcore.outp__t41                    2.79408
xc0.xcore.inp__t42                      3.0855
xc0.xcore.tail__t112                   1.50243
xc0.xcore.vss__t509                2.03068e-12
xc0.xcore.tail__t47                    1.50243
xc0.xcore.inp__t41                      3.0855
xc0.xcore.outp__t72                    2.79408
xc0.xcore.vss__t510                2.04391e-12
xc0.xcore.outp__t40                    2.79408
xc0.xcore.inp__t40                      3.0855
xc0.xcore.tail__t111                   1.50243
xc0.xcore.vss__t511                2.05715e-12
xc0.xcore.tail__t46                    1.50243
xc0.xcore.inp__t39                      3.0855
xc0.xcore.outp__t71                    2.79408
xc0.xcore.vss__t512                2.07038e-12
xc0.xcore.outp__t39                    2.79408
xc0.xcore.inp__t38                      3.0855
xc0.xcore.tail__t110                   1.50243
xc0.xcore.vss__t513                2.08362e-12
xc0.xcore.tail__t53                    1.50244
xc0.xcore.inp__t51                      3.0855
xc0.xcore.outp__t77                    2.79408
xc0.xcore.vss__t514                2.09685e-12
xc0.xcore.outp__t38                    2.79407
xc0.xcore.inp__t37                      3.0855
xc0.xcore.tail__t108                   1.50244
xc0.xcore.vss__t515                2.11008e-12
xc0.xcore.tail__t45                    1.50244
xc0.xcore.inp__t36                      3.0855
xc0.xcore.outp__t70                    2.79407
xc0.xcore.vss__t516                2.12332e-12
xc0.xcore.outp__t37                    2.79407
xc0.xcore.inp__t35                      3.0855
xc0.xcore.tail__t107                   1.50244
xc0.xcore.vss__t517                2.13655e-12
xc0.xcore.tail__t44                    1.50244
xc0.xcore.inp__t34                      3.0855
xc0.xcore.outp__t69                    2.79407
xc0.xcore.vss__t518                2.14979e-12
xc0.xcore.outp__t36                    2.79407
xc0.xcore.inp__t33                      3.0855
xc0.xcore.tail__t106                   1.50244
xc0.xcore.vss__t519                2.16302e-12
xc0.xcore.tail__t31                    1.50244
xc0.xcore.inp__t12                      3.0855
xc0.xcore.outp__t58                    2.79407
xc0.xcore.vss__t520                2.17626e-12
xc0.xcore.outp__t35                    2.79407
xc0.xcore.inp__t32                      3.0855
xc0.xcore.tail__t104                   1.50244
xc0.xcore.vss__t521                2.18949e-12
xc0.xcore.tail__t43                    1.50244
xc0.xcore.inp__t31                      3.0855
xc0.xcore.outp__t68                    2.79406
xc0.xcore.vss__t522                2.20273e-12
xc0.xcore.outp__t33                    2.79406
xc0.xcore.inp__t30                      3.0855
xc0.xcore.tail__t103                   1.50244
xc0.xcore.vss__t523                2.21596e-12
xc0.xcore.tail__t1                     1.50244
xc0.xcore.inp__t2                       3.0855
xc0.xcore.outp__t34                    2.79406
xc0.xcore.vss__t586                 2.2292e-12
xc0.xcore.ibias__t215                  1.22221
xc0.xcore.ibias__t3                    1.22494
xc0.xcore.vss__t2                  2.51857e-05
xc0.xcore.vss__t459                6.27062e-13
xc0.xcore.vss__t81                 2.49859e-05
xc0.xcore.ibias__t158                  1.22494
xc0.xcore.ibias__t216                  1.22224
xc0.xcore.vss__t448                6.22109e-13
xc0.xcore.ibias__t213                  1.22227
xc0.xcore.ibias__t171                  1.22494
xc0.xcore.vss__t190                2.47861e-05
xc0.xcore.vss__t449                6.17155e-13
xc0.xcore.vss__t83                 2.45863e-05
xc0.xcore.ibias__t163                  1.22494
xc0.xcore.ibias__t218                   1.2223
xc0.xcore.vss__t450                6.12202e-13
xc0.xcore.ibias__t212                  1.22233
xc0.xcore.ibias__t162                  1.22494
xc0.xcore.vss__t185                2.43865e-05
xc0.xcore.vss__t451                6.07248e-13
xc0.xcore.vss__t89                 2.41867e-05
xc0.xcore.ibias__t177                  1.22494
xc0.xcore.ibias__t219                  1.22236
xc0.xcore.vss__t452                6.02293e-13
xc0.xcore.ibias__t211                  1.22239
xc0.xcore.ibias__t160                  1.22494
xc0.xcore.vss__t183                2.39868e-05
xc0.xcore.vss__t453                5.97339e-13
xc0.xcore.vss__t82                  2.3787e-05
xc0.xcore.ibias__t159                  1.22494
xc0.xcore.ibias__t217                  1.22242
xc0.xcore.vss__t454                5.92384e-13
xc0.xcore.ibias__t214                  1.22245
xc0.xcore.ibias__t174                  1.22494
xc0.xcore.vss__t192                2.35872e-05
xc0.xcore.vss__t455                5.87429e-13
xc0.xcore.vss__t3                  2.33874e-05
xc0.xcore.ibias__t4                    1.22494
xc0.xcore.ibias__t210                  1.22248
xc0.xcore.vss__t457                5.82473e-13
xc0.xcore.outn__t52                        3.3
xc0.xcore.inn__t1                       1.9965
xc0.xcore.tail__t3                     1.50234
xc0.xcore.vss__t461                1.53789e-12
xc0.xcore.tail__t62                    1.50234
xc0.xcore.inn__t58                      1.9965
xc0.xcore.outn__t81                        3.3
xc0.xcore.vss__t524                1.55248e-12
xc0.xcore.outn__t49                        3.3
xc0.xcore.inn__t59                      1.9965
xc0.xcore.tail__t124                   1.50234
xc0.xcore.vss__t525                1.56708e-12
xc0.xcore.tail__t63                    1.50234
xc0.xcore.inn__t60                      1.9965
xc0.xcore.outn__t82                        3.3
xc0.xcore.vss__t526                1.58167e-12
xc0.xcore.outn__t50                        3.3
xc0.xcore.inn__t61                      1.9965
xc0.xcore.tail__t125                   1.50234
xc0.xcore.vss__t527                1.59627e-12
xc0.xcore.tail__t64                    1.50234
xc0.xcore.inn__t62                      1.9965
xc0.xcore.outn__t83                        3.3
xc0.xcore.vss__t528                1.61086e-12
xc0.xcore.outn__t46                        3.3
xc0.xcore.inn__t52                      1.9965
xc0.xcore.tail__t105                   1.50234
xc0.xcore.vss__t529                1.62546e-12
xc0.xcore.tail__t15                    1.50234
xc0.xcore.inn__t21                      1.9965
xc0.xcore.outn__t63                        3.3
xc0.xcore.vss__t530                1.64006e-12
xc0.xcore.outn__t45                        3.3
xc0.xcore.inn__t51                      1.9965
xc0.xcore.tail__t100                   1.50234
xc0.xcore.vss__t531                1.65465e-12
xc0.xcore.tail__t34                    1.50234
xc0.xcore.inn__t48                      1.9965
xc0.xcore.outn__t76                        3.3
xc0.xcore.vss__t532                1.66925e-12
xc0.xcore.outn__t44                        3.3
xc0.xcore.inn__t50                      1.9965
xc0.xcore.tail__t99                    1.50234
xc0.xcore.vss__t533                1.68385e-12
xc0.xcore.tail__t61                    1.50234
xc0.xcore.inn__t57                      1.9965
xc0.xcore.outn__t80                        3.3
xc0.xcore.vss__t534                1.69845e-12
xc0.xcore.outn__t40                        3.3
xc0.xcore.inn__t42                      1.9965
xc0.xcore.tail__t87                    1.50234
xc0.xcore.vss__t535                1.71304e-12
xc0.xcore.tail__t27                    1.50234
xc0.xcore.inn__t41                      1.9965
xc0.xcore.outn__t73                        3.3
xc0.xcore.vss__t536                1.72764e-12
xc0.xcore.outn__t39                        3.3
xc0.xcore.inn__t40                      1.9965
xc0.xcore.tail__t86                    1.50234
xc0.xcore.vss__t537                1.74224e-12
xc0.xcore.tail__t26                    1.50234
xc0.xcore.inn__t39                      1.9965
xc0.xcore.outn__t72                        3.3
xc0.xcore.vss__t538                1.75684e-12
xc0.xcore.outn__t38                        3.3
xc0.xcore.inn__t38                      1.9965
xc0.xcore.tail__t85                    1.50234
xc0.xcore.vss__t539                1.77144e-12
xc0.xcore.tail__t25                    1.50234
xc0.xcore.inn__t37                      1.9965
xc0.xcore.outn__t71                        3.3
xc0.xcore.vss__t540                1.78604e-12
xc0.xcore.outn__t47                        3.3
xc0.xcore.inn__t53                      1.9965
xc0.xcore.tail__t109                   1.50234
xc0.xcore.vss__t541                1.80064e-12
xc0.xcore.tail__t52                    1.50234
xc0.xcore.inn__t55                      1.9965
xc0.xcore.outn__t78                        3.3
xc0.xcore.vss__t542                1.81524e-12
xc0.xcore.outn__t48                        3.3
xc0.xcore.inn__t54                      1.9965
xc0.xcore.tail__t117                   1.50234
xc0.xcore.vss__t543                1.82984e-12
xc0.xcore.tail__t39                    1.50234
xc0.xcore.inn__t49                      1.9965
xc0.xcore.outn__t77                        3.3
xc0.xcore.vss__t544                1.84444e-12
xc0.xcore.outn__t41                        3.3
xc0.xcore.inn__t43                      1.9965
xc0.xcore.tail__t89                    1.50234
xc0.xcore.vss__t545                1.85904e-12
xc0.xcore.tail__t29                    1.50234
xc0.xcore.inn__t47                      1.9965
xc0.xcore.outn__t75                        3.3
xc0.xcore.vss__t546                1.87364e-12
xc0.xcore.outn__t43                        3.3
xc0.xcore.inn__t46                      1.9965
xc0.xcore.tail__t91                    1.50234
xc0.xcore.vss__t547                1.88825e-12
xc0.xcore.tail__t28                    1.50234
xc0.xcore.inn__t45                      1.9965
xc0.xcore.outn__t74                        3.3
xc0.xcore.vss__t548                1.90285e-12
xc0.xcore.outn__t42                        3.3
xc0.xcore.inn__t44                      1.9965
xc0.xcore.tail__t90                    1.50234
xc0.xcore.vss__t549                1.91745e-12
xc0.xcore.tail__t59                    1.50234
xc0.xcore.inn__t56                      1.9965
xc0.xcore.outn__t79                        3.3
xc0.xcore.vss__t550                1.93205e-12
xc0.xcore.outn__t51                        3.3
xc0.xcore.inn__t63                      1.9965
xc0.xcore.tail__t127                   1.50234
xc0.xcore.vss__t551                1.94665e-12
xc0.xcore.tail__t13                    1.50234
xc0.xcore.inn__t19                      1.9965
xc0.xcore.outn__t62                        3.3
xc0.xcore.vss__t552                1.96126e-12
xc0.xcore.outn__t28                        3.3
xc0.xcore.inn__t18                      1.9965
xc0.xcore.tail__t72                    1.50234
xc0.xcore.vss__t553                1.97586e-12
xc0.xcore.tail__t12                    1.50234
xc0.xcore.inn__t17                      1.9965
xc0.xcore.outn__t61                        3.3
xc0.xcore.vss__t554                1.99046e-12
xc0.xcore.outn__t27                        3.3
xc0.xcore.inn__t16                      1.9965
xc0.xcore.tail__t71                    1.50234
xc0.xcore.vss__t555                2.00506e-12
xc0.xcore.tail__t11                    1.50234
xc0.xcore.inn__t15                      1.9965
xc0.xcore.outn__t60                        3.3
xc0.xcore.vss__t556                2.01967e-12
xc0.xcore.outn__t26                        3.3
xc0.xcore.inn__t14                      1.9965
xc0.xcore.tail__t70                    1.50234
xc0.xcore.vss__t557                2.03427e-12
xc0.xcore.tail__t10                    1.50234
xc0.xcore.inn__t13                      1.9965
xc0.xcore.outn__t59                        3.3
xc0.xcore.vss__t558                2.04888e-12
xc0.xcore.outn__t25                        3.3
xc0.xcore.inn__t12                      1.9965
xc0.xcore.tail__t69                    1.50234
xc0.xcore.vss__t559                2.06348e-12
xc0.xcore.tail__t6                     1.50234
xc0.xcore.inn__t5                       1.9965
xc0.xcore.outn__t55                        3.3
xc0.xcore.vss__t560                2.07808e-12
xc0.xcore.outn__t24                        3.3
xc0.xcore.inn__t11                      1.9965
xc0.xcore.tail__t68                    1.50234
xc0.xcore.vss__t561                2.09269e-12
xc0.xcore.tail__t4                     1.50234
xc0.xcore.inn__t2                       1.9965
xc0.xcore.outn__t53                        3.3
xc0.xcore.vss__t562                2.10729e-12
xc0.xcore.outn__t21                        3.3
xc0.xcore.inn__t3                       1.9965
xc0.xcore.tail__t65                    1.50234
xc0.xcore.vss__t563                 2.1219e-12
xc0.xcore.tail__t5                     1.50234
xc0.xcore.inn__t4                       1.9965
xc0.xcore.outn__t54                        3.3
xc0.xcore.vss__t564                 2.1365e-12
xc0.xcore.outn__t22                        3.3
xc0.xcore.inn__t6                       1.9965
xc0.xcore.tail__t66                    1.50234
xc0.xcore.vss__t565                2.15111e-12
xc0.xcore.tail__t7                     1.50234
xc0.xcore.inn__t7                       1.9965
xc0.xcore.outn__t56                        3.3
xc0.xcore.vss__t566                2.16571e-12
xc0.xcore.outn__t23                        3.3
xc0.xcore.inn__t8                       1.9965
xc0.xcore.tail__t67                    1.50234
xc0.xcore.vss__t567                2.18032e-12
xc0.xcore.tail__t8                     1.50234
xc0.xcore.inn__t9                       1.9965
xc0.xcore.outn__t57                        3.3
xc0.xcore.vss__t568                2.19492e-12
xc0.xcore.outn__t29                        3.3
xc0.xcore.inn__t20                      1.9965
xc0.xcore.tail__t73                    1.50234
xc0.xcore.vss__t569                2.20953e-12
xc0.xcore.tail__t9                     1.50234
xc0.xcore.inn__t10                      1.9965
xc0.xcore.outn__t58                        3.3
xc0.xcore.vss__t570                2.22413e-12
xc0.xcore.outn__t36                        3.3
xc0.xcore.inn__t35                      1.9965
xc0.xcore.tail__t83                    1.50234
xc0.xcore.vss__t571                2.23874e-12
xc0.xcore.tail__t24                    1.50234
xc0.xcore.inn__t34                      1.9965
xc0.xcore.outn__t70                        3.3
xc0.xcore.vss__t572                2.25335e-12
xc0.xcore.outn__t35                        3.3
xc0.xcore.inn__t33                      1.9965
xc0.xcore.tail__t82                    1.50234
xc0.xcore.vss__t573                2.26795e-12
xc0.xcore.tail__t23                    1.50234
xc0.xcore.inn__t32                      1.9965
xc0.xcore.outn__t69                        3.3
xc0.xcore.vss__t574                2.28256e-12
xc0.xcore.outn__t34                        3.3
xc0.xcore.inn__t31                      1.9965
xc0.xcore.tail__t81                    1.50234
xc0.xcore.vss__t575                2.29717e-12
xc0.xcore.tail__t22                    1.50234
xc0.xcore.inn__t30                      1.9965
xc0.xcore.outn__t68                        3.3
xc0.xcore.vss__t576                2.31177e-12
xc0.xcore.outn__t33                        3.3
xc0.xcore.inn__t29                      1.9965
xc0.xcore.tail__t80                    1.50234
xc0.xcore.vss__t577                2.32638e-12
xc0.xcore.tail__t21                    1.50234
xc0.xcore.inn__t28                      1.9965
xc0.xcore.outn__t67                        3.3
xc0.xcore.vss__t578                2.34099e-12
xc0.xcore.outn__t32                        3.3
xc0.xcore.inn__t27                      1.9965
xc0.xcore.tail__t79                    1.50234
xc0.xcore.vss__t579                2.35559e-12
xc0.xcore.tail__t20                    1.50234
xc0.xcore.inn__t26                      1.9965
xc0.xcore.outn__t66                        3.3
xc0.xcore.vss__t580                 2.3702e-12
xc0.xcore.outn__t37                        3.3
xc0.xcore.inn__t36                      1.9965
xc0.xcore.tail__t84                    1.50234
xc0.xcore.vss__t581                2.38481e-12
xc0.xcore.tail__t18                    1.50234
xc0.xcore.inn__t25                      1.9965
xc0.xcore.outn__t65                        3.3
xc0.xcore.vss__t582                2.39941e-12
xc0.xcore.outn__t31                        3.3
xc0.xcore.inn__t24                      1.9965
xc0.xcore.tail__t78                    1.50234
xc0.xcore.vss__t583                2.41402e-12
xc0.xcore.tail__t17                    1.50234
xc0.xcore.inn__t23                      1.9965
xc0.xcore.outn__t64                        3.3
xc0.xcore.vss__t584                2.42863e-12
xc0.xcore.outn__t30                        3.3
xc0.xcore.inn__t22                      1.9965
xc0.xcore.tail__t77                    1.50234
xc0.xcore.vss__t585                2.44324e-12
xc0.xcore.tail__t2                     1.50234
xc0.xcore.inn__t0                       1.9965
xc0.xcore.outn__t20                        3.3
xc0.xcore.vss__t587                2.45784e-12
xc0.xcore.vss__t210                2.60186e-12
xc0.xcore.outp__t16                    2.79427
xc0.xcore.vss__t211                2.57128e-12
xc0.xcore.outp__t17                    2.79427
xc0.xcore.vss__t212                2.54072e-12
xc0.xcore.outp__t18                    2.79427
xc0.xcore.vss__t213                2.51019e-12
xc0.xcore.outp__t19                    2.79427
xc0.xcore.vss__t214                2.47968e-12
xc0.xcore.outp__t0                     2.79427
xc0.xcore.vss__t215                2.44921e-12
xc0.xcore.outp__t1                     2.79427
xc0.xcore.vss__t216                2.41876e-12
xc0.xcore.outp__t2                     2.79427
xc0.xcore.vss__t217                2.38834e-12
xc0.xcore.outp__t3                     2.79427
xc0.xcore.vss__t218                2.35795e-12
xc0.xcore.outp__t4                     2.79427
xc0.xcore.vss__t219                2.32759e-12
xc0.xcore.outp__t15                    2.79427
xc0.xcore.vss__t220                2.29727e-12
xc0.xcore.outp__t6                     2.79427
xc0.xcore.vss__t221                2.26698e-12
xc0.xcore.outp__t7                     2.79427
xc0.xcore.vss__t222                2.23673e-12
xc0.xcore.outp__t8                     2.79427
xc0.xcore.vss__t223                2.20651e-12
xc0.xcore.outp__t9                     2.79427
xc0.xcore.vss__t224                2.17633e-12
xc0.xcore.outp__t10                    2.79427
xc0.xcore.vss__t225                 2.1462e-12
xc0.xcore.outp__t11                    2.79427
xc0.xcore.vss__t226                 2.1161e-12
xc0.xcore.outp__t12                    2.79427
xc0.xcore.vss__t227                2.08605e-12
xc0.xcore.outp__t13                    2.79427
xc0.xcore.vss__t228                2.05605e-12
xc0.xcore.outp__t14                    2.79427
xc0.xcore.vss__t229                 2.0261e-12
xc0.xcore.outp__t5                     2.79427
xc0.xcore.vss__t230                2.18457e-12
xc0.xcore.outn__t0                         3.3
xc0.xcore.vss__t231                2.21955e-12
xc0.xcore.outn__t5                         3.3
xc0.xcore.vss__t232                 2.2546e-12
xc0.xcore.outn__t6                         3.3
xc0.xcore.vss__t233                2.28973e-12
xc0.xcore.outn__t7                         3.3
xc0.xcore.vss__t234                2.32492e-12
xc0.xcore.outn__t8                         3.3
xc0.xcore.vss__t235                2.36018e-12
xc0.xcore.outn__t9                         3.3
xc0.xcore.vss__t236                2.39551e-12
xc0.xcore.outn__t10                        3.3
xc0.xcore.vss__t237                2.43089e-12
xc0.xcore.outn__t11                        3.3
xc0.xcore.vss__t238                2.46632e-12
xc0.xcore.outn__t12                        3.3
xc0.xcore.vss__t239                2.50182e-12
xc0.xcore.outn__t13                        3.3
xc0.xcore.vss__t240                2.53736e-12
xc0.xcore.outn__t14                        3.3
xc0.xcore.vss__t241                2.57295e-12
xc0.xcore.outn__t15                        3.3
xc0.xcore.vss__t242                2.60859e-12
xc0.xcore.outn__t16                        3.3
xc0.xcore.vss__t243                2.64428e-12
xc0.xcore.outn__t17                        3.3
xc0.xcore.vss__t244                2.68001e-12
xc0.xcore.outn__t19                        3.3
xc0.xcore.vss__t245                2.71579e-12
xc0.xcore.outn__t18                        3.3
xc0.xcore.vss__t246                 2.7516e-12
xc0.xcore.outn__t1                         3.3
xc0.xcore.vss__t247                2.78746e-12
xc0.xcore.outn__t2                         3.3
xc0.xcore.vss__t248                2.82335e-12
xc0.xcore.outn__t3                         3.3
xc0.xcore.vss__t249                2.85928e-12
xc0.xcore.outn__t4                         3.3
ib_c0                                  1.22494
xc0.xcore.vsubs                              0
outn_c0                                    3.3
outp_c0                                2.79427
xc0.tail                               1.50234
vd_c0                                 0.505728
xc1.xcore.tail__t186                   1.50232
xc1.xcore.ibias__t118                  1.22494
xc1.xcore.vss__t163                5.35867e-06
xc1.xcore.vss__t349                8.22625e-13
xc1.xcore.vss__t60                 5.16148e-06
xc1.xcore.ibias__t117                  1.22494
xc1.xcore.tail__t286                   1.50232
xc1.xcore.vss__t350                7.92357e-13
xc1.xcore.tail__t197                   1.50232
xc1.xcore.ibias__t140                  1.22494
xc1.xcore.vss__t174                 4.9647e-06
xc1.xcore.vss__t351                7.62152e-13
xc1.xcore.vss__t68                 4.76838e-06
xc1.xcore.ibias__t133                  1.22494
xc1.xcore.tail__t294                   1.50232
xc1.xcore.vss__t352                7.32018e-13
xc1.xcore.tail__t193                   1.50232
xc1.xcore.ibias__t132                  1.22494
xc1.xcore.vss__t170                4.57259e-06
xc1.xcore.vss__t353                7.01963e-13
xc1.xcore.vss__t67                 4.37738e-06
xc1.xcore.ibias__t131                  1.22494
xc1.xcore.tail__t293                   1.50232
xc1.xcore.vss__t354                6.71999e-13
xc1.xcore.tail__t192                   1.50232
xc1.xcore.ibias__t130                  1.22494
xc1.xcore.vss__t169                4.18285e-06
xc1.xcore.vss__t355                6.42139e-13
xc1.xcore.vss__t74                  3.9891e-06
xc1.xcore.ibias__t145                  1.22494
xc1.xcore.tail__t300                   1.50232
xc1.xcore.vss__t356                6.12396e-13
xc1.xcore.tail__t191                   1.50232
xc1.xcore.ibias__t128                  1.22494
xc1.xcore.vss__t168                3.79623e-06
xc1.xcore.vss__t357                5.82791e-13
xc1.xcore.vss__t65                  3.6044e-06
xc1.xcore.ibias__t127                  1.22494
xc1.xcore.tail__t291                   1.50232
xc1.xcore.vss__t358                5.53344e-13
xc1.xcore.tail__t190                   1.50232
xc1.xcore.ibias__t126                  1.22494
xc1.xcore.vss__t167                3.41378e-06
xc1.xcore.vss__t359                5.24082e-13
xc1.xcore.vss__t64                 3.22459e-06
xc1.xcore.ibias__t125                  1.22494
xc1.xcore.tail__t290                   1.50232
xc1.xcore.vss__t360                4.95039e-13
xc1.xcore.tail__t189                   1.50232
xc1.xcore.ibias__t124                  1.22494
xc1.xcore.vss__t166                3.03708e-06
xc1.xcore.vss__t361                4.66255e-13
xc1.xcore.vss__t63                  2.8516e-06
xc1.xcore.ibias__t123                  1.22494
xc1.xcore.tail__t289                   1.50232
xc1.xcore.vss__t362                4.37782e-13
xc1.xcore.tail__t188                   1.50232
xc1.xcore.ibias__t122                  1.22494
xc1.xcore.vss__t165                2.66857e-06
xc1.xcore.vss__t363                4.09684e-13
xc1.xcore.vss__t62                 2.48852e-06
xc1.xcore.ibias__t121                  1.22494
xc1.xcore.tail__t288                   1.50233
xc1.xcore.vss__t364                3.82044e-13
xc1.xcore.tail__t187                   1.50233
xc1.xcore.ibias__t120                  1.22494
xc1.xcore.vss__t164                2.31215e-06
xc1.xcore.vss__t365                 3.5497e-13
xc1.xcore.vss__t26                 2.14038e-06
xc1.xcore.ibias__t0                    1.22494
xc1.xcore.tail__t252                   1.50233
xc1.xcore.vss__t366                3.28601e-13
xc1.xcore.tail__t175                   1.50233
xc1.xcore.ibias__t97                   1.22494
xc1.xcore.vss__t152                1.97441e-06
xc1.xcore.vss__t367                3.03121e-13
xc1.xcore.vss__t42                 1.81582e-06
xc1.xcore.ibias__t78                   1.22494
xc1.xcore.tail__t268                   1.50233
xc1.xcore.vss__t368                2.78775e-13
xc1.xcore.tail__t164                   1.50233
xc1.xcore.ibias__t77                   1.22494
xc1.xcore.vss__t141                1.66673e-06
xc1.xcore.vss__t369                2.55886e-13
xc1.xcore.vss__t37                 1.52991e-06
xc1.xcore.ibias__t70                   1.22494
xc1.xcore.tail__t263                   1.50233
xc1.xcore.vss__t370                2.34882e-13
xc1.xcore.tail__t167                   1.50233
xc1.xcore.ibias__t82                   1.22494
xc1.xcore.vss__t144                1.40894e-06
xc1.xcore.vss__t371                2.16311e-13
xc1.xcore.vss__t39                 1.30823e-06
xc1.xcore.ibias__t72                   1.22494
xc1.xcore.tail__t265                   1.50233
xc1.xcore.vss__t372                 2.0085e-13
xc1.xcore.tail__t162                   1.50233
xc1.xcore.ibias__t73                   1.22494
xc1.xcore.vss__t139                1.23275e-06
xc1.xcore.vss__t373                1.89263e-13
xc1.xcore.vss__t40                 1.18733e-06
xc1.xcore.ibias__t74                   1.22494
xc1.xcore.tail__t266                   1.50233
xc1.xcore.vss__t374                1.82291e-13
xc1.xcore.tail__t163                   1.50233
xc1.xcore.ibias__t75                   1.22494
xc1.xcore.vss__t140                1.17546e-06
xc1.xcore.vss__t375                1.80468e-13
xc1.xcore.vss__t41                 1.19813e-06
xc1.xcore.ibias__t76                   1.22494
xc1.xcore.tail__t267                   1.50233
xc1.xcore.vss__t376                 1.8395e-13
xc1.xcore.tail__t129                   1.50233
xc1.xcore.ibias__t9                    1.22494
xc1.xcore.vss__t107                1.25347e-06
xc1.xcore.vss__t377                1.92447e-13
xc1.xcore.vss__t6                  1.33743e-06
xc1.xcore.ibias__t8                    1.22494
xc1.xcore.tail__t232                   1.50233
xc1.xcore.vss__t378                2.05338e-13
xc1.xcore.tail__t128                   1.50233
xc1.xcore.ibias__t7                    1.22494
xc1.xcore.vss__t106                1.44503e-06
xc1.xcore.vss__t379                2.21859e-13
xc1.xcore.vss__t5                  1.57142e-06
xc1.xcore.ibias__t6                    1.22494
xc1.xcore.tail__t231                   1.50233
xc1.xcore.vss__t380                2.41265e-13
xc1.xcore.tail__t141                   1.50233
xc1.xcore.ibias__t31                   1.22494
xc1.xcore.vss__t119                1.71245e-06
xc1.xcore.vss__t381                2.62919e-13
xc1.xcore.vss__t4                  1.86479e-06
xc1.xcore.ibias__t5                    1.22494
xc1.xcore.tail__t230                   1.50233
xc1.xcore.vss__t382                 2.8631e-13
xc1.xcore.tail__t158                   1.50233
xc1.xcore.ibias__t62                   1.22494
xc1.xcore.vss__t135                2.02591e-06
xc1.xcore.vss__t383                3.11048e-13
xc1.xcore.vss__t33                 2.19385e-06
xc1.xcore.ibias__t63                   1.22494
xc1.xcore.tail__t259                   1.50233
xc1.xcore.vss__t384                3.36835e-13
xc1.xcore.tail__t159                   1.50233
xc1.xcore.ibias__t64                   1.22494
xc1.xcore.vss__t136                2.36718e-06
xc1.xcore.vss__t385                3.63448e-13
xc1.xcore.vss__t34                 2.54479e-06
xc1.xcore.ibias__t65                   1.22494
xc1.xcore.tail__t260                   1.50233
xc1.xcore.vss__t386                3.90719e-13
xc1.xcore.tail__t160                   1.50233
xc1.xcore.ibias__t66                   1.22494
xc1.xcore.vss__t137                2.72585e-06
xc1.xcore.vss__t387                 4.1852e-13
xc1.xcore.vss__t35                  2.9097e-06
xc1.xcore.ibias__t67                   1.22494
xc1.xcore.tail__t261                   1.50233
xc1.xcore.vss__t388                 4.4675e-13
xc1.xcore.tail__t161                   1.50233
xc1.xcore.ibias__t68                   1.22494
xc1.xcore.vss__t138                3.09586e-06
xc1.xcore.vss__t389                4.75334e-13
xc1.xcore.vss__t36                 3.28393e-06
xc1.xcore.ibias__t69                   1.22494
xc1.xcore.tail__t262                   1.50233
xc1.xcore.vss__t390                5.04212e-13
xc1.xcore.tail__t130                   1.50233
xc1.xcore.ibias__t10                   1.22494
xc1.xcore.vss__t108                 3.4736e-06
xc1.xcore.vss__t391                5.33336e-13
xc1.xcore.vss__t13                 3.66462e-06
xc1.xcore.ibias__t23                   1.22494
xc1.xcore.tail__t239                   1.50233
xc1.xcore.vss__t392                5.62668e-13
xc1.xcore.tail__t137                   1.50233
xc1.xcore.ibias__t24                   1.22494
xc1.xcore.vss__t115                3.85679e-06
xc1.xcore.vss__t393                5.92176e-13
xc1.xcore.vss__t14                 4.04995e-06
xc1.xcore.ibias__t25                   1.22494
xc1.xcore.tail__t240                   1.50233
xc1.xcore.vss__t394                6.21837e-13
xc1.xcore.tail__t138                   1.50234
xc1.xcore.ibias__t26                   1.22494
xc1.xcore.vss__t116                4.24397e-06
xc1.xcore.vss__t395                6.51628e-13
xc1.xcore.vss__t15                 4.43872e-06
xc1.xcore.ibias__t27                   1.22494
xc1.xcore.tail__t241                   1.50234
xc1.xcore.vss__t396                6.81533e-13
xc1.xcore.tail__t139                   1.50234
xc1.xcore.ibias__t28                   1.22494
xc1.xcore.vss__t117                4.63412e-06
xc1.xcore.vss__t397                7.11537e-13
xc1.xcore.vss__t16                 4.83008e-06
xc1.xcore.ibias__t29                   1.22494
xc1.xcore.tail__t242                   1.50234
xc1.xcore.vss__t398                7.41629e-13
xc1.xcore.tail__t140                   1.50234
xc1.xcore.ibias__t30                   1.22494
xc1.xcore.vss__t118                5.02655e-06
xc1.xcore.vss__t399                7.71796e-13
xc1.xcore.vss__t21                 5.22347e-06
xc1.xcore.ibias__t41                   1.22494
xc1.xcore.tail__t247                   1.50234
xc1.xcore.vss__t400                8.02031e-13
xc1.xcore.tail__t142                   1.50234
xc1.xcore.ibias__t32                   1.22494
xc1.xcore.vss__t120                5.42078e-06
xc1.xcore.vss__t401                8.32325e-13
xc1.xcore.vss__t17                 5.61844e-06
xc1.xcore.ibias__t33                   1.22494
xc1.xcore.tail__t243                   1.50234
xc1.xcore.vss__t402                8.62672e-13
xc1.xcore.tail__t143                   1.50234
xc1.xcore.ibias__t34                   1.22494
xc1.xcore.vss__t121                5.81642e-06
xc1.xcore.vss__t403                8.93068e-13
xc1.xcore.vss__t18                  6.0147e-06
xc1.xcore.ibias__t35                   1.22494
xc1.xcore.tail__t244                   1.50234
xc1.xcore.vss__t404                9.23507e-13
xc1.xcore.tail__t144                   1.50233
xc1.xcore.ibias__t36                   1.22494
xc1.xcore.vss__t122                6.21323e-06
xc1.xcore.vss__t405                9.53986e-13
xc1.xcore.vss__t19                 6.41199e-06
xc1.xcore.ibias__t37                   1.22494
xc1.xcore.tail__t245                   1.50233
xc1.xcore.vss__t406                9.84501e-13
xc1.xcore.tail__t145                   1.50233
xc1.xcore.ibias__t38                   1.22494
xc1.xcore.vss__t123                6.61097e-06
xc1.xcore.vss__t407                1.01505e-12
xc1.xcore.vss__t20                 6.81015e-06
xc1.xcore.ibias__t39                   1.22494
xc1.xcore.tail__t246                   1.50233
xc1.xcore.vss__t408                1.04563e-12
xc1.xcore.tail__t146                   1.50233
xc1.xcore.ibias__t40                   1.22494
xc1.xcore.vss__t124                 7.0095e-06
xc1.xcore.vss__t409                1.07623e-12
xc1.xcore.vss__t8                  7.20902e-06
xc1.xcore.ibias__t12                   1.22494
xc1.xcore.tail__t234                   1.50233
xc1.xcore.vss__t410                1.10686e-12
xc1.xcore.tail__t135                   1.50233
xc1.xcore.ibias__t21                   1.22494
xc1.xcore.vss__t113                7.40868e-06
xc1.xcore.vss__t411                1.13751e-12
xc1.xcore.vss__t9                  7.60849e-06
xc1.xcore.ibias__t13                   1.22494
xc1.xcore.tail__t235                   1.50233
xc1.xcore.vss__t412                1.16818e-12
xc1.xcore.tail__t131                   1.50233
xc1.xcore.ibias__t14                   1.22494
xc1.xcore.vss__t109                7.80842e-06
xc1.xcore.vss__t413                1.19887e-12
xc1.xcore.vss__t10                 8.00848e-06
xc1.xcore.ibias__t15                   1.22494
xc1.xcore.tail__t236                   1.50233
xc1.xcore.vss__t414                1.22958e-12
xc1.xcore.tail__t134                   1.50233
xc1.xcore.ibias__t20                   1.22494
xc1.xcore.vss__t112                8.20864e-06
xc1.xcore.vss__t415                1.26031e-12
xc1.xcore.vss__t12                  8.4089e-06
xc1.xcore.ibias__t19                   1.22494
xc1.xcore.tail__t238                   1.50233
xc1.xcore.vss__t416                1.29105e-12
xc1.xcore.tail__t133                   1.50233
xc1.xcore.ibias__t18                   1.22494
xc1.xcore.vss__t111                8.60926e-06
xc1.xcore.vss__t417                1.32181e-12
xc1.xcore.vss__t11                 8.80971e-06
xc1.xcore.ibias__t17                   1.22494
xc1.xcore.tail__t237                   1.50233
xc1.xcore.vss__t418                1.35258e-12
xc1.xcore.tail__t132                   1.50233
xc1.xcore.ibias__t16                   1.22494
xc1.xcore.vss__t110                9.01024e-06
xc1.xcore.vss__t419                1.38336e-12
xc1.xcore.vss__t7                  9.21084e-06
xc1.xcore.ibias__t11                   1.22494
xc1.xcore.tail__t233                   1.50233
xc1.xcore.vss__t420                1.41415e-12
xc1.xcore.tail__t136                   1.50233
xc1.xcore.ibias__t22                   1.22494
xc1.xcore.vss__t114                9.41152e-06
xc1.xcore.vss__t421                1.44496e-12
xc1.xcore.vss__t23                 9.61226e-06
xc1.xcore.ibias__t45                   1.22494
xc1.xcore.tail__t249                   1.50233
xc1.xcore.vss__t422                1.47577e-12
xc1.xcore.tail__t150                   1.50233
xc1.xcore.ibias__t46                   1.22494
xc1.xcore.vss__t127                9.81307e-06
xc1.xcore.vss__t423                 1.5066e-12
xc1.xcore.vss__t24                 1.00139e-05
xc1.xcore.ibias__t47                   1.22494
xc1.xcore.tail__t250                   1.50233
xc1.xcore.vss__t424                1.53743e-12
xc1.xcore.tail__t151                   1.50233
xc1.xcore.ibias__t48                   1.22494
xc1.xcore.vss__t128                1.02149e-05
xc1.xcore.vss__t425                1.56827e-12
xc1.xcore.vss__t25                 1.04158e-05
xc1.xcore.ibias__t49                   1.22494
xc1.xcore.tail__t251                   1.50233
xc1.xcore.vss__t426                1.59912e-12
xc1.xcore.tail__t152                   1.50233
xc1.xcore.ibias__t50                   1.22494
xc1.xcore.vss__t129                1.06169e-05
xc1.xcore.vss__t427                1.62997e-12
xc1.xcore.vss__t32                 1.08179e-05
xc1.xcore.ibias__t61                   1.22494
xc1.xcore.tail__t258                   1.50233
xc1.xcore.vss__t428                1.66084e-12
xc1.xcore.tail__t153                   1.50233
xc1.xcore.ibias__t51                   1.22494
xc1.xcore.vss__t130                 1.1019e-05
xc1.xcore.vss__t429                1.69171e-12
xc1.xcore.vss__t27                 1.12202e-05
xc1.xcore.ibias__t52                   1.22494
xc1.xcore.tail__t253                   1.50233
xc1.xcore.vss__t430                1.72258e-12
xc1.xcore.tail__t154                   1.50233
xc1.xcore.ibias__t53                   1.22494
xc1.xcore.vss__t131                1.14214e-05
xc1.xcore.vss__t431                1.75346e-12
xc1.xcore.vss__t28                 1.16226e-05
xc1.xcore.ibias__t54                   1.22494
xc1.xcore.tail__t254                   1.50233
xc1.xcore.vss__t432                1.78435e-12
xc1.xcore.tail__t155                   1.50233
xc1.xcore.ibias__t55                   1.22494
xc1.xcore.vss__t132                1.18239e-05
xc1.xcore.vss__t433                1.81524e-12
xc1.xcore.vss__t29                 1.20252e-05
xc1.xcore.ibias__t56                   1.22494
xc1.xcore.tail__t255                   1.50233
xc1.xcore.vss__t434                1.84614e-12
xc1.xcore.tail__t156                   1.50232
xc1.xcore.ibias__t57                   1.22494
xc1.xcore.vss__t133                1.22265e-05
xc1.xcore.vss__t435                1.87704e-12
xc1.xcore.vss__t30                 1.24279e-05
xc1.xcore.ibias__t58                   1.22494
xc1.xcore.tail__t256                   1.50232
xc1.xcore.vss__t436                1.90795e-12
xc1.xcore.tail__t157                   1.50232
xc1.xcore.ibias__t59                   1.22494
xc1.xcore.vss__t134                1.26293e-05
xc1.xcore.vss__t437                1.93886e-12
xc1.xcore.vss__t31                 1.28307e-05
xc1.xcore.ibias__t60                   1.22494
xc1.xcore.tail__t257                   1.50232
xc1.xcore.vss__t438                1.96977e-12
xc1.xcore.tail__t211                   1.50232
xc1.xcore.ibias__t176                  1.22494
xc1.xcore.vss__t193                1.30322e-05
xc1.xcore.vss__t439                2.00069e-12
xc1.xcore.vss__t88                 1.32337e-05
xc1.xcore.ibias__t175                  1.22494
xc1.xcore.tail__t311                   1.50232
xc1.xcore.vss__t440                2.03161e-12
xc1.xcore.tail__t165                   1.50232
xc1.xcore.ibias__t79                   1.22494
xc1.xcore.vss__t142                1.34351e-05
xc1.xcore.vss__t441                2.06253e-12
xc1.xcore.vss__t43                 1.36367e-05
xc1.xcore.ibias__t80                   1.22494
xc1.xcore.tail__t269                   1.50232
xc1.xcore.vss__t442                2.09346e-12
xc1.xcore.tail__t166                   1.50232
xc1.xcore.ibias__t81                   1.22494
xc1.xcore.vss__t143                1.38382e-05
xc1.xcore.vss__t443                2.12439e-12
xc1.xcore.vss__t38                 1.40398e-05
xc1.xcore.ibias__t71                   1.22494
xc1.xcore.tail__t264                   1.50232
xc1.xcore.vss__t444                2.15533e-12
xc1.xcore.tail__t147                   1.50232
xc1.xcore.ibias__t42                   1.22494
xc1.xcore.vss__t125                1.42414e-05
xc1.xcore.vss__t445                2.18626e-12
xc1.xcore.vss__t22                  1.4443e-05
xc1.xcore.ibias__t43                   1.22494
xc1.xcore.tail__t248                   1.50232
xc1.xcore.vss__t446                 2.2172e-12
xc1.xcore.tail__t148                   1.50232
xc1.xcore.ibias__t44                   1.22494
xc1.xcore.vss__t126                1.46446e-05
xc1.xcore.vss__t447                2.24814e-12
xc1.xcore.vss__t0                  1.48462e-05
xc1.xcore.ibias__t1                    1.22494
xc1.xcore.tail__t149                   1.50232
xc1.xcore.vss__t456                2.27909e-12
xc1.xcore.tail__t229                   1.50229
xc1.xcore.ibias__t2                    1.22494
xc1.xcore.vss__t1                  2.54833e-05
xc1.xcore.vss__t458                3.91034e-12
xc1.xcore.vss__t189                2.52813e-05
xc1.xcore.ibias__t170                  1.22494
xc1.xcore.tail__t228                   1.50229
xc1.xcore.vss__t250                3.87935e-12
xc1.xcore.tail__t209                   1.50229
xc1.xcore.ibias__t169                  1.22494
xc1.xcore.vss__t188                2.50792e-05
xc1.xcore.vss__t251                3.84837e-12
xc1.xcore.vss__t86                 2.48772e-05
xc1.xcore.ibias__t168                  1.22494
xc1.xcore.tail__t309                   1.50229
xc1.xcore.vss__t252                3.81738e-12
xc1.xcore.tail__t208                   1.50229
xc1.xcore.ibias__t167                  1.22494
xc1.xcore.vss__t187                2.46752e-05
xc1.xcore.vss__t253                 3.7864e-12
xc1.xcore.vss__t85                 2.44731e-05
xc1.xcore.ibias__t166                  1.22494
xc1.xcore.tail__t308                   1.50229
xc1.xcore.vss__t254                3.75541e-12
xc1.xcore.tail__t207                   1.50229
xc1.xcore.ibias__t165                  1.22494
xc1.xcore.vss__t186                2.42711e-05
xc1.xcore.vss__t255                3.72443e-12
xc1.xcore.vss__t84                 2.40691e-05
xc1.xcore.ibias__t164                  1.22494
xc1.xcore.tail__t307                   1.50229
xc1.xcore.vss__t256                3.69345e-12
xc1.xcore.tail__t210                   1.50229
xc1.xcore.ibias__t173                  1.22494
xc1.xcore.vss__t191                2.38671e-05
xc1.xcore.vss__t257                3.66246e-12
xc1.xcore.vss__t87                 2.36651e-05
xc1.xcore.ibias__t172                  1.22494
xc1.xcore.tail__t310                   1.50229
xc1.xcore.vss__t258                3.63148e-12
xc1.xcore.tail__t219                   1.50229
xc1.xcore.ibias__t195                  1.22494
xc1.xcore.vss__t201                2.34631e-05
xc1.xcore.vss__t259                3.60049e-12
xc1.xcore.vss__t99                 2.32611e-05
xc1.xcore.ibias__t194                  1.22494
xc1.xcore.tail__t321                   1.50229
xc1.xcore.vss__t260                3.56951e-12
xc1.xcore.tail__t227                   1.50229
xc1.xcore.ibias__t209                  1.22494
xc1.xcore.vss__t209                2.30591e-05
xc1.xcore.vss__t261                3.53853e-12
xc1.xcore.vss__t97                 2.28571e-05
xc1.xcore.ibias__t192                  1.22494
xc1.xcore.tail__t319                   1.50229
xc1.xcore.vss__t262                3.50755e-12
xc1.xcore.tail__t218                   1.50229
xc1.xcore.ibias__t191                  1.22494
xc1.xcore.vss__t200                2.26551e-05
xc1.xcore.vss__t263                3.47657e-12
xc1.xcore.vss__t96                 2.24531e-05
xc1.xcore.ibias__t190                  1.22494
xc1.xcore.tail__t318                   1.50229
xc1.xcore.vss__t264                3.44558e-12
xc1.xcore.tail__t217                   1.50229
xc1.xcore.ibias__t189                  1.22494
xc1.xcore.vss__t199                2.22511e-05
xc1.xcore.vss__t265                 3.4146e-12
xc1.xcore.vss__t95                 2.20491e-05
xc1.xcore.ibias__t188                  1.22494
xc1.xcore.tail__t317                   1.50229
xc1.xcore.vss__t266                3.38362e-12
xc1.xcore.tail__t216                   1.50229
xc1.xcore.ibias__t187                  1.22494
xc1.xcore.vss__t198                2.18472e-05
xc1.xcore.vss__t267                3.35264e-12
xc1.xcore.vss__t94                 2.16452e-05
xc1.xcore.ibias__t186                  1.22494
xc1.xcore.tail__t316                   1.50229
xc1.xcore.vss__t268                3.32166e-12
xc1.xcore.tail__t215                   1.50229
xc1.xcore.ibias__t185                  1.22494
xc1.xcore.vss__t197                2.14432e-05
xc1.xcore.vss__t269                3.29068e-12
xc1.xcore.vss__t93                 2.12413e-05
xc1.xcore.ibias__t184                  1.22494
xc1.xcore.tail__t315                   1.50229
xc1.xcore.vss__t270                 3.2597e-12
xc1.xcore.tail__t214                   1.50229
xc1.xcore.ibias__t183                  1.22494
xc1.xcore.vss__t196                2.10393e-05
xc1.xcore.vss__t271                3.22873e-12
xc1.xcore.vss__t92                 2.08374e-05
xc1.xcore.ibias__t182                  1.22494
xc1.xcore.tail__t314                   1.50229
xc1.xcore.vss__t272                3.19775e-12
xc1.xcore.tail__t213                   1.50229
xc1.xcore.ibias__t181                  1.22494
xc1.xcore.vss__t195                2.06354e-05
xc1.xcore.vss__t273                3.16677e-12
xc1.xcore.vss__t91                 2.04335e-05
xc1.xcore.ibias__t180                  1.22494
xc1.xcore.tail__t313                    1.5023
xc1.xcore.vss__t274                 3.1358e-12
xc1.xcore.tail__t212                    1.5023
xc1.xcore.ibias__t179                  1.22494
xc1.xcore.vss__t194                2.02316e-05
xc1.xcore.vss__t275                3.10482e-12
xc1.xcore.vss__t90                 2.00296e-05
xc1.xcore.ibias__t178                  1.22494
xc1.xcore.tail__t312                    1.5023
xc1.xcore.vss__t276                3.07385e-12
xc1.xcore.tail__t206                    1.5023
xc1.xcore.ibias__t161                  1.22494
xc1.xcore.vss__t184                1.98277e-05
xc1.xcore.vss__t277                3.04287e-12
xc1.xcore.vss__t57                 1.96258e-05
xc1.xcore.ibias__t112                  1.22494
xc1.xcore.tail__t283                    1.5023
xc1.xcore.vss__t278                 3.0119e-12
xc1.xcore.tail__t183                    1.5023
xc1.xcore.ibias__t111                  1.22494
xc1.xcore.vss__t160                1.94239e-05
xc1.xcore.vss__t279                2.98093e-12
xc1.xcore.vss__t56                  1.9222e-05
xc1.xcore.ibias__t110                  1.22494
xc1.xcore.tail__t282                    1.5023
xc1.xcore.vss__t280                2.94996e-12
xc1.xcore.tail__t182                    1.5023
xc1.xcore.ibias__t109                  1.22494
xc1.xcore.vss__t159                1.90201e-05
xc1.xcore.vss__t281                2.91898e-12
xc1.xcore.vss__t55                 1.88182e-05
xc1.xcore.ibias__t108                  1.22494
xc1.xcore.tail__t281                    1.5023
xc1.xcore.vss__t282                2.88801e-12
xc1.xcore.tail__t181                    1.5023
xc1.xcore.ibias__t107                  1.22494
xc1.xcore.vss__t158                1.86164e-05
xc1.xcore.vss__t283                2.85705e-12
xc1.xcore.vss__t54                 1.84145e-05
xc1.xcore.ibias__t106                  1.22494
xc1.xcore.tail__t280                    1.5023
xc1.xcore.vss__t284                2.82608e-12
xc1.xcore.tail__t180                    1.5023
xc1.xcore.ibias__t105                  1.22494
xc1.xcore.vss__t157                1.82127e-05
xc1.xcore.vss__t285                2.79511e-12
xc1.xcore.vss__t53                 1.80108e-05
xc1.xcore.ibias__t104                  1.22494
xc1.xcore.tail__t279                    1.5023
xc1.xcore.vss__t286                2.76415e-12
xc1.xcore.tail__t205                    1.5023
xc1.xcore.ibias__t156                  1.22494
xc1.xcore.vss__t182                 1.7809e-05
xc1.xcore.vss__t287                2.73318e-12
xc1.xcore.vss__t79                 1.76071e-05
xc1.xcore.ibias__t155                  1.22494
xc1.xcore.tail__t305                    1.5023
xc1.xcore.vss__t288                2.70222e-12
xc1.xcore.tail__t204                    1.5023
xc1.xcore.ibias__t154                  1.22494
xc1.xcore.vss__t181                1.74053e-05
xc1.xcore.vss__t289                2.67126e-12
xc1.xcore.vss__t78                 1.72035e-05
xc1.xcore.ibias__t153                  1.22494
xc1.xcore.tail__t304                    1.5023
xc1.xcore.vss__t290                2.64029e-12
xc1.xcore.tail__t203                    1.5023
xc1.xcore.ibias__t152                  1.22494
xc1.xcore.vss__t180                1.70017e-05
xc1.xcore.vss__t291                2.60934e-12
xc1.xcore.vss__t77                 1.67999e-05
xc1.xcore.ibias__t151                  1.22494
xc1.xcore.tail__t303                    1.5023
xc1.xcore.vss__t292                2.57838e-12
xc1.xcore.tail__t202                    1.5023
xc1.xcore.ibias__t150                  1.22494
xc1.xcore.vss__t179                1.65982e-05
xc1.xcore.vss__t293                2.54742e-12
xc1.xcore.vss__t76                 1.63964e-05
xc1.xcore.ibias__t149                  1.22494
xc1.xcore.tail__t302                    1.5023
xc1.xcore.vss__t294                2.51647e-12
xc1.xcore.tail__t201                    1.5023
xc1.xcore.ibias__t148                  1.22494
xc1.xcore.vss__t178                1.61946e-05
xc1.xcore.vss__t295                2.48551e-12
xc1.xcore.vss__t75                 1.59929e-05
xc1.xcore.ibias__t147                  1.22494
xc1.xcore.tail__t301                    1.5023
xc1.xcore.vss__t296                2.45456e-12
xc1.xcore.tail__t200                    1.5023
xc1.xcore.ibias__t146                  1.22494
xc1.xcore.vss__t177                1.57912e-05
xc1.xcore.vss__t297                2.42361e-12
xc1.xcore.vss__t98                 1.55895e-05
xc1.xcore.ibias__t193                  1.22494
xc1.xcore.tail__t320                    1.5023
xc1.xcore.vss__t298                2.39266e-12
xc1.xcore.tail__t226                    1.5023
xc1.xcore.ibias__t208                  1.22494
xc1.xcore.vss__t208                1.53878e-05
xc1.xcore.vss__t299                2.36172e-12
xc1.xcore.vss__t105                1.51861e-05
xc1.xcore.ibias__t207                  1.22494
xc1.xcore.tail__t327                    1.5023
xc1.xcore.vss__t300                2.33077e-12
xc1.xcore.tail__t225                    1.5023
xc1.xcore.ibias__t206                  1.22494
xc1.xcore.vss__t207                1.49844e-05
xc1.xcore.vss__t301                2.29983e-12
xc1.xcore.vss__t104                1.47828e-05
xc1.xcore.ibias__t205                  1.22494
xc1.xcore.tail__t326                    1.5023
xc1.xcore.vss__t302                2.26889e-12
xc1.xcore.tail__t224                    1.5023
xc1.xcore.ibias__t204                  1.22494
xc1.xcore.vss__t206                1.45811e-05
xc1.xcore.vss__t303                2.23795e-12
xc1.xcore.vss__t103                1.43795e-05
xc1.xcore.ibias__t203                  1.22494
xc1.xcore.tail__t325                   1.50231
xc1.xcore.vss__t304                2.20702e-12
xc1.xcore.tail__t223                   1.50231
xc1.xcore.ibias__t202                  1.22494
xc1.xcore.vss__t205                1.41779e-05
xc1.xcore.vss__t305                2.17609e-12
xc1.xcore.vss__t102                1.39764e-05
xc1.xcore.ibias__t201                  1.22494
xc1.xcore.tail__t324                   1.50231
xc1.xcore.vss__t306                2.14516e-12
xc1.xcore.tail__t222                   1.50231
xc1.xcore.ibias__t200                  1.22494
xc1.xcore.vss__t204                1.37748e-05
xc1.xcore.vss__t307                2.11423e-12
xc1.xcore.vss__t101                1.35733e-05
xc1.xcore.ibias__t199                  1.22494
xc1.xcore.tail__t323                   1.50231
xc1.xcore.vss__t308                2.08331e-12
xc1.xcore.tail__t221                   1.50231
xc1.xcore.ibias__t198                  1.22494
xc1.xcore.vss__t203                1.33718e-05
xc1.xcore.vss__t309                2.05239e-12
xc1.xcore.vss__t100                1.31703e-05
xc1.xcore.ibias__t197                  1.22494
xc1.xcore.tail__t322                   1.50231
xc1.xcore.vss__t310                2.02147e-12
xc1.xcore.tail__t220                   1.50231
xc1.xcore.ibias__t196                  1.22494
xc1.xcore.vss__t202                1.29688e-05
xc1.xcore.vss__t311                1.99055e-12
xc1.xcore.vss__t80                 1.27674e-05
xc1.xcore.ibias__t157                  1.22494
xc1.xcore.tail__t306                   1.50231
xc1.xcore.vss__t312                1.95964e-12
xc1.xcore.tail__t185                   1.50231
xc1.xcore.ibias__t116                  1.22494
xc1.xcore.vss__t162                1.25659e-05
xc1.xcore.vss__t313                1.92874e-12
xc1.xcore.vss__t59                 1.23646e-05
xc1.xcore.ibias__t115                  1.22494
xc1.xcore.tail__t285                   1.50231
xc1.xcore.vss__t314                1.89784e-12
xc1.xcore.tail__t184                   1.50231
xc1.xcore.ibias__t114                  1.22494
xc1.xcore.vss__t161                1.21632e-05
xc1.xcore.vss__t315                1.86694e-12
xc1.xcore.vss__t71                 1.19619e-05
xc1.xcore.ibias__t139                  1.22494
xc1.xcore.tail__t297                   1.50231
xc1.xcore.vss__t316                1.83604e-12
xc1.xcore.tail__t196                   1.50231
xc1.xcore.ibias__t138                  1.22494
xc1.xcore.vss__t173                1.17606e-05
xc1.xcore.vss__t317                1.80515e-12
xc1.xcore.vss__t70                 1.15593e-05
xc1.xcore.ibias__t137                  1.22494
xc1.xcore.tail__t296                   1.50231
xc1.xcore.vss__t318                1.77427e-12
xc1.xcore.tail__t195                   1.50231
xc1.xcore.ibias__t136                  1.22494
xc1.xcore.vss__t172                1.13581e-05
xc1.xcore.vss__t319                1.74339e-12
xc1.xcore.vss__t69                 1.11569e-05
xc1.xcore.ibias__t135                  1.22494
xc1.xcore.tail__t295                   1.50231
xc1.xcore.vss__t320                1.71252e-12
xc1.xcore.tail__t194                   1.50231
xc1.xcore.ibias__t134                  1.22494
xc1.xcore.vss__t171                1.09558e-05
xc1.xcore.vss__t321                1.68165e-12
xc1.xcore.vss__t61                 1.07547e-05
xc1.xcore.ibias__t119                  1.22494
xc1.xcore.tail__t287                   1.50231
xc1.xcore.vss__t322                1.65079e-12
xc1.xcore.tail__t179                   1.50231
xc1.xcore.ibias__t103                  1.22494
xc1.xcore.vss__t156                1.05536e-05
xc1.xcore.vss__t323                1.61994e-12
xc1.xcore.vss__t48                 1.03526e-05
xc1.xcore.ibias__t92                   1.22494
xc1.xcore.tail__t274                   1.50231
xc1.xcore.vss__t324                1.58909e-12
xc1.xcore.tail__t178                   1.50231
xc1.xcore.ibias__t102                  1.22494
xc1.xcore.vss__t155                1.01516e-05
xc1.xcore.vss__t325                1.55825e-12
xc1.xcore.vss__t52                 9.95074e-06
xc1.xcore.ibias__t101                  1.22494
xc1.xcore.tail__t278                   1.50231
xc1.xcore.vss__t326                1.52742e-12
xc1.xcore.tail__t177                   1.50231
xc1.xcore.ibias__t100                  1.22494
xc1.xcore.vss__t154                9.74989e-06
xc1.xcore.vss__t327                1.49659e-12
xc1.xcore.vss__t51                  9.5491e-06
xc1.xcore.ibias__t99                   1.22494
xc1.xcore.tail__t277                   1.50231
xc1.xcore.vss__t328                1.46578e-12
xc1.xcore.tail__t176                   1.50231
xc1.xcore.ibias__t98                   1.22494
xc1.xcore.vss__t153                9.34838e-06
xc1.xcore.vss__t329                1.43497e-12
xc1.xcore.vss__t58                 9.14773e-06
xc1.xcore.ibias__t113                  1.22494
xc1.xcore.tail__t284                   1.50231
xc1.xcore.vss__t330                1.40418e-12
xc1.xcore.tail__t174                   1.50231
xc1.xcore.ibias__t96                   1.22494
xc1.xcore.vss__t151                8.94714e-06
xc1.xcore.vss__t331                 1.3734e-12
xc1.xcore.vss__t50                 8.74664e-06
xc1.xcore.ibias__t95                   1.22494
xc1.xcore.tail__t276                   1.50231
xc1.xcore.vss__t332                1.34263e-12
xc1.xcore.tail__t173                   1.50231
xc1.xcore.ibias__t94                   1.22494
xc1.xcore.vss__t150                8.54622e-06
xc1.xcore.vss__t333                1.31187e-12
xc1.xcore.vss__t49                 8.34589e-06
xc1.xcore.ibias__t93                   1.22494
xc1.xcore.tail__t275                   1.50232
xc1.xcore.vss__t334                1.28112e-12
xc1.xcore.tail__t172                   1.50232
xc1.xcore.ibias__t91                   1.22494
xc1.xcore.vss__t149                8.14566e-06
xc1.xcore.vss__t335                1.25039e-12
xc1.xcore.vss__t47                 7.94553e-06
xc1.xcore.ibias__t90                   1.22494
xc1.xcore.tail__t273                   1.50232
xc1.xcore.vss__t336                1.21967e-12
xc1.xcore.tail__t171                   1.50232
xc1.xcore.ibias__t89                   1.22494
xc1.xcore.vss__t148                7.74552e-06
xc1.xcore.vss__t337                1.18898e-12
xc1.xcore.vss__t46                 7.54562e-06
xc1.xcore.ibias__t88                   1.22494
xc1.xcore.tail__t272                   1.50232
xc1.xcore.vss__t338                 1.1583e-12
xc1.xcore.tail__t170                   1.50232
xc1.xcore.ibias__t87                   1.22494
xc1.xcore.vss__t147                7.34586e-06
xc1.xcore.vss__t339                1.12764e-12
xc1.xcore.vss__t45                 7.14624e-06
xc1.xcore.ibias__t86                   1.22494
xc1.xcore.tail__t271                   1.50232
xc1.xcore.vss__t340                  1.097e-12
xc1.xcore.tail__t169                   1.50232
xc1.xcore.ibias__t85                   1.22494
xc1.xcore.vss__t146                6.94677e-06
xc1.xcore.vss__t341                1.06638e-12
xc1.xcore.vss__t44                 6.74747e-06
xc1.xcore.ibias__t84                   1.22494
xc1.xcore.tail__t270                   1.50232
xc1.xcore.vss__t342                1.03579e-12
xc1.xcore.tail__t168                   1.50232
xc1.xcore.ibias__t83                   1.22494
xc1.xcore.vss__t145                6.54836e-06
xc1.xcore.vss__t343                1.00523e-12
xc1.xcore.vss__t66                 6.34944e-06
xc1.xcore.ibias__t129                  1.22494
xc1.xcore.tail__t292                   1.50232
xc1.xcore.vss__t344                9.74701e-13
xc1.xcore.tail__t199                   1.50232
xc1.xcore.ibias__t144                  1.22494
xc1.xcore.vss__t176                6.15075e-06
xc1.xcore.vss__t345                9.44203e-13
xc1.xcore.vss__t73                  5.9523e-06
xc1.xcore.ibias__t143                  1.22494
xc1.xcore.tail__t299                   1.50232
xc1.xcore.vss__t346                9.13743e-13
xc1.xcore.tail__t198                   1.50232
xc1.xcore.ibias__t142                  1.22494
xc1.xcore.vss__t175                5.75411e-06
xc1.xcore.vss__t347                8.83323e-13
xc1.xcore.vss__t72                 5.55623e-06
xc1.xcore.ibias__t141                  1.22494
xc1.xcore.tail__t298                   1.50232
xc1.xcore.vss__t348                8.52949e-13
xc1.xcore.outp__t53                    2.79416
xc1.xcore.inp__t1                       3.0855
xc1.xcore.tail__t0                     1.50239
xc1.xcore.vss__t460                1.39581e-12
xc1.xcore.tail__t119                   1.50239
xc1.xcore.inp__t53                      3.0855
xc1.xcore.outp__t52                    2.79416
xc1.xcore.vss__t462                1.40903e-12
xc1.xcore.outp__t46                    2.79416
xc1.xcore.inp__t52                      3.0855
xc1.xcore.tail__t118                    1.5024
xc1.xcore.vss__t463                1.42225e-12
xc1.xcore.tail__t58                     1.5024
xc1.xcore.inp__t61                      3.0855
xc1.xcore.outp__t82                    2.79416
xc1.xcore.vss__t464                1.43546e-12
xc1.xcore.outp__t30                    2.79416
xc1.xcore.inp__t24                      3.0855
xc1.xcore.tail__t98                     1.5024
xc1.xcore.vss__t465                1.44868e-12
xc1.xcore.tail__t38                     1.5024
xc1.xcore.inp__t23                      3.0855
xc1.xcore.outp__t64                    2.79415
xc1.xcore.vss__t466                 1.4619e-12
xc1.xcore.outp__t29                    2.79415
xc1.xcore.inp__t22                      3.0855
xc1.xcore.tail__t97                     1.5024
xc1.xcore.vss__t467                1.47512e-12
xc1.xcore.tail__t37                     1.5024
xc1.xcore.inp__t21                      3.0855
xc1.xcore.outp__t63                    2.79415
xc1.xcore.vss__t468                1.48834e-12
xc1.xcore.outp__t28                    2.79415
xc1.xcore.inp__t20                      3.0855
xc1.xcore.tail__t96                     1.5024
xc1.xcore.vss__t469                1.50156e-12
xc1.xcore.tail__t36                     1.5024
xc1.xcore.inp__t19                      3.0855
xc1.xcore.outp__t62                    2.79415
xc1.xcore.vss__t470                1.51478e-12
xc1.xcore.outp__t27                    2.79415
xc1.xcore.inp__t18                      3.0855
xc1.xcore.tail__t95                     1.5024
xc1.xcore.vss__t471                  1.528e-12
xc1.xcore.tail__t35                     1.5024
xc1.xcore.inp__t17                      3.0855
xc1.xcore.outp__t61                    2.79414
xc1.xcore.vss__t472                1.54122e-12
xc1.xcore.outp__t26                    2.79414
xc1.xcore.inp__t16                      3.0855
xc1.xcore.tail__t94                     1.5024
xc1.xcore.vss__t473                1.55445e-12
xc1.xcore.tail__t33                     1.5024
xc1.xcore.inp__t15                      3.0855
xc1.xcore.outp__t60                    2.79414
xc1.xcore.vss__t474                1.56767e-12
xc1.xcore.outp__t47                    2.79414
xc1.xcore.inp__t54                      3.0855
xc1.xcore.tail__t120                   1.50241
xc1.xcore.vss__t475                1.58089e-12
xc1.xcore.tail__t54                    1.50241
xc1.xcore.inp__t55                      3.0855
xc1.xcore.outp__t78                    2.79414
xc1.xcore.vss__t476                1.59412e-12
xc1.xcore.outp__t51                    2.79414
xc1.xcore.inp__t63                      3.0855
xc1.xcore.tail__t126                   1.50241
xc1.xcore.vss__t477                1.60734e-12
xc1.xcore.tail__t57                    1.50241
xc1.xcore.inp__t60                      3.0855
xc1.xcore.outp__t81                    2.79414
xc1.xcore.vss__t478                1.62057e-12
xc1.xcore.outp__t49                    2.79413
xc1.xcore.inp__t59                      3.0855
xc1.xcore.tail__t122                   1.50241
xc1.xcore.vss__t479                1.63379e-12
xc1.xcore.tail__t56                    1.50241
xc1.xcore.inp__t58                      3.0855
xc1.xcore.outp__t80                    2.79413
xc1.xcore.vss__t480                1.64702e-12
xc1.xcore.outp__t48                    2.79413
xc1.xcore.inp__t57                      3.0855
xc1.xcore.tail__t121                   1.50241
xc1.xcore.vss__t481                1.66024e-12
xc1.xcore.tail__t55                    1.50241
xc1.xcore.inp__t56                      3.0855
xc1.xcore.outp__t79                    2.79413
xc1.xcore.vss__t482                1.67347e-12
xc1.xcore.outp__t24                    2.79413
xc1.xcore.inp__t11                      3.0855
xc1.xcore.tail__t92                    1.50241
xc1.xcore.vss__t483                1.68669e-12
xc1.xcore.tail__t30                    1.50241
xc1.xcore.inp__t10                      3.0855
xc1.xcore.outp__t57                    2.79413
xc1.xcore.vss__t484                1.69992e-12
xc1.xcore.outp__t23                    2.79412
xc1.xcore.inp__t9                       3.0855
xc1.xcore.tail__t88                    1.50241
xc1.xcore.vss__t485                1.71315e-12
xc1.xcore.tail__t32                    1.50241
xc1.xcore.inp__t14                      3.0855
xc1.xcore.outp__t59                    2.79412
xc1.xcore.vss__t486                1.72637e-12
xc1.xcore.outp__t25                    2.79412
xc1.xcore.inp__t13                      3.0855
xc1.xcore.tail__t93                    1.50241
xc1.xcore.vss__t487                 1.7396e-12
xc1.xcore.tail__t60                    1.50242
xc1.xcore.inp__t0                       3.0855
xc1.xcore.outp__t83                    2.79412
xc1.xcore.vss__t488                1.75283e-12
xc1.xcore.outp__t50                    2.79412
xc1.xcore.inp__t62                      3.0855
xc1.xcore.tail__t123                   1.50242
xc1.xcore.vss__t489                1.76606e-12
xc1.xcore.tail__t42                    1.50242
xc1.xcore.inp__t29                      3.0855
xc1.xcore.outp__t67                    2.79412
xc1.xcore.vss__t490                1.77929e-12
xc1.xcore.outp__t32                    2.79411
xc1.xcore.inp__t28                      3.0855
xc1.xcore.tail__t102                   1.50242
xc1.xcore.vss__t491                1.79252e-12
xc1.xcore.tail__t41                    1.50242
xc1.xcore.inp__t27                      3.0855
xc1.xcore.outp__t66                    2.79411
xc1.xcore.vss__t492                1.80575e-12
xc1.xcore.outp__t31                    2.79411
xc1.xcore.inp__t26                      3.0855
xc1.xcore.tail__t101                   1.50242
xc1.xcore.vss__t493                1.81898e-12
xc1.xcore.tail__t40                    1.50242
xc1.xcore.inp__t25                      3.0855
xc1.xcore.outp__t65                    2.79411
xc1.xcore.vss__t494                1.83221e-12
xc1.xcore.outp__t20                    2.79411
xc1.xcore.inp__t4                       3.0855
xc1.xcore.tail__t74                    1.50242
xc1.xcore.vss__t495                1.84544e-12
xc1.xcore.tail__t14                    1.50242
xc1.xcore.inp__t3                       3.0855
xc1.xcore.outp__t54                    2.79411
xc1.xcore.vss__t496                1.85867e-12
xc1.xcore.outp__t22                     2.7941
xc1.xcore.inp__t7                       3.0855
xc1.xcore.tail__t76                    1.50242
xc1.xcore.vss__t497                 1.8719e-12
xc1.xcore.tail__t16                    1.50242
xc1.xcore.inp__t6                       3.0855
xc1.xcore.outp__t55                     2.7941
xc1.xcore.vss__t498                1.88513e-12
xc1.xcore.outp__t21                     2.7941
xc1.xcore.inp__t5                       3.0855
xc1.xcore.tail__t75                    1.50242
xc1.xcore.vss__t499                1.89836e-12
xc1.xcore.tail__t19                    1.50242
xc1.xcore.inp__t8                       3.0855
xc1.xcore.outp__t56                     2.7941
xc1.xcore.vss__t500                1.91159e-12
xc1.xcore.outp__t45                     2.7941
xc1.xcore.inp__t50                      3.0855
xc1.xcore.tail__t116                   1.50243
xc1.xcore.vss__t501                1.92482e-12
xc1.xcore.tail__t51                    1.50243
xc1.xcore.inp__t49                      3.0855
xc1.xcore.outp__t76                     2.7941
xc1.xcore.vss__t502                1.93805e-12
xc1.xcore.outp__t44                    2.79409
xc1.xcore.inp__t48                      3.0855
xc1.xcore.tail__t115                   1.50243
xc1.xcore.vss__t503                1.95128e-12
xc1.xcore.tail__t50                    1.50243
xc1.xcore.inp__t47                      3.0855
xc1.xcore.outp__t75                    2.79409
xc1.xcore.vss__t504                1.96452e-12
xc1.xcore.outp__t43                    2.79409
xc1.xcore.inp__t46                      3.0855
xc1.xcore.tail__t114                   1.50243
xc1.xcore.vss__t505                1.97775e-12
xc1.xcore.tail__t49                    1.50243
xc1.xcore.inp__t45                      3.0855
xc1.xcore.outp__t74                    2.79409
xc1.xcore.vss__t506                1.99098e-12
xc1.xcore.outp__t42                    2.79409
xc1.xcore.inp__t44                      3.0855
xc1.xcore.tail__t113                   1.50243
xc1.xcore.vss__t507                2.00421e-12
xc1.xcore.tail__t48                    1.50243
xc1.xcore.inp__t43                      3.0855
xc1.xcore.outp__t73                    2.79409
xc1.xcore.vss__t508                2.01745e-12
xc1.xcore.outp__t41                    2.79408
xc1.xcore.inp__t42                      3.0855
xc1.xcore.tail__t112                   1.50243
xc1.xcore.vss__t509                2.03068e-12
xc1.xcore.tail__t47                    1.50243
xc1.xcore.inp__t41                      3.0855
xc1.xcore.outp__t72                    2.79408
xc1.xcore.vss__t510                2.04391e-12
xc1.xcore.outp__t40                    2.79408
xc1.xcore.inp__t40                      3.0855
xc1.xcore.tail__t111                   1.50243
xc1.xcore.vss__t511                2.05715e-12
xc1.xcore.tail__t46                    1.50243
xc1.xcore.inp__t39                      3.0855
xc1.xcore.outp__t71                    2.79408
xc1.xcore.vss__t512                2.07038e-12
xc1.xcore.outp__t39                    2.79408
xc1.xcore.inp__t38                      3.0855
xc1.xcore.tail__t110                   1.50243
xc1.xcore.vss__t513                2.08362e-12
xc1.xcore.tail__t53                    1.50244
xc1.xcore.inp__t51                      3.0855
xc1.xcore.outp__t77                    2.79408
xc1.xcore.vss__t514                2.09685e-12
xc1.xcore.outp__t38                    2.79407
xc1.xcore.inp__t37                      3.0855
xc1.xcore.tail__t108                   1.50244
xc1.xcore.vss__t515                2.11008e-12
xc1.xcore.tail__t45                    1.50244
xc1.xcore.inp__t36                      3.0855
xc1.xcore.outp__t70                    2.79407
xc1.xcore.vss__t516                2.12332e-12
xc1.xcore.outp__t37                    2.79407
xc1.xcore.inp__t35                      3.0855
xc1.xcore.tail__t107                   1.50244
xc1.xcore.vss__t517                2.13655e-12
xc1.xcore.tail__t44                    1.50244
xc1.xcore.inp__t34                      3.0855
xc1.xcore.outp__t69                    2.79407
xc1.xcore.vss__t518                2.14979e-12
xc1.xcore.outp__t36                    2.79407
xc1.xcore.inp__t33                      3.0855
xc1.xcore.tail__t106                   1.50244
xc1.xcore.vss__t519                2.16302e-12
xc1.xcore.tail__t31                    1.50244
xc1.xcore.inp__t12                      3.0855
xc1.xcore.outp__t58                    2.79407
xc1.xcore.vss__t520                2.17626e-12
xc1.xcore.outp__t35                    2.79407
xc1.xcore.inp__t32                      3.0855
xc1.xcore.tail__t104                   1.50244
xc1.xcore.vss__t521                2.18949e-12
xc1.xcore.tail__t43                    1.50244
xc1.xcore.inp__t31                      3.0855
xc1.xcore.outp__t68                    2.79406
xc1.xcore.vss__t522                2.20273e-12
xc1.xcore.outp__t33                    2.79406
xc1.xcore.inp__t30                      3.0855
xc1.xcore.tail__t103                   1.50244
xc1.xcore.vss__t523                2.21596e-12
xc1.xcore.tail__t1                     1.50244
xc1.xcore.inp__t2                       3.0855
xc1.xcore.outp__t34                    2.79406
xc1.xcore.vss__t586                 2.2292e-12
xc1.xcore.ibias__t215                  1.22221
xc1.xcore.ibias__t3                    1.22494
xc1.xcore.vss__t2                  2.51857e-05
xc1.xcore.vss__t459                6.27062e-13
xc1.xcore.vss__t81                 2.49859e-05
xc1.xcore.ibias__t158                  1.22494
xc1.xcore.ibias__t216                  1.22224
xc1.xcore.vss__t448                6.22109e-13
xc1.xcore.ibias__t213                  1.22227
xc1.xcore.ibias__t171                  1.22494
xc1.xcore.vss__t190                2.47861e-05
xc1.xcore.vss__t449                6.17155e-13
xc1.xcore.vss__t83                 2.45863e-05
xc1.xcore.ibias__t163                  1.22494
xc1.xcore.ibias__t218                   1.2223
xc1.xcore.vss__t450                6.12202e-13
xc1.xcore.ibias__t212                  1.22233
xc1.xcore.ibias__t162                  1.22494
xc1.xcore.vss__t185                2.43865e-05
xc1.xcore.vss__t451                6.07248e-13
xc1.xcore.vss__t89                 2.41867e-05
xc1.xcore.ibias__t177                  1.22494
xc1.xcore.ibias__t219                  1.22236
xc1.xcore.vss__t452                6.02293e-13
xc1.xcore.ibias__t211                  1.22239
xc1.xcore.ibias__t160                  1.22494
xc1.xcore.vss__t183                2.39868e-05
xc1.xcore.vss__t453                5.97339e-13
xc1.xcore.vss__t82                  2.3787e-05
xc1.xcore.ibias__t159                  1.22494
xc1.xcore.ibias__t217                  1.22242
xc1.xcore.vss__t454                5.92384e-13
xc1.xcore.ibias__t214                  1.22245
xc1.xcore.ibias__t174                  1.22494
xc1.xcore.vss__t192                2.35872e-05
xc1.xcore.vss__t455                5.87429e-13
xc1.xcore.vss__t3                  2.33874e-05
xc1.xcore.ibias__t4                    1.22494
xc1.xcore.ibias__t210                  1.22248
xc1.xcore.vss__t457                5.82473e-13
xc1.xcore.outn__t52                        3.3
xc1.xcore.inn__t1                       1.9965
xc1.xcore.tail__t3                     1.50234
xc1.xcore.vss__t461                1.53789e-12
xc1.xcore.tail__t62                    1.50234
xc1.xcore.inn__t58                      1.9965
xc1.xcore.outn__t81                        3.3
xc1.xcore.vss__t524                1.55248e-12
xc1.xcore.outn__t49                        3.3
xc1.xcore.inn__t59                      1.9965
xc1.xcore.tail__t124                   1.50234
xc1.xcore.vss__t525                1.56708e-12
xc1.xcore.tail__t63                    1.50234
xc1.xcore.inn__t60                      1.9965
xc1.xcore.outn__t82                        3.3
xc1.xcore.vss__t526                1.58167e-12
xc1.xcore.outn__t50                        3.3
xc1.xcore.inn__t61                      1.9965
xc1.xcore.tail__t125                   1.50234
xc1.xcore.vss__t527                1.59627e-12
xc1.xcore.tail__t64                    1.50234
xc1.xcore.inn__t62                      1.9965
xc1.xcore.outn__t83                        3.3
xc1.xcore.vss__t528                1.61086e-12
xc1.xcore.outn__t46                        3.3
xc1.xcore.inn__t52                      1.9965
xc1.xcore.tail__t105                   1.50234
xc1.xcore.vss__t529                1.62546e-12
xc1.xcore.tail__t15                    1.50234
xc1.xcore.inn__t21                      1.9965
xc1.xcore.outn__t63                        3.3
xc1.xcore.vss__t530                1.64006e-12
xc1.xcore.outn__t45                        3.3
xc1.xcore.inn__t51                      1.9965
xc1.xcore.tail__t100                   1.50234
xc1.xcore.vss__t531                1.65465e-12
xc1.xcore.tail__t34                    1.50234
xc1.xcore.inn__t48                      1.9965
xc1.xcore.outn__t76                        3.3
xc1.xcore.vss__t532                1.66925e-12
xc1.xcore.outn__t44                        3.3
xc1.xcore.inn__t50                      1.9965
xc1.xcore.tail__t99                    1.50234
xc1.xcore.vss__t533                1.68385e-12
xc1.xcore.tail__t61                    1.50234
xc1.xcore.inn__t57                      1.9965
xc1.xcore.outn__t80                        3.3
xc1.xcore.vss__t534                1.69845e-12
xc1.xcore.outn__t40                        3.3
xc1.xcore.inn__t42                      1.9965
xc1.xcore.tail__t87                    1.50234
xc1.xcore.vss__t535                1.71304e-12
xc1.xcore.tail__t27                    1.50234
xc1.xcore.inn__t41                      1.9965
xc1.xcore.outn__t73                        3.3
xc1.xcore.vss__t536                1.72764e-12
xc1.xcore.outn__t39                        3.3
xc1.xcore.inn__t40                      1.9965
xc1.xcore.tail__t86                    1.50234
xc1.xcore.vss__t537                1.74224e-12
xc1.xcore.tail__t26                    1.50234
xc1.xcore.inn__t39                      1.9965
xc1.xcore.outn__t72                        3.3
xc1.xcore.vss__t538                1.75684e-12
xc1.xcore.outn__t38                        3.3
xc1.xcore.inn__t38                      1.9965
xc1.xcore.tail__t85                    1.50234
xc1.xcore.vss__t539                1.77144e-12
xc1.xcore.tail__t25                    1.50234
xc1.xcore.inn__t37                      1.9965
xc1.xcore.outn__t71                        3.3
xc1.xcore.vss__t540                1.78604e-12
xc1.xcore.outn__t47                        3.3
xc1.xcore.inn__t53                      1.9965
xc1.xcore.tail__t109                   1.50234
xc1.xcore.vss__t541                1.80064e-12
xc1.xcore.tail__t52                    1.50234
xc1.xcore.inn__t55                      1.9965
xc1.xcore.outn__t78                        3.3
xc1.xcore.vss__t542                1.81524e-12
xc1.xcore.outn__t48                        3.3
xc1.xcore.inn__t54                      1.9965
xc1.xcore.tail__t117                   1.50234
xc1.xcore.vss__t543                1.82984e-12
xc1.xcore.tail__t39                    1.50234
xc1.xcore.inn__t49                      1.9965
xc1.xcore.outn__t77                        3.3
xc1.xcore.vss__t544                1.84444e-12
xc1.xcore.outn__t41                        3.3
xc1.xcore.inn__t43                      1.9965
xc1.xcore.tail__t89                    1.50234
xc1.xcore.vss__t545                1.85904e-12
xc1.xcore.tail__t29                    1.50234
xc1.xcore.inn__t47                      1.9965
xc1.xcore.outn__t75                        3.3
xc1.xcore.vss__t546                1.87364e-12
xc1.xcore.outn__t43                        3.3
xc1.xcore.inn__t46                      1.9965
xc1.xcore.tail__t91                    1.50234
xc1.xcore.vss__t547                1.88825e-12
xc1.xcore.tail__t28                    1.50234
xc1.xcore.inn__t45                      1.9965
xc1.xcore.outn__t74                        3.3
xc1.xcore.vss__t548                1.90285e-12
xc1.xcore.outn__t42                        3.3
xc1.xcore.inn__t44                      1.9965
xc1.xcore.tail__t90                    1.50234
xc1.xcore.vss__t549                1.91745e-12
xc1.xcore.tail__t59                    1.50234
xc1.xcore.inn__t56                      1.9965
xc1.xcore.outn__t79                        3.3
xc1.xcore.vss__t550                1.93205e-12
xc1.xcore.outn__t51                        3.3
xc1.xcore.inn__t63                      1.9965
xc1.xcore.tail__t127                   1.50234
xc1.xcore.vss__t551                1.94665e-12
xc1.xcore.tail__t13                    1.50234
xc1.xcore.inn__t19                      1.9965
xc1.xcore.outn__t62                        3.3
xc1.xcore.vss__t552                1.96126e-12
xc1.xcore.outn__t28                        3.3
xc1.xcore.inn__t18                      1.9965
xc1.xcore.tail__t72                    1.50234
xc1.xcore.vss__t553                1.97586e-12
xc1.xcore.tail__t12                    1.50234
xc1.xcore.inn__t17                      1.9965
xc1.xcore.outn__t61                        3.3
xc1.xcore.vss__t554                1.99046e-12
xc1.xcore.outn__t27                        3.3
xc1.xcore.inn__t16                      1.9965
xc1.xcore.tail__t71                    1.50234
xc1.xcore.vss__t555                2.00506e-12
xc1.xcore.tail__t11                    1.50234
xc1.xcore.inn__t15                      1.9965
xc1.xcore.outn__t60                        3.3
xc1.xcore.vss__t556                2.01967e-12
xc1.xcore.outn__t26                        3.3
xc1.xcore.inn__t14                      1.9965
xc1.xcore.tail__t70                    1.50234
xc1.xcore.vss__t557                2.03427e-12
xc1.xcore.tail__t10                    1.50234
xc1.xcore.inn__t13                      1.9965
xc1.xcore.outn__t59                        3.3
xc1.xcore.vss__t558                2.04888e-12
xc1.xcore.outn__t25                        3.3
xc1.xcore.inn__t12                      1.9965
xc1.xcore.tail__t69                    1.50234
xc1.xcore.vss__t559                2.06348e-12
xc1.xcore.tail__t6                     1.50234
xc1.xcore.inn__t5                       1.9965
xc1.xcore.outn__t55                        3.3
xc1.xcore.vss__t560                2.07808e-12
xc1.xcore.outn__t24                        3.3
xc1.xcore.inn__t11                      1.9965
xc1.xcore.tail__t68                    1.50234
xc1.xcore.vss__t561                2.09269e-12
xc1.xcore.tail__t4                     1.50234
xc1.xcore.inn__t2                       1.9965
xc1.xcore.outn__t53                        3.3
xc1.xcore.vss__t562                2.10729e-12
xc1.xcore.outn__t21                        3.3
xc1.xcore.inn__t3                       1.9965
xc1.xcore.tail__t65                    1.50234
xc1.xcore.vss__t563                 2.1219e-12
xc1.xcore.tail__t5                     1.50234
xc1.xcore.inn__t4                       1.9965
xc1.xcore.outn__t54                        3.3
xc1.xcore.vss__t564                 2.1365e-12
xc1.xcore.outn__t22                        3.3
xc1.xcore.inn__t6                       1.9965
xc1.xcore.tail__t66                    1.50234
xc1.xcore.vss__t565                2.15111e-12
xc1.xcore.tail__t7                     1.50234
xc1.xcore.inn__t7                       1.9965
xc1.xcore.outn__t56                        3.3
xc1.xcore.vss__t566                2.16571e-12
xc1.xcore.outn__t23                        3.3
xc1.xcore.inn__t8                       1.9965
xc1.xcore.tail__t67                    1.50234
xc1.xcore.vss__t567                2.18032e-12
xc1.xcore.tail__t8                     1.50234
xc1.xcore.inn__t9                       1.9965
xc1.xcore.outn__t57                        3.3
xc1.xcore.vss__t568                2.19492e-12
xc1.xcore.outn__t29                        3.3
xc1.xcore.inn__t20                      1.9965
xc1.xcore.tail__t73                    1.50234
xc1.xcore.vss__t569                2.20953e-12
xc1.xcore.tail__t9                     1.50234
xc1.xcore.inn__t10                      1.9965
xc1.xcore.outn__t58                        3.3
xc1.xcore.vss__t570                2.22413e-12
xc1.xcore.outn__t36                        3.3
xc1.xcore.inn__t35                      1.9965
xc1.xcore.tail__t83                    1.50234
xc1.xcore.vss__t571                2.23874e-12
xc1.xcore.tail__t24                    1.50234
xc1.xcore.inn__t34                      1.9965
xc1.xcore.outn__t70                        3.3
xc1.xcore.vss__t572                2.25335e-12
xc1.xcore.outn__t35                        3.3
xc1.xcore.inn__t33                      1.9965
xc1.xcore.tail__t82                    1.50234
xc1.xcore.vss__t573                2.26795e-12
xc1.xcore.tail__t23                    1.50234
xc1.xcore.inn__t32                      1.9965
xc1.xcore.outn__t69                        3.3
xc1.xcore.vss__t574                2.28256e-12
xc1.xcore.outn__t34                        3.3
xc1.xcore.inn__t31                      1.9965
xc1.xcore.tail__t81                    1.50234
xc1.xcore.vss__t575                2.29717e-12
xc1.xcore.tail__t22                    1.50234
xc1.xcore.inn__t30                      1.9965
xc1.xcore.outn__t68                        3.3
xc1.xcore.vss__t576                2.31177e-12
xc1.xcore.outn__t33                        3.3
xc1.xcore.inn__t29                      1.9965
xc1.xcore.tail__t80                    1.50234
xc1.xcore.vss__t577                2.32638e-12
xc1.xcore.tail__t21                    1.50234
xc1.xcore.inn__t28                      1.9965
xc1.xcore.outn__t67                        3.3
xc1.xcore.vss__t578                2.34099e-12
xc1.xcore.outn__t32                        3.3
xc1.xcore.inn__t27                      1.9965
xc1.xcore.tail__t79                    1.50234
xc1.xcore.vss__t579                2.35559e-12
xc1.xcore.tail__t20                    1.50234
xc1.xcore.inn__t26                      1.9965
xc1.xcore.outn__t66                        3.3
xc1.xcore.vss__t580                 2.3702e-12
xc1.xcore.outn__t37                        3.3
xc1.xcore.inn__t36                      1.9965
xc1.xcore.tail__t84                    1.50234
xc1.xcore.vss__t581                2.38481e-12
xc1.xcore.tail__t18                    1.50234
xc1.xcore.inn__t25                      1.9965
xc1.xcore.outn__t65                        3.3
xc1.xcore.vss__t582                2.39941e-12
xc1.xcore.outn__t31                        3.3
xc1.xcore.inn__t24                      1.9965
xc1.xcore.tail__t78                    1.50234
xc1.xcore.vss__t583                2.41402e-12
xc1.xcore.tail__t17                    1.50234
xc1.xcore.inn__t23                      1.9965
xc1.xcore.outn__t64                        3.3
xc1.xcore.vss__t584                2.42863e-12
xc1.xcore.outn__t30                        3.3
xc1.xcore.inn__t22                      1.9965
xc1.xcore.tail__t77                    1.50234
xc1.xcore.vss__t585                2.44324e-12
xc1.xcore.tail__t2                     1.50234
xc1.xcore.inn__t0                       1.9965
xc1.xcore.outn__t20                        3.3
xc1.xcore.vss__t587                2.45784e-12
xc1.xcore.vss__t210                2.60186e-12
xc1.xcore.outp__t16                    2.79427
xc1.xcore.vss__t211                2.57128e-12
xc1.xcore.outp__t17                    2.79427
xc1.xcore.vss__t212                2.54072e-12
xc1.xcore.outp__t18                    2.79427
xc1.xcore.vss__t213                2.51019e-12
xc1.xcore.outp__t19                    2.79427
xc1.xcore.vss__t214                2.47968e-12
xc1.xcore.outp__t0                     2.79427
xc1.xcore.vss__t215                2.44921e-12
xc1.xcore.outp__t1                     2.79427
xc1.xcore.vss__t216                2.41876e-12
xc1.xcore.outp__t2                     2.79427
xc1.xcore.vss__t217                2.38834e-12
xc1.xcore.outp__t3                     2.79427
xc1.xcore.vss__t218                2.35795e-12
xc1.xcore.outp__t4                     2.79427
xc1.xcore.vss__t219                2.32759e-12
xc1.xcore.outp__t15                    2.79427
xc1.xcore.vss__t220                2.29727e-12
xc1.xcore.outp__t6                     2.79427
xc1.xcore.vss__t221                2.26698e-12
xc1.xcore.outp__t7                     2.79427
xc1.xcore.vss__t222                2.23673e-12
xc1.xcore.outp__t8                     2.79427
xc1.xcore.vss__t223                2.20651e-12
xc1.xcore.outp__t9                     2.79427
xc1.xcore.vss__t224                2.17633e-12
xc1.xcore.outp__t10                    2.79427
xc1.xcore.vss__t225                 2.1462e-12
xc1.xcore.outp__t11                    2.79427
xc1.xcore.vss__t226                 2.1161e-12
xc1.xcore.outp__t12                    2.79427
xc1.xcore.vss__t227                2.08605e-12
xc1.xcore.outp__t13                    2.79427
xc1.xcore.vss__t228                2.05605e-12
xc1.xcore.outp__t14                    2.79427
xc1.xcore.vss__t229                 2.0261e-12
xc1.xcore.outp__t5                     2.79427
xc1.xcore.vss__t230                2.18457e-12
xc1.xcore.outn__t0                         3.3
xc1.xcore.vss__t231                2.21955e-12
xc1.xcore.outn__t5                         3.3
xc1.xcore.vss__t232                 2.2546e-12
xc1.xcore.outn__t6                         3.3
xc1.xcore.vss__t233                2.28973e-12
xc1.xcore.outn__t7                         3.3
xc1.xcore.vss__t234                2.32492e-12
xc1.xcore.outn__t8                         3.3
xc1.xcore.vss__t235                2.36018e-12
xc1.xcore.outn__t9                         3.3
xc1.xcore.vss__t236                2.39551e-12
xc1.xcore.outn__t10                        3.3
xc1.xcore.vss__t237                2.43089e-12
xc1.xcore.outn__t11                        3.3
xc1.xcore.vss__t238                2.46632e-12
xc1.xcore.outn__t12                        3.3
xc1.xcore.vss__t239                2.50182e-12
xc1.xcore.outn__t13                        3.3
xc1.xcore.vss__t240                2.53736e-12
xc1.xcore.outn__t14                        3.3
xc1.xcore.vss__t241                2.57295e-12
xc1.xcore.outn__t15                        3.3
xc1.xcore.vss__t242                2.60859e-12
xc1.xcore.outn__t16                        3.3
xc1.xcore.vss__t243                2.64428e-12
xc1.xcore.outn__t17                        3.3
xc1.xcore.vss__t244                2.68001e-12
xc1.xcore.outn__t19                        3.3
xc1.xcore.vss__t245                2.71579e-12
xc1.xcore.outn__t18                        3.3
xc1.xcore.vss__t246                 2.7516e-12
xc1.xcore.outn__t1                         3.3
xc1.xcore.vss__t247                2.78746e-12
xc1.xcore.outn__t2                         3.3
xc1.xcore.vss__t248                2.82335e-12
xc1.xcore.outn__t3                         3.3
xc1.xcore.vss__t249                2.85928e-12
xc1.xcore.outn__t4                         3.3
ib_c1                                  1.22494
xc1.xcore.vsubs                              0
outn_c1                                    3.3
outp_c1                                2.79427
xc1.tail                               1.50234
vd_c1                                 0.505728
xc2.xcore.tail__t186                   1.50232
xc2.xcore.ibias__t118                  1.22494
xc2.xcore.vss__t163                5.35867e-06
xc2.xcore.vss__t349                8.22625e-13
xc2.xcore.vss__t60                 5.16148e-06
xc2.xcore.ibias__t117                  1.22494
xc2.xcore.tail__t286                   1.50232
xc2.xcore.vss__t350                7.92357e-13
xc2.xcore.tail__t197                   1.50232
xc2.xcore.ibias__t140                  1.22494
xc2.xcore.vss__t174                 4.9647e-06
xc2.xcore.vss__t351                7.62152e-13
xc2.xcore.vss__t68                 4.76838e-06
xc2.xcore.ibias__t133                  1.22494
xc2.xcore.tail__t294                   1.50232
xc2.xcore.vss__t352                7.32018e-13
xc2.xcore.tail__t193                   1.50232
xc2.xcore.ibias__t132                  1.22494
xc2.xcore.vss__t170                4.57259e-06
xc2.xcore.vss__t353                7.01963e-13
xc2.xcore.vss__t67                 4.37738e-06
xc2.xcore.ibias__t131                  1.22494
xc2.xcore.tail__t293                   1.50232
xc2.xcore.vss__t354                6.71999e-13
xc2.xcore.tail__t192                   1.50232
xc2.xcore.ibias__t130                  1.22494
xc2.xcore.vss__t169                4.18285e-06
xc2.xcore.vss__t355                6.42139e-13
xc2.xcore.vss__t74                  3.9891e-06
xc2.xcore.ibias__t145                  1.22494
xc2.xcore.tail__t300                   1.50232
xc2.xcore.vss__t356                6.12396e-13
xc2.xcore.tail__t191                   1.50232
xc2.xcore.ibias__t128                  1.22494
xc2.xcore.vss__t168                3.79623e-06
xc2.xcore.vss__t357                5.82791e-13
xc2.xcore.vss__t65                  3.6044e-06
xc2.xcore.ibias__t127                  1.22494
xc2.xcore.tail__t291                   1.50232
xc2.xcore.vss__t358                5.53344e-13
xc2.xcore.tail__t190                   1.50232
xc2.xcore.ibias__t126                  1.22494
xc2.xcore.vss__t167                3.41378e-06
xc2.xcore.vss__t359                5.24082e-13
xc2.xcore.vss__t64                 3.22459e-06
xc2.xcore.ibias__t125                  1.22494
xc2.xcore.tail__t290                   1.50232
xc2.xcore.vss__t360                4.95039e-13
xc2.xcore.tail__t189                   1.50232
xc2.xcore.ibias__t124                  1.22494
xc2.xcore.vss__t166                3.03708e-06
xc2.xcore.vss__t361                4.66255e-13
xc2.xcore.vss__t63                  2.8516e-06
xc2.xcore.ibias__t123                  1.22494
xc2.xcore.tail__t289                   1.50232
xc2.xcore.vss__t362                4.37782e-13
xc2.xcore.tail__t188                   1.50232
xc2.xcore.ibias__t122                  1.22494
xc2.xcore.vss__t165                2.66857e-06
xc2.xcore.vss__t363                4.09684e-13
xc2.xcore.vss__t62                 2.48852e-06
xc2.xcore.ibias__t121                  1.22494
xc2.xcore.tail__t288                   1.50233
xc2.xcore.vss__t364                3.82044e-13
xc2.xcore.tail__t187                   1.50233
xc2.xcore.ibias__t120                  1.22494
xc2.xcore.vss__t164                2.31215e-06
xc2.xcore.vss__t365                 3.5497e-13
xc2.xcore.vss__t26                 2.14038e-06
xc2.xcore.ibias__t0                    1.22494
xc2.xcore.tail__t252                   1.50233
xc2.xcore.vss__t366                3.28601e-13
xc2.xcore.tail__t175                   1.50233
xc2.xcore.ibias__t97                   1.22494
xc2.xcore.vss__t152                1.97441e-06
xc2.xcore.vss__t367                3.03121e-13
xc2.xcore.vss__t42                 1.81582e-06
xc2.xcore.ibias__t78                   1.22494
xc2.xcore.tail__t268                   1.50233
xc2.xcore.vss__t368                2.78775e-13
xc2.xcore.tail__t164                   1.50233
xc2.xcore.ibias__t77                   1.22494
xc2.xcore.vss__t141                1.66673e-06
xc2.xcore.vss__t369                2.55886e-13
xc2.xcore.vss__t37                 1.52991e-06
xc2.xcore.ibias__t70                   1.22494
xc2.xcore.tail__t263                   1.50233
xc2.xcore.vss__t370                2.34882e-13
xc2.xcore.tail__t167                   1.50233
xc2.xcore.ibias__t82                   1.22494
xc2.xcore.vss__t144                1.40894e-06
xc2.xcore.vss__t371                2.16311e-13
xc2.xcore.vss__t39                 1.30823e-06
xc2.xcore.ibias__t72                   1.22494
xc2.xcore.tail__t265                   1.50233
xc2.xcore.vss__t372                 2.0085e-13
xc2.xcore.tail__t162                   1.50233
xc2.xcore.ibias__t73                   1.22494
xc2.xcore.vss__t139                1.23275e-06
xc2.xcore.vss__t373                1.89263e-13
xc2.xcore.vss__t40                 1.18733e-06
xc2.xcore.ibias__t74                   1.22494
xc2.xcore.tail__t266                   1.50233
xc2.xcore.vss__t374                1.82291e-13
xc2.xcore.tail__t163                   1.50233
xc2.xcore.ibias__t75                   1.22494
xc2.xcore.vss__t140                1.17546e-06
xc2.xcore.vss__t375                1.80468e-13
xc2.xcore.vss__t41                 1.19813e-06
xc2.xcore.ibias__t76                   1.22494
xc2.xcore.tail__t267                   1.50233
xc2.xcore.vss__t376                 1.8395e-13
xc2.xcore.tail__t129                   1.50233
xc2.xcore.ibias__t9                    1.22494
xc2.xcore.vss__t107                1.25347e-06
xc2.xcore.vss__t377                1.92447e-13
xc2.xcore.vss__t6                  1.33743e-06
xc2.xcore.ibias__t8                    1.22494
xc2.xcore.tail__t232                   1.50233
xc2.xcore.vss__t378                2.05338e-13
xc2.xcore.tail__t128                   1.50233
xc2.xcore.ibias__t7                    1.22494
xc2.xcore.vss__t106                1.44503e-06
xc2.xcore.vss__t379                2.21859e-13
xc2.xcore.vss__t5                  1.57142e-06
xc2.xcore.ibias__t6                    1.22494
xc2.xcore.tail__t231                   1.50233
xc2.xcore.vss__t380                2.41265e-13
xc2.xcore.tail__t141                   1.50233
xc2.xcore.ibias__t31                   1.22494
xc2.xcore.vss__t119                1.71245e-06
xc2.xcore.vss__t381                2.62919e-13
xc2.xcore.vss__t4                  1.86479e-06
xc2.xcore.ibias__t5                    1.22494
xc2.xcore.tail__t230                   1.50233
xc2.xcore.vss__t382                 2.8631e-13
xc2.xcore.tail__t158                   1.50233
xc2.xcore.ibias__t62                   1.22494
xc2.xcore.vss__t135                2.02591e-06
xc2.xcore.vss__t383                3.11048e-13
xc2.xcore.vss__t33                 2.19385e-06
xc2.xcore.ibias__t63                   1.22494
xc2.xcore.tail__t259                   1.50233
xc2.xcore.vss__t384                3.36835e-13
xc2.xcore.tail__t159                   1.50233
xc2.xcore.ibias__t64                   1.22494
xc2.xcore.vss__t136                2.36718e-06
xc2.xcore.vss__t385                3.63448e-13
xc2.xcore.vss__t34                 2.54479e-06
xc2.xcore.ibias__t65                   1.22494
xc2.xcore.tail__t260                   1.50233
xc2.xcore.vss__t386                3.90719e-13
xc2.xcore.tail__t160                   1.50233
xc2.xcore.ibias__t66                   1.22494
xc2.xcore.vss__t137                2.72585e-06
xc2.xcore.vss__t387                 4.1852e-13
xc2.xcore.vss__t35                  2.9097e-06
xc2.xcore.ibias__t67                   1.22494
xc2.xcore.tail__t261                   1.50233
xc2.xcore.vss__t388                 4.4675e-13
xc2.xcore.tail__t161                   1.50233
xc2.xcore.ibias__t68                   1.22494
xc2.xcore.vss__t138                3.09586e-06
xc2.xcore.vss__t389                4.75334e-13
xc2.xcore.vss__t36                 3.28393e-06
xc2.xcore.ibias__t69                   1.22494
xc2.xcore.tail__t262                   1.50233
xc2.xcore.vss__t390                5.04212e-13
xc2.xcore.tail__t130                   1.50233
xc2.xcore.ibias__t10                   1.22494
xc2.xcore.vss__t108                 3.4736e-06
xc2.xcore.vss__t391                5.33336e-13
xc2.xcore.vss__t13                 3.66462e-06
xc2.xcore.ibias__t23                   1.22494
xc2.xcore.tail__t239                   1.50233
xc2.xcore.vss__t392                5.62668e-13
xc2.xcore.tail__t137                   1.50233
xc2.xcore.ibias__t24                   1.22494
xc2.xcore.vss__t115                3.85679e-06
xc2.xcore.vss__t393                5.92176e-13
xc2.xcore.vss__t14                 4.04995e-06
xc2.xcore.ibias__t25                   1.22494
xc2.xcore.tail__t240                   1.50233
xc2.xcore.vss__t394                6.21837e-13
xc2.xcore.tail__t138                   1.50234
xc2.xcore.ibias__t26                   1.22494
xc2.xcore.vss__t116                4.24397e-06
xc2.xcore.vss__t395                6.51628e-13
xc2.xcore.vss__t15                 4.43872e-06
xc2.xcore.ibias__t27                   1.22494
xc2.xcore.tail__t241                   1.50234
xc2.xcore.vss__t396                6.81533e-13
xc2.xcore.tail__t139                   1.50234
xc2.xcore.ibias__t28                   1.22494
xc2.xcore.vss__t117                4.63412e-06
xc2.xcore.vss__t397                7.11537e-13
xc2.xcore.vss__t16                 4.83008e-06
xc2.xcore.ibias__t29                   1.22494
xc2.xcore.tail__t242                   1.50234
xc2.xcore.vss__t398                7.41629e-13
xc2.xcore.tail__t140                   1.50234
xc2.xcore.ibias__t30                   1.22494
xc2.xcore.vss__t118                5.02655e-06
xc2.xcore.vss__t399                7.71796e-13
xc2.xcore.vss__t21                 5.22347e-06
xc2.xcore.ibias__t41                   1.22494
xc2.xcore.tail__t247                   1.50234
xc2.xcore.vss__t400                8.02031e-13
xc2.xcore.tail__t142                   1.50234
xc2.xcore.ibias__t32                   1.22494
xc2.xcore.vss__t120                5.42078e-06
xc2.xcore.vss__t401                8.32325e-13
xc2.xcore.vss__t17                 5.61844e-06
xc2.xcore.ibias__t33                   1.22494
xc2.xcore.tail__t243                   1.50234
xc2.xcore.vss__t402                8.62672e-13
xc2.xcore.tail__t143                   1.50234
xc2.xcore.ibias__t34                   1.22494
xc2.xcore.vss__t121                5.81642e-06
xc2.xcore.vss__t403                8.93068e-13
xc2.xcore.vss__t18                  6.0147e-06
xc2.xcore.ibias__t35                   1.22494
xc2.xcore.tail__t244                   1.50234
xc2.xcore.vss__t404                9.23507e-13
xc2.xcore.tail__t144                   1.50233
xc2.xcore.ibias__t36                   1.22494
xc2.xcore.vss__t122                6.21323e-06
xc2.xcore.vss__t405                9.53986e-13
xc2.xcore.vss__t19                 6.41199e-06
xc2.xcore.ibias__t37                   1.22494
xc2.xcore.tail__t245                   1.50233
xc2.xcore.vss__t406                9.84501e-13
xc2.xcore.tail__t145                   1.50233
xc2.xcore.ibias__t38                   1.22494
xc2.xcore.vss__t123                6.61097e-06
xc2.xcore.vss__t407                1.01505e-12
xc2.xcore.vss__t20                 6.81015e-06
xc2.xcore.ibias__t39                   1.22494
xc2.xcore.tail__t246                   1.50233
xc2.xcore.vss__t408                1.04563e-12
xc2.xcore.tail__t146                   1.50233
xc2.xcore.ibias__t40                   1.22494
xc2.xcore.vss__t124                 7.0095e-06
xc2.xcore.vss__t409                1.07623e-12
xc2.xcore.vss__t8                  7.20902e-06
xc2.xcore.ibias__t12                   1.22494
xc2.xcore.tail__t234                   1.50233
xc2.xcore.vss__t410                1.10686e-12
xc2.xcore.tail__t135                   1.50233
xc2.xcore.ibias__t21                   1.22494
xc2.xcore.vss__t113                7.40868e-06
xc2.xcore.vss__t411                1.13751e-12
xc2.xcore.vss__t9                  7.60849e-06
xc2.xcore.ibias__t13                   1.22494
xc2.xcore.tail__t235                   1.50233
xc2.xcore.vss__t412                1.16818e-12
xc2.xcore.tail__t131                   1.50233
xc2.xcore.ibias__t14                   1.22494
xc2.xcore.vss__t109                7.80842e-06
xc2.xcore.vss__t413                1.19887e-12
xc2.xcore.vss__t10                 8.00848e-06
xc2.xcore.ibias__t15                   1.22494
xc2.xcore.tail__t236                   1.50233
xc2.xcore.vss__t414                1.22958e-12
xc2.xcore.tail__t134                   1.50233
xc2.xcore.ibias__t20                   1.22494
xc2.xcore.vss__t112                8.20864e-06
xc2.xcore.vss__t415                1.26031e-12
xc2.xcore.vss__t12                  8.4089e-06
xc2.xcore.ibias__t19                   1.22494
xc2.xcore.tail__t238                   1.50233
xc2.xcore.vss__t416                1.29105e-12
xc2.xcore.tail__t133                   1.50233
xc2.xcore.ibias__t18                   1.22494
xc2.xcore.vss__t111                8.60926e-06
xc2.xcore.vss__t417                1.32181e-12
xc2.xcore.vss__t11                 8.80971e-06
xc2.xcore.ibias__t17                   1.22494
xc2.xcore.tail__t237                   1.50233
xc2.xcore.vss__t418                1.35258e-12
xc2.xcore.tail__t132                   1.50233
xc2.xcore.ibias__t16                   1.22494
xc2.xcore.vss__t110                9.01024e-06
xc2.xcore.vss__t419                1.38336e-12
xc2.xcore.vss__t7                  9.21084e-06
xc2.xcore.ibias__t11                   1.22494
xc2.xcore.tail__t233                   1.50233
xc2.xcore.vss__t420                1.41415e-12
xc2.xcore.tail__t136                   1.50233
xc2.xcore.ibias__t22                   1.22494
xc2.xcore.vss__t114                9.41152e-06
xc2.xcore.vss__t421                1.44496e-12
xc2.xcore.vss__t23                 9.61226e-06
xc2.xcore.ibias__t45                   1.22494
xc2.xcore.tail__t249                   1.50233
xc2.xcore.vss__t422                1.47577e-12
xc2.xcore.tail__t150                   1.50233
xc2.xcore.ibias__t46                   1.22494
xc2.xcore.vss__t127                9.81307e-06
xc2.xcore.vss__t423                 1.5066e-12
xc2.xcore.vss__t24                 1.00139e-05
xc2.xcore.ibias__t47                   1.22494
xc2.xcore.tail__t250                   1.50233
xc2.xcore.vss__t424                1.53743e-12
xc2.xcore.tail__t151                   1.50233
xc2.xcore.ibias__t48                   1.22494
xc2.xcore.vss__t128                1.02149e-05
xc2.xcore.vss__t425                1.56827e-12
xc2.xcore.vss__t25                 1.04158e-05
xc2.xcore.ibias__t49                   1.22494
xc2.xcore.tail__t251                   1.50233
xc2.xcore.vss__t426                1.59912e-12
xc2.xcore.tail__t152                   1.50233
xc2.xcore.ibias__t50                   1.22494
xc2.xcore.vss__t129                1.06169e-05
xc2.xcore.vss__t427                1.62997e-12
xc2.xcore.vss__t32                 1.08179e-05
xc2.xcore.ibias__t61                   1.22494
xc2.xcore.tail__t258                   1.50233
xc2.xcore.vss__t428                1.66084e-12
xc2.xcore.tail__t153                   1.50233
xc2.xcore.ibias__t51                   1.22494
xc2.xcore.vss__t130                 1.1019e-05
xc2.xcore.vss__t429                1.69171e-12
xc2.xcore.vss__t27                 1.12202e-05
xc2.xcore.ibias__t52                   1.22494
xc2.xcore.tail__t253                   1.50233
xc2.xcore.vss__t430                1.72258e-12
xc2.xcore.tail__t154                   1.50233
xc2.xcore.ibias__t53                   1.22494
xc2.xcore.vss__t131                1.14214e-05
xc2.xcore.vss__t431                1.75346e-12
xc2.xcore.vss__t28                 1.16226e-05
xc2.xcore.ibias__t54                   1.22494
xc2.xcore.tail__t254                   1.50233
xc2.xcore.vss__t432                1.78435e-12
xc2.xcore.tail__t155                   1.50233
xc2.xcore.ibias__t55                   1.22494
xc2.xcore.vss__t132                1.18239e-05
xc2.xcore.vss__t433                1.81524e-12
xc2.xcore.vss__t29                 1.20252e-05
xc2.xcore.ibias__t56                   1.22494
xc2.xcore.tail__t255                   1.50233
xc2.xcore.vss__t434                1.84614e-12
xc2.xcore.tail__t156                   1.50232
xc2.xcore.ibias__t57                   1.22494
xc2.xcore.vss__t133                1.22265e-05
xc2.xcore.vss__t435                1.87704e-12
xc2.xcore.vss__t30                 1.24279e-05
xc2.xcore.ibias__t58                   1.22494
xc2.xcore.tail__t256                   1.50232
xc2.xcore.vss__t436                1.90795e-12
xc2.xcore.tail__t157                   1.50232
xc2.xcore.ibias__t59                   1.22494
xc2.xcore.vss__t134                1.26293e-05
xc2.xcore.vss__t437                1.93886e-12
xc2.xcore.vss__t31                 1.28307e-05
xc2.xcore.ibias__t60                   1.22494
xc2.xcore.tail__t257                   1.50232
xc2.xcore.vss__t438                1.96977e-12
xc2.xcore.tail__t211                   1.50232
xc2.xcore.ibias__t176                  1.22494
xc2.xcore.vss__t193                1.30322e-05
xc2.xcore.vss__t439                2.00069e-12
xc2.xcore.vss__t88                 1.32337e-05
xc2.xcore.ibias__t175                  1.22494
xc2.xcore.tail__t311                   1.50232
xc2.xcore.vss__t440                2.03161e-12
xc2.xcore.tail__t165                   1.50232
xc2.xcore.ibias__t79                   1.22494
xc2.xcore.vss__t142                1.34351e-05
xc2.xcore.vss__t441                2.06253e-12
xc2.xcore.vss__t43                 1.36367e-05
xc2.xcore.ibias__t80                   1.22494
xc2.xcore.tail__t269                   1.50232
xc2.xcore.vss__t442                2.09346e-12
xc2.xcore.tail__t166                   1.50232
xc2.xcore.ibias__t81                   1.22494
xc2.xcore.vss__t143                1.38382e-05
xc2.xcore.vss__t443                2.12439e-12
xc2.xcore.vss__t38                 1.40398e-05
xc2.xcore.ibias__t71                   1.22494
xc2.xcore.tail__t264                   1.50232
xc2.xcore.vss__t444                2.15533e-12
xc2.xcore.tail__t147                   1.50232
xc2.xcore.ibias__t42                   1.22494
xc2.xcore.vss__t125                1.42414e-05
xc2.xcore.vss__t445                2.18626e-12
xc2.xcore.vss__t22                  1.4443e-05
xc2.xcore.ibias__t43                   1.22494
xc2.xcore.tail__t248                   1.50232
xc2.xcore.vss__t446                 2.2172e-12
xc2.xcore.tail__t148                   1.50232
xc2.xcore.ibias__t44                   1.22494
xc2.xcore.vss__t126                1.46446e-05
xc2.xcore.vss__t447                2.24814e-12
xc2.xcore.vss__t0                  1.48462e-05
xc2.xcore.ibias__t1                    1.22494
xc2.xcore.tail__t149                   1.50232
xc2.xcore.vss__t456                2.27909e-12
xc2.xcore.tail__t229                   1.50229
xc2.xcore.ibias__t2                    1.22494
xc2.xcore.vss__t1                  2.54833e-05
xc2.xcore.vss__t458                3.91034e-12
xc2.xcore.vss__t189                2.52813e-05
xc2.xcore.ibias__t170                  1.22494
xc2.xcore.tail__t228                   1.50229
xc2.xcore.vss__t250                3.87935e-12
xc2.xcore.tail__t209                   1.50229
xc2.xcore.ibias__t169                  1.22494
xc2.xcore.vss__t188                2.50792e-05
xc2.xcore.vss__t251                3.84837e-12
xc2.xcore.vss__t86                 2.48772e-05
xc2.xcore.ibias__t168                  1.22494
xc2.xcore.tail__t309                   1.50229
xc2.xcore.vss__t252                3.81738e-12
xc2.xcore.tail__t208                   1.50229
xc2.xcore.ibias__t167                  1.22494
xc2.xcore.vss__t187                2.46752e-05
xc2.xcore.vss__t253                 3.7864e-12
xc2.xcore.vss__t85                 2.44731e-05
xc2.xcore.ibias__t166                  1.22494
xc2.xcore.tail__t308                   1.50229
xc2.xcore.vss__t254                3.75541e-12
xc2.xcore.tail__t207                   1.50229
xc2.xcore.ibias__t165                  1.22494
xc2.xcore.vss__t186                2.42711e-05
xc2.xcore.vss__t255                3.72443e-12
xc2.xcore.vss__t84                 2.40691e-05
xc2.xcore.ibias__t164                  1.22494
xc2.xcore.tail__t307                   1.50229
xc2.xcore.vss__t256                3.69345e-12
xc2.xcore.tail__t210                   1.50229
xc2.xcore.ibias__t173                  1.22494
xc2.xcore.vss__t191                2.38671e-05
xc2.xcore.vss__t257                3.66246e-12
xc2.xcore.vss__t87                 2.36651e-05
xc2.xcore.ibias__t172                  1.22494
xc2.xcore.tail__t310                   1.50229
xc2.xcore.vss__t258                3.63148e-12
xc2.xcore.tail__t219                   1.50229
xc2.xcore.ibias__t195                  1.22494
xc2.xcore.vss__t201                2.34631e-05
xc2.xcore.vss__t259                3.60049e-12
xc2.xcore.vss__t99                 2.32611e-05
xc2.xcore.ibias__t194                  1.22494
xc2.xcore.tail__t321                   1.50229
xc2.xcore.vss__t260                3.56951e-12
xc2.xcore.tail__t227                   1.50229
xc2.xcore.ibias__t209                  1.22494
xc2.xcore.vss__t209                2.30591e-05
xc2.xcore.vss__t261                3.53853e-12
xc2.xcore.vss__t97                 2.28571e-05
xc2.xcore.ibias__t192                  1.22494
xc2.xcore.tail__t319                   1.50229
xc2.xcore.vss__t262                3.50755e-12
xc2.xcore.tail__t218                   1.50229
xc2.xcore.ibias__t191                  1.22494
xc2.xcore.vss__t200                2.26551e-05
xc2.xcore.vss__t263                3.47657e-12
xc2.xcore.vss__t96                 2.24531e-05
xc2.xcore.ibias__t190                  1.22494
xc2.xcore.tail__t318                   1.50229
xc2.xcore.vss__t264                3.44558e-12
xc2.xcore.tail__t217                   1.50229
xc2.xcore.ibias__t189                  1.22494
xc2.xcore.vss__t199                2.22511e-05
xc2.xcore.vss__t265                 3.4146e-12
xc2.xcore.vss__t95                 2.20491e-05
xc2.xcore.ibias__t188                  1.22494
xc2.xcore.tail__t317                   1.50229
xc2.xcore.vss__t266                3.38362e-12
xc2.xcore.tail__t216                   1.50229
xc2.xcore.ibias__t187                  1.22494
xc2.xcore.vss__t198                2.18472e-05
xc2.xcore.vss__t267                3.35264e-12
xc2.xcore.vss__t94                 2.16452e-05
xc2.xcore.ibias__t186                  1.22494
xc2.xcore.tail__t316                   1.50229
xc2.xcore.vss__t268                3.32166e-12
xc2.xcore.tail__t215                   1.50229
xc2.xcore.ibias__t185                  1.22494
xc2.xcore.vss__t197                2.14432e-05
xc2.xcore.vss__t269                3.29068e-12
xc2.xcore.vss__t93                 2.12413e-05
xc2.xcore.ibias__t184                  1.22494
xc2.xcore.tail__t315                   1.50229
xc2.xcore.vss__t270                 3.2597e-12
xc2.xcore.tail__t214                   1.50229
xc2.xcore.ibias__t183                  1.22494
xc2.xcore.vss__t196                2.10393e-05
xc2.xcore.vss__t271                3.22873e-12
xc2.xcore.vss__t92                 2.08374e-05
xc2.xcore.ibias__t182                  1.22494
xc2.xcore.tail__t314                   1.50229
xc2.xcore.vss__t272                3.19775e-12
xc2.xcore.tail__t213                   1.50229
xc2.xcore.ibias__t181                  1.22494
xc2.xcore.vss__t195                2.06354e-05
xc2.xcore.vss__t273                3.16677e-12
xc2.xcore.vss__t91                 2.04335e-05
xc2.xcore.ibias__t180                  1.22494
xc2.xcore.tail__t313                    1.5023
xc2.xcore.vss__t274                 3.1358e-12
xc2.xcore.tail__t212                    1.5023
xc2.xcore.ibias__t179                  1.22494
xc2.xcore.vss__t194                2.02316e-05
xc2.xcore.vss__t275                3.10482e-12
xc2.xcore.vss__t90                 2.00296e-05
xc2.xcore.ibias__t178                  1.22494
xc2.xcore.tail__t312                    1.5023
xc2.xcore.vss__t276                3.07385e-12
xc2.xcore.tail__t206                    1.5023
xc2.xcore.ibias__t161                  1.22494
xc2.xcore.vss__t184                1.98277e-05
xc2.xcore.vss__t277                3.04287e-12
xc2.xcore.vss__t57                 1.96258e-05
xc2.xcore.ibias__t112                  1.22494
xc2.xcore.tail__t283                    1.5023
xc2.xcore.vss__t278                 3.0119e-12
xc2.xcore.tail__t183                    1.5023
xc2.xcore.ibias__t111                  1.22494
xc2.xcore.vss__t160                1.94239e-05
xc2.xcore.vss__t279                2.98093e-12
xc2.xcore.vss__t56                  1.9222e-05
xc2.xcore.ibias__t110                  1.22494
xc2.xcore.tail__t282                    1.5023
xc2.xcore.vss__t280                2.94996e-12
xc2.xcore.tail__t182                    1.5023
xc2.xcore.ibias__t109                  1.22494
xc2.xcore.vss__t159                1.90201e-05
xc2.xcore.vss__t281                2.91898e-12
xc2.xcore.vss__t55                 1.88182e-05
xc2.xcore.ibias__t108                  1.22494
xc2.xcore.tail__t281                    1.5023
xc2.xcore.vss__t282                2.88801e-12
xc2.xcore.tail__t181                    1.5023
xc2.xcore.ibias__t107                  1.22494
xc2.xcore.vss__t158                1.86164e-05
xc2.xcore.vss__t283                2.85705e-12
xc2.xcore.vss__t54                 1.84145e-05
xc2.xcore.ibias__t106                  1.22494
xc2.xcore.tail__t280                    1.5023
xc2.xcore.vss__t284                2.82608e-12
xc2.xcore.tail__t180                    1.5023
xc2.xcore.ibias__t105                  1.22494
xc2.xcore.vss__t157                1.82127e-05
xc2.xcore.vss__t285                2.79511e-12
xc2.xcore.vss__t53                 1.80108e-05
xc2.xcore.ibias__t104                  1.22494
xc2.xcore.tail__t279                    1.5023
xc2.xcore.vss__t286                2.76415e-12
xc2.xcore.tail__t205                    1.5023
xc2.xcore.ibias__t156                  1.22494
xc2.xcore.vss__t182                 1.7809e-05
xc2.xcore.vss__t287                2.73318e-12
xc2.xcore.vss__t79                 1.76071e-05
xc2.xcore.ibias__t155                  1.22494
xc2.xcore.tail__t305                    1.5023
xc2.xcore.vss__t288                2.70222e-12
xc2.xcore.tail__t204                    1.5023
xc2.xcore.ibias__t154                  1.22494
xc2.xcore.vss__t181                1.74053e-05
xc2.xcore.vss__t289                2.67126e-12
xc2.xcore.vss__t78                 1.72035e-05
xc2.xcore.ibias__t153                  1.22494
xc2.xcore.tail__t304                    1.5023
xc2.xcore.vss__t290                2.64029e-12
xc2.xcore.tail__t203                    1.5023
xc2.xcore.ibias__t152                  1.22494
xc2.xcore.vss__t180                1.70017e-05
xc2.xcore.vss__t291                2.60934e-12
xc2.xcore.vss__t77                 1.67999e-05
xc2.xcore.ibias__t151                  1.22494
xc2.xcore.tail__t303                    1.5023
xc2.xcore.vss__t292                2.57838e-12
xc2.xcore.tail__t202                    1.5023
xc2.xcore.ibias__t150                  1.22494
xc2.xcore.vss__t179                1.65982e-05
xc2.xcore.vss__t293                2.54742e-12
xc2.xcore.vss__t76                 1.63964e-05
xc2.xcore.ibias__t149                  1.22494
xc2.xcore.tail__t302                    1.5023
xc2.xcore.vss__t294                2.51647e-12
xc2.xcore.tail__t201                    1.5023
xc2.xcore.ibias__t148                  1.22494
xc2.xcore.vss__t178                1.61946e-05
xc2.xcore.vss__t295                2.48551e-12
xc2.xcore.vss__t75                 1.59929e-05
xc2.xcore.ibias__t147                  1.22494
xc2.xcore.tail__t301                    1.5023
xc2.xcore.vss__t296                2.45456e-12
xc2.xcore.tail__t200                    1.5023
xc2.xcore.ibias__t146                  1.22494
xc2.xcore.vss__t177                1.57912e-05
xc2.xcore.vss__t297                2.42361e-12
xc2.xcore.vss__t98                 1.55895e-05
xc2.xcore.ibias__t193                  1.22494
xc2.xcore.tail__t320                    1.5023
xc2.xcore.vss__t298                2.39266e-12
xc2.xcore.tail__t226                    1.5023
xc2.xcore.ibias__t208                  1.22494
xc2.xcore.vss__t208                1.53878e-05
xc2.xcore.vss__t299                2.36172e-12
xc2.xcore.vss__t105                1.51861e-05
xc2.xcore.ibias__t207                  1.22494
xc2.xcore.tail__t327                    1.5023
xc2.xcore.vss__t300                2.33077e-12
xc2.xcore.tail__t225                    1.5023
xc2.xcore.ibias__t206                  1.22494
xc2.xcore.vss__t207                1.49844e-05
xc2.xcore.vss__t301                2.29983e-12
xc2.xcore.vss__t104                1.47828e-05
xc2.xcore.ibias__t205                  1.22494
xc2.xcore.tail__t326                    1.5023
xc2.xcore.vss__t302                2.26889e-12
xc2.xcore.tail__t224                    1.5023
xc2.xcore.ibias__t204                  1.22494
xc2.xcore.vss__t206                1.45811e-05
xc2.xcore.vss__t303                2.23795e-12
xc2.xcore.vss__t103                1.43795e-05
xc2.xcore.ibias__t203                  1.22494
xc2.xcore.tail__t325                   1.50231
xc2.xcore.vss__t304                2.20702e-12
xc2.xcore.tail__t223                   1.50231
xc2.xcore.ibias__t202                  1.22494
xc2.xcore.vss__t205                1.41779e-05
xc2.xcore.vss__t305                2.17609e-12
xc2.xcore.vss__t102                1.39764e-05
xc2.xcore.ibias__t201                  1.22494
xc2.xcore.tail__t324                   1.50231
xc2.xcore.vss__t306                2.14516e-12
xc2.xcore.tail__t222                   1.50231
xc2.xcore.ibias__t200                  1.22494
xc2.xcore.vss__t204                1.37748e-05
xc2.xcore.vss__t307                2.11423e-12
xc2.xcore.vss__t101                1.35733e-05
xc2.xcore.ibias__t199                  1.22494
xc2.xcore.tail__t323                   1.50231
xc2.xcore.vss__t308                2.08331e-12
xc2.xcore.tail__t221                   1.50231
xc2.xcore.ibias__t198                  1.22494
xc2.xcore.vss__t203                1.33718e-05
xc2.xcore.vss__t309                2.05239e-12
xc2.xcore.vss__t100                1.31703e-05
xc2.xcore.ibias__t197                  1.22494
xc2.xcore.tail__t322                   1.50231
xc2.xcore.vss__t310                2.02147e-12
xc2.xcore.tail__t220                   1.50231
xc2.xcore.ibias__t196                  1.22494
xc2.xcore.vss__t202                1.29688e-05
xc2.xcore.vss__t311                1.99055e-12
xc2.xcore.vss__t80                 1.27674e-05
xc2.xcore.ibias__t157                  1.22494
xc2.xcore.tail__t306                   1.50231
xc2.xcore.vss__t312                1.95964e-12
xc2.xcore.tail__t185                   1.50231
xc2.xcore.ibias__t116                  1.22494
xc2.xcore.vss__t162                1.25659e-05
xc2.xcore.vss__t313                1.92874e-12
xc2.xcore.vss__t59                 1.23646e-05
xc2.xcore.ibias__t115                  1.22494
xc2.xcore.tail__t285                   1.50231
xc2.xcore.vss__t314                1.89784e-12
xc2.xcore.tail__t184                   1.50231
xc2.xcore.ibias__t114                  1.22494
xc2.xcore.vss__t161                1.21632e-05
xc2.xcore.vss__t315                1.86694e-12
xc2.xcore.vss__t71                 1.19619e-05
xc2.xcore.ibias__t139                  1.22494
xc2.xcore.tail__t297                   1.50231
xc2.xcore.vss__t316                1.83604e-12
xc2.xcore.tail__t196                   1.50231
xc2.xcore.ibias__t138                  1.22494
xc2.xcore.vss__t173                1.17606e-05
xc2.xcore.vss__t317                1.80515e-12
xc2.xcore.vss__t70                 1.15593e-05
xc2.xcore.ibias__t137                  1.22494
xc2.xcore.tail__t296                   1.50231
xc2.xcore.vss__t318                1.77427e-12
xc2.xcore.tail__t195                   1.50231
xc2.xcore.ibias__t136                  1.22494
xc2.xcore.vss__t172                1.13581e-05
xc2.xcore.vss__t319                1.74339e-12
xc2.xcore.vss__t69                 1.11569e-05
xc2.xcore.ibias__t135                  1.22494
xc2.xcore.tail__t295                   1.50231
xc2.xcore.vss__t320                1.71252e-12
xc2.xcore.tail__t194                   1.50231
xc2.xcore.ibias__t134                  1.22494
xc2.xcore.vss__t171                1.09558e-05
xc2.xcore.vss__t321                1.68165e-12
xc2.xcore.vss__t61                 1.07547e-05
xc2.xcore.ibias__t119                  1.22494
xc2.xcore.tail__t287                   1.50231
xc2.xcore.vss__t322                1.65079e-12
xc2.xcore.tail__t179                   1.50231
xc2.xcore.ibias__t103                  1.22494
xc2.xcore.vss__t156                1.05536e-05
xc2.xcore.vss__t323                1.61994e-12
xc2.xcore.vss__t48                 1.03526e-05
xc2.xcore.ibias__t92                   1.22494
xc2.xcore.tail__t274                   1.50231
xc2.xcore.vss__t324                1.58909e-12
xc2.xcore.tail__t178                   1.50231
xc2.xcore.ibias__t102                  1.22494
xc2.xcore.vss__t155                1.01516e-05
xc2.xcore.vss__t325                1.55825e-12
xc2.xcore.vss__t52                 9.95074e-06
xc2.xcore.ibias__t101                  1.22494
xc2.xcore.tail__t278                   1.50231
xc2.xcore.vss__t326                1.52742e-12
xc2.xcore.tail__t177                   1.50231
xc2.xcore.ibias__t100                  1.22494
xc2.xcore.vss__t154                9.74989e-06
xc2.xcore.vss__t327                1.49659e-12
xc2.xcore.vss__t51                  9.5491e-06
xc2.xcore.ibias__t99                   1.22494
xc2.xcore.tail__t277                   1.50231
xc2.xcore.vss__t328                1.46578e-12
xc2.xcore.tail__t176                   1.50231
xc2.xcore.ibias__t98                   1.22494
xc2.xcore.vss__t153                9.34838e-06
xc2.xcore.vss__t329                1.43497e-12
xc2.xcore.vss__t58                 9.14773e-06
xc2.xcore.ibias__t113                  1.22494
xc2.xcore.tail__t284                   1.50231
xc2.xcore.vss__t330                1.40418e-12
xc2.xcore.tail__t174                   1.50231
xc2.xcore.ibias__t96                   1.22494
xc2.xcore.vss__t151                8.94714e-06
xc2.xcore.vss__t331                 1.3734e-12
xc2.xcore.vss__t50                 8.74664e-06
xc2.xcore.ibias__t95                   1.22494
xc2.xcore.tail__t276                   1.50231
xc2.xcore.vss__t332                1.34263e-12
xc2.xcore.tail__t173                   1.50231
xc2.xcore.ibias__t94                   1.22494
xc2.xcore.vss__t150                8.54622e-06
xc2.xcore.vss__t333                1.31187e-12
xc2.xcore.vss__t49                 8.34589e-06
xc2.xcore.ibias__t93                   1.22494
xc2.xcore.tail__t275                   1.50232
xc2.xcore.vss__t334                1.28112e-12
xc2.xcore.tail__t172                   1.50232
xc2.xcore.ibias__t91                   1.22494
xc2.xcore.vss__t149                8.14566e-06
xc2.xcore.vss__t335                1.25039e-12
xc2.xcore.vss__t47                 7.94553e-06
xc2.xcore.ibias__t90                   1.22494
xc2.xcore.tail__t273                   1.50232
xc2.xcore.vss__t336                1.21967e-12
xc2.xcore.tail__t171                   1.50232
xc2.xcore.ibias__t89                   1.22494
xc2.xcore.vss__t148                7.74552e-06
xc2.xcore.vss__t337                1.18898e-12
xc2.xcore.vss__t46                 7.54562e-06
xc2.xcore.ibias__t88                   1.22494
xc2.xcore.tail__t272                   1.50232
xc2.xcore.vss__t338                 1.1583e-12
xc2.xcore.tail__t170                   1.50232
xc2.xcore.ibias__t87                   1.22494
xc2.xcore.vss__t147                7.34586e-06
xc2.xcore.vss__t339                1.12764e-12
xc2.xcore.vss__t45                 7.14624e-06
xc2.xcore.ibias__t86                   1.22494
xc2.xcore.tail__t271                   1.50232
xc2.xcore.vss__t340                  1.097e-12
xc2.xcore.tail__t169                   1.50232
xc2.xcore.ibias__t85                   1.22494
xc2.xcore.vss__t146                6.94677e-06
xc2.xcore.vss__t341                1.06638e-12
xc2.xcore.vss__t44                 6.74747e-06
xc2.xcore.ibias__t84                   1.22494
xc2.xcore.tail__t270                   1.50232
xc2.xcore.vss__t342                1.03579e-12
xc2.xcore.tail__t168                   1.50232
xc2.xcore.ibias__t83                   1.22494
xc2.xcore.vss__t145                6.54836e-06
xc2.xcore.vss__t343                1.00523e-12
xc2.xcore.vss__t66                 6.34944e-06
xc2.xcore.ibias__t129                  1.22494
xc2.xcore.tail__t292                   1.50232
xc2.xcore.vss__t344                9.74701e-13
xc2.xcore.tail__t199                   1.50232
xc2.xcore.ibias__t144                  1.22494
xc2.xcore.vss__t176                6.15075e-06
xc2.xcore.vss__t345                9.44203e-13
xc2.xcore.vss__t73                  5.9523e-06
xc2.xcore.ibias__t143                  1.22494
xc2.xcore.tail__t299                   1.50232
xc2.xcore.vss__t346                9.13743e-13
xc2.xcore.tail__t198                   1.50232
xc2.xcore.ibias__t142                  1.22494
xc2.xcore.vss__t175                5.75411e-06
xc2.xcore.vss__t347                8.83323e-13
xc2.xcore.vss__t72                 5.55623e-06
xc2.xcore.ibias__t141                  1.22494
xc2.xcore.tail__t298                   1.50232
xc2.xcore.vss__t348                8.52949e-13
xc2.xcore.outp__t53                    2.79416
xc2.xcore.inp__t1                       3.0855
xc2.xcore.tail__t0                     1.50239
xc2.xcore.vss__t460                1.39581e-12
xc2.xcore.tail__t119                   1.50239
xc2.xcore.inp__t53                      3.0855
xc2.xcore.outp__t52                    2.79416
xc2.xcore.vss__t462                1.40903e-12
xc2.xcore.outp__t46                    2.79416
xc2.xcore.inp__t52                      3.0855
xc2.xcore.tail__t118                    1.5024
xc2.xcore.vss__t463                1.42225e-12
xc2.xcore.tail__t58                     1.5024
xc2.xcore.inp__t61                      3.0855
xc2.xcore.outp__t82                    2.79416
xc2.xcore.vss__t464                1.43546e-12
xc2.xcore.outp__t30                    2.79416
xc2.xcore.inp__t24                      3.0855
xc2.xcore.tail__t98                     1.5024
xc2.xcore.vss__t465                1.44868e-12
xc2.xcore.tail__t38                     1.5024
xc2.xcore.inp__t23                      3.0855
xc2.xcore.outp__t64                    2.79415
xc2.xcore.vss__t466                 1.4619e-12
xc2.xcore.outp__t29                    2.79415
xc2.xcore.inp__t22                      3.0855
xc2.xcore.tail__t97                     1.5024
xc2.xcore.vss__t467                1.47512e-12
xc2.xcore.tail__t37                     1.5024
xc2.xcore.inp__t21                      3.0855
xc2.xcore.outp__t63                    2.79415
xc2.xcore.vss__t468                1.48834e-12
xc2.xcore.outp__t28                    2.79415
xc2.xcore.inp__t20                      3.0855
xc2.xcore.tail__t96                     1.5024
xc2.xcore.vss__t469                1.50156e-12
xc2.xcore.tail__t36                     1.5024
xc2.xcore.inp__t19                      3.0855
xc2.xcore.outp__t62                    2.79415
xc2.xcore.vss__t470                1.51478e-12
xc2.xcore.outp__t27                    2.79415
xc2.xcore.inp__t18                      3.0855
xc2.xcore.tail__t95                     1.5024
xc2.xcore.vss__t471                  1.528e-12
xc2.xcore.tail__t35                     1.5024
xc2.xcore.inp__t17                      3.0855
xc2.xcore.outp__t61                    2.79414
xc2.xcore.vss__t472                1.54122e-12
xc2.xcore.outp__t26                    2.79414
xc2.xcore.inp__t16                      3.0855
xc2.xcore.tail__t94                     1.5024
xc2.xcore.vss__t473                1.55445e-12
xc2.xcore.tail__t33                     1.5024
xc2.xcore.inp__t15                      3.0855
xc2.xcore.outp__t60                    2.79414
xc2.xcore.vss__t474                1.56767e-12
xc2.xcore.outp__t47                    2.79414
xc2.xcore.inp__t54                      3.0855
xc2.xcore.tail__t120                   1.50241
xc2.xcore.vss__t475                1.58089e-12
xc2.xcore.tail__t54                    1.50241
xc2.xcore.inp__t55                      3.0855
xc2.xcore.outp__t78                    2.79414
xc2.xcore.vss__t476                1.59412e-12
xc2.xcore.outp__t51                    2.79414
xc2.xcore.inp__t63                      3.0855
xc2.xcore.tail__t126                   1.50241
xc2.xcore.vss__t477                1.60734e-12
xc2.xcore.tail__t57                    1.50241
xc2.xcore.inp__t60                      3.0855
xc2.xcore.outp__t81                    2.79414
xc2.xcore.vss__t478                1.62057e-12
xc2.xcore.outp__t49                    2.79413
xc2.xcore.inp__t59                      3.0855
xc2.xcore.tail__t122                   1.50241
xc2.xcore.vss__t479                1.63379e-12
xc2.xcore.tail__t56                    1.50241
xc2.xcore.inp__t58                      3.0855
xc2.xcore.outp__t80                    2.79413
xc2.xcore.vss__t480                1.64702e-12
xc2.xcore.outp__t48                    2.79413
xc2.xcore.inp__t57                      3.0855
xc2.xcore.tail__t121                   1.50241
xc2.xcore.vss__t481                1.66024e-12
xc2.xcore.tail__t55                    1.50241
xc2.xcore.inp__t56                      3.0855
xc2.xcore.outp__t79                    2.79413
xc2.xcore.vss__t482                1.67347e-12
xc2.xcore.outp__t24                    2.79413
xc2.xcore.inp__t11                      3.0855
xc2.xcore.tail__t92                    1.50241
xc2.xcore.vss__t483                1.68669e-12
xc2.xcore.tail__t30                    1.50241
xc2.xcore.inp__t10                      3.0855
xc2.xcore.outp__t57                    2.79413
xc2.xcore.vss__t484                1.69992e-12
xc2.xcore.outp__t23                    2.79412
xc2.xcore.inp__t9                       3.0855
xc2.xcore.tail__t88                    1.50241
xc2.xcore.vss__t485                1.71315e-12
xc2.xcore.tail__t32                    1.50241
xc2.xcore.inp__t14                      3.0855
xc2.xcore.outp__t59                    2.79412
xc2.xcore.vss__t486                1.72637e-12
xc2.xcore.outp__t25                    2.79412
xc2.xcore.inp__t13                      3.0855
xc2.xcore.tail__t93                    1.50241
xc2.xcore.vss__t487                 1.7396e-12
xc2.xcore.tail__t60                    1.50242
xc2.xcore.inp__t0                       3.0855
xc2.xcore.outp__t83                    2.79412
xc2.xcore.vss__t488                1.75283e-12
xc2.xcore.outp__t50                    2.79412
xc2.xcore.inp__t62                      3.0855
xc2.xcore.tail__t123                   1.50242
xc2.xcore.vss__t489                1.76606e-12
xc2.xcore.tail__t42                    1.50242
xc2.xcore.inp__t29                      3.0855
xc2.xcore.outp__t67                    2.79412
xc2.xcore.vss__t490                1.77929e-12
xc2.xcore.outp__t32                    2.79411
xc2.xcore.inp__t28                      3.0855
xc2.xcore.tail__t102                   1.50242
xc2.xcore.vss__t491                1.79252e-12
xc2.xcore.tail__t41                    1.50242
xc2.xcore.inp__t27                      3.0855
xc2.xcore.outp__t66                    2.79411
xc2.xcore.vss__t492                1.80575e-12
xc2.xcore.outp__t31                    2.79411
xc2.xcore.inp__t26                      3.0855
xc2.xcore.tail__t101                   1.50242
xc2.xcore.vss__t493                1.81898e-12
xc2.xcore.tail__t40                    1.50242
xc2.xcore.inp__t25                      3.0855
xc2.xcore.outp__t65                    2.79411
xc2.xcore.vss__t494                1.83221e-12
xc2.xcore.outp__t20                    2.79411
xc2.xcore.inp__t4                       3.0855
xc2.xcore.tail__t74                    1.50242
xc2.xcore.vss__t495                1.84544e-12
xc2.xcore.tail__t14                    1.50242
xc2.xcore.inp__t3                       3.0855
xc2.xcore.outp__t54                    2.79411
xc2.xcore.vss__t496                1.85867e-12
xc2.xcore.outp__t22                     2.7941
xc2.xcore.inp__t7                       3.0855
xc2.xcore.tail__t76                    1.50242
xc2.xcore.vss__t497                 1.8719e-12
xc2.xcore.tail__t16                    1.50242
xc2.xcore.inp__t6                       3.0855
xc2.xcore.outp__t55                     2.7941
xc2.xcore.vss__t498                1.88513e-12
xc2.xcore.outp__t21                     2.7941
xc2.xcore.inp__t5                       3.0855
xc2.xcore.tail__t75                    1.50242
xc2.xcore.vss__t499                1.89836e-12
xc2.xcore.tail__t19                    1.50242
xc2.xcore.inp__t8                       3.0855
xc2.xcore.outp__t56                     2.7941
xc2.xcore.vss__t500                1.91159e-12
xc2.xcore.outp__t45                     2.7941
xc2.xcore.inp__t50                      3.0855
xc2.xcore.tail__t116                   1.50243
xc2.xcore.vss__t501                1.92482e-12
xc2.xcore.tail__t51                    1.50243
xc2.xcore.inp__t49                      3.0855
xc2.xcore.outp__t76                     2.7941
xc2.xcore.vss__t502                1.93805e-12
xc2.xcore.outp__t44                    2.79409
xc2.xcore.inp__t48                      3.0855
xc2.xcore.tail__t115                   1.50243
xc2.xcore.vss__t503                1.95128e-12
xc2.xcore.tail__t50                    1.50243
xc2.xcore.inp__t47                      3.0855
xc2.xcore.outp__t75                    2.79409
xc2.xcore.vss__t504                1.96452e-12
xc2.xcore.outp__t43                    2.79409
xc2.xcore.inp__t46                      3.0855
xc2.xcore.tail__t114                   1.50243
xc2.xcore.vss__t505                1.97775e-12
xc2.xcore.tail__t49                    1.50243
xc2.xcore.inp__t45                      3.0855
xc2.xcore.outp__t74                    2.79409
xc2.xcore.vss__t506                1.99098e-12
xc2.xcore.outp__t42                    2.79409
xc2.xcore.inp__t44                      3.0855
xc2.xcore.tail__t113                   1.50243
xc2.xcore.vss__t507                2.00421e-12
xc2.xcore.tail__t48                    1.50243
xc2.xcore.inp__t43                      3.0855
xc2.xcore.outp__t73                    2.79409
xc2.xcore.vss__t508                2.01745e-12
xc2.xcore.outp__t41                    2.79408
xc2.xcore.inp__t42                      3.0855
xc2.xcore.tail__t112                   1.50243
xc2.xcore.vss__t509                2.03068e-12
xc2.xcore.tail__t47                    1.50243
xc2.xcore.inp__t41                      3.0855
xc2.xcore.outp__t72                    2.79408
xc2.xcore.vss__t510                2.04391e-12
xc2.xcore.outp__t40                    2.79408
xc2.xcore.inp__t40                      3.0855
xc2.xcore.tail__t111                   1.50243
xc2.xcore.vss__t511                2.05715e-12
xc2.xcore.tail__t46                    1.50243
xc2.xcore.inp__t39                      3.0855
xc2.xcore.outp__t71                    2.79408
xc2.xcore.vss__t512                2.07038e-12
xc2.xcore.outp__t39                    2.79408
xc2.xcore.inp__t38                      3.0855
xc2.xcore.tail__t110                   1.50243
xc2.xcore.vss__t513                2.08362e-12
xc2.xcore.tail__t53                    1.50244
xc2.xcore.inp__t51                      3.0855
xc2.xcore.outp__t77                    2.79408
xc2.xcore.vss__t514                2.09685e-12
xc2.xcore.outp__t38                    2.79407
xc2.xcore.inp__t37                      3.0855
xc2.xcore.tail__t108                   1.50244
xc2.xcore.vss__t515                2.11008e-12
xc2.xcore.tail__t45                    1.50244
xc2.xcore.inp__t36                      3.0855
xc2.xcore.outp__t70                    2.79407
xc2.xcore.vss__t516                2.12332e-12
xc2.xcore.outp__t37                    2.79407
xc2.xcore.inp__t35                      3.0855
xc2.xcore.tail__t107                   1.50244
xc2.xcore.vss__t517                2.13655e-12
xc2.xcore.tail__t44                    1.50244
xc2.xcore.inp__t34                      3.0855
xc2.xcore.outp__t69                    2.79407
xc2.xcore.vss__t518                2.14979e-12
xc2.xcore.outp__t36                    2.79407
xc2.xcore.inp__t33                      3.0855
xc2.xcore.tail__t106                   1.50244
xc2.xcore.vss__t519                2.16302e-12
xc2.xcore.tail__t31                    1.50244
xc2.xcore.inp__t12                      3.0855
xc2.xcore.outp__t58                    2.79407
xc2.xcore.vss__t520                2.17626e-12
xc2.xcore.outp__t35                    2.79407
xc2.xcore.inp__t32                      3.0855
xc2.xcore.tail__t104                   1.50244
xc2.xcore.vss__t521                2.18949e-12
xc2.xcore.tail__t43                    1.50244
xc2.xcore.inp__t31                      3.0855
xc2.xcore.outp__t68                    2.79406
xc2.xcore.vss__t522                2.20273e-12
xc2.xcore.outp__t33                    2.79406
xc2.xcore.inp__t30                      3.0855
xc2.xcore.tail__t103                   1.50244
xc2.xcore.vss__t523                2.21596e-12
xc2.xcore.tail__t1                     1.50244
xc2.xcore.inp__t2                       3.0855
xc2.xcore.outp__t34                    2.79406
xc2.xcore.vss__t586                 2.2292e-12
xc2.xcore.ibias__t215                  1.22221
xc2.xcore.ibias__t3                    1.22494
xc2.xcore.vss__t2                  2.51857e-05
xc2.xcore.vss__t459                6.27062e-13
xc2.xcore.vss__t81                 2.49859e-05
xc2.xcore.ibias__t158                  1.22494
xc2.xcore.ibias__t216                  1.22224
xc2.xcore.vss__t448                6.22109e-13
xc2.xcore.ibias__t213                  1.22227
xc2.xcore.ibias__t171                  1.22494
xc2.xcore.vss__t190                2.47861e-05
xc2.xcore.vss__t449                6.17155e-13
xc2.xcore.vss__t83                 2.45863e-05
xc2.xcore.ibias__t163                  1.22494
xc2.xcore.ibias__t218                   1.2223
xc2.xcore.vss__t450                6.12202e-13
xc2.xcore.ibias__t212                  1.22233
xc2.xcore.ibias__t162                  1.22494
xc2.xcore.vss__t185                2.43865e-05
xc2.xcore.vss__t451                6.07248e-13
xc2.xcore.vss__t89                 2.41867e-05
xc2.xcore.ibias__t177                  1.22494
xc2.xcore.ibias__t219                  1.22236
xc2.xcore.vss__t452                6.02293e-13
xc2.xcore.ibias__t211                  1.22239
xc2.xcore.ibias__t160                  1.22494
xc2.xcore.vss__t183                2.39868e-05
xc2.xcore.vss__t453                5.97339e-13
xc2.xcore.vss__t82                  2.3787e-05
xc2.xcore.ibias__t159                  1.22494
xc2.xcore.ibias__t217                  1.22242
xc2.xcore.vss__t454                5.92384e-13
xc2.xcore.ibias__t214                  1.22245
xc2.xcore.ibias__t174                  1.22494
xc2.xcore.vss__t192                2.35872e-05
xc2.xcore.vss__t455                5.87429e-13
xc2.xcore.vss__t3                  2.33874e-05
xc2.xcore.ibias__t4                    1.22494
xc2.xcore.ibias__t210                  1.22248
xc2.xcore.vss__t457                5.82473e-13
xc2.xcore.outn__t52                        3.3
xc2.xcore.inn__t1                       1.9965
xc2.xcore.tail__t3                     1.50234
xc2.xcore.vss__t461                1.53789e-12
xc2.xcore.tail__t62                    1.50234
xc2.xcore.inn__t58                      1.9965
xc2.xcore.outn__t81                        3.3
xc2.xcore.vss__t524                1.55248e-12
xc2.xcore.outn__t49                        3.3
xc2.xcore.inn__t59                      1.9965
xc2.xcore.tail__t124                   1.50234
xc2.xcore.vss__t525                1.56708e-12
xc2.xcore.tail__t63                    1.50234
xc2.xcore.inn__t60                      1.9965
xc2.xcore.outn__t82                        3.3
xc2.xcore.vss__t526                1.58167e-12
xc2.xcore.outn__t50                        3.3
xc2.xcore.inn__t61                      1.9965
xc2.xcore.tail__t125                   1.50234
xc2.xcore.vss__t527                1.59627e-12
xc2.xcore.tail__t64                    1.50234
xc2.xcore.inn__t62                      1.9965
xc2.xcore.outn__t83                        3.3
xc2.xcore.vss__t528                1.61086e-12
xc2.xcore.outn__t46                        3.3
xc2.xcore.inn__t52                      1.9965
xc2.xcore.tail__t105                   1.50234
xc2.xcore.vss__t529                1.62546e-12
xc2.xcore.tail__t15                    1.50234
xc2.xcore.inn__t21                      1.9965
xc2.xcore.outn__t63                        3.3
xc2.xcore.vss__t530                1.64006e-12
xc2.xcore.outn__t45                        3.3
xc2.xcore.inn__t51                      1.9965
xc2.xcore.tail__t100                   1.50234
xc2.xcore.vss__t531                1.65465e-12
xc2.xcore.tail__t34                    1.50234
xc2.xcore.inn__t48                      1.9965
xc2.xcore.outn__t76                        3.3
xc2.xcore.vss__t532                1.66925e-12
xc2.xcore.outn__t44                        3.3
xc2.xcore.inn__t50                      1.9965
xc2.xcore.tail__t99                    1.50234
xc2.xcore.vss__t533                1.68385e-12
xc2.xcore.tail__t61                    1.50234
xc2.xcore.inn__t57                      1.9965
xc2.xcore.outn__t80                        3.3
xc2.xcore.vss__t534                1.69845e-12
xc2.xcore.outn__t40                        3.3
xc2.xcore.inn__t42                      1.9965
xc2.xcore.tail__t87                    1.50234
xc2.xcore.vss__t535                1.71304e-12
xc2.xcore.tail__t27                    1.50234
xc2.xcore.inn__t41                      1.9965
xc2.xcore.outn__t73                        3.3
xc2.xcore.vss__t536                1.72764e-12
xc2.xcore.outn__t39                        3.3
xc2.xcore.inn__t40                      1.9965
xc2.xcore.tail__t86                    1.50234
xc2.xcore.vss__t537                1.74224e-12
xc2.xcore.tail__t26                    1.50234
xc2.xcore.inn__t39                      1.9965
xc2.xcore.outn__t72                        3.3
xc2.xcore.vss__t538                1.75684e-12
xc2.xcore.outn__t38                        3.3
xc2.xcore.inn__t38                      1.9965
xc2.xcore.tail__t85                    1.50234
xc2.xcore.vss__t539                1.77144e-12
xc2.xcore.tail__t25                    1.50234
xc2.xcore.inn__t37                      1.9965
xc2.xcore.outn__t71                        3.3
xc2.xcore.vss__t540                1.78604e-12
xc2.xcore.outn__t47                        3.3
xc2.xcore.inn__t53                      1.9965
xc2.xcore.tail__t109                   1.50234
xc2.xcore.vss__t541                1.80064e-12
xc2.xcore.tail__t52                    1.50234
xc2.xcore.inn__t55                      1.9965
xc2.xcore.outn__t78                        3.3
xc2.xcore.vss__t542                1.81524e-12
xc2.xcore.outn__t48                        3.3
xc2.xcore.inn__t54                      1.9965
xc2.xcore.tail__t117                   1.50234
xc2.xcore.vss__t543                1.82984e-12
xc2.xcore.tail__t39                    1.50234
xc2.xcore.inn__t49                      1.9965
xc2.xcore.outn__t77                        3.3
xc2.xcore.vss__t544                1.84444e-12
xc2.xcore.outn__t41                        3.3
xc2.xcore.inn__t43                      1.9965
xc2.xcore.tail__t89                    1.50234
xc2.xcore.vss__t545                1.85904e-12
xc2.xcore.tail__t29                    1.50234
xc2.xcore.inn__t47                      1.9965
xc2.xcore.outn__t75                        3.3
xc2.xcore.vss__t546                1.87364e-12
xc2.xcore.outn__t43                        3.3
xc2.xcore.inn__t46                      1.9965
xc2.xcore.tail__t91                    1.50234
xc2.xcore.vss__t547                1.88825e-12
xc2.xcore.tail__t28                    1.50234
xc2.xcore.inn__t45                      1.9965
xc2.xcore.outn__t74                        3.3
xc2.xcore.vss__t548                1.90285e-12
xc2.xcore.outn__t42                        3.3
xc2.xcore.inn__t44                      1.9965
xc2.xcore.tail__t90                    1.50234
xc2.xcore.vss__t549                1.91745e-12
xc2.xcore.tail__t59                    1.50234
xc2.xcore.inn__t56                      1.9965
xc2.xcore.outn__t79                        3.3
xc2.xcore.vss__t550                1.93205e-12
xc2.xcore.outn__t51                        3.3
xc2.xcore.inn__t63                      1.9965
xc2.xcore.tail__t127                   1.50234
xc2.xcore.vss__t551                1.94665e-12
xc2.xcore.tail__t13                    1.50234
xc2.xcore.inn__t19                      1.9965
xc2.xcore.outn__t62                        3.3
xc2.xcore.vss__t552                1.96126e-12
xc2.xcore.outn__t28                        3.3
xc2.xcore.inn__t18                      1.9965
xc2.xcore.tail__t72                    1.50234
xc2.xcore.vss__t553                1.97586e-12
xc2.xcore.tail__t12                    1.50234
xc2.xcore.inn__t17                      1.9965
xc2.xcore.outn__t61                        3.3
xc2.xcore.vss__t554                1.99046e-12
xc2.xcore.outn__t27                        3.3
xc2.xcore.inn__t16                      1.9965
xc2.xcore.tail__t71                    1.50234
xc2.xcore.vss__t555                2.00506e-12
xc2.xcore.tail__t11                    1.50234
xc2.xcore.inn__t15                      1.9965
xc2.xcore.outn__t60                        3.3
xc2.xcore.vss__t556                2.01967e-12
xc2.xcore.outn__t26                        3.3
xc2.xcore.inn__t14                      1.9965
xc2.xcore.tail__t70                    1.50234
xc2.xcore.vss__t557                2.03427e-12
xc2.xcore.tail__t10                    1.50234
xc2.xcore.inn__t13                      1.9965
xc2.xcore.outn__t59                        3.3
xc2.xcore.vss__t558                2.04888e-12
xc2.xcore.outn__t25                        3.3
xc2.xcore.inn__t12                      1.9965
xc2.xcore.tail__t69                    1.50234
xc2.xcore.vss__t559                2.06348e-12
xc2.xcore.tail__t6                     1.50234
xc2.xcore.inn__t5                       1.9965
xc2.xcore.outn__t55                        3.3
xc2.xcore.vss__t560                2.07808e-12
xc2.xcore.outn__t24                        3.3
xc2.xcore.inn__t11                      1.9965
xc2.xcore.tail__t68                    1.50234
xc2.xcore.vss__t561                2.09269e-12
xc2.xcore.tail__t4                     1.50234
xc2.xcore.inn__t2                       1.9965
xc2.xcore.outn__t53                        3.3
xc2.xcore.vss__t562                2.10729e-12
xc2.xcore.outn__t21                        3.3
xc2.xcore.inn__t3                       1.9965
xc2.xcore.tail__t65                    1.50234
xc2.xcore.vss__t563                 2.1219e-12
xc2.xcore.tail__t5                     1.50234
xc2.xcore.inn__t4                       1.9965
xc2.xcore.outn__t54                        3.3
xc2.xcore.vss__t564                 2.1365e-12
xc2.xcore.outn__t22                        3.3
xc2.xcore.inn__t6                       1.9965
xc2.xcore.tail__t66                    1.50234
xc2.xcore.vss__t565                2.15111e-12
xc2.xcore.tail__t7                     1.50234
xc2.xcore.inn__t7                       1.9965
xc2.xcore.outn__t56                        3.3
xc2.xcore.vss__t566                2.16571e-12
xc2.xcore.outn__t23                        3.3
xc2.xcore.inn__t8                       1.9965
xc2.xcore.tail__t67                    1.50234
xc2.xcore.vss__t567                2.18032e-12
xc2.xcore.tail__t8                     1.50234
xc2.xcore.inn__t9                       1.9965
xc2.xcore.outn__t57                        3.3
xc2.xcore.vss__t568                2.19492e-12
xc2.xcore.outn__t29                        3.3
xc2.xcore.inn__t20                      1.9965
xc2.xcore.tail__t73                    1.50234
xc2.xcore.vss__t569                2.20953e-12
xc2.xcore.tail__t9                     1.50234
xc2.xcore.inn__t10                      1.9965
xc2.xcore.outn__t58                        3.3
xc2.xcore.vss__t570                2.22413e-12
xc2.xcore.outn__t36                        3.3
xc2.xcore.inn__t35                      1.9965
xc2.xcore.tail__t83                    1.50234
xc2.xcore.vss__t571                2.23874e-12
xc2.xcore.tail__t24                    1.50234
xc2.xcore.inn__t34                      1.9965
xc2.xcore.outn__t70                        3.3
xc2.xcore.vss__t572                2.25335e-12
xc2.xcore.outn__t35                        3.3
xc2.xcore.inn__t33                      1.9965
xc2.xcore.tail__t82                    1.50234
xc2.xcore.vss__t573                2.26795e-12
xc2.xcore.tail__t23                    1.50234
xc2.xcore.inn__t32                      1.9965
xc2.xcore.outn__t69                        3.3
xc2.xcore.vss__t574                2.28256e-12
xc2.xcore.outn__t34                        3.3
xc2.xcore.inn__t31                      1.9965
xc2.xcore.tail__t81                    1.50234
xc2.xcore.vss__t575                2.29717e-12
xc2.xcore.tail__t22                    1.50234
xc2.xcore.inn__t30                      1.9965
xc2.xcore.outn__t68                        3.3
xc2.xcore.vss__t576                2.31177e-12
xc2.xcore.outn__t33                        3.3
xc2.xcore.inn__t29                      1.9965
xc2.xcore.tail__t80                    1.50234
xc2.xcore.vss__t577                2.32638e-12
xc2.xcore.tail__t21                    1.50234
xc2.xcore.inn__t28                      1.9965
xc2.xcore.outn__t67                        3.3
xc2.xcore.vss__t578                2.34099e-12
xc2.xcore.outn__t32                        3.3
xc2.xcore.inn__t27                      1.9965
xc2.xcore.tail__t79                    1.50234
xc2.xcore.vss__t579                2.35559e-12
xc2.xcore.tail__t20                    1.50234
xc2.xcore.inn__t26                      1.9965
xc2.xcore.outn__t66                        3.3
xc2.xcore.vss__t580                 2.3702e-12
xc2.xcore.outn__t37                        3.3
xc2.xcore.inn__t36                      1.9965
xc2.xcore.tail__t84                    1.50234
xc2.xcore.vss__t581                2.38481e-12
xc2.xcore.tail__t18                    1.50234
xc2.xcore.inn__t25                      1.9965
xc2.xcore.outn__t65                        3.3
xc2.xcore.vss__t582                2.39941e-12
xc2.xcore.outn__t31                        3.3
xc2.xcore.inn__t24                      1.9965
xc2.xcore.tail__t78                    1.50234
xc2.xcore.vss__t583                2.41402e-12
xc2.xcore.tail__t17                    1.50234
xc2.xcore.inn__t23                      1.9965
xc2.xcore.outn__t64                        3.3
xc2.xcore.vss__t584                2.42863e-12
xc2.xcore.outn__t30                        3.3
xc2.xcore.inn__t22                      1.9965
xc2.xcore.tail__t77                    1.50234
xc2.xcore.vss__t585                2.44324e-12
xc2.xcore.tail__t2                     1.50234
xc2.xcore.inn__t0                       1.9965
xc2.xcore.outn__t20                        3.3
xc2.xcore.vss__t587                2.45784e-12
xc2.xcore.vss__t210                2.60186e-12
xc2.xcore.outp__t16                    2.79427
xc2.xcore.vss__t211                2.57128e-12
xc2.xcore.outp__t17                    2.79427
xc2.xcore.vss__t212                2.54072e-12
xc2.xcore.outp__t18                    2.79427
xc2.xcore.vss__t213                2.51019e-12
xc2.xcore.outp__t19                    2.79427
xc2.xcore.vss__t214                2.47968e-12
xc2.xcore.outp__t0                     2.79427
xc2.xcore.vss__t215                2.44921e-12
xc2.xcore.outp__t1                     2.79427
xc2.xcore.vss__t216                2.41876e-12
xc2.xcore.outp__t2                     2.79427
xc2.xcore.vss__t217                2.38834e-12
xc2.xcore.outp__t3                     2.79427
xc2.xcore.vss__t218                2.35795e-12
xc2.xcore.outp__t4                     2.79427
xc2.xcore.vss__t219                2.32759e-12
xc2.xcore.outp__t15                    2.79427
xc2.xcore.vss__t220                2.29727e-12
xc2.xcore.outp__t6                     2.79427
xc2.xcore.vss__t221                2.26698e-12
xc2.xcore.outp__t7                     2.79427
xc2.xcore.vss__t222                2.23673e-12
xc2.xcore.outp__t8                     2.79427
xc2.xcore.vss__t223                2.20651e-12
xc2.xcore.outp__t9                     2.79427
xc2.xcore.vss__t224                2.17633e-12
xc2.xcore.outp__t10                    2.79427
xc2.xcore.vss__t225                 2.1462e-12
xc2.xcore.outp__t11                    2.79427
xc2.xcore.vss__t226                 2.1161e-12
xc2.xcore.outp__t12                    2.79427
xc2.xcore.vss__t227                2.08605e-12
xc2.xcore.outp__t13                    2.79427
xc2.xcore.vss__t228                2.05605e-12
xc2.xcore.outp__t14                    2.79427
xc2.xcore.vss__t229                 2.0261e-12
xc2.xcore.outp__t5                     2.79427
xc2.xcore.vss__t230                2.18457e-12
xc2.xcore.outn__t0                         3.3
xc2.xcore.vss__t231                2.21955e-12
xc2.xcore.outn__t5                         3.3
xc2.xcore.vss__t232                 2.2546e-12
xc2.xcore.outn__t6                         3.3
xc2.xcore.vss__t233                2.28973e-12
xc2.xcore.outn__t7                         3.3
xc2.xcore.vss__t234                2.32492e-12
xc2.xcore.outn__t8                         3.3
xc2.xcore.vss__t235                2.36018e-12
xc2.xcore.outn__t9                         3.3
xc2.xcore.vss__t236                2.39551e-12
xc2.xcore.outn__t10                        3.3
xc2.xcore.vss__t237                2.43089e-12
xc2.xcore.outn__t11                        3.3
xc2.xcore.vss__t238                2.46632e-12
xc2.xcore.outn__t12                        3.3
xc2.xcore.vss__t239                2.50182e-12
xc2.xcore.outn__t13                        3.3
xc2.xcore.vss__t240                2.53736e-12
xc2.xcore.outn__t14                        3.3
xc2.xcore.vss__t241                2.57295e-12
xc2.xcore.outn__t15                        3.3
xc2.xcore.vss__t242                2.60859e-12
xc2.xcore.outn__t16                        3.3
xc2.xcore.vss__t243                2.64428e-12
xc2.xcore.outn__t17                        3.3
xc2.xcore.vss__t244                2.68001e-12
xc2.xcore.outn__t19                        3.3
xc2.xcore.vss__t245                2.71579e-12
xc2.xcore.outn__t18                        3.3
xc2.xcore.vss__t246                 2.7516e-12
xc2.xcore.outn__t1                         3.3
xc2.xcore.vss__t247                2.78746e-12
xc2.xcore.outn__t2                         3.3
xc2.xcore.vss__t248                2.82335e-12
xc2.xcore.outn__t3                         3.3
xc2.xcore.vss__t249                2.85928e-12
xc2.xcore.outn__t4                         3.3
ib_c2                                  1.22494
xc2.xcore.vsubs                              0
outn_c2                                    3.3
outp_c2                                2.79427
xc2.tail                               1.50234
vd_c2                                 0.505728
ediff_c2#branch                              0
ediff_c1#branch                              0
ediff_c0#branch                              0
einref#branch                                0
vcomb0_7#branch                              0
vcomb1_7#branch                              0
vcomb0_6#branch                              0
vcomb1_6#branch                              0
vcomb0_5#branch                              0
vcomb1_5#branch                              0
vcomb0_4#branch                              0
vcomb1_4#branch                              0
vcomb0_3#branch                              0
vcomb1_3#branch                              0
vcomb0_2#branch                              0
vcomb1_2#branch                              0
vcomb0_1#branch                              0
vcomb1_1#branch                              0
vcomb0_0#branch                              0
vcomb1_0#branch                              0
vinn#branch                        2.63744e-15
vinp#branch                       -5.34784e-14
vavcc#branch                        -0.0303437

 Reference value :  0.00000e+00
 Reference value :  1.34696e-09
 Reference value :  1.39606e-09
 Reference value :  1.43494e-09
 Reference value :  1.98707e-09
 Reference value :  2.72343e-09
 Reference value :  2.77372e-09
 Reference value :  2.85884e-09
 Reference value :  4.04181e-09
 Reference value :  4.09510e-09
 Reference value :  4.13144e-09
 Reference value :  4.80070e-09
 Reference value :  5.41578e-09
 Reference value :  5.46722e-09
 Reference value :  5.53289e-09
 Reference value :  6.81801e-09
 Reference value :  8.46081e-09
 Reference value :  9.44111e-09
 Reference value :  9.49276e-09
 Reference value :  9.53646e-09
 Reference value :  1.06038e-08
 Reference value :  1.08100e-08
 Reference value :  1.08547e-08
 Reference value :  1.09436e-08
 Reference value :  1.23012e-08
 Reference value :  1.40080e-08
 Reference value :  1.48321e-08
 Reference value :  1.48860e-08
 Reference value :  1.49369e-08
 Reference value :  1.61896e-08
 Reference value :  1.75115e-08
 Reference value :  1.75625e-08
 Reference value :  1.76011e-08
 Reference value :  1.82343e-08
 Reference value :  1.99952e-08
 Reference value :  2.02350e-08
 Reference value :  2.02821e-08
 Reference value :  2.04016e-08
 Reference value :  2.20088e-08
 Reference value :  2.29144e-08
 Reference value :  2.29659e-08
 Reference value :  2.30058e-08
 Reference value :  2.40615e-08
 Reference value :  2.42781e-08
 Reference value :  2.43229e-08
 Reference value :  2.44945e-08
 Reference value :  2.56032e-08
 Reference value :  2.56598e-08
 Reference value :  2.56984e-08
 Reference value :  2.67832e-08
 Reference value :  2.69719e-08
 Reference value :  2.70165e-08
 Reference value :  2.71701e-08
 Reference value :  2.82930e-08
 Reference value :  2.83476e-08
 Reference value :  2.83836e-08
 Reference value :  2.92370e-08
 Reference value :  2.96582e-08
 Reference value :  2.97096e-08
 Reference value :  2.98010e-08
 Reference value :  3.09816e-08
 Reference value :  3.10246e-08
 Reference value :  3.10652e-08
 Reference value :  3.12062e-08
 Reference value :  3.16866e-08
 Reference value :  3.22454e-08
 Reference value :  3.27505e-08
 Reference value :  3.32844e-08
 Reference value :  3.37536e-08
 Reference value :  3.42298e-08
 Reference value :  3.47349e-08
 Reference value :  3.52085e-08
 Reference value :  3.57181e-08
 Reference value :  3.62231e-08
 Reference value :  3.67203e-08
 Reference value :  3.72265e-08
 Reference value :  3.77338e-08
 Reference value :  3.82366e-08
 Reference value :  3.87484e-08
 Reference value :  3.92534e-08
 Reference value :  3.97854e-08
 Reference value :  4.03263e-08
 Reference value :  4.04331e-08
 Reference value :  4.04840e-08
 Reference value :  4.05524e-08
 Reference value :  4.09325e-08
 Reference value :  4.15047e-08
 Reference value :  4.19470e-08
 Reference value :  4.24610e-08
 Reference value :  4.29840e-08
 Reference value :  4.34622e-08
 Reference value :  4.39762e-08
 Reference value :  4.44992e-08
 Reference value :  4.49773e-08
 Reference value :  4.54824e-08
 Reference value :  4.59807e-08
 Reference value :  4.64880e-08
 Reference value :  4.69975e-08
 Reference value :  4.74981e-08
 Reference value :  4.80166e-08
 Reference value :  4.84858e-08
 Reference value :  4.85254e-08
 Reference value :  4.85694e-08
 Reference value :  4.86685e-08
 Reference value :  4.91596e-08
 Reference value :  4.96731e-08
 Reference value :  4.98541e-08
 Reference value :  4.99044e-08
 Reference value :  4.99574e-08
 Reference value :  5.03297e-08
 Reference value :  5.08418e-08
 Reference value :  5.13398e-08
 Reference value :  5.18617e-08
 Reference value :  5.23769e-08
 Reference value :  5.28718e-08
 Reference value :  5.33870e-08
 Reference value :  5.38921e-08
 Reference value :  5.43813e-08
 Reference value :  5.48920e-08
 Reference value :  5.53886e-08
 Reference value :  5.58965e-08
 Reference value :  5.64071e-08
 Reference value :  5.65922e-08
 Reference value :  5.66432e-08
 Reference value :  5.67006e-08
 Reference value :  5.70721e-08
 Reference value :  5.75969e-08
 Reference value :  5.80906e-08
 Reference value :  5.86059e-08
 Reference value :  5.91143e-08
 Reference value :  5.92867e-08
 Reference value :  5.93375e-08
 Reference value :  5.93964e-08
 Reference value :  5.97843e-08
 Reference value :  6.02905e-08
 Reference value :  6.07842e-08
 Reference value :  6.12893e-08
 Reference value :  6.18045e-08
 Reference value :  6.22994e-08
 Reference value :  6.28146e-08
 Reference value :  6.33230e-08
 Reference value :  6.38258e-08
 Reference value :  6.43645e-08
 Reference value :  6.46667e-08
 Reference value :  6.47166e-08
 Reference value :  6.47601e-08
 Reference value :  6.50200e-08
 Reference value :  6.55788e-08
 Reference value :  6.59968e-08
 Reference value :  6.60458e-08
 Reference value :  6.60807e-08
 Reference value :  6.63100e-08
 Reference value :  6.68210e-08
 Reference value :  6.73331e-08
 Reference value :  6.73752e-08
 Reference value :  6.74375e-08
 Reference value :  6.77001e-08
 Reference value :  6.83544e-08
 Reference value :  6.87038e-08
 Reference value :  6.87669e-08
 Reference value :  6.88599e-08
 Reference value :  6.93881e-08
 Reference value :  6.99021e-08
 Reference value :  7.03982e-08
 Reference value :  7.10238e-08
 Reference value :  7.14856e-08
 Reference value :  7.20050e-08
 Reference value :  7.25409e-08
 Reference value :  7.27488e-08
 Reference value :  7.27992e-08
 Reference value :  7.28446e-08
 Reference value :  7.31834e-08
 Reference value :  7.37174e-08
 Reference value :  7.42008e-08
 Reference value :  7.47295e-08
 Reference value :  7.52455e-08
 Reference value :  7.57376e-08
 Reference value :  7.62446e-08
 Reference value :  7.67537e-08
 Reference value :  7.72527e-08
 Reference value :  7.77638e-08
 Reference value :  7.81211e-08
 Reference value :  7.81726e-08
 Reference value :  7.82047e-08
 Reference value :  7.84332e-08
 Reference value :  7.89422e-08
 Reference value :  7.94613e-08
 Reference value :  7.99523e-08
 Reference value :  8.04644e-08
 Reference value :  8.08126e-08
 Reference value :  8.08548e-08
 Reference value :  8.08969e-08
 Reference value :  8.10563e-08
 Reference value :  8.15720e-08
 Reference value :  8.21349e-08
 Reference value :  8.21875e-08
 Reference value :  8.22349e-08
 Reference value :  8.23071e-08
 Reference value :  8.27147e-08
 Reference value :  8.32555e-08
 Reference value :  8.37068e-08
 Reference value :  8.42298e-08
 Reference value :  8.47349e-08
 Reference value :  8.52130e-08
 Reference value :  8.57270e-08
 Reference value :  8.61959e-08
 Reference value :  8.62373e-08
 Reference value :  8.62798e-08
 Reference value :  8.63789e-08
 Reference value :  8.68701e-08
 Reference value :  8.73779e-08
 Reference value :  8.75646e-08
 Reference value :  8.76148e-08
 Reference value :  8.76679e-08
 Reference value :  8.80331e-08
 Reference value :  8.85522e-08
 Reference value :  8.88986e-08
 Reference value :  8.89429e-08
 Reference value :  8.89830e-08
 Reference value :  8.92076e-08
 Reference value :  8.97166e-08
 Reference value :  9.02287e-08
 Reference value :  9.07227e-08
 Reference value :  9.12388e-08
 Reference value :  9.15891e-08
 Reference value :  9.16383e-08
 Reference value :  9.16713e-08
 Reference value :  9.18767e-08
 Reference value :  9.23753e-08
 Reference value :  9.29113e-08
 Reference value :  9.33854e-08
 Reference value :  9.39194e-08
 Reference value :  9.42795e-08
 Reference value :  9.43244e-08
 Reference value :  9.43661e-08
 Reference value :  9.45479e-08
 Reference value :  9.50690e-08
 Reference value :  9.56029e-08
 Reference value :  9.60791e-08
 Reference value :  9.66150e-08
 Reference value :  9.70964e-08
 Reference value :  9.76231e-08
 Reference value :  9.81341e-08
 Reference value :  9.83365e-08
 Reference value :  9.83875e-08
 Reference value :  9.84323e-08
 Reference value :  9.88035e-08
 Reference value :  9.93126e-08
 Reference value :  9.96678e-08
 Reference value :  9.97116e-08
 Reference value :  9.97521e-08
 Reference value :  9.98791e-08
 Reference value :  1.00374e-07
 Reference value :  1.00896e-07
 Reference value :  1.01039e-07
 Reference value :  1.01090e-07
 Reference value :  1.01160e-07
 Reference value :  1.01552e-07
 Reference value :  1.02075e-07
 Reference value :  1.02376e-07
 Reference value :  1.02425e-07
 Reference value :  1.02464e-07
 Reference value :  1.02721e-07
 Reference value :  1.03253e-07
 Reference value :  1.03706e-07
 Reference value :  1.03756e-07
 Reference value :  1.03791e-07
 Reference value :  1.03976e-07
 Reference value :  1.04497e-07
 Reference value :  1.05033e-07
 Reference value :  1.05507e-07
 Reference value :  1.06041e-07
 Reference value :  1.06401e-07
 Reference value :  1.06447e-07
 Reference value :  1.06487e-07
 Reference value :  1.06669e-07
 Reference value :  1.07219e-07
 Reference value :  1.07724e-07
 Reference value :  1.08171e-07
 Reference value :  1.08705e-07
 Reference value :  1.09196e-07
 Reference value :  1.09715e-07
 Reference value :  1.10249e-07
 Reference value :  1.10726e-07
 Reference value :  1.11265e-07
 Reference value :  1.11778e-07
 Reference value :  1.12276e-07
 Reference value :  1.12788e-07
 Reference value :  1.13139e-07
 Reference value :  1.13189e-07
 Reference value :  1.13223e-07
 Reference value :  1.13454e-07
 Reference value :  1.13966e-07
 Reference value :  1.14478e-07
 Reference value :  1.14513e-07
 Reference value :  1.14558e-07
 Reference value :  1.14646e-07
 Reference value :  1.15134e-07
 Reference value :  1.15650e-07
 Reference value :  1.15845e-07
 Reference value :  1.15896e-07
 Reference value :  1.15947e-07
 Reference value :  1.16316e-07
 Reference value :  1.16835e-07
 Reference value :  1.17333e-07
 Reference value :  1.17847e-07
 Reference value :  1.18370e-07
 Reference value :  1.18859e-07
 Reference value :  1.19384e-07
 Reference value :  1.19902e-07
 Reference value :  1.20398e-07
 Reference value :  1.20930e-07
 Reference value :  1.21231e-07
 Reference value :  1.21282e-07
 Reference value :  1.21326e-07
 Reference value :  1.21604e-07
 Reference value :  1.22144e-07
 Reference value :  1.22650e-07
 Reference value :  1.23183e-07
 Reference value :  1.23717e-07
 Reference value :  1.24165e-07
 Reference value :  1.24699e-07
 Reference value :  1.25233e-07
 Reference value :  1.25285e-07
 Reference value :  1.25333e-07
 Reference value :  1.25405e-07
 Reference value :  1.25848e-07
 Reference value :  1.26411e-07
 Reference value :  1.26858e-07
 Reference value :  1.27421e-07
 Reference value :  1.27928e-07
 Reference value :  1.28402e-07
 Reference value :  1.28936e-07
 Reference value :  1.29296e-07
 Reference value :  1.29341e-07
 Reference value :  1.29382e-07
 Reference value :  1.29509e-07
 Reference value :  1.30021e-07
 Reference value :  1.30562e-07
 Reference value :  1.30670e-07
 Reference value :  1.30720e-07
 Reference value :  1.30790e-07
 Reference value :  1.31182e-07
 Reference value :  1.31705e-07
 Reference value :  1.32192e-07
 Reference value :  1.32697e-07
 Reference value :  1.33220e-07
 Reference value :  1.33361e-07
 Reference value :  1.33411e-07
 Reference value :  1.33461e-07
 Reference value :  1.33831e-07
 Reference value :  1.34343e-07
 Reference value :  1.34687e-07
 Reference value :  1.34738e-07
 Reference value :  1.34772e-07
 Reference value :  1.35003e-07
 Reference value :  1.35508e-07
 Reference value :  1.36020e-07
 Reference value :  1.36512e-07
 Reference value :  1.37019e-07
 Reference value :  1.37377e-07
 Reference value :  1.37420e-07
 Reference value :  1.37461e-07
 Reference value :  1.37569e-07
 Reference value :  1.38068e-07
 Reference value :  1.38576e-07
 Reference value :  1.39077e-07
 Reference value :  1.39583e-07
 Reference value :  1.40068e-07
 Reference value :  1.40111e-07
 Reference value :  1.40170e-07
 Reference value :  1.40554e-07
 Reference value :  1.41226e-07
 Reference value :  1.41439e-07
 Reference value :  1.41492e-07
 Reference value :  1.41549e-07
 Reference value :  1.41919e-07
 Reference value :  1.42426e-07
 Reference value :  1.42929e-07
 Reference value :  1.43436e-07
 Reference value :  1.43944e-07
 Reference value :  1.44132e-07
 Reference value :  1.44180e-07
 Reference value :  1.44234e-07
 Reference value :  1.44606e-07
 Reference value :  1.45111e-07
 Reference value :  1.45459e-07
 Reference value :  1.45501e-07
 Reference value :  1.45542e-07
 Reference value :  1.45684e-07
 Reference value :  1.46183e-07
 Reference value :  1.46724e-07
 Reference value :  1.46832e-07
 Reference value :  1.46881e-07
 Reference value :  1.46951e-07
 Reference value :  1.47334e-07
 Reference value :  1.47960e-07
 Reference value :  1.48174e-07
 Reference value :  1.48228e-07
 Reference value :  1.48298e-07
 Reference value :  1.48808e-07
 Reference value :  1.49347e-07
 Reference value :  1.49868e-07
 Reference value :  1.50533e-07
 Reference value :  1.50857e-07
 Reference value :  1.50907e-07
 Reference value :  1.50948e-07
 Reference value :  1.51202e-07
 Reference value :  1.51711e-07
 Reference value :  1.52189e-07
 Reference value :  1.52228e-07
 Reference value :  1.52273e-07
 Reference value :  1.52380e-07
 Reference value :  1.52883e-07
 Reference value :  1.53390e-07
 Reference value :  1.53895e-07
 Reference value :  1.54414e-07
 Reference value :  1.54937e-07
 Reference value :  1.55415e-07
 Reference value :  1.55929e-07
 Reference value :  1.56421e-07
 Reference value :  1.56930e-07
 Reference value :  1.57444e-07
 Reference value :  1.57605e-07
 Reference value :  1.57656e-07
 Reference value :  1.57721e-07
 Reference value :  1.58101e-07
 Reference value :  1.58606e-07
 Reference value :  1.58934e-07
 Reference value :  1.58981e-07
 Reference value :  1.59018e-07
 Reference value :  1.59245e-07
 Reference value :  1.59757e-07
 Reference value :  1.60262e-07
 Reference value :  1.60756e-07
 Reference value :  1.61265e-07
 Reference value :  1.61628e-07
 Reference value :  1.61681e-07
 Reference value :  1.61719e-07
 Reference value :  1.61990e-07
 Reference value :  1.62513e-07
 Reference value :  1.63047e-07
 Reference value :  1.63559e-07
 Reference value :  1.64093e-07
 Reference value :  1.64533e-07
 Reference value :  1.65074e-07
 Reference value :  1.65608e-07
 Reference value :  1.65687e-07
 Reference value :  1.65737e-07
 Reference value :  1.65802e-07
 Reference value :  1.66171e-07
 Reference value :  1.66688e-07
 Reference value :  1.67192e-07
 Reference value :  1.67698e-07
 Reference value :  1.68210e-07
 Reference value :  1.68379e-07
 Reference value :  1.68430e-07
 Reference value :  1.68499e-07
 Reference value :  1.68883e-07
 Reference value :  1.69397e-07
 Reference value :  1.69714e-07
 Reference value :  1.69763e-07
 Reference value :  1.69804e-07
 Reference value :  1.70057e-07
 Reference value :  1.70576e-07
 Reference value :  1.71044e-07
 Reference value :  1.71092e-07
 Reference value :  1.71129e-07
 Reference value :  1.71261e-07
 Reference value :  1.71772e-07
 Reference value :  1.72342e-07
 Reference value :  1.72782e-07
 Reference value :  1.73383e-07
 Reference value :  1.73741e-07
 Reference value :  1.73796e-07
 Reference value :  1.73833e-07
 Reference value :  1.74067e-07
 Reference value :  1.74579e-07
 Reference value :  1.75084e-07
 Reference value :  1.75122e-07
 Reference value :  1.75165e-07
 Reference value :  1.75262e-07
 Reference value :  1.75762e-07
 Reference value :  1.76272e-07
 Reference value :  1.76458e-07
 Reference value :  1.76509e-07
 Reference value :  1.76562e-07
 Reference value :  1.76936e-07
 Reference value :  1.77445e-07
 Reference value :  1.77946e-07
 Reference value :  1.78461e-07
 Reference value :  1.78977e-07
 Reference value :  1.79471e-07
 Reference value :  1.79987e-07
 Reference value :  1.80472e-07
 Reference value :  1.80511e-07
 Reference value :  1.80552e-07
 Reference value :  1.80650e-07
 Reference value :  1.81145e-07
 Reference value :  1.81651e-07
 Reference value :  1.81841e-07
 Reference value :  1.81892e-07
 Reference value :  1.81943e-07
 Reference value :  1.82309e-07
 Reference value :  1.82832e-07
 Reference value :  1.83343e-07
 Reference value :  1.83987e-07
 Reference value :  1.84512e-07
 Reference value :  1.85037e-07
 Reference value :  1.85612e-07
 Reference value :  1.85876e-07
 Reference value :  1.85927e-07
 Reference value :  1.85971e-07
 Reference value :  1.86286e-07
 Reference value :  1.86820e-07
 Reference value :  1.87296e-07
 Reference value :  1.87801e-07
 Reference value :  1.88335e-07
 Reference value :  1.88571e-07
 Reference value :  1.88618e-07
 Reference value :  1.88659e-07
 Reference value :  1.88912e-07
 Reference value :  1.89431e-07
 Reference value :  1.89979e-07
 Reference value :  1.90459e-07
 Reference value :  1.90964e-07
 Reference value :  1.91263e-07
 Reference value :  1.91313e-07
 Reference value :  1.91355e-07
 Reference value :  1.91610e-07
 Reference value :  1.92124e-07
 Reference value :  1.92647e-07
 Reference value :  1.93134e-07
 Reference value :  1.93639e-07
 Reference value :  1.93957e-07
 Reference value :  1.94002e-07
 Reference value :  1.94039e-07
 Reference value :  1.94277e-07
 Reference value :  1.94785e-07
 Reference value :  1.95286e-07
 Reference value :  1.95325e-07
 Reference value :  1.95367e-07
 Reference value :  1.95465e-07
 Reference value :  1.95960e-07
 Reference value :  1.96466e-07
 Reference value :  1.96658e-07
 Reference value :  1.96707e-07
 Reference value :  1.96757e-07
 Reference value :  1.97124e-07
 Reference value :  1.97643e-07
 Reference value :  1.97988e-07
 Reference value :  1.98038e-07
 Reference value :  1.98072e-07
 Reference value :  1.98309e-07
 Reference value :  1.98822e-07
 Reference value :  1.99327e-07
 Reference value :  1.99363e-07
 Reference value :  1.99407e-07
 Reference value :  1.99495e-07
 Reference value :  1.99982e-07
 Reference value :  2.00498e-07
 Reference value :  2.00694e-07
 Reference value :  2.00744e-07
 Reference value :  2.00792e-07
 Reference value :  2.01130e-07
 Reference value :  2.01670e-07
 Reference value :  2.02020e-07
 Reference value :  2.02020e-07
 Reference value :  2.02022e-07
 Reference value :  2.02496e-07
 Reference value :  2.03389e-07
 Reference value :  2.03447e-07
 Reference value :  2.03515e-07
 Reference value :  2.04715e-07
 Reference value :  2.04788e-07
 Reference value :  2.04837e-07
 Reference value :  2.06061e-07
 Reference value :  2.06102e-07
 Reference value :  2.06144e-07
 Reference value :  2.06501e-07
 Reference value :  2.07427e-07
 Reference value :  2.07484e-07
 Reference value :  2.07558e-07
 Reference value :  2.08862e-07
 Reference value :  2.10601e-07
 Reference value :  2.11465e-07
 Reference value :  2.11521e-07
 Reference value :  2.11577e-07
 Reference value :  2.12795e-07
 Reference value :  2.12837e-07
 Reference value :  2.12879e-07
 Reference value :  2.13142e-07
 Reference value :  2.14881e-07
 Reference value :  2.16668e-07
 Reference value :  2.16870e-07
 Reference value :  2.16915e-07
 Reference value :  2.17046e-07
 Reference value :  2.18682e-07
 Reference value :  2.19547e-07
 Reference value :  2.19601e-07
 Reference value :  2.19646e-07
 Reference value :  2.20815e-07
 Reference value :  2.22222e-07
 Reference value :  2.22269e-07
 Reference value :  2.22307e-07
 Reference value :  2.22758e-07
 Reference value :  2.24429e-07
 Reference value :  2.24942e-07
 Reference value :  2.24994e-07
 Reference value :  2.25044e-07
 Reference value :  2.26263e-07
 Reference value :  2.26303e-07
 Reference value :  2.26346e-07
 Reference value :  2.26703e-07
 Reference value :  2.27631e-07
 Reference value :  2.27684e-07
 Reference value :  2.27740e-07
 Reference value :  2.28956e-07
 Reference value :  2.29000e-07
 Reference value :  2.29042e-07
 Reference value :  2.29517e-07
 Reference value :  2.30329e-07
 Reference value :  2.30383e-07
 Reference value :  2.30441e-07
 Reference value :  2.31650e-07
 Reference value :  2.31695e-07
 Reference value :  2.31735e-07
 Reference value :  2.32170e-07
 Reference value :  2.33020e-07
 Reference value :  2.33071e-07
 Reference value :  2.33120e-07
 Reference value :  2.34355e-07
 Reference value :  2.35910e-07
 Reference value :  2.37617e-07
 Reference value :  2.39284e-07
 Reference value :  2.41031e-07
 Reference value :  2.42424e-07
 Reference value :  2.42475e-07
 Reference value :  2.42513e-07
 Reference value :  2.43120e-07
 Reference value :  2.45094e-07
 Reference value :  2.46573e-07
 Reference value :  2.48311e-07
 Reference value :  2.50258e-07
 Reference value :  2.50542e-07
 Reference value :  2.50589e-07
 Reference value :  2.50911e-07
 Reference value :  2.51879e-07
 Reference value :  2.51932e-07
 Reference value :  2.52058e-07
 Reference value :  2.53699e-07
 Reference value :  2.55445e-07
 Reference value :  2.57216e-07
 Reference value :  2.58586e-07
 Reference value :  2.58633e-07
 Reference value :  2.58682e-07
 Reference value :  2.59352e-07
 Reference value :  2.61113e-07
 Reference value :  2.61312e-07
 Reference value :  2.61360e-07
 Reference value :  2.61461e-07
 Reference value :  2.62966e-07
 Reference value :  2.64713e-07
 Reference value :  2.66460e-07
 Reference value :  2.66700e-07
 Reference value :  2.66747e-07
 Reference value :  2.66834e-07
 Reference value :  2.68015e-07
 Reference value :  2.68079e-07
 Reference value :  2.68134e-07
 Reference value :  2.69360e-07
 Reference value :  2.69404e-07
 Reference value :  2.69444e-07
 Reference value :  2.69653e-07
 Reference value :  2.70718e-07
 Reference value :  2.70773e-07
 Reference value :  2.70818e-07
 Reference value :  2.71947e-07
 Reference value :  2.73485e-07
 Reference value :  2.74751e-07
 Reference value :  2.74800e-07
 Reference value :  2.74839e-07
 Reference value :  2.75673e-07
 Reference value :  2.77418e-07
 Reference value :  2.78928e-07
 Reference value :  2.80143e-07
 Reference value :  2.80195e-07
 Reference value :  2.80235e-07
 Reference value :  2.81111e-07
 Reference value :  2.82828e-07
 Reference value :  2.82866e-07
 Reference value :  2.82911e-07
 Reference value :  2.83058e-07
 Reference value :  2.84183e-07
 Reference value :  2.84236e-07
 Reference value :  2.84280e-07
 Reference value :  2.85335e-07
 Reference value :  2.86949e-07
 Reference value :  2.88220e-07
 Reference value :  2.88270e-07
 Reference value :  2.88308e-07
 Reference value :  2.88981e-07
 Reference value :  2.89589e-07
 Reference value :  2.89642e-07
 Reference value :  2.89716e-07
 Reference value :  2.90910e-07
 Reference value :  2.90960e-07
 Reference value :  2.91000e-07
 Reference value :  2.91543e-07
 Reference value :  2.93276e-07
 Reference value :  2.93632e-07
 Reference value :  2.93683e-07
 Reference value :  2.93784e-07
 Reference value :  2.95329e-07
 Reference value :  2.96315e-07
 Reference value :  2.96367e-07
 Reference value :  2.96410e-07
 Reference value :  2.97502e-07
 Reference value :  2.99074e-07
 Reference value :  3.00342e-07
 Reference value :  3.00395e-07
 Reference value :  3.00432e-07
 Reference value :  3.01684e-07
 Reference value :  3.01728e-07
 Reference value :  3.01770e-07
 Reference value :  3.02265e-07
 Reference value :  3.03053e-07
 Reference value :  3.03110e-07
 Reference value :  3.03253e-07
 Reference value :  3.04393e-07
 Reference value :  3.04451e-07
 Reference value :  3.04515e-07
 Reference value :  3.05724e-07
 Reference value :  3.05783e-07
 Reference value :  3.05837e-07
 Reference value :  3.07099e-07
 Reference value :  3.08424e-07
 Reference value :  3.08482e-07
 Reference value :  3.08528e-07
 Reference value :  3.09768e-07
 Reference value :  3.11691e-07
 Reference value :  3.13718e-07
 Reference value :  3.15152e-07
 Reference value :  3.15214e-07
 Reference value :  3.15267e-07
 Reference value :  3.16499e-07
 Reference value :  3.16555e-07
 Reference value :  3.16601e-07
 Reference value :  3.17845e-07
 Reference value :  3.17902e-07
 Reference value :  3.17963e-07
 Reference value :  3.19272e-07
 Reference value :  3.21079e-07
 Reference value :  3.23066e-07
 Reference value :  3.23270e-07
 Reference value :  3.23318e-07
 Reference value :  3.23718e-07
 Reference value :  3.25679e-07
 Reference value :  3.27273e-07
 Reference value :  3.27331e-07
 Reference value :  3.27379e-07
 Reference value :  3.28632e-07
 Reference value :  3.30466e-07
 Reference value :  3.31341e-07
 Reference value :  3.31393e-07
 Reference value :  3.31509e-07
 Reference value :  3.32672e-07
 Reference value :  3.32736e-07
 Reference value :  3.32819e-07
 Reference value :  3.34547e-07
 Reference value :  3.35383e-07
 Reference value :  3.35434e-07
 Reference value :  3.35687e-07
 Reference value :  3.36718e-07
 Reference value :  3.36774e-07
 Reference value :  3.36887e-07
 Reference value :  3.38387e-07
 Reference value :  3.39409e-07
 Reference value :  3.39474e-07
 Reference value :  3.39545e-07
 Reference value :  3.40881e-07
 Reference value :  3.42097e-07
 Reference value :  3.42155e-07
 Reference value :  3.42213e-07
 Reference value :  3.43434e-07
 Reference value :  3.43480e-07
 Reference value :  3.43528e-07
 Reference value :  3.44176e-07
 Reference value :  3.45921e-07
 Reference value :  3.46165e-07
 Reference value :  3.46209e-07
 Reference value :  3.46410e-07
 Reference value :  3.47486e-07
 Reference value :  3.47540e-07
 Reference value :  3.47575e-07
 Reference value :  3.48456e-07
 Reference value :  3.48853e-07
 Reference value :  3.48902e-07
 Reference value :  3.49031e-07
 Reference value :  3.50177e-07
 Reference value :  3.50233e-07
 Reference value :  3.50278e-07
 Reference value :  3.51569e-07
 Reference value :  3.52865e-07
 Reference value :  3.52920e-07
 Reference value :  3.52959e-07
 Reference value :  3.53838e-07
 Reference value :  3.54238e-07
 Reference value :  3.54289e-07
 Reference value :  3.54357e-07
 Reference value :  3.55664e-07
 Reference value :  3.57402e-07
 Reference value :  3.59149e-07
 Reference value :  3.59627e-07
 Reference value :  3.59676e-07
 Reference value :  3.59786e-07
 Reference value :  3.60948e-07
 Reference value :  3.61000e-07
 Reference value :  3.61039e-07
 Reference value :  3.61804e-07
 Reference value :  3.63550e-07
 Reference value :  3.63673e-07
 Reference value :  3.63717e-07
 Reference value :  3.63861e-07
 Reference value :  3.65523e-07
 Reference value :  3.67270e-07
 Reference value :  3.67706e-07
 Reference value :  3.67757e-07
 Reference value :  3.67882e-07
 Reference value :  3.69524e-07
 Reference value :  3.70388e-07
 Reference value :  3.70443e-07
 Reference value :  3.70503e-07
 Reference value :  3.71717e-07
 Reference value :  3.71761e-07
 Reference value :  3.71802e-07
 Reference value :  3.72099e-07
 Reference value :  3.73082e-07
 Reference value :  3.73141e-07
 Reference value :  3.73321e-07
 Reference value :  3.75111e-07
 Reference value :  3.75783e-07
 Reference value :  3.75833e-07
 Reference value :  3.75885e-07
 Reference value :  3.77104e-07
 Reference value :  3.77146e-07
 Reference value :  3.77188e-07
 Reference value :  3.77545e-07
 Reference value :  3.78473e-07
 Reference value :  3.78525e-07
 Reference value :  3.78578e-07
 Reference value :  3.79826e-07
 Reference value :  3.81445e-07
 Reference value :  3.82503e-07
 Reference value :  3.82557e-07
 Reference value :  3.82604e-07
 Reference value :  3.83748e-07
 Reference value :  3.83874e-07
 Reference value :  3.83919e-07
 Reference value :  3.84014e-07
 Reference value :  3.85525e-07
 Reference value :  3.87272e-07
 Reference value :  3.87902e-07
 Reference value :  3.87954e-07
 Reference value :  3.88016e-07
 Reference value :  3.89310e-07
 Reference value :  3.90578e-07
 Reference value :  3.90629e-07
 Reference value :  3.90668e-07
 Reference value :  3.91418e-07
 Reference value :  3.93219e-07
 Reference value :  3.93303e-07
 Reference value :  3.93347e-07
 Reference value :  3.93548e-07
 Reference value :  3.95233e-07
 Reference value :  3.95984e-07
 Reference value :  3.96033e-07
 Reference value :  3.96087e-07
 Reference value :  3.97306e-07
 Reference value :  3.97347e-07
 Reference value :  3.97390e-07
 Reference value :  3.97707e-07
 Reference value :  3.98673e-07
 Reference value :  3.98726e-07
 Reference value :  3.98769e-07
 Reference value :  3.99964e-07
 Reference value :  4.00037e-07
 Reference value :  4.00082e-07
 Reference value :  4.00299e-07
 Reference value :  4.01361e-07
 Reference value :  4.01417e-07
 Reference value :  4.01456e-07
 Reference value :  4.02501e-07
 Reference value :  4.02729e-07
 Reference value :  4.02776e-07
 Reference value :  4.03057e-07
 Reference value :  4.04040e-07
 Reference value :  4.04040e-07
 Reference value :  4.04040e-07
 Reference value :  4.04040e-07
No. of Data Rows : 38128
m_ui_ref            =  1.34680e-09 targ=  2.73360e-09 trig=  1.38680e-09
m_height_c0_0 = -8.482710891e-01
m_height_c0_1 = 1.0114557973e+00
m_height_c0_2 = 1.0114557965e+00
m_height_c0_3 = 1.0114557961e+00
m_height_c0_4 = 1.0114557958e+00
m_height_c0_5 = 1.0114557956e+00
m_height_c0_6 = 1.0114557954e+00
m_height_c0_7 = 1.0114557953e+00
m_eyeh_max_c0 = 1.0114557973e+00
m_eyemask_margin_c0 = 1.0114557954e+00
m_height_c1_0 = -9.756468015e-01
m_height_c1_1 = 8.8397639910e-01
m_height_c1_2 = 1.0093232648e+00
m_height_c1_3 = 1.0114557962e+00
m_height_c1_4 = 1.0114557959e+00
m_height_c1_5 = 1.0114557956e+00
m_height_c1_6 = 1.0114557955e+00
m_height_c1_7 = 1.0114557954e+00
m_eyeh_max_c1 = 1.0114557962e+00
m_eyemask_margin_c1 = 1.0093232648e+00
m_height_c2_0 = -9.918058437e-01
m_height_c2_1 = 5.3153234058e-01
m_height_c2_2 = 9.1600521633e-01
m_height_c2_3 = 9.9506369449e-01
m_height_c2_4 = 1.0097215980e+00
m_height_c2_5 = 1.0112999528e+00
m_height_c2_6 = 1.0114557955e+00
m_height_c2_7 = 1.0114557954e+00
m_eyeh_max_c2 = 1.0114557955e+00
m_eyemask_margin_c2 = 9.1600521633e-01

Warning: m=xx on .subckt line will override multiplier m hierarchy!

Warning: diode_nd2ps_06v0: IKR too small - model effect disabled!
doAnalyses: TRAN:  Timestep too small; time = 4.0404e-07, timestep = 5e-23: trouble with node "vinn#branch"


tran simulation(s) aborted
Error: incomplete or empty netlist
       or no ".plot", ".print", or ".fourier" lines in batch mode;
no simulations run!
