
Note: Compatibility modes selected: hs a


Circuit: * cml-driver-eye-mask @ tt_-40c_3.30v_742p5mbps -- generated by sim/harness, do not edit

Doing analysis at TEMP = -40.000000 and TNOM = 27.000000

Using SPARSE 1.3 as Direct Linear Solver

Initial Transient Solution
--------------------------

Node                                   Voltage
----                                   -------
avcc                                       3.3
inp                                      2.805
inn                                      1.815
inref                                     0.99
comb1_0                                      0
comb0_0                                      0
comb1_1                                      0
comb0_1                                      0
comb1_2                                      0
comb0_2                                      0
comb1_3                                      0
comb0_3                                      0
comb1_4                                      0
comb0_4                                      0
comb1_5                                      0
comb0_5                                      0
comb1_6                                      0
comb0_6                                      0
comb1_7                                      0
comb0_7                                      0
xc0.xcore.tail__t186                    1.3596
xc0.xcore.ibias__t118                  1.13263
xc0.xcore.vss__t163                5.35266e-06
xc0.xcore.vss__t349                2.07124e-13
xc0.xcore.vss__t60                 5.15569e-06
xc0.xcore.ibias__t117                  1.13263
xc0.xcore.tail__t286                    1.3596
xc0.xcore.vss__t350                1.99502e-13
xc0.xcore.tail__t197                    1.3596
xc0.xcore.ibias__t140                  1.13263
xc0.xcore.vss__t174                4.95913e-06
xc0.xcore.vss__t351                1.91897e-13
xc0.xcore.vss__t68                 4.76303e-06
xc0.xcore.ibias__t133                  1.13263
xc0.xcore.tail__t294                    1.3596
xc0.xcore.vss__t352                1.84309e-13
xc0.xcore.tail__t193                    1.3596
xc0.xcore.ibias__t132                  1.13263
xc0.xcore.vss__t170                4.56746e-06
xc0.xcore.vss__t353                1.76741e-13
xc0.xcore.vss__t67                 4.37247e-06
xc0.xcore.ibias__t131                  1.13263
xc0.xcore.tail__t293                    1.3596
xc0.xcore.vss__t354                1.69196e-13
xc0.xcore.tail__t192                    1.3596
xc0.xcore.ibias__t130                  1.13263
xc0.xcore.vss__t169                4.17816e-06
xc0.xcore.vss__t355                1.61678e-13
xc0.xcore.vss__t74                 3.98462e-06
xc0.xcore.ibias__t145                  1.13263
xc0.xcore.tail__t300                    1.3596
xc0.xcore.vss__t356                1.54189e-13
xc0.xcore.tail__t191                    1.3596
xc0.xcore.ibias__t128                  1.13263
xc0.xcore.vss__t168                3.79197e-06
xc0.xcore.vss__t357                1.46734e-13
xc0.xcore.vss__t65                 3.60036e-06
xc0.xcore.ibias__t127                  1.13263
xc0.xcore.tail__t291                    1.3596
xc0.xcore.vss__t358                 1.3932e-13
xc0.xcore.tail__t190                    1.3596
xc0.xcore.ibias__t126                  1.13263
xc0.xcore.vss__t167                3.40995e-06
xc0.xcore.vss__t359                1.31952e-13
xc0.xcore.vss__t64                 3.22097e-06
xc0.xcore.ibias__t125                  1.13263
xc0.xcore.tail__t290                    1.3596
xc0.xcore.vss__t360                1.24639e-13
xc0.xcore.tail__t189                    1.3596
xc0.xcore.ibias__t124                  1.13263
xc0.xcore.vss__t166                3.03368e-06
xc0.xcore.vss__t361                1.17392e-13
xc0.xcore.vss__t63                  2.8484e-06
xc0.xcore.ibias__t123                  1.13263
xc0.xcore.tail__t289                    1.3596
xc0.xcore.vss__t362                1.10222e-13
xc0.xcore.tail__t188                    1.3596
xc0.xcore.ibias__t122                  1.13263
xc0.xcore.vss__t165                2.66557e-06
xc0.xcore.vss__t363                1.03148e-13
xc0.xcore.vss__t62                 2.48573e-06
xc0.xcore.ibias__t121                  1.13263
xc0.xcore.tail__t288                    1.3596
xc0.xcore.vss__t364                9.61886e-14
xc0.xcore.tail__t187                    1.3596
xc0.xcore.ibias__t120                  1.13263
xc0.xcore.vss__t164                2.30956e-06
xc0.xcore.vss__t365                8.93717e-14
xc0.xcore.vss__t26                 2.13798e-06
xc0.xcore.ibias__t0                    1.13263
xc0.xcore.tail__t252                    1.3596
xc0.xcore.vss__t366                8.27324e-14
xc0.xcore.tail__t175                    1.3596
xc0.xcore.ibias__t97                   1.13263
xc0.xcore.vss__t152                 1.9722e-06
xc0.xcore.vss__t367                7.63172e-14
xc0.xcore.vss__t42                 1.81379e-06
xc0.xcore.ibias__t78                   1.13263
xc0.xcore.tail__t268                    1.3596
xc0.xcore.vss__t368                7.01873e-14
xc0.xcore.tail__t164                    1.3596
xc0.xcore.ibias__t77                   1.13263
xc0.xcore.vss__t141                1.66486e-06
xc0.xcore.vss__t369                6.44244e-14
xc0.xcore.vss__t37                 1.52819e-06
xc0.xcore.ibias__t70                   1.13263
xc0.xcore.tail__t263                    1.3596
xc0.xcore.vss__t370                 5.9136e-14
xc0.xcore.tail__t167                   1.35961
xc0.xcore.ibias__t82                   1.13263
xc0.xcore.vss__t144                1.40736e-06
xc0.xcore.vss__t371                5.44602e-14
xc0.xcore.vss__t39                 1.30676e-06
xc0.xcore.ibias__t72                   1.13263
xc0.xcore.tail__t265                   1.35961
xc0.xcore.vss__t372                5.05676e-14
xc0.xcore.tail__t162                   1.35961
xc0.xcore.ibias__t73                   1.13263
xc0.xcore.vss__t139                1.23137e-06
xc0.xcore.vss__t373                4.76503e-14
xc0.xcore.vss__t40                   1.186e-06
xc0.xcore.ibias__t74                   1.13263
xc0.xcore.tail__t266                   1.35961
xc0.xcore.vss__t374                4.58947e-14
xc0.xcore.tail__t163                   1.35961
xc0.xcore.ibias__t75                   1.13263
xc0.xcore.vss__t140                1.17414e-06
xc0.xcore.vss__t375                4.54359e-14
xc0.xcore.vss__t41                 1.19679e-06
xc0.xcore.ibias__t76                   1.13263
xc0.xcore.tail__t267                   1.35961
xc0.xcore.vss__t376                4.63122e-14
xc0.xcore.tail__t129                   1.35961
xc0.xcore.ibias__t9                    1.13263
xc0.xcore.vss__t107                1.25206e-06
xc0.xcore.vss__t377                4.84514e-14
xc0.xcore.vss__t6                  1.33593e-06
xc0.xcore.ibias__t8                    1.13263
xc0.xcore.tail__t232                   1.35961
xc0.xcore.vss__t378                5.16969e-14
xc0.xcore.tail__t128                   1.35961
xc0.xcore.ibias__t7                    1.13263
xc0.xcore.vss__t106                1.44341e-06
xc0.xcore.vss__t379                5.58562e-14
xc0.xcore.vss__t5                  1.56966e-06
xc0.xcore.ibias__t6                    1.13263
xc0.xcore.tail__t231                   1.35961
xc0.xcore.vss__t380                6.07419e-14
xc0.xcore.tail__t141                   1.35961
xc0.xcore.ibias__t31                   1.13263
xc0.xcore.vss__t119                1.71053e-06
xc0.xcore.vss__t381                6.61934e-14
xc0.xcore.vss__t4                   1.8627e-06
xc0.xcore.ibias__t5                    1.13263
xc0.xcore.tail__t230                   1.35961
xc0.xcore.vss__t382                7.20824e-14
xc0.xcore.tail__t158                   1.35961
xc0.xcore.ibias__t62                   1.13263
xc0.xcore.vss__t135                2.02364e-06
xc0.xcore.vss__t383                7.83103e-14
xc0.xcore.vss__t33                 2.19139e-06
xc0.xcore.ibias__t63                   1.13263
xc0.xcore.tail__t259                   1.35961
xc0.xcore.vss__t384                8.48024e-14
xc0.xcore.tail__t159                   1.35961
xc0.xcore.ibias__t64                   1.13263
xc0.xcore.vss__t136                2.36453e-06
xc0.xcore.vss__t385                9.15026e-14
xc0.xcore.vss__t34                 2.54194e-06
xc0.xcore.ibias__t65                   1.13263
xc0.xcore.tail__t260                   1.35961
xc0.xcore.vss__t386                9.83683e-14
xc0.xcore.tail__t160                   1.35961
xc0.xcore.ibias__t66                   1.13263
xc0.xcore.vss__t137                2.72279e-06
xc0.xcore.vss__t387                1.05367e-13
xc0.xcore.vss__t35                 2.90644e-06
xc0.xcore.ibias__t67                   1.13263
xc0.xcore.tail__t261                   1.35961
xc0.xcore.vss__t388                1.12475e-13
xc0.xcore.tail__t161                   1.35961
xc0.xcore.ibias__t68                   1.13263
xc0.xcore.vss__t138                3.09239e-06
xc0.xcore.vss__t389                1.19671e-13
xc0.xcore.vss__t36                 3.28025e-06
xc0.xcore.ibias__t69                   1.13263
xc0.xcore.tail__t262                   1.35961
xc0.xcore.vss__t390                1.26941e-13
xc0.xcore.tail__t130                   1.35961
xc0.xcore.ibias__t10                   1.13263
xc0.xcore.vss__t108                 3.4697e-06
xc0.xcore.vss__t391                1.34273e-13
xc0.xcore.vss__t13                 3.66051e-06
xc0.xcore.ibias__t23                   1.13263
xc0.xcore.tail__t239                   1.35961
xc0.xcore.vss__t392                1.41657e-13
xc0.xcore.tail__t137                   1.35961
xc0.xcore.ibias__t24                   1.13263
xc0.xcore.vss__t115                3.85247e-06
xc0.xcore.vss__t393                1.49086e-13
xc0.xcore.vss__t14                 4.04541e-06
xc0.xcore.ibias__t25                   1.13263
xc0.xcore.tail__t240                   1.35961
xc0.xcore.vss__t394                1.56554e-13
xc0.xcore.tail__t138                   1.35961
xc0.xcore.ibias__t26                   1.13263
xc0.xcore.vss__t116                 4.2392e-06
xc0.xcore.vss__t395                1.64054e-13
xc0.xcore.vss__t15                 4.43374e-06
xc0.xcore.ibias__t27                   1.13263
xc0.xcore.tail__t241                   1.35961
xc0.xcore.vss__t396                1.71582e-13
xc0.xcore.tail__t139                   1.35961
xc0.xcore.ibias__t28                   1.13263
xc0.xcore.vss__t117                4.62892e-06
xc0.xcore.vss__t397                1.79136e-13
xc0.xcore.vss__t16                 4.82466e-06
xc0.xcore.ibias__t29                   1.13263
xc0.xcore.tail__t242                   1.35961
xc0.xcore.vss__t398                1.86712e-13
xc0.xcore.tail__t140                   1.35961
xc0.xcore.ibias__t30                   1.13263
xc0.xcore.vss__t118                5.02091e-06
xc0.xcore.vss__t399                1.94307e-13
xc0.xcore.vss__t21                 5.21761e-06
xc0.xcore.ibias__t41                   1.13263
xc0.xcore.tail__t247                   1.35961
xc0.xcore.vss__t400                2.01919e-13
xc0.xcore.tail__t142                   1.35961
xc0.xcore.ibias__t32                   1.13263
xc0.xcore.vss__t120                5.41469e-06
xc0.xcore.vss__t401                2.09546e-13
xc0.xcore.vss__t17                 5.61214e-06
xc0.xcore.ibias__t33                   1.13263
xc0.xcore.tail__t243                   1.35961
xc0.xcore.vss__t402                2.17187e-13
xc0.xcore.tail__t143                   1.35961
xc0.xcore.ibias__t34                   1.13263
xc0.xcore.vss__t121                 5.8099e-06
xc0.xcore.vss__t403                 2.2484e-13
xc0.xcore.vss__t18                 6.00795e-06
xc0.xcore.ibias__t35                   1.13263
xc0.xcore.tail__t244                   1.35961
xc0.xcore.vss__t404                2.32504e-13
xc0.xcore.tail__t144                   1.35961
xc0.xcore.ibias__t36                   1.13263
xc0.xcore.vss__t122                6.20625e-06
xc0.xcore.vss__t405                2.40178e-13
xc0.xcore.vss__t19                  6.4048e-06
xc0.xcore.ibias__t37                   1.13263
xc0.xcore.tail__t245                   1.35961
xc0.xcore.vss__t406                2.47861e-13
xc0.xcore.tail__t145                   1.35961
xc0.xcore.ibias__t38                   1.13263
xc0.xcore.vss__t123                6.60355e-06
xc0.xcore.vss__t407                2.55553e-13
xc0.xcore.vss__t20                  6.8025e-06
xc0.xcore.ibias__t39                   1.13263
xc0.xcore.tail__t246                   1.35961
xc0.xcore.vss__t408                2.63251e-13
xc0.xcore.tail__t146                   1.35961
xc0.xcore.ibias__t40                   1.13263
xc0.xcore.vss__t124                7.00163e-06
xc0.xcore.vss__t409                2.70957e-13
xc0.xcore.vss__t8                  7.20093e-06
xc0.xcore.ibias__t12                   1.13263
xc0.xcore.tail__t234                   1.35961
xc0.xcore.vss__t410                2.78669e-13
xc0.xcore.tail__t135                   1.35961
xc0.xcore.ibias__t21                   1.13263
xc0.xcore.vss__t113                7.40037e-06
xc0.xcore.vss__t411                2.86387e-13
xc0.xcore.vss__t9                  7.59995e-06
xc0.xcore.ibias__t13                   1.13263
xc0.xcore.tail__t235                   1.35961
xc0.xcore.vss__t412                2.94111e-13
xc0.xcore.tail__t131                   1.35961
xc0.xcore.ibias__t14                   1.13263
xc0.xcore.vss__t109                7.79966e-06
xc0.xcore.vss__t413                3.01839e-13
xc0.xcore.vss__t10                 7.99949e-06
xc0.xcore.ibias__t15                   1.13263
xc0.xcore.tail__t236                   1.35961
xc0.xcore.vss__t414                3.09571e-13
xc0.xcore.tail__t134                   1.35961
xc0.xcore.ibias__t20                   1.13263
xc0.xcore.vss__t112                8.19942e-06
xc0.xcore.vss__t415                3.17308e-13
xc0.xcore.vss__t12                 8.39946e-06
xc0.xcore.ibias__t19                   1.13263
xc0.xcore.tail__t238                   1.35961
xc0.xcore.vss__t416                3.25049e-13
xc0.xcore.tail__t133                   1.35961
xc0.xcore.ibias__t18                   1.13263
xc0.xcore.vss__t111                8.59959e-06
xc0.xcore.vss__t417                3.32794e-13
xc0.xcore.vss__t11                 8.79982e-06
xc0.xcore.ibias__t17                   1.13263
xc0.xcore.tail__t237                   1.35961
xc0.xcore.vss__t418                3.40541e-13
xc0.xcore.tail__t132                   1.35961
xc0.xcore.ibias__t16                   1.13263
xc0.xcore.vss__t110                9.00012e-06
xc0.xcore.vss__t419                3.48292e-13
xc0.xcore.vss__t7                   9.2005e-06
xc0.xcore.ibias__t11                   1.13263
xc0.xcore.tail__t233                   1.35961
xc0.xcore.vss__t420                3.56046e-13
xc0.xcore.tail__t136                   1.35961
xc0.xcore.ibias__t22                   1.13263
xc0.xcore.vss__t114                9.40095e-06
xc0.xcore.vss__t421                3.63803e-13
xc0.xcore.vss__t23                 9.60147e-06
xc0.xcore.ibias__t45                   1.13263
xc0.xcore.tail__t249                   1.35961
xc0.xcore.vss__t422                3.71562e-13
xc0.xcore.tail__t150                   1.35961
xc0.xcore.ibias__t46                   1.13263
xc0.xcore.vss__t127                9.80205e-06
xc0.xcore.vss__t423                3.79324e-13
xc0.xcore.vss__t24                 1.00027e-05
xc0.xcore.ibias__t47                   1.13263
xc0.xcore.tail__t250                   1.35961
xc0.xcore.vss__t424                3.87088e-13
xc0.xcore.tail__t151                   1.35961
xc0.xcore.ibias__t48                   1.13263
xc0.xcore.vss__t128                1.02034e-05
xc0.xcore.vss__t425                3.94854e-13
xc0.xcore.vss__t25                 1.04041e-05
xc0.xcore.ibias__t49                   1.13263
xc0.xcore.tail__t251                   1.35961
xc0.xcore.vss__t426                4.02622e-13
xc0.xcore.tail__t152                   1.35961
xc0.xcore.ibias__t50                   1.13263
xc0.xcore.vss__t129                1.06049e-05
xc0.xcore.vss__t427                4.10392e-13
xc0.xcore.vss__t32                 1.08058e-05
xc0.xcore.ibias__t61                   1.13263
xc0.xcore.tail__t258                   1.35961
xc0.xcore.vss__t428                4.18164e-13
xc0.xcore.tail__t153                    1.3596
xc0.xcore.ibias__t51                   1.13263
xc0.xcore.vss__t130                1.10067e-05
xc0.xcore.vss__t429                4.25938e-13
xc0.xcore.vss__t27                 1.12076e-05
xc0.xcore.ibias__t52                   1.13263
xc0.xcore.tail__t253                    1.3596
xc0.xcore.vss__t430                4.33713e-13
xc0.xcore.tail__t154                    1.3596
xc0.xcore.ibias__t53                   1.13263
xc0.xcore.vss__t131                1.14086e-05
xc0.xcore.vss__t431                4.41489e-13
xc0.xcore.vss__t28                 1.16096e-05
xc0.xcore.ibias__t54                   1.13263
xc0.xcore.tail__t254                    1.3596
xc0.xcore.vss__t432                4.49267e-13
xc0.xcore.tail__t155                    1.3596
xc0.xcore.ibias__t55                   1.13263
xc0.xcore.vss__t132                1.18106e-05
xc0.xcore.vss__t433                4.57047e-13
xc0.xcore.vss__t29                 1.20117e-05
xc0.xcore.ibias__t56                   1.13263
xc0.xcore.tail__t255                    1.3596
xc0.xcore.vss__t434                4.64827e-13
xc0.xcore.tail__t156                    1.3596
xc0.xcore.ibias__t57                   1.13263
xc0.xcore.vss__t133                1.22128e-05
xc0.xcore.vss__t435                4.72609e-13
xc0.xcore.vss__t30                 1.24139e-05
xc0.xcore.ibias__t58                   1.13263
xc0.xcore.tail__t256                    1.3596
xc0.xcore.vss__t436                4.80392e-13
xc0.xcore.tail__t157                    1.3596
xc0.xcore.ibias__t59                   1.13263
xc0.xcore.vss__t134                1.26151e-05
xc0.xcore.vss__t437                4.88176e-13
xc0.xcore.vss__t31                 1.28163e-05
xc0.xcore.ibias__t60                   1.13263
xc0.xcore.tail__t257                    1.3596
xc0.xcore.vss__t438                4.95962e-13
xc0.xcore.tail__t211                    1.3596
xc0.xcore.ibias__t176                  1.13263
xc0.xcore.vss__t193                1.30175e-05
xc0.xcore.vss__t439                5.03748e-13
xc0.xcore.vss__t88                 1.32188e-05
xc0.xcore.ibias__t175                  1.13263
xc0.xcore.tail__t311                    1.3596
xc0.xcore.vss__t440                5.11535e-13
xc0.xcore.tail__t165                    1.3596
xc0.xcore.ibias__t79                   1.13263
xc0.xcore.vss__t142                  1.342e-05
xc0.xcore.vss__t441                5.19323e-13
xc0.xcore.vss__t43                 1.36213e-05
xc0.xcore.ibias__t80                   1.13263
xc0.xcore.tail__t269                    1.3596
xc0.xcore.vss__t442                5.27112e-13
xc0.xcore.tail__t166                    1.3596
xc0.xcore.ibias__t81                   1.13263
xc0.xcore.vss__t143                1.38227e-05
xc0.xcore.vss__t443                5.34901e-13
xc0.xcore.vss__t38                  1.4024e-05
xc0.xcore.ibias__t71                   1.13263
xc0.xcore.tail__t264                    1.3596
xc0.xcore.vss__t444                5.42692e-13
xc0.xcore.tail__t147                    1.3596
xc0.xcore.ibias__t42                   1.13263
xc0.xcore.vss__t125                1.42253e-05
xc0.xcore.vss__t445                5.50483e-13
xc0.xcore.vss__t22                 1.44267e-05
xc0.xcore.ibias__t43                   1.13263
xc0.xcore.tail__t248                    1.3596
xc0.xcore.vss__t446                5.58275e-13
xc0.xcore.tail__t148                    1.3596
xc0.xcore.ibias__t44                   1.13263
xc0.xcore.vss__t126                1.46281e-05
xc0.xcore.vss__t447                5.66068e-13
xc0.xcore.vss__t0                  1.48295e-05
xc0.xcore.ibias__t1                    1.13263
xc0.xcore.tail__t149                    1.3596
xc0.xcore.vss__t456                5.73861e-13
xc0.xcore.tail__t229                   1.35956
xc0.xcore.ibias__t2                    1.13263
xc0.xcore.vss__t1                  2.54546e-05
xc0.xcore.vss__t458                 9.8485e-13
xc0.xcore.vss__t189                2.52528e-05
xc0.xcore.ibias__t170                  1.13263
xc0.xcore.tail__t228                   1.35957
xc0.xcore.vss__t250                9.77044e-13
xc0.xcore.tail__t209                   1.35957
xc0.xcore.ibias__t169                  1.13263
xc0.xcore.vss__t188                 2.5051e-05
xc0.xcore.vss__t251                9.69237e-13
xc0.xcore.vss__t86                 2.48492e-05
xc0.xcore.ibias__t168                  1.13263
xc0.xcore.tail__t309                   1.35957
xc0.xcore.vss__t252                 9.6143e-13
xc0.xcore.tail__t208                   1.35957
xc0.xcore.ibias__t167                  1.13263
xc0.xcore.vss__t187                2.46474e-05
xc0.xcore.vss__t253                9.53624e-13
xc0.xcore.vss__t85                 2.44456e-05
xc0.xcore.ibias__t166                  1.13263
xc0.xcore.tail__t308                   1.35957
xc0.xcore.vss__t254                9.45817e-13
xc0.xcore.tail__t207                   1.35957
xc0.xcore.ibias__t165                  1.13263
xc0.xcore.vss__t186                2.42438e-05
xc0.xcore.vss__t255                9.38011e-13
xc0.xcore.vss__t84                  2.4042e-05
xc0.xcore.ibias__t164                  1.13263
xc0.xcore.tail__t307                   1.35957
xc0.xcore.vss__t256                9.30205e-13
xc0.xcore.tail__t210                   1.35957
xc0.xcore.ibias__t173                  1.13263
xc0.xcore.vss__t191                2.38402e-05
xc0.xcore.vss__t257                9.22399e-13
xc0.xcore.vss__t87                 2.36384e-05
xc0.xcore.ibias__t172                  1.13263
xc0.xcore.tail__t310                   1.35957
xc0.xcore.vss__t258                9.14593e-13
xc0.xcore.tail__t219                   1.35957
xc0.xcore.ibias__t195                  1.13263
xc0.xcore.vss__t201                2.34366e-05
xc0.xcore.vss__t259                9.06787e-13
xc0.xcore.vss__t99                 2.32349e-05
xc0.xcore.ibias__t194                  1.13263
xc0.xcore.tail__t321                   1.35957
xc0.xcore.vss__t260                8.98981e-13
xc0.xcore.tail__t227                   1.35957
xc0.xcore.ibias__t209                  1.13263
xc0.xcore.vss__t209                2.30331e-05
xc0.xcore.vss__t261                8.91176e-13
xc0.xcore.vss__t97                 2.28313e-05
xc0.xcore.ibias__t192                  1.13263
xc0.xcore.tail__t319                   1.35957
xc0.xcore.vss__t262                 8.8337e-13
xc0.xcore.tail__t218                   1.35957
xc0.xcore.ibias__t191                  1.13263
xc0.xcore.vss__t200                2.26296e-05
xc0.xcore.vss__t263                8.75565e-13
xc0.xcore.vss__t96                 2.24278e-05
xc0.xcore.ibias__t190                  1.13263
xc0.xcore.tail__t318                   1.35957
xc0.xcore.vss__t264                 8.6776e-13
xc0.xcore.tail__t217                   1.35957
xc0.xcore.ibias__t189                  1.13263
xc0.xcore.vss__t199                2.22261e-05
xc0.xcore.vss__t265                8.59955e-13
xc0.xcore.vss__t95                 2.20243e-05
xc0.xcore.ibias__t188                  1.13263
xc0.xcore.tail__t317                   1.35957
xc0.xcore.vss__t266                 8.5215e-13
xc0.xcore.tail__t216                   1.35957
xc0.xcore.ibias__t187                  1.13263
xc0.xcore.vss__t198                2.18226e-05
xc0.xcore.vss__t267                8.44345e-13
xc0.xcore.vss__t94                 2.16208e-05
xc0.xcore.ibias__t186                  1.13263
xc0.xcore.tail__t316                   1.35957
xc0.xcore.vss__t268                8.36541e-13
xc0.xcore.tail__t215                   1.35957
xc0.xcore.ibias__t185                  1.13263
xc0.xcore.vss__t197                2.14191e-05
xc0.xcore.vss__t269                8.28736e-13
xc0.xcore.vss__t93                 2.12174e-05
xc0.xcore.ibias__t184                  1.13263
xc0.xcore.tail__t315                   1.35957
xc0.xcore.vss__t270                8.20932e-13
xc0.xcore.tail__t214                   1.35957
xc0.xcore.ibias__t183                  1.13263
xc0.xcore.vss__t196                2.10156e-05
xc0.xcore.vss__t271                8.13128e-13
xc0.xcore.vss__t92                 2.08139e-05
xc0.xcore.ibias__t182                  1.13263
xc0.xcore.tail__t314                   1.35957
xc0.xcore.vss__t272                8.05325e-13
xc0.xcore.tail__t213                   1.35957
xc0.xcore.ibias__t181                  1.13263
xc0.xcore.vss__t195                2.06122e-05
xc0.xcore.vss__t273                7.97521e-13
xc0.xcore.vss__t91                 2.04105e-05
xc0.xcore.ibias__t180                  1.13263
xc0.xcore.tail__t313                   1.35957
xc0.xcore.vss__t274                7.89718e-13
xc0.xcore.tail__t212                   1.35957
xc0.xcore.ibias__t179                  1.13263
xc0.xcore.vss__t194                2.02088e-05
xc0.xcore.vss__t275                7.81915e-13
xc0.xcore.vss__t90                 2.00071e-05
xc0.xcore.ibias__t178                  1.13263
xc0.xcore.tail__t312                   1.35957
xc0.xcore.vss__t276                7.74112e-13
xc0.xcore.tail__t206                   1.35957
xc0.xcore.ibias__t161                  1.13263
xc0.xcore.vss__t184                1.98054e-05
xc0.xcore.vss__t277                7.66309e-13
xc0.xcore.vss__t57                 1.96037e-05
xc0.xcore.ibias__t112                  1.13263
xc0.xcore.tail__t283                   1.35957
xc0.xcore.vss__t278                7.58507e-13
xc0.xcore.tail__t183                   1.35957
xc0.xcore.ibias__t111                  1.13263
xc0.xcore.vss__t160                1.94021e-05
xc0.xcore.vss__t279                7.50704e-13
xc0.xcore.vss__t56                 1.92004e-05
xc0.xcore.ibias__t110                  1.13263
xc0.xcore.tail__t282                   1.35958
xc0.xcore.vss__t280                7.42902e-13
xc0.xcore.tail__t182                   1.35958
xc0.xcore.ibias__t109                  1.13263
xc0.xcore.vss__t159                1.89987e-05
xc0.xcore.vss__t281                7.35101e-13
xc0.xcore.vss__t55                 1.87971e-05
xc0.xcore.ibias__t108                  1.13263
xc0.xcore.tail__t281                   1.35958
xc0.xcore.vss__t282                7.27299e-13
xc0.xcore.tail__t181                   1.35958
xc0.xcore.ibias__t107                  1.13263
xc0.xcore.vss__t158                1.85954e-05
xc0.xcore.vss__t283                7.19498e-13
xc0.xcore.vss__t54                 1.83938e-05
xc0.xcore.ibias__t106                  1.13263
xc0.xcore.tail__t280                   1.35958
xc0.xcore.vss__t284                7.11697e-13
xc0.xcore.tail__t180                   1.35958
xc0.xcore.ibias__t105                  1.13263
xc0.xcore.vss__t157                1.81922e-05
xc0.xcore.vss__t285                7.03897e-13
xc0.xcore.vss__t53                 1.79905e-05
xc0.xcore.ibias__t104                  1.13263
xc0.xcore.tail__t279                   1.35958
xc0.xcore.vss__t286                6.96097e-13
xc0.xcore.tail__t205                   1.35958
xc0.xcore.ibias__t156                  1.13263
xc0.xcore.vss__t182                1.77889e-05
xc0.xcore.vss__t287                6.88297e-13
xc0.xcore.vss__t79                 1.75873e-05
xc0.xcore.ibias__t155                  1.13263
xc0.xcore.tail__t305                   1.35958
xc0.xcore.vss__t288                6.80497e-13
xc0.xcore.tail__t204                   1.35958
xc0.xcore.ibias__t154                  1.13263
xc0.xcore.vss__t181                1.73857e-05
xc0.xcore.vss__t289                6.72698e-13
xc0.xcore.vss__t78                 1.71842e-05
xc0.xcore.ibias__t153                  1.13263
xc0.xcore.tail__t304                   1.35958
xc0.xcore.vss__t290                  6.649e-13
xc0.xcore.tail__t203                   1.35958
xc0.xcore.ibias__t152                  1.13263
xc0.xcore.vss__t180                1.69826e-05
xc0.xcore.vss__t291                6.57101e-13
xc0.xcore.vss__t77                  1.6781e-05
xc0.xcore.ibias__t151                  1.13263
xc0.xcore.tail__t303                   1.35958
xc0.xcore.vss__t292                6.49303e-13
xc0.xcore.tail__t202                   1.35958
xc0.xcore.ibias__t150                  1.13263
xc0.xcore.vss__t179                1.65795e-05
xc0.xcore.vss__t293                6.41506e-13
xc0.xcore.vss__t76                  1.6378e-05
xc0.xcore.ibias__t149                  1.13263
xc0.xcore.tail__t302                   1.35958
xc0.xcore.vss__t294                6.33708e-13
xc0.xcore.tail__t201                   1.35958
xc0.xcore.ibias__t148                  1.13263
xc0.xcore.vss__t178                1.61764e-05
xc0.xcore.vss__t295                6.25912e-13
xc0.xcore.vss__t75                 1.59749e-05
xc0.xcore.ibias__t147                  1.13263
xc0.xcore.tail__t301                   1.35958
xc0.xcore.vss__t296                6.18116e-13
xc0.xcore.tail__t200                   1.35958
xc0.xcore.ibias__t146                  1.13263
xc0.xcore.vss__t177                1.57734e-05
xc0.xcore.vss__t297                 6.1032e-13
xc0.xcore.vss__t98                 1.55719e-05
xc0.xcore.ibias__t193                  1.13263
xc0.xcore.tail__t320                   1.35958
xc0.xcore.vss__t298                6.02525e-13
xc0.xcore.tail__t226                   1.35958
xc0.xcore.ibias__t208                  1.13263
xc0.xcore.vss__t208                1.53705e-05
xc0.xcore.vss__t299                 5.9473e-13
xc0.xcore.vss__t105                 1.5169e-05
xc0.xcore.ibias__t207                  1.13263
xc0.xcore.tail__t327                   1.35958
xc0.xcore.vss__t300                5.86936e-13
xc0.xcore.tail__t225                   1.35958
xc0.xcore.ibias__t206                  1.13263
xc0.xcore.vss__t207                1.49676e-05
xc0.xcore.vss__t301                5.79143e-13
xc0.xcore.vss__t104                1.47662e-05
xc0.xcore.ibias__t205                  1.13263
xc0.xcore.tail__t326                   1.35958
xc0.xcore.vss__t302                 5.7135e-13
xc0.xcore.tail__t224                   1.35958
xc0.xcore.ibias__t204                  1.13263
xc0.xcore.vss__t206                1.45648e-05
xc0.xcore.vss__t303                5.63557e-13
xc0.xcore.vss__t103                1.43634e-05
xc0.xcore.ibias__t203                  1.13263
xc0.xcore.tail__t325                   1.35958
xc0.xcore.vss__t304                5.55766e-13
xc0.xcore.tail__t223                   1.35958
xc0.xcore.ibias__t202                  1.13263
xc0.xcore.vss__t205                 1.4162e-05
xc0.xcore.vss__t305                5.47975e-13
xc0.xcore.vss__t102                1.39607e-05
xc0.xcore.ibias__t201                  1.13263
xc0.xcore.tail__t324                   1.35958
xc0.xcore.vss__t306                5.40185e-13
xc0.xcore.tail__t222                   1.35958
xc0.xcore.ibias__t200                  1.13263
xc0.xcore.vss__t204                1.37593e-05
xc0.xcore.vss__t307                5.32395e-13
xc0.xcore.vss__t101                 1.3558e-05
xc0.xcore.ibias__t199                  1.13263
xc0.xcore.tail__t323                   1.35958
xc0.xcore.vss__t308                5.24607e-13
xc0.xcore.tail__t221                   1.35958
xc0.xcore.ibias__t198                  1.13263
xc0.xcore.vss__t203                1.33567e-05
xc0.xcore.vss__t309                5.16819e-13
xc0.xcore.vss__t100                1.31555e-05
xc0.xcore.ibias__t197                  1.13263
xc0.xcore.tail__t322                   1.35959
xc0.xcore.vss__t310                5.09032e-13
xc0.xcore.tail__t220                   1.35959
xc0.xcore.ibias__t196                  1.13263
xc0.xcore.vss__t202                1.29542e-05
xc0.xcore.vss__t311                5.01246e-13
xc0.xcore.vss__t80                  1.2753e-05
xc0.xcore.ibias__t157                  1.13263
xc0.xcore.tail__t306                   1.35959
xc0.xcore.vss__t312                4.93461e-13
xc0.xcore.tail__t185                   1.35959
xc0.xcore.ibias__t116                  1.13263
xc0.xcore.vss__t162                1.25518e-05
xc0.xcore.vss__t313                4.85677e-13
xc0.xcore.vss__t59                 1.23507e-05
xc0.xcore.ibias__t115                  1.13263
xc0.xcore.tail__t285                   1.35959
xc0.xcore.vss__t314                4.77894e-13
xc0.xcore.tail__t184                   1.35959
xc0.xcore.ibias__t114                  1.13263
xc0.xcore.vss__t161                1.21495e-05
xc0.xcore.vss__t315                4.70112e-13
xc0.xcore.vss__t71                 1.19484e-05
xc0.xcore.ibias__t139                  1.13263
xc0.xcore.tail__t297                   1.35959
xc0.xcore.vss__t316                4.62331e-13
xc0.xcore.tail__t196                   1.35959
xc0.xcore.ibias__t138                  1.13263
xc0.xcore.vss__t173                1.17474e-05
xc0.xcore.vss__t317                4.54552e-13
xc0.xcore.vss__t70                 1.15463e-05
xc0.xcore.ibias__t137                  1.13263
xc0.xcore.tail__t296                   1.35959
xc0.xcore.vss__t318                4.46774e-13
xc0.xcore.tail__t195                   1.35959
xc0.xcore.ibias__t136                  1.13263
xc0.xcore.vss__t172                1.13453e-05
xc0.xcore.vss__t319                4.38997e-13
xc0.xcore.vss__t69                 1.11444e-05
xc0.xcore.ibias__t135                  1.13263
xc0.xcore.tail__t295                   1.35959
xc0.xcore.vss__t320                4.31222e-13
xc0.xcore.tail__t194                   1.35959
xc0.xcore.ibias__t134                  1.13263
xc0.xcore.vss__t171                1.09435e-05
xc0.xcore.vss__t321                4.23448e-13
xc0.xcore.vss__t61                 1.07426e-05
xc0.xcore.ibias__t119                  1.13263
xc0.xcore.tail__t287                   1.35959
xc0.xcore.vss__t322                4.15676e-13
xc0.xcore.tail__t179                   1.35959
xc0.xcore.ibias__t103                  1.13263
xc0.xcore.vss__t156                1.05418e-05
xc0.xcore.vss__t323                4.07905e-13
xc0.xcore.vss__t48                  1.0341e-05
xc0.xcore.ibias__t92                   1.13263
xc0.xcore.tail__t274                   1.35959
xc0.xcore.vss__t324                4.00137e-13
xc0.xcore.tail__t178                   1.35959
xc0.xcore.ibias__t102                  1.13263
xc0.xcore.vss__t155                1.01402e-05
xc0.xcore.vss__t325                 3.9237e-13
xc0.xcore.vss__t52                 9.93957e-06
xc0.xcore.ibias__t101                  1.13263
xc0.xcore.tail__t278                   1.35959
xc0.xcore.vss__t326                3.84605e-13
xc0.xcore.tail__t177                   1.35959
xc0.xcore.ibias__t100                  1.13263
xc0.xcore.vss__t154                9.73894e-06
xc0.xcore.vss__t327                3.76843e-13
xc0.xcore.vss__t51                 9.53838e-06
xc0.xcore.ibias__t99                   1.13263
xc0.xcore.tail__t277                   1.35959
xc0.xcore.vss__t328                3.69083e-13
xc0.xcore.tail__t176                   1.35959
xc0.xcore.ibias__t98                   1.13263
xc0.xcore.vss__t153                9.33788e-06
xc0.xcore.vss__t329                3.61325e-13
xc0.xcore.vss__t58                 9.13745e-06
xc0.xcore.ibias__t113                  1.13263
xc0.xcore.tail__t284                   1.35959
xc0.xcore.vss__t330                 3.5357e-13
xc0.xcore.tail__t174                   1.35959
xc0.xcore.ibias__t96                   1.13263
xc0.xcore.vss__t151                 8.9371e-06
xc0.xcore.vss__t331                3.45818e-13
xc0.xcore.vss__t50                 8.73682e-06
xc0.xcore.ibias__t95                   1.13263
xc0.xcore.tail__t276                   1.35959
xc0.xcore.vss__t332                3.38069e-13
xc0.xcore.tail__t173                   1.35959
xc0.xcore.ibias__t94                   1.13263
xc0.xcore.vss__t150                8.53663e-06
xc0.xcore.vss__t333                3.30323e-13
xc0.xcore.vss__t49                 8.33652e-06
xc0.xcore.ibias__t93                   1.13263
xc0.xcore.tail__t275                   1.35959
xc0.xcore.vss__t334                 3.2258e-13
xc0.xcore.tail__t172                   1.35959
xc0.xcore.ibias__t91                   1.13263
xc0.xcore.vss__t149                8.13652e-06
xc0.xcore.vss__t335                3.14841e-13
xc0.xcore.vss__t47                 7.93661e-06
xc0.xcore.ibias__t90                   1.13263
xc0.xcore.tail__t273                   1.35959
xc0.xcore.vss__t336                3.07106e-13
xc0.xcore.tail__t171                   1.35959
xc0.xcore.ibias__t89                   1.13263
xc0.xcore.vss__t148                7.73682e-06
xc0.xcore.vss__t337                2.99376e-13
xc0.xcore.vss__t46                 7.53715e-06
xc0.xcore.ibias__t88                   1.13263
xc0.xcore.tail__t272                   1.35959
xc0.xcore.vss__t338                 2.9165e-13
xc0.xcore.tail__t170                   1.35959
xc0.xcore.ibias__t87                   1.13263
xc0.xcore.vss__t147                7.33761e-06
xc0.xcore.vss__t339                2.83929e-13
xc0.xcore.vss__t45                 7.13822e-06
xc0.xcore.ibias__t86                   1.13263
xc0.xcore.tail__t271                   1.35959
xc0.xcore.vss__t340                2.76214e-13
xc0.xcore.tail__t169                    1.3596
xc0.xcore.ibias__t85                   1.13263
xc0.xcore.vss__t146                6.93897e-06
xc0.xcore.vss__t341                2.68505e-13
xc0.xcore.vss__t44                  6.7399e-06
xc0.xcore.ibias__t84                   1.13263
xc0.xcore.tail__t270                    1.3596
xc0.xcore.vss__t342                2.60802e-13
xc0.xcore.tail__t168                    1.3596
xc0.xcore.ibias__t83                   1.13263
xc0.xcore.vss__t145                6.54101e-06
xc0.xcore.vss__t343                2.53106e-13
xc0.xcore.vss__t66                 6.34232e-06
xc0.xcore.ibias__t129                  1.13263
xc0.xcore.tail__t292                    1.3596
xc0.xcore.vss__t344                2.45418e-13
xc0.xcore.tail__t199                    1.3596
xc0.xcore.ibias__t144                  1.13263
xc0.xcore.vss__t176                6.14385e-06
xc0.xcore.vss__t345                2.37738e-13
xc0.xcore.vss__t73                 5.94562e-06
xc0.xcore.ibias__t143                  1.13263
xc0.xcore.tail__t299                    1.3596
xc0.xcore.vss__t346                2.30068e-13
xc0.xcore.tail__t198                    1.3596
xc0.xcore.ibias__t142                  1.13263
xc0.xcore.vss__t175                5.74766e-06
xc0.xcore.vss__t347                2.22408e-13
xc0.xcore.vss__t72                 5.54999e-06
xc0.xcore.ibias__t141                  1.13263
xc0.xcore.tail__t298                    1.3596
xc0.xcore.vss__t348                 2.1476e-13
xc0.xcore.outp__t53                    2.79473
xc0.xcore.inp__t1                        2.805
xc0.xcore.tail__t0                     1.35967
xc0.xcore.vss__t460                2.06359e-12
xc0.xcore.tail__t119                   1.35967
xc0.xcore.inp__t53                       2.805
xc0.xcore.outp__t52                    2.79473
xc0.xcore.vss__t462                 2.0831e-12
xc0.xcore.outp__t46                    2.79473
xc0.xcore.inp__t52                       2.805
xc0.xcore.tail__t118                   1.35967
xc0.xcore.vss__t463                2.10261e-12
xc0.xcore.tail__t58                    1.35967
xc0.xcore.inp__t61                       2.805
xc0.xcore.outp__t82                    2.79473
xc0.xcore.vss__t464                2.12213e-12
xc0.xcore.outp__t30                    2.79472
xc0.xcore.inp__t24                       2.805
xc0.xcore.tail__t98                    1.35967
xc0.xcore.vss__t465                2.14164e-12
xc0.xcore.tail__t38                    1.35968
xc0.xcore.inp__t23                       2.805
xc0.xcore.outp__t64                    2.79472
xc0.xcore.vss__t466                2.16115e-12
xc0.xcore.outp__t29                    2.79472
xc0.xcore.inp__t22                       2.805
xc0.xcore.tail__t97                    1.35968
xc0.xcore.vss__t467                2.18066e-12
xc0.xcore.tail__t37                    1.35968
xc0.xcore.inp__t21                       2.805
xc0.xcore.outp__t63                    2.79472
xc0.xcore.vss__t468                2.20018e-12
xc0.xcore.outp__t28                    2.79472
xc0.xcore.inp__t20                       2.805
xc0.xcore.tail__t96                    1.35968
xc0.xcore.vss__t469                2.21969e-12
xc0.xcore.tail__t36                    1.35968
xc0.xcore.inp__t19                       2.805
xc0.xcore.outp__t62                    2.79472
xc0.xcore.vss__t470                 2.2392e-12
xc0.xcore.outp__t27                    2.79471
xc0.xcore.inp__t18                       2.805
xc0.xcore.tail__t95                    1.35968
xc0.xcore.vss__t471                2.25872e-12
xc0.xcore.tail__t35                    1.35968
xc0.xcore.inp__t17                       2.805
xc0.xcore.outp__t61                    2.79471
xc0.xcore.vss__t472                2.27823e-12
xc0.xcore.outp__t26                    2.79471
xc0.xcore.inp__t16                       2.805
xc0.xcore.tail__t94                    1.35968
xc0.xcore.vss__t473                2.29774e-12
xc0.xcore.tail__t33                    1.35968
xc0.xcore.inp__t15                       2.805
xc0.xcore.outp__t60                    2.79471
xc0.xcore.vss__t474                2.31726e-12
xc0.xcore.outp__t47                    2.79471
xc0.xcore.inp__t54                       2.805
xc0.xcore.tail__t120                   1.35968
xc0.xcore.vss__t475                2.33677e-12
xc0.xcore.tail__t54                    1.35968
xc0.xcore.inp__t55                       2.805
xc0.xcore.outp__t78                    2.79471
xc0.xcore.vss__t476                2.35628e-12
xc0.xcore.outp__t51                     2.7947
xc0.xcore.inp__t63                       2.805
xc0.xcore.tail__t126                   1.35968
xc0.xcore.vss__t477                 2.3758e-12
xc0.xcore.tail__t57                    1.35969
xc0.xcore.inp__t60                       2.805
xc0.xcore.outp__t81                     2.7947
xc0.xcore.vss__t478                2.39531e-12
xc0.xcore.outp__t49                     2.7947
xc0.xcore.inp__t59                       2.805
xc0.xcore.tail__t122                   1.35969
xc0.xcore.vss__t479                2.41483e-12
xc0.xcore.tail__t56                    1.35969
xc0.xcore.inp__t58                       2.805
xc0.xcore.outp__t80                     2.7947
xc0.xcore.vss__t480                2.43434e-12
xc0.xcore.outp__t48                     2.7947
xc0.xcore.inp__t57                       2.805
xc0.xcore.tail__t121                   1.35969
xc0.xcore.vss__t481                2.45386e-12
xc0.xcore.tail__t55                    1.35969
xc0.xcore.inp__t56                       2.805
xc0.xcore.outp__t79                     2.7947
xc0.xcore.vss__t482                2.47337e-12
xc0.xcore.outp__t24                     2.7947
xc0.xcore.inp__t11                       2.805
xc0.xcore.tail__t92                    1.35969
xc0.xcore.vss__t483                2.49288e-12
xc0.xcore.tail__t30                    1.35969
xc0.xcore.inp__t10                       2.805
xc0.xcore.outp__t57                    2.79469
xc0.xcore.vss__t484                 2.5124e-12
xc0.xcore.outp__t23                    2.79469
xc0.xcore.inp__t9                        2.805
xc0.xcore.tail__t88                    1.35969
xc0.xcore.vss__t485                2.53191e-12
xc0.xcore.tail__t32                    1.35969
xc0.xcore.inp__t14                       2.805
xc0.xcore.outp__t59                    2.79469
xc0.xcore.vss__t486                2.55143e-12
xc0.xcore.outp__t25                    2.79469
xc0.xcore.inp__t13                       2.805
xc0.xcore.tail__t93                    1.35969
xc0.xcore.vss__t487                2.57094e-12
xc0.xcore.tail__t60                    1.35969
xc0.xcore.inp__t0                        2.805
xc0.xcore.outp__t83                    2.79469
xc0.xcore.vss__t488                2.59045e-12
xc0.xcore.outp__t50                    2.79469
xc0.xcore.inp__t62                       2.805
xc0.xcore.tail__t123                   1.35969
xc0.xcore.vss__t489                2.60997e-12
xc0.xcore.tail__t42                    1.35969
xc0.xcore.inp__t29                       2.805
xc0.xcore.outp__t67                    2.79468
xc0.xcore.vss__t490                2.62948e-12
xc0.xcore.outp__t32                    2.79468
xc0.xcore.inp__t28                       2.805
xc0.xcore.tail__t102                    1.3597
xc0.xcore.vss__t491                2.64899e-12
xc0.xcore.tail__t41                     1.3597
xc0.xcore.inp__t27                       2.805
xc0.xcore.outp__t66                    2.79468
xc0.xcore.vss__t492                2.66851e-12
xc0.xcore.outp__t31                    2.79468
xc0.xcore.inp__t26                       2.805
xc0.xcore.tail__t101                    1.3597
xc0.xcore.vss__t493                2.68802e-12
xc0.xcore.tail__t40                     1.3597
xc0.xcore.inp__t25                       2.805
xc0.xcore.outp__t65                    2.79468
xc0.xcore.vss__t494                2.70753e-12
xc0.xcore.outp__t20                    2.79468
xc0.xcore.inp__t4                        2.805
xc0.xcore.tail__t74                     1.3597
xc0.xcore.vss__t495                2.72705e-12
xc0.xcore.tail__t14                     1.3597
xc0.xcore.inp__t3                        2.805
xc0.xcore.outp__t54                    2.79467
xc0.xcore.vss__t496                2.74656e-12
xc0.xcore.outp__t22                    2.79467
xc0.xcore.inp__t7                        2.805
xc0.xcore.tail__t76                     1.3597
xc0.xcore.vss__t497                2.76607e-12
xc0.xcore.tail__t16                     1.3597
xc0.xcore.inp__t6                        2.805
xc0.xcore.outp__t55                    2.79467
xc0.xcore.vss__t498                2.78558e-12
xc0.xcore.outp__t21                    2.79467
xc0.xcore.inp__t5                        2.805
xc0.xcore.tail__t75                     1.3597
xc0.xcore.vss__t499                 2.8051e-12
xc0.xcore.tail__t19                     1.3597
xc0.xcore.inp__t8                        2.805
xc0.xcore.outp__t56                    2.79467
xc0.xcore.vss__t500                2.82461e-12
xc0.xcore.outp__t45                    2.79467
xc0.xcore.inp__t50                       2.805
xc0.xcore.tail__t116                    1.3597
xc0.xcore.vss__t501                2.84412e-12
xc0.xcore.tail__t51                     1.3597
xc0.xcore.inp__t49                       2.805
xc0.xcore.outp__t76                    2.79466
xc0.xcore.vss__t502                2.86363e-12
xc0.xcore.outp__t44                    2.79466
xc0.xcore.inp__t48                       2.805
xc0.xcore.tail__t115                    1.3597
xc0.xcore.vss__t503                2.88314e-12
xc0.xcore.tail__t50                    1.35971
xc0.xcore.inp__t47                       2.805
xc0.xcore.outp__t75                    2.79466
xc0.xcore.vss__t504                2.90265e-12
xc0.xcore.outp__t43                    2.79466
xc0.xcore.inp__t46                       2.805
xc0.xcore.tail__t114                   1.35971
xc0.xcore.vss__t505                2.92216e-12
xc0.xcore.tail__t49                    1.35971
xc0.xcore.inp__t45                       2.805
xc0.xcore.outp__t74                    2.79466
xc0.xcore.vss__t506                2.94168e-12
xc0.xcore.outp__t42                    2.79466
xc0.xcore.inp__t44                       2.805
xc0.xcore.tail__t113                   1.35971
xc0.xcore.vss__t507                2.96119e-12
xc0.xcore.tail__t48                    1.35971
xc0.xcore.inp__t43                       2.805
xc0.xcore.outp__t73                    2.79465
xc0.xcore.vss__t508                 2.9807e-12
xc0.xcore.outp__t41                    2.79465
xc0.xcore.inp__t42                       2.805
xc0.xcore.tail__t112                   1.35971
xc0.xcore.vss__t509                3.00021e-12
xc0.xcore.tail__t47                    1.35971
xc0.xcore.inp__t41                       2.805
xc0.xcore.outp__t72                    2.79465
xc0.xcore.vss__t510                3.01971e-12
xc0.xcore.outp__t40                    2.79465
xc0.xcore.inp__t40                       2.805
xc0.xcore.tail__t111                   1.35971
xc0.xcore.vss__t511                3.03922e-12
xc0.xcore.tail__t46                    1.35971
xc0.xcore.inp__t39                       2.805
xc0.xcore.outp__t71                    2.79465
xc0.xcore.vss__t512                3.05873e-12
xc0.xcore.outp__t39                    2.79465
xc0.xcore.inp__t38                       2.805
xc0.xcore.tail__t110                   1.35971
xc0.xcore.vss__t513                3.07824e-12
xc0.xcore.tail__t53                    1.35971
xc0.xcore.inp__t51                       2.805
xc0.xcore.outp__t77                    2.79464
xc0.xcore.vss__t514                3.09775e-12
xc0.xcore.outp__t38                    2.79464
xc0.xcore.inp__t37                       2.805
xc0.xcore.tail__t108                   1.35971
xc0.xcore.vss__t515                3.11726e-12
xc0.xcore.tail__t45                    1.35971
xc0.xcore.inp__t36                       2.805
xc0.xcore.outp__t70                    2.79464
xc0.xcore.vss__t516                3.13677e-12
xc0.xcore.outp__t37                    2.79464
xc0.xcore.inp__t35                       2.805
xc0.xcore.tail__t107                   1.35972
xc0.xcore.vss__t517                3.15627e-12
xc0.xcore.tail__t44                    1.35972
xc0.xcore.inp__t34                       2.805
xc0.xcore.outp__t69                    2.79464
xc0.xcore.vss__t518                3.17578e-12
xc0.xcore.outp__t36                    2.79464
xc0.xcore.inp__t33                       2.805
xc0.xcore.tail__t106                   1.35972
xc0.xcore.vss__t519                3.19529e-12
xc0.xcore.tail__t31                    1.35972
xc0.xcore.inp__t12                       2.805
xc0.xcore.outp__t58                    2.79464
xc0.xcore.vss__t520                3.21479e-12
xc0.xcore.outp__t35                    2.79463
xc0.xcore.inp__t32                       2.805
xc0.xcore.tail__t104                   1.35972
xc0.xcore.vss__t521                 3.2343e-12
xc0.xcore.tail__t43                    1.35972
xc0.xcore.inp__t31                       2.805
xc0.xcore.outp__t68                    2.79463
xc0.xcore.vss__t522                3.25381e-12
xc0.xcore.outp__t33                    2.79463
xc0.xcore.inp__t30                       2.805
xc0.xcore.tail__t103                   1.35972
xc0.xcore.vss__t523                3.27331e-12
xc0.xcore.tail__t1                     1.35972
xc0.xcore.inp__t2                        2.805
xc0.xcore.outp__t34                    2.79463
xc0.xcore.vss__t586                3.29282e-12
xc0.xcore.ibias__t215                   1.1299
xc0.xcore.ibias__t3                    1.13263
xc0.xcore.vss__t2                  2.51857e-05
xc0.xcore.vss__t459                 5.7016e-13
xc0.xcore.vss__t81                 2.49859e-05
xc0.xcore.ibias__t158                  1.13263
xc0.xcore.ibias__t216                  1.12993
xc0.xcore.vss__t448                 5.6565e-13
xc0.xcore.ibias__t213                  1.12996
xc0.xcore.ibias__t171                  1.13263
xc0.xcore.vss__t190                2.47861e-05
xc0.xcore.vss__t449                5.61141e-13
xc0.xcore.vss__t83                 2.45863e-05
xc0.xcore.ibias__t163                  1.13263
xc0.xcore.ibias__t218                  1.12999
xc0.xcore.vss__t450                5.56631e-13
xc0.xcore.ibias__t212                  1.13002
xc0.xcore.ibias__t162                  1.13263
xc0.xcore.vss__t185                2.43865e-05
xc0.xcore.vss__t451                5.52121e-13
xc0.xcore.vss__t89                 2.41867e-05
xc0.xcore.ibias__t177                  1.13263
xc0.xcore.ibias__t219                  1.13005
xc0.xcore.vss__t452                5.47611e-13
xc0.xcore.ibias__t211                  1.13008
xc0.xcore.ibias__t160                  1.13263
xc0.xcore.vss__t183                2.39869e-05
xc0.xcore.vss__t453                5.43101e-13
xc0.xcore.vss__t82                  2.3787e-05
xc0.xcore.ibias__t159                  1.13263
xc0.xcore.ibias__t217                  1.13011
xc0.xcore.vss__t454                 5.3859e-13
xc0.xcore.ibias__t214                  1.13014
xc0.xcore.ibias__t174                  1.13263
xc0.xcore.vss__t192                2.35872e-05
xc0.xcore.vss__t455                 5.3408e-13
xc0.xcore.vss__t3                  2.33874e-05
xc0.xcore.ibias__t4                    1.13263
xc0.xcore.ibias__t210                  1.13017
xc0.xcore.vss__t457                5.29569e-13
xc0.xcore.outn__t52                        3.3
xc0.xcore.inn__t1                        1.815
xc0.xcore.tail__t3                     1.35961
xc0.xcore.vss__t461                1.49234e-12
xc0.xcore.tail__t62                    1.35961
xc0.xcore.inn__t58                       1.815
xc0.xcore.outn__t81                        3.3
xc0.xcore.vss__t524                 1.5065e-12
xc0.xcore.outn__t49                        3.3
xc0.xcore.inn__t59                       1.815
xc0.xcore.tail__t124                   1.35961
xc0.xcore.vss__t525                1.52066e-12
xc0.xcore.tail__t63                    1.35961
xc0.xcore.inn__t60                       1.815
xc0.xcore.outn__t82                        3.3
xc0.xcore.vss__t526                1.53483e-12
xc0.xcore.outn__t50                        3.3
xc0.xcore.inn__t61                       1.815
xc0.xcore.tail__t125                   1.35961
xc0.xcore.vss__t527                1.54899e-12
xc0.xcore.tail__t64                    1.35961
xc0.xcore.inn__t62                       1.815
xc0.xcore.outn__t83                        3.3
xc0.xcore.vss__t528                1.56315e-12
xc0.xcore.outn__t46                        3.3
xc0.xcore.inn__t52                       1.815
xc0.xcore.tail__t105                   1.35961
xc0.xcore.vss__t529                1.57732e-12
xc0.xcore.tail__t15                    1.35961
xc0.xcore.inn__t21                       1.815
xc0.xcore.outn__t63                        3.3
xc0.xcore.vss__t530                1.59148e-12
xc0.xcore.outn__t45                        3.3
xc0.xcore.inn__t51                       1.815
xc0.xcore.tail__t100                   1.35961
xc0.xcore.vss__t531                1.60565e-12
xc0.xcore.tail__t34                    1.35961
xc0.xcore.inn__t48                       1.815
xc0.xcore.outn__t76                        3.3
xc0.xcore.vss__t532                1.61981e-12
xc0.xcore.outn__t44                        3.3
xc0.xcore.inn__t50                       1.815
xc0.xcore.tail__t99                    1.35961
xc0.xcore.vss__t533                1.63398e-12
xc0.xcore.tail__t61                    1.35961
xc0.xcore.inn__t57                       1.815
xc0.xcore.outn__t80                        3.3
xc0.xcore.vss__t534                1.64814e-12
xc0.xcore.outn__t40                        3.3
xc0.xcore.inn__t42                       1.815
xc0.xcore.tail__t87                    1.35961
xc0.xcore.vss__t535                1.66231e-12
xc0.xcore.tail__t27                    1.35961
xc0.xcore.inn__t41                       1.815
xc0.xcore.outn__t73                        3.3
xc0.xcore.vss__t536                1.67647e-12
xc0.xcore.outn__t39                        3.3
xc0.xcore.inn__t40                       1.815
xc0.xcore.tail__t86                    1.35961
xc0.xcore.vss__t537                1.69064e-12
xc0.xcore.tail__t26                    1.35961
xc0.xcore.inn__t39                       1.815
xc0.xcore.outn__t72                        3.3
xc0.xcore.vss__t538                1.70481e-12
xc0.xcore.outn__t38                        3.3
xc0.xcore.inn__t38                       1.815
xc0.xcore.tail__t85                    1.35961
xc0.xcore.vss__t539                1.71897e-12
xc0.xcore.tail__t25                    1.35961
xc0.xcore.inn__t37                       1.815
xc0.xcore.outn__t71                        3.3
xc0.xcore.vss__t540                1.73314e-12
xc0.xcore.outn__t47                        3.3
xc0.xcore.inn__t53                       1.815
xc0.xcore.tail__t109                   1.35961
xc0.xcore.vss__t541                1.74731e-12
xc0.xcore.tail__t52                    1.35961
xc0.xcore.inn__t55                       1.815
xc0.xcore.outn__t78                        3.3
xc0.xcore.vss__t542                1.76148e-12
xc0.xcore.outn__t48                        3.3
xc0.xcore.inn__t54                       1.815
xc0.xcore.tail__t117                   1.35961
xc0.xcore.vss__t543                1.77564e-12
xc0.xcore.tail__t39                    1.35961
xc0.xcore.inn__t49                       1.815
xc0.xcore.outn__t77                        3.3
xc0.xcore.vss__t544                1.78981e-12
xc0.xcore.outn__t41                        3.3
xc0.xcore.inn__t43                       1.815
xc0.xcore.tail__t89                    1.35961
xc0.xcore.vss__t545                1.80398e-12
xc0.xcore.tail__t29                    1.35961
xc0.xcore.inn__t47                       1.815
xc0.xcore.outn__t75                        3.3
xc0.xcore.vss__t546                1.81815e-12
xc0.xcore.outn__t43                        3.3
xc0.xcore.inn__t46                       1.815
xc0.xcore.tail__t91                    1.35961
xc0.xcore.vss__t547                1.83232e-12
xc0.xcore.tail__t28                    1.35961
xc0.xcore.inn__t45                       1.815
xc0.xcore.outn__t74                        3.3
xc0.xcore.vss__t548                1.84649e-12
xc0.xcore.outn__t42                        3.3
xc0.xcore.inn__t44                       1.815
xc0.xcore.tail__t90                    1.35961
xc0.xcore.vss__t549                1.86066e-12
xc0.xcore.tail__t59                    1.35961
xc0.xcore.inn__t56                       1.815
xc0.xcore.outn__t79                        3.3
xc0.xcore.vss__t550                1.87483e-12
xc0.xcore.outn__t51                        3.3
xc0.xcore.inn__t63                       1.815
xc0.xcore.tail__t127                   1.35961
xc0.xcore.vss__t551                  1.889e-12
xc0.xcore.tail__t13                    1.35961
xc0.xcore.inn__t19                       1.815
xc0.xcore.outn__t62                        3.3
xc0.xcore.vss__t552                1.90317e-12
xc0.xcore.outn__t28                        3.3
xc0.xcore.inn__t18                       1.815
xc0.xcore.tail__t72                    1.35961
xc0.xcore.vss__t553                1.91734e-12
xc0.xcore.tail__t12                    1.35961
xc0.xcore.inn__t17                       1.815
xc0.xcore.outn__t61                        3.3
xc0.xcore.vss__t554                1.93151e-12
xc0.xcore.outn__t27                        3.3
xc0.xcore.inn__t16                       1.815
xc0.xcore.tail__t71                    1.35961
xc0.xcore.vss__t555                1.94568e-12
xc0.xcore.tail__t11                    1.35961
xc0.xcore.inn__t15                       1.815
xc0.xcore.outn__t60                        3.3
xc0.xcore.vss__t556                1.95985e-12
xc0.xcore.outn__t26                        3.3
xc0.xcore.inn__t14                       1.815
xc0.xcore.tail__t70                    1.35961
xc0.xcore.vss__t557                1.97402e-12
xc0.xcore.tail__t10                    1.35961
xc0.xcore.inn__t13                       1.815
xc0.xcore.outn__t59                        3.3
xc0.xcore.vss__t558                1.98819e-12
xc0.xcore.outn__t25                        3.3
xc0.xcore.inn__t12                       1.815
xc0.xcore.tail__t69                    1.35961
xc0.xcore.vss__t559                2.00236e-12
xc0.xcore.tail__t6                     1.35961
xc0.xcore.inn__t5                        1.815
xc0.xcore.outn__t55                        3.3
xc0.xcore.vss__t560                2.01653e-12
xc0.xcore.outn__t24                        3.3
xc0.xcore.inn__t11                       1.815
xc0.xcore.tail__t68                    1.35961
xc0.xcore.vss__t561                2.03071e-12
xc0.xcore.tail__t4                     1.35961
xc0.xcore.inn__t2                        1.815
xc0.xcore.outn__t53                        3.3
xc0.xcore.vss__t562                2.04488e-12
xc0.xcore.outn__t21                        3.3
xc0.xcore.inn__t3                        1.815
xc0.xcore.tail__t65                    1.35961
xc0.xcore.vss__t563                2.05905e-12
xc0.xcore.tail__t5                     1.35961
xc0.xcore.inn__t4                        1.815
xc0.xcore.outn__t54                        3.3
xc0.xcore.vss__t564                2.07322e-12
xc0.xcore.outn__t22                        3.3
xc0.xcore.inn__t6                        1.815
xc0.xcore.tail__t66                    1.35961
xc0.xcore.vss__t565                 2.0874e-12
xc0.xcore.tail__t7                     1.35961
xc0.xcore.inn__t7                        1.815
xc0.xcore.outn__t56                        3.3
xc0.xcore.vss__t566                2.10157e-12
xc0.xcore.outn__t23                        3.3
xc0.xcore.inn__t8                        1.815
xc0.xcore.tail__t67                    1.35961
xc0.xcore.vss__t567                2.11574e-12
xc0.xcore.tail__t8                     1.35961
xc0.xcore.inn__t9                        1.815
xc0.xcore.outn__t57                        3.3
xc0.xcore.vss__t568                2.12991e-12
xc0.xcore.outn__t29                        3.3
xc0.xcore.inn__t20                       1.815
xc0.xcore.tail__t73                    1.35961
xc0.xcore.vss__t569                2.14409e-12
xc0.xcore.tail__t9                     1.35961
xc0.xcore.inn__t10                       1.815
xc0.xcore.outn__t58                        3.3
xc0.xcore.vss__t570                2.15826e-12
xc0.xcore.outn__t36                        3.3
xc0.xcore.inn__t35                       1.815
xc0.xcore.tail__t83                    1.35961
xc0.xcore.vss__t571                2.17243e-12
xc0.xcore.tail__t24                    1.35961
xc0.xcore.inn__t34                       1.815
xc0.xcore.outn__t70                        3.3
xc0.xcore.vss__t572                2.18661e-12
xc0.xcore.outn__t35                        3.3
xc0.xcore.inn__t33                       1.815
xc0.xcore.tail__t82                    1.35961
xc0.xcore.vss__t573                2.20078e-12
xc0.xcore.tail__t23                    1.35961
xc0.xcore.inn__t32                       1.815
xc0.xcore.outn__t69                        3.3
xc0.xcore.vss__t574                2.21495e-12
xc0.xcore.outn__t34                        3.3
xc0.xcore.inn__t31                       1.815
xc0.xcore.tail__t81                    1.35961
xc0.xcore.vss__t575                2.22913e-12
xc0.xcore.tail__t22                    1.35961
xc0.xcore.inn__t30                       1.815
xc0.xcore.outn__t68                        3.3
xc0.xcore.vss__t576                 2.2433e-12
xc0.xcore.outn__t33                        3.3
xc0.xcore.inn__t29                       1.815
xc0.xcore.tail__t80                    1.35961
xc0.xcore.vss__t577                2.25748e-12
xc0.xcore.tail__t21                    1.35961
xc0.xcore.inn__t28                       1.815
xc0.xcore.outn__t67                        3.3
xc0.xcore.vss__t578                2.27165e-12
xc0.xcore.outn__t32                        3.3
xc0.xcore.inn__t27                       1.815
xc0.xcore.tail__t79                    1.35961
xc0.xcore.vss__t579                2.28582e-12
xc0.xcore.tail__t20                    1.35961
xc0.xcore.inn__t26                       1.815
xc0.xcore.outn__t66                        3.3
xc0.xcore.vss__t580                    2.3e-12
xc0.xcore.outn__t37                        3.3
xc0.xcore.inn__t36                       1.815
xc0.xcore.tail__t84                    1.35961
xc0.xcore.vss__t581                2.31417e-12
xc0.xcore.tail__t18                    1.35961
xc0.xcore.inn__t25                       1.815
xc0.xcore.outn__t65                        3.3
xc0.xcore.vss__t582                2.32835e-12
xc0.xcore.outn__t31                        3.3
xc0.xcore.inn__t24                       1.815
xc0.xcore.tail__t78                    1.35961
xc0.xcore.vss__t583                2.34252e-12
xc0.xcore.tail__t17                    1.35961
xc0.xcore.inn__t23                       1.815
xc0.xcore.outn__t64                        3.3
xc0.xcore.vss__t584                 2.3567e-12
xc0.xcore.outn__t30                        3.3
xc0.xcore.inn__t22                       1.815
xc0.xcore.tail__t77                    1.35961
xc0.xcore.vss__t585                2.37087e-12
xc0.xcore.tail__t2                     1.35961
xc0.xcore.inn__t0                        1.815
xc0.xcore.outn__t20                        3.3
xc0.xcore.vss__t587                2.38505e-12
xc0.xcore.vss__t210                2.60239e-12
xc0.xcore.outp__t16                    2.79484
xc0.xcore.vss__t211                 2.5718e-12
xc0.xcore.outp__t17                    2.79484
xc0.xcore.vss__t212                2.54124e-12
xc0.xcore.outp__t18                    2.79484
xc0.xcore.vss__t213                 2.5107e-12
xc0.xcore.outp__t19                    2.79484
xc0.xcore.vss__t214                2.48019e-12
xc0.xcore.outp__t0                     2.79484
xc0.xcore.vss__t215                 2.4497e-12
xc0.xcore.outp__t1                     2.79484
xc0.xcore.vss__t216                2.41925e-12
xc0.xcore.outp__t2                     2.79484
xc0.xcore.vss__t217                2.38882e-12
xc0.xcore.outp__t3                     2.79484
xc0.xcore.vss__t218                2.35843e-12
xc0.xcore.outp__t4                     2.79484
xc0.xcore.vss__t219                2.32806e-12
xc0.xcore.outp__t15                    2.79484
xc0.xcore.vss__t220                2.29773e-12
xc0.xcore.outp__t6                     2.79484
xc0.xcore.vss__t221                2.26744e-12
xc0.xcore.outp__t7                     2.79484
xc0.xcore.vss__t222                2.23718e-12
xc0.xcore.outp__t8                     2.79484
xc0.xcore.vss__t223                2.20696e-12
xc0.xcore.outp__t9                     2.79484
xc0.xcore.vss__t224                2.17678e-12
xc0.xcore.outp__t10                    2.79484
xc0.xcore.vss__t225                2.14663e-12
xc0.xcore.outp__t11                    2.79484
xc0.xcore.vss__t226                2.11653e-12
xc0.xcore.outp__t12                    2.79484
xc0.xcore.vss__t227                2.08648e-12
xc0.xcore.outp__t13                    2.79484
xc0.xcore.vss__t228                2.05647e-12
xc0.xcore.outp__t14                    2.79484
xc0.xcore.vss__t229                2.02651e-12
xc0.xcore.outp__t5                     2.79484
xc0.xcore.vss__t230                2.18457e-12
xc0.xcore.outn__t0                         3.3
xc0.xcore.vss__t231                2.21955e-12
xc0.xcore.outn__t5                         3.3
xc0.xcore.vss__t232                 2.2546e-12
xc0.xcore.outn__t6                         3.3
xc0.xcore.vss__t233                2.28973e-12
xc0.xcore.outn__t7                         3.3
xc0.xcore.vss__t234                2.32492e-12
xc0.xcore.outn__t8                         3.3
xc0.xcore.vss__t235                2.36018e-12
xc0.xcore.outn__t9                         3.3
xc0.xcore.vss__t236                2.39551e-12
xc0.xcore.outn__t10                        3.3
xc0.xcore.vss__t237                2.43089e-12
xc0.xcore.outn__t11                        3.3
xc0.xcore.vss__t238                2.46632e-12
xc0.xcore.outn__t12                        3.3
xc0.xcore.vss__t239                2.50182e-12
xc0.xcore.outn__t13                        3.3
xc0.xcore.vss__t240                2.53736e-12
xc0.xcore.outn__t14                        3.3
xc0.xcore.vss__t241                2.57295e-12
xc0.xcore.outn__t15                        3.3
xc0.xcore.vss__t242                2.60859e-12
xc0.xcore.outn__t16                        3.3
xc0.xcore.vss__t243                2.64428e-12
xc0.xcore.outn__t17                        3.3
xc0.xcore.vss__t244                2.68001e-12
xc0.xcore.outn__t19                        3.3
xc0.xcore.vss__t245                2.71579e-12
xc0.xcore.outn__t18                        3.3
xc0.xcore.vss__t246                 2.7516e-12
xc0.xcore.outn__t1                         3.3
xc0.xcore.vss__t247                2.78746e-12
xc0.xcore.outn__t2                         3.3
xc0.xcore.vss__t248                2.82335e-12
xc0.xcore.outn__t3                         3.3
xc0.xcore.vss__t249                2.85928e-12
xc0.xcore.outn__t4                         3.3
ib_c0                                  1.13263
xc0.xcore.vsubs                              0
outn_c0                                    3.3
outp_c0                                2.79484
xc0.tail                               1.35961
vd_c0                                  0.50516
xc1.xcore.tail__t186                    1.3596
xc1.xcore.ibias__t118                  1.13263
xc1.xcore.vss__t163                5.35266e-06
xc1.xcore.vss__t349                2.07124e-13
xc1.xcore.vss__t60                 5.15569e-06
xc1.xcore.ibias__t117                  1.13263
xc1.xcore.tail__t286                    1.3596
xc1.xcore.vss__t350                1.99502e-13
xc1.xcore.tail__t197                    1.3596
xc1.xcore.ibias__t140                  1.13263
xc1.xcore.vss__t174                4.95913e-06
xc1.xcore.vss__t351                1.91897e-13
xc1.xcore.vss__t68                 4.76303e-06
xc1.xcore.ibias__t133                  1.13263
xc1.xcore.tail__t294                    1.3596
xc1.xcore.vss__t352                1.84309e-13
xc1.xcore.tail__t193                    1.3596
xc1.xcore.ibias__t132                  1.13263
xc1.xcore.vss__t170                4.56746e-06
xc1.xcore.vss__t353                1.76741e-13
xc1.xcore.vss__t67                 4.37247e-06
xc1.xcore.ibias__t131                  1.13263
xc1.xcore.tail__t293                    1.3596
xc1.xcore.vss__t354                1.69196e-13
xc1.xcore.tail__t192                    1.3596
xc1.xcore.ibias__t130                  1.13263
xc1.xcore.vss__t169                4.17816e-06
xc1.xcore.vss__t355                1.61678e-13
xc1.xcore.vss__t74                 3.98462e-06
xc1.xcore.ibias__t145                  1.13263
xc1.xcore.tail__t300                    1.3596
xc1.xcore.vss__t356                1.54189e-13
xc1.xcore.tail__t191                    1.3596
xc1.xcore.ibias__t128                  1.13263
xc1.xcore.vss__t168                3.79197e-06
xc1.xcore.vss__t357                1.46734e-13
xc1.xcore.vss__t65                 3.60036e-06
xc1.xcore.ibias__t127                  1.13263
xc1.xcore.tail__t291                    1.3596
xc1.xcore.vss__t358                 1.3932e-13
xc1.xcore.tail__t190                    1.3596
xc1.xcore.ibias__t126                  1.13263
xc1.xcore.vss__t167                3.40995e-06
xc1.xcore.vss__t359                1.31952e-13
xc1.xcore.vss__t64                 3.22097e-06
xc1.xcore.ibias__t125                  1.13263
xc1.xcore.tail__t290                    1.3596
xc1.xcore.vss__t360                1.24639e-13
xc1.xcore.tail__t189                    1.3596
xc1.xcore.ibias__t124                  1.13263
xc1.xcore.vss__t166                3.03368e-06
xc1.xcore.vss__t361                1.17392e-13
xc1.xcore.vss__t63                  2.8484e-06
xc1.xcore.ibias__t123                  1.13263
xc1.xcore.tail__t289                    1.3596
xc1.xcore.vss__t362                1.10222e-13
xc1.xcore.tail__t188                    1.3596
xc1.xcore.ibias__t122                  1.13263
xc1.xcore.vss__t165                2.66557e-06
xc1.xcore.vss__t363                1.03148e-13
xc1.xcore.vss__t62                 2.48573e-06
xc1.xcore.ibias__t121                  1.13263
xc1.xcore.tail__t288                    1.3596
xc1.xcore.vss__t364                9.61886e-14
xc1.xcore.tail__t187                    1.3596
xc1.xcore.ibias__t120                  1.13263
xc1.xcore.vss__t164                2.30956e-06
xc1.xcore.vss__t365                8.93717e-14
xc1.xcore.vss__t26                 2.13798e-06
xc1.xcore.ibias__t0                    1.13263
xc1.xcore.tail__t252                    1.3596
xc1.xcore.vss__t366                8.27324e-14
xc1.xcore.tail__t175                    1.3596
xc1.xcore.ibias__t97                   1.13263
xc1.xcore.vss__t152                 1.9722e-06
xc1.xcore.vss__t367                7.63172e-14
xc1.xcore.vss__t42                 1.81379e-06
xc1.xcore.ibias__t78                   1.13263
xc1.xcore.tail__t268                    1.3596
xc1.xcore.vss__t368                7.01873e-14
xc1.xcore.tail__t164                    1.3596
xc1.xcore.ibias__t77                   1.13263
xc1.xcore.vss__t141                1.66486e-06
xc1.xcore.vss__t369                6.44244e-14
xc1.xcore.vss__t37                 1.52819e-06
xc1.xcore.ibias__t70                   1.13263
xc1.xcore.tail__t263                    1.3596
xc1.xcore.vss__t370                 5.9136e-14
xc1.xcore.tail__t167                   1.35961
xc1.xcore.ibias__t82                   1.13263
xc1.xcore.vss__t144                1.40736e-06
xc1.xcore.vss__t371                5.44602e-14
xc1.xcore.vss__t39                 1.30676e-06
xc1.xcore.ibias__t72                   1.13263
xc1.xcore.tail__t265                   1.35961
xc1.xcore.vss__t372                5.05676e-14
xc1.xcore.tail__t162                   1.35961
xc1.xcore.ibias__t73                   1.13263
xc1.xcore.vss__t139                1.23137e-06
xc1.xcore.vss__t373                4.76503e-14
xc1.xcore.vss__t40                   1.186e-06
xc1.xcore.ibias__t74                   1.13263
xc1.xcore.tail__t266                   1.35961
xc1.xcore.vss__t374                4.58947e-14
xc1.xcore.tail__t163                   1.35961
xc1.xcore.ibias__t75                   1.13263
xc1.xcore.vss__t140                1.17414e-06
xc1.xcore.vss__t375                4.54359e-14
xc1.xcore.vss__t41                 1.19679e-06
xc1.xcore.ibias__t76                   1.13263
xc1.xcore.tail__t267                   1.35961
xc1.xcore.vss__t376                4.63122e-14
xc1.xcore.tail__t129                   1.35961
xc1.xcore.ibias__t9                    1.13263
xc1.xcore.vss__t107                1.25206e-06
xc1.xcore.vss__t377                4.84514e-14
xc1.xcore.vss__t6                  1.33593e-06
xc1.xcore.ibias__t8                    1.13263
xc1.xcore.tail__t232                   1.35961
xc1.xcore.vss__t378                5.16969e-14
xc1.xcore.tail__t128                   1.35961
xc1.xcore.ibias__t7                    1.13263
xc1.xcore.vss__t106                1.44341e-06
xc1.xcore.vss__t379                5.58562e-14
xc1.xcore.vss__t5                  1.56966e-06
xc1.xcore.ibias__t6                    1.13263
xc1.xcore.tail__t231                   1.35961
xc1.xcore.vss__t380                6.07419e-14
xc1.xcore.tail__t141                   1.35961
xc1.xcore.ibias__t31                   1.13263
xc1.xcore.vss__t119                1.71053e-06
xc1.xcore.vss__t381                6.61934e-14
xc1.xcore.vss__t4                   1.8627e-06
xc1.xcore.ibias__t5                    1.13263
xc1.xcore.tail__t230                   1.35961
xc1.xcore.vss__t382                7.20824e-14
xc1.xcore.tail__t158                   1.35961
xc1.xcore.ibias__t62                   1.13263
xc1.xcore.vss__t135                2.02364e-06
xc1.xcore.vss__t383                7.83103e-14
xc1.xcore.vss__t33                 2.19139e-06
xc1.xcore.ibias__t63                   1.13263
xc1.xcore.tail__t259                   1.35961
xc1.xcore.vss__t384                8.48024e-14
xc1.xcore.tail__t159                   1.35961
xc1.xcore.ibias__t64                   1.13263
xc1.xcore.vss__t136                2.36453e-06
xc1.xcore.vss__t385                9.15026e-14
xc1.xcore.vss__t34                 2.54194e-06
xc1.xcore.ibias__t65                   1.13263
xc1.xcore.tail__t260                   1.35961
xc1.xcore.vss__t386                9.83683e-14
xc1.xcore.tail__t160                   1.35961
xc1.xcore.ibias__t66                   1.13263
xc1.xcore.vss__t137                2.72279e-06
xc1.xcore.vss__t387                1.05367e-13
xc1.xcore.vss__t35                 2.90644e-06
xc1.xcore.ibias__t67                   1.13263
xc1.xcore.tail__t261                   1.35961
xc1.xcore.vss__t388                1.12475e-13
xc1.xcore.tail__t161                   1.35961
xc1.xcore.ibias__t68                   1.13263
xc1.xcore.vss__t138                3.09239e-06
xc1.xcore.vss__t389                1.19671e-13
xc1.xcore.vss__t36                 3.28025e-06
xc1.xcore.ibias__t69                   1.13263
xc1.xcore.tail__t262                   1.35961
xc1.xcore.vss__t390                1.26941e-13
xc1.xcore.tail__t130                   1.35961
xc1.xcore.ibias__t10                   1.13263
xc1.xcore.vss__t108                 3.4697e-06
xc1.xcore.vss__t391                1.34273e-13
xc1.xcore.vss__t13                 3.66051e-06
xc1.xcore.ibias__t23                   1.13263
xc1.xcore.tail__t239                   1.35961
xc1.xcore.vss__t392                1.41657e-13
xc1.xcore.tail__t137                   1.35961
xc1.xcore.ibias__t24                   1.13263
xc1.xcore.vss__t115                3.85247e-06
xc1.xcore.vss__t393                1.49086e-13
xc1.xcore.vss__t14                 4.04541e-06
xc1.xcore.ibias__t25                   1.13263
xc1.xcore.tail__t240                   1.35961
xc1.xcore.vss__t394                1.56554e-13
xc1.xcore.tail__t138                   1.35961
xc1.xcore.ibias__t26                   1.13263
xc1.xcore.vss__t116                 4.2392e-06
xc1.xcore.vss__t395                1.64054e-13
xc1.xcore.vss__t15                 4.43374e-06
xc1.xcore.ibias__t27                   1.13263
xc1.xcore.tail__t241                   1.35961
xc1.xcore.vss__t396                1.71582e-13
xc1.xcore.tail__t139                   1.35961
xc1.xcore.ibias__t28                   1.13263
xc1.xcore.vss__t117                4.62892e-06
xc1.xcore.vss__t397                1.79136e-13
xc1.xcore.vss__t16                 4.82466e-06
xc1.xcore.ibias__t29                   1.13263
xc1.xcore.tail__t242                   1.35961
xc1.xcore.vss__t398                1.86712e-13
xc1.xcore.tail__t140                   1.35961
xc1.xcore.ibias__t30                   1.13263
xc1.xcore.vss__t118                5.02091e-06
xc1.xcore.vss__t399                1.94307e-13
xc1.xcore.vss__t21                 5.21761e-06
xc1.xcore.ibias__t41                   1.13263
xc1.xcore.tail__t247                   1.35961
xc1.xcore.vss__t400                2.01919e-13
xc1.xcore.tail__t142                   1.35961
xc1.xcore.ibias__t32                   1.13263
xc1.xcore.vss__t120                5.41469e-06
xc1.xcore.vss__t401                2.09546e-13
xc1.xcore.vss__t17                 5.61214e-06
xc1.xcore.ibias__t33                   1.13263
xc1.xcore.tail__t243                   1.35961
xc1.xcore.vss__t402                2.17187e-13
xc1.xcore.tail__t143                   1.35961
xc1.xcore.ibias__t34                   1.13263
xc1.xcore.vss__t121                 5.8099e-06
xc1.xcore.vss__t403                 2.2484e-13
xc1.xcore.vss__t18                 6.00795e-06
xc1.xcore.ibias__t35                   1.13263
xc1.xcore.tail__t244                   1.35961
xc1.xcore.vss__t404                2.32504e-13
xc1.xcore.tail__t144                   1.35961
xc1.xcore.ibias__t36                   1.13263
xc1.xcore.vss__t122                6.20625e-06
xc1.xcore.vss__t405                2.40178e-13
xc1.xcore.vss__t19                  6.4048e-06
xc1.xcore.ibias__t37                   1.13263
xc1.xcore.tail__t245                   1.35961
xc1.xcore.vss__t406                2.47861e-13
xc1.xcore.tail__t145                   1.35961
xc1.xcore.ibias__t38                   1.13263
xc1.xcore.vss__t123                6.60355e-06
xc1.xcore.vss__t407                2.55553e-13
xc1.xcore.vss__t20                  6.8025e-06
xc1.xcore.ibias__t39                   1.13263
xc1.xcore.tail__t246                   1.35961
xc1.xcore.vss__t408                2.63251e-13
xc1.xcore.tail__t146                   1.35961
xc1.xcore.ibias__t40                   1.13263
xc1.xcore.vss__t124                7.00163e-06
xc1.xcore.vss__t409                2.70957e-13
xc1.xcore.vss__t8                  7.20093e-06
xc1.xcore.ibias__t12                   1.13263
xc1.xcore.tail__t234                   1.35961
xc1.xcore.vss__t410                2.78669e-13
xc1.xcore.tail__t135                   1.35961
xc1.xcore.ibias__t21                   1.13263
xc1.xcore.vss__t113                7.40037e-06
xc1.xcore.vss__t411                2.86387e-13
xc1.xcore.vss__t9                  7.59995e-06
xc1.xcore.ibias__t13                   1.13263
xc1.xcore.tail__t235                   1.35961
xc1.xcore.vss__t412                2.94111e-13
xc1.xcore.tail__t131                   1.35961
xc1.xcore.ibias__t14                   1.13263
xc1.xcore.vss__t109                7.79966e-06
xc1.xcore.vss__t413                3.01839e-13
xc1.xcore.vss__t10                 7.99949e-06
xc1.xcore.ibias__t15                   1.13263
xc1.xcore.tail__t236                   1.35961
xc1.xcore.vss__t414                3.09571e-13
xc1.xcore.tail__t134                   1.35961
xc1.xcore.ibias__t20                   1.13263
xc1.xcore.vss__t112                8.19942e-06
xc1.xcore.vss__t415                3.17308e-13
xc1.xcore.vss__t12                 8.39946e-06
xc1.xcore.ibias__t19                   1.13263
xc1.xcore.tail__t238                   1.35961
xc1.xcore.vss__t416                3.25049e-13
xc1.xcore.tail__t133                   1.35961
xc1.xcore.ibias__t18                   1.13263
xc1.xcore.vss__t111                8.59959e-06
xc1.xcore.vss__t417                3.32794e-13
xc1.xcore.vss__t11                 8.79982e-06
xc1.xcore.ibias__t17                   1.13263
xc1.xcore.tail__t237                   1.35961
xc1.xcore.vss__t418                3.40541e-13
xc1.xcore.tail__t132                   1.35961
xc1.xcore.ibias__t16                   1.13263
xc1.xcore.vss__t110                9.00012e-06
xc1.xcore.vss__t419                3.48292e-13
xc1.xcore.vss__t7                   9.2005e-06
xc1.xcore.ibias__t11                   1.13263
xc1.xcore.tail__t233                   1.35961
xc1.xcore.vss__t420                3.56046e-13
xc1.xcore.tail__t136                   1.35961
xc1.xcore.ibias__t22                   1.13263
xc1.xcore.vss__t114                9.40095e-06
xc1.xcore.vss__t421                3.63803e-13
xc1.xcore.vss__t23                 9.60147e-06
xc1.xcore.ibias__t45                   1.13263
xc1.xcore.tail__t249                   1.35961
xc1.xcore.vss__t422                3.71562e-13
xc1.xcore.tail__t150                   1.35961
xc1.xcore.ibias__t46                   1.13263
xc1.xcore.vss__t127                9.80205e-06
xc1.xcore.vss__t423                3.79324e-13
xc1.xcore.vss__t24                 1.00027e-05
xc1.xcore.ibias__t47                   1.13263
xc1.xcore.tail__t250                   1.35961
xc1.xcore.vss__t424                3.87088e-13
xc1.xcore.tail__t151                   1.35961
xc1.xcore.ibias__t48                   1.13263
xc1.xcore.vss__t128                1.02034e-05
xc1.xcore.vss__t425                3.94854e-13
xc1.xcore.vss__t25                 1.04041e-05
xc1.xcore.ibias__t49                   1.13263
xc1.xcore.tail__t251                   1.35961
xc1.xcore.vss__t426                4.02622e-13
xc1.xcore.tail__t152                   1.35961
xc1.xcore.ibias__t50                   1.13263
xc1.xcore.vss__t129                1.06049e-05
xc1.xcore.vss__t427                4.10392e-13
xc1.xcore.vss__t32                 1.08058e-05
xc1.xcore.ibias__t61                   1.13263
xc1.xcore.tail__t258                   1.35961
xc1.xcore.vss__t428                4.18164e-13
xc1.xcore.tail__t153                    1.3596
xc1.xcore.ibias__t51                   1.13263
xc1.xcore.vss__t130                1.10067e-05
xc1.xcore.vss__t429                4.25938e-13
xc1.xcore.vss__t27                 1.12076e-05
xc1.xcore.ibias__t52                   1.13263
xc1.xcore.tail__t253                    1.3596
xc1.xcore.vss__t430                4.33713e-13
xc1.xcore.tail__t154                    1.3596
xc1.xcore.ibias__t53                   1.13263
xc1.xcore.vss__t131                1.14086e-05
xc1.xcore.vss__t431                4.41489e-13
xc1.xcore.vss__t28                 1.16096e-05
xc1.xcore.ibias__t54                   1.13263
xc1.xcore.tail__t254                    1.3596
xc1.xcore.vss__t432                4.49267e-13
xc1.xcore.tail__t155                    1.3596
xc1.xcore.ibias__t55                   1.13263
xc1.xcore.vss__t132                1.18106e-05
xc1.xcore.vss__t433                4.57047e-13
xc1.xcore.vss__t29                 1.20117e-05
xc1.xcore.ibias__t56                   1.13263
xc1.xcore.tail__t255                    1.3596
xc1.xcore.vss__t434                4.64827e-13
xc1.xcore.tail__t156                    1.3596
xc1.xcore.ibias__t57                   1.13263
xc1.xcore.vss__t133                1.22128e-05
xc1.xcore.vss__t435                4.72609e-13
xc1.xcore.vss__t30                 1.24139e-05
xc1.xcore.ibias__t58                   1.13263
xc1.xcore.tail__t256                    1.3596
xc1.xcore.vss__t436                4.80392e-13
xc1.xcore.tail__t157                    1.3596
xc1.xcore.ibias__t59                   1.13263
xc1.xcore.vss__t134                1.26151e-05
xc1.xcore.vss__t437                4.88176e-13
xc1.xcore.vss__t31                 1.28163e-05
xc1.xcore.ibias__t60                   1.13263
xc1.xcore.tail__t257                    1.3596
xc1.xcore.vss__t438                4.95962e-13
xc1.xcore.tail__t211                    1.3596
xc1.xcore.ibias__t176                  1.13263
xc1.xcore.vss__t193                1.30175e-05
xc1.xcore.vss__t439                5.03748e-13
xc1.xcore.vss__t88                 1.32188e-05
xc1.xcore.ibias__t175                  1.13263
xc1.xcore.tail__t311                    1.3596
xc1.xcore.vss__t440                5.11535e-13
xc1.xcore.tail__t165                    1.3596
xc1.xcore.ibias__t79                   1.13263
xc1.xcore.vss__t142                  1.342e-05
xc1.xcore.vss__t441                5.19323e-13
xc1.xcore.vss__t43                 1.36213e-05
xc1.xcore.ibias__t80                   1.13263
xc1.xcore.tail__t269                    1.3596
xc1.xcore.vss__t442                5.27112e-13
xc1.xcore.tail__t166                    1.3596
xc1.xcore.ibias__t81                   1.13263
xc1.xcore.vss__t143                1.38227e-05
xc1.xcore.vss__t443                5.34901e-13
xc1.xcore.vss__t38                  1.4024e-05
xc1.xcore.ibias__t71                   1.13263
xc1.xcore.tail__t264                    1.3596
xc1.xcore.vss__t444                5.42692e-13
xc1.xcore.tail__t147                    1.3596
xc1.xcore.ibias__t42                   1.13263
xc1.xcore.vss__t125                1.42253e-05
xc1.xcore.vss__t445                5.50483e-13
xc1.xcore.vss__t22                 1.44267e-05
xc1.xcore.ibias__t43                   1.13263
xc1.xcore.tail__t248                    1.3596
xc1.xcore.vss__t446                5.58275e-13
xc1.xcore.tail__t148                    1.3596
xc1.xcore.ibias__t44                   1.13263
xc1.xcore.vss__t126                1.46281e-05
xc1.xcore.vss__t447                5.66068e-13
xc1.xcore.vss__t0                  1.48295e-05
xc1.xcore.ibias__t1                    1.13263
xc1.xcore.tail__t149                    1.3596
xc1.xcore.vss__t456                5.73861e-13
xc1.xcore.tail__t229                   1.35956
xc1.xcore.ibias__t2                    1.13263
xc1.xcore.vss__t1                  2.54546e-05
xc1.xcore.vss__t458                 9.8485e-13
xc1.xcore.vss__t189                2.52528e-05
xc1.xcore.ibias__t170                  1.13263
xc1.xcore.tail__t228                   1.35957
xc1.xcore.vss__t250                9.77044e-13
xc1.xcore.tail__t209                   1.35957
xc1.xcore.ibias__t169                  1.13263
xc1.xcore.vss__t188                 2.5051e-05
xc1.xcore.vss__t251                9.69237e-13
xc1.xcore.vss__t86                 2.48492e-05
xc1.xcore.ibias__t168                  1.13263
xc1.xcore.tail__t309                   1.35957
xc1.xcore.vss__t252                 9.6143e-13
xc1.xcore.tail__t208                   1.35957
xc1.xcore.ibias__t167                  1.13263
xc1.xcore.vss__t187                2.46474e-05
xc1.xcore.vss__t253                9.53624e-13
xc1.xcore.vss__t85                 2.44456e-05
xc1.xcore.ibias__t166                  1.13263
xc1.xcore.tail__t308                   1.35957
xc1.xcore.vss__t254                9.45817e-13
xc1.xcore.tail__t207                   1.35957
xc1.xcore.ibias__t165                  1.13263
xc1.xcore.vss__t186                2.42438e-05
xc1.xcore.vss__t255                9.38011e-13
xc1.xcore.vss__t84                  2.4042e-05
xc1.xcore.ibias__t164                  1.13263
xc1.xcore.tail__t307                   1.35957
xc1.xcore.vss__t256                9.30205e-13
xc1.xcore.tail__t210                   1.35957
xc1.xcore.ibias__t173                  1.13263
xc1.xcore.vss__t191                2.38402e-05
xc1.xcore.vss__t257                9.22399e-13
xc1.xcore.vss__t87                 2.36384e-05
xc1.xcore.ibias__t172                  1.13263
xc1.xcore.tail__t310                   1.35957
xc1.xcore.vss__t258                9.14593e-13
xc1.xcore.tail__t219                   1.35957
xc1.xcore.ibias__t195                  1.13263
xc1.xcore.vss__t201                2.34366e-05
xc1.xcore.vss__t259                9.06787e-13
xc1.xcore.vss__t99                 2.32349e-05
xc1.xcore.ibias__t194                  1.13263
xc1.xcore.tail__t321                   1.35957
xc1.xcore.vss__t260                8.98981e-13
xc1.xcore.tail__t227                   1.35957
xc1.xcore.ibias__t209                  1.13263
xc1.xcore.vss__t209                2.30331e-05
xc1.xcore.vss__t261                8.91176e-13
xc1.xcore.vss__t97                 2.28313e-05
xc1.xcore.ibias__t192                  1.13263
xc1.xcore.tail__t319                   1.35957
xc1.xcore.vss__t262                 8.8337e-13
xc1.xcore.tail__t218                   1.35957
xc1.xcore.ibias__t191                  1.13263
xc1.xcore.vss__t200                2.26296e-05
xc1.xcore.vss__t263                8.75565e-13
xc1.xcore.vss__t96                 2.24278e-05
xc1.xcore.ibias__t190                  1.13263
xc1.xcore.tail__t318                   1.35957
xc1.xcore.vss__t264                 8.6776e-13
xc1.xcore.tail__t217                   1.35957
xc1.xcore.ibias__t189                  1.13263
xc1.xcore.vss__t199                2.22261e-05
xc1.xcore.vss__t265                8.59955e-13
xc1.xcore.vss__t95                 2.20243e-05
xc1.xcore.ibias__t188                  1.13263
xc1.xcore.tail__t317                   1.35957
xc1.xcore.vss__t266                 8.5215e-13
xc1.xcore.tail__t216                   1.35957
xc1.xcore.ibias__t187                  1.13263
xc1.xcore.vss__t198                2.18226e-05
xc1.xcore.vss__t267                8.44345e-13
xc1.xcore.vss__t94                 2.16208e-05
xc1.xcore.ibias__t186                  1.13263
xc1.xcore.tail__t316                   1.35957
xc1.xcore.vss__t268                8.36541e-13
xc1.xcore.tail__t215                   1.35957
xc1.xcore.ibias__t185                  1.13263
xc1.xcore.vss__t197                2.14191e-05
xc1.xcore.vss__t269                8.28736e-13
xc1.xcore.vss__t93                 2.12174e-05
xc1.xcore.ibias__t184                  1.13263
xc1.xcore.tail__t315                   1.35957
xc1.xcore.vss__t270                8.20932e-13
xc1.xcore.tail__t214                   1.35957
xc1.xcore.ibias__t183                  1.13263
xc1.xcore.vss__t196                2.10156e-05
xc1.xcore.vss__t271                8.13128e-13
xc1.xcore.vss__t92                 2.08139e-05
xc1.xcore.ibias__t182                  1.13263
xc1.xcore.tail__t314                   1.35957
xc1.xcore.vss__t272                8.05325e-13
xc1.xcore.tail__t213                   1.35957
xc1.xcore.ibias__t181                  1.13263
xc1.xcore.vss__t195                2.06122e-05
xc1.xcore.vss__t273                7.97521e-13
xc1.xcore.vss__t91                 2.04105e-05
xc1.xcore.ibias__t180                  1.13263
xc1.xcore.tail__t313                   1.35957
xc1.xcore.vss__t274                7.89718e-13
xc1.xcore.tail__t212                   1.35957
xc1.xcore.ibias__t179                  1.13263
xc1.xcore.vss__t194                2.02088e-05
xc1.xcore.vss__t275                7.81915e-13
xc1.xcore.vss__t90                 2.00071e-05
xc1.xcore.ibias__t178                  1.13263
xc1.xcore.tail__t312                   1.35957
xc1.xcore.vss__t276                7.74112e-13
xc1.xcore.tail__t206                   1.35957
xc1.xcore.ibias__t161                  1.13263
xc1.xcore.vss__t184                1.98054e-05
xc1.xcore.vss__t277                7.66309e-13
xc1.xcore.vss__t57                 1.96037e-05
xc1.xcore.ibias__t112                  1.13263
xc1.xcore.tail__t283                   1.35957
xc1.xcore.vss__t278                7.58507e-13
xc1.xcore.tail__t183                   1.35957
xc1.xcore.ibias__t111                  1.13263
xc1.xcore.vss__t160                1.94021e-05
xc1.xcore.vss__t279                7.50704e-13
xc1.xcore.vss__t56                 1.92004e-05
xc1.xcore.ibias__t110                  1.13263
xc1.xcore.tail__t282                   1.35958
xc1.xcore.vss__t280                7.42902e-13
xc1.xcore.tail__t182                   1.35958
xc1.xcore.ibias__t109                  1.13263
xc1.xcore.vss__t159                1.89987e-05
xc1.xcore.vss__t281                7.35101e-13
xc1.xcore.vss__t55                 1.87971e-05
xc1.xcore.ibias__t108                  1.13263
xc1.xcore.tail__t281                   1.35958
xc1.xcore.vss__t282                7.27299e-13
xc1.xcore.tail__t181                   1.35958
xc1.xcore.ibias__t107                  1.13263
xc1.xcore.vss__t158                1.85954e-05
xc1.xcore.vss__t283                7.19498e-13
xc1.xcore.vss__t54                 1.83938e-05
xc1.xcore.ibias__t106                  1.13263
xc1.xcore.tail__t280                   1.35958
xc1.xcore.vss__t284                7.11697e-13
xc1.xcore.tail__t180                   1.35958
xc1.xcore.ibias__t105                  1.13263
xc1.xcore.vss__t157                1.81922e-05
xc1.xcore.vss__t285                7.03897e-13
xc1.xcore.vss__t53                 1.79905e-05
xc1.xcore.ibias__t104                  1.13263
xc1.xcore.tail__t279                   1.35958
xc1.xcore.vss__t286                6.96097e-13
xc1.xcore.tail__t205                   1.35958
xc1.xcore.ibias__t156                  1.13263
xc1.xcore.vss__t182                1.77889e-05
xc1.xcore.vss__t287                6.88297e-13
xc1.xcore.vss__t79                 1.75873e-05
xc1.xcore.ibias__t155                  1.13263
xc1.xcore.tail__t305                   1.35958
xc1.xcore.vss__t288                6.80497e-13
xc1.xcore.tail__t204                   1.35958
xc1.xcore.ibias__t154                  1.13263
xc1.xcore.vss__t181                1.73857e-05
xc1.xcore.vss__t289                6.72698e-13
xc1.xcore.vss__t78                 1.71842e-05
xc1.xcore.ibias__t153                  1.13263
xc1.xcore.tail__t304                   1.35958
xc1.xcore.vss__t290                  6.649e-13
xc1.xcore.tail__t203                   1.35958
xc1.xcore.ibias__t152                  1.13263
xc1.xcore.vss__t180                1.69826e-05
xc1.xcore.vss__t291                6.57101e-13
xc1.xcore.vss__t77                  1.6781e-05
xc1.xcore.ibias__t151                  1.13263
xc1.xcore.tail__t303                   1.35958
xc1.xcore.vss__t292                6.49303e-13
xc1.xcore.tail__t202                   1.35958
xc1.xcore.ibias__t150                  1.13263
xc1.xcore.vss__t179                1.65795e-05
xc1.xcore.vss__t293                6.41506e-13
xc1.xcore.vss__t76                  1.6378e-05
xc1.xcore.ibias__t149                  1.13263
xc1.xcore.tail__t302                   1.35958
xc1.xcore.vss__t294                6.33708e-13
xc1.xcore.tail__t201                   1.35958
xc1.xcore.ibias__t148                  1.13263
xc1.xcore.vss__t178                1.61764e-05
xc1.xcore.vss__t295                6.25912e-13
xc1.xcore.vss__t75                 1.59749e-05
xc1.xcore.ibias__t147                  1.13263
xc1.xcore.tail__t301                   1.35958
xc1.xcore.vss__t296                6.18116e-13
xc1.xcore.tail__t200                   1.35958
xc1.xcore.ibias__t146                  1.13263
xc1.xcore.vss__t177                1.57734e-05
xc1.xcore.vss__t297                 6.1032e-13
xc1.xcore.vss__t98                 1.55719e-05
xc1.xcore.ibias__t193                  1.13263
xc1.xcore.tail__t320                   1.35958
xc1.xcore.vss__t298                6.02525e-13
xc1.xcore.tail__t226                   1.35958
xc1.xcore.ibias__t208                  1.13263
xc1.xcore.vss__t208                1.53705e-05
xc1.xcore.vss__t299                 5.9473e-13
xc1.xcore.vss__t105                 1.5169e-05
xc1.xcore.ibias__t207                  1.13263
xc1.xcore.tail__t327                   1.35958
xc1.xcore.vss__t300                5.86936e-13
xc1.xcore.tail__t225                   1.35958
xc1.xcore.ibias__t206                  1.13263
xc1.xcore.vss__t207                1.49676e-05
xc1.xcore.vss__t301                5.79143e-13
xc1.xcore.vss__t104                1.47662e-05
xc1.xcore.ibias__t205                  1.13263
xc1.xcore.tail__t326                   1.35958
xc1.xcore.vss__t302                 5.7135e-13
xc1.xcore.tail__t224                   1.35958
xc1.xcore.ibias__t204                  1.13263
xc1.xcore.vss__t206                1.45648e-05
xc1.xcore.vss__t303                5.63557e-13
xc1.xcore.vss__t103                1.43634e-05
xc1.xcore.ibias__t203                  1.13263
xc1.xcore.tail__t325                   1.35958
xc1.xcore.vss__t304                5.55766e-13
xc1.xcore.tail__t223                   1.35958
xc1.xcore.ibias__t202                  1.13263
xc1.xcore.vss__t205                 1.4162e-05
xc1.xcore.vss__t305                5.47975e-13
xc1.xcore.vss__t102                1.39607e-05
xc1.xcore.ibias__t201                  1.13263
xc1.xcore.tail__t324                   1.35958
xc1.xcore.vss__t306                5.40185e-13
xc1.xcore.tail__t222                   1.35958
xc1.xcore.ibias__t200                  1.13263
xc1.xcore.vss__t204                1.37593e-05
xc1.xcore.vss__t307                5.32395e-13
xc1.xcore.vss__t101                 1.3558e-05
xc1.xcore.ibias__t199                  1.13263
xc1.xcore.tail__t323                   1.35958
xc1.xcore.vss__t308                5.24607e-13
xc1.xcore.tail__t221                   1.35958
xc1.xcore.ibias__t198                  1.13263
xc1.xcore.vss__t203                1.33567e-05
xc1.xcore.vss__t309                5.16819e-13
xc1.xcore.vss__t100                1.31555e-05
xc1.xcore.ibias__t197                  1.13263
xc1.xcore.tail__t322                   1.35959
xc1.xcore.vss__t310                5.09032e-13
xc1.xcore.tail__t220                   1.35959
xc1.xcore.ibias__t196                  1.13263
xc1.xcore.vss__t202                1.29542e-05
xc1.xcore.vss__t311                5.01246e-13
xc1.xcore.vss__t80                  1.2753e-05
xc1.xcore.ibias__t157                  1.13263
xc1.xcore.tail__t306                   1.35959
xc1.xcore.vss__t312                4.93461e-13
xc1.xcore.tail__t185                   1.35959
xc1.xcore.ibias__t116                  1.13263
xc1.xcore.vss__t162                1.25518e-05
xc1.xcore.vss__t313                4.85677e-13
xc1.xcore.vss__t59                 1.23507e-05
xc1.xcore.ibias__t115                  1.13263
xc1.xcore.tail__t285                   1.35959
xc1.xcore.vss__t314                4.77894e-13
xc1.xcore.tail__t184                   1.35959
xc1.xcore.ibias__t114                  1.13263
xc1.xcore.vss__t161                1.21495e-05
xc1.xcore.vss__t315                4.70112e-13
xc1.xcore.vss__t71                 1.19484e-05
xc1.xcore.ibias__t139                  1.13263
xc1.xcore.tail__t297                   1.35959
xc1.xcore.vss__t316                4.62331e-13
xc1.xcore.tail__t196                   1.35959
xc1.xcore.ibias__t138                  1.13263
xc1.xcore.vss__t173                1.17474e-05
xc1.xcore.vss__t317                4.54552e-13
xc1.xcore.vss__t70                 1.15463e-05
xc1.xcore.ibias__t137                  1.13263
xc1.xcore.tail__t296                   1.35959
xc1.xcore.vss__t318                4.46774e-13
xc1.xcore.tail__t195                   1.35959
xc1.xcore.ibias__t136                  1.13263
xc1.xcore.vss__t172                1.13453e-05
xc1.xcore.vss__t319                4.38997e-13
xc1.xcore.vss__t69                 1.11444e-05
xc1.xcore.ibias__t135                  1.13263
xc1.xcore.tail__t295                   1.35959
xc1.xcore.vss__t320                4.31222e-13
xc1.xcore.tail__t194                   1.35959
xc1.xcore.ibias__t134                  1.13263
xc1.xcore.vss__t171                1.09435e-05
xc1.xcore.vss__t321                4.23448e-13
xc1.xcore.vss__t61                 1.07426e-05
xc1.xcore.ibias__t119                  1.13263
xc1.xcore.tail__t287                   1.35959
xc1.xcore.vss__t322                4.15676e-13
xc1.xcore.tail__t179                   1.35959
xc1.xcore.ibias__t103                  1.13263
xc1.xcore.vss__t156                1.05418e-05
xc1.xcore.vss__t323                4.07905e-13
xc1.xcore.vss__t48                  1.0341e-05
xc1.xcore.ibias__t92                   1.13263
xc1.xcore.tail__t274                   1.35959
xc1.xcore.vss__t324                4.00137e-13
xc1.xcore.tail__t178                   1.35959
xc1.xcore.ibias__t102                  1.13263
xc1.xcore.vss__t155                1.01402e-05
xc1.xcore.vss__t325                 3.9237e-13
xc1.xcore.vss__t52                 9.93957e-06
xc1.xcore.ibias__t101                  1.13263
xc1.xcore.tail__t278                   1.35959
xc1.xcore.vss__t326                3.84605e-13
xc1.xcore.tail__t177                   1.35959
xc1.xcore.ibias__t100                  1.13263
xc1.xcore.vss__t154                9.73894e-06
xc1.xcore.vss__t327                3.76843e-13
xc1.xcore.vss__t51                 9.53838e-06
xc1.xcore.ibias__t99                   1.13263
xc1.xcore.tail__t277                   1.35959
xc1.xcore.vss__t328                3.69083e-13
xc1.xcore.tail__t176                   1.35959
xc1.xcore.ibias__t98                   1.13263
xc1.xcore.vss__t153                9.33788e-06
xc1.xcore.vss__t329                3.61325e-13
xc1.xcore.vss__t58                 9.13745e-06
xc1.xcore.ibias__t113                  1.13263
xc1.xcore.tail__t284                   1.35959
xc1.xcore.vss__t330                 3.5357e-13
xc1.xcore.tail__t174                   1.35959
xc1.xcore.ibias__t96                   1.13263
xc1.xcore.vss__t151                 8.9371e-06
xc1.xcore.vss__t331                3.45818e-13
xc1.xcore.vss__t50                 8.73682e-06
xc1.xcore.ibias__t95                   1.13263
xc1.xcore.tail__t276                   1.35959
xc1.xcore.vss__t332                3.38069e-13
xc1.xcore.tail__t173                   1.35959
xc1.xcore.ibias__t94                   1.13263
xc1.xcore.vss__t150                8.53663e-06
xc1.xcore.vss__t333                3.30323e-13
xc1.xcore.vss__t49                 8.33652e-06
xc1.xcore.ibias__t93                   1.13263
xc1.xcore.tail__t275                   1.35959
xc1.xcore.vss__t334                 3.2258e-13
xc1.xcore.tail__t172                   1.35959
xc1.xcore.ibias__t91                   1.13263
xc1.xcore.vss__t149                8.13652e-06
xc1.xcore.vss__t335                3.14841e-13
xc1.xcore.vss__t47                 7.93661e-06
xc1.xcore.ibias__t90                   1.13263
xc1.xcore.tail__t273                   1.35959
xc1.xcore.vss__t336                3.07106e-13
xc1.xcore.tail__t171                   1.35959
xc1.xcore.ibias__t89                   1.13263
xc1.xcore.vss__t148                7.73682e-06
xc1.xcore.vss__t337                2.99376e-13
xc1.xcore.vss__t46                 7.53715e-06
xc1.xcore.ibias__t88                   1.13263
xc1.xcore.tail__t272                   1.35959
xc1.xcore.vss__t338                 2.9165e-13
xc1.xcore.tail__t170                   1.35959
xc1.xcore.ibias__t87                   1.13263
xc1.xcore.vss__t147                7.33761e-06
xc1.xcore.vss__t339                2.83929e-13
xc1.xcore.vss__t45                 7.13822e-06
xc1.xcore.ibias__t86                   1.13263
xc1.xcore.tail__t271                   1.35959
xc1.xcore.vss__t340                2.76214e-13
xc1.xcore.tail__t169                    1.3596
xc1.xcore.ibias__t85                   1.13263
xc1.xcore.vss__t146                6.93897e-06
xc1.xcore.vss__t341                2.68505e-13
xc1.xcore.vss__t44                  6.7399e-06
xc1.xcore.ibias__t84                   1.13263
xc1.xcore.tail__t270                    1.3596
xc1.xcore.vss__t342                2.60802e-13
xc1.xcore.tail__t168                    1.3596
xc1.xcore.ibias__t83                   1.13263
xc1.xcore.vss__t145                6.54101e-06
xc1.xcore.vss__t343                2.53106e-13
xc1.xcore.vss__t66                 6.34232e-06
xc1.xcore.ibias__t129                  1.13263
xc1.xcore.tail__t292                    1.3596
xc1.xcore.vss__t344                2.45418e-13
xc1.xcore.tail__t199                    1.3596
xc1.xcore.ibias__t144                  1.13263
xc1.xcore.vss__t176                6.14385e-06
xc1.xcore.vss__t345                2.37738e-13
xc1.xcore.vss__t73                 5.94562e-06
xc1.xcore.ibias__t143                  1.13263
xc1.xcore.tail__t299                    1.3596
xc1.xcore.vss__t346                2.30068e-13
xc1.xcore.tail__t198                    1.3596
xc1.xcore.ibias__t142                  1.13263
xc1.xcore.vss__t175                5.74766e-06
xc1.xcore.vss__t347                2.22408e-13
xc1.xcore.vss__t72                 5.54999e-06
xc1.xcore.ibias__t141                  1.13263
xc1.xcore.tail__t298                    1.3596
xc1.xcore.vss__t348                 2.1476e-13
xc1.xcore.outp__t53                    2.79473
xc1.xcore.inp__t1                        2.805
xc1.xcore.tail__t0                     1.35967
xc1.xcore.vss__t460                2.06359e-12
xc1.xcore.tail__t119                   1.35967
xc1.xcore.inp__t53                       2.805
xc1.xcore.outp__t52                    2.79473
xc1.xcore.vss__t462                 2.0831e-12
xc1.xcore.outp__t46                    2.79473
xc1.xcore.inp__t52                       2.805
xc1.xcore.tail__t118                   1.35967
xc1.xcore.vss__t463                2.10261e-12
xc1.xcore.tail__t58                    1.35967
xc1.xcore.inp__t61                       2.805
xc1.xcore.outp__t82                    2.79473
xc1.xcore.vss__t464                2.12213e-12
xc1.xcore.outp__t30                    2.79472
xc1.xcore.inp__t24                       2.805
xc1.xcore.tail__t98                    1.35967
xc1.xcore.vss__t465                2.14164e-12
xc1.xcore.tail__t38                    1.35968
xc1.xcore.inp__t23                       2.805
xc1.xcore.outp__t64                    2.79472
xc1.xcore.vss__t466                2.16115e-12
xc1.xcore.outp__t29                    2.79472
xc1.xcore.inp__t22                       2.805
xc1.xcore.tail__t97                    1.35968
xc1.xcore.vss__t467                2.18066e-12
xc1.xcore.tail__t37                    1.35968
xc1.xcore.inp__t21                       2.805
xc1.xcore.outp__t63                    2.79472
xc1.xcore.vss__t468                2.20018e-12
xc1.xcore.outp__t28                    2.79472
xc1.xcore.inp__t20                       2.805
xc1.xcore.tail__t96                    1.35968
xc1.xcore.vss__t469                2.21969e-12
xc1.xcore.tail__t36                    1.35968
xc1.xcore.inp__t19                       2.805
xc1.xcore.outp__t62                    2.79472
xc1.xcore.vss__t470                 2.2392e-12
xc1.xcore.outp__t27                    2.79471
xc1.xcore.inp__t18                       2.805
xc1.xcore.tail__t95                    1.35968
xc1.xcore.vss__t471                2.25872e-12
xc1.xcore.tail__t35                    1.35968
xc1.xcore.inp__t17                       2.805
xc1.xcore.outp__t61                    2.79471
xc1.xcore.vss__t472                2.27823e-12
xc1.xcore.outp__t26                    2.79471
xc1.xcore.inp__t16                       2.805
xc1.xcore.tail__t94                    1.35968
xc1.xcore.vss__t473                2.29774e-12
xc1.xcore.tail__t33                    1.35968
xc1.xcore.inp__t15                       2.805
xc1.xcore.outp__t60                    2.79471
xc1.xcore.vss__t474                2.31726e-12
xc1.xcore.outp__t47                    2.79471
xc1.xcore.inp__t54                       2.805
xc1.xcore.tail__t120                   1.35968
xc1.xcore.vss__t475                2.33677e-12
xc1.xcore.tail__t54                    1.35968
xc1.xcore.inp__t55                       2.805
xc1.xcore.outp__t78                    2.79471
xc1.xcore.vss__t476                2.35628e-12
xc1.xcore.outp__t51                     2.7947
xc1.xcore.inp__t63                       2.805
xc1.xcore.tail__t126                   1.35968
xc1.xcore.vss__t477                 2.3758e-12
xc1.xcore.tail__t57                    1.35969
xc1.xcore.inp__t60                       2.805
xc1.xcore.outp__t81                     2.7947
xc1.xcore.vss__t478                2.39531e-12
xc1.xcore.outp__t49                     2.7947
xc1.xcore.inp__t59                       2.805
xc1.xcore.tail__t122                   1.35969
xc1.xcore.vss__t479                2.41483e-12
xc1.xcore.tail__t56                    1.35969
xc1.xcore.inp__t58                       2.805
xc1.xcore.outp__t80                     2.7947
xc1.xcore.vss__t480                2.43434e-12
xc1.xcore.outp__t48                     2.7947
xc1.xcore.inp__t57                       2.805
xc1.xcore.tail__t121                   1.35969
xc1.xcore.vss__t481                2.45386e-12
xc1.xcore.tail__t55                    1.35969
xc1.xcore.inp__t56                       2.805
xc1.xcore.outp__t79                     2.7947
xc1.xcore.vss__t482                2.47337e-12
xc1.xcore.outp__t24                     2.7947
xc1.xcore.inp__t11                       2.805
xc1.xcore.tail__t92                    1.35969
xc1.xcore.vss__t483                2.49288e-12
xc1.xcore.tail__t30                    1.35969
xc1.xcore.inp__t10                       2.805
xc1.xcore.outp__t57                    2.79469
xc1.xcore.vss__t484                 2.5124e-12
xc1.xcore.outp__t23                    2.79469
xc1.xcore.inp__t9                        2.805
xc1.xcore.tail__t88                    1.35969
xc1.xcore.vss__t485                2.53191e-12
xc1.xcore.tail__t32                    1.35969
xc1.xcore.inp__t14                       2.805
xc1.xcore.outp__t59                    2.79469
xc1.xcore.vss__t486                2.55143e-12
xc1.xcore.outp__t25                    2.79469
xc1.xcore.inp__t13                       2.805
xc1.xcore.tail__t93                    1.35969
xc1.xcore.vss__t487                2.57094e-12
xc1.xcore.tail__t60                    1.35969
xc1.xcore.inp__t0                        2.805
xc1.xcore.outp__t83                    2.79469
xc1.xcore.vss__t488                2.59045e-12
xc1.xcore.outp__t50                    2.79469
xc1.xcore.inp__t62                       2.805
xc1.xcore.tail__t123                   1.35969
xc1.xcore.vss__t489                2.60997e-12
xc1.xcore.tail__t42                    1.35969
xc1.xcore.inp__t29                       2.805
xc1.xcore.outp__t67                    2.79468
xc1.xcore.vss__t490                2.62948e-12
xc1.xcore.outp__t32                    2.79468
xc1.xcore.inp__t28                       2.805
xc1.xcore.tail__t102                    1.3597
xc1.xcore.vss__t491                2.64899e-12
xc1.xcore.tail__t41                     1.3597
xc1.xcore.inp__t27                       2.805
xc1.xcore.outp__t66                    2.79468
xc1.xcore.vss__t492                2.66851e-12
xc1.xcore.outp__t31                    2.79468
xc1.xcore.inp__t26                       2.805
xc1.xcore.tail__t101                    1.3597
xc1.xcore.vss__t493                2.68802e-12
xc1.xcore.tail__t40                     1.3597
xc1.xcore.inp__t25                       2.805
xc1.xcore.outp__t65                    2.79468
xc1.xcore.vss__t494                2.70753e-12
xc1.xcore.outp__t20                    2.79468
xc1.xcore.inp__t4                        2.805
xc1.xcore.tail__t74                     1.3597
xc1.xcore.vss__t495                2.72705e-12
xc1.xcore.tail__t14                     1.3597
xc1.xcore.inp__t3                        2.805
xc1.xcore.outp__t54                    2.79467
xc1.xcore.vss__t496                2.74656e-12
xc1.xcore.outp__t22                    2.79467
xc1.xcore.inp__t7                        2.805
xc1.xcore.tail__t76                     1.3597
xc1.xcore.vss__t497                2.76607e-12
xc1.xcore.tail__t16                     1.3597
xc1.xcore.inp__t6                        2.805
xc1.xcore.outp__t55                    2.79467
xc1.xcore.vss__t498                2.78558e-12
xc1.xcore.outp__t21                    2.79467
xc1.xcore.inp__t5                        2.805
xc1.xcore.tail__t75                     1.3597
xc1.xcore.vss__t499                 2.8051e-12
xc1.xcore.tail__t19                     1.3597
xc1.xcore.inp__t8                        2.805
xc1.xcore.outp__t56                    2.79467
xc1.xcore.vss__t500                2.82461e-12
xc1.xcore.outp__t45                    2.79467
xc1.xcore.inp__t50                       2.805
xc1.xcore.tail__t116                    1.3597
xc1.xcore.vss__t501                2.84412e-12
xc1.xcore.tail__t51                     1.3597
xc1.xcore.inp__t49                       2.805
xc1.xcore.outp__t76                    2.79466
xc1.xcore.vss__t502                2.86363e-12
xc1.xcore.outp__t44                    2.79466
xc1.xcore.inp__t48                       2.805
xc1.xcore.tail__t115                    1.3597
xc1.xcore.vss__t503                2.88314e-12
xc1.xcore.tail__t50                    1.35971
xc1.xcore.inp__t47                       2.805
xc1.xcore.outp__t75                    2.79466
xc1.xcore.vss__t504                2.90265e-12
xc1.xcore.outp__t43                    2.79466
xc1.xcore.inp__t46                       2.805
xc1.xcore.tail__t114                   1.35971
xc1.xcore.vss__t505                2.92216e-12
xc1.xcore.tail__t49                    1.35971
xc1.xcore.inp__t45                       2.805
xc1.xcore.outp__t74                    2.79466
xc1.xcore.vss__t506                2.94168e-12
xc1.xcore.outp__t42                    2.79466
xc1.xcore.inp__t44                       2.805
xc1.xcore.tail__t113                   1.35971
xc1.xcore.vss__t507                2.96119e-12
xc1.xcore.tail__t48                    1.35971
xc1.xcore.inp__t43                       2.805
xc1.xcore.outp__t73                    2.79465
xc1.xcore.vss__t508                 2.9807e-12
xc1.xcore.outp__t41                    2.79465
xc1.xcore.inp__t42                       2.805
xc1.xcore.tail__t112                   1.35971
xc1.xcore.vss__t509                3.00021e-12
xc1.xcore.tail__t47                    1.35971
xc1.xcore.inp__t41                       2.805
xc1.xcore.outp__t72                    2.79465
xc1.xcore.vss__t510                3.01971e-12
xc1.xcore.outp__t40                    2.79465
xc1.xcore.inp__t40                       2.805
xc1.xcore.tail__t111                   1.35971
xc1.xcore.vss__t511                3.03922e-12
xc1.xcore.tail__t46                    1.35971
xc1.xcore.inp__t39                       2.805
xc1.xcore.outp__t71                    2.79465
xc1.xcore.vss__t512                3.05873e-12
xc1.xcore.outp__t39                    2.79465
xc1.xcore.inp__t38                       2.805
xc1.xcore.tail__t110                   1.35971
xc1.xcore.vss__t513                3.07824e-12
xc1.xcore.tail__t53                    1.35971
xc1.xcore.inp__t51                       2.805
xc1.xcore.outp__t77                    2.79464
xc1.xcore.vss__t514                3.09775e-12
xc1.xcore.outp__t38                    2.79464
xc1.xcore.inp__t37                       2.805
xc1.xcore.tail__t108                   1.35971
xc1.xcore.vss__t515                3.11726e-12
xc1.xcore.tail__t45                    1.35971
xc1.xcore.inp__t36                       2.805
xc1.xcore.outp__t70                    2.79464
xc1.xcore.vss__t516                3.13677e-12
xc1.xcore.outp__t37                    2.79464
xc1.xcore.inp__t35                       2.805
xc1.xcore.tail__t107                   1.35972
xc1.xcore.vss__t517                3.15627e-12
xc1.xcore.tail__t44                    1.35972
xc1.xcore.inp__t34                       2.805
xc1.xcore.outp__t69                    2.79464
xc1.xcore.vss__t518                3.17578e-12
xc1.xcore.outp__t36                    2.79464
xc1.xcore.inp__t33                       2.805
xc1.xcore.tail__t106                   1.35972
xc1.xcore.vss__t519                3.19529e-12
xc1.xcore.tail__t31                    1.35972
xc1.xcore.inp__t12                       2.805
xc1.xcore.outp__t58                    2.79464
xc1.xcore.vss__t520                3.21479e-12
xc1.xcore.outp__t35                    2.79463
xc1.xcore.inp__t32                       2.805
xc1.xcore.tail__t104                   1.35972
xc1.xcore.vss__t521                 3.2343e-12
xc1.xcore.tail__t43                    1.35972
xc1.xcore.inp__t31                       2.805
xc1.xcore.outp__t68                    2.79463
xc1.xcore.vss__t522                3.25381e-12
xc1.xcore.outp__t33                    2.79463
xc1.xcore.inp__t30                       2.805
xc1.xcore.tail__t103                   1.35972
xc1.xcore.vss__t523                3.27331e-12
xc1.xcore.tail__t1                     1.35972
xc1.xcore.inp__t2                        2.805
xc1.xcore.outp__t34                    2.79463
xc1.xcore.vss__t586                3.29282e-12
xc1.xcore.ibias__t215                   1.1299
xc1.xcore.ibias__t3                    1.13263
xc1.xcore.vss__t2                  2.51857e-05
xc1.xcore.vss__t459                 5.7016e-13
xc1.xcore.vss__t81                 2.49859e-05
xc1.xcore.ibias__t158                  1.13263
xc1.xcore.ibias__t216                  1.12993
xc1.xcore.vss__t448                 5.6565e-13
xc1.xcore.ibias__t213                  1.12996
xc1.xcore.ibias__t171                  1.13263
xc1.xcore.vss__t190                2.47861e-05
xc1.xcore.vss__t449                5.61141e-13
xc1.xcore.vss__t83                 2.45863e-05
xc1.xcore.ibias__t163                  1.13263
xc1.xcore.ibias__t218                  1.12999
xc1.xcore.vss__t450                5.56631e-13
xc1.xcore.ibias__t212                  1.13002
xc1.xcore.ibias__t162                  1.13263
xc1.xcore.vss__t185                2.43865e-05
xc1.xcore.vss__t451                5.52121e-13
xc1.xcore.vss__t89                 2.41867e-05
xc1.xcore.ibias__t177                  1.13263
xc1.xcore.ibias__t219                  1.13005
xc1.xcore.vss__t452                5.47611e-13
xc1.xcore.ibias__t211                  1.13008
xc1.xcore.ibias__t160                  1.13263
xc1.xcore.vss__t183                2.39869e-05
xc1.xcore.vss__t453                5.43101e-13
xc1.xcore.vss__t82                  2.3787e-05
xc1.xcore.ibias__t159                  1.13263
xc1.xcore.ibias__t217                  1.13011
xc1.xcore.vss__t454                 5.3859e-13
xc1.xcore.ibias__t214                  1.13014
xc1.xcore.ibias__t174                  1.13263
xc1.xcore.vss__t192                2.35872e-05
xc1.xcore.vss__t455                 5.3408e-13
xc1.xcore.vss__t3                  2.33874e-05
xc1.xcore.ibias__t4                    1.13263
xc1.xcore.ibias__t210                  1.13017
xc1.xcore.vss__t457                5.29569e-13
xc1.xcore.outn__t52                        3.3
xc1.xcore.inn__t1                        1.815
xc1.xcore.tail__t3                     1.35961
xc1.xcore.vss__t461                1.49234e-12
xc1.xcore.tail__t62                    1.35961
xc1.xcore.inn__t58                       1.815
xc1.xcore.outn__t81                        3.3
xc1.xcore.vss__t524                 1.5065e-12
xc1.xcore.outn__t49                        3.3
xc1.xcore.inn__t59                       1.815
xc1.xcore.tail__t124                   1.35961
xc1.xcore.vss__t525                1.52066e-12
xc1.xcore.tail__t63                    1.35961
xc1.xcore.inn__t60                       1.815
xc1.xcore.outn__t82                        3.3
xc1.xcore.vss__t526                1.53483e-12
xc1.xcore.outn__t50                        3.3
xc1.xcore.inn__t61                       1.815
xc1.xcore.tail__t125                   1.35961
xc1.xcore.vss__t527                1.54899e-12
xc1.xcore.tail__t64                    1.35961
xc1.xcore.inn__t62                       1.815
xc1.xcore.outn__t83                        3.3
xc1.xcore.vss__t528                1.56315e-12
xc1.xcore.outn__t46                        3.3
xc1.xcore.inn__t52                       1.815
xc1.xcore.tail__t105                   1.35961
xc1.xcore.vss__t529                1.57732e-12
xc1.xcore.tail__t15                    1.35961
xc1.xcore.inn__t21                       1.815
xc1.xcore.outn__t63                        3.3
xc1.xcore.vss__t530                1.59148e-12
xc1.xcore.outn__t45                        3.3
xc1.xcore.inn__t51                       1.815
xc1.xcore.tail__t100                   1.35961
xc1.xcore.vss__t531                1.60565e-12
xc1.xcore.tail__t34                    1.35961
xc1.xcore.inn__t48                       1.815
xc1.xcore.outn__t76                        3.3
xc1.xcore.vss__t532                1.61981e-12
xc1.xcore.outn__t44                        3.3
xc1.xcore.inn__t50                       1.815
xc1.xcore.tail__t99                    1.35961
xc1.xcore.vss__t533                1.63398e-12
xc1.xcore.tail__t61                    1.35961
xc1.xcore.inn__t57                       1.815
xc1.xcore.outn__t80                        3.3
xc1.xcore.vss__t534                1.64814e-12
xc1.xcore.outn__t40                        3.3
xc1.xcore.inn__t42                       1.815
xc1.xcore.tail__t87                    1.35961
xc1.xcore.vss__t535                1.66231e-12
xc1.xcore.tail__t27                    1.35961
xc1.xcore.inn__t41                       1.815
xc1.xcore.outn__t73                        3.3
xc1.xcore.vss__t536                1.67647e-12
xc1.xcore.outn__t39                        3.3
xc1.xcore.inn__t40                       1.815
xc1.xcore.tail__t86                    1.35961
xc1.xcore.vss__t537                1.69064e-12
xc1.xcore.tail__t26                    1.35961
xc1.xcore.inn__t39                       1.815
xc1.xcore.outn__t72                        3.3
xc1.xcore.vss__t538                1.70481e-12
xc1.xcore.outn__t38                        3.3
xc1.xcore.inn__t38                       1.815
xc1.xcore.tail__t85                    1.35961
xc1.xcore.vss__t539                1.71897e-12
xc1.xcore.tail__t25                    1.35961
xc1.xcore.inn__t37                       1.815
xc1.xcore.outn__t71                        3.3
xc1.xcore.vss__t540                1.73314e-12
xc1.xcore.outn__t47                        3.3
xc1.xcore.inn__t53                       1.815
xc1.xcore.tail__t109                   1.35961
xc1.xcore.vss__t541                1.74731e-12
xc1.xcore.tail__t52                    1.35961
xc1.xcore.inn__t55                       1.815
xc1.xcore.outn__t78                        3.3
xc1.xcore.vss__t542                1.76148e-12
xc1.xcore.outn__t48                        3.3
xc1.xcore.inn__t54                       1.815
xc1.xcore.tail__t117                   1.35961
xc1.xcore.vss__t543                1.77564e-12
xc1.xcore.tail__t39                    1.35961
xc1.xcore.inn__t49                       1.815
xc1.xcore.outn__t77                        3.3
xc1.xcore.vss__t544                1.78981e-12
xc1.xcore.outn__t41                        3.3
xc1.xcore.inn__t43                       1.815
xc1.xcore.tail__t89                    1.35961
xc1.xcore.vss__t545                1.80398e-12
xc1.xcore.tail__t29                    1.35961
xc1.xcore.inn__t47                       1.815
xc1.xcore.outn__t75                        3.3
xc1.xcore.vss__t546                1.81815e-12
xc1.xcore.outn__t43                        3.3
xc1.xcore.inn__t46                       1.815
xc1.xcore.tail__t91                    1.35961
xc1.xcore.vss__t547                1.83232e-12
xc1.xcore.tail__t28                    1.35961
xc1.xcore.inn__t45                       1.815
xc1.xcore.outn__t74                        3.3
xc1.xcore.vss__t548                1.84649e-12
xc1.xcore.outn__t42                        3.3
xc1.xcore.inn__t44                       1.815
xc1.xcore.tail__t90                    1.35961
xc1.xcore.vss__t549                1.86066e-12
xc1.xcore.tail__t59                    1.35961
xc1.xcore.inn__t56                       1.815
xc1.xcore.outn__t79                        3.3
xc1.xcore.vss__t550                1.87483e-12
xc1.xcore.outn__t51                        3.3
xc1.xcore.inn__t63                       1.815
xc1.xcore.tail__t127                   1.35961
xc1.xcore.vss__t551                  1.889e-12
xc1.xcore.tail__t13                    1.35961
xc1.xcore.inn__t19                       1.815
xc1.xcore.outn__t62                        3.3
xc1.xcore.vss__t552                1.90317e-12
xc1.xcore.outn__t28                        3.3
xc1.xcore.inn__t18                       1.815
xc1.xcore.tail__t72                    1.35961
xc1.xcore.vss__t553                1.91734e-12
xc1.xcore.tail__t12                    1.35961
xc1.xcore.inn__t17                       1.815
xc1.xcore.outn__t61                        3.3
xc1.xcore.vss__t554                1.93151e-12
xc1.xcore.outn__t27                        3.3
xc1.xcore.inn__t16                       1.815
xc1.xcore.tail__t71                    1.35961
xc1.xcore.vss__t555                1.94568e-12
xc1.xcore.tail__t11                    1.35961
xc1.xcore.inn__t15                       1.815
xc1.xcore.outn__t60                        3.3
xc1.xcore.vss__t556                1.95985e-12
xc1.xcore.outn__t26                        3.3
xc1.xcore.inn__t14                       1.815
xc1.xcore.tail__t70                    1.35961
xc1.xcore.vss__t557                1.97402e-12
xc1.xcore.tail__t10                    1.35961
xc1.xcore.inn__t13                       1.815
xc1.xcore.outn__t59                        3.3
xc1.xcore.vss__t558                1.98819e-12
xc1.xcore.outn__t25                        3.3
xc1.xcore.inn__t12                       1.815
xc1.xcore.tail__t69                    1.35961
xc1.xcore.vss__t559                2.00236e-12
xc1.xcore.tail__t6                     1.35961
xc1.xcore.inn__t5                        1.815
xc1.xcore.outn__t55                        3.3
xc1.xcore.vss__t560                2.01653e-12
xc1.xcore.outn__t24                        3.3
xc1.xcore.inn__t11                       1.815
xc1.xcore.tail__t68                    1.35961
xc1.xcore.vss__t561                2.03071e-12
xc1.xcore.tail__t4                     1.35961
xc1.xcore.inn__t2                        1.815
xc1.xcore.outn__t53                        3.3
xc1.xcore.vss__t562                2.04488e-12
xc1.xcore.outn__t21                        3.3
xc1.xcore.inn__t3                        1.815
xc1.xcore.tail__t65                    1.35961
xc1.xcore.vss__t563                2.05905e-12
xc1.xcore.tail__t5                     1.35961
xc1.xcore.inn__t4                        1.815
xc1.xcore.outn__t54                        3.3
xc1.xcore.vss__t564                2.07322e-12
xc1.xcore.outn__t22                        3.3
xc1.xcore.inn__t6                        1.815
xc1.xcore.tail__t66                    1.35961
xc1.xcore.vss__t565                 2.0874e-12
xc1.xcore.tail__t7                     1.35961
xc1.xcore.inn__t7                        1.815
xc1.xcore.outn__t56                        3.3
xc1.xcore.vss__t566                2.10157e-12
xc1.xcore.outn__t23                        3.3
xc1.xcore.inn__t8                        1.815
xc1.xcore.tail__t67                    1.35961
xc1.xcore.vss__t567                2.11574e-12
xc1.xcore.tail__t8                     1.35961
xc1.xcore.inn__t9                        1.815
xc1.xcore.outn__t57                        3.3
xc1.xcore.vss__t568                2.12991e-12
xc1.xcore.outn__t29                        3.3
xc1.xcore.inn__t20                       1.815
xc1.xcore.tail__t73                    1.35961
xc1.xcore.vss__t569                2.14409e-12
xc1.xcore.tail__t9                     1.35961
xc1.xcore.inn__t10                       1.815
xc1.xcore.outn__t58                        3.3
xc1.xcore.vss__t570                2.15826e-12
xc1.xcore.outn__t36                        3.3
xc1.xcore.inn__t35                       1.815
xc1.xcore.tail__t83                    1.35961
xc1.xcore.vss__t571                2.17243e-12
xc1.xcore.tail__t24                    1.35961
xc1.xcore.inn__t34                       1.815
xc1.xcore.outn__t70                        3.3
xc1.xcore.vss__t572                2.18661e-12
xc1.xcore.outn__t35                        3.3
xc1.xcore.inn__t33                       1.815
xc1.xcore.tail__t82                    1.35961
xc1.xcore.vss__t573                2.20078e-12
xc1.xcore.tail__t23                    1.35961
xc1.xcore.inn__t32                       1.815
xc1.xcore.outn__t69                        3.3
xc1.xcore.vss__t574                2.21495e-12
xc1.xcore.outn__t34                        3.3
xc1.xcore.inn__t31                       1.815
xc1.xcore.tail__t81                    1.35961
xc1.xcore.vss__t575                2.22913e-12
xc1.xcore.tail__t22                    1.35961
xc1.xcore.inn__t30                       1.815
xc1.xcore.outn__t68                        3.3
xc1.xcore.vss__t576                 2.2433e-12
xc1.xcore.outn__t33                        3.3
xc1.xcore.inn__t29                       1.815
xc1.xcore.tail__t80                    1.35961
xc1.xcore.vss__t577                2.25748e-12
xc1.xcore.tail__t21                    1.35961
xc1.xcore.inn__t28                       1.815
xc1.xcore.outn__t67                        3.3
xc1.xcore.vss__t578                2.27165e-12
xc1.xcore.outn__t32                        3.3
xc1.xcore.inn__t27                       1.815
xc1.xcore.tail__t79                    1.35961
xc1.xcore.vss__t579                2.28582e-12
xc1.xcore.tail__t20                    1.35961
xc1.xcore.inn__t26                       1.815
xc1.xcore.outn__t66                        3.3
xc1.xcore.vss__t580                    2.3e-12
xc1.xcore.outn__t37                        3.3
xc1.xcore.inn__t36                       1.815
xc1.xcore.tail__t84                    1.35961
xc1.xcore.vss__t581                2.31417e-12
xc1.xcore.tail__t18                    1.35961
xc1.xcore.inn__t25                       1.815
xc1.xcore.outn__t65                        3.3
xc1.xcore.vss__t582                2.32835e-12
xc1.xcore.outn__t31                        3.3
xc1.xcore.inn__t24                       1.815
xc1.xcore.tail__t78                    1.35961
xc1.xcore.vss__t583                2.34252e-12
xc1.xcore.tail__t17                    1.35961
xc1.xcore.inn__t23                       1.815
xc1.xcore.outn__t64                        3.3
xc1.xcore.vss__t584                 2.3567e-12
xc1.xcore.outn__t30                        3.3
xc1.xcore.inn__t22                       1.815
xc1.xcore.tail__t77                    1.35961
xc1.xcore.vss__t585                2.37087e-12
xc1.xcore.tail__t2                     1.35961
xc1.xcore.inn__t0                        1.815
xc1.xcore.outn__t20                        3.3
xc1.xcore.vss__t587                2.38505e-12
xc1.xcore.vss__t210                2.60239e-12
xc1.xcore.outp__t16                    2.79484
xc1.xcore.vss__t211                 2.5718e-12
xc1.xcore.outp__t17                    2.79484
xc1.xcore.vss__t212                2.54124e-12
xc1.xcore.outp__t18                    2.79484
xc1.xcore.vss__t213                 2.5107e-12
xc1.xcore.outp__t19                    2.79484
xc1.xcore.vss__t214                2.48019e-12
xc1.xcore.outp__t0                     2.79484
xc1.xcore.vss__t215                 2.4497e-12
xc1.xcore.outp__t1                     2.79484
xc1.xcore.vss__t216                2.41925e-12
xc1.xcore.outp__t2                     2.79484
xc1.xcore.vss__t217                2.38882e-12
xc1.xcore.outp__t3                     2.79484
xc1.xcore.vss__t218                2.35843e-12
xc1.xcore.outp__t4                     2.79484
xc1.xcore.vss__t219                2.32806e-12
xc1.xcore.outp__t15                    2.79484
xc1.xcore.vss__t220                2.29773e-12
xc1.xcore.outp__t6                     2.79484
xc1.xcore.vss__t221                2.26744e-12
xc1.xcore.outp__t7                     2.79484
xc1.xcore.vss__t222                2.23718e-12
xc1.xcore.outp__t8                     2.79484
xc1.xcore.vss__t223                2.20696e-12
xc1.xcore.outp__t9                     2.79484
xc1.xcore.vss__t224                2.17678e-12
xc1.xcore.outp__t10                    2.79484
xc1.xcore.vss__t225                2.14663e-12
xc1.xcore.outp__t11                    2.79484
xc1.xcore.vss__t226                2.11653e-12
xc1.xcore.outp__t12                    2.79484
xc1.xcore.vss__t227                2.08648e-12
xc1.xcore.outp__t13                    2.79484
xc1.xcore.vss__t228                2.05647e-12
xc1.xcore.outp__t14                    2.79484
xc1.xcore.vss__t229                2.02651e-12
xc1.xcore.outp__t5                     2.79484
xc1.xcore.vss__t230                2.18457e-12
xc1.xcore.outn__t0                         3.3
xc1.xcore.vss__t231                2.21955e-12
xc1.xcore.outn__t5                         3.3
xc1.xcore.vss__t232                 2.2546e-12
xc1.xcore.outn__t6                         3.3
xc1.xcore.vss__t233                2.28973e-12
xc1.xcore.outn__t7                         3.3
xc1.xcore.vss__t234                2.32492e-12
xc1.xcore.outn__t8                         3.3
xc1.xcore.vss__t235                2.36018e-12
xc1.xcore.outn__t9                         3.3
xc1.xcore.vss__t236                2.39551e-12
xc1.xcore.outn__t10                        3.3
xc1.xcore.vss__t237                2.43089e-12
xc1.xcore.outn__t11                        3.3
xc1.xcore.vss__t238                2.46632e-12
xc1.xcore.outn__t12                        3.3
xc1.xcore.vss__t239                2.50182e-12
xc1.xcore.outn__t13                        3.3
xc1.xcore.vss__t240                2.53736e-12
xc1.xcore.outn__t14                        3.3
xc1.xcore.vss__t241                2.57295e-12
xc1.xcore.outn__t15                        3.3
xc1.xcore.vss__t242                2.60859e-12
xc1.xcore.outn__t16                        3.3
xc1.xcore.vss__t243                2.64428e-12
xc1.xcore.outn__t17                        3.3
xc1.xcore.vss__t244                2.68001e-12
xc1.xcore.outn__t19                        3.3
xc1.xcore.vss__t245                2.71579e-12
xc1.xcore.outn__t18                        3.3
xc1.xcore.vss__t246                 2.7516e-12
xc1.xcore.outn__t1                         3.3
xc1.xcore.vss__t247                2.78746e-12
xc1.xcore.outn__t2                         3.3
xc1.xcore.vss__t248                2.82335e-12
xc1.xcore.outn__t3                         3.3
xc1.xcore.vss__t249                2.85928e-12
xc1.xcore.outn__t4                         3.3
ib_c1                                  1.13263
xc1.xcore.vsubs                              0
outn_c1                                    3.3
outp_c1                                2.79484
xc1.tail                               1.35961
vd_c1                                  0.50516
xc2.xcore.tail__t186                    1.3596
xc2.xcore.ibias__t118                  1.13263
xc2.xcore.vss__t163                5.35266e-06
xc2.xcore.vss__t349                2.07124e-13
xc2.xcore.vss__t60                 5.15569e-06
xc2.xcore.ibias__t117                  1.13263
xc2.xcore.tail__t286                    1.3596
xc2.xcore.vss__t350                1.99502e-13
xc2.xcore.tail__t197                    1.3596
xc2.xcore.ibias__t140                  1.13263
xc2.xcore.vss__t174                4.95913e-06
xc2.xcore.vss__t351                1.91897e-13
xc2.xcore.vss__t68                 4.76303e-06
xc2.xcore.ibias__t133                  1.13263
xc2.xcore.tail__t294                    1.3596
xc2.xcore.vss__t352                1.84309e-13
xc2.xcore.tail__t193                    1.3596
xc2.xcore.ibias__t132                  1.13263
xc2.xcore.vss__t170                4.56746e-06
xc2.xcore.vss__t353                1.76741e-13
xc2.xcore.vss__t67                 4.37247e-06
xc2.xcore.ibias__t131                  1.13263
xc2.xcore.tail__t293                    1.3596
xc2.xcore.vss__t354                1.69196e-13
xc2.xcore.tail__t192                    1.3596
xc2.xcore.ibias__t130                  1.13263
xc2.xcore.vss__t169                4.17816e-06
xc2.xcore.vss__t355                1.61678e-13
xc2.xcore.vss__t74                 3.98462e-06
xc2.xcore.ibias__t145                  1.13263
xc2.xcore.tail__t300                    1.3596
xc2.xcore.vss__t356                1.54189e-13
xc2.xcore.tail__t191                    1.3596
xc2.xcore.ibias__t128                  1.13263
xc2.xcore.vss__t168                3.79197e-06
xc2.xcore.vss__t357                1.46734e-13
xc2.xcore.vss__t65                 3.60036e-06
xc2.xcore.ibias__t127                  1.13263
xc2.xcore.tail__t291                    1.3596
xc2.xcore.vss__t358                 1.3932e-13
xc2.xcore.tail__t190                    1.3596
xc2.xcore.ibias__t126                  1.13263
xc2.xcore.vss__t167                3.40995e-06
xc2.xcore.vss__t359                1.31952e-13
xc2.xcore.vss__t64                 3.22097e-06
xc2.xcore.ibias__t125                  1.13263
xc2.xcore.tail__t290                    1.3596
xc2.xcore.vss__t360                1.24639e-13
xc2.xcore.tail__t189                    1.3596
xc2.xcore.ibias__t124                  1.13263
xc2.xcore.vss__t166                3.03368e-06
xc2.xcore.vss__t361                1.17392e-13
xc2.xcore.vss__t63                  2.8484e-06
xc2.xcore.ibias__t123                  1.13263
xc2.xcore.tail__t289                    1.3596
xc2.xcore.vss__t362                1.10222e-13
xc2.xcore.tail__t188                    1.3596
xc2.xcore.ibias__t122                  1.13263
xc2.xcore.vss__t165                2.66557e-06
xc2.xcore.vss__t363                1.03148e-13
xc2.xcore.vss__t62                 2.48573e-06
xc2.xcore.ibias__t121                  1.13263
xc2.xcore.tail__t288                    1.3596
xc2.xcore.vss__t364                9.61886e-14
xc2.xcore.tail__t187                    1.3596
xc2.xcore.ibias__t120                  1.13263
xc2.xcore.vss__t164                2.30956e-06
xc2.xcore.vss__t365                8.93717e-14
xc2.xcore.vss__t26                 2.13798e-06
xc2.xcore.ibias__t0                    1.13263
xc2.xcore.tail__t252                    1.3596
xc2.xcore.vss__t366                8.27324e-14
xc2.xcore.tail__t175                    1.3596
xc2.xcore.ibias__t97                   1.13263
xc2.xcore.vss__t152                 1.9722e-06
xc2.xcore.vss__t367                7.63172e-14
xc2.xcore.vss__t42                 1.81379e-06
xc2.xcore.ibias__t78                   1.13263
xc2.xcore.tail__t268                    1.3596
xc2.xcore.vss__t368                7.01873e-14
xc2.xcore.tail__t164                    1.3596
xc2.xcore.ibias__t77                   1.13263
xc2.xcore.vss__t141                1.66486e-06
xc2.xcore.vss__t369                6.44244e-14
xc2.xcore.vss__t37                 1.52819e-06
xc2.xcore.ibias__t70                   1.13263
xc2.xcore.tail__t263                    1.3596
xc2.xcore.vss__t370                 5.9136e-14
xc2.xcore.tail__t167                   1.35961
xc2.xcore.ibias__t82                   1.13263
xc2.xcore.vss__t144                1.40736e-06
xc2.xcore.vss__t371                5.44602e-14
xc2.xcore.vss__t39                 1.30676e-06
xc2.xcore.ibias__t72                   1.13263
xc2.xcore.tail__t265                   1.35961
xc2.xcore.vss__t372                5.05676e-14
xc2.xcore.tail__t162                   1.35961
xc2.xcore.ibias__t73                   1.13263
xc2.xcore.vss__t139                1.23137e-06
xc2.xcore.vss__t373                4.76503e-14
xc2.xcore.vss__t40                   1.186e-06
xc2.xcore.ibias__t74                   1.13263
xc2.xcore.tail__t266                   1.35961
xc2.xcore.vss__t374                4.58947e-14
xc2.xcore.tail__t163                   1.35961
xc2.xcore.ibias__t75                   1.13263
xc2.xcore.vss__t140                1.17414e-06
xc2.xcore.vss__t375                4.54359e-14
xc2.xcore.vss__t41                 1.19679e-06
xc2.xcore.ibias__t76                   1.13263
xc2.xcore.tail__t267                   1.35961
xc2.xcore.vss__t376                4.63122e-14
xc2.xcore.tail__t129                   1.35961
xc2.xcore.ibias__t9                    1.13263
xc2.xcore.vss__t107                1.25206e-06
xc2.xcore.vss__t377                4.84514e-14
xc2.xcore.vss__t6                  1.33593e-06
xc2.xcore.ibias__t8                    1.13263
xc2.xcore.tail__t232                   1.35961
xc2.xcore.vss__t378                5.16969e-14
xc2.xcore.tail__t128                   1.35961
xc2.xcore.ibias__t7                    1.13263
xc2.xcore.vss__t106                1.44341e-06
xc2.xcore.vss__t379                5.58562e-14
xc2.xcore.vss__t5                  1.56966e-06
xc2.xcore.ibias__t6                    1.13263
xc2.xcore.tail__t231                   1.35961
xc2.xcore.vss__t380                6.07419e-14
xc2.xcore.tail__t141                   1.35961
xc2.xcore.ibias__t31                   1.13263
xc2.xcore.vss__t119                1.71053e-06
xc2.xcore.vss__t381                6.61934e-14
xc2.xcore.vss__t4                   1.8627e-06
xc2.xcore.ibias__t5                    1.13263
xc2.xcore.tail__t230                   1.35961
xc2.xcore.vss__t382                7.20824e-14
xc2.xcore.tail__t158                   1.35961
xc2.xcore.ibias__t62                   1.13263
xc2.xcore.vss__t135                2.02364e-06
xc2.xcore.vss__t383                7.83103e-14
xc2.xcore.vss__t33                 2.19139e-06
xc2.xcore.ibias__t63                   1.13263
xc2.xcore.tail__t259                   1.35961
xc2.xcore.vss__t384                8.48024e-14
xc2.xcore.tail__t159                   1.35961
xc2.xcore.ibias__t64                   1.13263
xc2.xcore.vss__t136                2.36453e-06
xc2.xcore.vss__t385                9.15026e-14
xc2.xcore.vss__t34                 2.54194e-06
xc2.xcore.ibias__t65                   1.13263
xc2.xcore.tail__t260                   1.35961
xc2.xcore.vss__t386                9.83683e-14
xc2.xcore.tail__t160                   1.35961
xc2.xcore.ibias__t66                   1.13263
xc2.xcore.vss__t137                2.72279e-06
xc2.xcore.vss__t387                1.05367e-13
xc2.xcore.vss__t35                 2.90644e-06
xc2.xcore.ibias__t67                   1.13263
xc2.xcore.tail__t261                   1.35961
xc2.xcore.vss__t388                1.12475e-13
xc2.xcore.tail__t161                   1.35961
xc2.xcore.ibias__t68                   1.13263
xc2.xcore.vss__t138                3.09239e-06
xc2.xcore.vss__t389                1.19671e-13
xc2.xcore.vss__t36                 3.28025e-06
xc2.xcore.ibias__t69                   1.13263
xc2.xcore.tail__t262                   1.35961
xc2.xcore.vss__t390                1.26941e-13
xc2.xcore.tail__t130                   1.35961
xc2.xcore.ibias__t10                   1.13263
xc2.xcore.vss__t108                 3.4697e-06
xc2.xcore.vss__t391                1.34273e-13
xc2.xcore.vss__t13                 3.66051e-06
xc2.xcore.ibias__t23                   1.13263
xc2.xcore.tail__t239                   1.35961
xc2.xcore.vss__t392                1.41657e-13
xc2.xcore.tail__t137                   1.35961
xc2.xcore.ibias__t24                   1.13263
xc2.xcore.vss__t115                3.85247e-06
xc2.xcore.vss__t393                1.49086e-13
xc2.xcore.vss__t14                 4.04541e-06
xc2.xcore.ibias__t25                   1.13263
xc2.xcore.tail__t240                   1.35961
xc2.xcore.vss__t394                1.56554e-13
xc2.xcore.tail__t138                   1.35961
xc2.xcore.ibias__t26                   1.13263
xc2.xcore.vss__t116                 4.2392e-06
xc2.xcore.vss__t395                1.64054e-13
xc2.xcore.vss__t15                 4.43374e-06
xc2.xcore.ibias__t27                   1.13263
xc2.xcore.tail__t241                   1.35961
xc2.xcore.vss__t396                1.71582e-13
xc2.xcore.tail__t139                   1.35961
xc2.xcore.ibias__t28                   1.13263
xc2.xcore.vss__t117                4.62892e-06
xc2.xcore.vss__t397                1.79136e-13
xc2.xcore.vss__t16                 4.82466e-06
xc2.xcore.ibias__t29                   1.13263
xc2.xcore.tail__t242                   1.35961
xc2.xcore.vss__t398                1.86712e-13
xc2.xcore.tail__t140                   1.35961
xc2.xcore.ibias__t30                   1.13263
xc2.xcore.vss__t118                5.02091e-06
xc2.xcore.vss__t399                1.94307e-13
xc2.xcore.vss__t21                 5.21761e-06
xc2.xcore.ibias__t41                   1.13263
xc2.xcore.tail__t247                   1.35961
xc2.xcore.vss__t400                2.01919e-13
xc2.xcore.tail__t142                   1.35961
xc2.xcore.ibias__t32                   1.13263
xc2.xcore.vss__t120                5.41469e-06
xc2.xcore.vss__t401                2.09546e-13
xc2.xcore.vss__t17                 5.61214e-06
xc2.xcore.ibias__t33                   1.13263
xc2.xcore.tail__t243                   1.35961
xc2.xcore.vss__t402                2.17187e-13
xc2.xcore.tail__t143                   1.35961
xc2.xcore.ibias__t34                   1.13263
xc2.xcore.vss__t121                 5.8099e-06
xc2.xcore.vss__t403                 2.2484e-13
xc2.xcore.vss__t18                 6.00795e-06
xc2.xcore.ibias__t35                   1.13263
xc2.xcore.tail__t244                   1.35961
xc2.xcore.vss__t404                2.32504e-13
xc2.xcore.tail__t144                   1.35961
xc2.xcore.ibias__t36                   1.13263
xc2.xcore.vss__t122                6.20625e-06
xc2.xcore.vss__t405                2.40178e-13
xc2.xcore.vss__t19                  6.4048e-06
xc2.xcore.ibias__t37                   1.13263
xc2.xcore.tail__t245                   1.35961
xc2.xcore.vss__t406                2.47861e-13
xc2.xcore.tail__t145                   1.35961
xc2.xcore.ibias__t38                   1.13263
xc2.xcore.vss__t123                6.60355e-06
xc2.xcore.vss__t407                2.55553e-13
xc2.xcore.vss__t20                  6.8025e-06
xc2.xcore.ibias__t39                   1.13263
xc2.xcore.tail__t246                   1.35961
xc2.xcore.vss__t408                2.63251e-13
xc2.xcore.tail__t146                   1.35961
xc2.xcore.ibias__t40                   1.13263
xc2.xcore.vss__t124                7.00163e-06
xc2.xcore.vss__t409                2.70957e-13
xc2.xcore.vss__t8                  7.20093e-06
xc2.xcore.ibias__t12                   1.13263
xc2.xcore.tail__t234                   1.35961
xc2.xcore.vss__t410                2.78669e-13
xc2.xcore.tail__t135                   1.35961
xc2.xcore.ibias__t21                   1.13263
xc2.xcore.vss__t113                7.40037e-06
xc2.xcore.vss__t411                2.86387e-13
xc2.xcore.vss__t9                  7.59995e-06
xc2.xcore.ibias__t13                   1.13263
xc2.xcore.tail__t235                   1.35961
xc2.xcore.vss__t412                2.94111e-13
xc2.xcore.tail__t131                   1.35961
xc2.xcore.ibias__t14                   1.13263
xc2.xcore.vss__t109                7.79966e-06
xc2.xcore.vss__t413                3.01839e-13
xc2.xcore.vss__t10                 7.99949e-06
xc2.xcore.ibias__t15                   1.13263
xc2.xcore.tail__t236                   1.35961
xc2.xcore.vss__t414                3.09571e-13
xc2.xcore.tail__t134                   1.35961
xc2.xcore.ibias__t20                   1.13263
xc2.xcore.vss__t112                8.19942e-06
xc2.xcore.vss__t415                3.17308e-13
xc2.xcore.vss__t12                 8.39946e-06
xc2.xcore.ibias__t19                   1.13263
xc2.xcore.tail__t238                   1.35961
xc2.xcore.vss__t416                3.25049e-13
xc2.xcore.tail__t133                   1.35961
xc2.xcore.ibias__t18                   1.13263
xc2.xcore.vss__t111                8.59959e-06
xc2.xcore.vss__t417                3.32794e-13
xc2.xcore.vss__t11                 8.79982e-06
xc2.xcore.ibias__t17                   1.13263
xc2.xcore.tail__t237                   1.35961
xc2.xcore.vss__t418                3.40541e-13
xc2.xcore.tail__t132                   1.35961
xc2.xcore.ibias__t16                   1.13263
xc2.xcore.vss__t110                9.00012e-06
xc2.xcore.vss__t419                3.48292e-13
xc2.xcore.vss__t7                   9.2005e-06
xc2.xcore.ibias__t11                   1.13263
xc2.xcore.tail__t233                   1.35961
xc2.xcore.vss__t420                3.56046e-13
xc2.xcore.tail__t136                   1.35961
xc2.xcore.ibias__t22                   1.13263
xc2.xcore.vss__t114                9.40095e-06
xc2.xcore.vss__t421                3.63803e-13
xc2.xcore.vss__t23                 9.60147e-06
xc2.xcore.ibias__t45                   1.13263
xc2.xcore.tail__t249                   1.35961
xc2.xcore.vss__t422                3.71562e-13
xc2.xcore.tail__t150                   1.35961
xc2.xcore.ibias__t46                   1.13263
xc2.xcore.vss__t127                9.80205e-06
xc2.xcore.vss__t423                3.79324e-13
xc2.xcore.vss__t24                 1.00027e-05
xc2.xcore.ibias__t47                   1.13263
xc2.xcore.tail__t250                   1.35961
xc2.xcore.vss__t424                3.87088e-13
xc2.xcore.tail__t151                   1.35961
xc2.xcore.ibias__t48                   1.13263
xc2.xcore.vss__t128                1.02034e-05
xc2.xcore.vss__t425                3.94854e-13
xc2.xcore.vss__t25                 1.04041e-05
xc2.xcore.ibias__t49                   1.13263
xc2.xcore.tail__t251                   1.35961
xc2.xcore.vss__t426                4.02622e-13
xc2.xcore.tail__t152                   1.35961
xc2.xcore.ibias__t50                   1.13263
xc2.xcore.vss__t129                1.06049e-05
xc2.xcore.vss__t427                4.10392e-13
xc2.xcore.vss__t32                 1.08058e-05
xc2.xcore.ibias__t61                   1.13263
xc2.xcore.tail__t258                   1.35961
xc2.xcore.vss__t428                4.18164e-13
xc2.xcore.tail__t153                    1.3596
xc2.xcore.ibias__t51                   1.13263
xc2.xcore.vss__t130                1.10067e-05
xc2.xcore.vss__t429                4.25938e-13
xc2.xcore.vss__t27                 1.12076e-05
xc2.xcore.ibias__t52                   1.13263
xc2.xcore.tail__t253                    1.3596
xc2.xcore.vss__t430                4.33713e-13
xc2.xcore.tail__t154                    1.3596
xc2.xcore.ibias__t53                   1.13263
xc2.xcore.vss__t131                1.14086e-05
xc2.xcore.vss__t431                4.41489e-13
xc2.xcore.vss__t28                 1.16096e-05
xc2.xcore.ibias__t54                   1.13263
xc2.xcore.tail__t254                    1.3596
xc2.xcore.vss__t432                4.49267e-13
xc2.xcore.tail__t155                    1.3596
xc2.xcore.ibias__t55                   1.13263
xc2.xcore.vss__t132                1.18106e-05
xc2.xcore.vss__t433                4.57047e-13
xc2.xcore.vss__t29                 1.20117e-05
xc2.xcore.ibias__t56                   1.13263
xc2.xcore.tail__t255                    1.3596
xc2.xcore.vss__t434                4.64827e-13
xc2.xcore.tail__t156                    1.3596
xc2.xcore.ibias__t57                   1.13263
xc2.xcore.vss__t133                1.22128e-05
xc2.xcore.vss__t435                4.72609e-13
xc2.xcore.vss__t30                 1.24139e-05
xc2.xcore.ibias__t58                   1.13263
xc2.xcore.tail__t256                    1.3596
xc2.xcore.vss__t436                4.80392e-13
xc2.xcore.tail__t157                    1.3596
xc2.xcore.ibias__t59                   1.13263
xc2.xcore.vss__t134                1.26151e-05
xc2.xcore.vss__t437                4.88176e-13
xc2.xcore.vss__t31                 1.28163e-05
xc2.xcore.ibias__t60                   1.13263
xc2.xcore.tail__t257                    1.3596
xc2.xcore.vss__t438                4.95962e-13
xc2.xcore.tail__t211                    1.3596
xc2.xcore.ibias__t176                  1.13263
xc2.xcore.vss__t193                1.30175e-05
xc2.xcore.vss__t439                5.03748e-13
xc2.xcore.vss__t88                 1.32188e-05
xc2.xcore.ibias__t175                  1.13263
xc2.xcore.tail__t311                    1.3596
xc2.xcore.vss__t440                5.11535e-13
xc2.xcore.tail__t165                    1.3596
xc2.xcore.ibias__t79                   1.13263
xc2.xcore.vss__t142                  1.342e-05
xc2.xcore.vss__t441                5.19323e-13
xc2.xcore.vss__t43                 1.36213e-05
xc2.xcore.ibias__t80                   1.13263
xc2.xcore.tail__t269                    1.3596
xc2.xcore.vss__t442                5.27112e-13
xc2.xcore.tail__t166                    1.3596
xc2.xcore.ibias__t81                   1.13263
xc2.xcore.vss__t143                1.38227e-05
xc2.xcore.vss__t443                5.34901e-13
xc2.xcore.vss__t38                  1.4024e-05
xc2.xcore.ibias__t71                   1.13263
xc2.xcore.tail__t264                    1.3596
xc2.xcore.vss__t444                5.42692e-13
xc2.xcore.tail__t147                    1.3596
xc2.xcore.ibias__t42                   1.13263
xc2.xcore.vss__t125                1.42253e-05
xc2.xcore.vss__t445                5.50483e-13
xc2.xcore.vss__t22                 1.44267e-05
xc2.xcore.ibias__t43                   1.13263
xc2.xcore.tail__t248                    1.3596
xc2.xcore.vss__t446                5.58275e-13
xc2.xcore.tail__t148                    1.3596
xc2.xcore.ibias__t44                   1.13263
xc2.xcore.vss__t126                1.46281e-05
xc2.xcore.vss__t447                5.66068e-13
xc2.xcore.vss__t0                  1.48295e-05
xc2.xcore.ibias__t1                    1.13263
xc2.xcore.tail__t149                    1.3596
xc2.xcore.vss__t456                5.73861e-13
xc2.xcore.tail__t229                   1.35956
xc2.xcore.ibias__t2                    1.13263
xc2.xcore.vss__t1                  2.54546e-05
xc2.xcore.vss__t458                 9.8485e-13
xc2.xcore.vss__t189                2.52528e-05
xc2.xcore.ibias__t170                  1.13263
xc2.xcore.tail__t228                   1.35957
xc2.xcore.vss__t250                9.77044e-13
xc2.xcore.tail__t209                   1.35957
xc2.xcore.ibias__t169                  1.13263
xc2.xcore.vss__t188                 2.5051e-05
xc2.xcore.vss__t251                9.69237e-13
xc2.xcore.vss__t86                 2.48492e-05
xc2.xcore.ibias__t168                  1.13263
xc2.xcore.tail__t309                   1.35957
xc2.xcore.vss__t252                 9.6143e-13
xc2.xcore.tail__t208                   1.35957
xc2.xcore.ibias__t167                  1.13263
xc2.xcore.vss__t187                2.46474e-05
xc2.xcore.vss__t253                9.53624e-13
xc2.xcore.vss__t85                 2.44456e-05
xc2.xcore.ibias__t166                  1.13263
xc2.xcore.tail__t308                   1.35957
xc2.xcore.vss__t254                9.45817e-13
xc2.xcore.tail__t207                   1.35957
xc2.xcore.ibias__t165                  1.13263
xc2.xcore.vss__t186                2.42438e-05
xc2.xcore.vss__t255                9.38011e-13
xc2.xcore.vss__t84                  2.4042e-05
xc2.xcore.ibias__t164                  1.13263
xc2.xcore.tail__t307                   1.35957
xc2.xcore.vss__t256                9.30205e-13
xc2.xcore.tail__t210                   1.35957
xc2.xcore.ibias__t173                  1.13263
xc2.xcore.vss__t191                2.38402e-05
xc2.xcore.vss__t257                9.22399e-13
xc2.xcore.vss__t87                 2.36384e-05
xc2.xcore.ibias__t172                  1.13263
xc2.xcore.tail__t310                   1.35957
xc2.xcore.vss__t258                9.14593e-13
xc2.xcore.tail__t219                   1.35957
xc2.xcore.ibias__t195                  1.13263
xc2.xcore.vss__t201                2.34366e-05
xc2.xcore.vss__t259                9.06787e-13
xc2.xcore.vss__t99                 2.32349e-05
xc2.xcore.ibias__t194                  1.13263
xc2.xcore.tail__t321                   1.35957
xc2.xcore.vss__t260                8.98981e-13
xc2.xcore.tail__t227                   1.35957
xc2.xcore.ibias__t209                  1.13263
xc2.xcore.vss__t209                2.30331e-05
xc2.xcore.vss__t261                8.91176e-13
xc2.xcore.vss__t97                 2.28313e-05
xc2.xcore.ibias__t192                  1.13263
xc2.xcore.tail__t319                   1.35957
xc2.xcore.vss__t262                 8.8337e-13
xc2.xcore.tail__t218                   1.35957
xc2.xcore.ibias__t191                  1.13263
xc2.xcore.vss__t200                2.26296e-05
xc2.xcore.vss__t263                8.75565e-13
xc2.xcore.vss__t96                 2.24278e-05
xc2.xcore.ibias__t190                  1.13263
xc2.xcore.tail__t318                   1.35957
xc2.xcore.vss__t264                 8.6776e-13
xc2.xcore.tail__t217                   1.35957
xc2.xcore.ibias__t189                  1.13263
xc2.xcore.vss__t199                2.22261e-05
xc2.xcore.vss__t265                8.59955e-13
xc2.xcore.vss__t95                 2.20243e-05
xc2.xcore.ibias__t188                  1.13263
xc2.xcore.tail__t317                   1.35957
xc2.xcore.vss__t266                 8.5215e-13
xc2.xcore.tail__t216                   1.35957
xc2.xcore.ibias__t187                  1.13263
xc2.xcore.vss__t198                2.18226e-05
xc2.xcore.vss__t267                8.44345e-13
xc2.xcore.vss__t94                 2.16208e-05
xc2.xcore.ibias__t186                  1.13263
xc2.xcore.tail__t316                   1.35957
xc2.xcore.vss__t268                8.36541e-13
xc2.xcore.tail__t215                   1.35957
xc2.xcore.ibias__t185                  1.13263
xc2.xcore.vss__t197                2.14191e-05
xc2.xcore.vss__t269                8.28736e-13
xc2.xcore.vss__t93                 2.12174e-05
xc2.xcore.ibias__t184                  1.13263
xc2.xcore.tail__t315                   1.35957
xc2.xcore.vss__t270                8.20932e-13
xc2.xcore.tail__t214                   1.35957
xc2.xcore.ibias__t183                  1.13263
xc2.xcore.vss__t196                2.10156e-05
xc2.xcore.vss__t271                8.13128e-13
xc2.xcore.vss__t92                 2.08139e-05
xc2.xcore.ibias__t182                  1.13263
xc2.xcore.tail__t314                   1.35957
xc2.xcore.vss__t272                8.05325e-13
xc2.xcore.tail__t213                   1.35957
xc2.xcore.ibias__t181                  1.13263
xc2.xcore.vss__t195                2.06122e-05
xc2.xcore.vss__t273                7.97521e-13
xc2.xcore.vss__t91                 2.04105e-05
xc2.xcore.ibias__t180                  1.13263
xc2.xcore.tail__t313                   1.35957
xc2.xcore.vss__t274                7.89718e-13
xc2.xcore.tail__t212                   1.35957
xc2.xcore.ibias__t179                  1.13263
xc2.xcore.vss__t194                2.02088e-05
xc2.xcore.vss__t275                7.81915e-13
xc2.xcore.vss__t90                 2.00071e-05
xc2.xcore.ibias__t178                  1.13263
xc2.xcore.tail__t312                   1.35957
xc2.xcore.vss__t276                7.74112e-13
xc2.xcore.tail__t206                   1.35957
xc2.xcore.ibias__t161                  1.13263
xc2.xcore.vss__t184                1.98054e-05
xc2.xcore.vss__t277                7.66309e-13
xc2.xcore.vss__t57                 1.96037e-05
xc2.xcore.ibias__t112                  1.13263
xc2.xcore.tail__t283                   1.35957
xc2.xcore.vss__t278                7.58507e-13
xc2.xcore.tail__t183                   1.35957
xc2.xcore.ibias__t111                  1.13263
xc2.xcore.vss__t160                1.94021e-05
xc2.xcore.vss__t279                7.50704e-13
xc2.xcore.vss__t56                 1.92004e-05
xc2.xcore.ibias__t110                  1.13263
xc2.xcore.tail__t282                   1.35958
xc2.xcore.vss__t280                7.42902e-13
xc2.xcore.tail__t182                   1.35958
xc2.xcore.ibias__t109                  1.13263
xc2.xcore.vss__t159                1.89987e-05
xc2.xcore.vss__t281                7.35101e-13
xc2.xcore.vss__t55                 1.87971e-05
xc2.xcore.ibias__t108                  1.13263
xc2.xcore.tail__t281                   1.35958
xc2.xcore.vss__t282                7.27299e-13
xc2.xcore.tail__t181                   1.35958
xc2.xcore.ibias__t107                  1.13263
xc2.xcore.vss__t158                1.85954e-05
xc2.xcore.vss__t283                7.19498e-13
xc2.xcore.vss__t54                 1.83938e-05
xc2.xcore.ibias__t106                  1.13263
xc2.xcore.tail__t280                   1.35958
xc2.xcore.vss__t284                7.11697e-13
xc2.xcore.tail__t180                   1.35958
xc2.xcore.ibias__t105                  1.13263
xc2.xcore.vss__t157                1.81922e-05
xc2.xcore.vss__t285                7.03897e-13
xc2.xcore.vss__t53                 1.79905e-05
xc2.xcore.ibias__t104                  1.13263
xc2.xcore.tail__t279                   1.35958
xc2.xcore.vss__t286                6.96097e-13
xc2.xcore.tail__t205                   1.35958
xc2.xcore.ibias__t156                  1.13263
xc2.xcore.vss__t182                1.77889e-05
xc2.xcore.vss__t287                6.88297e-13
xc2.xcore.vss__t79                 1.75873e-05
xc2.xcore.ibias__t155                  1.13263
xc2.xcore.tail__t305                   1.35958
xc2.xcore.vss__t288                6.80497e-13
xc2.xcore.tail__t204                   1.35958
xc2.xcore.ibias__t154                  1.13263
xc2.xcore.vss__t181                1.73857e-05
xc2.xcore.vss__t289                6.72698e-13
xc2.xcore.vss__t78                 1.71842e-05
xc2.xcore.ibias__t153                  1.13263
xc2.xcore.tail__t304                   1.35958
xc2.xcore.vss__t290                  6.649e-13
xc2.xcore.tail__t203                   1.35958
xc2.xcore.ibias__t152                  1.13263
xc2.xcore.vss__t180                1.69826e-05
xc2.xcore.vss__t291                6.57101e-13
xc2.xcore.vss__t77                  1.6781e-05
xc2.xcore.ibias__t151                  1.13263
xc2.xcore.tail__t303                   1.35958
xc2.xcore.vss__t292                6.49303e-13
xc2.xcore.tail__t202                   1.35958
xc2.xcore.ibias__t150                  1.13263
xc2.xcore.vss__t179                1.65795e-05
xc2.xcore.vss__t293                6.41506e-13
xc2.xcore.vss__t76                  1.6378e-05
xc2.xcore.ibias__t149                  1.13263
xc2.xcore.tail__t302                   1.35958
xc2.xcore.vss__t294                6.33708e-13
xc2.xcore.tail__t201                   1.35958
xc2.xcore.ibias__t148                  1.13263
xc2.xcore.vss__t178                1.61764e-05
xc2.xcore.vss__t295                6.25912e-13
xc2.xcore.vss__t75                 1.59749e-05
xc2.xcore.ibias__t147                  1.13263
xc2.xcore.tail__t301                   1.35958
xc2.xcore.vss__t296                6.18116e-13
xc2.xcore.tail__t200                   1.35958
xc2.xcore.ibias__t146                  1.13263
xc2.xcore.vss__t177                1.57734e-05
xc2.xcore.vss__t297                 6.1032e-13
xc2.xcore.vss__t98                 1.55719e-05
xc2.xcore.ibias__t193                  1.13263
xc2.xcore.tail__t320                   1.35958
xc2.xcore.vss__t298                6.02525e-13
xc2.xcore.tail__t226                   1.35958
xc2.xcore.ibias__t208                  1.13263
xc2.xcore.vss__t208                1.53705e-05
xc2.xcore.vss__t299                 5.9473e-13
xc2.xcore.vss__t105                 1.5169e-05
xc2.xcore.ibias__t207                  1.13263
xc2.xcore.tail__t327                   1.35958
xc2.xcore.vss__t300                5.86936e-13
xc2.xcore.tail__t225                   1.35958
xc2.xcore.ibias__t206                  1.13263
xc2.xcore.vss__t207                1.49676e-05
xc2.xcore.vss__t301                5.79143e-13
xc2.xcore.vss__t104                1.47662e-05
xc2.xcore.ibias__t205                  1.13263
xc2.xcore.tail__t326                   1.35958
xc2.xcore.vss__t302                 5.7135e-13
xc2.xcore.tail__t224                   1.35958
xc2.xcore.ibias__t204                  1.13263
xc2.xcore.vss__t206                1.45648e-05
xc2.xcore.vss__t303                5.63557e-13
xc2.xcore.vss__t103                1.43634e-05
xc2.xcore.ibias__t203                  1.13263
xc2.xcore.tail__t325                   1.35958
xc2.xcore.vss__t304                5.55766e-13
xc2.xcore.tail__t223                   1.35958
xc2.xcore.ibias__t202                  1.13263
xc2.xcore.vss__t205                 1.4162e-05
xc2.xcore.vss__t305                5.47975e-13
xc2.xcore.vss__t102                1.39607e-05
xc2.xcore.ibias__t201                  1.13263
xc2.xcore.tail__t324                   1.35958
xc2.xcore.vss__t306                5.40185e-13
xc2.xcore.tail__t222                   1.35958
xc2.xcore.ibias__t200                  1.13263
xc2.xcore.vss__t204                1.37593e-05
xc2.xcore.vss__t307                5.32395e-13
xc2.xcore.vss__t101                 1.3558e-05
xc2.xcore.ibias__t199                  1.13263
xc2.xcore.tail__t323                   1.35958
xc2.xcore.vss__t308                5.24607e-13
xc2.xcore.tail__t221                   1.35958
xc2.xcore.ibias__t198                  1.13263
xc2.xcore.vss__t203                1.33567e-05
xc2.xcore.vss__t309                5.16819e-13
xc2.xcore.vss__t100                1.31555e-05
xc2.xcore.ibias__t197                  1.13263
xc2.xcore.tail__t322                   1.35959
xc2.xcore.vss__t310                5.09032e-13
xc2.xcore.tail__t220                   1.35959
xc2.xcore.ibias__t196                  1.13263
xc2.xcore.vss__t202                1.29542e-05
xc2.xcore.vss__t311                5.01246e-13
xc2.xcore.vss__t80                  1.2753e-05
xc2.xcore.ibias__t157                  1.13263
xc2.xcore.tail__t306                   1.35959
xc2.xcore.vss__t312                4.93461e-13
xc2.xcore.tail__t185                   1.35959
xc2.xcore.ibias__t116                  1.13263
xc2.xcore.vss__t162                1.25518e-05
xc2.xcore.vss__t313                4.85677e-13
xc2.xcore.vss__t59                 1.23507e-05
xc2.xcore.ibias__t115                  1.13263
xc2.xcore.tail__t285                   1.35959
xc2.xcore.vss__t314                4.77894e-13
xc2.xcore.tail__t184                   1.35959
xc2.xcore.ibias__t114                  1.13263
xc2.xcore.vss__t161                1.21495e-05
xc2.xcore.vss__t315                4.70112e-13
xc2.xcore.vss__t71                 1.19484e-05
xc2.xcore.ibias__t139                  1.13263
xc2.xcore.tail__t297                   1.35959
xc2.xcore.vss__t316                4.62331e-13
xc2.xcore.tail__t196                   1.35959
xc2.xcore.ibias__t138                  1.13263
xc2.xcore.vss__t173                1.17474e-05
xc2.xcore.vss__t317                4.54552e-13
xc2.xcore.vss__t70                 1.15463e-05
xc2.xcore.ibias__t137                  1.13263
xc2.xcore.tail__t296                   1.35959
xc2.xcore.vss__t318                4.46774e-13
xc2.xcore.tail__t195                   1.35959
xc2.xcore.ibias__t136                  1.13263
xc2.xcore.vss__t172                1.13453e-05
xc2.xcore.vss__t319                4.38997e-13
xc2.xcore.vss__t69                 1.11444e-05
xc2.xcore.ibias__t135                  1.13263
xc2.xcore.tail__t295                   1.35959
xc2.xcore.vss__t320                4.31222e-13
xc2.xcore.tail__t194                   1.35959
xc2.xcore.ibias__t134                  1.13263
xc2.xcore.vss__t171                1.09435e-05
xc2.xcore.vss__t321                4.23448e-13
xc2.xcore.vss__t61                 1.07426e-05
xc2.xcore.ibias__t119                  1.13263
xc2.xcore.tail__t287                   1.35959
xc2.xcore.vss__t322                4.15676e-13
xc2.xcore.tail__t179                   1.35959
xc2.xcore.ibias__t103                  1.13263
xc2.xcore.vss__t156                1.05418e-05
xc2.xcore.vss__t323                4.07905e-13
xc2.xcore.vss__t48                  1.0341e-05
xc2.xcore.ibias__t92                   1.13263
xc2.xcore.tail__t274                   1.35959
xc2.xcore.vss__t324                4.00137e-13
xc2.xcore.tail__t178                   1.35959
xc2.xcore.ibias__t102                  1.13263
xc2.xcore.vss__t155                1.01402e-05
xc2.xcore.vss__t325                 3.9237e-13
xc2.xcore.vss__t52                 9.93957e-06
xc2.xcore.ibias__t101                  1.13263
xc2.xcore.tail__t278                   1.35959
xc2.xcore.vss__t326                3.84605e-13
xc2.xcore.tail__t177                   1.35959
xc2.xcore.ibias__t100                  1.13263
xc2.xcore.vss__t154                9.73894e-06
xc2.xcore.vss__t327                3.76843e-13
xc2.xcore.vss__t51                 9.53838e-06
xc2.xcore.ibias__t99                   1.13263
xc2.xcore.tail__t277                   1.35959
xc2.xcore.vss__t328                3.69083e-13
xc2.xcore.tail__t176                   1.35959
xc2.xcore.ibias__t98                   1.13263
xc2.xcore.vss__t153                9.33788e-06
xc2.xcore.vss__t329                3.61325e-13
xc2.xcore.vss__t58                 9.13745e-06
xc2.xcore.ibias__t113                  1.13263
xc2.xcore.tail__t284                   1.35959
xc2.xcore.vss__t330                 3.5357e-13
xc2.xcore.tail__t174                   1.35959
xc2.xcore.ibias__t96                   1.13263
xc2.xcore.vss__t151                 8.9371e-06
xc2.xcore.vss__t331                3.45818e-13
xc2.xcore.vss__t50                 8.73682e-06
xc2.xcore.ibias__t95                   1.13263
xc2.xcore.tail__t276                   1.35959
xc2.xcore.vss__t332                3.38069e-13
xc2.xcore.tail__t173                   1.35959
xc2.xcore.ibias__t94                   1.13263
xc2.xcore.vss__t150                8.53663e-06
xc2.xcore.vss__t333                3.30323e-13
xc2.xcore.vss__t49                 8.33652e-06
xc2.xcore.ibias__t93                   1.13263
xc2.xcore.tail__t275                   1.35959
xc2.xcore.vss__t334                 3.2258e-13
xc2.xcore.tail__t172                   1.35959
xc2.xcore.ibias__t91                   1.13263
xc2.xcore.vss__t149                8.13652e-06
xc2.xcore.vss__t335                3.14841e-13
xc2.xcore.vss__t47                 7.93661e-06
xc2.xcore.ibias__t90                   1.13263
xc2.xcore.tail__t273                   1.35959
xc2.xcore.vss__t336                3.07106e-13
xc2.xcore.tail__t171                   1.35959
xc2.xcore.ibias__t89                   1.13263
xc2.xcore.vss__t148                7.73682e-06
xc2.xcore.vss__t337                2.99376e-13
xc2.xcore.vss__t46                 7.53715e-06
xc2.xcore.ibias__t88                   1.13263
xc2.xcore.tail__t272                   1.35959
xc2.xcore.vss__t338                 2.9165e-13
xc2.xcore.tail__t170                   1.35959
xc2.xcore.ibias__t87                   1.13263
xc2.xcore.vss__t147                7.33761e-06
xc2.xcore.vss__t339                2.83929e-13
xc2.xcore.vss__t45                 7.13822e-06
xc2.xcore.ibias__t86                   1.13263
xc2.xcore.tail__t271                   1.35959
xc2.xcore.vss__t340                2.76214e-13
xc2.xcore.tail__t169                    1.3596
xc2.xcore.ibias__t85                   1.13263
xc2.xcore.vss__t146                6.93897e-06
xc2.xcore.vss__t341                2.68505e-13
xc2.xcore.vss__t44                  6.7399e-06
xc2.xcore.ibias__t84                   1.13263
xc2.xcore.tail__t270                    1.3596
xc2.xcore.vss__t342                2.60802e-13
xc2.xcore.tail__t168                    1.3596
xc2.xcore.ibias__t83                   1.13263
xc2.xcore.vss__t145                6.54101e-06
xc2.xcore.vss__t343                2.53106e-13
xc2.xcore.vss__t66                 6.34232e-06
xc2.xcore.ibias__t129                  1.13263
xc2.xcore.tail__t292                    1.3596
xc2.xcore.vss__t344                2.45418e-13
xc2.xcore.tail__t199                    1.3596
xc2.xcore.ibias__t144                  1.13263
xc2.xcore.vss__t176                6.14385e-06
xc2.xcore.vss__t345                2.37738e-13
xc2.xcore.vss__t73                 5.94562e-06
xc2.xcore.ibias__t143                  1.13263
xc2.xcore.tail__t299                    1.3596
xc2.xcore.vss__t346                2.30068e-13
xc2.xcore.tail__t198                    1.3596
xc2.xcore.ibias__t142                  1.13263
xc2.xcore.vss__t175                5.74766e-06
xc2.xcore.vss__t347                2.22408e-13
xc2.xcore.vss__t72                 5.54999e-06
xc2.xcore.ibias__t141                  1.13263
xc2.xcore.tail__t298                    1.3596
xc2.xcore.vss__t348                 2.1476e-13
xc2.xcore.outp__t53                    2.79473
xc2.xcore.inp__t1                        2.805
xc2.xcore.tail__t0                     1.35967
xc2.xcore.vss__t460                2.06359e-12
xc2.xcore.tail__t119                   1.35967
xc2.xcore.inp__t53                       2.805
xc2.xcore.outp__t52                    2.79473
xc2.xcore.vss__t462                 2.0831e-12
xc2.xcore.outp__t46                    2.79473
xc2.xcore.inp__t52                       2.805
xc2.xcore.tail__t118                   1.35967
xc2.xcore.vss__t463                2.10261e-12
xc2.xcore.tail__t58                    1.35967
xc2.xcore.inp__t61                       2.805
xc2.xcore.outp__t82                    2.79473
xc2.xcore.vss__t464                2.12213e-12
xc2.xcore.outp__t30                    2.79472
xc2.xcore.inp__t24                       2.805
xc2.xcore.tail__t98                    1.35967
xc2.xcore.vss__t465                2.14164e-12
xc2.xcore.tail__t38                    1.35968
xc2.xcore.inp__t23                       2.805
xc2.xcore.outp__t64                    2.79472
xc2.xcore.vss__t466                2.16115e-12
xc2.xcore.outp__t29                    2.79472
xc2.xcore.inp__t22                       2.805
xc2.xcore.tail__t97                    1.35968
xc2.xcore.vss__t467                2.18066e-12
xc2.xcore.tail__t37                    1.35968
xc2.xcore.inp__t21                       2.805
xc2.xcore.outp__t63                    2.79472
xc2.xcore.vss__t468                2.20018e-12
xc2.xcore.outp__t28                    2.79472
xc2.xcore.inp__t20                       2.805
xc2.xcore.tail__t96                    1.35968
xc2.xcore.vss__t469                2.21969e-12
xc2.xcore.tail__t36                    1.35968
xc2.xcore.inp__t19                       2.805
xc2.xcore.outp__t62                    2.79472
xc2.xcore.vss__t470                 2.2392e-12
xc2.xcore.outp__t27                    2.79471
xc2.xcore.inp__t18                       2.805
xc2.xcore.tail__t95                    1.35968
xc2.xcore.vss__t471                2.25872e-12
xc2.xcore.tail__t35                    1.35968
xc2.xcore.inp__t17                       2.805
xc2.xcore.outp__t61                    2.79471
xc2.xcore.vss__t472                2.27823e-12
xc2.xcore.outp__t26                    2.79471
xc2.xcore.inp__t16                       2.805
xc2.xcore.tail__t94                    1.35968
xc2.xcore.vss__t473                2.29774e-12
xc2.xcore.tail__t33                    1.35968
xc2.xcore.inp__t15                       2.805
xc2.xcore.outp__t60                    2.79471
xc2.xcore.vss__t474                2.31726e-12
xc2.xcore.outp__t47                    2.79471
xc2.xcore.inp__t54                       2.805
xc2.xcore.tail__t120                   1.35968
xc2.xcore.vss__t475                2.33677e-12
xc2.xcore.tail__t54                    1.35968
xc2.xcore.inp__t55                       2.805
xc2.xcore.outp__t78                    2.79471
xc2.xcore.vss__t476                2.35628e-12
xc2.xcore.outp__t51                     2.7947
xc2.xcore.inp__t63                       2.805
xc2.xcore.tail__t126                   1.35968
xc2.xcore.vss__t477                 2.3758e-12
xc2.xcore.tail__t57                    1.35969
xc2.xcore.inp__t60                       2.805
xc2.xcore.outp__t81                     2.7947
xc2.xcore.vss__t478                2.39531e-12
xc2.xcore.outp__t49                     2.7947
xc2.xcore.inp__t59                       2.805
xc2.xcore.tail__t122                   1.35969
xc2.xcore.vss__t479                2.41483e-12
xc2.xcore.tail__t56                    1.35969
xc2.xcore.inp__t58                       2.805
xc2.xcore.outp__t80                     2.7947
xc2.xcore.vss__t480                2.43434e-12
xc2.xcore.outp__t48                     2.7947
xc2.xcore.inp__t57                       2.805
xc2.xcore.tail__t121                   1.35969
xc2.xcore.vss__t481                2.45386e-12
xc2.xcore.tail__t55                    1.35969
xc2.xcore.inp__t56                       2.805
xc2.xcore.outp__t79                     2.7947
xc2.xcore.vss__t482                2.47337e-12
xc2.xcore.outp__t24                     2.7947
xc2.xcore.inp__t11                       2.805
xc2.xcore.tail__t92                    1.35969
xc2.xcore.vss__t483                2.49288e-12
xc2.xcore.tail__t30                    1.35969
xc2.xcore.inp__t10                       2.805
xc2.xcore.outp__t57                    2.79469
xc2.xcore.vss__t484                 2.5124e-12
xc2.xcore.outp__t23                    2.79469
xc2.xcore.inp__t9                        2.805
xc2.xcore.tail__t88                    1.35969
xc2.xcore.vss__t485                2.53191e-12
xc2.xcore.tail__t32                    1.35969
xc2.xcore.inp__t14                       2.805
xc2.xcore.outp__t59                    2.79469
xc2.xcore.vss__t486                2.55143e-12
xc2.xcore.outp__t25                    2.79469
xc2.xcore.inp__t13                       2.805
xc2.xcore.tail__t93                    1.35969
xc2.xcore.vss__t487                2.57094e-12
xc2.xcore.tail__t60                    1.35969
xc2.xcore.inp__t0                        2.805
xc2.xcore.outp__t83                    2.79469
xc2.xcore.vss__t488                2.59045e-12
xc2.xcore.outp__t50                    2.79469
xc2.xcore.inp__t62                       2.805
xc2.xcore.tail__t123                   1.35969
xc2.xcore.vss__t489                2.60997e-12
xc2.xcore.tail__t42                    1.35969
xc2.xcore.inp__t29                       2.805
xc2.xcore.outp__t67                    2.79468
xc2.xcore.vss__t490                2.62948e-12
xc2.xcore.outp__t32                    2.79468
xc2.xcore.inp__t28                       2.805
xc2.xcore.tail__t102                    1.3597
xc2.xcore.vss__t491                2.64899e-12
xc2.xcore.tail__t41                     1.3597
xc2.xcore.inp__t27                       2.805
xc2.xcore.outp__t66                    2.79468
xc2.xcore.vss__t492                2.66851e-12
xc2.xcore.outp__t31                    2.79468
xc2.xcore.inp__t26                       2.805
xc2.xcore.tail__t101                    1.3597
xc2.xcore.vss__t493                2.68802e-12
xc2.xcore.tail__t40                     1.3597
xc2.xcore.inp__t25                       2.805
xc2.xcore.outp__t65                    2.79468
xc2.xcore.vss__t494                2.70753e-12
xc2.xcore.outp__t20                    2.79468
xc2.xcore.inp__t4                        2.805
xc2.xcore.tail__t74                     1.3597
xc2.xcore.vss__t495                2.72705e-12
xc2.xcore.tail__t14                     1.3597
xc2.xcore.inp__t3                        2.805
xc2.xcore.outp__t54                    2.79467
xc2.xcore.vss__t496                2.74656e-12
xc2.xcore.outp__t22                    2.79467
xc2.xcore.inp__t7                        2.805
xc2.xcore.tail__t76                     1.3597
xc2.xcore.vss__t497                2.76607e-12
xc2.xcore.tail__t16                     1.3597
xc2.xcore.inp__t6                        2.805
xc2.xcore.outp__t55                    2.79467
xc2.xcore.vss__t498                2.78558e-12
xc2.xcore.outp__t21                    2.79467
xc2.xcore.inp__t5                        2.805
xc2.xcore.tail__t75                     1.3597
xc2.xcore.vss__t499                 2.8051e-12
xc2.xcore.tail__t19                     1.3597
xc2.xcore.inp__t8                        2.805
xc2.xcore.outp__t56                    2.79467
xc2.xcore.vss__t500                2.82461e-12
xc2.xcore.outp__t45                    2.79467
xc2.xcore.inp__t50                       2.805
xc2.xcore.tail__t116                    1.3597
xc2.xcore.vss__t501                2.84412e-12
xc2.xcore.tail__t51                     1.3597
xc2.xcore.inp__t49                       2.805
xc2.xcore.outp__t76                    2.79466
xc2.xcore.vss__t502                2.86363e-12
xc2.xcore.outp__t44                    2.79466
xc2.xcore.inp__t48                       2.805
xc2.xcore.tail__t115                    1.3597
xc2.xcore.vss__t503                2.88314e-12
xc2.xcore.tail__t50                    1.35971
xc2.xcore.inp__t47                       2.805
xc2.xcore.outp__t75                    2.79466
xc2.xcore.vss__t504                2.90265e-12
xc2.xcore.outp__t43                    2.79466
xc2.xcore.inp__t46                       2.805
xc2.xcore.tail__t114                   1.35971
xc2.xcore.vss__t505                2.92216e-12
xc2.xcore.tail__t49                    1.35971
xc2.xcore.inp__t45                       2.805
xc2.xcore.outp__t74                    2.79466
xc2.xcore.vss__t506                2.94168e-12
xc2.xcore.outp__t42                    2.79466
xc2.xcore.inp__t44                       2.805
xc2.xcore.tail__t113                   1.35971
xc2.xcore.vss__t507                2.96119e-12
xc2.xcore.tail__t48                    1.35971
xc2.xcore.inp__t43                       2.805
xc2.xcore.outp__t73                    2.79465
xc2.xcore.vss__t508                 2.9807e-12
xc2.xcore.outp__t41                    2.79465
xc2.xcore.inp__t42                       2.805
xc2.xcore.tail__t112                   1.35971
xc2.xcore.vss__t509                3.00021e-12
xc2.xcore.tail__t47                    1.35971
xc2.xcore.inp__t41                       2.805
xc2.xcore.outp__t72                    2.79465
xc2.xcore.vss__t510                3.01971e-12
xc2.xcore.outp__t40                    2.79465
xc2.xcore.inp__t40                       2.805
xc2.xcore.tail__t111                   1.35971
xc2.xcore.vss__t511                3.03922e-12
xc2.xcore.tail__t46                    1.35971
xc2.xcore.inp__t39                       2.805
xc2.xcore.outp__t71                    2.79465
xc2.xcore.vss__t512                3.05873e-12
xc2.xcore.outp__t39                    2.79465
xc2.xcore.inp__t38                       2.805
xc2.xcore.tail__t110                   1.35971
xc2.xcore.vss__t513                3.07824e-12
xc2.xcore.tail__t53                    1.35971
xc2.xcore.inp__t51                       2.805
xc2.xcore.outp__t77                    2.79464
xc2.xcore.vss__t514                3.09775e-12
xc2.xcore.outp__t38                    2.79464
xc2.xcore.inp__t37                       2.805
xc2.xcore.tail__t108                   1.35971
xc2.xcore.vss__t515                3.11726e-12
xc2.xcore.tail__t45                    1.35971
xc2.xcore.inp__t36                       2.805
xc2.xcore.outp__t70                    2.79464
xc2.xcore.vss__t516                3.13677e-12
xc2.xcore.outp__t37                    2.79464
xc2.xcore.inp__t35                       2.805
xc2.xcore.tail__t107                   1.35972
xc2.xcore.vss__t517                3.15627e-12
xc2.xcore.tail__t44                    1.35972
xc2.xcore.inp__t34                       2.805
xc2.xcore.outp__t69                    2.79464
xc2.xcore.vss__t518                3.17578e-12
xc2.xcore.outp__t36                    2.79464
xc2.xcore.inp__t33                       2.805
xc2.xcore.tail__t106                   1.35972
xc2.xcore.vss__t519                3.19529e-12
xc2.xcore.tail__t31                    1.35972
xc2.xcore.inp__t12                       2.805
xc2.xcore.outp__t58                    2.79464
xc2.xcore.vss__t520                3.21479e-12
xc2.xcore.outp__t35                    2.79463
xc2.xcore.inp__t32                       2.805
xc2.xcore.tail__t104                   1.35972
xc2.xcore.vss__t521                 3.2343e-12
xc2.xcore.tail__t43                    1.35972
xc2.xcore.inp__t31                       2.805
xc2.xcore.outp__t68                    2.79463
xc2.xcore.vss__t522                3.25381e-12
xc2.xcore.outp__t33                    2.79463
xc2.xcore.inp__t30                       2.805
xc2.xcore.tail__t103                   1.35972
xc2.xcore.vss__t523                3.27331e-12
xc2.xcore.tail__t1                     1.35972
xc2.xcore.inp__t2                        2.805
xc2.xcore.outp__t34                    2.79463
xc2.xcore.vss__t586                3.29282e-12
xc2.xcore.ibias__t215                   1.1299
xc2.xcore.ibias__t3                    1.13263
xc2.xcore.vss__t2                  2.51857e-05
xc2.xcore.vss__t459                 5.7016e-13
xc2.xcore.vss__t81                 2.49859e-05
xc2.xcore.ibias__t158                  1.13263
xc2.xcore.ibias__t216                  1.12993
xc2.xcore.vss__t448                 5.6565e-13
xc2.xcore.ibias__t213                  1.12996
xc2.xcore.ibias__t171                  1.13263
xc2.xcore.vss__t190                2.47861e-05
xc2.xcore.vss__t449                5.61141e-13
xc2.xcore.vss__t83                 2.45863e-05
xc2.xcore.ibias__t163                  1.13263
xc2.xcore.ibias__t218                  1.12999
xc2.xcore.vss__t450                5.56631e-13
xc2.xcore.ibias__t212                  1.13002
xc2.xcore.ibias__t162                  1.13263
xc2.xcore.vss__t185                2.43865e-05
xc2.xcore.vss__t451                5.52121e-13
xc2.xcore.vss__t89                 2.41867e-05
xc2.xcore.ibias__t177                  1.13263
xc2.xcore.ibias__t219                  1.13005
xc2.xcore.vss__t452                5.47611e-13
xc2.xcore.ibias__t211                  1.13008
xc2.xcore.ibias__t160                  1.13263
xc2.xcore.vss__t183                2.39869e-05
xc2.xcore.vss__t453                5.43101e-13
xc2.xcore.vss__t82                  2.3787e-05
xc2.xcore.ibias__t159                  1.13263
xc2.xcore.ibias__t217                  1.13011
xc2.xcore.vss__t454                 5.3859e-13
xc2.xcore.ibias__t214                  1.13014
xc2.xcore.ibias__t174                  1.13263
xc2.xcore.vss__t192                2.35872e-05
xc2.xcore.vss__t455                 5.3408e-13
xc2.xcore.vss__t3                  2.33874e-05
xc2.xcore.ibias__t4                    1.13263
xc2.xcore.ibias__t210                  1.13017
xc2.xcore.vss__t457                5.29569e-13
xc2.xcore.outn__t52                        3.3
xc2.xcore.inn__t1                        1.815
xc2.xcore.tail__t3                     1.35961
xc2.xcore.vss__t461                1.49234e-12
xc2.xcore.tail__t62                    1.35961
xc2.xcore.inn__t58                       1.815
xc2.xcore.outn__t81                        3.3
xc2.xcore.vss__t524                 1.5065e-12
xc2.xcore.outn__t49                        3.3
xc2.xcore.inn__t59                       1.815
xc2.xcore.tail__t124                   1.35961
xc2.xcore.vss__t525                1.52066e-12
xc2.xcore.tail__t63                    1.35961
xc2.xcore.inn__t60                       1.815
xc2.xcore.outn__t82                        3.3
xc2.xcore.vss__t526                1.53483e-12
xc2.xcore.outn__t50                        3.3
xc2.xcore.inn__t61                       1.815
xc2.xcore.tail__t125                   1.35961
xc2.xcore.vss__t527                1.54899e-12
xc2.xcore.tail__t64                    1.35961
xc2.xcore.inn__t62                       1.815
xc2.xcore.outn__t83                        3.3
xc2.xcore.vss__t528                1.56315e-12
xc2.xcore.outn__t46                        3.3
xc2.xcore.inn__t52                       1.815
xc2.xcore.tail__t105                   1.35961
xc2.xcore.vss__t529                1.57732e-12
xc2.xcore.tail__t15                    1.35961
xc2.xcore.inn__t21                       1.815
xc2.xcore.outn__t63                        3.3
xc2.xcore.vss__t530                1.59148e-12
xc2.xcore.outn__t45                        3.3
xc2.xcore.inn__t51                       1.815
xc2.xcore.tail__t100                   1.35961
xc2.xcore.vss__t531                1.60565e-12
xc2.xcore.tail__t34                    1.35961
xc2.xcore.inn__t48                       1.815
xc2.xcore.outn__t76                        3.3
xc2.xcore.vss__t532                1.61981e-12
xc2.xcore.outn__t44                        3.3
xc2.xcore.inn__t50                       1.815
xc2.xcore.tail__t99                    1.35961
xc2.xcore.vss__t533                1.63398e-12
xc2.xcore.tail__t61                    1.35961
xc2.xcore.inn__t57                       1.815
xc2.xcore.outn__t80                        3.3
xc2.xcore.vss__t534                1.64814e-12
xc2.xcore.outn__t40                        3.3
xc2.xcore.inn__t42                       1.815
xc2.xcore.tail__t87                    1.35961
xc2.xcore.vss__t535                1.66231e-12
xc2.xcore.tail__t27                    1.35961
xc2.xcore.inn__t41                       1.815
xc2.xcore.outn__t73                        3.3
xc2.xcore.vss__t536                1.67647e-12
xc2.xcore.outn__t39                        3.3
xc2.xcore.inn__t40                       1.815
xc2.xcore.tail__t86                    1.35961
xc2.xcore.vss__t537                1.69064e-12
xc2.xcore.tail__t26                    1.35961
xc2.xcore.inn__t39                       1.815
xc2.xcore.outn__t72                        3.3
xc2.xcore.vss__t538                1.70481e-12
xc2.xcore.outn__t38                        3.3
xc2.xcore.inn__t38                       1.815
xc2.xcore.tail__t85                    1.35961
xc2.xcore.vss__t539                1.71897e-12
xc2.xcore.tail__t25                    1.35961
xc2.xcore.inn__t37                       1.815
xc2.xcore.outn__t71                        3.3
xc2.xcore.vss__t540                1.73314e-12
xc2.xcore.outn__t47                        3.3
xc2.xcore.inn__t53                       1.815
xc2.xcore.tail__t109                   1.35961
xc2.xcore.vss__t541                1.74731e-12
xc2.xcore.tail__t52                    1.35961
xc2.xcore.inn__t55                       1.815
xc2.xcore.outn__t78                        3.3
xc2.xcore.vss__t542                1.76148e-12
xc2.xcore.outn__t48                        3.3
xc2.xcore.inn__t54                       1.815
xc2.xcore.tail__t117                   1.35961
xc2.xcore.vss__t543                1.77564e-12
xc2.xcore.tail__t39                    1.35961
xc2.xcore.inn__t49                       1.815
xc2.xcore.outn__t77                        3.3
xc2.xcore.vss__t544                1.78981e-12
xc2.xcore.outn__t41                        3.3
xc2.xcore.inn__t43                       1.815
xc2.xcore.tail__t89                    1.35961
xc2.xcore.vss__t545                1.80398e-12
xc2.xcore.tail__t29                    1.35961
xc2.xcore.inn__t47                       1.815
xc2.xcore.outn__t75                        3.3
xc2.xcore.vss__t546                1.81815e-12
xc2.xcore.outn__t43                        3.3
xc2.xcore.inn__t46                       1.815
xc2.xcore.tail__t91                    1.35961
xc2.xcore.vss__t547                1.83232e-12
xc2.xcore.tail__t28                    1.35961
xc2.xcore.inn__t45                       1.815
xc2.xcore.outn__t74                        3.3
xc2.xcore.vss__t548                1.84649e-12
xc2.xcore.outn__t42                        3.3
xc2.xcore.inn__t44                       1.815
xc2.xcore.tail__t90                    1.35961
xc2.xcore.vss__t549                1.86066e-12
xc2.xcore.tail__t59                    1.35961
xc2.xcore.inn__t56                       1.815
xc2.xcore.outn__t79                        3.3
xc2.xcore.vss__t550                1.87483e-12
xc2.xcore.outn__t51                        3.3
xc2.xcore.inn__t63                       1.815
xc2.xcore.tail__t127                   1.35961
xc2.xcore.vss__t551                  1.889e-12
xc2.xcore.tail__t13                    1.35961
xc2.xcore.inn__t19                       1.815
xc2.xcore.outn__t62                        3.3
xc2.xcore.vss__t552                1.90317e-12
xc2.xcore.outn__t28                        3.3
xc2.xcore.inn__t18                       1.815
xc2.xcore.tail__t72                    1.35961
xc2.xcore.vss__t553                1.91734e-12
xc2.xcore.tail__t12                    1.35961
xc2.xcore.inn__t17                       1.815
xc2.xcore.outn__t61                        3.3
xc2.xcore.vss__t554                1.93151e-12
xc2.xcore.outn__t27                        3.3
xc2.xcore.inn__t16                       1.815
xc2.xcore.tail__t71                    1.35961
xc2.xcore.vss__t555                1.94568e-12
xc2.xcore.tail__t11                    1.35961
xc2.xcore.inn__t15                       1.815
xc2.xcore.outn__t60                        3.3
xc2.xcore.vss__t556                1.95985e-12
xc2.xcore.outn__t26                        3.3
xc2.xcore.inn__t14                       1.815
xc2.xcore.tail__t70                    1.35961
xc2.xcore.vss__t557                1.97402e-12
xc2.xcore.tail__t10                    1.35961
xc2.xcore.inn__t13                       1.815
xc2.xcore.outn__t59                        3.3
xc2.xcore.vss__t558                1.98819e-12
xc2.xcore.outn__t25                        3.3
xc2.xcore.inn__t12                       1.815
xc2.xcore.tail__t69                    1.35961
xc2.xcore.vss__t559                2.00236e-12
xc2.xcore.tail__t6                     1.35961
xc2.xcore.inn__t5                        1.815
xc2.xcore.outn__t55                        3.3
xc2.xcore.vss__t560                2.01653e-12
xc2.xcore.outn__t24                        3.3
xc2.xcore.inn__t11                       1.815
xc2.xcore.tail__t68                    1.35961
xc2.xcore.vss__t561                2.03071e-12
xc2.xcore.tail__t4                     1.35961
xc2.xcore.inn__t2                        1.815
xc2.xcore.outn__t53                        3.3
xc2.xcore.vss__t562                2.04488e-12
xc2.xcore.outn__t21                        3.3
xc2.xcore.inn__t3                        1.815
xc2.xcore.tail__t65                    1.35961
xc2.xcore.vss__t563                2.05905e-12
xc2.xcore.tail__t5                     1.35961
xc2.xcore.inn__t4                        1.815
xc2.xcore.outn__t54                        3.3
xc2.xcore.vss__t564                2.07322e-12
xc2.xcore.outn__t22                        3.3
xc2.xcore.inn__t6                        1.815
xc2.xcore.tail__t66                    1.35961
xc2.xcore.vss__t565                 2.0874e-12
xc2.xcore.tail__t7                     1.35961
xc2.xcore.inn__t7                        1.815
xc2.xcore.outn__t56                        3.3
xc2.xcore.vss__t566                2.10157e-12
xc2.xcore.outn__t23                        3.3
xc2.xcore.inn__t8                        1.815
xc2.xcore.tail__t67                    1.35961
xc2.xcore.vss__t567                2.11574e-12
xc2.xcore.tail__t8                     1.35961
xc2.xcore.inn__t9                        1.815
xc2.xcore.outn__t57                        3.3
xc2.xcore.vss__t568                2.12991e-12
xc2.xcore.outn__t29                        3.3
xc2.xcore.inn__t20                       1.815
xc2.xcore.tail__t73                    1.35961
xc2.xcore.vss__t569                2.14409e-12
xc2.xcore.tail__t9                     1.35961
xc2.xcore.inn__t10                       1.815
xc2.xcore.outn__t58                        3.3
xc2.xcore.vss__t570                2.15826e-12
xc2.xcore.outn__t36                        3.3
xc2.xcore.inn__t35                       1.815
xc2.xcore.tail__t83                    1.35961
xc2.xcore.vss__t571                2.17243e-12
xc2.xcore.tail__t24                    1.35961
xc2.xcore.inn__t34                       1.815
xc2.xcore.outn__t70                        3.3
xc2.xcore.vss__t572                2.18661e-12
xc2.xcore.outn__t35                        3.3
xc2.xcore.inn__t33                       1.815
xc2.xcore.tail__t82                    1.35961
xc2.xcore.vss__t573                2.20078e-12
xc2.xcore.tail__t23                    1.35961
xc2.xcore.inn__t32                       1.815
xc2.xcore.outn__t69                        3.3
xc2.xcore.vss__t574                2.21495e-12
xc2.xcore.outn__t34                        3.3
xc2.xcore.inn__t31                       1.815
xc2.xcore.tail__t81                    1.35961
xc2.xcore.vss__t575                2.22913e-12
xc2.xcore.tail__t22                    1.35961
xc2.xcore.inn__t30                       1.815
xc2.xcore.outn__t68                        3.3
xc2.xcore.vss__t576                 2.2433e-12
xc2.xcore.outn__t33                        3.3
xc2.xcore.inn__t29                       1.815
xc2.xcore.tail__t80                    1.35961
xc2.xcore.vss__t577                2.25748e-12
xc2.xcore.tail__t21                    1.35961
xc2.xcore.inn__t28                       1.815
xc2.xcore.outn__t67                        3.3
xc2.xcore.vss__t578                2.27165e-12
xc2.xcore.outn__t32                        3.3
xc2.xcore.inn__t27                       1.815
xc2.xcore.tail__t79                    1.35961
xc2.xcore.vss__t579                2.28582e-12
xc2.xcore.tail__t20                    1.35961
xc2.xcore.inn__t26                       1.815
xc2.xcore.outn__t66                        3.3
xc2.xcore.vss__t580                    2.3e-12
xc2.xcore.outn__t37                        3.3
xc2.xcore.inn__t36                       1.815
xc2.xcore.tail__t84                    1.35961
xc2.xcore.vss__t581                2.31417e-12
xc2.xcore.tail__t18                    1.35961
xc2.xcore.inn__t25                       1.815
xc2.xcore.outn__t65                        3.3
xc2.xcore.vss__t582                2.32835e-12
xc2.xcore.outn__t31                        3.3
xc2.xcore.inn__t24                       1.815
xc2.xcore.tail__t78                    1.35961
xc2.xcore.vss__t583                2.34252e-12
xc2.xcore.tail__t17                    1.35961
xc2.xcore.inn__t23                       1.815
xc2.xcore.outn__t64                        3.3
xc2.xcore.vss__t584                 2.3567e-12
xc2.xcore.outn__t30                        3.3
xc2.xcore.inn__t22                       1.815
xc2.xcore.tail__t77                    1.35961
xc2.xcore.vss__t585                2.37087e-12
xc2.xcore.tail__t2                     1.35961
xc2.xcore.inn__t0                        1.815
xc2.xcore.outn__t20                        3.3
xc2.xcore.vss__t587                2.38505e-12
xc2.xcore.vss__t210                2.60239e-12
xc2.xcore.outp__t16                    2.79484
xc2.xcore.vss__t211                 2.5718e-12
xc2.xcore.outp__t17                    2.79484
xc2.xcore.vss__t212                2.54124e-12
xc2.xcore.outp__t18                    2.79484
xc2.xcore.vss__t213                 2.5107e-12
xc2.xcore.outp__t19                    2.79484
xc2.xcore.vss__t214                2.48019e-12
xc2.xcore.outp__t0                     2.79484
xc2.xcore.vss__t215                 2.4497e-12
xc2.xcore.outp__t1                     2.79484
xc2.xcore.vss__t216                2.41925e-12
xc2.xcore.outp__t2                     2.79484
xc2.xcore.vss__t217                2.38882e-12
xc2.xcore.outp__t3                     2.79484
xc2.xcore.vss__t218                2.35843e-12
xc2.xcore.outp__t4                     2.79484
xc2.xcore.vss__t219                2.32806e-12
xc2.xcore.outp__t15                    2.79484
xc2.xcore.vss__t220                2.29773e-12
xc2.xcore.outp__t6                     2.79484
xc2.xcore.vss__t221                2.26744e-12
xc2.xcore.outp__t7                     2.79484
xc2.xcore.vss__t222                2.23718e-12
xc2.xcore.outp__t8                     2.79484
xc2.xcore.vss__t223                2.20696e-12
xc2.xcore.outp__t9                     2.79484
xc2.xcore.vss__t224                2.17678e-12
xc2.xcore.outp__t10                    2.79484
xc2.xcore.vss__t225                2.14663e-12
xc2.xcore.outp__t11                    2.79484
xc2.xcore.vss__t226                2.11653e-12
xc2.xcore.outp__t12                    2.79484
xc2.xcore.vss__t227                2.08648e-12
xc2.xcore.outp__t13                    2.79484
xc2.xcore.vss__t228                2.05647e-12
xc2.xcore.outp__t14                    2.79484
xc2.xcore.vss__t229                2.02651e-12
xc2.xcore.outp__t5                     2.79484
xc2.xcore.vss__t230                2.18457e-12
xc2.xcore.outn__t0                         3.3
xc2.xcore.vss__t231                2.21955e-12
xc2.xcore.outn__t5                         3.3
xc2.xcore.vss__t232                 2.2546e-12
xc2.xcore.outn__t6                         3.3
xc2.xcore.vss__t233                2.28973e-12
xc2.xcore.outn__t7                         3.3
xc2.xcore.vss__t234                2.32492e-12
xc2.xcore.outn__t8                         3.3
xc2.xcore.vss__t235                2.36018e-12
xc2.xcore.outn__t9                         3.3
xc2.xcore.vss__t236                2.39551e-12
xc2.xcore.outn__t10                        3.3
xc2.xcore.vss__t237                2.43089e-12
xc2.xcore.outn__t11                        3.3
xc2.xcore.vss__t238                2.46632e-12
xc2.xcore.outn__t12                        3.3
xc2.xcore.vss__t239                2.50182e-12
xc2.xcore.outn__t13                        3.3
xc2.xcore.vss__t240                2.53736e-12
xc2.xcore.outn__t14                        3.3
xc2.xcore.vss__t241                2.57295e-12
xc2.xcore.outn__t15                        3.3
xc2.xcore.vss__t242                2.60859e-12
xc2.xcore.outn__t16                        3.3
xc2.xcore.vss__t243                2.64428e-12
xc2.xcore.outn__t17                        3.3
xc2.xcore.vss__t244                2.68001e-12
xc2.xcore.outn__t19                        3.3
xc2.xcore.vss__t245                2.71579e-12
xc2.xcore.outn__t18                        3.3
xc2.xcore.vss__t246                 2.7516e-12
xc2.xcore.outn__t1                         3.3
xc2.xcore.vss__t247                2.78746e-12
xc2.xcore.outn__t2                         3.3
xc2.xcore.vss__t248                2.82335e-12
xc2.xcore.outn__t3                         3.3
xc2.xcore.vss__t249                2.85928e-12
xc2.xcore.outn__t4                         3.3
ib_c2                                  1.13263
xc2.xcore.vsubs                              0
outn_c2                                    3.3
outp_c2                                2.79484
xc2.tail                               1.35961
vd_c2                                  0.50516
ediff_c2#branch                              0
ediff_c1#branch                              0
ediff_c0#branch                              0
einref#branch                                0
vcomb0_7#branch                              0
vcomb1_7#branch                              0
vcomb0_6#branch                              0
vcomb1_6#branch                              0
vcomb0_5#branch                              0
vcomb1_5#branch                              0
vcomb0_4#branch                              0
vcomb1_4#branch                              0
vcomb0_3#branch                              0
vcomb1_3#branch                              0
vcomb0_2#branch                              0
vcomb1_2#branch                              0
vcomb0_1#branch                              0
vcomb1_1#branch                              0
vcomb0_0#branch                              0
vcomb1_0#branch                              0
vinn#branch                       -8.23492e-15
vinp#branch                        3.96039e-15
vavcc#branch                        -0.0303096

 Reference value :  0.00000e+00
 Reference value :  1.34738e-09
 Reference value :  1.40279e-09
 Reference value :  1.44134e-09
 Reference value :  2.25590e-09
 Reference value :  2.72439e-09
 Reference value :  2.77385e-09
 Reference value :  2.91189e-09
 Reference value :  4.04635e-09
 Reference value :  4.10536e-09
 Reference value :  4.15306e-09
 Reference value :  5.24734e-09
 Reference value :  5.42253e-09
 Reference value :  5.47036e-09
 Reference value :  5.73791e-09
 Reference value :  7.51401e-09
 Reference value :  9.38081e-09
 Reference value :  9.46536e-09
 Reference value :  9.51255e-09
 Reference value :  9.91595e-09
 Reference value :  1.07980e-08
 Reference value :  1.08544e-08
 Reference value :  1.09301e-08
 Reference value :  1.22612e-08
 Reference value :  1.41280e-08
 Reference value :  1.48389e-08
 Reference value :  1.48948e-08
 Reference value :  1.50003e-08
 Reference value :  1.65416e-08
 Reference value :  1.75280e-08
 Reference value :  1.75870e-08
 Reference value :  1.76592e-08
 Reference value :  1.89632e-08
 Reference value :  2.02103e-08
 Reference value :  2.02692e-08
 Reference value :  2.03281e-08
 Reference value :  2.15608e-08
 Reference value :  2.29027e-08
 Reference value :  2.29666e-08
 Reference value :  2.30159e-08
 Reference value :  2.42424e-08
 Reference value :  2.42888e-08
 Reference value :  2.43340e-08
 Reference value :  2.50082e-08
 Reference value :  2.56169e-08
 Reference value :  2.56693e-08
 Reference value :  2.57768e-08
 Reference value :  2.69411e-08
 Reference value :  2.69984e-08
 Reference value :  2.70453e-08
 Reference value :  2.81430e-08
 Reference value :  2.83181e-08
 Reference value :  2.83650e-08
 Reference value :  2.86004e-08
 Reference value :  2.96419e-08
 Reference value :  2.97048e-08
 Reference value :  2.97995e-08
 Reference value :  3.09815e-08
 Reference value :  3.10421e-08
 Reference value :  3.10890e-08
 Reference value :  3.15015e-08
 Reference value :  3.20771e-08
 Reference value :  3.26599e-08
 Reference value :  3.31861e-08
 Reference value :  3.38244e-08
 Reference value :  3.43532e-08
 Reference value :  3.49968e-08
 Reference value :  3.55430e-08
 Reference value :  3.61813e-08
 Reference value :  3.67045e-08
 Reference value :  3.73597e-08
 Reference value :  3.78886e-08
 Reference value :  3.85322e-08
 Reference value :  3.90586e-08
 Reference value :  3.97306e-08
 Reference value :  4.02591e-08
 Reference value :  4.04421e-08
 Reference value :  4.04873e-08
 Reference value :  4.07505e-08
 Reference value :  4.13005e-08
 Reference value :  4.19560e-08
 Reference value :  4.26137e-08
 Reference value :  4.32860e-08
 Reference value :  4.39394e-08
 Reference value :  4.46128e-08
 Reference value :  4.52373e-08
 Reference value :  4.57926e-08
 Reference value :  4.63869e-08
 Reference value :  4.69627e-08
 Reference value :  4.74947e-08
 Reference value :  4.81341e-08
 Reference value :  4.84934e-08
 Reference value :  4.85585e-08
 Reference value :  4.86408e-08
 Reference value :  4.91950e-08
 Reference value :  4.98318e-08
 Reference value :  4.98903e-08
 Reference value :  4.99396e-08
 Reference value :  5.03567e-08
 Reference value :  5.10101e-08
 Reference value :  5.16346e-08
 Reference value :  5.22164e-08
 Reference value :  5.28440e-08
 Reference value :  5.34217e-08
 Reference value :  5.40604e-08
 Reference value :  5.47152e-08
 Reference value :  5.53692e-08
 Reference value :  5.59470e-08
 Reference value :  5.65657e-08
 Reference value :  5.66140e-08
 Reference value :  5.66623e-08
 Reference value :  5.69571e-08
 Reference value :  5.75772e-08
 Reference value :  5.80906e-08
 Reference value :  5.87584e-08
 Reference value :  5.92596e-08
 Reference value :  5.93150e-08
 Reference value :  5.93642e-08
 Reference value :  5.97154e-08
 Reference value :  6.02927e-08
 Reference value :  6.08291e-08
 Reference value :  6.14338e-08
 Reference value :  6.20364e-08
 Reference value :  6.26083e-08
 Reference value :  6.33039e-08
 Reference value :  6.41274e-08
 Reference value :  6.46501e-08
 Reference value :  6.46987e-08
 Reference value :  6.47450e-08
 Reference value :  6.50110e-08
 Reference value :  6.56366e-08
 Reference value :  6.60005e-08
 Reference value :  6.60590e-08
 Reference value :  6.61109e-08
 Reference value :  6.64997e-08
 Reference value :  6.70312e-08
 Reference value :  6.73578e-08
 Reference value :  6.74137e-08
 Reference value :  6.74777e-08
 Reference value :  6.78662e-08
 Reference value :  6.84049e-08
 Reference value :  6.87050e-08
 Reference value :  6.87629e-08
 Reference value :  6.88367e-08
 Reference value :  6.92825e-08
 Reference value :  6.98583e-08
 Reference value :  7.03718e-08
 Reference value :  7.08988e-08
 Reference value :  7.14641e-08
 Reference value :  7.20359e-08
 Reference value :  7.25687e-08
 Reference value :  7.27538e-08
 Reference value :  7.28074e-08
 Reference value :  7.28962e-08
 Reference value :  7.34007e-08
 Reference value :  7.39268e-08
 Reference value :  7.44386e-08
 Reference value :  7.50353e-08
 Reference value :  7.55712e-08
 Reference value :  7.60985e-08
 Reference value :  7.66272e-08
 Reference value :  7.71949e-08
 Reference value :  7.77792e-08
 Reference value :  7.81242e-08
 Reference value :  7.81822e-08
 Reference value :  7.82355e-08
 Reference value :  7.86209e-08
 Reference value :  7.91479e-08
 Reference value :  7.96664e-08
 Reference value :  8.02850e-08
 Reference value :  8.08081e-08
 Reference value :  8.08467e-08
 Reference value :  8.08951e-08
 Reference value :  8.11094e-08
 Reference value :  8.16498e-08
 Reference value :  8.21550e-08
 Reference value :  8.22018e-08
 Reference value :  8.22443e-08
 Reference value :  8.24930e-08
 Reference value :  8.30200e-08
 Reference value :  8.35853e-08
 Reference value :  8.41571e-08
 Reference value :  8.46843e-08
 Reference value :  8.52052e-08
 Reference value :  8.57270e-08
 Reference value :  8.61978e-08
 Reference value :  8.62455e-08
 Reference value :  8.62903e-08
 Reference value :  8.65362e-08
 Reference value :  8.70649e-08
 Reference value :  8.75451e-08
 Reference value :  8.76007e-08
 Reference value :  8.76413e-08
 Reference value :  8.79066e-08
 Reference value :  8.85322e-08
 Reference value :  8.88961e-08
 Reference value :  8.89482e-08
 Reference value :  8.89895e-08
 Reference value :  8.92534e-08
 Reference value :  8.98810e-08
 Reference value :  9.04040e-08
 Reference value :  9.09291e-08
 Reference value :  9.14689e-08
 Reference value :  9.16176e-08
 Reference value :  9.16640e-08
 Reference value :  9.18195e-08
 Reference value :  9.23753e-08
 Reference value :  9.29223e-08
 Reference value :  9.34357e-08
 Reference value :  9.39605e-08
 Reference value :  9.42899e-08
 Reference value :  9.43439e-08
 Reference value :  9.43925e-08
 Reference value :  9.47671e-08
 Reference value :  9.52904e-08
 Reference value :  9.58010e-08
 Reference value :  9.63331e-08
 Reference value :  9.69517e-08
 Reference value :  9.74677e-08
 Reference value :  9.79998e-08
 Reference value :  9.83308e-08
 Reference value :  9.83887e-08
 Reference value :  9.84522e-08
 Reference value :  9.88449e-08
 Reference value :  9.94749e-08
 Reference value :  9.96840e-08
 Reference value :  9.97388e-08
 Reference value :  9.98116e-08
 Reference value :  1.00196e-07
 Reference value :  1.00822e-07
 Reference value :  1.01030e-07
 Reference value :  1.01088e-07
 Reference value :  1.01166e-07
 Reference value :  1.01664e-07
 Reference value :  1.02189e-07
 Reference value :  1.02381e-07
 Reference value :  1.02437e-07
 Reference value :  1.02519e-07
 Reference value :  1.03010e-07
 Reference value :  1.03537e-07
 Reference value :  1.03730e-07
 Reference value :  1.03784e-07
 Reference value :  1.03877e-07
 Reference value :  1.04379e-07
 Reference value :  1.04906e-07
 Reference value :  1.05415e-07
 Reference value :  1.06041e-07
 Reference value :  1.06403e-07
 Reference value :  1.06454e-07
 Reference value :  1.06498e-07
 Reference value :  1.06789e-07
 Reference value :  1.07393e-07
 Reference value :  1.07932e-07
 Reference value :  1.08472e-07
 Reference value :  1.09073e-07
 Reference value :  1.09589e-07
 Reference value :  1.10122e-07
 Reference value :  1.10634e-07
 Reference value :  1.11231e-07
 Reference value :  1.11778e-07
 Reference value :  1.12291e-07
 Reference value :  1.12818e-07
 Reference value :  1.13147e-07
 Reference value :  1.13205e-07
 Reference value :  1.13280e-07
 Reference value :  1.13691e-07
 Reference value :  1.14296e-07
 Reference value :  1.14502e-07
 Reference value :  1.14558e-07
 Reference value :  1.14630e-07
 Reference value :  1.15074e-07
 Reference value :  1.15657e-07
 Reference value :  1.15853e-07
 Reference value :  1.15906e-07
 Reference value :  1.16148e-07
 Reference value :  1.16676e-07
 Reference value :  1.17200e-07
 Reference value :  1.17796e-07
 Reference value :  1.18352e-07
 Reference value :  1.18857e-07
 Reference value :  1.19384e-07
 Reference value :  1.19956e-07
 Reference value :  1.20525e-07
 Reference value :  1.21064e-07
 Reference value :  1.21239e-07
 Reference value :  1.21292e-07
 Reference value :  1.21390e-07
 Reference value :  1.21895e-07
 Reference value :  1.22427e-07
 Reference value :  1.22986e-07
 Reference value :  1.23562e-07
 Reference value :  1.24084e-07
 Reference value :  1.24634e-07
 Reference value :  1.25239e-07
 Reference value :  1.25289e-07
 Reference value :  1.25336e-07
 Reference value :  1.25531e-07
 Reference value :  1.26076e-07
 Reference value :  1.26601e-07
 Reference value :  1.27109e-07
 Reference value :  1.27633e-07
 Reference value :  1.28205e-07
 Reference value :  1.28781e-07
 Reference value :  1.29293e-07
 Reference value :  1.29332e-07
 Reference value :  1.29380e-07
 Reference value :  1.29594e-07
 Reference value :  1.30135e-07
 Reference value :  1.30640e-07
 Reference value :  1.30689e-07
 Reference value :  1.30731e-07
 Reference value :  1.30981e-07
 Reference value :  1.31509e-07
 Reference value :  1.32077e-07
 Reference value :  1.32646e-07
 Reference value :  1.33175e-07
 Reference value :  1.33360e-07
 Reference value :  1.33413e-07
 Reference value :  1.33502e-07
 Reference value :  1.33993e-07
 Reference value :  1.34532e-07
 Reference value :  1.34708e-07
 Reference value :  1.34760e-07
 Reference value :  1.34872e-07
 Reference value :  1.35381e-07
 Reference value :  1.36009e-07
 Reference value :  1.36518e-07
 Reference value :  1.37041e-07
 Reference value :  1.37386e-07
 Reference value :  1.37442e-07
 Reference value :  1.37490e-07
 Reference value :  1.37872e-07
 Reference value :  1.38404e-07
 Reference value :  1.38926e-07
 Reference value :  1.39544e-07
 Reference value :  1.40067e-07
 Reference value :  1.40110e-07
 Reference value :  1.40154e-07
 Reference value :  1.40390e-07
 Reference value :  1.40919e-07
 Reference value :  1.41415e-07
 Reference value :  1.41459e-07
 Reference value :  1.41504e-07
 Reference value :  1.41733e-07
 Reference value :  1.42260e-07
 Reference value :  1.42798e-07
 Reference value :  1.43357e-07
 Reference value :  1.43939e-07
 Reference value :  1.44134e-07
 Reference value :  1.44188e-07
 Reference value :  1.44286e-07
 Reference value :  1.44781e-07
 Reference value :  1.45306e-07
 Reference value :  1.45483e-07
 Reference value :  1.45535e-07
 Reference value :  1.45625e-07
 Reference value :  1.46129e-07
 Reference value :  1.46656e-07
 Reference value :  1.46833e-07
 Reference value :  1.46882e-07
 Reference value :  1.46993e-07
 Reference value :  1.47503e-07
 Reference value :  1.48130e-07
 Reference value :  1.48184e-07
 Reference value :  1.48232e-07
 Reference value :  1.48384e-07
 Reference value :  1.48941e-07
 Reference value :  1.49495e-07
 Reference value :  1.50001e-07
 Reference value :  1.50528e-07
 Reference value :  1.50858e-07
 Reference value :  1.50916e-07
 Reference value :  1.50986e-07
 Reference value :  1.51370e-07
 Reference value :  1.51971e-07
 Reference value :  1.52209e-07
 Reference value :  1.52266e-07
 Reference value :  1.52337e-07
 Reference value :  1.52721e-07
 Reference value :  1.53347e-07
 Reference value :  1.53858e-07
 Reference value :  1.54381e-07
 Reference value :  1.54910e-07
 Reference value :  1.55442e-07
 Reference value :  1.56047e-07
 Reference value :  1.56566e-07
 Reference value :  1.57091e-07
 Reference value :  1.57576e-07
 Reference value :  1.57628e-07
 Reference value :  1.57668e-07
 Reference value :  1.57932e-07
 Reference value :  1.58454e-07
 Reference value :  1.58925e-07
 Reference value :  1.58973e-07
 Reference value :  1.59018e-07
 Reference value :  1.59269e-07
 Reference value :  1.59801e-07
 Reference value :  1.60324e-07
 Reference value :  1.60802e-07
 Reference value :  1.61428e-07
 Reference value :  1.61636e-07
 Reference value :  1.61694e-07
 Reference value :  1.61768e-07
 Reference value :  1.62212e-07
 Reference value :  1.62849e-07
 Reference value :  1.63390e-07
 Reference value :  1.63966e-07
 Reference value :  1.64478e-07
 Reference value :  1.65004e-07
 Reference value :  1.65543e-07
 Reference value :  1.65688e-07
 Reference value :  1.65737e-07
 Reference value :  1.65834e-07
 Reference value :  1.66334e-07
 Reference value :  1.66858e-07
 Reference value :  1.67377e-07
 Reference value :  1.67999e-07
 Reference value :  1.68357e-07
 Reference value :  1.68413e-07
 Reference value :  1.68461e-07
 Reference value :  1.68841e-07
 Reference value :  1.69360e-07
 Reference value :  1.69707e-07
 Reference value :  1.69761e-07
 Reference value :  1.69806e-07
 Reference value :  1.70188e-07
 Reference value :  1.70717e-07
 Reference value :  1.71056e-07
 Reference value :  1.71114e-07
 Reference value :  1.71172e-07
 Reference value :  1.71559e-07
 Reference value :  1.72091e-07
 Reference value :  1.72649e-07
 Reference value :  1.73225e-07
 Reference value :  1.73737e-07
 Reference value :  1.73776e-07
 Reference value :  1.73823e-07
 Reference value :  1.73942e-07
 Reference value :  1.74431e-07
 Reference value :  1.74926e-07
 Reference value :  1.75106e-07
 Reference value :  1.75158e-07
 Reference value :  1.75212e-07
 Reference value :  1.75575e-07
 Reference value :  1.76076e-07
 Reference value :  1.76433e-07
 Reference value :  1.76471e-07
 Reference value :  1.76513e-07
 Reference value :  1.76601e-07
 Reference value :  1.76973e-07
 Reference value :  1.77464e-07
 Reference value :  1.77950e-07
 Reference value :  1.78451e-07
 Reference value :  1.78949e-07
 Reference value :  1.79412e-07
 Reference value :  1.79889e-07
 Reference value :  1.80394e-07
 Reference value :  1.80503e-07
 Reference value :  1.80551e-07
 Reference value :  1.80627e-07
 Reference value :  1.81000e-07
 Reference value :  1.81503e-07
 Reference value :  1.81828e-07
 Reference value :  1.81870e-07
 Reference value :  1.81906e-07
 Reference value :  1.82077e-07
 Reference value :  1.82513e-07
 Reference value :  1.83017e-07
 Reference value :  1.83502e-07
 Reference value :  1.84000e-07
 Reference value :  1.84498e-07
 Reference value :  1.84939e-07
 Reference value :  1.85408e-07
 Reference value :  1.85859e-07
 Reference value :  1.85904e-07
 Reference value :  1.85942e-07
 Reference value :  1.86079e-07
 Reference value :  1.86542e-07
 Reference value :  1.87038e-07
 Reference value :  1.87524e-07
 Reference value :  1.88029e-07
 Reference value :  1.88532e-07
 Reference value :  1.88582e-07
 Reference value :  1.88632e-07
 Reference value :  1.88701e-07
 Reference value :  1.89061e-07
 Reference value :  1.89566e-07
 Reference value :  1.90053e-07
 Reference value :  1.90554e-07
 Reference value :  1.91070e-07
 Reference value :  1.91264e-07
 Reference value :  1.91318e-07
 Reference value :  1.91360e-07
 Reference value :  1.91673e-07
 Reference value :  1.92142e-07
 Reference value :  1.92647e-07
 Reference value :  1.93121e-07
 Reference value :  1.93626e-07
 Reference value :  1.93950e-07
 Reference value :  1.93996e-07
 Reference value :  1.94034e-07
 Reference value :  1.94262e-07
 Reference value :  1.94774e-07
 Reference value :  1.95272e-07
 Reference value :  1.95320e-07
 Reference value :  1.95366e-07
 Reference value :  1.95448e-07
 Reference value :  1.95828e-07
 Reference value :  1.96333e-07
 Reference value :  1.96647e-07
 Reference value :  1.96697e-07
 Reference value :  1.96732e-07
 Reference value :  1.96970e-07
 Reference value :  1.97475e-07
 Reference value :  1.97973e-07
 Reference value :  1.98015e-07
 Reference value :  1.98060e-07
 Reference value :  1.98158e-07
 Reference value :  1.98639e-07
 Reference value :  1.99151e-07
 Reference value :  1.99347e-07
 Reference value :  1.99398e-07
 Reference value :  1.99436e-07
 Reference value :  1.99691e-07
 Reference value :  2.00192e-07
 Reference value :  2.00674e-07
 Reference value :  2.00713e-07
 Reference value :  2.00756e-07
 Reference value :  2.00865e-07
 Reference value :  2.01348e-07
 Reference value :  2.01852e-07
 Reference value :  2.02020e-07
 Reference value :  2.02020e-07
 Reference value :  2.02037e-07
 Reference value :  2.02994e-07
 Reference value :  2.03395e-07
 Reference value :  2.03447e-07
 Reference value :  2.03524e-07
 Reference value :  2.04714e-07
 Reference value :  2.04748e-07
 Reference value :  2.04794e-07
 Reference value :  2.04894e-07
 Reference value :  2.06061e-07
 Reference value :  2.06107e-07
 Reference value :  2.06147e-07
 Reference value :  2.06468e-07
 Reference value :  2.07420e-07
 Reference value :  2.07471e-07
 Reference value :  2.07503e-07
 Reference value :  2.08074e-07
 Reference value :  2.09694e-07
 Reference value :  2.11361e-07
 Reference value :  2.11483e-07
 Reference value :  2.11528e-07
 Reference value :  2.11643e-07
 Reference value :  2.12796e-07
 Reference value :  2.12839e-07
 Reference value :  2.12880e-07
 Reference value :  2.13082e-07
 Reference value :  2.14681e-07
 Reference value :  2.16388e-07
 Reference value :  2.16861e-07
 Reference value :  2.16912e-07
 Reference value :  2.16982e-07
 Reference value :  2.18186e-07
 Reference value :  2.19529e-07
 Reference value :  2.19576e-07
 Reference value :  2.19616e-07
 Reference value :  2.19914e-07
 Reference value :  2.21615e-07
 Reference value :  2.22242e-07
 Reference value :  2.22296e-07
 Reference value :  2.22356e-07
 Reference value :  2.23511e-07
 Reference value :  2.24916e-07
 Reference value :  2.24962e-07
 Reference value :  2.25001e-07
 Reference value :  2.25175e-07
 Reference value :  2.26267e-07
 Reference value :  2.26320e-07
 Reference value :  2.26358e-07
 Reference value :  2.26948e-07
 Reference value :  2.27630e-07
 Reference value :  2.27683e-07
 Reference value :  2.27719e-07
 Reference value :  2.28593e-07
 Reference value :  2.28984e-07
 Reference value :  2.29035e-07
 Reference value :  2.29094e-07
 Reference value :  2.30303e-07
 Reference value :  2.30337e-07
 Reference value :  2.30383e-07
 Reference value :  2.30470e-07
 Reference value :  2.31650e-07
 Reference value :  2.31691e-07
 Reference value :  2.31734e-07
 Reference value :  2.31954e-07
 Reference value :  2.33005e-07
 Reference value :  2.33053e-07
 Reference value :  2.33089e-07
 Reference value :  2.33623e-07
 Reference value :  2.35243e-07
 Reference value :  2.36910e-07
 Reference value :  2.38412e-07
 Reference value :  2.39871e-07
 Reference value :  2.41497e-07
 Reference value :  2.42434e-07
 Reference value :  2.42487e-07
 Reference value :  2.42525e-07
 Reference value :  2.43193e-07
 Reference value :  2.44791e-07
 Reference value :  2.46378e-07
 Reference value :  2.47865e-07
 Reference value :  2.49418e-07
 Reference value :  2.50515e-07
 Reference value :  2.50570e-07
 Reference value :  2.50602e-07
 Reference value :  2.51251e-07
 Reference value :  2.51872e-07
 Reference value :  2.51927e-07
 Reference value :  2.51989e-07
 Reference value :  2.53138e-07
 Reference value :  2.54629e-07
 Reference value :  2.56312e-07
 Reference value :  2.57939e-07
 Reference value :  2.58611e-07
 Reference value :  2.58663e-07
 Reference value :  2.58703e-07
 Reference value :  2.59692e-07
 Reference value :  2.61279e-07
 Reference value :  2.61320e-07
 Reference value :  2.61365e-07
 Reference value :  2.61616e-07
 Reference value :  2.63086e-07
 Reference value :  2.64673e-07
 Reference value :  2.66300e-07
 Reference value :  2.66694e-07
 Reference value :  2.66747e-07
 Reference value :  2.66817e-07
 Reference value :  2.68013e-07
 Reference value :  2.68053e-07
 Reference value :  2.68096e-07
 Reference value :  2.68316e-07
 Reference value :  2.69368e-07
 Reference value :  2.69416e-07
 Reference value :  2.69452e-07
 Reference value :  2.69906e-07
 Reference value :  2.70719e-07
 Reference value :  2.70774e-07
 Reference value :  2.70816e-07
 Reference value :  2.71795e-07
 Reference value :  2.73413e-07
 Reference value :  2.74748e-07
 Reference value :  2.74801e-07
 Reference value :  2.74840e-07
 Reference value :  2.75333e-07
 Reference value :  2.77194e-07
 Reference value :  2.79168e-07
 Reference value :  2.80143e-07
 Reference value :  2.80197e-07
 Reference value :  2.80244e-07
 Reference value :  2.81143e-07
 Reference value :  2.82741e-07
 Reference value :  2.82862e-07
 Reference value :  2.82908e-07
 Reference value :  2.83001e-07
 Reference value :  2.84175e-07
 Reference value :  2.84213e-07
 Reference value :  2.84256e-07
 Reference value :  2.84394e-07
 Reference value :  2.85742e-07
 Reference value :  2.87329e-07
 Reference value :  2.88229e-07
 Reference value :  2.88283e-07
 Reference value :  2.88312e-07
 Reference value :  2.88841e-07
 Reference value :  2.89575e-07
 Reference value :  2.89625e-07
 Reference value :  2.89665e-07
 Reference value :  2.90368e-07
 Reference value :  2.90934e-07
 Reference value :  2.90984e-07
 Reference value :  2.91022e-07
 Reference value :  2.91815e-07
 Reference value :  2.93396e-07
 Reference value :  2.93630e-07
 Reference value :  2.93681e-07
 Reference value :  2.93749e-07
 Reference value :  2.95029e-07
 Reference value :  2.96300e-07
 Reference value :  2.96348e-07
 Reference value :  2.96385e-07
 Reference value :  2.96682e-07
 Reference value :  2.98263e-07
 Reference value :  2.99890e-07
 Reference value :  3.00361e-07
 Reference value :  3.00410e-07
 Reference value :  3.00453e-07
 Reference value :  3.01345e-07
 Reference value :  3.01710e-07
 Reference value :  3.01761e-07
 Reference value :  3.01804e-07
 Reference value :  3.02829e-07
 Reference value :  3.03059e-07
 Reference value :  3.03110e-07
 Reference value :  3.03193e-07
 Reference value :  3.04377e-07
 Reference value :  3.04414e-07
 Reference value :  3.04458e-07
 Reference value :  3.04635e-07
 Reference value :  3.05731e-07
 Reference value :  3.05786e-07
 Reference value :  3.05822e-07
 Reference value :  3.06451e-07
 Reference value :  3.08171e-07
 Reference value :  3.08452e-07
 Reference value :  3.08498e-07
 Reference value :  3.08591e-07
 Reference value :  3.09848e-07
 Reference value :  3.11331e-07
 Reference value :  3.12958e-07
 Reference value :  3.14585e-07
 Reference value :  3.15168e-07
 Reference value :  3.15223e-07
 Reference value :  3.15264e-07
 Reference value :  3.16240e-07
 Reference value :  3.16531e-07
 Reference value :  3.16578e-07
 Reference value :  3.16654e-07
 Reference value :  3.17845e-07
 Reference value :  3.17892e-07
 Reference value :  3.17937e-07
 Reference value :  3.18491e-07
 Reference value :  3.20172e-07
 Reference value :  3.21759e-07
 Reference value :  3.23232e-07
 Reference value :  3.23269e-07
 Reference value :  3.23313e-07
 Reference value :  3.23412e-07
 Reference value :  3.24659e-07
 Reference value :  3.26146e-07
 Reference value :  3.27278e-07
 Reference value :  3.27333e-07
 Reference value :  3.27371e-07
 Reference value :  3.28001e-07
 Reference value :  3.29680e-07
 Reference value :  3.31313e-07
 Reference value :  3.31356e-07
 Reference value :  3.31400e-07
 Reference value :  3.31779e-07
 Reference value :  3.32672e-07
 Reference value :  3.32727e-07
 Reference value :  3.32769e-07
 Reference value :  3.33586e-07
 Reference value :  3.35227e-07
 Reference value :  3.35388e-07
 Reference value :  3.35434e-07
 Reference value :  3.35515e-07
 Reference value :  3.36700e-07
 Reference value :  3.36736e-07
 Reference value :  3.36781e-07
 Reference value :  3.36935e-07
 Reference value :  3.38387e-07
 Reference value :  3.39408e-07
 Reference value :  3.39463e-07
 Reference value :  3.39497e-07
 Reference value :  3.40300e-07
 Reference value :  3.41881e-07
 Reference value :  3.42117e-07
 Reference value :  3.42166e-07
 Reference value :  3.42234e-07
 Reference value :  3.43434e-07
 Reference value :  3.43470e-07
 Reference value :  3.43515e-07
 Reference value :  3.43622e-07
 Reference value :  3.44873e-07
 Reference value :  3.46131e-07
 Reference value :  3.46183e-07
 Reference value :  3.46217e-07
 Reference value :  3.46576e-07
 Reference value :  3.47489e-07
 Reference value :  3.47542e-07
 Reference value :  3.47572e-07
 Reference value :  3.48181e-07
 Reference value :  3.48842e-07
 Reference value :  3.48897e-07
 Reference value :  3.48955e-07
 Reference value :  3.50107e-07
 Reference value :  3.50203e-07
 Reference value :  3.50249e-07
 Reference value :  3.50348e-07
 Reference value :  3.51599e-07
 Reference value :  3.52865e-07
 Reference value :  3.52920e-07
 Reference value :  3.52954e-07
 Reference value :  3.53430e-07
 Reference value :  3.54229e-07
 Reference value :  3.54282e-07
 Reference value :  3.54315e-07
 Reference value :  3.55115e-07
 Reference value :  3.56736e-07
 Reference value :  3.58277e-07
 Reference value :  3.59596e-07
 Reference value :  3.59642e-07
 Reference value :  3.59681e-07
 Reference value :  3.59932e-07
 Reference value :  3.60953e-07
 Reference value :  3.61004e-07
 Reference value :  3.61036e-07
 Reference value :  3.61609e-07
 Reference value :  3.63270e-07
 Reference value :  3.63664e-07
 Reference value :  3.63714e-07
 Reference value :  3.63778e-07
 Reference value :  3.64983e-07
 Reference value :  3.66438e-07
 Reference value :  3.67683e-07
 Reference value :  3.67738e-07
 Reference value :  3.67770e-07
 Reference value :  3.68303e-07
 Reference value :  3.70004e-07
 Reference value :  3.70398e-07
 Reference value :  3.70450e-07
 Reference value :  3.70534e-07
 Reference value :  3.71717e-07
 Reference value :  3.71755e-07
 Reference value :  3.71799e-07
 Reference value :  3.71925e-07
 Reference value :  3.73066e-07
 Reference value :  3.73113e-07
 Reference value :  3.73151e-07
 Reference value :  3.73470e-07
 Reference value :  3.75191e-07
 Reference value :  3.75784e-07
 Reference value :  3.75838e-07
 Reference value :  3.75892e-07
 Reference value :  3.77084e-07
 Reference value :  3.77141e-07
 Reference value :  3.77185e-07
 Reference value :  3.77339e-07
 Reference value :  3.78455e-07
 Reference value :  3.78503e-07
 Reference value :  3.78539e-07
 Reference value :  3.78875e-07
 Reference value :  3.80538e-07
 Reference value :  3.82205e-07
 Reference value :  3.82519e-07
 Reference value :  3.82572e-07
 Reference value :  3.82649e-07
 Reference value :  3.83838e-07
 Reference value :  3.83875e-07
 Reference value :  3.83919e-07
 Reference value :  3.84035e-07
 Reference value :  3.85365e-07
 Reference value :  3.86992e-07
 Reference value :  3.87890e-07
 Reference value :  3.87946e-07
 Reference value :  3.87992e-07
 Reference value :  3.88887e-07
 Reference value :  3.90486e-07
 Reference value :  3.90608e-07
 Reference value :  3.90653e-07
 Reference value :  3.90769e-07
 Reference value :  3.92099e-07
 Reference value :  3.93271e-07
 Reference value :  3.93324e-07
 Reference value :  3.93358e-07
 Reference value :  3.93754e-07
 Reference value :  3.95473e-07
 Reference value :  3.95986e-07
 Reference value :  3.96037e-07
 Reference value :  3.96080e-07
 Reference value :  3.97145e-07
 Reference value :  3.97340e-07
 Reference value :  3.97386e-07
 Reference value :  3.97483e-07
 Reference value :  3.98654e-07
 Reference value :  3.98693e-07
 Reference value :  3.98736e-07
 Reference value :  3.98911e-07
 Reference value :  4.00007e-07
 Reference value :  4.00060e-07
 Reference value :  4.00095e-07
 Reference value :  4.00727e-07
 Reference value :  4.01367e-07
 Reference value :  4.01420e-07
 Reference value :  4.01460e-07
 Reference value :  4.02453e-07
 Reference value :  4.02727e-07
 Reference value :  4.02774e-07
 Reference value :  4.02889e-07
 Reference value :  4.04033e-07
 Reference value :  4.04040e-07
 Reference value :  4.04040e-07
 Reference value :  4.04040e-07
No. of Data Rows : 37602
m_ui_ref            =  1.34680e-09 targ=  2.73360e-09 trig=  1.38680e-09
m_height_c0_0 = -8.417841069e-01
m_height_c0_1 = 1.0103195051e+00
m_height_c0_2 = 1.0103195049e+00
m_height_c0_3 = 1.0103195047e+00
m_height_c0_4 = 1.0103195045e+00
m_height_c0_5 = 1.0103195044e+00
m_height_c0_6 = 1.0103195044e+00
m_height_c0_7 = 1.0103195043e+00
m_eyeh_max_c0 = 1.0103195051e+00
m_eyemask_margin_c0 = 1.0103195044e+00
m_height_c1_0 = -9.723345101e-01
m_height_c1_1 = 8.8137359256e-01
m_height_c1_2 = 1.0077807228e+00
m_height_c1_3 = 1.0103195048e+00
m_height_c1_4 = 1.0103195046e+00
m_height_c1_5 = 1.0103195045e+00
m_height_c1_6 = 1.0103195045e+00
m_height_c1_7 = 1.0103195044e+00
m_eyeh_max_c1 = 1.0103195048e+00
m_eyemask_margin_c1 = 1.0077807228e+00
m_height_c2_0 = -9.893119051e-01
m_height_c2_1 = 5.3050190031e-01
m_height_c2_2 = 9.1449742785e-01
m_height_c2_3 = 9.9341318423e-01
m_height_c2_4 = 1.0083433731e+00
m_height_c2_5 = 1.0099833598e+00
m_height_c2_6 = 1.0102987845e+00
m_height_c2_7 = 1.0103195045e+00
m_eyeh_max_c2 = 1.0103195045e+00
m_eyemask_margin_c2 = 9.1449742785e-01

Warning: m=xx on .subckt line will override multiplier m hierarchy!

Warning: diode_nd2ps_06v0: IKR too small - model effect disabled!
doAnalyses: TRAN:  Timestep too small; time = 4.0404e-07, timestep = 5e-23: trouble with node "vinn#branch"


tran simulation(s) aborted
Error: incomplete or empty netlist
       or no ".plot", ".print", or ".fourier" lines in batch mode;
no simulations run!
