
Note: Compatibility modes selected: hs a


Circuit: * cml-driver-eye-mask @ tt_-40c_2.97v_270mbps -- generated by sim/harness, do not edit

Doing analysis at TEMP = -40.000000 and TNOM = 27.000000

Using SPARSE 1.3 as Direct Linear Solver

Initial Transient Solution
--------------------------

Node                                   Voltage
----                                   -------
avcc                                       3.3
inp                                     2.5245
inn                                     1.6335
inref                                    0.891
comb1_0                                      0
comb0_0                                      0
comb1_1                                      0
comb0_1                                      0
comb1_2                                      0
comb0_2                                      0
comb1_3                                      0
comb0_3                                      0
comb1_4                                      0
comb0_4                                      0
comb1_5                                      0
comb0_5                                      0
comb1_6                                      0
comb0_6                                      0
comb1_7                                      0
comb0_7                                      0
xc0.xcore.tail__t186                    1.1198
xc0.xcore.ibias__t118                  1.13263
xc0.xcore.vss__t163                5.29584e-06
xc0.xcore.vss__t349                1.18801e-13
xc0.xcore.vss__t60                 5.10096e-06
xc0.xcore.ibias__t117                  1.13263
xc0.xcore.tail__t286                    1.1198
xc0.xcore.vss__t350                1.14429e-13
xc0.xcore.tail__t197                    1.1198
xc0.xcore.ibias__t140                  1.13263
xc0.xcore.vss__t174                4.90649e-06
xc0.xcore.vss__t351                1.10067e-13
xc0.xcore.vss__t68                 4.71247e-06
xc0.xcore.ibias__t133                  1.13263
xc0.xcore.tail__t294                    1.1198
xc0.xcore.vss__t352                1.05714e-13
xc0.xcore.tail__t193                    1.1198
xc0.xcore.ibias__t132                  1.13263
xc0.xcore.vss__t170                4.51897e-06
xc0.xcore.vss__t353                1.01373e-13
xc0.xcore.vss__t67                 4.32606e-06
xc0.xcore.ibias__t131                  1.13263
xc0.xcore.tail__t293                    1.1198
xc0.xcore.vss__t354                9.70456e-14
xc0.xcore.tail__t192                    1.1198
xc0.xcore.ibias__t130                  1.13263
xc0.xcore.vss__t169                4.13381e-06
xc0.xcore.vss__t355                9.27329e-14
xc0.xcore.vss__t74                 3.94233e-06
xc0.xcore.ibias__t145                  1.13263
xc0.xcore.tail__t300                    1.1198
xc0.xcore.vss__t356                8.84372e-14
xc0.xcore.tail__t191                    1.1198
xc0.xcore.ibias__t128                  1.13263
xc0.xcore.vss__t168                3.75172e-06
xc0.xcore.vss__t357                8.41614e-14
xc0.xcore.vss__t65                 3.56214e-06
xc0.xcore.ibias__t127                  1.13263
xc0.xcore.tail__t291                    1.1198
xc0.xcore.vss__t358                7.99085e-14
xc0.xcore.tail__t190                    1.1198
xc0.xcore.ibias__t126                  1.13263
xc0.xcore.vss__t167                3.37376e-06
xc0.xcore.vss__t359                7.56824e-14
xc0.xcore.vss__t64                 3.18678e-06
xc0.xcore.ibias__t125                  1.13263
xc0.xcore.tail__t290                    1.1198
xc0.xcore.vss__t360                 7.1488e-14
xc0.xcore.tail__t189                    1.1198
xc0.xcore.ibias__t124                  1.13263
xc0.xcore.vss__t166                3.00147e-06
xc0.xcore.vss__t361                 6.7331e-14
xc0.xcore.vss__t63                 2.81817e-06
xc0.xcore.ibias__t123                  1.13263
xc0.xcore.tail__t289                    1.1198
xc0.xcore.vss__t362                6.32189e-14
xc0.xcore.tail__t188                    1.1198
xc0.xcore.ibias__t122                  1.13263
xc0.xcore.vss__t165                2.63728e-06
xc0.xcore.vss__t363                 5.9161e-14
xc0.xcore.vss__t62                 2.45934e-06
xc0.xcore.ibias__t121                  1.13263
xc0.xcore.tail__t288                    1.1198
xc0.xcore.vss__t364                5.51694e-14
xc0.xcore.tail__t187                    1.1198
xc0.xcore.ibias__t120                  1.13263
xc0.xcore.vss__t164                2.28505e-06
xc0.xcore.vss__t365                5.12594e-14
xc0.xcore.vss__t26                 2.11529e-06
xc0.xcore.ibias__t0                    1.13263
xc0.xcore.tail__t252                    1.1198
xc0.xcore.vss__t366                4.74513e-14
xc0.xcore.tail__t175                    1.1198
xc0.xcore.ibias__t97                   1.13263
xc0.xcore.vss__t152                1.95126e-06
xc0.xcore.vss__t367                4.37717e-14
xc0.xcore.vss__t42                 1.79453e-06
xc0.xcore.ibias__t78                   1.13263
xc0.xcore.tail__t268                    1.1198
xc0.xcore.vss__t368                4.02559e-14
xc0.xcore.tail__t164                    1.1198
xc0.xcore.ibias__t77                   1.13263
xc0.xcore.vss__t141                1.64719e-06
xc0.xcore.vss__t369                3.69505e-14
xc0.xcore.vss__t37                 1.51197e-06
xc0.xcore.ibias__t70                   1.13263
xc0.xcore.tail__t263                    1.1198
xc0.xcore.vss__t370                3.39172e-14
xc0.xcore.tail__t167                    1.1198
xc0.xcore.ibias__t82                   1.13263
xc0.xcore.vss__t144                1.39242e-06
xc0.xcore.vss__t371                3.12354e-14
xc0.xcore.vss__t39                 1.29289e-06
xc0.xcore.ibias__t72                   1.13263
xc0.xcore.tail__t265                    1.1198
xc0.xcore.vss__t372                2.90027e-14
xc0.xcore.tail__t162                   1.11981
xc0.xcore.ibias__t73                   1.13263
xc0.xcore.vss__t139                 1.2183e-06
xc0.xcore.vss__t373                2.73295e-14
xc0.xcore.vss__t40                 1.17341e-06
xc0.xcore.ibias__t74                   1.13263
xc0.xcore.tail__t266                   1.11981
xc0.xcore.vss__t374                2.63225e-14
xc0.xcore.tail__t163                   1.11981
xc0.xcore.ibias__t75                   1.13263
xc0.xcore.vss__t140                1.16168e-06
xc0.xcore.vss__t375                2.60593e-14
xc0.xcore.vss__t41                 1.18408e-06
xc0.xcore.ibias__t76                   1.13263
xc0.xcore.tail__t267                   1.11981
xc0.xcore.vss__t376                2.65619e-14
xc0.xcore.tail__t129                   1.11981
xc0.xcore.ibias__t9                    1.13263
xc0.xcore.vss__t107                1.23877e-06
xc0.xcore.vss__t377                2.77887e-14
xc0.xcore.vss__t6                  1.32175e-06
xc0.xcore.ibias__t8                    1.13263
xc0.xcore.tail__t232                   1.11981
xc0.xcore.vss__t378                2.96501e-14
xc0.xcore.tail__t128                   1.11981
xc0.xcore.ibias__t7                    1.13263
xc0.xcore.vss__t106                1.42809e-06
xc0.xcore.vss__t379                3.20356e-14
xc0.xcore.vss__t5                    1.553e-06
xc0.xcore.ibias__t6                    1.13263
xc0.xcore.tail__t231                   1.11981
xc0.xcore.vss__t380                3.48377e-14
xc0.xcore.tail__t141                   1.11981
xc0.xcore.ibias__t31                   1.13263
xc0.xcore.vss__t119                1.69237e-06
xc0.xcore.vss__t381                3.79642e-14
xc0.xcore.vss__t4                  1.84293e-06
xc0.xcore.ibias__t5                    1.13263
xc0.xcore.tail__t230                   1.11981
xc0.xcore.vss__t382                4.13417e-14
xc0.xcore.tail__t158                   1.11981
xc0.xcore.ibias__t62                   1.13263
xc0.xcore.vss__t135                2.00215e-06
xc0.xcore.vss__t383                4.49136e-14
xc0.xcore.vss__t33                 2.16813e-06
xc0.xcore.ibias__t63                   1.13263
xc0.xcore.tail__t259                   1.11981
xc0.xcore.vss__t384                 4.8637e-14
xc0.xcore.tail__t159                   1.11981
xc0.xcore.ibias__t64                   1.13263
xc0.xcore.vss__t136                2.33943e-06
xc0.xcore.vss__t385                5.24797e-14
xc0.xcore.vss__t34                 2.51496e-06
xc0.xcore.ibias__t65                   1.13263
xc0.xcore.tail__t260                   1.11981
xc0.xcore.vss__t386                5.64173e-14
xc0.xcore.tail__t160                   1.11981
xc0.xcore.ibias__t66                   1.13263
xc0.xcore.vss__t137                2.69389e-06
xc0.xcore.vss__t387                6.04314e-14
xc0.xcore.vss__t35                 2.87559e-06
xc0.xcore.ibias__t67                   1.13263
xc0.xcore.tail__t261                   1.11981
xc0.xcore.vss__t388                6.45075e-14
xc0.xcore.tail__t161                   1.11981
xc0.xcore.ibias__t68                   1.13263
xc0.xcore.vss__t138                3.05957e-06
xc0.xcore.vss__t389                6.86347e-14
xc0.xcore.vss__t36                 3.24543e-06
xc0.xcore.ibias__t69                   1.13263
xc0.xcore.tail__t262                   1.11981
xc0.xcore.vss__t390                7.28043e-14
xc0.xcore.tail__t130                   1.11981
xc0.xcore.ibias__t10                   1.13263
xc0.xcore.vss__t108                3.43288e-06
xc0.xcore.vss__t391                7.70094e-14
xc0.xcore.vss__t13                 3.62166e-06
xc0.xcore.ibias__t23                   1.13263
xc0.xcore.tail__t239                   1.11981
xc0.xcore.vss__t392                8.12444e-14
xc0.xcore.tail__t137                   1.11981
xc0.xcore.ibias__t24                   1.13263
xc0.xcore.vss__t115                3.81158e-06
xc0.xcore.vss__t393                 8.5505e-14
xc0.xcore.vss__t14                 4.00247e-06
xc0.xcore.ibias__t25                   1.13263
xc0.xcore.tail__t240                   1.11981
xc0.xcore.vss__t394                8.97875e-14
xc0.xcore.tail__t138                   1.11981
xc0.xcore.ibias__t26                   1.13263
xc0.xcore.vss__t116                4.19421e-06
xc0.xcore.vss__t395                9.40889e-14
xc0.xcore.vss__t15                 4.38668e-06
xc0.xcore.ibias__t27                   1.13263
xc0.xcore.tail__t241                   1.11981
xc0.xcore.vss__t396                9.84067e-14
xc0.xcore.tail__t139                   1.11981
xc0.xcore.ibias__t28                   1.13263
xc0.xcore.vss__t117                4.57978e-06
xc0.xcore.vss__t397                1.02739e-13
xc0.xcore.vss__t16                 4.77345e-06
xc0.xcore.ibias__t29                   1.13263
xc0.xcore.tail__t242                   1.11981
xc0.xcore.vss__t398                1.07084e-13
xc0.xcore.tail__t140                   1.11981
xc0.xcore.ibias__t30                   1.13263
xc0.xcore.vss__t118                4.96762e-06
xc0.xcore.vss__t399                 1.1144e-13
xc0.xcore.vss__t21                 5.16222e-06
xc0.xcore.ibias__t41                   1.13263
xc0.xcore.tail__t247                   1.11981
xc0.xcore.vss__t400                1.15805e-13
xc0.xcore.tail__t142                   1.11981
xc0.xcore.ibias__t32                   1.13263
xc0.xcore.vss__t120                5.35722e-06
xc0.xcore.vss__t401                 1.2018e-13
xc0.xcore.vss__t17                 5.55257e-06
xc0.xcore.ibias__t33                   1.13263
xc0.xcore.tail__t243                   1.11981
xc0.xcore.vss__t402                1.24562e-13
xc0.xcore.tail__t143                   1.11981
xc0.xcore.ibias__t34                   1.13263
xc0.xcore.vss__t121                5.74823e-06
xc0.xcore.vss__t403                1.28952e-13
xc0.xcore.vss__t18                 5.94418e-06
xc0.xcore.ibias__t35                   1.13263
xc0.xcore.tail__t244                   1.11981
xc0.xcore.vss__t404                1.33348e-13
xc0.xcore.tail__t144                   1.11981
xc0.xcore.ibias__t36                   1.13263
xc0.xcore.vss__t122                6.14038e-06
xc0.xcore.vss__t405                1.37749e-13
xc0.xcore.vss__t19                 6.33681e-06
xc0.xcore.ibias__t37                   1.13263
xc0.xcore.tail__t245                   1.11981
xc0.xcore.vss__t406                1.42156e-13
xc0.xcore.tail__t145                   1.11981
xc0.xcore.ibias__t38                   1.13263
xc0.xcore.vss__t123                6.53346e-06
xc0.xcore.vss__t407                1.46568e-13
xc0.xcore.vss__t20                  6.7303e-06
xc0.xcore.ibias__t39                   1.13263
xc0.xcore.tail__t246                   1.11981
xc0.xcore.vss__t408                1.50984e-13
xc0.xcore.tail__t146                   1.11981
xc0.xcore.ibias__t40                   1.13263
xc0.xcore.vss__t124                6.92731e-06
xc0.xcore.vss__t409                1.55404e-13
xc0.xcore.vss__t8                  7.12449e-06
xc0.xcore.ibias__t12                   1.13263
xc0.xcore.tail__t234                   1.11981
xc0.xcore.vss__t410                1.59827e-13
xc0.xcore.tail__t135                   1.11981
xc0.xcore.ibias__t21                   1.13263
xc0.xcore.vss__t113                7.32182e-06
xc0.xcore.vss__t411                1.64254e-13
xc0.xcore.vss__t9                  7.51928e-06
xc0.xcore.ibias__t13                   1.13263
xc0.xcore.tail__t235                   1.11981
xc0.xcore.vss__t412                1.68684e-13
xc0.xcore.tail__t131                   1.11981
xc0.xcore.ibias__t14                   1.13263
xc0.xcore.vss__t109                7.71687e-06
xc0.xcore.vss__t413                1.73117e-13
xc0.xcore.vss__t10                 7.91458e-06
xc0.xcore.ibias__t15                   1.13263
xc0.xcore.tail__t236                   1.11981
xc0.xcore.vss__t414                1.77552e-13
xc0.xcore.tail__t134                   1.11981
xc0.xcore.ibias__t20                   1.13263
xc0.xcore.vss__t112                8.11239e-06
xc0.xcore.vss__t415                 1.8199e-13
xc0.xcore.vss__t12                 8.31031e-06
xc0.xcore.ibias__t19                   1.13263
xc0.xcore.tail__t238                   1.11981
xc0.xcore.vss__t416                 1.8643e-13
xc0.xcore.tail__t133                   1.11981
xc0.xcore.ibias__t18                   1.13263
xc0.xcore.vss__t111                8.50832e-06
xc0.xcore.vss__t417                1.90873e-13
xc0.xcore.vss__t11                 8.70641e-06
xc0.xcore.ibias__t17                   1.13263
xc0.xcore.tail__t237                   1.11981
xc0.xcore.vss__t418                1.95317e-13
xc0.xcore.tail__t132                   1.11981
xc0.xcore.ibias__t16                   1.13263
xc0.xcore.vss__t110                8.90459e-06
xc0.xcore.vss__t419                1.99763e-13
xc0.xcore.vss__t7                  9.10284e-06
xc0.xcore.ibias__t11                   1.13263
xc0.xcore.tail__t233                   1.11981
xc0.xcore.vss__t420                2.04211e-13
xc0.xcore.tail__t136                   1.11981
xc0.xcore.ibias__t22                   1.13263
xc0.xcore.vss__t114                9.30117e-06
xc0.xcore.vss__t421                 2.0866e-13
xc0.xcore.vss__t23                 9.49956e-06
xc0.xcore.ibias__t45                   1.13263
xc0.xcore.tail__t249                   1.11981
xc0.xcore.vss__t422                2.13111e-13
xc0.xcore.tail__t150                   1.11981
xc0.xcore.ibias__t46                   1.13263
xc0.xcore.vss__t127                9.69801e-06
xc0.xcore.vss__t423                2.17563e-13
xc0.xcore.vss__t24                 9.89652e-06
xc0.xcore.ibias__t47                   1.13263
xc0.xcore.tail__t250                   1.11981
xc0.xcore.vss__t424                2.22017e-13
xc0.xcore.tail__t151                   1.11981
xc0.xcore.ibias__t48                   1.13263
xc0.xcore.vss__t128                1.00951e-05
xc0.xcore.vss__t425                2.26472e-13
xc0.xcore.vss__t25                 1.02937e-05
xc0.xcore.ibias__t49                   1.13263
xc0.xcore.tail__t251                   1.11981
xc0.xcore.vss__t426                2.30928e-13
xc0.xcore.tail__t152                    1.1198
xc0.xcore.ibias__t50                   1.13263
xc0.xcore.vss__t129                1.04924e-05
xc0.xcore.vss__t427                2.35385e-13
xc0.xcore.vss__t32                 1.06911e-05
xc0.xcore.ibias__t61                   1.13263
xc0.xcore.tail__t258                    1.1198
xc0.xcore.vss__t428                2.39843e-13
xc0.xcore.tail__t153                    1.1198
xc0.xcore.ibias__t51                   1.13263
xc0.xcore.vss__t130                1.08898e-05
xc0.xcore.vss__t429                2.44302e-13
xc0.xcore.vss__t27                 1.10886e-05
xc0.xcore.ibias__t52                   1.13263
xc0.xcore.tail__t253                    1.1198
xc0.xcore.vss__t430                2.48762e-13
xc0.xcore.tail__t154                    1.1198
xc0.xcore.ibias__t53                   1.13263
xc0.xcore.vss__t131                1.12875e-05
xc0.xcore.vss__t431                2.53223e-13
xc0.xcore.vss__t28                 1.14864e-05
xc0.xcore.ibias__t54                   1.13263
xc0.xcore.tail__t254                    1.1198
xc0.xcore.vss__t432                2.57685e-13
xc0.xcore.tail__t155                    1.1198
xc0.xcore.ibias__t55                   1.13263
xc0.xcore.vss__t132                1.16853e-05
xc0.xcore.vss__t433                2.62148e-13
xc0.xcore.vss__t29                 1.18842e-05
xc0.xcore.ibias__t56                   1.13263
xc0.xcore.tail__t255                    1.1198
xc0.xcore.vss__t434                2.66611e-13
xc0.xcore.tail__t156                    1.1198
xc0.xcore.ibias__t57                   1.13263
xc0.xcore.vss__t133                1.20832e-05
xc0.xcore.vss__t435                2.71075e-13
xc0.xcore.vss__t30                 1.22822e-05
xc0.xcore.ibias__t58                   1.13263
xc0.xcore.tail__t256                    1.1198
xc0.xcore.vss__t436                 2.7554e-13
xc0.xcore.tail__t157                    1.1198
xc0.xcore.ibias__t59                   1.13263
xc0.xcore.vss__t134                1.24812e-05
xc0.xcore.vss__t437                2.80006e-13
xc0.xcore.vss__t31                 1.26803e-05
xc0.xcore.ibias__t60                   1.13263
xc0.xcore.tail__t257                    1.1198
xc0.xcore.vss__t438                2.84472e-13
xc0.xcore.tail__t211                    1.1198
xc0.xcore.ibias__t176                  1.13263
xc0.xcore.vss__t193                1.28794e-05
xc0.xcore.vss__t439                2.88938e-13
xc0.xcore.vss__t88                 1.30785e-05
xc0.xcore.ibias__t175                  1.13263
xc0.xcore.tail__t311                    1.1198
xc0.xcore.vss__t440                2.93406e-13
xc0.xcore.tail__t165                    1.1198
xc0.xcore.ibias__t79                   1.13263
xc0.xcore.vss__t142                1.32776e-05
xc0.xcore.vss__t441                2.97873e-13
xc0.xcore.vss__t43                 1.34768e-05
xc0.xcore.ibias__t80                   1.13263
xc0.xcore.tail__t269                    1.1198
xc0.xcore.vss__t442                3.02342e-13
xc0.xcore.tail__t166                    1.1198
xc0.xcore.ibias__t81                   1.13263
xc0.xcore.vss__t143                1.36759e-05
xc0.xcore.vss__t443                3.06811e-13
xc0.xcore.vss__t38                 1.38751e-05
xc0.xcore.ibias__t71                   1.13263
xc0.xcore.tail__t264                    1.1198
xc0.xcore.vss__t444                 3.1128e-13
xc0.xcore.tail__t147                    1.1198
xc0.xcore.ibias__t42                   1.13263
xc0.xcore.vss__t125                1.40744e-05
xc0.xcore.vss__t445                3.15749e-13
xc0.xcore.vss__t22                 1.42736e-05
xc0.xcore.ibias__t43                   1.13263
xc0.xcore.tail__t248                    1.1198
xc0.xcore.vss__t446                 3.2022e-13
xc0.xcore.tail__t148                    1.1198
xc0.xcore.ibias__t44                   1.13263
xc0.xcore.vss__t126                1.44729e-05
xc0.xcore.vss__t447                 3.2469e-13
xc0.xcore.vss__t0                  1.46721e-05
xc0.xcore.ibias__t1                    1.13263
xc0.xcore.tail__t149                    1.1198
xc0.xcore.vss__t456                3.29161e-13
xc0.xcore.tail__t229                   1.11976
xc0.xcore.ibias__t2                    1.13263
xc0.xcore.vss__t1                  2.51844e-05
xc0.xcore.vss__t458                5.65025e-13
xc0.xcore.vss__t189                2.49847e-05
xc0.xcore.ibias__t170                  1.13263
xc0.xcore.tail__t228                   1.11977
xc0.xcore.vss__t250                5.60544e-13
xc0.xcore.tail__t209                   1.11977
xc0.xcore.ibias__t169                  1.13263
xc0.xcore.vss__t188                2.47851e-05
xc0.xcore.vss__t251                5.56064e-13
xc0.xcore.vss__t86                 2.45854e-05
xc0.xcore.ibias__t168                  1.13263
xc0.xcore.tail__t309                   1.11977
xc0.xcore.vss__t252                5.51584e-13
xc0.xcore.tail__t208                   1.11977
xc0.xcore.ibias__t167                  1.13263
xc0.xcore.vss__t187                2.43858e-05
xc0.xcore.vss__t253                5.47104e-13
xc0.xcore.vss__t85                 2.41861e-05
xc0.xcore.ibias__t166                  1.13263
xc0.xcore.tail__t308                   1.11977
xc0.xcore.vss__t254                5.42624e-13
xc0.xcore.tail__t207                   1.11977
xc0.xcore.ibias__t165                  1.13263
xc0.xcore.vss__t186                2.39865e-05
xc0.xcore.vss__t255                5.38144e-13
xc0.xcore.vss__t84                 2.37868e-05
xc0.xcore.ibias__t164                  1.13263
xc0.xcore.tail__t307                   1.11977
xc0.xcore.vss__t256                5.33664e-13
xc0.xcore.tail__t210                   1.11977
xc0.xcore.ibias__t173                  1.13263
xc0.xcore.vss__t191                2.35872e-05
xc0.xcore.vss__t257                5.29185e-13
xc0.xcore.vss__t87                 2.33875e-05
xc0.xcore.ibias__t172                  1.13263
xc0.xcore.tail__t310                   1.11977
xc0.xcore.vss__t258                5.24705e-13
xc0.xcore.tail__t219                   1.11977
xc0.xcore.ibias__t195                  1.13263
xc0.xcore.vss__t201                2.31879e-05
xc0.xcore.vss__t259                5.20226e-13
xc0.xcore.vss__t99                 2.29883e-05
xc0.xcore.ibias__t194                  1.13263
xc0.xcore.tail__t321                   1.11977
xc0.xcore.vss__t260                5.15746e-13
xc0.xcore.tail__t227                   1.11977
xc0.xcore.ibias__t209                  1.13263
xc0.xcore.vss__t209                2.27886e-05
xc0.xcore.vss__t261                5.11267e-13
xc0.xcore.vss__t97                  2.2589e-05
xc0.xcore.ibias__t192                  1.13263
xc0.xcore.tail__t319                   1.11977
xc0.xcore.vss__t262                5.06788e-13
xc0.xcore.tail__t218                   1.11977
xc0.xcore.ibias__t191                  1.13263
xc0.xcore.vss__t200                2.23894e-05
xc0.xcore.vss__t263                5.02308e-13
xc0.xcore.vss__t96                 2.21898e-05
xc0.xcore.ibias__t190                  1.13263
xc0.xcore.tail__t318                   1.11977
xc0.xcore.vss__t264                4.97829e-13
xc0.xcore.tail__t217                   1.11977
xc0.xcore.ibias__t189                  1.13263
xc0.xcore.vss__t199                2.19901e-05
xc0.xcore.vss__t265                4.93351e-13
xc0.xcore.vss__t95                 2.17905e-05
xc0.xcore.ibias__t188                  1.13263
xc0.xcore.tail__t317                   1.11977
xc0.xcore.vss__t266                4.88872e-13
xc0.xcore.tail__t216                   1.11977
xc0.xcore.ibias__t187                  1.13263
xc0.xcore.vss__t198                2.15909e-05
xc0.xcore.vss__t267                4.84393e-13
xc0.xcore.vss__t94                 2.13913e-05
xc0.xcore.ibias__t186                  1.13263
xc0.xcore.tail__t316                   1.11977
xc0.xcore.vss__t268                4.79915e-13
xc0.xcore.tail__t215                   1.11977
xc0.xcore.ibias__t185                  1.13263
xc0.xcore.vss__t197                2.11917e-05
xc0.xcore.vss__t269                4.75436e-13
xc0.xcore.vss__t93                 2.09922e-05
xc0.xcore.ibias__t184                  1.13263
xc0.xcore.tail__t315                   1.11977
xc0.xcore.vss__t270                4.70958e-13
xc0.xcore.tail__t214                   1.11977
xc0.xcore.ibias__t183                  1.13263
xc0.xcore.vss__t196                2.07926e-05
xc0.xcore.vss__t271                 4.6648e-13
xc0.xcore.vss__t92                  2.0593e-05
xc0.xcore.ibias__t182                  1.13263
xc0.xcore.tail__t314                   1.11977
xc0.xcore.vss__t272                4.62002e-13
xc0.xcore.tail__t213                   1.11977
xc0.xcore.ibias__t181                  1.13263
xc0.xcore.vss__t195                2.03934e-05
xc0.xcore.vss__t273                4.57524e-13
xc0.xcore.vss__t91                 2.01939e-05
xc0.xcore.ibias__t180                  1.13263
xc0.xcore.tail__t313                   1.11977
xc0.xcore.vss__t274                4.53046e-13
xc0.xcore.tail__t212                   1.11977
xc0.xcore.ibias__t179                  1.13263
xc0.xcore.vss__t194                1.99943e-05
xc0.xcore.vss__t275                4.48568e-13
xc0.xcore.vss__t90                 1.97947e-05
xc0.xcore.ibias__t178                  1.13263
xc0.xcore.tail__t312                   1.11977
xc0.xcore.vss__t276                4.44091e-13
xc0.xcore.tail__t206                   1.11977
xc0.xcore.ibias__t161                  1.13263
xc0.xcore.vss__t184                1.95952e-05
xc0.xcore.vss__t277                4.39614e-13
xc0.xcore.vss__t57                 1.93957e-05
xc0.xcore.ibias__t112                  1.13263
xc0.xcore.tail__t283                   1.11977
xc0.xcore.vss__t278                4.35136e-13
xc0.xcore.tail__t183                   1.11977
xc0.xcore.ibias__t111                  1.13263
xc0.xcore.vss__t160                1.91961e-05
xc0.xcore.vss__t279                4.30659e-13
xc0.xcore.vss__t56                 1.89966e-05
xc0.xcore.ibias__t110                  1.13263
xc0.xcore.tail__t282                   1.11977
xc0.xcore.vss__t280                4.26183e-13
xc0.xcore.tail__t182                   1.11978
xc0.xcore.ibias__t109                  1.13263
xc0.xcore.vss__t159                1.87971e-05
xc0.xcore.vss__t281                4.21706e-13
xc0.xcore.vss__t55                 1.85976e-05
xc0.xcore.ibias__t108                  1.13263
xc0.xcore.tail__t281                   1.11978
xc0.xcore.vss__t282                 4.1723e-13
xc0.xcore.tail__t181                   1.11978
xc0.xcore.ibias__t107                  1.13263
xc0.xcore.vss__t158                1.83981e-05
xc0.xcore.vss__t283                4.12753e-13
xc0.xcore.vss__t54                 1.81986e-05
xc0.xcore.ibias__t106                  1.13263
xc0.xcore.tail__t280                   1.11978
xc0.xcore.vss__t284                4.08277e-13
xc0.xcore.tail__t180                   1.11978
xc0.xcore.ibias__t105                  1.13263
xc0.xcore.vss__t157                1.79991e-05
xc0.xcore.vss__t285                4.03801e-13
xc0.xcore.vss__t53                 1.77996e-05
xc0.xcore.ibias__t104                  1.13263
xc0.xcore.tail__t279                   1.11978
xc0.xcore.vss__t286                3.99326e-13
xc0.xcore.tail__t205                   1.11978
xc0.xcore.ibias__t156                  1.13263
xc0.xcore.vss__t182                1.76001e-05
xc0.xcore.vss__t287                 3.9485e-13
xc0.xcore.vss__t79                 1.74007e-05
xc0.xcore.ibias__t155                  1.13263
xc0.xcore.tail__t305                   1.11978
xc0.xcore.vss__t288                3.90375e-13
xc0.xcore.tail__t204                   1.11978
xc0.xcore.ibias__t154                  1.13263
xc0.xcore.vss__t181                1.72012e-05
xc0.xcore.vss__t289                  3.859e-13
xc0.xcore.vss__t78                 1.70018e-05
xc0.xcore.ibias__t153                  1.13263
xc0.xcore.tail__t304                   1.11978
xc0.xcore.vss__t290                3.81425e-13
xc0.xcore.tail__t203                   1.11978
xc0.xcore.ibias__t152                  1.13263
xc0.xcore.vss__t180                1.68023e-05
xc0.xcore.vss__t291                3.76951e-13
xc0.xcore.vss__t77                 1.66029e-05
xc0.xcore.ibias__t151                  1.13263
xc0.xcore.tail__t303                   1.11978
xc0.xcore.vss__t292                3.72476e-13
xc0.xcore.tail__t202                   1.11978
xc0.xcore.ibias__t150                  1.13263
xc0.xcore.vss__t179                1.64035e-05
xc0.xcore.vss__t293                3.68002e-13
xc0.xcore.vss__t76                 1.62041e-05
xc0.xcore.ibias__t149                  1.13263
xc0.xcore.tail__t302                   1.11978
xc0.xcore.vss__t294                3.63529e-13
xc0.xcore.tail__t201                   1.11978
xc0.xcore.ibias__t148                  1.13263
xc0.xcore.vss__t178                1.60047e-05
xc0.xcore.vss__t295                3.59055e-13
xc0.xcore.vss__t75                 1.58054e-05
xc0.xcore.ibias__t147                  1.13263
xc0.xcore.tail__t301                   1.11978
xc0.xcore.vss__t296                3.54582e-13
xc0.xcore.tail__t200                   1.11978
xc0.xcore.ibias__t146                  1.13263
xc0.xcore.vss__t177                 1.5606e-05
xc0.xcore.vss__t297                3.50109e-13
xc0.xcore.vss__t98                 1.54067e-05
xc0.xcore.ibias__t193                  1.13263
xc0.xcore.tail__t320                   1.11978
xc0.xcore.vss__t298                3.45637e-13
xc0.xcore.tail__t226                   1.11978
xc0.xcore.ibias__t208                  1.13263
xc0.xcore.vss__t208                1.52073e-05
xc0.xcore.vss__t299                3.41164e-13
xc0.xcore.vss__t105                 1.5008e-05
xc0.xcore.ibias__t207                  1.13263
xc0.xcore.tail__t327                   1.11978
xc0.xcore.vss__t300                3.36692e-13
xc0.xcore.tail__t225                   1.11978
xc0.xcore.ibias__t206                  1.13263
xc0.xcore.vss__t207                1.48087e-05
xc0.xcore.vss__t301                3.32221e-13
xc0.xcore.vss__t104                1.46094e-05
xc0.xcore.ibias__t205                  1.13263
xc0.xcore.tail__t326                   1.11978
xc0.xcore.vss__t302                 3.2775e-13
xc0.xcore.tail__t224                   1.11978
xc0.xcore.ibias__t204                  1.13263
xc0.xcore.vss__t206                1.44102e-05
xc0.xcore.vss__t303                3.23279e-13
xc0.xcore.vss__t103                1.42109e-05
xc0.xcore.ibias__t203                  1.13263
xc0.xcore.tail__t325                   1.11978
xc0.xcore.vss__t304                3.18809e-13
xc0.xcore.tail__t223                   1.11978
xc0.xcore.ibias__t202                  1.13263
xc0.xcore.vss__t205                1.40117e-05
xc0.xcore.vss__t305                3.14339e-13
xc0.xcore.vss__t102                1.38125e-05
xc0.xcore.ibias__t201                  1.13263
xc0.xcore.tail__t324                   1.11978
xc0.xcore.vss__t306                3.09869e-13
xc0.xcore.tail__t222                   1.11978
xc0.xcore.ibias__t200                  1.13263
xc0.xcore.vss__t204                1.36133e-05
xc0.xcore.vss__t307                  3.054e-13
xc0.xcore.vss__t101                1.34141e-05
xc0.xcore.ibias__t199                  1.13263
xc0.xcore.tail__t323                   1.11978
xc0.xcore.vss__t308                3.00932e-13
xc0.xcore.tail__t221                   1.11978
xc0.xcore.ibias__t198                  1.13263
xc0.xcore.vss__t203                 1.3215e-05
xc0.xcore.vss__t309                2.96464e-13
xc0.xcore.vss__t100                1.30158e-05
xc0.xcore.ibias__t197                  1.13263
xc0.xcore.tail__t322                   1.11978
xc0.xcore.vss__t310                2.91996e-13
xc0.xcore.tail__t220                   1.11978
xc0.xcore.ibias__t196                  1.13263
xc0.xcore.vss__t202                1.28167e-05
xc0.xcore.vss__t311                2.87529e-13
xc0.xcore.vss__t80                 1.26176e-05
xc0.xcore.ibias__t157                  1.13263
xc0.xcore.tail__t306                   1.11979
xc0.xcore.vss__t312                2.83063e-13
xc0.xcore.tail__t185                   1.11979
xc0.xcore.ibias__t116                  1.13263
xc0.xcore.vss__t162                1.24186e-05
xc0.xcore.vss__t313                2.78597e-13
xc0.xcore.vss__t59                 1.22196e-05
xc0.xcore.ibias__t115                  1.13263
xc0.xcore.tail__t285                   1.11979
xc0.xcore.vss__t314                2.74132e-13
xc0.xcore.tail__t184                   1.11979
xc0.xcore.ibias__t114                  1.13263
xc0.xcore.vss__t161                1.20206e-05
xc0.xcore.vss__t315                2.69667e-13
xc0.xcore.vss__t71                 1.18216e-05
xc0.xcore.ibias__t139                  1.13263
xc0.xcore.tail__t297                   1.11979
xc0.xcore.vss__t316                2.65203e-13
xc0.xcore.tail__t196                   1.11979
xc0.xcore.ibias__t138                  1.13263
xc0.xcore.vss__t173                1.16227e-05
xc0.xcore.vss__t317                 2.6074e-13
xc0.xcore.vss__t70                 1.14238e-05
xc0.xcore.ibias__t137                  1.13263
xc0.xcore.tail__t296                   1.11979
xc0.xcore.vss__t318                2.56278e-13
xc0.xcore.tail__t195                   1.11979
xc0.xcore.ibias__t136                  1.13263
xc0.xcore.vss__t172                1.12249e-05
xc0.xcore.vss__t319                2.51816e-13
xc0.xcore.vss__t69                 1.10261e-05
xc0.xcore.ibias__t135                  1.13263
xc0.xcore.tail__t295                   1.11979
xc0.xcore.vss__t320                2.47356e-13
xc0.xcore.tail__t194                   1.11979
xc0.xcore.ibias__t134                  1.13263
xc0.xcore.vss__t171                1.08273e-05
xc0.xcore.vss__t321                2.42896e-13
xc0.xcore.vss__t61                 1.06286e-05
xc0.xcore.ibias__t119                  1.13263
xc0.xcore.tail__t287                   1.11979
xc0.xcore.vss__t322                2.38437e-13
xc0.xcore.tail__t179                   1.11979
xc0.xcore.ibias__t103                  1.13263
xc0.xcore.vss__t156                1.04299e-05
xc0.xcore.vss__t323                2.33979e-13
xc0.xcore.vss__t48                 1.02312e-05
xc0.xcore.ibias__t92                   1.13263
xc0.xcore.tail__t274                   1.11979
xc0.xcore.vss__t324                2.29523e-13
xc0.xcore.tail__t178                   1.11979
xc0.xcore.ibias__t102                  1.13263
xc0.xcore.vss__t155                1.00326e-05
xc0.xcore.vss__t325                2.25067e-13
xc0.xcore.vss__t52                 9.83406e-06
xc0.xcore.ibias__t101                  1.13263
xc0.xcore.tail__t278                   1.11979
xc0.xcore.vss__t326                2.20613e-13
xc0.xcore.tail__t177                   1.11979
xc0.xcore.ibias__t100                  1.13263
xc0.xcore.vss__t154                9.63557e-06
xc0.xcore.vss__t327                2.16159e-13
xc0.xcore.vss__t51                 9.43714e-06
xc0.xcore.ibias__t99                   1.13263
xc0.xcore.tail__t277                   1.11979
xc0.xcore.vss__t328                2.11708e-13
xc0.xcore.tail__t176                   1.11979
xc0.xcore.ibias__t98                   1.13263
xc0.xcore.vss__t153                9.23877e-06
xc0.xcore.vss__t329                2.07257e-13
xc0.xcore.vss__t58                 9.04047e-06
xc0.xcore.ibias__t113                  1.13263
xc0.xcore.tail__t284                   1.11979
xc0.xcore.vss__t330                2.02808e-13
xc0.xcore.tail__t174                   1.11979
xc0.xcore.ibias__t96                   1.13263
xc0.xcore.vss__t151                8.84224e-06
xc0.xcore.vss__t331                1.98361e-13
xc0.xcore.vss__t50                 8.64408e-06
xc0.xcore.ibias__t95                   1.13263
xc0.xcore.tail__t276                   1.11979
xc0.xcore.vss__t332                1.93916e-13
xc0.xcore.tail__t173                   1.11979
xc0.xcore.ibias__t94                   1.13263
xc0.xcore.vss__t150                8.44602e-06
xc0.xcore.vss__t333                1.89472e-13
xc0.xcore.vss__t49                 8.24804e-06
xc0.xcore.ibias__t93                   1.13263
xc0.xcore.tail__t275                   1.11979
xc0.xcore.vss__t334                1.85031e-13
xc0.xcore.tail__t172                   1.11979
xc0.xcore.ibias__t91                   1.13263
xc0.xcore.vss__t149                8.05015e-06
xc0.xcore.vss__t335                1.80591e-13
xc0.xcore.vss__t47                 7.85237e-06
xc0.xcore.ibias__t90                   1.13263
xc0.xcore.tail__t273                   1.11979
xc0.xcore.vss__t336                1.76154e-13
xc0.xcore.tail__t171                   1.11979
xc0.xcore.ibias__t89                   1.13263
xc0.xcore.vss__t148                 7.6547e-06
xc0.xcore.vss__t337                 1.7172e-13
xc0.xcore.vss__t46                 7.45715e-06
xc0.xcore.ibias__t88                   1.13263
xc0.xcore.tail__t272                   1.11979
xc0.xcore.vss__t338                1.67288e-13
xc0.xcore.tail__t170                   1.11979
xc0.xcore.ibias__t87                   1.13263
xc0.xcore.vss__t147                7.25973e-06
xc0.xcore.vss__t339                1.62859e-13
xc0.xcore.vss__t45                 7.06245e-06
xc0.xcore.ibias__t86                   1.13263
xc0.xcore.tail__t271                   1.11979
xc0.xcore.vss__t340                1.58433e-13
xc0.xcore.tail__t169                   1.11979
xc0.xcore.ibias__t85                   1.13263
xc0.xcore.vss__t146                6.86532e-06
xc0.xcore.vss__t341                1.54011e-13
xc0.xcore.vss__t44                 6.66836e-06
xc0.xcore.ibias__t84                   1.13263
xc0.xcore.tail__t270                    1.1198
xc0.xcore.vss__t342                1.49592e-13
xc0.xcore.tail__t168                    1.1198
xc0.xcore.ibias__t83                   1.13263
xc0.xcore.vss__t145                6.47158e-06
xc0.xcore.vss__t343                1.45177e-13
xc0.xcore.vss__t66                   6.275e-06
xc0.xcore.ibias__t129                  1.13263
xc0.xcore.tail__t292                    1.1198
xc0.xcore.vss__t344                1.40767e-13
xc0.xcore.tail__t199                    1.1198
xc0.xcore.ibias__t144                  1.13263
xc0.xcore.vss__t176                6.07863e-06
xc0.xcore.vss__t345                1.36362e-13
xc0.xcore.vss__t73                 5.88251e-06
xc0.xcore.ibias__t143                  1.13263
xc0.xcore.tail__t299                    1.1198
xc0.xcore.vss__t346                1.31962e-13
xc0.xcore.tail__t198                    1.1198
xc0.xcore.ibias__t142                  1.13263
xc0.xcore.vss__t175                5.68665e-06
xc0.xcore.vss__t347                1.27568e-13
xc0.xcore.vss__t72                 5.49108e-06
xc0.xcore.ibias__t141                  1.13263
xc0.xcore.tail__t298                    1.1198
xc0.xcore.vss__t348                1.23181e-13
xc0.xcore.outp__t53                    2.80009
xc0.xcore.inp__t1                       2.5245
xc0.xcore.tail__t0                     1.11987
xc0.xcore.vss__t460                 4.2574e-11
xc0.xcore.tail__t119                   1.11987
xc0.xcore.inp__t53                      2.5245
xc0.xcore.outp__t52                    2.80009
xc0.xcore.vss__t462                 4.2976e-11
xc0.xcore.outp__t46                    2.80009
xc0.xcore.inp__t52                      2.5245
xc0.xcore.tail__t118                   1.11987
xc0.xcore.vss__t463                 4.3378e-11
xc0.xcore.tail__t58                    1.11987
xc0.xcore.inp__t61                      2.5245
xc0.xcore.outp__t82                    2.80009
xc0.xcore.vss__t464                  4.378e-11
xc0.xcore.outp__t30                    2.80009
xc0.xcore.inp__t24                      2.5245
xc0.xcore.tail__t98                    1.11987
xc0.xcore.vss__t465                4.41821e-11
xc0.xcore.tail__t38                    1.11987
xc0.xcore.inp__t23                      2.5245
xc0.xcore.outp__t64                    2.80009
xc0.xcore.vss__t466                4.45841e-11
xc0.xcore.outp__t29                    2.80008
xc0.xcore.inp__t22                      2.5245
xc0.xcore.tail__t97                    1.11988
xc0.xcore.vss__t467                4.49861e-11
xc0.xcore.tail__t37                    1.11988
xc0.xcore.inp__t21                      2.5245
xc0.xcore.outp__t63                    2.80008
xc0.xcore.vss__t468                 4.5388e-11
xc0.xcore.outp__t28                    2.80008
xc0.xcore.inp__t20                      2.5245
xc0.xcore.tail__t96                    1.11988
xc0.xcore.vss__t469                  4.579e-11
xc0.xcore.tail__t36                    1.11988
xc0.xcore.inp__t19                      2.5245
xc0.xcore.outp__t62                    2.80008
xc0.xcore.vss__t470                 4.6192e-11
xc0.xcore.outp__t27                    2.80008
xc0.xcore.inp__t18                      2.5245
xc0.xcore.tail__t95                    1.11988
xc0.xcore.vss__t471                 4.6594e-11
xc0.xcore.tail__t35                    1.11988
xc0.xcore.inp__t17                      2.5245
xc0.xcore.outp__t61                    2.80008
xc0.xcore.vss__t472                 4.6996e-11
xc0.xcore.outp__t26                    2.80007
xc0.xcore.inp__t16                      2.5245
xc0.xcore.tail__t94                    1.11988
xc0.xcore.vss__t473                4.73979e-11
xc0.xcore.tail__t33                    1.11988
xc0.xcore.inp__t15                      2.5245
xc0.xcore.outp__t60                    2.80007
xc0.xcore.vss__t474                4.77999e-11
xc0.xcore.outp__t47                    2.80007
xc0.xcore.inp__t54                      2.5245
xc0.xcore.tail__t120                   1.11988
xc0.xcore.vss__t475                4.82018e-11
xc0.xcore.tail__t54                    1.11988
xc0.xcore.inp__t55                      2.5245
xc0.xcore.outp__t78                    2.80007
xc0.xcore.vss__t476                4.86037e-11
xc0.xcore.outp__t51                    2.80007
xc0.xcore.inp__t63                      2.5245
xc0.xcore.tail__t126                   1.11988
xc0.xcore.vss__t477                4.90057e-11
xc0.xcore.tail__t57                    1.11988
xc0.xcore.inp__t60                      2.5245
xc0.xcore.outp__t81                    2.80007
xc0.xcore.vss__t478                4.94076e-11
xc0.xcore.outp__t49                    2.80007
xc0.xcore.inp__t59                      2.5245
xc0.xcore.tail__t122                   1.11988
xc0.xcore.vss__t479                4.98095e-11
xc0.xcore.tail__t56                    1.11989
xc0.xcore.inp__t58                      2.5245
xc0.xcore.outp__t80                    2.80006
xc0.xcore.vss__t480                5.02114e-11
xc0.xcore.outp__t48                    2.80006
xc0.xcore.inp__t57                      2.5245
xc0.xcore.tail__t121                   1.11989
xc0.xcore.vss__t481                5.06133e-11
xc0.xcore.tail__t55                    1.11989
xc0.xcore.inp__t56                      2.5245
xc0.xcore.outp__t79                    2.80006
xc0.xcore.vss__t482                5.10152e-11
xc0.xcore.outp__t24                    2.80006
xc0.xcore.inp__t11                      2.5245
xc0.xcore.tail__t92                    1.11989
xc0.xcore.vss__t483                 5.1417e-11
xc0.xcore.tail__t30                    1.11989
xc0.xcore.inp__t10                      2.5245
xc0.xcore.outp__t57                    2.80006
xc0.xcore.vss__t484                5.18189e-11
xc0.xcore.outp__t23                    2.80006
xc0.xcore.inp__t9                       2.5245
xc0.xcore.tail__t88                    1.11989
xc0.xcore.vss__t485                5.22207e-11
xc0.xcore.tail__t32                    1.11989
xc0.xcore.inp__t14                      2.5245
xc0.xcore.outp__t59                    2.80005
xc0.xcore.vss__t486                5.26226e-11
xc0.xcore.outp__t25                    2.80005
xc0.xcore.inp__t13                      2.5245
xc0.xcore.tail__t93                    1.11989
xc0.xcore.vss__t487                5.30244e-11
xc0.xcore.tail__t60                    1.11989
xc0.xcore.inp__t0                       2.5245
xc0.xcore.outp__t83                    2.80005
xc0.xcore.vss__t488                5.34262e-11
xc0.xcore.outp__t50                    2.80005
xc0.xcore.inp__t62                      2.5245
xc0.xcore.tail__t123                   1.11989
xc0.xcore.vss__t489                 5.3828e-11
xc0.xcore.tail__t42                    1.11989
xc0.xcore.inp__t29                      2.5245
xc0.xcore.outp__t67                    2.80005
xc0.xcore.vss__t490                5.42298e-11
xc0.xcore.outp__t32                    2.80005
xc0.xcore.inp__t28                      2.5245
xc0.xcore.tail__t102                   1.11989
xc0.xcore.vss__t491                5.46315e-11
xc0.xcore.tail__t41                    1.11989
xc0.xcore.inp__t27                      2.5245
xc0.xcore.outp__t66                    2.80004
xc0.xcore.vss__t492                5.50333e-11
xc0.xcore.outp__t31                    2.80004
xc0.xcore.inp__t26                      2.5245
xc0.xcore.tail__t101                    1.1199
xc0.xcore.vss__t493                 5.5435e-11
xc0.xcore.tail__t40                     1.1199
xc0.xcore.inp__t25                      2.5245
xc0.xcore.outp__t65                    2.80004
xc0.xcore.vss__t494                5.58368e-11
xc0.xcore.outp__t20                    2.80004
xc0.xcore.inp__t4                       2.5245
xc0.xcore.tail__t74                     1.1199
xc0.xcore.vss__t495                5.62385e-11
xc0.xcore.tail__t14                     1.1199
xc0.xcore.inp__t3                       2.5245
xc0.xcore.outp__t54                    2.80004
xc0.xcore.vss__t496                5.66402e-11
xc0.xcore.outp__t22                    2.80004
xc0.xcore.inp__t7                       2.5245
xc0.xcore.tail__t76                     1.1199
xc0.xcore.vss__t497                5.70419e-11
xc0.xcore.tail__t16                     1.1199
xc0.xcore.inp__t6                       2.5245
xc0.xcore.outp__t55                    2.80003
xc0.xcore.vss__t498                5.74436e-11
xc0.xcore.outp__t21                    2.80003
xc0.xcore.inp__t5                       2.5245
xc0.xcore.tail__t75                     1.1199
xc0.xcore.vss__t499                5.78452e-11
xc0.xcore.tail__t19                     1.1199
xc0.xcore.inp__t8                       2.5245
xc0.xcore.outp__t56                    2.80003
xc0.xcore.vss__t500                5.82469e-11
xc0.xcore.outp__t45                    2.80003
xc0.xcore.inp__t50                      2.5245
xc0.xcore.tail__t116                    1.1199
xc0.xcore.vss__t501                5.86485e-11
xc0.xcore.tail__t51                     1.1199
xc0.xcore.inp__t49                      2.5245
xc0.xcore.outp__t76                    2.80003
xc0.xcore.vss__t502                5.90501e-11
xc0.xcore.outp__t44                    2.80003
xc0.xcore.inp__t48                      2.5245
xc0.xcore.tail__t115                    1.1199
xc0.xcore.vss__t503                5.94518e-11
xc0.xcore.tail__t50                     1.1199
xc0.xcore.inp__t47                      2.5245
xc0.xcore.outp__t75                    2.80002
xc0.xcore.vss__t504                5.98533e-11
xc0.xcore.outp__t43                    2.80002
xc0.xcore.inp__t46                      2.5245
xc0.xcore.tail__t114                    1.1199
xc0.xcore.vss__t505                6.02549e-11
xc0.xcore.tail__t49                    1.11991
xc0.xcore.inp__t45                      2.5245
xc0.xcore.outp__t74                    2.80002
xc0.xcore.vss__t506                6.06565e-11
xc0.xcore.outp__t42                    2.80002
xc0.xcore.inp__t44                      2.5245
xc0.xcore.tail__t113                   1.11991
xc0.xcore.vss__t507                 6.1058e-11
xc0.xcore.tail__t48                    1.11991
xc0.xcore.inp__t43                      2.5245
xc0.xcore.outp__t73                    2.80002
xc0.xcore.vss__t508                6.14596e-11
xc0.xcore.outp__t41                    2.80002
xc0.xcore.inp__t42                      2.5245
xc0.xcore.tail__t112                   1.11991
xc0.xcore.vss__t509                6.18611e-11
xc0.xcore.tail__t47                    1.11991
xc0.xcore.inp__t41                      2.5245
xc0.xcore.outp__t72                    2.80002
xc0.xcore.vss__t510                6.22626e-11
xc0.xcore.outp__t40                    2.80001
xc0.xcore.inp__t40                      2.5245
xc0.xcore.tail__t111                   1.11991
xc0.xcore.vss__t511                6.26641e-11
xc0.xcore.tail__t46                    1.11991
xc0.xcore.inp__t39                      2.5245
xc0.xcore.outp__t71                    2.80001
xc0.xcore.vss__t512                6.30655e-11
xc0.xcore.outp__t39                    2.80001
xc0.xcore.inp__t38                      2.5245
xc0.xcore.tail__t110                   1.11991
xc0.xcore.vss__t513                 6.3467e-11
xc0.xcore.tail__t53                    1.11991
xc0.xcore.inp__t51                      2.5245
xc0.xcore.outp__t77                    2.80001
xc0.xcore.vss__t514                6.38684e-11
xc0.xcore.outp__t38                    2.80001
xc0.xcore.inp__t37                      2.5245
xc0.xcore.tail__t108                   1.11991
xc0.xcore.vss__t515                6.42698e-11
xc0.xcore.tail__t45                    1.11991
xc0.xcore.inp__t36                      2.5245
xc0.xcore.outp__t70                    2.80001
xc0.xcore.vss__t516                6.46712e-11
xc0.xcore.outp__t37                        2.8
xc0.xcore.inp__t35                      2.5245
xc0.xcore.tail__t107                   1.11991
xc0.xcore.vss__t517                6.50726e-11
xc0.xcore.tail__t44                    1.11991
xc0.xcore.inp__t34                      2.5245
xc0.xcore.outp__t69                        2.8
xc0.xcore.vss__t518                 6.5474e-11
xc0.xcore.outp__t36                        2.8
xc0.xcore.inp__t33                      2.5245
xc0.xcore.tail__t106                   1.11992
xc0.xcore.vss__t519                6.58754e-11
xc0.xcore.tail__t31                    1.11992
xc0.xcore.inp__t12                      2.5245
xc0.xcore.outp__t58                        2.8
xc0.xcore.vss__t520                6.62767e-11
xc0.xcore.outp__t35                        2.8
xc0.xcore.inp__t32                      2.5245
xc0.xcore.tail__t104                   1.11992
xc0.xcore.vss__t521                 6.6678e-11
xc0.xcore.tail__t43                    1.11992
xc0.xcore.inp__t31                      2.5245
xc0.xcore.outp__t68                        2.8
xc0.xcore.vss__t522                6.70793e-11
xc0.xcore.outp__t33                    2.79999
xc0.xcore.inp__t30                      2.5245
xc0.xcore.tail__t103                   1.11992
xc0.xcore.vss__t523                6.74806e-11
xc0.xcore.tail__t1                     1.11992
xc0.xcore.inp__t2                       2.5245
xc0.xcore.outp__t34                    2.79999
xc0.xcore.vss__t586                6.78819e-11
xc0.xcore.ibias__t215                   1.1299
xc0.xcore.ibias__t3                    1.13263
xc0.xcore.vss__t2                  2.51857e-05
xc0.xcore.vss__t459                 5.7016e-13
xc0.xcore.vss__t81                 2.49859e-05
xc0.xcore.ibias__t158                  1.13263
xc0.xcore.ibias__t216                  1.12993
xc0.xcore.vss__t448                 5.6565e-13
xc0.xcore.ibias__t213                  1.12996
xc0.xcore.ibias__t171                  1.13263
xc0.xcore.vss__t190                2.47861e-05
xc0.xcore.vss__t449                5.61141e-13
xc0.xcore.vss__t83                 2.45863e-05
xc0.xcore.ibias__t163                  1.13263
xc0.xcore.ibias__t218                  1.12999
xc0.xcore.vss__t450                5.56631e-13
xc0.xcore.ibias__t212                  1.13002
xc0.xcore.ibias__t162                  1.13263
xc0.xcore.vss__t185                2.43865e-05
xc0.xcore.vss__t451                5.52121e-13
xc0.xcore.vss__t89                 2.41867e-05
xc0.xcore.ibias__t177                  1.13263
xc0.xcore.ibias__t219                  1.13005
xc0.xcore.vss__t452                5.47611e-13
xc0.xcore.ibias__t211                  1.13008
xc0.xcore.ibias__t160                  1.13263
xc0.xcore.vss__t183                2.39869e-05
xc0.xcore.vss__t453                5.43101e-13
xc0.xcore.vss__t82                  2.3787e-05
xc0.xcore.ibias__t159                  1.13263
xc0.xcore.ibias__t217                  1.13011
xc0.xcore.vss__t454                 5.3859e-13
xc0.xcore.ibias__t214                  1.13014
xc0.xcore.ibias__t174                  1.13263
xc0.xcore.vss__t192                2.35872e-05
xc0.xcore.vss__t455                 5.3408e-13
xc0.xcore.vss__t3                  2.33874e-05
xc0.xcore.ibias__t4                    1.13263
xc0.xcore.ibias__t210                  1.13017
xc0.xcore.vss__t457                5.29569e-13
xc0.xcore.outn__t52                        3.3
xc0.xcore.inn__t1                       1.6335
xc0.xcore.tail__t3                     1.11981
xc0.xcore.vss__t461                1.43909e-12
xc0.xcore.tail__t62                    1.11981
xc0.xcore.inn__t58                      1.6335
xc0.xcore.outn__t81                        3.3
xc0.xcore.vss__t524                1.45274e-12
xc0.xcore.outn__t49                        3.3
xc0.xcore.inn__t59                      1.6335
xc0.xcore.tail__t124                   1.11981
xc0.xcore.vss__t525                 1.4664e-12
xc0.xcore.tail__t63                    1.11981
xc0.xcore.inn__t60                      1.6335
xc0.xcore.outn__t82                        3.3
xc0.xcore.vss__t526                1.48006e-12
xc0.xcore.outn__t50                        3.3
xc0.xcore.inn__t61                      1.6335
xc0.xcore.tail__t125                   1.11981
xc0.xcore.vss__t527                1.49372e-12
xc0.xcore.tail__t64                    1.11981
xc0.xcore.inn__t62                      1.6335
xc0.xcore.outn__t83                        3.3
xc0.xcore.vss__t528                1.50737e-12
xc0.xcore.outn__t46                        3.3
xc0.xcore.inn__t52                      1.6335
xc0.xcore.tail__t105                   1.11981
xc0.xcore.vss__t529                1.52103e-12
xc0.xcore.tail__t15                    1.11981
xc0.xcore.inn__t21                      1.6335
xc0.xcore.outn__t63                        3.3
xc0.xcore.vss__t530                1.53469e-12
xc0.xcore.outn__t45                        3.3
xc0.xcore.inn__t51                      1.6335
xc0.xcore.tail__t100                   1.11981
xc0.xcore.vss__t531                1.54835e-12
xc0.xcore.tail__t34                    1.11981
xc0.xcore.inn__t48                      1.6335
xc0.xcore.outn__t76                        3.3
xc0.xcore.vss__t532                1.56201e-12
xc0.xcore.outn__t44                        3.3
xc0.xcore.inn__t50                      1.6335
xc0.xcore.tail__t99                    1.11981
xc0.xcore.vss__t533                1.57567e-12
xc0.xcore.tail__t61                    1.11981
xc0.xcore.inn__t57                      1.6335
xc0.xcore.outn__t80                        3.3
xc0.xcore.vss__t534                1.58933e-12
xc0.xcore.outn__t40                        3.3
xc0.xcore.inn__t42                      1.6335
xc0.xcore.tail__t87                    1.11981
xc0.xcore.vss__t535                1.60299e-12
xc0.xcore.tail__t27                    1.11981
xc0.xcore.inn__t41                      1.6335
xc0.xcore.outn__t73                        3.3
xc0.xcore.vss__t536                1.61665e-12
xc0.xcore.outn__t39                        3.3
xc0.xcore.inn__t40                      1.6335
xc0.xcore.tail__t86                    1.11981
xc0.xcore.vss__t537                1.63031e-12
xc0.xcore.tail__t26                    1.11981
xc0.xcore.inn__t39                      1.6335
xc0.xcore.outn__t72                        3.3
xc0.xcore.vss__t538                1.64397e-12
xc0.xcore.outn__t38                        3.3
xc0.xcore.inn__t38                      1.6335
xc0.xcore.tail__t85                    1.11981
xc0.xcore.vss__t539                1.65763e-12
xc0.xcore.tail__t25                    1.11981
xc0.xcore.inn__t37                      1.6335
xc0.xcore.outn__t71                        3.3
xc0.xcore.vss__t540                1.67129e-12
xc0.xcore.outn__t47                        3.3
xc0.xcore.inn__t53                      1.6335
xc0.xcore.tail__t109                   1.11981
xc0.xcore.vss__t541                1.68496e-12
xc0.xcore.tail__t52                    1.11981
xc0.xcore.inn__t55                      1.6335
xc0.xcore.outn__t78                        3.3
xc0.xcore.vss__t542                1.69862e-12
xc0.xcore.outn__t48                        3.3
xc0.xcore.inn__t54                      1.6335
xc0.xcore.tail__t117                   1.11981
xc0.xcore.vss__t543                1.71228e-12
xc0.xcore.tail__t39                    1.11981
xc0.xcore.inn__t49                      1.6335
xc0.xcore.outn__t77                        3.3
xc0.xcore.vss__t544                1.72594e-12
xc0.xcore.outn__t41                        3.3
xc0.xcore.inn__t43                      1.6335
xc0.xcore.tail__t89                    1.11981
xc0.xcore.vss__t545                1.73961e-12
xc0.xcore.tail__t29                    1.11981
xc0.xcore.inn__t47                      1.6335
xc0.xcore.outn__t75                        3.3
xc0.xcore.vss__t546                1.75327e-12
xc0.xcore.outn__t43                        3.3
xc0.xcore.inn__t46                      1.6335
xc0.xcore.tail__t91                    1.11981
xc0.xcore.vss__t547                1.76693e-12
xc0.xcore.tail__t28                    1.11981
xc0.xcore.inn__t45                      1.6335
xc0.xcore.outn__t74                        3.3
xc0.xcore.vss__t548                 1.7806e-12
xc0.xcore.outn__t42                        3.3
xc0.xcore.inn__t44                      1.6335
xc0.xcore.tail__t90                    1.11981
xc0.xcore.vss__t549                1.79426e-12
xc0.xcore.tail__t59                    1.11981
xc0.xcore.inn__t56                      1.6335
xc0.xcore.outn__t79                        3.3
xc0.xcore.vss__t550                1.80793e-12
xc0.xcore.outn__t51                        3.3
xc0.xcore.inn__t63                      1.6335
xc0.xcore.tail__t127                   1.11981
xc0.xcore.vss__t551                1.82159e-12
xc0.xcore.tail__t13                    1.11981
xc0.xcore.inn__t19                      1.6335
xc0.xcore.outn__t62                        3.3
xc0.xcore.vss__t552                1.83525e-12
xc0.xcore.outn__t28                        3.3
xc0.xcore.inn__t18                      1.6335
xc0.xcore.tail__t72                    1.11981
xc0.xcore.vss__t553                1.84892e-12
xc0.xcore.tail__t12                    1.11981
xc0.xcore.inn__t17                      1.6335
xc0.xcore.outn__t61                        3.3
xc0.xcore.vss__t554                1.86258e-12
xc0.xcore.outn__t27                        3.3
xc0.xcore.inn__t16                      1.6335
xc0.xcore.tail__t71                    1.11981
xc0.xcore.vss__t555                1.87625e-12
xc0.xcore.tail__t11                    1.11981
xc0.xcore.inn__t15                      1.6335
xc0.xcore.outn__t60                        3.3
xc0.xcore.vss__t556                1.88991e-12
xc0.xcore.outn__t26                        3.3
xc0.xcore.inn__t14                      1.6335
xc0.xcore.tail__t70                    1.11981
xc0.xcore.vss__t557                1.90358e-12
xc0.xcore.tail__t10                    1.11981
xc0.xcore.inn__t13                      1.6335
xc0.xcore.outn__t59                        3.3
xc0.xcore.vss__t558                1.91724e-12
xc0.xcore.outn__t25                        3.3
xc0.xcore.inn__t12                      1.6335
xc0.xcore.tail__t69                    1.11981
xc0.xcore.vss__t559                1.93091e-12
xc0.xcore.tail__t6                     1.11981
xc0.xcore.inn__t5                       1.6335
xc0.xcore.outn__t55                        3.3
xc0.xcore.vss__t560                1.94458e-12
xc0.xcore.outn__t24                        3.3
xc0.xcore.inn__t11                      1.6335
xc0.xcore.tail__t68                    1.11981
xc0.xcore.vss__t561                1.95824e-12
xc0.xcore.tail__t4                     1.11981
xc0.xcore.inn__t2                       1.6335
xc0.xcore.outn__t53                        3.3
xc0.xcore.vss__t562                1.97191e-12
xc0.xcore.outn__t21                        3.3
xc0.xcore.inn__t3                       1.6335
xc0.xcore.tail__t65                    1.11981
xc0.xcore.vss__t563                1.98558e-12
xc0.xcore.tail__t5                     1.11981
xc0.xcore.inn__t4                       1.6335
xc0.xcore.outn__t54                        3.3
xc0.xcore.vss__t564                1.99924e-12
xc0.xcore.outn__t22                        3.3
xc0.xcore.inn__t6                       1.6335
xc0.xcore.tail__t66                    1.11981
xc0.xcore.vss__t565                2.01291e-12
xc0.xcore.tail__t7                     1.11981
xc0.xcore.inn__t7                       1.6335
xc0.xcore.outn__t56                        3.3
xc0.xcore.vss__t566                2.02658e-12
xc0.xcore.outn__t23                        3.3
xc0.xcore.inn__t8                       1.6335
xc0.xcore.tail__t67                    1.11981
xc0.xcore.vss__t567                2.04024e-12
xc0.xcore.tail__t8                     1.11981
xc0.xcore.inn__t9                       1.6335
xc0.xcore.outn__t57                        3.3
xc0.xcore.vss__t568                2.05391e-12
xc0.xcore.outn__t29                        3.3
xc0.xcore.inn__t20                      1.6335
xc0.xcore.tail__t73                    1.11981
xc0.xcore.vss__t569                2.06758e-12
xc0.xcore.tail__t9                     1.11981
xc0.xcore.inn__t10                      1.6335
xc0.xcore.outn__t58                        3.3
xc0.xcore.vss__t570                2.08124e-12
xc0.xcore.outn__t36                        3.3
xc0.xcore.inn__t35                      1.6335
xc0.xcore.tail__t83                    1.11981
xc0.xcore.vss__t571                2.09491e-12
xc0.xcore.tail__t24                    1.11981
xc0.xcore.inn__t34                      1.6335
xc0.xcore.outn__t70                        3.3
xc0.xcore.vss__t572                2.10858e-12
xc0.xcore.outn__t35                        3.3
xc0.xcore.inn__t33                      1.6335
xc0.xcore.tail__t82                    1.11981
xc0.xcore.vss__t573                2.12225e-12
xc0.xcore.tail__t23                    1.11981
xc0.xcore.inn__t32                      1.6335
xc0.xcore.outn__t69                        3.3
xc0.xcore.vss__t574                2.13592e-12
xc0.xcore.outn__t34                        3.3
xc0.xcore.inn__t31                      1.6335
xc0.xcore.tail__t81                    1.11981
xc0.xcore.vss__t575                2.14958e-12
xc0.xcore.tail__t22                    1.11981
xc0.xcore.inn__t30                      1.6335
xc0.xcore.outn__t68                        3.3
xc0.xcore.vss__t576                2.16325e-12
xc0.xcore.outn__t33                        3.3
xc0.xcore.inn__t29                      1.6335
xc0.xcore.tail__t80                    1.11981
xc0.xcore.vss__t577                2.17692e-12
xc0.xcore.tail__t21                    1.11981
xc0.xcore.inn__t28                      1.6335
xc0.xcore.outn__t67                        3.3
xc0.xcore.vss__t578                2.19059e-12
xc0.xcore.outn__t32                        3.3
xc0.xcore.inn__t27                      1.6335
xc0.xcore.tail__t79                    1.11981
xc0.xcore.vss__t579                2.20426e-12
xc0.xcore.tail__t20                    1.11981
xc0.xcore.inn__t26                      1.6335
xc0.xcore.outn__t66                        3.3
xc0.xcore.vss__t580                2.21793e-12
xc0.xcore.outn__t37                        3.3
xc0.xcore.inn__t36                      1.6335
xc0.xcore.tail__t84                    1.11981
xc0.xcore.vss__t581                2.23159e-12
xc0.xcore.tail__t18                    1.11981
xc0.xcore.inn__t25                      1.6335
xc0.xcore.outn__t65                        3.3
xc0.xcore.vss__t582                2.24526e-12
xc0.xcore.outn__t31                        3.3
xc0.xcore.inn__t24                      1.6335
xc0.xcore.tail__t78                    1.11981
xc0.xcore.vss__t583                2.25893e-12
xc0.xcore.tail__t17                    1.11981
xc0.xcore.inn__t23                      1.6335
xc0.xcore.outn__t64                        3.3
xc0.xcore.vss__t584                 2.2726e-12
xc0.xcore.outn__t30                        3.3
xc0.xcore.inn__t22                      1.6335
xc0.xcore.tail__t77                    1.11981
xc0.xcore.vss__t585                2.28627e-12
xc0.xcore.tail__t2                     1.11981
xc0.xcore.inn__t0                       1.6335
xc0.xcore.outn__t20                        3.3
xc0.xcore.vss__t587                2.29994e-12
xc0.xcore.vss__t210                2.60738e-12
xc0.xcore.outp__t16                     2.8002
xc0.xcore.vss__t211                2.57673e-12
xc0.xcore.outp__t17                     2.8002
xc0.xcore.vss__t212                2.54611e-12
xc0.xcore.outp__t18                     2.8002
xc0.xcore.vss__t213                2.51552e-12
xc0.xcore.outp__t19                     2.8002
xc0.xcore.vss__t214                2.48495e-12
xc0.xcore.outp__t0                      2.8002
xc0.xcore.vss__t215                 2.4544e-12
xc0.xcore.outp__t1                      2.8002
xc0.xcore.vss__t216                2.42389e-12
xc0.xcore.outp__t2                      2.8002
xc0.xcore.vss__t217                 2.3934e-12
xc0.xcore.outp__t3                      2.8002
xc0.xcore.vss__t218                2.36295e-12
xc0.xcore.outp__t4                      2.8002
xc0.xcore.vss__t219                2.33253e-12
xc0.xcore.outp__t15                     2.8002
xc0.xcore.vss__t220                2.30214e-12
xc0.xcore.outp__t6                      2.8002
xc0.xcore.vss__t221                2.27179e-12
xc0.xcore.outp__t7                      2.8002
xc0.xcore.vss__t222                2.24147e-12
xc0.xcore.outp__t8                      2.8002
xc0.xcore.vss__t223                2.21119e-12
xc0.xcore.outp__t9                      2.8002
xc0.xcore.vss__t224                2.18095e-12
xc0.xcore.outp__t10                     2.8002
xc0.xcore.vss__t225                2.15075e-12
xc0.xcore.outp__t11                     2.8002
xc0.xcore.vss__t226                2.12059e-12
xc0.xcore.outp__t12                     2.8002
xc0.xcore.vss__t227                2.09048e-12
xc0.xcore.outp__t13                     2.8002
xc0.xcore.vss__t228                2.06041e-12
xc0.xcore.outp__t14                     2.8002
xc0.xcore.vss__t229                 2.0304e-12
xc0.xcore.outp__t5                      2.8002
xc0.xcore.vss__t230                2.18457e-12
xc0.xcore.outn__t0                         3.3
xc0.xcore.vss__t231                2.21955e-12
xc0.xcore.outn__t5                         3.3
xc0.xcore.vss__t232                 2.2546e-12
xc0.xcore.outn__t6                         3.3
xc0.xcore.vss__t233                2.28973e-12
xc0.xcore.outn__t7                         3.3
xc0.xcore.vss__t234                2.32492e-12
xc0.xcore.outn__t8                         3.3
xc0.xcore.vss__t235                2.36018e-12
xc0.xcore.outn__t9                         3.3
xc0.xcore.vss__t236                 2.3955e-12
xc0.xcore.outn__t10                        3.3
xc0.xcore.vss__t237                2.43089e-12
xc0.xcore.outn__t11                        3.3
xc0.xcore.vss__t238                2.46632e-12
xc0.xcore.outn__t12                        3.3
xc0.xcore.vss__t239                2.50182e-12
xc0.xcore.outn__t13                        3.3
xc0.xcore.vss__t240                2.53736e-12
xc0.xcore.outn__t14                        3.3
xc0.xcore.vss__t241                2.57295e-12
xc0.xcore.outn__t15                        3.3
xc0.xcore.vss__t242                2.60859e-12
xc0.xcore.outn__t16                        3.3
xc0.xcore.vss__t243                2.64428e-12
xc0.xcore.outn__t17                        3.3
xc0.xcore.vss__t244                2.68001e-12
xc0.xcore.outn__t19                        3.3
xc0.xcore.vss__t245                2.71579e-12
xc0.xcore.outn__t18                        3.3
xc0.xcore.vss__t246                 2.7516e-12
xc0.xcore.outn__t1                         3.3
xc0.xcore.vss__t247                2.78746e-12
xc0.xcore.outn__t2                         3.3
xc0.xcore.vss__t248                2.82335e-12
xc0.xcore.outn__t3                         3.3
xc0.xcore.vss__t249                2.85928e-12
xc0.xcore.outn__t4                         3.3
ib_c0                                  1.13263
xc0.xcore.vsubs                              0
outn_c0                                    3.3
outp_c0                                 2.8002
xc0.tail                               1.11981
vd_c0                                 0.499798
xc1.xcore.tail__t186                    1.1198
xc1.xcore.ibias__t118                  1.13263
xc1.xcore.vss__t163                5.29584e-06
xc1.xcore.vss__t349                1.18801e-13
xc1.xcore.vss__t60                 5.10096e-06
xc1.xcore.ibias__t117                  1.13263
xc1.xcore.tail__t286                    1.1198
xc1.xcore.vss__t350                1.14429e-13
xc1.xcore.tail__t197                    1.1198
xc1.xcore.ibias__t140                  1.13263
xc1.xcore.vss__t174                4.90649e-06
xc1.xcore.vss__t351                1.10067e-13
xc1.xcore.vss__t68                 4.71247e-06
xc1.xcore.ibias__t133                  1.13263
xc1.xcore.tail__t294                    1.1198
xc1.xcore.vss__t352                1.05714e-13
xc1.xcore.tail__t193                    1.1198
xc1.xcore.ibias__t132                  1.13263
xc1.xcore.vss__t170                4.51897e-06
xc1.xcore.vss__t353                1.01373e-13
xc1.xcore.vss__t67                 4.32606e-06
xc1.xcore.ibias__t131                  1.13263
xc1.xcore.tail__t293                    1.1198
xc1.xcore.vss__t354                9.70456e-14
xc1.xcore.tail__t192                    1.1198
xc1.xcore.ibias__t130                  1.13263
xc1.xcore.vss__t169                4.13381e-06
xc1.xcore.vss__t355                9.27329e-14
xc1.xcore.vss__t74                 3.94233e-06
xc1.xcore.ibias__t145                  1.13263
xc1.xcore.tail__t300                    1.1198
xc1.xcore.vss__t356                8.84372e-14
xc1.xcore.tail__t191                    1.1198
xc1.xcore.ibias__t128                  1.13263
xc1.xcore.vss__t168                3.75172e-06
xc1.xcore.vss__t357                8.41614e-14
xc1.xcore.vss__t65                 3.56214e-06
xc1.xcore.ibias__t127                  1.13263
xc1.xcore.tail__t291                    1.1198
xc1.xcore.vss__t358                7.99085e-14
xc1.xcore.tail__t190                    1.1198
xc1.xcore.ibias__t126                  1.13263
xc1.xcore.vss__t167                3.37376e-06
xc1.xcore.vss__t359                7.56824e-14
xc1.xcore.vss__t64                 3.18678e-06
xc1.xcore.ibias__t125                  1.13263
xc1.xcore.tail__t290                    1.1198
xc1.xcore.vss__t360                 7.1488e-14
xc1.xcore.tail__t189                    1.1198
xc1.xcore.ibias__t124                  1.13263
xc1.xcore.vss__t166                3.00147e-06
xc1.xcore.vss__t361                 6.7331e-14
xc1.xcore.vss__t63                 2.81817e-06
xc1.xcore.ibias__t123                  1.13263
xc1.xcore.tail__t289                    1.1198
xc1.xcore.vss__t362                6.32189e-14
xc1.xcore.tail__t188                    1.1198
xc1.xcore.ibias__t122                  1.13263
xc1.xcore.vss__t165                2.63728e-06
xc1.xcore.vss__t363                 5.9161e-14
xc1.xcore.vss__t62                 2.45934e-06
xc1.xcore.ibias__t121                  1.13263
xc1.xcore.tail__t288                    1.1198
xc1.xcore.vss__t364                5.51694e-14
xc1.xcore.tail__t187                    1.1198
xc1.xcore.ibias__t120                  1.13263
xc1.xcore.vss__t164                2.28505e-06
xc1.xcore.vss__t365                5.12594e-14
xc1.xcore.vss__t26                 2.11529e-06
xc1.xcore.ibias__t0                    1.13263
xc1.xcore.tail__t252                    1.1198
xc1.xcore.vss__t366                4.74513e-14
xc1.xcore.tail__t175                    1.1198
xc1.xcore.ibias__t97                   1.13263
xc1.xcore.vss__t152                1.95126e-06
xc1.xcore.vss__t367                4.37717e-14
xc1.xcore.vss__t42                 1.79453e-06
xc1.xcore.ibias__t78                   1.13263
xc1.xcore.tail__t268                    1.1198
xc1.xcore.vss__t368                4.02559e-14
xc1.xcore.tail__t164                    1.1198
xc1.xcore.ibias__t77                   1.13263
xc1.xcore.vss__t141                1.64719e-06
xc1.xcore.vss__t369                3.69505e-14
xc1.xcore.vss__t37                 1.51197e-06
xc1.xcore.ibias__t70                   1.13263
xc1.xcore.tail__t263                    1.1198
xc1.xcore.vss__t370                3.39172e-14
xc1.xcore.tail__t167                    1.1198
xc1.xcore.ibias__t82                   1.13263
xc1.xcore.vss__t144                1.39242e-06
xc1.xcore.vss__t371                3.12354e-14
xc1.xcore.vss__t39                 1.29289e-06
xc1.xcore.ibias__t72                   1.13263
xc1.xcore.tail__t265                    1.1198
xc1.xcore.vss__t372                2.90027e-14
xc1.xcore.tail__t162                   1.11981
xc1.xcore.ibias__t73                   1.13263
xc1.xcore.vss__t139                 1.2183e-06
xc1.xcore.vss__t373                2.73295e-14
xc1.xcore.vss__t40                 1.17341e-06
xc1.xcore.ibias__t74                   1.13263
xc1.xcore.tail__t266                   1.11981
xc1.xcore.vss__t374                2.63225e-14
xc1.xcore.tail__t163                   1.11981
xc1.xcore.ibias__t75                   1.13263
xc1.xcore.vss__t140                1.16168e-06
xc1.xcore.vss__t375                2.60593e-14
xc1.xcore.vss__t41                 1.18408e-06
xc1.xcore.ibias__t76                   1.13263
xc1.xcore.tail__t267                   1.11981
xc1.xcore.vss__t376                2.65619e-14
xc1.xcore.tail__t129                   1.11981
xc1.xcore.ibias__t9                    1.13263
xc1.xcore.vss__t107                1.23877e-06
xc1.xcore.vss__t377                2.77887e-14
xc1.xcore.vss__t6                  1.32175e-06
xc1.xcore.ibias__t8                    1.13263
xc1.xcore.tail__t232                   1.11981
xc1.xcore.vss__t378                2.96501e-14
xc1.xcore.tail__t128                   1.11981
xc1.xcore.ibias__t7                    1.13263
xc1.xcore.vss__t106                1.42809e-06
xc1.xcore.vss__t379                3.20356e-14
xc1.xcore.vss__t5                    1.553e-06
xc1.xcore.ibias__t6                    1.13263
xc1.xcore.tail__t231                   1.11981
xc1.xcore.vss__t380                3.48377e-14
xc1.xcore.tail__t141                   1.11981
xc1.xcore.ibias__t31                   1.13263
xc1.xcore.vss__t119                1.69237e-06
xc1.xcore.vss__t381                3.79642e-14
xc1.xcore.vss__t4                  1.84293e-06
xc1.xcore.ibias__t5                    1.13263
xc1.xcore.tail__t230                   1.11981
xc1.xcore.vss__t382                4.13417e-14
xc1.xcore.tail__t158                   1.11981
xc1.xcore.ibias__t62                   1.13263
xc1.xcore.vss__t135                2.00215e-06
xc1.xcore.vss__t383                4.49136e-14
xc1.xcore.vss__t33                 2.16813e-06
xc1.xcore.ibias__t63                   1.13263
xc1.xcore.tail__t259                   1.11981
xc1.xcore.vss__t384                 4.8637e-14
xc1.xcore.tail__t159                   1.11981
xc1.xcore.ibias__t64                   1.13263
xc1.xcore.vss__t136                2.33943e-06
xc1.xcore.vss__t385                5.24797e-14
xc1.xcore.vss__t34                 2.51496e-06
xc1.xcore.ibias__t65                   1.13263
xc1.xcore.tail__t260                   1.11981
xc1.xcore.vss__t386                5.64173e-14
xc1.xcore.tail__t160                   1.11981
xc1.xcore.ibias__t66                   1.13263
xc1.xcore.vss__t137                2.69389e-06
xc1.xcore.vss__t387                6.04314e-14
xc1.xcore.vss__t35                 2.87559e-06
xc1.xcore.ibias__t67                   1.13263
xc1.xcore.tail__t261                   1.11981
xc1.xcore.vss__t388                6.45075e-14
xc1.xcore.tail__t161                   1.11981
xc1.xcore.ibias__t68                   1.13263
xc1.xcore.vss__t138                3.05957e-06
xc1.xcore.vss__t389                6.86347e-14
xc1.xcore.vss__t36                 3.24543e-06
xc1.xcore.ibias__t69                   1.13263
xc1.xcore.tail__t262                   1.11981
xc1.xcore.vss__t390                7.28043e-14
xc1.xcore.tail__t130                   1.11981
xc1.xcore.ibias__t10                   1.13263
xc1.xcore.vss__t108                3.43288e-06
xc1.xcore.vss__t391                7.70094e-14
xc1.xcore.vss__t13                 3.62166e-06
xc1.xcore.ibias__t23                   1.13263
xc1.xcore.tail__t239                   1.11981
xc1.xcore.vss__t392                8.12444e-14
xc1.xcore.tail__t137                   1.11981
xc1.xcore.ibias__t24                   1.13263
xc1.xcore.vss__t115                3.81158e-06
xc1.xcore.vss__t393                 8.5505e-14
xc1.xcore.vss__t14                 4.00247e-06
xc1.xcore.ibias__t25                   1.13263
xc1.xcore.tail__t240                   1.11981
xc1.xcore.vss__t394                8.97875e-14
xc1.xcore.tail__t138                   1.11981
xc1.xcore.ibias__t26                   1.13263
xc1.xcore.vss__t116                4.19421e-06
xc1.xcore.vss__t395                9.40889e-14
xc1.xcore.vss__t15                 4.38668e-06
xc1.xcore.ibias__t27                   1.13263
xc1.xcore.tail__t241                   1.11981
xc1.xcore.vss__t396                9.84067e-14
xc1.xcore.tail__t139                   1.11981
xc1.xcore.ibias__t28                   1.13263
xc1.xcore.vss__t117                4.57978e-06
xc1.xcore.vss__t397                1.02739e-13
xc1.xcore.vss__t16                 4.77345e-06
xc1.xcore.ibias__t29                   1.13263
xc1.xcore.tail__t242                   1.11981
xc1.xcore.vss__t398                1.07084e-13
xc1.xcore.tail__t140                   1.11981
xc1.xcore.ibias__t30                   1.13263
xc1.xcore.vss__t118                4.96762e-06
xc1.xcore.vss__t399                 1.1144e-13
xc1.xcore.vss__t21                 5.16222e-06
xc1.xcore.ibias__t41                   1.13263
xc1.xcore.tail__t247                   1.11981
xc1.xcore.vss__t400                1.15805e-13
xc1.xcore.tail__t142                   1.11981
xc1.xcore.ibias__t32                   1.13263
xc1.xcore.vss__t120                5.35722e-06
xc1.xcore.vss__t401                 1.2018e-13
xc1.xcore.vss__t17                 5.55257e-06
xc1.xcore.ibias__t33                   1.13263
xc1.xcore.tail__t243                   1.11981
xc1.xcore.vss__t402                1.24562e-13
xc1.xcore.tail__t143                   1.11981
xc1.xcore.ibias__t34                   1.13263
xc1.xcore.vss__t121                5.74823e-06
xc1.xcore.vss__t403                1.28952e-13
xc1.xcore.vss__t18                 5.94418e-06
xc1.xcore.ibias__t35                   1.13263
xc1.xcore.tail__t244                   1.11981
xc1.xcore.vss__t404                1.33348e-13
xc1.xcore.tail__t144                   1.11981
xc1.xcore.ibias__t36                   1.13263
xc1.xcore.vss__t122                6.14038e-06
xc1.xcore.vss__t405                1.37749e-13
xc1.xcore.vss__t19                 6.33681e-06
xc1.xcore.ibias__t37                   1.13263
xc1.xcore.tail__t245                   1.11981
xc1.xcore.vss__t406                1.42156e-13
xc1.xcore.tail__t145                   1.11981
xc1.xcore.ibias__t38                   1.13263
xc1.xcore.vss__t123                6.53346e-06
xc1.xcore.vss__t407                1.46568e-13
xc1.xcore.vss__t20                  6.7303e-06
xc1.xcore.ibias__t39                   1.13263
xc1.xcore.tail__t246                   1.11981
xc1.xcore.vss__t408                1.50984e-13
xc1.xcore.tail__t146                   1.11981
xc1.xcore.ibias__t40                   1.13263
xc1.xcore.vss__t124                6.92731e-06
xc1.xcore.vss__t409                1.55404e-13
xc1.xcore.vss__t8                  7.12449e-06
xc1.xcore.ibias__t12                   1.13263
xc1.xcore.tail__t234                   1.11981
xc1.xcore.vss__t410                1.59827e-13
xc1.xcore.tail__t135                   1.11981
xc1.xcore.ibias__t21                   1.13263
xc1.xcore.vss__t113                7.32182e-06
xc1.xcore.vss__t411                1.64254e-13
xc1.xcore.vss__t9                  7.51928e-06
xc1.xcore.ibias__t13                   1.13263
xc1.xcore.tail__t235                   1.11981
xc1.xcore.vss__t412                1.68684e-13
xc1.xcore.tail__t131                   1.11981
xc1.xcore.ibias__t14                   1.13263
xc1.xcore.vss__t109                7.71687e-06
xc1.xcore.vss__t413                1.73117e-13
xc1.xcore.vss__t10                 7.91458e-06
xc1.xcore.ibias__t15                   1.13263
xc1.xcore.tail__t236                   1.11981
xc1.xcore.vss__t414                1.77552e-13
xc1.xcore.tail__t134                   1.11981
xc1.xcore.ibias__t20                   1.13263
xc1.xcore.vss__t112                8.11239e-06
xc1.xcore.vss__t415                 1.8199e-13
xc1.xcore.vss__t12                 8.31031e-06
xc1.xcore.ibias__t19                   1.13263
xc1.xcore.tail__t238                   1.11981
xc1.xcore.vss__t416                 1.8643e-13
xc1.xcore.tail__t133                   1.11981
xc1.xcore.ibias__t18                   1.13263
xc1.xcore.vss__t111                8.50832e-06
xc1.xcore.vss__t417                1.90873e-13
xc1.xcore.vss__t11                 8.70641e-06
xc1.xcore.ibias__t17                   1.13263
xc1.xcore.tail__t237                   1.11981
xc1.xcore.vss__t418                1.95317e-13
xc1.xcore.tail__t132                   1.11981
xc1.xcore.ibias__t16                   1.13263
xc1.xcore.vss__t110                8.90459e-06
xc1.xcore.vss__t419                1.99763e-13
xc1.xcore.vss__t7                  9.10284e-06
xc1.xcore.ibias__t11                   1.13263
xc1.xcore.tail__t233                   1.11981
xc1.xcore.vss__t420                2.04211e-13
xc1.xcore.tail__t136                   1.11981
xc1.xcore.ibias__t22                   1.13263
xc1.xcore.vss__t114                9.30117e-06
xc1.xcore.vss__t421                 2.0866e-13
xc1.xcore.vss__t23                 9.49956e-06
xc1.xcore.ibias__t45                   1.13263
xc1.xcore.tail__t249                   1.11981
xc1.xcore.vss__t422                2.13111e-13
xc1.xcore.tail__t150                   1.11981
xc1.xcore.ibias__t46                   1.13263
xc1.xcore.vss__t127                9.69801e-06
xc1.xcore.vss__t423                2.17563e-13
xc1.xcore.vss__t24                 9.89652e-06
xc1.xcore.ibias__t47                   1.13263
xc1.xcore.tail__t250                   1.11981
xc1.xcore.vss__t424                2.22017e-13
xc1.xcore.tail__t151                   1.11981
xc1.xcore.ibias__t48                   1.13263
xc1.xcore.vss__t128                1.00951e-05
xc1.xcore.vss__t425                2.26472e-13
xc1.xcore.vss__t25                 1.02937e-05
xc1.xcore.ibias__t49                   1.13263
xc1.xcore.tail__t251                   1.11981
xc1.xcore.vss__t426                2.30928e-13
xc1.xcore.tail__t152                    1.1198
xc1.xcore.ibias__t50                   1.13263
xc1.xcore.vss__t129                1.04924e-05
xc1.xcore.vss__t427                2.35385e-13
xc1.xcore.vss__t32                 1.06911e-05
xc1.xcore.ibias__t61                   1.13263
xc1.xcore.tail__t258                    1.1198
xc1.xcore.vss__t428                2.39843e-13
xc1.xcore.tail__t153                    1.1198
xc1.xcore.ibias__t51                   1.13263
xc1.xcore.vss__t130                1.08898e-05
xc1.xcore.vss__t429                2.44302e-13
xc1.xcore.vss__t27                 1.10886e-05
xc1.xcore.ibias__t52                   1.13263
xc1.xcore.tail__t253                    1.1198
xc1.xcore.vss__t430                2.48762e-13
xc1.xcore.tail__t154                    1.1198
xc1.xcore.ibias__t53                   1.13263
xc1.xcore.vss__t131                1.12875e-05
xc1.xcore.vss__t431                2.53223e-13
xc1.xcore.vss__t28                 1.14864e-05
xc1.xcore.ibias__t54                   1.13263
xc1.xcore.tail__t254                    1.1198
xc1.xcore.vss__t432                2.57685e-13
xc1.xcore.tail__t155                    1.1198
xc1.xcore.ibias__t55                   1.13263
xc1.xcore.vss__t132                1.16853e-05
xc1.xcore.vss__t433                2.62148e-13
xc1.xcore.vss__t29                 1.18842e-05
xc1.xcore.ibias__t56                   1.13263
xc1.xcore.tail__t255                    1.1198
xc1.xcore.vss__t434                2.66611e-13
xc1.xcore.tail__t156                    1.1198
xc1.xcore.ibias__t57                   1.13263
xc1.xcore.vss__t133                1.20832e-05
xc1.xcore.vss__t435                2.71075e-13
xc1.xcore.vss__t30                 1.22822e-05
xc1.xcore.ibias__t58                   1.13263
xc1.xcore.tail__t256                    1.1198
xc1.xcore.vss__t436                 2.7554e-13
xc1.xcore.tail__t157                    1.1198
xc1.xcore.ibias__t59                   1.13263
xc1.xcore.vss__t134                1.24812e-05
xc1.xcore.vss__t437                2.80006e-13
xc1.xcore.vss__t31                 1.26803e-05
xc1.xcore.ibias__t60                   1.13263
xc1.xcore.tail__t257                    1.1198
xc1.xcore.vss__t438                2.84472e-13
xc1.xcore.tail__t211                    1.1198
xc1.xcore.ibias__t176                  1.13263
xc1.xcore.vss__t193                1.28794e-05
xc1.xcore.vss__t439                2.88938e-13
xc1.xcore.vss__t88                 1.30785e-05
xc1.xcore.ibias__t175                  1.13263
xc1.xcore.tail__t311                    1.1198
xc1.xcore.vss__t440                2.93406e-13
xc1.xcore.tail__t165                    1.1198
xc1.xcore.ibias__t79                   1.13263
xc1.xcore.vss__t142                1.32776e-05
xc1.xcore.vss__t441                2.97873e-13
xc1.xcore.vss__t43                 1.34768e-05
xc1.xcore.ibias__t80                   1.13263
xc1.xcore.tail__t269                    1.1198
xc1.xcore.vss__t442                3.02342e-13
xc1.xcore.tail__t166                    1.1198
xc1.xcore.ibias__t81                   1.13263
xc1.xcore.vss__t143                1.36759e-05
xc1.xcore.vss__t443                3.06811e-13
xc1.xcore.vss__t38                 1.38751e-05
xc1.xcore.ibias__t71                   1.13263
xc1.xcore.tail__t264                    1.1198
xc1.xcore.vss__t444                 3.1128e-13
xc1.xcore.tail__t147                    1.1198
xc1.xcore.ibias__t42                   1.13263
xc1.xcore.vss__t125                1.40744e-05
xc1.xcore.vss__t445                3.15749e-13
xc1.xcore.vss__t22                 1.42736e-05
xc1.xcore.ibias__t43                   1.13263
xc1.xcore.tail__t248                    1.1198
xc1.xcore.vss__t446                 3.2022e-13
xc1.xcore.tail__t148                    1.1198
xc1.xcore.ibias__t44                   1.13263
xc1.xcore.vss__t126                1.44729e-05
xc1.xcore.vss__t447                 3.2469e-13
xc1.xcore.vss__t0                  1.46721e-05
xc1.xcore.ibias__t1                    1.13263
xc1.xcore.tail__t149                    1.1198
xc1.xcore.vss__t456                3.29161e-13
xc1.xcore.tail__t229                   1.11976
xc1.xcore.ibias__t2                    1.13263
xc1.xcore.vss__t1                  2.51844e-05
xc1.xcore.vss__t458                5.65025e-13
xc1.xcore.vss__t189                2.49847e-05
xc1.xcore.ibias__t170                  1.13263
xc1.xcore.tail__t228                   1.11977
xc1.xcore.vss__t250                5.60544e-13
xc1.xcore.tail__t209                   1.11977
xc1.xcore.ibias__t169                  1.13263
xc1.xcore.vss__t188                2.47851e-05
xc1.xcore.vss__t251                5.56064e-13
xc1.xcore.vss__t86                 2.45854e-05
xc1.xcore.ibias__t168                  1.13263
xc1.xcore.tail__t309                   1.11977
xc1.xcore.vss__t252                5.51584e-13
xc1.xcore.tail__t208                   1.11977
xc1.xcore.ibias__t167                  1.13263
xc1.xcore.vss__t187                2.43858e-05
xc1.xcore.vss__t253                5.47104e-13
xc1.xcore.vss__t85                 2.41861e-05
xc1.xcore.ibias__t166                  1.13263
xc1.xcore.tail__t308                   1.11977
xc1.xcore.vss__t254                5.42624e-13
xc1.xcore.tail__t207                   1.11977
xc1.xcore.ibias__t165                  1.13263
xc1.xcore.vss__t186                2.39865e-05
xc1.xcore.vss__t255                5.38144e-13
xc1.xcore.vss__t84                 2.37868e-05
xc1.xcore.ibias__t164                  1.13263
xc1.xcore.tail__t307                   1.11977
xc1.xcore.vss__t256                5.33664e-13
xc1.xcore.tail__t210                   1.11977
xc1.xcore.ibias__t173                  1.13263
xc1.xcore.vss__t191                2.35872e-05
xc1.xcore.vss__t257                5.29185e-13
xc1.xcore.vss__t87                 2.33875e-05
xc1.xcore.ibias__t172                  1.13263
xc1.xcore.tail__t310                   1.11977
xc1.xcore.vss__t258                5.24705e-13
xc1.xcore.tail__t219                   1.11977
xc1.xcore.ibias__t195                  1.13263
xc1.xcore.vss__t201                2.31879e-05
xc1.xcore.vss__t259                5.20226e-13
xc1.xcore.vss__t99                 2.29883e-05
xc1.xcore.ibias__t194                  1.13263
xc1.xcore.tail__t321                   1.11977
xc1.xcore.vss__t260                5.15746e-13
xc1.xcore.tail__t227                   1.11977
xc1.xcore.ibias__t209                  1.13263
xc1.xcore.vss__t209                2.27886e-05
xc1.xcore.vss__t261                5.11267e-13
xc1.xcore.vss__t97                  2.2589e-05
xc1.xcore.ibias__t192                  1.13263
xc1.xcore.tail__t319                   1.11977
xc1.xcore.vss__t262                5.06788e-13
xc1.xcore.tail__t218                   1.11977
xc1.xcore.ibias__t191                  1.13263
xc1.xcore.vss__t200                2.23894e-05
xc1.xcore.vss__t263                5.02308e-13
xc1.xcore.vss__t96                 2.21898e-05
xc1.xcore.ibias__t190                  1.13263
xc1.xcore.tail__t318                   1.11977
xc1.xcore.vss__t264                4.97829e-13
xc1.xcore.tail__t217                   1.11977
xc1.xcore.ibias__t189                  1.13263
xc1.xcore.vss__t199                2.19901e-05
xc1.xcore.vss__t265                4.93351e-13
xc1.xcore.vss__t95                 2.17905e-05
xc1.xcore.ibias__t188                  1.13263
xc1.xcore.tail__t317                   1.11977
xc1.xcore.vss__t266                4.88872e-13
xc1.xcore.tail__t216                   1.11977
xc1.xcore.ibias__t187                  1.13263
xc1.xcore.vss__t198                2.15909e-05
xc1.xcore.vss__t267                4.84393e-13
xc1.xcore.vss__t94                 2.13913e-05
xc1.xcore.ibias__t186                  1.13263
xc1.xcore.tail__t316                   1.11977
xc1.xcore.vss__t268                4.79915e-13
xc1.xcore.tail__t215                   1.11977
xc1.xcore.ibias__t185                  1.13263
xc1.xcore.vss__t197                2.11917e-05
xc1.xcore.vss__t269                4.75436e-13
xc1.xcore.vss__t93                 2.09922e-05
xc1.xcore.ibias__t184                  1.13263
xc1.xcore.tail__t315                   1.11977
xc1.xcore.vss__t270                4.70958e-13
xc1.xcore.tail__t214                   1.11977
xc1.xcore.ibias__t183                  1.13263
xc1.xcore.vss__t196                2.07926e-05
xc1.xcore.vss__t271                 4.6648e-13
xc1.xcore.vss__t92                  2.0593e-05
xc1.xcore.ibias__t182                  1.13263
xc1.xcore.tail__t314                   1.11977
xc1.xcore.vss__t272                4.62002e-13
xc1.xcore.tail__t213                   1.11977
xc1.xcore.ibias__t181                  1.13263
xc1.xcore.vss__t195                2.03934e-05
xc1.xcore.vss__t273                4.57524e-13
xc1.xcore.vss__t91                 2.01939e-05
xc1.xcore.ibias__t180                  1.13263
xc1.xcore.tail__t313                   1.11977
xc1.xcore.vss__t274                4.53046e-13
xc1.xcore.tail__t212                   1.11977
xc1.xcore.ibias__t179                  1.13263
xc1.xcore.vss__t194                1.99943e-05
xc1.xcore.vss__t275                4.48568e-13
xc1.xcore.vss__t90                 1.97947e-05
xc1.xcore.ibias__t178                  1.13263
xc1.xcore.tail__t312                   1.11977
xc1.xcore.vss__t276                4.44091e-13
xc1.xcore.tail__t206                   1.11977
xc1.xcore.ibias__t161                  1.13263
xc1.xcore.vss__t184                1.95952e-05
xc1.xcore.vss__t277                4.39614e-13
xc1.xcore.vss__t57                 1.93957e-05
xc1.xcore.ibias__t112                  1.13263
xc1.xcore.tail__t283                   1.11977
xc1.xcore.vss__t278                4.35136e-13
xc1.xcore.tail__t183                   1.11977
xc1.xcore.ibias__t111                  1.13263
xc1.xcore.vss__t160                1.91961e-05
xc1.xcore.vss__t279                4.30659e-13
xc1.xcore.vss__t56                 1.89966e-05
xc1.xcore.ibias__t110                  1.13263
xc1.xcore.tail__t282                   1.11977
xc1.xcore.vss__t280                4.26183e-13
xc1.xcore.tail__t182                   1.11978
xc1.xcore.ibias__t109                  1.13263
xc1.xcore.vss__t159                1.87971e-05
xc1.xcore.vss__t281                4.21706e-13
xc1.xcore.vss__t55                 1.85976e-05
xc1.xcore.ibias__t108                  1.13263
xc1.xcore.tail__t281                   1.11978
xc1.xcore.vss__t282                 4.1723e-13
xc1.xcore.tail__t181                   1.11978
xc1.xcore.ibias__t107                  1.13263
xc1.xcore.vss__t158                1.83981e-05
xc1.xcore.vss__t283                4.12753e-13
xc1.xcore.vss__t54                 1.81986e-05
xc1.xcore.ibias__t106                  1.13263
xc1.xcore.tail__t280                   1.11978
xc1.xcore.vss__t284                4.08277e-13
xc1.xcore.tail__t180                   1.11978
xc1.xcore.ibias__t105                  1.13263
xc1.xcore.vss__t157                1.79991e-05
xc1.xcore.vss__t285                4.03801e-13
xc1.xcore.vss__t53                 1.77996e-05
xc1.xcore.ibias__t104                  1.13263
xc1.xcore.tail__t279                   1.11978
xc1.xcore.vss__t286                3.99326e-13
xc1.xcore.tail__t205                   1.11978
xc1.xcore.ibias__t156                  1.13263
xc1.xcore.vss__t182                1.76001e-05
xc1.xcore.vss__t287                 3.9485e-13
xc1.xcore.vss__t79                 1.74007e-05
xc1.xcore.ibias__t155                  1.13263
xc1.xcore.tail__t305                   1.11978
xc1.xcore.vss__t288                3.90375e-13
xc1.xcore.tail__t204                   1.11978
xc1.xcore.ibias__t154                  1.13263
xc1.xcore.vss__t181                1.72012e-05
xc1.xcore.vss__t289                  3.859e-13
xc1.xcore.vss__t78                 1.70018e-05
xc1.xcore.ibias__t153                  1.13263
xc1.xcore.tail__t304                   1.11978
xc1.xcore.vss__t290                3.81425e-13
xc1.xcore.tail__t203                   1.11978
xc1.xcore.ibias__t152                  1.13263
xc1.xcore.vss__t180                1.68023e-05
xc1.xcore.vss__t291                3.76951e-13
xc1.xcore.vss__t77                 1.66029e-05
xc1.xcore.ibias__t151                  1.13263
xc1.xcore.tail__t303                   1.11978
xc1.xcore.vss__t292                3.72476e-13
xc1.xcore.tail__t202                   1.11978
xc1.xcore.ibias__t150                  1.13263
xc1.xcore.vss__t179                1.64035e-05
xc1.xcore.vss__t293                3.68002e-13
xc1.xcore.vss__t76                 1.62041e-05
xc1.xcore.ibias__t149                  1.13263
xc1.xcore.tail__t302                   1.11978
xc1.xcore.vss__t294                3.63529e-13
xc1.xcore.tail__t201                   1.11978
xc1.xcore.ibias__t148                  1.13263
xc1.xcore.vss__t178                1.60047e-05
xc1.xcore.vss__t295                3.59055e-13
xc1.xcore.vss__t75                 1.58054e-05
xc1.xcore.ibias__t147                  1.13263
xc1.xcore.tail__t301                   1.11978
xc1.xcore.vss__t296                3.54582e-13
xc1.xcore.tail__t200                   1.11978
xc1.xcore.ibias__t146                  1.13263
xc1.xcore.vss__t177                 1.5606e-05
xc1.xcore.vss__t297                3.50109e-13
xc1.xcore.vss__t98                 1.54067e-05
xc1.xcore.ibias__t193                  1.13263
xc1.xcore.tail__t320                   1.11978
xc1.xcore.vss__t298                3.45637e-13
xc1.xcore.tail__t226                   1.11978
xc1.xcore.ibias__t208                  1.13263
xc1.xcore.vss__t208                1.52073e-05
xc1.xcore.vss__t299                3.41164e-13
xc1.xcore.vss__t105                 1.5008e-05
xc1.xcore.ibias__t207                  1.13263
xc1.xcore.tail__t327                   1.11978
xc1.xcore.vss__t300                3.36692e-13
xc1.xcore.tail__t225                   1.11978
xc1.xcore.ibias__t206                  1.13263
xc1.xcore.vss__t207                1.48087e-05
xc1.xcore.vss__t301                3.32221e-13
xc1.xcore.vss__t104                1.46094e-05
xc1.xcore.ibias__t205                  1.13263
xc1.xcore.tail__t326                   1.11978
xc1.xcore.vss__t302                 3.2775e-13
xc1.xcore.tail__t224                   1.11978
xc1.xcore.ibias__t204                  1.13263
xc1.xcore.vss__t206                1.44102e-05
xc1.xcore.vss__t303                3.23279e-13
xc1.xcore.vss__t103                1.42109e-05
xc1.xcore.ibias__t203                  1.13263
xc1.xcore.tail__t325                   1.11978
xc1.xcore.vss__t304                3.18809e-13
xc1.xcore.tail__t223                   1.11978
xc1.xcore.ibias__t202                  1.13263
xc1.xcore.vss__t205                1.40117e-05
xc1.xcore.vss__t305                3.14339e-13
xc1.xcore.vss__t102                1.38125e-05
xc1.xcore.ibias__t201                  1.13263
xc1.xcore.tail__t324                   1.11978
xc1.xcore.vss__t306                3.09869e-13
xc1.xcore.tail__t222                   1.11978
xc1.xcore.ibias__t200                  1.13263
xc1.xcore.vss__t204                1.36133e-05
xc1.xcore.vss__t307                  3.054e-13
xc1.xcore.vss__t101                1.34141e-05
xc1.xcore.ibias__t199                  1.13263
xc1.xcore.tail__t323                   1.11978
xc1.xcore.vss__t308                3.00932e-13
xc1.xcore.tail__t221                   1.11978
xc1.xcore.ibias__t198                  1.13263
xc1.xcore.vss__t203                 1.3215e-05
xc1.xcore.vss__t309                2.96464e-13
xc1.xcore.vss__t100                1.30158e-05
xc1.xcore.ibias__t197                  1.13263
xc1.xcore.tail__t322                   1.11978
xc1.xcore.vss__t310                2.91996e-13
xc1.xcore.tail__t220                   1.11978
xc1.xcore.ibias__t196                  1.13263
xc1.xcore.vss__t202                1.28167e-05
xc1.xcore.vss__t311                2.87529e-13
xc1.xcore.vss__t80                 1.26176e-05
xc1.xcore.ibias__t157                  1.13263
xc1.xcore.tail__t306                   1.11979
xc1.xcore.vss__t312                2.83063e-13
xc1.xcore.tail__t185                   1.11979
xc1.xcore.ibias__t116                  1.13263
xc1.xcore.vss__t162                1.24186e-05
xc1.xcore.vss__t313                2.78597e-13
xc1.xcore.vss__t59                 1.22196e-05
xc1.xcore.ibias__t115                  1.13263
xc1.xcore.tail__t285                   1.11979
xc1.xcore.vss__t314                2.74132e-13
xc1.xcore.tail__t184                   1.11979
xc1.xcore.ibias__t114                  1.13263
xc1.xcore.vss__t161                1.20206e-05
xc1.xcore.vss__t315                2.69667e-13
xc1.xcore.vss__t71                 1.18216e-05
xc1.xcore.ibias__t139                  1.13263
xc1.xcore.tail__t297                   1.11979
xc1.xcore.vss__t316                2.65203e-13
xc1.xcore.tail__t196                   1.11979
xc1.xcore.ibias__t138                  1.13263
xc1.xcore.vss__t173                1.16227e-05
xc1.xcore.vss__t317                 2.6074e-13
xc1.xcore.vss__t70                 1.14238e-05
xc1.xcore.ibias__t137                  1.13263
xc1.xcore.tail__t296                   1.11979
xc1.xcore.vss__t318                2.56278e-13
xc1.xcore.tail__t195                   1.11979
xc1.xcore.ibias__t136                  1.13263
xc1.xcore.vss__t172                1.12249e-05
xc1.xcore.vss__t319                2.51816e-13
xc1.xcore.vss__t69                 1.10261e-05
xc1.xcore.ibias__t135                  1.13263
xc1.xcore.tail__t295                   1.11979
xc1.xcore.vss__t320                2.47356e-13
xc1.xcore.tail__t194                   1.11979
xc1.xcore.ibias__t134                  1.13263
xc1.xcore.vss__t171                1.08273e-05
xc1.xcore.vss__t321                2.42896e-13
xc1.xcore.vss__t61                 1.06286e-05
xc1.xcore.ibias__t119                  1.13263
xc1.xcore.tail__t287                   1.11979
xc1.xcore.vss__t322                2.38437e-13
xc1.xcore.tail__t179                   1.11979
xc1.xcore.ibias__t103                  1.13263
xc1.xcore.vss__t156                1.04299e-05
xc1.xcore.vss__t323                2.33979e-13
xc1.xcore.vss__t48                 1.02312e-05
xc1.xcore.ibias__t92                   1.13263
xc1.xcore.tail__t274                   1.11979
xc1.xcore.vss__t324                2.29523e-13
xc1.xcore.tail__t178                   1.11979
xc1.xcore.ibias__t102                  1.13263
xc1.xcore.vss__t155                1.00326e-05
xc1.xcore.vss__t325                2.25067e-13
xc1.xcore.vss__t52                 9.83406e-06
xc1.xcore.ibias__t101                  1.13263
xc1.xcore.tail__t278                   1.11979
xc1.xcore.vss__t326                2.20613e-13
xc1.xcore.tail__t177                   1.11979
xc1.xcore.ibias__t100                  1.13263
xc1.xcore.vss__t154                9.63557e-06
xc1.xcore.vss__t327                2.16159e-13
xc1.xcore.vss__t51                 9.43714e-06
xc1.xcore.ibias__t99                   1.13263
xc1.xcore.tail__t277                   1.11979
xc1.xcore.vss__t328                2.11708e-13
xc1.xcore.tail__t176                   1.11979
xc1.xcore.ibias__t98                   1.13263
xc1.xcore.vss__t153                9.23877e-06
xc1.xcore.vss__t329                2.07257e-13
xc1.xcore.vss__t58                 9.04047e-06
xc1.xcore.ibias__t113                  1.13263
xc1.xcore.tail__t284                   1.11979
xc1.xcore.vss__t330                2.02808e-13
xc1.xcore.tail__t174                   1.11979
xc1.xcore.ibias__t96                   1.13263
xc1.xcore.vss__t151                8.84224e-06
xc1.xcore.vss__t331                1.98361e-13
xc1.xcore.vss__t50                 8.64408e-06
xc1.xcore.ibias__t95                   1.13263
xc1.xcore.tail__t276                   1.11979
xc1.xcore.vss__t332                1.93916e-13
xc1.xcore.tail__t173                   1.11979
xc1.xcore.ibias__t94                   1.13263
xc1.xcore.vss__t150                8.44602e-06
xc1.xcore.vss__t333                1.89472e-13
xc1.xcore.vss__t49                 8.24804e-06
xc1.xcore.ibias__t93                   1.13263
xc1.xcore.tail__t275                   1.11979
xc1.xcore.vss__t334                1.85031e-13
xc1.xcore.tail__t172                   1.11979
xc1.xcore.ibias__t91                   1.13263
xc1.xcore.vss__t149                8.05015e-06
xc1.xcore.vss__t335                1.80591e-13
xc1.xcore.vss__t47                 7.85237e-06
xc1.xcore.ibias__t90                   1.13263
xc1.xcore.tail__t273                   1.11979
xc1.xcore.vss__t336                1.76154e-13
xc1.xcore.tail__t171                   1.11979
xc1.xcore.ibias__t89                   1.13263
xc1.xcore.vss__t148                 7.6547e-06
xc1.xcore.vss__t337                 1.7172e-13
xc1.xcore.vss__t46                 7.45715e-06
xc1.xcore.ibias__t88                   1.13263
xc1.xcore.tail__t272                   1.11979
xc1.xcore.vss__t338                1.67288e-13
xc1.xcore.tail__t170                   1.11979
xc1.xcore.ibias__t87                   1.13263
xc1.xcore.vss__t147                7.25973e-06
xc1.xcore.vss__t339                1.62859e-13
xc1.xcore.vss__t45                 7.06245e-06
xc1.xcore.ibias__t86                   1.13263
xc1.xcore.tail__t271                   1.11979
xc1.xcore.vss__t340                1.58433e-13
xc1.xcore.tail__t169                   1.11979
xc1.xcore.ibias__t85                   1.13263
xc1.xcore.vss__t146                6.86532e-06
xc1.xcore.vss__t341                1.54011e-13
xc1.xcore.vss__t44                 6.66836e-06
xc1.xcore.ibias__t84                   1.13263
xc1.xcore.tail__t270                    1.1198
xc1.xcore.vss__t342                1.49592e-13
xc1.xcore.tail__t168                    1.1198
xc1.xcore.ibias__t83                   1.13263
xc1.xcore.vss__t145                6.47158e-06
xc1.xcore.vss__t343                1.45177e-13
xc1.xcore.vss__t66                   6.275e-06
xc1.xcore.ibias__t129                  1.13263
xc1.xcore.tail__t292                    1.1198
xc1.xcore.vss__t344                1.40767e-13
xc1.xcore.tail__t199                    1.1198
xc1.xcore.ibias__t144                  1.13263
xc1.xcore.vss__t176                6.07863e-06
xc1.xcore.vss__t345                1.36362e-13
xc1.xcore.vss__t73                 5.88251e-06
xc1.xcore.ibias__t143                  1.13263
xc1.xcore.tail__t299                    1.1198
xc1.xcore.vss__t346                1.31962e-13
xc1.xcore.tail__t198                    1.1198
xc1.xcore.ibias__t142                  1.13263
xc1.xcore.vss__t175                5.68665e-06
xc1.xcore.vss__t347                1.27568e-13
xc1.xcore.vss__t72                 5.49108e-06
xc1.xcore.ibias__t141                  1.13263
xc1.xcore.tail__t298                    1.1198
xc1.xcore.vss__t348                1.23181e-13
xc1.xcore.outp__t53                    2.80009
xc1.xcore.inp__t1                       2.5245
xc1.xcore.tail__t0                     1.11987
xc1.xcore.vss__t460                 4.2574e-11
xc1.xcore.tail__t119                   1.11987
xc1.xcore.inp__t53                      2.5245
xc1.xcore.outp__t52                    2.80009
xc1.xcore.vss__t462                 4.2976e-11
xc1.xcore.outp__t46                    2.80009
xc1.xcore.inp__t52                      2.5245
xc1.xcore.tail__t118                   1.11987
xc1.xcore.vss__t463                 4.3378e-11
xc1.xcore.tail__t58                    1.11987
xc1.xcore.inp__t61                      2.5245
xc1.xcore.outp__t82                    2.80009
xc1.xcore.vss__t464                  4.378e-11
xc1.xcore.outp__t30                    2.80009
xc1.xcore.inp__t24                      2.5245
xc1.xcore.tail__t98                    1.11987
xc1.xcore.vss__t465                4.41821e-11
xc1.xcore.tail__t38                    1.11987
xc1.xcore.inp__t23                      2.5245
xc1.xcore.outp__t64                    2.80009
xc1.xcore.vss__t466                4.45841e-11
xc1.xcore.outp__t29                    2.80008
xc1.xcore.inp__t22                      2.5245
xc1.xcore.tail__t97                    1.11988
xc1.xcore.vss__t467                4.49861e-11
xc1.xcore.tail__t37                    1.11988
xc1.xcore.inp__t21                      2.5245
xc1.xcore.outp__t63                    2.80008
xc1.xcore.vss__t468                 4.5388e-11
xc1.xcore.outp__t28                    2.80008
xc1.xcore.inp__t20                      2.5245
xc1.xcore.tail__t96                    1.11988
xc1.xcore.vss__t469                  4.579e-11
xc1.xcore.tail__t36                    1.11988
xc1.xcore.inp__t19                      2.5245
xc1.xcore.outp__t62                    2.80008
xc1.xcore.vss__t470                 4.6192e-11
xc1.xcore.outp__t27                    2.80008
xc1.xcore.inp__t18                      2.5245
xc1.xcore.tail__t95                    1.11988
xc1.xcore.vss__t471                 4.6594e-11
xc1.xcore.tail__t35                    1.11988
xc1.xcore.inp__t17                      2.5245
xc1.xcore.outp__t61                    2.80008
xc1.xcore.vss__t472                 4.6996e-11
xc1.xcore.outp__t26                    2.80007
xc1.xcore.inp__t16                      2.5245
xc1.xcore.tail__t94                    1.11988
xc1.xcore.vss__t473                4.73979e-11
xc1.xcore.tail__t33                    1.11988
xc1.xcore.inp__t15                      2.5245
xc1.xcore.outp__t60                    2.80007
xc1.xcore.vss__t474                4.77999e-11
xc1.xcore.outp__t47                    2.80007
xc1.xcore.inp__t54                      2.5245
xc1.xcore.tail__t120                   1.11988
xc1.xcore.vss__t475                4.82018e-11
xc1.xcore.tail__t54                    1.11988
xc1.xcore.inp__t55                      2.5245
xc1.xcore.outp__t78                    2.80007
xc1.xcore.vss__t476                4.86037e-11
xc1.xcore.outp__t51                    2.80007
xc1.xcore.inp__t63                      2.5245
xc1.xcore.tail__t126                   1.11988
xc1.xcore.vss__t477                4.90057e-11
xc1.xcore.tail__t57                    1.11988
xc1.xcore.inp__t60                      2.5245
xc1.xcore.outp__t81                    2.80007
xc1.xcore.vss__t478                4.94076e-11
xc1.xcore.outp__t49                    2.80007
xc1.xcore.inp__t59                      2.5245
xc1.xcore.tail__t122                   1.11988
xc1.xcore.vss__t479                4.98095e-11
xc1.xcore.tail__t56                    1.11989
xc1.xcore.inp__t58                      2.5245
xc1.xcore.outp__t80                    2.80006
xc1.xcore.vss__t480                5.02114e-11
xc1.xcore.outp__t48                    2.80006
xc1.xcore.inp__t57                      2.5245
xc1.xcore.tail__t121                   1.11989
xc1.xcore.vss__t481                5.06133e-11
xc1.xcore.tail__t55                    1.11989
xc1.xcore.inp__t56                      2.5245
xc1.xcore.outp__t79                    2.80006
xc1.xcore.vss__t482                5.10152e-11
xc1.xcore.outp__t24                    2.80006
xc1.xcore.inp__t11                      2.5245
xc1.xcore.tail__t92                    1.11989
xc1.xcore.vss__t483                 5.1417e-11
xc1.xcore.tail__t30                    1.11989
xc1.xcore.inp__t10                      2.5245
xc1.xcore.outp__t57                    2.80006
xc1.xcore.vss__t484                5.18189e-11
xc1.xcore.outp__t23                    2.80006
xc1.xcore.inp__t9                       2.5245
xc1.xcore.tail__t88                    1.11989
xc1.xcore.vss__t485                5.22207e-11
xc1.xcore.tail__t32                    1.11989
xc1.xcore.inp__t14                      2.5245
xc1.xcore.outp__t59                    2.80005
xc1.xcore.vss__t486                5.26226e-11
xc1.xcore.outp__t25                    2.80005
xc1.xcore.inp__t13                      2.5245
xc1.xcore.tail__t93                    1.11989
xc1.xcore.vss__t487                5.30244e-11
xc1.xcore.tail__t60                    1.11989
xc1.xcore.inp__t0                       2.5245
xc1.xcore.outp__t83                    2.80005
xc1.xcore.vss__t488                5.34262e-11
xc1.xcore.outp__t50                    2.80005
xc1.xcore.inp__t62                      2.5245
xc1.xcore.tail__t123                   1.11989
xc1.xcore.vss__t489                 5.3828e-11
xc1.xcore.tail__t42                    1.11989
xc1.xcore.inp__t29                      2.5245
xc1.xcore.outp__t67                    2.80005
xc1.xcore.vss__t490                5.42298e-11
xc1.xcore.outp__t32                    2.80005
xc1.xcore.inp__t28                      2.5245
xc1.xcore.tail__t102                   1.11989
xc1.xcore.vss__t491                5.46315e-11
xc1.xcore.tail__t41                    1.11989
xc1.xcore.inp__t27                      2.5245
xc1.xcore.outp__t66                    2.80004
xc1.xcore.vss__t492                5.50333e-11
xc1.xcore.outp__t31                    2.80004
xc1.xcore.inp__t26                      2.5245
xc1.xcore.tail__t101                    1.1199
xc1.xcore.vss__t493                 5.5435e-11
xc1.xcore.tail__t40                     1.1199
xc1.xcore.inp__t25                      2.5245
xc1.xcore.outp__t65                    2.80004
xc1.xcore.vss__t494                5.58368e-11
xc1.xcore.outp__t20                    2.80004
xc1.xcore.inp__t4                       2.5245
xc1.xcore.tail__t74                     1.1199
xc1.xcore.vss__t495                5.62385e-11
xc1.xcore.tail__t14                     1.1199
xc1.xcore.inp__t3                       2.5245
xc1.xcore.outp__t54                    2.80004
xc1.xcore.vss__t496                5.66402e-11
xc1.xcore.outp__t22                    2.80004
xc1.xcore.inp__t7                       2.5245
xc1.xcore.tail__t76                     1.1199
xc1.xcore.vss__t497                5.70419e-11
xc1.xcore.tail__t16                     1.1199
xc1.xcore.inp__t6                       2.5245
xc1.xcore.outp__t55                    2.80003
xc1.xcore.vss__t498                5.74436e-11
xc1.xcore.outp__t21                    2.80003
xc1.xcore.inp__t5                       2.5245
xc1.xcore.tail__t75                     1.1199
xc1.xcore.vss__t499                5.78452e-11
xc1.xcore.tail__t19                     1.1199
xc1.xcore.inp__t8                       2.5245
xc1.xcore.outp__t56                    2.80003
xc1.xcore.vss__t500                5.82469e-11
xc1.xcore.outp__t45                    2.80003
xc1.xcore.inp__t50                      2.5245
xc1.xcore.tail__t116                    1.1199
xc1.xcore.vss__t501                5.86485e-11
xc1.xcore.tail__t51                     1.1199
xc1.xcore.inp__t49                      2.5245
xc1.xcore.outp__t76                    2.80003
xc1.xcore.vss__t502                5.90501e-11
xc1.xcore.outp__t44                    2.80003
xc1.xcore.inp__t48                      2.5245
xc1.xcore.tail__t115                    1.1199
xc1.xcore.vss__t503                5.94518e-11
xc1.xcore.tail__t50                     1.1199
xc1.xcore.inp__t47                      2.5245
xc1.xcore.outp__t75                    2.80002
xc1.xcore.vss__t504                5.98533e-11
xc1.xcore.outp__t43                    2.80002
xc1.xcore.inp__t46                      2.5245
xc1.xcore.tail__t114                    1.1199
xc1.xcore.vss__t505                6.02549e-11
xc1.xcore.tail__t49                    1.11991
xc1.xcore.inp__t45                      2.5245
xc1.xcore.outp__t74                    2.80002
xc1.xcore.vss__t506                6.06565e-11
xc1.xcore.outp__t42                    2.80002
xc1.xcore.inp__t44                      2.5245
xc1.xcore.tail__t113                   1.11991
xc1.xcore.vss__t507                 6.1058e-11
xc1.xcore.tail__t48                    1.11991
xc1.xcore.inp__t43                      2.5245
xc1.xcore.outp__t73                    2.80002
xc1.xcore.vss__t508                6.14596e-11
xc1.xcore.outp__t41                    2.80002
xc1.xcore.inp__t42                      2.5245
xc1.xcore.tail__t112                   1.11991
xc1.xcore.vss__t509                6.18611e-11
xc1.xcore.tail__t47                    1.11991
xc1.xcore.inp__t41                      2.5245
xc1.xcore.outp__t72                    2.80002
xc1.xcore.vss__t510                6.22626e-11
xc1.xcore.outp__t40                    2.80001
xc1.xcore.inp__t40                      2.5245
xc1.xcore.tail__t111                   1.11991
xc1.xcore.vss__t511                6.26641e-11
xc1.xcore.tail__t46                    1.11991
xc1.xcore.inp__t39                      2.5245
xc1.xcore.outp__t71                    2.80001
xc1.xcore.vss__t512                6.30655e-11
xc1.xcore.outp__t39                    2.80001
xc1.xcore.inp__t38                      2.5245
xc1.xcore.tail__t110                   1.11991
xc1.xcore.vss__t513                 6.3467e-11
xc1.xcore.tail__t53                    1.11991
xc1.xcore.inp__t51                      2.5245
xc1.xcore.outp__t77                    2.80001
xc1.xcore.vss__t514                6.38684e-11
xc1.xcore.outp__t38                    2.80001
xc1.xcore.inp__t37                      2.5245
xc1.xcore.tail__t108                   1.11991
xc1.xcore.vss__t515                6.42698e-11
xc1.xcore.tail__t45                    1.11991
xc1.xcore.inp__t36                      2.5245
xc1.xcore.outp__t70                    2.80001
xc1.xcore.vss__t516                6.46712e-11
xc1.xcore.outp__t37                        2.8
xc1.xcore.inp__t35                      2.5245
xc1.xcore.tail__t107                   1.11991
xc1.xcore.vss__t517                6.50726e-11
xc1.xcore.tail__t44                    1.11991
xc1.xcore.inp__t34                      2.5245
xc1.xcore.outp__t69                        2.8
xc1.xcore.vss__t518                 6.5474e-11
xc1.xcore.outp__t36                        2.8
xc1.xcore.inp__t33                      2.5245
xc1.xcore.tail__t106                   1.11992
xc1.xcore.vss__t519                6.58754e-11
xc1.xcore.tail__t31                    1.11992
xc1.xcore.inp__t12                      2.5245
xc1.xcore.outp__t58                        2.8
xc1.xcore.vss__t520                6.62767e-11
xc1.xcore.outp__t35                        2.8
xc1.xcore.inp__t32                      2.5245
xc1.xcore.tail__t104                   1.11992
xc1.xcore.vss__t521                 6.6678e-11
xc1.xcore.tail__t43                    1.11992
xc1.xcore.inp__t31                      2.5245
xc1.xcore.outp__t68                        2.8
xc1.xcore.vss__t522                6.70793e-11
xc1.xcore.outp__t33                    2.79999
xc1.xcore.inp__t30                      2.5245
xc1.xcore.tail__t103                   1.11992
xc1.xcore.vss__t523                6.74806e-11
xc1.xcore.tail__t1                     1.11992
xc1.xcore.inp__t2                       2.5245
xc1.xcore.outp__t34                    2.79999
xc1.xcore.vss__t586                6.78819e-11
xc1.xcore.ibias__t215                   1.1299
xc1.xcore.ibias__t3                    1.13263
xc1.xcore.vss__t2                  2.51857e-05
xc1.xcore.vss__t459                 5.7016e-13
xc1.xcore.vss__t81                 2.49859e-05
xc1.xcore.ibias__t158                  1.13263
xc1.xcore.ibias__t216                  1.12993
xc1.xcore.vss__t448                 5.6565e-13
xc1.xcore.ibias__t213                  1.12996
xc1.xcore.ibias__t171                  1.13263
xc1.xcore.vss__t190                2.47861e-05
xc1.xcore.vss__t449                5.61141e-13
xc1.xcore.vss__t83                 2.45863e-05
xc1.xcore.ibias__t163                  1.13263
xc1.xcore.ibias__t218                  1.12999
xc1.xcore.vss__t450                5.56631e-13
xc1.xcore.ibias__t212                  1.13002
xc1.xcore.ibias__t162                  1.13263
xc1.xcore.vss__t185                2.43865e-05
xc1.xcore.vss__t451                5.52121e-13
xc1.xcore.vss__t89                 2.41867e-05
xc1.xcore.ibias__t177                  1.13263
xc1.xcore.ibias__t219                  1.13005
xc1.xcore.vss__t452                5.47611e-13
xc1.xcore.ibias__t211                  1.13008
xc1.xcore.ibias__t160                  1.13263
xc1.xcore.vss__t183                2.39869e-05
xc1.xcore.vss__t453                5.43101e-13
xc1.xcore.vss__t82                  2.3787e-05
xc1.xcore.ibias__t159                  1.13263
xc1.xcore.ibias__t217                  1.13011
xc1.xcore.vss__t454                 5.3859e-13
xc1.xcore.ibias__t214                  1.13014
xc1.xcore.ibias__t174                  1.13263
xc1.xcore.vss__t192                2.35872e-05
xc1.xcore.vss__t455                 5.3408e-13
xc1.xcore.vss__t3                  2.33874e-05
xc1.xcore.ibias__t4                    1.13263
xc1.xcore.ibias__t210                  1.13017
xc1.xcore.vss__t457                5.29569e-13
xc1.xcore.outn__t52                        3.3
xc1.xcore.inn__t1                       1.6335
xc1.xcore.tail__t3                     1.11981
xc1.xcore.vss__t461                1.43909e-12
xc1.xcore.tail__t62                    1.11981
xc1.xcore.inn__t58                      1.6335
xc1.xcore.outn__t81                        3.3
xc1.xcore.vss__t524                1.45274e-12
xc1.xcore.outn__t49                        3.3
xc1.xcore.inn__t59                      1.6335
xc1.xcore.tail__t124                   1.11981
xc1.xcore.vss__t525                 1.4664e-12
xc1.xcore.tail__t63                    1.11981
xc1.xcore.inn__t60                      1.6335
xc1.xcore.outn__t82                        3.3
xc1.xcore.vss__t526                1.48006e-12
xc1.xcore.outn__t50                        3.3
xc1.xcore.inn__t61                      1.6335
xc1.xcore.tail__t125                   1.11981
xc1.xcore.vss__t527                1.49372e-12
xc1.xcore.tail__t64                    1.11981
xc1.xcore.inn__t62                      1.6335
xc1.xcore.outn__t83                        3.3
xc1.xcore.vss__t528                1.50737e-12
xc1.xcore.outn__t46                        3.3
xc1.xcore.inn__t52                      1.6335
xc1.xcore.tail__t105                   1.11981
xc1.xcore.vss__t529                1.52103e-12
xc1.xcore.tail__t15                    1.11981
xc1.xcore.inn__t21                      1.6335
xc1.xcore.outn__t63                        3.3
xc1.xcore.vss__t530                1.53469e-12
xc1.xcore.outn__t45                        3.3
xc1.xcore.inn__t51                      1.6335
xc1.xcore.tail__t100                   1.11981
xc1.xcore.vss__t531                1.54835e-12
xc1.xcore.tail__t34                    1.11981
xc1.xcore.inn__t48                      1.6335
xc1.xcore.outn__t76                        3.3
xc1.xcore.vss__t532                1.56201e-12
xc1.xcore.outn__t44                        3.3
xc1.xcore.inn__t50                      1.6335
xc1.xcore.tail__t99                    1.11981
xc1.xcore.vss__t533                1.57567e-12
xc1.xcore.tail__t61                    1.11981
xc1.xcore.inn__t57                      1.6335
xc1.xcore.outn__t80                        3.3
xc1.xcore.vss__t534                1.58933e-12
xc1.xcore.outn__t40                        3.3
xc1.xcore.inn__t42                      1.6335
xc1.xcore.tail__t87                    1.11981
xc1.xcore.vss__t535                1.60299e-12
xc1.xcore.tail__t27                    1.11981
xc1.xcore.inn__t41                      1.6335
xc1.xcore.outn__t73                        3.3
xc1.xcore.vss__t536                1.61665e-12
xc1.xcore.outn__t39                        3.3
xc1.xcore.inn__t40                      1.6335
xc1.xcore.tail__t86                    1.11981
xc1.xcore.vss__t537                1.63031e-12
xc1.xcore.tail__t26                    1.11981
xc1.xcore.inn__t39                      1.6335
xc1.xcore.outn__t72                        3.3
xc1.xcore.vss__t538                1.64397e-12
xc1.xcore.outn__t38                        3.3
xc1.xcore.inn__t38                      1.6335
xc1.xcore.tail__t85                    1.11981
xc1.xcore.vss__t539                1.65763e-12
xc1.xcore.tail__t25                    1.11981
xc1.xcore.inn__t37                      1.6335
xc1.xcore.outn__t71                        3.3
xc1.xcore.vss__t540                1.67129e-12
xc1.xcore.outn__t47                        3.3
xc1.xcore.inn__t53                      1.6335
xc1.xcore.tail__t109                   1.11981
xc1.xcore.vss__t541                1.68496e-12
xc1.xcore.tail__t52                    1.11981
xc1.xcore.inn__t55                      1.6335
xc1.xcore.outn__t78                        3.3
xc1.xcore.vss__t542                1.69862e-12
xc1.xcore.outn__t48                        3.3
xc1.xcore.inn__t54                      1.6335
xc1.xcore.tail__t117                   1.11981
xc1.xcore.vss__t543                1.71228e-12
xc1.xcore.tail__t39                    1.11981
xc1.xcore.inn__t49                      1.6335
xc1.xcore.outn__t77                        3.3
xc1.xcore.vss__t544                1.72594e-12
xc1.xcore.outn__t41                        3.3
xc1.xcore.inn__t43                      1.6335
xc1.xcore.tail__t89                    1.11981
xc1.xcore.vss__t545                1.73961e-12
xc1.xcore.tail__t29                    1.11981
xc1.xcore.inn__t47                      1.6335
xc1.xcore.outn__t75                        3.3
xc1.xcore.vss__t546                1.75327e-12
xc1.xcore.outn__t43                        3.3
xc1.xcore.inn__t46                      1.6335
xc1.xcore.tail__t91                    1.11981
xc1.xcore.vss__t547                1.76693e-12
xc1.xcore.tail__t28                    1.11981
xc1.xcore.inn__t45                      1.6335
xc1.xcore.outn__t74                        3.3
xc1.xcore.vss__t548                 1.7806e-12
xc1.xcore.outn__t42                        3.3
xc1.xcore.inn__t44                      1.6335
xc1.xcore.tail__t90                    1.11981
xc1.xcore.vss__t549                1.79426e-12
xc1.xcore.tail__t59                    1.11981
xc1.xcore.inn__t56                      1.6335
xc1.xcore.outn__t79                        3.3
xc1.xcore.vss__t550                1.80793e-12
xc1.xcore.outn__t51                        3.3
xc1.xcore.inn__t63                      1.6335
xc1.xcore.tail__t127                   1.11981
xc1.xcore.vss__t551                1.82159e-12
xc1.xcore.tail__t13                    1.11981
xc1.xcore.inn__t19                      1.6335
xc1.xcore.outn__t62                        3.3
xc1.xcore.vss__t552                1.83525e-12
xc1.xcore.outn__t28                        3.3
xc1.xcore.inn__t18                      1.6335
xc1.xcore.tail__t72                    1.11981
xc1.xcore.vss__t553                1.84892e-12
xc1.xcore.tail__t12                    1.11981
xc1.xcore.inn__t17                      1.6335
xc1.xcore.outn__t61                        3.3
xc1.xcore.vss__t554                1.86258e-12
xc1.xcore.outn__t27                        3.3
xc1.xcore.inn__t16                      1.6335
xc1.xcore.tail__t71                    1.11981
xc1.xcore.vss__t555                1.87625e-12
xc1.xcore.tail__t11                    1.11981
xc1.xcore.inn__t15                      1.6335
xc1.xcore.outn__t60                        3.3
xc1.xcore.vss__t556                1.88991e-12
xc1.xcore.outn__t26                        3.3
xc1.xcore.inn__t14                      1.6335
xc1.xcore.tail__t70                    1.11981
xc1.xcore.vss__t557                1.90358e-12
xc1.xcore.tail__t10                    1.11981
xc1.xcore.inn__t13                      1.6335
xc1.xcore.outn__t59                        3.3
xc1.xcore.vss__t558                1.91724e-12
xc1.xcore.outn__t25                        3.3
xc1.xcore.inn__t12                      1.6335
xc1.xcore.tail__t69                    1.11981
xc1.xcore.vss__t559                1.93091e-12
xc1.xcore.tail__t6                     1.11981
xc1.xcore.inn__t5                       1.6335
xc1.xcore.outn__t55                        3.3
xc1.xcore.vss__t560                1.94458e-12
xc1.xcore.outn__t24                        3.3
xc1.xcore.inn__t11                      1.6335
xc1.xcore.tail__t68                    1.11981
xc1.xcore.vss__t561                1.95824e-12
xc1.xcore.tail__t4                     1.11981
xc1.xcore.inn__t2                       1.6335
xc1.xcore.outn__t53                        3.3
xc1.xcore.vss__t562                1.97191e-12
xc1.xcore.outn__t21                        3.3
xc1.xcore.inn__t3                       1.6335
xc1.xcore.tail__t65                    1.11981
xc1.xcore.vss__t563                1.98558e-12
xc1.xcore.tail__t5                     1.11981
xc1.xcore.inn__t4                       1.6335
xc1.xcore.outn__t54                        3.3
xc1.xcore.vss__t564                1.99924e-12
xc1.xcore.outn__t22                        3.3
xc1.xcore.inn__t6                       1.6335
xc1.xcore.tail__t66                    1.11981
xc1.xcore.vss__t565                2.01291e-12
xc1.xcore.tail__t7                     1.11981
xc1.xcore.inn__t7                       1.6335
xc1.xcore.outn__t56                        3.3
xc1.xcore.vss__t566                2.02658e-12
xc1.xcore.outn__t23                        3.3
xc1.xcore.inn__t8                       1.6335
xc1.xcore.tail__t67                    1.11981
xc1.xcore.vss__t567                2.04024e-12
xc1.xcore.tail__t8                     1.11981
xc1.xcore.inn__t9                       1.6335
xc1.xcore.outn__t57                        3.3
xc1.xcore.vss__t568                2.05391e-12
xc1.xcore.outn__t29                        3.3
xc1.xcore.inn__t20                      1.6335
xc1.xcore.tail__t73                    1.11981
xc1.xcore.vss__t569                2.06758e-12
xc1.xcore.tail__t9                     1.11981
xc1.xcore.inn__t10                      1.6335
xc1.xcore.outn__t58                        3.3
xc1.xcore.vss__t570                2.08124e-12
xc1.xcore.outn__t36                        3.3
xc1.xcore.inn__t35                      1.6335
xc1.xcore.tail__t83                    1.11981
xc1.xcore.vss__t571                2.09491e-12
xc1.xcore.tail__t24                    1.11981
xc1.xcore.inn__t34                      1.6335
xc1.xcore.outn__t70                        3.3
xc1.xcore.vss__t572                2.10858e-12
xc1.xcore.outn__t35                        3.3
xc1.xcore.inn__t33                      1.6335
xc1.xcore.tail__t82                    1.11981
xc1.xcore.vss__t573                2.12225e-12
xc1.xcore.tail__t23                    1.11981
xc1.xcore.inn__t32                      1.6335
xc1.xcore.outn__t69                        3.3
xc1.xcore.vss__t574                2.13592e-12
xc1.xcore.outn__t34                        3.3
xc1.xcore.inn__t31                      1.6335
xc1.xcore.tail__t81                    1.11981
xc1.xcore.vss__t575                2.14958e-12
xc1.xcore.tail__t22                    1.11981
xc1.xcore.inn__t30                      1.6335
xc1.xcore.outn__t68                        3.3
xc1.xcore.vss__t576                2.16325e-12
xc1.xcore.outn__t33                        3.3
xc1.xcore.inn__t29                      1.6335
xc1.xcore.tail__t80                    1.11981
xc1.xcore.vss__t577                2.17692e-12
xc1.xcore.tail__t21                    1.11981
xc1.xcore.inn__t28                      1.6335
xc1.xcore.outn__t67                        3.3
xc1.xcore.vss__t578                2.19059e-12
xc1.xcore.outn__t32                        3.3
xc1.xcore.inn__t27                      1.6335
xc1.xcore.tail__t79                    1.11981
xc1.xcore.vss__t579                2.20426e-12
xc1.xcore.tail__t20                    1.11981
xc1.xcore.inn__t26                      1.6335
xc1.xcore.outn__t66                        3.3
xc1.xcore.vss__t580                2.21793e-12
xc1.xcore.outn__t37                        3.3
xc1.xcore.inn__t36                      1.6335
xc1.xcore.tail__t84                    1.11981
xc1.xcore.vss__t581                2.23159e-12
xc1.xcore.tail__t18                    1.11981
xc1.xcore.inn__t25                      1.6335
xc1.xcore.outn__t65                        3.3
xc1.xcore.vss__t582                2.24526e-12
xc1.xcore.outn__t31                        3.3
xc1.xcore.inn__t24                      1.6335
xc1.xcore.tail__t78                    1.11981
xc1.xcore.vss__t583                2.25893e-12
xc1.xcore.tail__t17                    1.11981
xc1.xcore.inn__t23                      1.6335
xc1.xcore.outn__t64                        3.3
xc1.xcore.vss__t584                 2.2726e-12
xc1.xcore.outn__t30                        3.3
xc1.xcore.inn__t22                      1.6335
xc1.xcore.tail__t77                    1.11981
xc1.xcore.vss__t585                2.28627e-12
xc1.xcore.tail__t2                     1.11981
xc1.xcore.inn__t0                       1.6335
xc1.xcore.outn__t20                        3.3
xc1.xcore.vss__t587                2.29994e-12
xc1.xcore.vss__t210                2.60738e-12
xc1.xcore.outp__t16                     2.8002
xc1.xcore.vss__t211                2.57673e-12
xc1.xcore.outp__t17                     2.8002
xc1.xcore.vss__t212                2.54611e-12
xc1.xcore.outp__t18                     2.8002
xc1.xcore.vss__t213                2.51552e-12
xc1.xcore.outp__t19                     2.8002
xc1.xcore.vss__t214                2.48495e-12
xc1.xcore.outp__t0                      2.8002
xc1.xcore.vss__t215                 2.4544e-12
xc1.xcore.outp__t1                      2.8002
xc1.xcore.vss__t216                2.42389e-12
xc1.xcore.outp__t2                      2.8002
xc1.xcore.vss__t217                 2.3934e-12
xc1.xcore.outp__t3                      2.8002
xc1.xcore.vss__t218                2.36295e-12
xc1.xcore.outp__t4                      2.8002
xc1.xcore.vss__t219                2.33253e-12
xc1.xcore.outp__t15                     2.8002
xc1.xcore.vss__t220                2.30214e-12
xc1.xcore.outp__t6                      2.8002
xc1.xcore.vss__t221                2.27179e-12
xc1.xcore.outp__t7                      2.8002
xc1.xcore.vss__t222                2.24147e-12
xc1.xcore.outp__t8                      2.8002
xc1.xcore.vss__t223                2.21119e-12
xc1.xcore.outp__t9                      2.8002
xc1.xcore.vss__t224                2.18095e-12
xc1.xcore.outp__t10                     2.8002
xc1.xcore.vss__t225                2.15075e-12
xc1.xcore.outp__t11                     2.8002
xc1.xcore.vss__t226                2.12059e-12
xc1.xcore.outp__t12                     2.8002
xc1.xcore.vss__t227                2.09048e-12
xc1.xcore.outp__t13                     2.8002
xc1.xcore.vss__t228                2.06041e-12
xc1.xcore.outp__t14                     2.8002
xc1.xcore.vss__t229                 2.0304e-12
xc1.xcore.outp__t5                      2.8002
xc1.xcore.vss__t230                2.18457e-12
xc1.xcore.outn__t0                         3.3
xc1.xcore.vss__t231                2.21955e-12
xc1.xcore.outn__t5                         3.3
xc1.xcore.vss__t232                 2.2546e-12
xc1.xcore.outn__t6                         3.3
xc1.xcore.vss__t233                2.28973e-12
xc1.xcore.outn__t7                         3.3
xc1.xcore.vss__t234                2.32492e-12
xc1.xcore.outn__t8                         3.3
xc1.xcore.vss__t235                2.36018e-12
xc1.xcore.outn__t9                         3.3
xc1.xcore.vss__t236                 2.3955e-12
xc1.xcore.outn__t10                        3.3
xc1.xcore.vss__t237                2.43089e-12
xc1.xcore.outn__t11                        3.3
xc1.xcore.vss__t238                2.46632e-12
xc1.xcore.outn__t12                        3.3
xc1.xcore.vss__t239                2.50182e-12
xc1.xcore.outn__t13                        3.3
xc1.xcore.vss__t240                2.53736e-12
xc1.xcore.outn__t14                        3.3
xc1.xcore.vss__t241                2.57295e-12
xc1.xcore.outn__t15                        3.3
xc1.xcore.vss__t242                2.60859e-12
xc1.xcore.outn__t16                        3.3
xc1.xcore.vss__t243                2.64428e-12
xc1.xcore.outn__t17                        3.3
xc1.xcore.vss__t244                2.68001e-12
xc1.xcore.outn__t19                        3.3
xc1.xcore.vss__t245                2.71579e-12
xc1.xcore.outn__t18                        3.3
xc1.xcore.vss__t246                 2.7516e-12
xc1.xcore.outn__t1                         3.3
xc1.xcore.vss__t247                2.78746e-12
xc1.xcore.outn__t2                         3.3
xc1.xcore.vss__t248                2.82335e-12
xc1.xcore.outn__t3                         3.3
xc1.xcore.vss__t249                2.85928e-12
xc1.xcore.outn__t4                         3.3
ib_c1                                  1.13263
xc1.xcore.vsubs                              0
outn_c1                                    3.3
outp_c1                                 2.8002
xc1.tail                               1.11981
vd_c1                                 0.499798
xc2.xcore.tail__t186                    1.1198
xc2.xcore.ibias__t118                  1.13263
xc2.xcore.vss__t163                5.29584e-06
xc2.xcore.vss__t349                1.18801e-13
xc2.xcore.vss__t60                 5.10096e-06
xc2.xcore.ibias__t117                  1.13263
xc2.xcore.tail__t286                    1.1198
xc2.xcore.vss__t350                1.14429e-13
xc2.xcore.tail__t197                    1.1198
xc2.xcore.ibias__t140                  1.13263
xc2.xcore.vss__t174                4.90649e-06
xc2.xcore.vss__t351                1.10067e-13
xc2.xcore.vss__t68                 4.71247e-06
xc2.xcore.ibias__t133                  1.13263
xc2.xcore.tail__t294                    1.1198
xc2.xcore.vss__t352                1.05714e-13
xc2.xcore.tail__t193                    1.1198
xc2.xcore.ibias__t132                  1.13263
xc2.xcore.vss__t170                4.51897e-06
xc2.xcore.vss__t353                1.01373e-13
xc2.xcore.vss__t67                 4.32606e-06
xc2.xcore.ibias__t131                  1.13263
xc2.xcore.tail__t293                    1.1198
xc2.xcore.vss__t354                9.70456e-14
xc2.xcore.tail__t192                    1.1198
xc2.xcore.ibias__t130                  1.13263
xc2.xcore.vss__t169                4.13381e-06
xc2.xcore.vss__t355                9.27329e-14
xc2.xcore.vss__t74                 3.94233e-06
xc2.xcore.ibias__t145                  1.13263
xc2.xcore.tail__t300                    1.1198
xc2.xcore.vss__t356                8.84372e-14
xc2.xcore.tail__t191                    1.1198
xc2.xcore.ibias__t128                  1.13263
xc2.xcore.vss__t168                3.75172e-06
xc2.xcore.vss__t357                8.41614e-14
xc2.xcore.vss__t65                 3.56214e-06
xc2.xcore.ibias__t127                  1.13263
xc2.xcore.tail__t291                    1.1198
xc2.xcore.vss__t358                7.99085e-14
xc2.xcore.tail__t190                    1.1198
xc2.xcore.ibias__t126                  1.13263
xc2.xcore.vss__t167                3.37376e-06
xc2.xcore.vss__t359                7.56824e-14
xc2.xcore.vss__t64                 3.18678e-06
xc2.xcore.ibias__t125                  1.13263
xc2.xcore.tail__t290                    1.1198
xc2.xcore.vss__t360                 7.1488e-14
xc2.xcore.tail__t189                    1.1198
xc2.xcore.ibias__t124                  1.13263
xc2.xcore.vss__t166                3.00147e-06
xc2.xcore.vss__t361                 6.7331e-14
xc2.xcore.vss__t63                 2.81817e-06
xc2.xcore.ibias__t123                  1.13263
xc2.xcore.tail__t289                    1.1198
xc2.xcore.vss__t362                6.32189e-14
xc2.xcore.tail__t188                    1.1198
xc2.xcore.ibias__t122                  1.13263
xc2.xcore.vss__t165                2.63728e-06
xc2.xcore.vss__t363                 5.9161e-14
xc2.xcore.vss__t62                 2.45934e-06
xc2.xcore.ibias__t121                  1.13263
xc2.xcore.tail__t288                    1.1198
xc2.xcore.vss__t364                5.51694e-14
xc2.xcore.tail__t187                    1.1198
xc2.xcore.ibias__t120                  1.13263
xc2.xcore.vss__t164                2.28505e-06
xc2.xcore.vss__t365                5.12594e-14
xc2.xcore.vss__t26                 2.11529e-06
xc2.xcore.ibias__t0                    1.13263
xc2.xcore.tail__t252                    1.1198
xc2.xcore.vss__t366                4.74513e-14
xc2.xcore.tail__t175                    1.1198
xc2.xcore.ibias__t97                   1.13263
xc2.xcore.vss__t152                1.95126e-06
xc2.xcore.vss__t367                4.37717e-14
xc2.xcore.vss__t42                 1.79453e-06
xc2.xcore.ibias__t78                   1.13263
xc2.xcore.tail__t268                    1.1198
xc2.xcore.vss__t368                4.02559e-14
xc2.xcore.tail__t164                    1.1198
xc2.xcore.ibias__t77                   1.13263
xc2.xcore.vss__t141                1.64719e-06
xc2.xcore.vss__t369                3.69505e-14
xc2.xcore.vss__t37                 1.51197e-06
xc2.xcore.ibias__t70                   1.13263
xc2.xcore.tail__t263                    1.1198
xc2.xcore.vss__t370                3.39172e-14
xc2.xcore.tail__t167                    1.1198
xc2.xcore.ibias__t82                   1.13263
xc2.xcore.vss__t144                1.39242e-06
xc2.xcore.vss__t371                3.12354e-14
xc2.xcore.vss__t39                 1.29289e-06
xc2.xcore.ibias__t72                   1.13263
xc2.xcore.tail__t265                    1.1198
xc2.xcore.vss__t372                2.90027e-14
xc2.xcore.tail__t162                   1.11981
xc2.xcore.ibias__t73                   1.13263
xc2.xcore.vss__t139                 1.2183e-06
xc2.xcore.vss__t373                2.73295e-14
xc2.xcore.vss__t40                 1.17341e-06
xc2.xcore.ibias__t74                   1.13263
xc2.xcore.tail__t266                   1.11981
xc2.xcore.vss__t374                2.63225e-14
xc2.xcore.tail__t163                   1.11981
xc2.xcore.ibias__t75                   1.13263
xc2.xcore.vss__t140                1.16168e-06
xc2.xcore.vss__t375                2.60593e-14
xc2.xcore.vss__t41                 1.18408e-06
xc2.xcore.ibias__t76                   1.13263
xc2.xcore.tail__t267                   1.11981
xc2.xcore.vss__t376                2.65619e-14
xc2.xcore.tail__t129                   1.11981
xc2.xcore.ibias__t9                    1.13263
xc2.xcore.vss__t107                1.23877e-06
xc2.xcore.vss__t377                2.77887e-14
xc2.xcore.vss__t6                  1.32175e-06
xc2.xcore.ibias__t8                    1.13263
xc2.xcore.tail__t232                   1.11981
xc2.xcore.vss__t378                2.96501e-14
xc2.xcore.tail__t128                   1.11981
xc2.xcore.ibias__t7                    1.13263
xc2.xcore.vss__t106                1.42809e-06
xc2.xcore.vss__t379                3.20356e-14
xc2.xcore.vss__t5                    1.553e-06
xc2.xcore.ibias__t6                    1.13263
xc2.xcore.tail__t231                   1.11981
xc2.xcore.vss__t380                3.48377e-14
xc2.xcore.tail__t141                   1.11981
xc2.xcore.ibias__t31                   1.13263
xc2.xcore.vss__t119                1.69237e-06
xc2.xcore.vss__t381                3.79642e-14
xc2.xcore.vss__t4                  1.84293e-06
xc2.xcore.ibias__t5                    1.13263
xc2.xcore.tail__t230                   1.11981
xc2.xcore.vss__t382                4.13417e-14
xc2.xcore.tail__t158                   1.11981
xc2.xcore.ibias__t62                   1.13263
xc2.xcore.vss__t135                2.00215e-06
xc2.xcore.vss__t383                4.49136e-14
xc2.xcore.vss__t33                 2.16813e-06
xc2.xcore.ibias__t63                   1.13263
xc2.xcore.tail__t259                   1.11981
xc2.xcore.vss__t384                 4.8637e-14
xc2.xcore.tail__t159                   1.11981
xc2.xcore.ibias__t64                   1.13263
xc2.xcore.vss__t136                2.33943e-06
xc2.xcore.vss__t385                5.24797e-14
xc2.xcore.vss__t34                 2.51496e-06
xc2.xcore.ibias__t65                   1.13263
xc2.xcore.tail__t260                   1.11981
xc2.xcore.vss__t386                5.64173e-14
xc2.xcore.tail__t160                   1.11981
xc2.xcore.ibias__t66                   1.13263
xc2.xcore.vss__t137                2.69389e-06
xc2.xcore.vss__t387                6.04314e-14
xc2.xcore.vss__t35                 2.87559e-06
xc2.xcore.ibias__t67                   1.13263
xc2.xcore.tail__t261                   1.11981
xc2.xcore.vss__t388                6.45075e-14
xc2.xcore.tail__t161                   1.11981
xc2.xcore.ibias__t68                   1.13263
xc2.xcore.vss__t138                3.05957e-06
xc2.xcore.vss__t389                6.86347e-14
xc2.xcore.vss__t36                 3.24543e-06
xc2.xcore.ibias__t69                   1.13263
xc2.xcore.tail__t262                   1.11981
xc2.xcore.vss__t390                7.28043e-14
xc2.xcore.tail__t130                   1.11981
xc2.xcore.ibias__t10                   1.13263
xc2.xcore.vss__t108                3.43288e-06
xc2.xcore.vss__t391                7.70094e-14
xc2.xcore.vss__t13                 3.62166e-06
xc2.xcore.ibias__t23                   1.13263
xc2.xcore.tail__t239                   1.11981
xc2.xcore.vss__t392                8.12444e-14
xc2.xcore.tail__t137                   1.11981
xc2.xcore.ibias__t24                   1.13263
xc2.xcore.vss__t115                3.81158e-06
xc2.xcore.vss__t393                 8.5505e-14
xc2.xcore.vss__t14                 4.00247e-06
xc2.xcore.ibias__t25                   1.13263
xc2.xcore.tail__t240                   1.11981
xc2.xcore.vss__t394                8.97875e-14
xc2.xcore.tail__t138                   1.11981
xc2.xcore.ibias__t26                   1.13263
xc2.xcore.vss__t116                4.19421e-06
xc2.xcore.vss__t395                9.40889e-14
xc2.xcore.vss__t15                 4.38668e-06
xc2.xcore.ibias__t27                   1.13263
xc2.xcore.tail__t241                   1.11981
xc2.xcore.vss__t396                9.84067e-14
xc2.xcore.tail__t139                   1.11981
xc2.xcore.ibias__t28                   1.13263
xc2.xcore.vss__t117                4.57978e-06
xc2.xcore.vss__t397                1.02739e-13
xc2.xcore.vss__t16                 4.77345e-06
xc2.xcore.ibias__t29                   1.13263
xc2.xcore.tail__t242                   1.11981
xc2.xcore.vss__t398                1.07084e-13
xc2.xcore.tail__t140                   1.11981
xc2.xcore.ibias__t30                   1.13263
xc2.xcore.vss__t118                4.96762e-06
xc2.xcore.vss__t399                 1.1144e-13
xc2.xcore.vss__t21                 5.16222e-06
xc2.xcore.ibias__t41                   1.13263
xc2.xcore.tail__t247                   1.11981
xc2.xcore.vss__t400                1.15805e-13
xc2.xcore.tail__t142                   1.11981
xc2.xcore.ibias__t32                   1.13263
xc2.xcore.vss__t120                5.35722e-06
xc2.xcore.vss__t401                 1.2018e-13
xc2.xcore.vss__t17                 5.55257e-06
xc2.xcore.ibias__t33                   1.13263
xc2.xcore.tail__t243                   1.11981
xc2.xcore.vss__t402                1.24562e-13
xc2.xcore.tail__t143                   1.11981
xc2.xcore.ibias__t34                   1.13263
xc2.xcore.vss__t121                5.74823e-06
xc2.xcore.vss__t403                1.28952e-13
xc2.xcore.vss__t18                 5.94418e-06
xc2.xcore.ibias__t35                   1.13263
xc2.xcore.tail__t244                   1.11981
xc2.xcore.vss__t404                1.33348e-13
xc2.xcore.tail__t144                   1.11981
xc2.xcore.ibias__t36                   1.13263
xc2.xcore.vss__t122                6.14038e-06
xc2.xcore.vss__t405                1.37749e-13
xc2.xcore.vss__t19                 6.33681e-06
xc2.xcore.ibias__t37                   1.13263
xc2.xcore.tail__t245                   1.11981
xc2.xcore.vss__t406                1.42156e-13
xc2.xcore.tail__t145                   1.11981
xc2.xcore.ibias__t38                   1.13263
xc2.xcore.vss__t123                6.53346e-06
xc2.xcore.vss__t407                1.46568e-13
xc2.xcore.vss__t20                  6.7303e-06
xc2.xcore.ibias__t39                   1.13263
xc2.xcore.tail__t246                   1.11981
xc2.xcore.vss__t408                1.50984e-13
xc2.xcore.tail__t146                   1.11981
xc2.xcore.ibias__t40                   1.13263
xc2.xcore.vss__t124                6.92731e-06
xc2.xcore.vss__t409                1.55404e-13
xc2.xcore.vss__t8                  7.12449e-06
xc2.xcore.ibias__t12                   1.13263
xc2.xcore.tail__t234                   1.11981
xc2.xcore.vss__t410                1.59827e-13
xc2.xcore.tail__t135                   1.11981
xc2.xcore.ibias__t21                   1.13263
xc2.xcore.vss__t113                7.32182e-06
xc2.xcore.vss__t411                1.64254e-13
xc2.xcore.vss__t9                  7.51928e-06
xc2.xcore.ibias__t13                   1.13263
xc2.xcore.tail__t235                   1.11981
xc2.xcore.vss__t412                1.68684e-13
xc2.xcore.tail__t131                   1.11981
xc2.xcore.ibias__t14                   1.13263
xc2.xcore.vss__t109                7.71687e-06
xc2.xcore.vss__t413                1.73117e-13
xc2.xcore.vss__t10                 7.91458e-06
xc2.xcore.ibias__t15                   1.13263
xc2.xcore.tail__t236                   1.11981
xc2.xcore.vss__t414                1.77552e-13
xc2.xcore.tail__t134                   1.11981
xc2.xcore.ibias__t20                   1.13263
xc2.xcore.vss__t112                8.11239e-06
xc2.xcore.vss__t415                 1.8199e-13
xc2.xcore.vss__t12                 8.31031e-06
xc2.xcore.ibias__t19                   1.13263
xc2.xcore.tail__t238                   1.11981
xc2.xcore.vss__t416                 1.8643e-13
xc2.xcore.tail__t133                   1.11981
xc2.xcore.ibias__t18                   1.13263
xc2.xcore.vss__t111                8.50832e-06
xc2.xcore.vss__t417                1.90873e-13
xc2.xcore.vss__t11                 8.70641e-06
xc2.xcore.ibias__t17                   1.13263
xc2.xcore.tail__t237                   1.11981
xc2.xcore.vss__t418                1.95317e-13
xc2.xcore.tail__t132                   1.11981
xc2.xcore.ibias__t16                   1.13263
xc2.xcore.vss__t110                8.90459e-06
xc2.xcore.vss__t419                1.99763e-13
xc2.xcore.vss__t7                  9.10284e-06
xc2.xcore.ibias__t11                   1.13263
xc2.xcore.tail__t233                   1.11981
xc2.xcore.vss__t420                2.04211e-13
xc2.xcore.tail__t136                   1.11981
xc2.xcore.ibias__t22                   1.13263
xc2.xcore.vss__t114                9.30117e-06
xc2.xcore.vss__t421                 2.0866e-13
xc2.xcore.vss__t23                 9.49956e-06
xc2.xcore.ibias__t45                   1.13263
xc2.xcore.tail__t249                   1.11981
xc2.xcore.vss__t422                2.13111e-13
xc2.xcore.tail__t150                   1.11981
xc2.xcore.ibias__t46                   1.13263
xc2.xcore.vss__t127                9.69801e-06
xc2.xcore.vss__t423                2.17563e-13
xc2.xcore.vss__t24                 9.89652e-06
xc2.xcore.ibias__t47                   1.13263
xc2.xcore.tail__t250                   1.11981
xc2.xcore.vss__t424                2.22017e-13
xc2.xcore.tail__t151                   1.11981
xc2.xcore.ibias__t48                   1.13263
xc2.xcore.vss__t128                1.00951e-05
xc2.xcore.vss__t425                2.26472e-13
xc2.xcore.vss__t25                 1.02937e-05
xc2.xcore.ibias__t49                   1.13263
xc2.xcore.tail__t251                   1.11981
xc2.xcore.vss__t426                2.30928e-13
xc2.xcore.tail__t152                    1.1198
xc2.xcore.ibias__t50                   1.13263
xc2.xcore.vss__t129                1.04924e-05
xc2.xcore.vss__t427                2.35385e-13
xc2.xcore.vss__t32                 1.06911e-05
xc2.xcore.ibias__t61                   1.13263
xc2.xcore.tail__t258                    1.1198
xc2.xcore.vss__t428                2.39843e-13
xc2.xcore.tail__t153                    1.1198
xc2.xcore.ibias__t51                   1.13263
xc2.xcore.vss__t130                1.08898e-05
xc2.xcore.vss__t429                2.44302e-13
xc2.xcore.vss__t27                 1.10886e-05
xc2.xcore.ibias__t52                   1.13263
xc2.xcore.tail__t253                    1.1198
xc2.xcore.vss__t430                2.48762e-13
xc2.xcore.tail__t154                    1.1198
xc2.xcore.ibias__t53                   1.13263
xc2.xcore.vss__t131                1.12875e-05
xc2.xcore.vss__t431                2.53223e-13
xc2.xcore.vss__t28                 1.14864e-05
xc2.xcore.ibias__t54                   1.13263
xc2.xcore.tail__t254                    1.1198
xc2.xcore.vss__t432                2.57685e-13
xc2.xcore.tail__t155                    1.1198
xc2.xcore.ibias__t55                   1.13263
xc2.xcore.vss__t132                1.16853e-05
xc2.xcore.vss__t433                2.62148e-13
xc2.xcore.vss__t29                 1.18842e-05
xc2.xcore.ibias__t56                   1.13263
xc2.xcore.tail__t255                    1.1198
xc2.xcore.vss__t434                2.66611e-13
xc2.xcore.tail__t156                    1.1198
xc2.xcore.ibias__t57                   1.13263
xc2.xcore.vss__t133                1.20832e-05
xc2.xcore.vss__t435                2.71075e-13
xc2.xcore.vss__t30                 1.22822e-05
xc2.xcore.ibias__t58                   1.13263
xc2.xcore.tail__t256                    1.1198
xc2.xcore.vss__t436                 2.7554e-13
xc2.xcore.tail__t157                    1.1198
xc2.xcore.ibias__t59                   1.13263
xc2.xcore.vss__t134                1.24812e-05
xc2.xcore.vss__t437                2.80006e-13
xc2.xcore.vss__t31                 1.26803e-05
xc2.xcore.ibias__t60                   1.13263
xc2.xcore.tail__t257                    1.1198
xc2.xcore.vss__t438                2.84472e-13
xc2.xcore.tail__t211                    1.1198
xc2.xcore.ibias__t176                  1.13263
xc2.xcore.vss__t193                1.28794e-05
xc2.xcore.vss__t439                2.88938e-13
xc2.xcore.vss__t88                 1.30785e-05
xc2.xcore.ibias__t175                  1.13263
xc2.xcore.tail__t311                    1.1198
xc2.xcore.vss__t440                2.93406e-13
xc2.xcore.tail__t165                    1.1198
xc2.xcore.ibias__t79                   1.13263
xc2.xcore.vss__t142                1.32776e-05
xc2.xcore.vss__t441                2.97873e-13
xc2.xcore.vss__t43                 1.34768e-05
xc2.xcore.ibias__t80                   1.13263
xc2.xcore.tail__t269                    1.1198
xc2.xcore.vss__t442                3.02342e-13
xc2.xcore.tail__t166                    1.1198
xc2.xcore.ibias__t81                   1.13263
xc2.xcore.vss__t143                1.36759e-05
xc2.xcore.vss__t443                3.06811e-13
xc2.xcore.vss__t38                 1.38751e-05
xc2.xcore.ibias__t71                   1.13263
xc2.xcore.tail__t264                    1.1198
xc2.xcore.vss__t444                 3.1128e-13
xc2.xcore.tail__t147                    1.1198
xc2.xcore.ibias__t42                   1.13263
xc2.xcore.vss__t125                1.40744e-05
xc2.xcore.vss__t445                3.15749e-13
xc2.xcore.vss__t22                 1.42736e-05
xc2.xcore.ibias__t43                   1.13263
xc2.xcore.tail__t248                    1.1198
xc2.xcore.vss__t446                 3.2022e-13
xc2.xcore.tail__t148                    1.1198
xc2.xcore.ibias__t44                   1.13263
xc2.xcore.vss__t126                1.44729e-05
xc2.xcore.vss__t447                 3.2469e-13
xc2.xcore.vss__t0                  1.46721e-05
xc2.xcore.ibias__t1                    1.13263
xc2.xcore.tail__t149                    1.1198
xc2.xcore.vss__t456                3.29161e-13
xc2.xcore.tail__t229                   1.11976
xc2.xcore.ibias__t2                    1.13263
xc2.xcore.vss__t1                  2.51844e-05
xc2.xcore.vss__t458                5.65025e-13
xc2.xcore.vss__t189                2.49847e-05
xc2.xcore.ibias__t170                  1.13263
xc2.xcore.tail__t228                   1.11977
xc2.xcore.vss__t250                5.60544e-13
xc2.xcore.tail__t209                   1.11977
xc2.xcore.ibias__t169                  1.13263
xc2.xcore.vss__t188                2.47851e-05
xc2.xcore.vss__t251                5.56064e-13
xc2.xcore.vss__t86                 2.45854e-05
xc2.xcore.ibias__t168                  1.13263
xc2.xcore.tail__t309                   1.11977
xc2.xcore.vss__t252                5.51584e-13
xc2.xcore.tail__t208                   1.11977
xc2.xcore.ibias__t167                  1.13263
xc2.xcore.vss__t187                2.43858e-05
xc2.xcore.vss__t253                5.47104e-13
xc2.xcore.vss__t85                 2.41861e-05
xc2.xcore.ibias__t166                  1.13263
xc2.xcore.tail__t308                   1.11977
xc2.xcore.vss__t254                5.42624e-13
xc2.xcore.tail__t207                   1.11977
xc2.xcore.ibias__t165                  1.13263
xc2.xcore.vss__t186                2.39865e-05
xc2.xcore.vss__t255                5.38144e-13
xc2.xcore.vss__t84                 2.37868e-05
xc2.xcore.ibias__t164                  1.13263
xc2.xcore.tail__t307                   1.11977
xc2.xcore.vss__t256                5.33664e-13
xc2.xcore.tail__t210                   1.11977
xc2.xcore.ibias__t173                  1.13263
xc2.xcore.vss__t191                2.35872e-05
xc2.xcore.vss__t257                5.29185e-13
xc2.xcore.vss__t87                 2.33875e-05
xc2.xcore.ibias__t172                  1.13263
xc2.xcore.tail__t310                   1.11977
xc2.xcore.vss__t258                5.24705e-13
xc2.xcore.tail__t219                   1.11977
xc2.xcore.ibias__t195                  1.13263
xc2.xcore.vss__t201                2.31879e-05
xc2.xcore.vss__t259                5.20226e-13
xc2.xcore.vss__t99                 2.29883e-05
xc2.xcore.ibias__t194                  1.13263
xc2.xcore.tail__t321                   1.11977
xc2.xcore.vss__t260                5.15746e-13
xc2.xcore.tail__t227                   1.11977
xc2.xcore.ibias__t209                  1.13263
xc2.xcore.vss__t209                2.27886e-05
xc2.xcore.vss__t261                5.11267e-13
xc2.xcore.vss__t97                  2.2589e-05
xc2.xcore.ibias__t192                  1.13263
xc2.xcore.tail__t319                   1.11977
xc2.xcore.vss__t262                5.06788e-13
xc2.xcore.tail__t218                   1.11977
xc2.xcore.ibias__t191                  1.13263
xc2.xcore.vss__t200                2.23894e-05
xc2.xcore.vss__t263                5.02308e-13
xc2.xcore.vss__t96                 2.21898e-05
xc2.xcore.ibias__t190                  1.13263
xc2.xcore.tail__t318                   1.11977
xc2.xcore.vss__t264                4.97829e-13
xc2.xcore.tail__t217                   1.11977
xc2.xcore.ibias__t189                  1.13263
xc2.xcore.vss__t199                2.19901e-05
xc2.xcore.vss__t265                4.93351e-13
xc2.xcore.vss__t95                 2.17905e-05
xc2.xcore.ibias__t188                  1.13263
xc2.xcore.tail__t317                   1.11977
xc2.xcore.vss__t266                4.88872e-13
xc2.xcore.tail__t216                   1.11977
xc2.xcore.ibias__t187                  1.13263
xc2.xcore.vss__t198                2.15909e-05
xc2.xcore.vss__t267                4.84393e-13
xc2.xcore.vss__t94                 2.13913e-05
xc2.xcore.ibias__t186                  1.13263
xc2.xcore.tail__t316                   1.11977
xc2.xcore.vss__t268                4.79915e-13
xc2.xcore.tail__t215                   1.11977
xc2.xcore.ibias__t185                  1.13263
xc2.xcore.vss__t197                2.11917e-05
xc2.xcore.vss__t269                4.75436e-13
xc2.xcore.vss__t93                 2.09922e-05
xc2.xcore.ibias__t184                  1.13263
xc2.xcore.tail__t315                   1.11977
xc2.xcore.vss__t270                4.70958e-13
xc2.xcore.tail__t214                   1.11977
xc2.xcore.ibias__t183                  1.13263
xc2.xcore.vss__t196                2.07926e-05
xc2.xcore.vss__t271                 4.6648e-13
xc2.xcore.vss__t92                  2.0593e-05
xc2.xcore.ibias__t182                  1.13263
xc2.xcore.tail__t314                   1.11977
xc2.xcore.vss__t272                4.62002e-13
xc2.xcore.tail__t213                   1.11977
xc2.xcore.ibias__t181                  1.13263
xc2.xcore.vss__t195                2.03934e-05
xc2.xcore.vss__t273                4.57524e-13
xc2.xcore.vss__t91                 2.01939e-05
xc2.xcore.ibias__t180                  1.13263
xc2.xcore.tail__t313                   1.11977
xc2.xcore.vss__t274                4.53046e-13
xc2.xcore.tail__t212                   1.11977
xc2.xcore.ibias__t179                  1.13263
xc2.xcore.vss__t194                1.99943e-05
xc2.xcore.vss__t275                4.48568e-13
xc2.xcore.vss__t90                 1.97947e-05
xc2.xcore.ibias__t178                  1.13263
xc2.xcore.tail__t312                   1.11977
xc2.xcore.vss__t276                4.44091e-13
xc2.xcore.tail__t206                   1.11977
xc2.xcore.ibias__t161                  1.13263
xc2.xcore.vss__t184                1.95952e-05
xc2.xcore.vss__t277                4.39614e-13
xc2.xcore.vss__t57                 1.93957e-05
xc2.xcore.ibias__t112                  1.13263
xc2.xcore.tail__t283                   1.11977
xc2.xcore.vss__t278                4.35136e-13
xc2.xcore.tail__t183                   1.11977
xc2.xcore.ibias__t111                  1.13263
xc2.xcore.vss__t160                1.91961e-05
xc2.xcore.vss__t279                4.30659e-13
xc2.xcore.vss__t56                 1.89966e-05
xc2.xcore.ibias__t110                  1.13263
xc2.xcore.tail__t282                   1.11977
xc2.xcore.vss__t280                4.26183e-13
xc2.xcore.tail__t182                   1.11978
xc2.xcore.ibias__t109                  1.13263
xc2.xcore.vss__t159                1.87971e-05
xc2.xcore.vss__t281                4.21706e-13
xc2.xcore.vss__t55                 1.85976e-05
xc2.xcore.ibias__t108                  1.13263
xc2.xcore.tail__t281                   1.11978
xc2.xcore.vss__t282                 4.1723e-13
xc2.xcore.tail__t181                   1.11978
xc2.xcore.ibias__t107                  1.13263
xc2.xcore.vss__t158                1.83981e-05
xc2.xcore.vss__t283                4.12753e-13
xc2.xcore.vss__t54                 1.81986e-05
xc2.xcore.ibias__t106                  1.13263
xc2.xcore.tail__t280                   1.11978
xc2.xcore.vss__t284                4.08277e-13
xc2.xcore.tail__t180                   1.11978
xc2.xcore.ibias__t105                  1.13263
xc2.xcore.vss__t157                1.79991e-05
xc2.xcore.vss__t285                4.03801e-13
xc2.xcore.vss__t53                 1.77996e-05
xc2.xcore.ibias__t104                  1.13263
xc2.xcore.tail__t279                   1.11978
xc2.xcore.vss__t286                3.99326e-13
xc2.xcore.tail__t205                   1.11978
xc2.xcore.ibias__t156                  1.13263
xc2.xcore.vss__t182                1.76001e-05
xc2.xcore.vss__t287                 3.9485e-13
xc2.xcore.vss__t79                 1.74007e-05
xc2.xcore.ibias__t155                  1.13263
xc2.xcore.tail__t305                   1.11978
xc2.xcore.vss__t288                3.90375e-13
xc2.xcore.tail__t204                   1.11978
xc2.xcore.ibias__t154                  1.13263
xc2.xcore.vss__t181                1.72012e-05
xc2.xcore.vss__t289                  3.859e-13
xc2.xcore.vss__t78                 1.70018e-05
xc2.xcore.ibias__t153                  1.13263
xc2.xcore.tail__t304                   1.11978
xc2.xcore.vss__t290                3.81425e-13
xc2.xcore.tail__t203                   1.11978
xc2.xcore.ibias__t152                  1.13263
xc2.xcore.vss__t180                1.68023e-05
xc2.xcore.vss__t291                3.76951e-13
xc2.xcore.vss__t77                 1.66029e-05
xc2.xcore.ibias__t151                  1.13263
xc2.xcore.tail__t303                   1.11978
xc2.xcore.vss__t292                3.72476e-13
xc2.xcore.tail__t202                   1.11978
xc2.xcore.ibias__t150                  1.13263
xc2.xcore.vss__t179                1.64035e-05
xc2.xcore.vss__t293                3.68002e-13
xc2.xcore.vss__t76                 1.62041e-05
xc2.xcore.ibias__t149                  1.13263
xc2.xcore.tail__t302                   1.11978
xc2.xcore.vss__t294                3.63529e-13
xc2.xcore.tail__t201                   1.11978
xc2.xcore.ibias__t148                  1.13263
xc2.xcore.vss__t178                1.60047e-05
xc2.xcore.vss__t295                3.59055e-13
xc2.xcore.vss__t75                 1.58054e-05
xc2.xcore.ibias__t147                  1.13263
xc2.xcore.tail__t301                   1.11978
xc2.xcore.vss__t296                3.54582e-13
xc2.xcore.tail__t200                   1.11978
xc2.xcore.ibias__t146                  1.13263
xc2.xcore.vss__t177                 1.5606e-05
xc2.xcore.vss__t297                3.50109e-13
xc2.xcore.vss__t98                 1.54067e-05
xc2.xcore.ibias__t193                  1.13263
xc2.xcore.tail__t320                   1.11978
xc2.xcore.vss__t298                3.45637e-13
xc2.xcore.tail__t226                   1.11978
xc2.xcore.ibias__t208                  1.13263
xc2.xcore.vss__t208                1.52073e-05
xc2.xcore.vss__t299                3.41164e-13
xc2.xcore.vss__t105                 1.5008e-05
xc2.xcore.ibias__t207                  1.13263
xc2.xcore.tail__t327                   1.11978
xc2.xcore.vss__t300                3.36692e-13
xc2.xcore.tail__t225                   1.11978
xc2.xcore.ibias__t206                  1.13263
xc2.xcore.vss__t207                1.48087e-05
xc2.xcore.vss__t301                3.32221e-13
xc2.xcore.vss__t104                1.46094e-05
xc2.xcore.ibias__t205                  1.13263
xc2.xcore.tail__t326                   1.11978
xc2.xcore.vss__t302                 3.2775e-13
xc2.xcore.tail__t224                   1.11978
xc2.xcore.ibias__t204                  1.13263
xc2.xcore.vss__t206                1.44102e-05
xc2.xcore.vss__t303                3.23279e-13
xc2.xcore.vss__t103                1.42109e-05
xc2.xcore.ibias__t203                  1.13263
xc2.xcore.tail__t325                   1.11978
xc2.xcore.vss__t304                3.18809e-13
xc2.xcore.tail__t223                   1.11978
xc2.xcore.ibias__t202                  1.13263
xc2.xcore.vss__t205                1.40117e-05
xc2.xcore.vss__t305                3.14339e-13
xc2.xcore.vss__t102                1.38125e-05
xc2.xcore.ibias__t201                  1.13263
xc2.xcore.tail__t324                   1.11978
xc2.xcore.vss__t306                3.09869e-13
xc2.xcore.tail__t222                   1.11978
xc2.xcore.ibias__t200                  1.13263
xc2.xcore.vss__t204                1.36133e-05
xc2.xcore.vss__t307                  3.054e-13
xc2.xcore.vss__t101                1.34141e-05
xc2.xcore.ibias__t199                  1.13263
xc2.xcore.tail__t323                   1.11978
xc2.xcore.vss__t308                3.00932e-13
xc2.xcore.tail__t221                   1.11978
xc2.xcore.ibias__t198                  1.13263
xc2.xcore.vss__t203                 1.3215e-05
xc2.xcore.vss__t309                2.96464e-13
xc2.xcore.vss__t100                1.30158e-05
xc2.xcore.ibias__t197                  1.13263
xc2.xcore.tail__t322                   1.11978
xc2.xcore.vss__t310                2.91996e-13
xc2.xcore.tail__t220                   1.11978
xc2.xcore.ibias__t196                  1.13263
xc2.xcore.vss__t202                1.28167e-05
xc2.xcore.vss__t311                2.87529e-13
xc2.xcore.vss__t80                 1.26176e-05
xc2.xcore.ibias__t157                  1.13263
xc2.xcore.tail__t306                   1.11979
xc2.xcore.vss__t312                2.83063e-13
xc2.xcore.tail__t185                   1.11979
xc2.xcore.ibias__t116                  1.13263
xc2.xcore.vss__t162                1.24186e-05
xc2.xcore.vss__t313                2.78597e-13
xc2.xcore.vss__t59                 1.22196e-05
xc2.xcore.ibias__t115                  1.13263
xc2.xcore.tail__t285                   1.11979
xc2.xcore.vss__t314                2.74132e-13
xc2.xcore.tail__t184                   1.11979
xc2.xcore.ibias__t114                  1.13263
xc2.xcore.vss__t161                1.20206e-05
xc2.xcore.vss__t315                2.69667e-13
xc2.xcore.vss__t71                 1.18216e-05
xc2.xcore.ibias__t139                  1.13263
xc2.xcore.tail__t297                   1.11979
xc2.xcore.vss__t316                2.65203e-13
xc2.xcore.tail__t196                   1.11979
xc2.xcore.ibias__t138                  1.13263
xc2.xcore.vss__t173                1.16227e-05
xc2.xcore.vss__t317                 2.6074e-13
xc2.xcore.vss__t70                 1.14238e-05
xc2.xcore.ibias__t137                  1.13263
xc2.xcore.tail__t296                   1.11979
xc2.xcore.vss__t318                2.56278e-13
xc2.xcore.tail__t195                   1.11979
xc2.xcore.ibias__t136                  1.13263
xc2.xcore.vss__t172                1.12249e-05
xc2.xcore.vss__t319                2.51816e-13
xc2.xcore.vss__t69                 1.10261e-05
xc2.xcore.ibias__t135                  1.13263
xc2.xcore.tail__t295                   1.11979
xc2.xcore.vss__t320                2.47356e-13
xc2.xcore.tail__t194                   1.11979
xc2.xcore.ibias__t134                  1.13263
xc2.xcore.vss__t171                1.08273e-05
xc2.xcore.vss__t321                2.42896e-13
xc2.xcore.vss__t61                 1.06286e-05
xc2.xcore.ibias__t119                  1.13263
xc2.xcore.tail__t287                   1.11979
xc2.xcore.vss__t322                2.38437e-13
xc2.xcore.tail__t179                   1.11979
xc2.xcore.ibias__t103                  1.13263
xc2.xcore.vss__t156                1.04299e-05
xc2.xcore.vss__t323                2.33979e-13
xc2.xcore.vss__t48                 1.02312e-05
xc2.xcore.ibias__t92                   1.13263
xc2.xcore.tail__t274                   1.11979
xc2.xcore.vss__t324                2.29523e-13
xc2.xcore.tail__t178                   1.11979
xc2.xcore.ibias__t102                  1.13263
xc2.xcore.vss__t155                1.00326e-05
xc2.xcore.vss__t325                2.25067e-13
xc2.xcore.vss__t52                 9.83406e-06
xc2.xcore.ibias__t101                  1.13263
xc2.xcore.tail__t278                   1.11979
xc2.xcore.vss__t326                2.20613e-13
xc2.xcore.tail__t177                   1.11979
xc2.xcore.ibias__t100                  1.13263
xc2.xcore.vss__t154                9.63557e-06
xc2.xcore.vss__t327                2.16159e-13
xc2.xcore.vss__t51                 9.43714e-06
xc2.xcore.ibias__t99                   1.13263
xc2.xcore.tail__t277                   1.11979
xc2.xcore.vss__t328                2.11708e-13
xc2.xcore.tail__t176                   1.11979
xc2.xcore.ibias__t98                   1.13263
xc2.xcore.vss__t153                9.23877e-06
xc2.xcore.vss__t329                2.07257e-13
xc2.xcore.vss__t58                 9.04047e-06
xc2.xcore.ibias__t113                  1.13263
xc2.xcore.tail__t284                   1.11979
xc2.xcore.vss__t330                2.02808e-13
xc2.xcore.tail__t174                   1.11979
xc2.xcore.ibias__t96                   1.13263
xc2.xcore.vss__t151                8.84224e-06
xc2.xcore.vss__t331                1.98361e-13
xc2.xcore.vss__t50                 8.64408e-06
xc2.xcore.ibias__t95                   1.13263
xc2.xcore.tail__t276                   1.11979
xc2.xcore.vss__t332                1.93916e-13
xc2.xcore.tail__t173                   1.11979
xc2.xcore.ibias__t94                   1.13263
xc2.xcore.vss__t150                8.44602e-06
xc2.xcore.vss__t333                1.89472e-13
xc2.xcore.vss__t49                 8.24804e-06
xc2.xcore.ibias__t93                   1.13263
xc2.xcore.tail__t275                   1.11979
xc2.xcore.vss__t334                1.85031e-13
xc2.xcore.tail__t172                   1.11979
xc2.xcore.ibias__t91                   1.13263
xc2.xcore.vss__t149                8.05015e-06
xc2.xcore.vss__t335                1.80591e-13
xc2.xcore.vss__t47                 7.85237e-06
xc2.xcore.ibias__t90                   1.13263
xc2.xcore.tail__t273                   1.11979
xc2.xcore.vss__t336                1.76154e-13
xc2.xcore.tail__t171                   1.11979
xc2.xcore.ibias__t89                   1.13263
xc2.xcore.vss__t148                 7.6547e-06
xc2.xcore.vss__t337                 1.7172e-13
xc2.xcore.vss__t46                 7.45715e-06
xc2.xcore.ibias__t88                   1.13263
xc2.xcore.tail__t272                   1.11979
xc2.xcore.vss__t338                1.67288e-13
xc2.xcore.tail__t170                   1.11979
xc2.xcore.ibias__t87                   1.13263
xc2.xcore.vss__t147                7.25973e-06
xc2.xcore.vss__t339                1.62859e-13
xc2.xcore.vss__t45                 7.06245e-06
xc2.xcore.ibias__t86                   1.13263
xc2.xcore.tail__t271                   1.11979
xc2.xcore.vss__t340                1.58433e-13
xc2.xcore.tail__t169                   1.11979
xc2.xcore.ibias__t85                   1.13263
xc2.xcore.vss__t146                6.86532e-06
xc2.xcore.vss__t341                1.54011e-13
xc2.xcore.vss__t44                 6.66836e-06
xc2.xcore.ibias__t84                   1.13263
xc2.xcore.tail__t270                    1.1198
xc2.xcore.vss__t342                1.49592e-13
xc2.xcore.tail__t168                    1.1198
xc2.xcore.ibias__t83                   1.13263
xc2.xcore.vss__t145                6.47158e-06
xc2.xcore.vss__t343                1.45177e-13
xc2.xcore.vss__t66                   6.275e-06
xc2.xcore.ibias__t129                  1.13263
xc2.xcore.tail__t292                    1.1198
xc2.xcore.vss__t344                1.40767e-13
xc2.xcore.tail__t199                    1.1198
xc2.xcore.ibias__t144                  1.13263
xc2.xcore.vss__t176                6.07863e-06
xc2.xcore.vss__t345                1.36362e-13
xc2.xcore.vss__t73                 5.88251e-06
xc2.xcore.ibias__t143                  1.13263
xc2.xcore.tail__t299                    1.1198
xc2.xcore.vss__t346                1.31962e-13
xc2.xcore.tail__t198                    1.1198
xc2.xcore.ibias__t142                  1.13263
xc2.xcore.vss__t175                5.68665e-06
xc2.xcore.vss__t347                1.27568e-13
xc2.xcore.vss__t72                 5.49108e-06
xc2.xcore.ibias__t141                  1.13263
xc2.xcore.tail__t298                    1.1198
xc2.xcore.vss__t348                1.23181e-13
xc2.xcore.outp__t53                    2.80009
xc2.xcore.inp__t1                       2.5245
xc2.xcore.tail__t0                     1.11987
xc2.xcore.vss__t460                 4.2574e-11
xc2.xcore.tail__t119                   1.11987
xc2.xcore.inp__t53                      2.5245
xc2.xcore.outp__t52                    2.80009
xc2.xcore.vss__t462                 4.2976e-11
xc2.xcore.outp__t46                    2.80009
xc2.xcore.inp__t52                      2.5245
xc2.xcore.tail__t118                   1.11987
xc2.xcore.vss__t463                 4.3378e-11
xc2.xcore.tail__t58                    1.11987
xc2.xcore.inp__t61                      2.5245
xc2.xcore.outp__t82                    2.80009
xc2.xcore.vss__t464                  4.378e-11
xc2.xcore.outp__t30                    2.80009
xc2.xcore.inp__t24                      2.5245
xc2.xcore.tail__t98                    1.11987
xc2.xcore.vss__t465                4.41821e-11
xc2.xcore.tail__t38                    1.11987
xc2.xcore.inp__t23                      2.5245
xc2.xcore.outp__t64                    2.80009
xc2.xcore.vss__t466                4.45841e-11
xc2.xcore.outp__t29                    2.80008
xc2.xcore.inp__t22                      2.5245
xc2.xcore.tail__t97                    1.11988
xc2.xcore.vss__t467                4.49861e-11
xc2.xcore.tail__t37                    1.11988
xc2.xcore.inp__t21                      2.5245
xc2.xcore.outp__t63                    2.80008
xc2.xcore.vss__t468                 4.5388e-11
xc2.xcore.outp__t28                    2.80008
xc2.xcore.inp__t20                      2.5245
xc2.xcore.tail__t96                    1.11988
xc2.xcore.vss__t469                  4.579e-11
xc2.xcore.tail__t36                    1.11988
xc2.xcore.inp__t19                      2.5245
xc2.xcore.outp__t62                    2.80008
xc2.xcore.vss__t470                 4.6192e-11
xc2.xcore.outp__t27                    2.80008
xc2.xcore.inp__t18                      2.5245
xc2.xcore.tail__t95                    1.11988
xc2.xcore.vss__t471                 4.6594e-11
xc2.xcore.tail__t35                    1.11988
xc2.xcore.inp__t17                      2.5245
xc2.xcore.outp__t61                    2.80008
xc2.xcore.vss__t472                 4.6996e-11
xc2.xcore.outp__t26                    2.80007
xc2.xcore.inp__t16                      2.5245
xc2.xcore.tail__t94                    1.11988
xc2.xcore.vss__t473                4.73979e-11
xc2.xcore.tail__t33                    1.11988
xc2.xcore.inp__t15                      2.5245
xc2.xcore.outp__t60                    2.80007
xc2.xcore.vss__t474                4.77999e-11
xc2.xcore.outp__t47                    2.80007
xc2.xcore.inp__t54                      2.5245
xc2.xcore.tail__t120                   1.11988
xc2.xcore.vss__t475                4.82018e-11
xc2.xcore.tail__t54                    1.11988
xc2.xcore.inp__t55                      2.5245
xc2.xcore.outp__t78                    2.80007
xc2.xcore.vss__t476                4.86037e-11
xc2.xcore.outp__t51                    2.80007
xc2.xcore.inp__t63                      2.5245
xc2.xcore.tail__t126                   1.11988
xc2.xcore.vss__t477                4.90057e-11
xc2.xcore.tail__t57                    1.11988
xc2.xcore.inp__t60                      2.5245
xc2.xcore.outp__t81                    2.80007
xc2.xcore.vss__t478                4.94076e-11
xc2.xcore.outp__t49                    2.80007
xc2.xcore.inp__t59                      2.5245
xc2.xcore.tail__t122                   1.11988
xc2.xcore.vss__t479                4.98095e-11
xc2.xcore.tail__t56                    1.11989
xc2.xcore.inp__t58                      2.5245
xc2.xcore.outp__t80                    2.80006
xc2.xcore.vss__t480                5.02114e-11
xc2.xcore.outp__t48                    2.80006
xc2.xcore.inp__t57                      2.5245
xc2.xcore.tail__t121                   1.11989
xc2.xcore.vss__t481                5.06133e-11
xc2.xcore.tail__t55                    1.11989
xc2.xcore.inp__t56                      2.5245
xc2.xcore.outp__t79                    2.80006
xc2.xcore.vss__t482                5.10152e-11
xc2.xcore.outp__t24                    2.80006
xc2.xcore.inp__t11                      2.5245
xc2.xcore.tail__t92                    1.11989
xc2.xcore.vss__t483                 5.1417e-11
xc2.xcore.tail__t30                    1.11989
xc2.xcore.inp__t10                      2.5245
xc2.xcore.outp__t57                    2.80006
xc2.xcore.vss__t484                5.18189e-11
xc2.xcore.outp__t23                    2.80006
xc2.xcore.inp__t9                       2.5245
xc2.xcore.tail__t88                    1.11989
xc2.xcore.vss__t485                5.22207e-11
xc2.xcore.tail__t32                    1.11989
xc2.xcore.inp__t14                      2.5245
xc2.xcore.outp__t59                    2.80005
xc2.xcore.vss__t486                5.26226e-11
xc2.xcore.outp__t25                    2.80005
xc2.xcore.inp__t13                      2.5245
xc2.xcore.tail__t93                    1.11989
xc2.xcore.vss__t487                5.30244e-11
xc2.xcore.tail__t60                    1.11989
xc2.xcore.inp__t0                       2.5245
xc2.xcore.outp__t83                    2.80005
xc2.xcore.vss__t488                5.34262e-11
xc2.xcore.outp__t50                    2.80005
xc2.xcore.inp__t62                      2.5245
xc2.xcore.tail__t123                   1.11989
xc2.xcore.vss__t489                 5.3828e-11
xc2.xcore.tail__t42                    1.11989
xc2.xcore.inp__t29                      2.5245
xc2.xcore.outp__t67                    2.80005
xc2.xcore.vss__t490                5.42298e-11
xc2.xcore.outp__t32                    2.80005
xc2.xcore.inp__t28                      2.5245
xc2.xcore.tail__t102                   1.11989
xc2.xcore.vss__t491                5.46315e-11
xc2.xcore.tail__t41                    1.11989
xc2.xcore.inp__t27                      2.5245
xc2.xcore.outp__t66                    2.80004
xc2.xcore.vss__t492                5.50333e-11
xc2.xcore.outp__t31                    2.80004
xc2.xcore.inp__t26                      2.5245
xc2.xcore.tail__t101                    1.1199
xc2.xcore.vss__t493                 5.5435e-11
xc2.xcore.tail__t40                     1.1199
xc2.xcore.inp__t25                      2.5245
xc2.xcore.outp__t65                    2.80004
xc2.xcore.vss__t494                5.58368e-11
xc2.xcore.outp__t20                    2.80004
xc2.xcore.inp__t4                       2.5245
xc2.xcore.tail__t74                     1.1199
xc2.xcore.vss__t495                5.62385e-11
xc2.xcore.tail__t14                     1.1199
xc2.xcore.inp__t3                       2.5245
xc2.xcore.outp__t54                    2.80004
xc2.xcore.vss__t496                5.66402e-11
xc2.xcore.outp__t22                    2.80004
xc2.xcore.inp__t7                       2.5245
xc2.xcore.tail__t76                     1.1199
xc2.xcore.vss__t497                5.70419e-11
xc2.xcore.tail__t16                     1.1199
xc2.xcore.inp__t6                       2.5245
xc2.xcore.outp__t55                    2.80003
xc2.xcore.vss__t498                5.74436e-11
xc2.xcore.outp__t21                    2.80003
xc2.xcore.inp__t5                       2.5245
xc2.xcore.tail__t75                     1.1199
xc2.xcore.vss__t499                5.78452e-11
xc2.xcore.tail__t19                     1.1199
xc2.xcore.inp__t8                       2.5245
xc2.xcore.outp__t56                    2.80003
xc2.xcore.vss__t500                5.82469e-11
xc2.xcore.outp__t45                    2.80003
xc2.xcore.inp__t50                      2.5245
xc2.xcore.tail__t116                    1.1199
xc2.xcore.vss__t501                5.86485e-11
xc2.xcore.tail__t51                     1.1199
xc2.xcore.inp__t49                      2.5245
xc2.xcore.outp__t76                    2.80003
xc2.xcore.vss__t502                5.90501e-11
xc2.xcore.outp__t44                    2.80003
xc2.xcore.inp__t48                      2.5245
xc2.xcore.tail__t115                    1.1199
xc2.xcore.vss__t503                5.94518e-11
xc2.xcore.tail__t50                     1.1199
xc2.xcore.inp__t47                      2.5245
xc2.xcore.outp__t75                    2.80002
xc2.xcore.vss__t504                5.98533e-11
xc2.xcore.outp__t43                    2.80002
xc2.xcore.inp__t46                      2.5245
xc2.xcore.tail__t114                    1.1199
xc2.xcore.vss__t505                6.02549e-11
xc2.xcore.tail__t49                    1.11991
xc2.xcore.inp__t45                      2.5245
xc2.xcore.outp__t74                    2.80002
xc2.xcore.vss__t506                6.06565e-11
xc2.xcore.outp__t42                    2.80002
xc2.xcore.inp__t44                      2.5245
xc2.xcore.tail__t113                   1.11991
xc2.xcore.vss__t507                 6.1058e-11
xc2.xcore.tail__t48                    1.11991
xc2.xcore.inp__t43                      2.5245
xc2.xcore.outp__t73                    2.80002
xc2.xcore.vss__t508                6.14596e-11
xc2.xcore.outp__t41                    2.80002
xc2.xcore.inp__t42                      2.5245
xc2.xcore.tail__t112                   1.11991
xc2.xcore.vss__t509                6.18611e-11
xc2.xcore.tail__t47                    1.11991
xc2.xcore.inp__t41                      2.5245
xc2.xcore.outp__t72                    2.80002
xc2.xcore.vss__t510                6.22626e-11
xc2.xcore.outp__t40                    2.80001
xc2.xcore.inp__t40                      2.5245
xc2.xcore.tail__t111                   1.11991
xc2.xcore.vss__t511                6.26641e-11
xc2.xcore.tail__t46                    1.11991
xc2.xcore.inp__t39                      2.5245
xc2.xcore.outp__t71                    2.80001
xc2.xcore.vss__t512                6.30655e-11
xc2.xcore.outp__t39                    2.80001
xc2.xcore.inp__t38                      2.5245
xc2.xcore.tail__t110                   1.11991
xc2.xcore.vss__t513                 6.3467e-11
xc2.xcore.tail__t53                    1.11991
xc2.xcore.inp__t51                      2.5245
xc2.xcore.outp__t77                    2.80001
xc2.xcore.vss__t514                6.38684e-11
xc2.xcore.outp__t38                    2.80001
xc2.xcore.inp__t37                      2.5245
xc2.xcore.tail__t108                   1.11991
xc2.xcore.vss__t515                6.42698e-11
xc2.xcore.tail__t45                    1.11991
xc2.xcore.inp__t36                      2.5245
xc2.xcore.outp__t70                    2.80001
xc2.xcore.vss__t516                6.46712e-11
xc2.xcore.outp__t37                        2.8
xc2.xcore.inp__t35                      2.5245
xc2.xcore.tail__t107                   1.11991
xc2.xcore.vss__t517                6.50726e-11
xc2.xcore.tail__t44                    1.11991
xc2.xcore.inp__t34                      2.5245
xc2.xcore.outp__t69                        2.8
xc2.xcore.vss__t518                 6.5474e-11
xc2.xcore.outp__t36                        2.8
xc2.xcore.inp__t33                      2.5245
xc2.xcore.tail__t106                   1.11992
xc2.xcore.vss__t519                6.58754e-11
xc2.xcore.tail__t31                    1.11992
xc2.xcore.inp__t12                      2.5245
xc2.xcore.outp__t58                        2.8
xc2.xcore.vss__t520                6.62767e-11
xc2.xcore.outp__t35                        2.8
xc2.xcore.inp__t32                      2.5245
xc2.xcore.tail__t104                   1.11992
xc2.xcore.vss__t521                 6.6678e-11
xc2.xcore.tail__t43                    1.11992
xc2.xcore.inp__t31                      2.5245
xc2.xcore.outp__t68                        2.8
xc2.xcore.vss__t522                6.70793e-11
xc2.xcore.outp__t33                    2.79999
xc2.xcore.inp__t30                      2.5245
xc2.xcore.tail__t103                   1.11992
xc2.xcore.vss__t523                6.74806e-11
xc2.xcore.tail__t1                     1.11992
xc2.xcore.inp__t2                       2.5245
xc2.xcore.outp__t34                    2.79999
xc2.xcore.vss__t586                6.78819e-11
xc2.xcore.ibias__t215                   1.1299
xc2.xcore.ibias__t3                    1.13263
xc2.xcore.vss__t2                  2.51857e-05
xc2.xcore.vss__t459                 5.7016e-13
xc2.xcore.vss__t81                 2.49859e-05
xc2.xcore.ibias__t158                  1.13263
xc2.xcore.ibias__t216                  1.12993
xc2.xcore.vss__t448                 5.6565e-13
xc2.xcore.ibias__t213                  1.12996
xc2.xcore.ibias__t171                  1.13263
xc2.xcore.vss__t190                2.47861e-05
xc2.xcore.vss__t449                5.61141e-13
xc2.xcore.vss__t83                 2.45863e-05
xc2.xcore.ibias__t163                  1.13263
xc2.xcore.ibias__t218                  1.12999
xc2.xcore.vss__t450                5.56631e-13
xc2.xcore.ibias__t212                  1.13002
xc2.xcore.ibias__t162                  1.13263
xc2.xcore.vss__t185                2.43865e-05
xc2.xcore.vss__t451                5.52121e-13
xc2.xcore.vss__t89                 2.41867e-05
xc2.xcore.ibias__t177                  1.13263
xc2.xcore.ibias__t219                  1.13005
xc2.xcore.vss__t452                5.47611e-13
xc2.xcore.ibias__t211                  1.13008
xc2.xcore.ibias__t160                  1.13263
xc2.xcore.vss__t183                2.39869e-05
xc2.xcore.vss__t453                5.43101e-13
xc2.xcore.vss__t82                  2.3787e-05
xc2.xcore.ibias__t159                  1.13263
xc2.xcore.ibias__t217                  1.13011
xc2.xcore.vss__t454                 5.3859e-13
xc2.xcore.ibias__t214                  1.13014
xc2.xcore.ibias__t174                  1.13263
xc2.xcore.vss__t192                2.35872e-05
xc2.xcore.vss__t455                 5.3408e-13
xc2.xcore.vss__t3                  2.33874e-05
xc2.xcore.ibias__t4                    1.13263
xc2.xcore.ibias__t210                  1.13017
xc2.xcore.vss__t457                5.29569e-13
xc2.xcore.outn__t52                        3.3
xc2.xcore.inn__t1                       1.6335
xc2.xcore.tail__t3                     1.11981
xc2.xcore.vss__t461                1.43909e-12
xc2.xcore.tail__t62                    1.11981
xc2.xcore.inn__t58                      1.6335
xc2.xcore.outn__t81                        3.3
xc2.xcore.vss__t524                1.45274e-12
xc2.xcore.outn__t49                        3.3
xc2.xcore.inn__t59                      1.6335
xc2.xcore.tail__t124                   1.11981
xc2.xcore.vss__t525                 1.4664e-12
xc2.xcore.tail__t63                    1.11981
xc2.xcore.inn__t60                      1.6335
xc2.xcore.outn__t82                        3.3
xc2.xcore.vss__t526                1.48006e-12
xc2.xcore.outn__t50                        3.3
xc2.xcore.inn__t61                      1.6335
xc2.xcore.tail__t125                   1.11981
xc2.xcore.vss__t527                1.49372e-12
xc2.xcore.tail__t64                    1.11981
xc2.xcore.inn__t62                      1.6335
xc2.xcore.outn__t83                        3.3
xc2.xcore.vss__t528                1.50737e-12
xc2.xcore.outn__t46                        3.3
xc2.xcore.inn__t52                      1.6335
xc2.xcore.tail__t105                   1.11981
xc2.xcore.vss__t529                1.52103e-12
xc2.xcore.tail__t15                    1.11981
xc2.xcore.inn__t21                      1.6335
xc2.xcore.outn__t63                        3.3
xc2.xcore.vss__t530                1.53469e-12
xc2.xcore.outn__t45                        3.3
xc2.xcore.inn__t51                      1.6335
xc2.xcore.tail__t100                   1.11981
xc2.xcore.vss__t531                1.54835e-12
xc2.xcore.tail__t34                    1.11981
xc2.xcore.inn__t48                      1.6335
xc2.xcore.outn__t76                        3.3
xc2.xcore.vss__t532                1.56201e-12
xc2.xcore.outn__t44                        3.3
xc2.xcore.inn__t50                      1.6335
xc2.xcore.tail__t99                    1.11981
xc2.xcore.vss__t533                1.57567e-12
xc2.xcore.tail__t61                    1.11981
xc2.xcore.inn__t57                      1.6335
xc2.xcore.outn__t80                        3.3
xc2.xcore.vss__t534                1.58933e-12
xc2.xcore.outn__t40                        3.3
xc2.xcore.inn__t42                      1.6335
xc2.xcore.tail__t87                    1.11981
xc2.xcore.vss__t535                1.60299e-12
xc2.xcore.tail__t27                    1.11981
xc2.xcore.inn__t41                      1.6335
xc2.xcore.outn__t73                        3.3
xc2.xcore.vss__t536                1.61665e-12
xc2.xcore.outn__t39                        3.3
xc2.xcore.inn__t40                      1.6335
xc2.xcore.tail__t86                    1.11981
xc2.xcore.vss__t537                1.63031e-12
xc2.xcore.tail__t26                    1.11981
xc2.xcore.inn__t39                      1.6335
xc2.xcore.outn__t72                        3.3
xc2.xcore.vss__t538                1.64397e-12
xc2.xcore.outn__t38                        3.3
xc2.xcore.inn__t38                      1.6335
xc2.xcore.tail__t85                    1.11981
xc2.xcore.vss__t539                1.65763e-12
xc2.xcore.tail__t25                    1.11981
xc2.xcore.inn__t37                      1.6335
xc2.xcore.outn__t71                        3.3
xc2.xcore.vss__t540                1.67129e-12
xc2.xcore.outn__t47                        3.3
xc2.xcore.inn__t53                      1.6335
xc2.xcore.tail__t109                   1.11981
xc2.xcore.vss__t541                1.68496e-12
xc2.xcore.tail__t52                    1.11981
xc2.xcore.inn__t55                      1.6335
xc2.xcore.outn__t78                        3.3
xc2.xcore.vss__t542                1.69862e-12
xc2.xcore.outn__t48                        3.3
xc2.xcore.inn__t54                      1.6335
xc2.xcore.tail__t117                   1.11981
xc2.xcore.vss__t543                1.71228e-12
xc2.xcore.tail__t39                    1.11981
xc2.xcore.inn__t49                      1.6335
xc2.xcore.outn__t77                        3.3
xc2.xcore.vss__t544                1.72594e-12
xc2.xcore.outn__t41                        3.3
xc2.xcore.inn__t43                      1.6335
xc2.xcore.tail__t89                    1.11981
xc2.xcore.vss__t545                1.73961e-12
xc2.xcore.tail__t29                    1.11981
xc2.xcore.inn__t47                      1.6335
xc2.xcore.outn__t75                        3.3
xc2.xcore.vss__t546                1.75327e-12
xc2.xcore.outn__t43                        3.3
xc2.xcore.inn__t46                      1.6335
xc2.xcore.tail__t91                    1.11981
xc2.xcore.vss__t547                1.76693e-12
xc2.xcore.tail__t28                    1.11981
xc2.xcore.inn__t45                      1.6335
xc2.xcore.outn__t74                        3.3
xc2.xcore.vss__t548                 1.7806e-12
xc2.xcore.outn__t42                        3.3
xc2.xcore.inn__t44                      1.6335
xc2.xcore.tail__t90                    1.11981
xc2.xcore.vss__t549                1.79426e-12
xc2.xcore.tail__t59                    1.11981
xc2.xcore.inn__t56                      1.6335
xc2.xcore.outn__t79                        3.3
xc2.xcore.vss__t550                1.80793e-12
xc2.xcore.outn__t51                        3.3
xc2.xcore.inn__t63                      1.6335
xc2.xcore.tail__t127                   1.11981
xc2.xcore.vss__t551                1.82159e-12
xc2.xcore.tail__t13                    1.11981
xc2.xcore.inn__t19                      1.6335
xc2.xcore.outn__t62                        3.3
xc2.xcore.vss__t552                1.83525e-12
xc2.xcore.outn__t28                        3.3
xc2.xcore.inn__t18                      1.6335
xc2.xcore.tail__t72                    1.11981
xc2.xcore.vss__t553                1.84892e-12
xc2.xcore.tail__t12                    1.11981
xc2.xcore.inn__t17                      1.6335
xc2.xcore.outn__t61                        3.3
xc2.xcore.vss__t554                1.86258e-12
xc2.xcore.outn__t27                        3.3
xc2.xcore.inn__t16                      1.6335
xc2.xcore.tail__t71                    1.11981
xc2.xcore.vss__t555                1.87625e-12
xc2.xcore.tail__t11                    1.11981
xc2.xcore.inn__t15                      1.6335
xc2.xcore.outn__t60                        3.3
xc2.xcore.vss__t556                1.88991e-12
xc2.xcore.outn__t26                        3.3
xc2.xcore.inn__t14                      1.6335
xc2.xcore.tail__t70                    1.11981
xc2.xcore.vss__t557                1.90358e-12
xc2.xcore.tail__t10                    1.11981
xc2.xcore.inn__t13                      1.6335
xc2.xcore.outn__t59                        3.3
xc2.xcore.vss__t558                1.91724e-12
xc2.xcore.outn__t25                        3.3
xc2.xcore.inn__t12                      1.6335
xc2.xcore.tail__t69                    1.11981
xc2.xcore.vss__t559                1.93091e-12
xc2.xcore.tail__t6                     1.11981
xc2.xcore.inn__t5                       1.6335
xc2.xcore.outn__t55                        3.3
xc2.xcore.vss__t560                1.94458e-12
xc2.xcore.outn__t24                        3.3
xc2.xcore.inn__t11                      1.6335
xc2.xcore.tail__t68                    1.11981
xc2.xcore.vss__t561                1.95824e-12
xc2.xcore.tail__t4                     1.11981
xc2.xcore.inn__t2                       1.6335
xc2.xcore.outn__t53                        3.3
xc2.xcore.vss__t562                1.97191e-12
xc2.xcore.outn__t21                        3.3
xc2.xcore.inn__t3                       1.6335
xc2.xcore.tail__t65                    1.11981
xc2.xcore.vss__t563                1.98558e-12
xc2.xcore.tail__t5                     1.11981
xc2.xcore.inn__t4                       1.6335
xc2.xcore.outn__t54                        3.3
xc2.xcore.vss__t564                1.99924e-12
xc2.xcore.outn__t22                        3.3
xc2.xcore.inn__t6                       1.6335
xc2.xcore.tail__t66                    1.11981
xc2.xcore.vss__t565                2.01291e-12
xc2.xcore.tail__t7                     1.11981
xc2.xcore.inn__t7                       1.6335
xc2.xcore.outn__t56                        3.3
xc2.xcore.vss__t566                2.02658e-12
xc2.xcore.outn__t23                        3.3
xc2.xcore.inn__t8                       1.6335
xc2.xcore.tail__t67                    1.11981
xc2.xcore.vss__t567                2.04024e-12
xc2.xcore.tail__t8                     1.11981
xc2.xcore.inn__t9                       1.6335
xc2.xcore.outn__t57                        3.3
xc2.xcore.vss__t568                2.05391e-12
xc2.xcore.outn__t29                        3.3
xc2.xcore.inn__t20                      1.6335
xc2.xcore.tail__t73                    1.11981
xc2.xcore.vss__t569                2.06758e-12
xc2.xcore.tail__t9                     1.11981
xc2.xcore.inn__t10                      1.6335
xc2.xcore.outn__t58                        3.3
xc2.xcore.vss__t570                2.08124e-12
xc2.xcore.outn__t36                        3.3
xc2.xcore.inn__t35                      1.6335
xc2.xcore.tail__t83                    1.11981
xc2.xcore.vss__t571                2.09491e-12
xc2.xcore.tail__t24                    1.11981
xc2.xcore.inn__t34                      1.6335
xc2.xcore.outn__t70                        3.3
xc2.xcore.vss__t572                2.10858e-12
xc2.xcore.outn__t35                        3.3
xc2.xcore.inn__t33                      1.6335
xc2.xcore.tail__t82                    1.11981
xc2.xcore.vss__t573                2.12225e-12
xc2.xcore.tail__t23                    1.11981
xc2.xcore.inn__t32                      1.6335
xc2.xcore.outn__t69                        3.3
xc2.xcore.vss__t574                2.13592e-12
xc2.xcore.outn__t34                        3.3
xc2.xcore.inn__t31                      1.6335
xc2.xcore.tail__t81                    1.11981
xc2.xcore.vss__t575                2.14958e-12
xc2.xcore.tail__t22                    1.11981
xc2.xcore.inn__t30                      1.6335
xc2.xcore.outn__t68                        3.3
xc2.xcore.vss__t576                2.16325e-12
xc2.xcore.outn__t33                        3.3
xc2.xcore.inn__t29                      1.6335
xc2.xcore.tail__t80                    1.11981
xc2.xcore.vss__t577                2.17692e-12
xc2.xcore.tail__t21                    1.11981
xc2.xcore.inn__t28                      1.6335
xc2.xcore.outn__t67                        3.3
xc2.xcore.vss__t578                2.19059e-12
xc2.xcore.outn__t32                        3.3
xc2.xcore.inn__t27                      1.6335
xc2.xcore.tail__t79                    1.11981
xc2.xcore.vss__t579                2.20426e-12
xc2.xcore.tail__t20                    1.11981
xc2.xcore.inn__t26                      1.6335
xc2.xcore.outn__t66                        3.3
xc2.xcore.vss__t580                2.21793e-12
xc2.xcore.outn__t37                        3.3
xc2.xcore.inn__t36                      1.6335
xc2.xcore.tail__t84                    1.11981
xc2.xcore.vss__t581                2.23159e-12
xc2.xcore.tail__t18                    1.11981
xc2.xcore.inn__t25                      1.6335
xc2.xcore.outn__t65                        3.3
xc2.xcore.vss__t582                2.24526e-12
xc2.xcore.outn__t31                        3.3
xc2.xcore.inn__t24                      1.6335
xc2.xcore.tail__t78                    1.11981
xc2.xcore.vss__t583                2.25893e-12
xc2.xcore.tail__t17                    1.11981
xc2.xcore.inn__t23                      1.6335
xc2.xcore.outn__t64                        3.3
xc2.xcore.vss__t584                 2.2726e-12
xc2.xcore.outn__t30                        3.3
xc2.xcore.inn__t22                      1.6335
xc2.xcore.tail__t77                    1.11981
xc2.xcore.vss__t585                2.28627e-12
xc2.xcore.tail__t2                     1.11981
xc2.xcore.inn__t0                       1.6335
xc2.xcore.outn__t20                        3.3
xc2.xcore.vss__t587                2.29994e-12
xc2.xcore.vss__t210                2.60738e-12
xc2.xcore.outp__t16                     2.8002
xc2.xcore.vss__t211                2.57673e-12
xc2.xcore.outp__t17                     2.8002
xc2.xcore.vss__t212                2.54611e-12
xc2.xcore.outp__t18                     2.8002
xc2.xcore.vss__t213                2.51552e-12
xc2.xcore.outp__t19                     2.8002
xc2.xcore.vss__t214                2.48495e-12
xc2.xcore.outp__t0                      2.8002
xc2.xcore.vss__t215                 2.4544e-12
xc2.xcore.outp__t1                      2.8002
xc2.xcore.vss__t216                2.42389e-12
xc2.xcore.outp__t2                      2.8002
xc2.xcore.vss__t217                 2.3934e-12
xc2.xcore.outp__t3                      2.8002
xc2.xcore.vss__t218                2.36295e-12
xc2.xcore.outp__t4                      2.8002
xc2.xcore.vss__t219                2.33253e-12
xc2.xcore.outp__t15                     2.8002
xc2.xcore.vss__t220                2.30214e-12
xc2.xcore.outp__t6                      2.8002
xc2.xcore.vss__t221                2.27179e-12
xc2.xcore.outp__t7                      2.8002
xc2.xcore.vss__t222                2.24147e-12
xc2.xcore.outp__t8                      2.8002
xc2.xcore.vss__t223                2.21119e-12
xc2.xcore.outp__t9                      2.8002
xc2.xcore.vss__t224                2.18095e-12
xc2.xcore.outp__t10                     2.8002
xc2.xcore.vss__t225                2.15075e-12
xc2.xcore.outp__t11                     2.8002
xc2.xcore.vss__t226                2.12059e-12
xc2.xcore.outp__t12                     2.8002
xc2.xcore.vss__t227                2.09048e-12
xc2.xcore.outp__t13                     2.8002
xc2.xcore.vss__t228                2.06041e-12
xc2.xcore.outp__t14                     2.8002
xc2.xcore.vss__t229                 2.0304e-12
xc2.xcore.outp__t5                      2.8002
xc2.xcore.vss__t230                2.18457e-12
xc2.xcore.outn__t0                         3.3
xc2.xcore.vss__t231                2.21955e-12
xc2.xcore.outn__t5                         3.3
xc2.xcore.vss__t232                 2.2546e-12
xc2.xcore.outn__t6                         3.3
xc2.xcore.vss__t233                2.28973e-12
xc2.xcore.outn__t7                         3.3
xc2.xcore.vss__t234                2.32492e-12
xc2.xcore.outn__t8                         3.3
xc2.xcore.vss__t235                2.36018e-12
xc2.xcore.outn__t9                         3.3
xc2.xcore.vss__t236                 2.3955e-12
xc2.xcore.outn__t10                        3.3
xc2.xcore.vss__t237                2.43089e-12
xc2.xcore.outn__t11                        3.3
xc2.xcore.vss__t238                2.46632e-12
xc2.xcore.outn__t12                        3.3
xc2.xcore.vss__t239                2.50182e-12
xc2.xcore.outn__t13                        3.3
xc2.xcore.vss__t240                2.53736e-12
xc2.xcore.outn__t14                        3.3
xc2.xcore.vss__t241                2.57295e-12
xc2.xcore.outn__t15                        3.3
xc2.xcore.vss__t242                2.60859e-12
xc2.xcore.outn__t16                        3.3
xc2.xcore.vss__t243                2.64428e-12
xc2.xcore.outn__t17                        3.3
xc2.xcore.vss__t244                2.68001e-12
xc2.xcore.outn__t19                        3.3
xc2.xcore.vss__t245                2.71579e-12
xc2.xcore.outn__t18                        3.3
xc2.xcore.vss__t246                 2.7516e-12
xc2.xcore.outn__t1                         3.3
xc2.xcore.vss__t247                2.78746e-12
xc2.xcore.outn__t2                         3.3
xc2.xcore.vss__t248                2.82335e-12
xc2.xcore.outn__t3                         3.3
xc2.xcore.vss__t249                2.85928e-12
xc2.xcore.outn__t4                         3.3
ib_c2                                  1.13263
xc2.xcore.vsubs                              0
outn_c2                                    3.3
outp_c2                                 2.8002
xc2.tail                               1.11981
vd_c2                                 0.499798
ediff_c2#branch                              0
ediff_c1#branch                              0
ediff_c0#branch                              0
einref#branch                                0
vcomb0_7#branch                              0
vcomb1_7#branch                              0
vcomb0_6#branch                              0
vcomb1_6#branch                              0
vcomb0_5#branch                              0
vcomb1_5#branch                              0
vcomb0_4#branch                              0
vcomb1_4#branch                              0
vcomb0_3#branch                              0
vcomb1_3#branch                              0
vcomb0_2#branch                              0
vcomb1_2#branch                              0
vcomb0_1#branch                              0
vcomb1_1#branch                              0
vcomb0_0#branch                              0
vcomb1_0#branch                              0
vinn#branch                       -5.77588e-16
vinp#branch                       -1.52354e-14
vavcc#branch                        -0.0299879

 Reference value :  0.00000e+00
 Reference value :  1.77120e-09
 Reference value :  3.70375e-09
 Reference value :  3.75702e-09
 Reference value :  3.79810e-09
 Reference value :  4.61009e-09
 Reference value :  6.73009e-09
 Reference value :  7.43187e-09
 Reference value :  7.48749e-09
 Reference value :  7.60030e-09
 Reference value :  9.42130e-09
 Reference value :  1.11114e-08
 Reference value :  1.11709e-08
 Reference value :  1.12233e-08
 Reference value :  1.23404e-08
 Reference value :  1.44604e-08
 Reference value :  1.48489e-08
 Reference value :  1.48973e-08
 Reference value :  1.51553e-08
 Reference value :  1.72687e-08
 Reference value :  1.91385e-08
 Reference value :  2.12985e-08
 Reference value :  2.31622e-08
 Reference value :  2.52822e-08
 Reference value :  2.59539e-08
 Reference value :  2.60073e-08
 Reference value :  2.62462e-08
 Reference value :  2.83148e-08
 Reference value :  2.96353e-08
 Reference value :  2.96965e-08
 Reference value :  2.97497e-08
 Reference value :  3.10435e-08
 Reference value :  3.31635e-08
 Reference value :  3.50733e-08
 Reference value :  3.70650e-08
 Reference value :  3.90970e-08
 Reference value :  4.07417e-08
 Reference value :  4.08052e-08
 Reference value :  4.08667e-08
 Reference value :  4.22896e-08
 Reference value :  4.44724e-08
 Reference value :  4.65044e-08
 Reference value :  4.81493e-08
 Reference value :  4.82119e-08
 Reference value :  4.82536e-08
 Reference value :  4.93632e-08
 Reference value :  5.14032e-08
 Reference value :  5.32719e-08
 Reference value :  5.54319e-08
 Reference value :  5.55963e-08
 Reference value :  5.56449e-08
 Reference value :  5.62644e-08
 Reference value :  5.83844e-08
 Reference value :  6.02793e-08
 Reference value :  6.24393e-08
 Reference value :  6.29943e-08
 Reference value :  6.30446e-08
 Reference value :  6.32712e-08
 Reference value :  6.57780e-08
 Reference value :  6.66867e-08
 Reference value :  6.67475e-08
 Reference value :  6.69881e-08
 Reference value :  6.92970e-08
 Reference value :  7.03861e-08
 Reference value :  7.04504e-08
 Reference value :  7.05734e-08
 Reference value :  7.24643e-08
 Reference value :  7.40819e-08
 Reference value :  7.41508e-08
 Reference value :  7.42741e-08
 Reference value :  7.62633e-08
 Reference value :  7.77861e-08
 Reference value :  7.78487e-08
 Reference value :  7.79208e-08
 Reference value :  7.95517e-08
 Reference value :  8.14860e-08
 Reference value :  8.15513e-08
 Reference value :  8.16709e-08
 Reference value :  8.35108e-08
 Reference value :  8.51940e-08
 Reference value :  8.52622e-08
 Reference value :  8.54380e-08
 Reference value :  8.66288e-08
 Reference value :  8.79644e-08
 Reference value :  8.91826e-08
 Reference value :  9.03146e-08
 Reference value :  9.15343e-08
 Reference value :  9.28064e-08
 Reference value :  9.39829e-08
 Reference value :  9.50780e-08
 Reference value :  9.62401e-08
 Reference value :  9.72456e-08
 Reference value :  9.85911e-08
 Reference value :  9.96676e-08
 Reference value :  1.00936e-07
 Reference value :  1.02315e-07
 Reference value :  1.03411e-07
 Reference value :  1.04612e-07
 Reference value :  1.05766e-07
 Reference value :  1.06949e-07
 Reference value :  1.08041e-07
 Reference value :  1.09269e-07
 Reference value :  1.10592e-07
 Reference value :  1.11130e-07
 Reference value :  1.11194e-07
 Reference value :  1.11575e-07
 Reference value :  1.12711e-07
 Reference value :  1.13912e-07
 Reference value :  1.15223e-07
 Reference value :  1.16214e-07
 Reference value :  1.17586e-07
 Reference value :  1.18546e-07
 Reference value :  1.19887e-07
 Reference value :  1.20843e-07
 Reference value :  1.22090e-07
 Reference value :  1.23150e-07
 Reference value :  1.24111e-07
 Reference value :  1.25456e-07
 Reference value :  1.26409e-07
 Reference value :  1.27485e-07
 Reference value :  1.28708e-07
 Reference value :  1.29710e-07
 Reference value :  1.31005e-07
 Reference value :  1.31968e-07
 Reference value :  1.33277e-07
 Reference value :  1.33407e-07
 Reference value :  1.33676e-07
 Reference value :  1.34715e-07
 Reference value :  1.35676e-07
 Reference value :  1.36905e-07
 Reference value :  1.37071e-07
 Reference value :  1.37121e-07
 Reference value :  1.37482e-07
 Reference value :  1.38447e-07
 Reference value :  1.39562e-07
 Reference value :  1.40727e-07
 Reference value :  1.41676e-07
 Reference value :  1.42723e-07
 Reference value :  1.43925e-07
 Reference value :  1.44907e-07
 Reference value :  1.45857e-07
 Reference value :  1.46970e-07
 Reference value :  1.48130e-07
 Reference value :  1.49078e-07
 Reference value :  1.50055e-07
 Reference value :  1.51256e-07
 Reference value :  1.52297e-07
 Reference value :  1.53261e-07
 Reference value :  1.54297e-07
 Reference value :  1.55536e-07
 Reference value :  1.55593e-07
 Reference value :  1.55642e-07
 Reference value :  1.56012e-07
 Reference value :  1.56968e-07
 Reference value :  1.58081e-07
 Reference value :  1.59245e-07
 Reference value :  1.60189e-07
 Reference value :  1.61166e-07
 Reference value :  1.62368e-07
 Reference value :  1.62972e-07
 Reference value :  1.63033e-07
 Reference value :  1.63096e-07
 Reference value :  1.63893e-07
 Reference value :  1.64945e-07
 Reference value :  1.66148e-07
 Reference value :  1.67123e-07
 Reference value :  1.68077e-07
 Reference value :  1.69152e-07
 Reference value :  1.70350e-07
 Reference value :  1.71296e-07
 Reference value :  1.72250e-07
 Reference value :  1.73359e-07
 Reference value :  1.74482e-07
 Reference value :  1.75473e-07
 Reference value :  1.76479e-07
 Reference value :  1.77685e-07
 Reference value :  1.77814e-07
 Reference value :  1.77863e-07
 Reference value :  1.78221e-07
 Reference value :  1.79176e-07
 Reference value :  1.80183e-07
 Reference value :  1.81389e-07
 Reference value :  1.81516e-07
 Reference value :  1.81565e-07
 Reference value :  1.81924e-07
 Reference value :  1.82875e-07
 Reference value :  1.83833e-07
 Reference value :  1.85053e-07
 Reference value :  1.85220e-07
 Reference value :  1.85268e-07
 Reference value :  1.85528e-07
 Reference value :  1.86567e-07
 Reference value :  1.87523e-07
 Reference value :  1.88636e-07
 Reference value :  1.88920e-07
 Reference value :  1.88970e-07
 Reference value :  1.89202e-07
 Reference value :  1.90260e-07
 Reference value :  1.91214e-07
 Reference value :  1.92220e-07
 Reference value :  1.93306e-07
 Reference value :  1.94437e-07
 Reference value :  1.95391e-07
 Reference value :  1.96387e-07
 Reference value :  1.97553e-07
 Reference value :  1.98604e-07
 Reference value :  1.99558e-07
 Reference value :  2.00024e-07
 Reference value :  2.00080e-07
 Reference value :  2.00204e-07
 Reference value :  2.01136e-07
 Reference value :  2.02259e-07
 Reference value :  2.03242e-07
 Reference value :  2.04188e-07
 Reference value :  2.05223e-07
 Reference value :  2.06425e-07
 Reference value :  2.07412e-07
 Reference value :  2.08361e-07
 Reference value :  2.09510e-07
 Reference value :  2.10641e-07
 Reference value :  2.11584e-07
 Reference value :  2.12631e-07
 Reference value :  2.13833e-07
 Reference value :  2.14815e-07
 Reference value :  2.14863e-07
 Reference value :  2.14907e-07
 Reference value :  2.15299e-07
 Reference value :  2.16374e-07
 Reference value :  2.17573e-07
 Reference value :  2.18528e-07
 Reference value :  2.19468e-07
 Reference value :  2.20581e-07
 Reference value :  2.21741e-07
 Reference value :  2.22239e-07
 Reference value :  2.22301e-07
 Reference value :  2.22357e-07
 Reference value :  2.23158e-07
 Reference value :  2.24165e-07
 Reference value :  2.25371e-07
 Reference value :  2.25935e-07
 Reference value :  2.25996e-07
 Reference value :  2.26059e-07
 Reference value :  2.26852e-07
 Reference value :  2.27806e-07
 Reference value :  2.28954e-07
 Reference value :  2.30038e-07
 Reference value :  2.31023e-07
 Reference value :  2.31999e-07
 Reference value :  2.33241e-07
 Reference value :  2.34252e-07
 Reference value :  2.35213e-07
 Reference value :  2.36362e-07
 Reference value :  2.37052e-07
 Reference value :  2.37117e-07
 Reference value :  2.37180e-07
 Reference value :  2.37983e-07
 Reference value :  2.39059e-07
 Reference value :  2.40260e-07
 Reference value :  2.40754e-07
 Reference value :  2.40818e-07
 Reference value :  2.40898e-07
 Reference value :  2.41690e-07
 Reference value :  2.42803e-07
 Reference value :  2.43963e-07
 Reference value :  2.44463e-07
 Reference value :  2.44524e-07
 Reference value :  2.44602e-07
 Reference value :  2.45407e-07
 Reference value :  2.46627e-07
 Reference value :  2.47685e-07
 Reference value :  2.48631e-07
 Reference value :  2.49708e-07
 Reference value :  2.50906e-07
 Reference value :  2.51852e-07
 Reference value :  2.51912e-07
 Reference value :  2.51981e-07
 Reference value :  2.52771e-07
 Reference value :  2.53727e-07
 Reference value :  2.54920e-07
 Reference value :  2.56001e-07
 Reference value :  2.56954e-07
 Reference value :  2.57961e-07
 Reference value :  2.59203e-07
 Reference value :  2.59295e-07
 Reference value :  2.59345e-07
 Reference value :  2.59704e-07
 Reference value :  2.60672e-07
 Reference value :  2.61825e-07
 Reference value :  2.62949e-07
 Reference value :  2.63893e-07
 Reference value :  2.64870e-07
 Reference value :  2.66111e-07
 Reference value :  2.67130e-07
 Reference value :  2.68083e-07
 Reference value :  2.69232e-07
 Reference value :  2.70352e-07
 Reference value :  2.70406e-07
 Reference value :  2.70455e-07
 Reference value :  2.70813e-07
 Reference value :  2.71763e-07
 Reference value :  2.72722e-07
 Reference value :  2.73902e-07
 Reference value :  2.74110e-07
 Reference value :  2.74159e-07
 Reference value :  2.74484e-07
 Reference value :  2.75473e-07
 Reference value :  2.76479e-07
 Reference value :  2.77685e-07
 Reference value :  2.77812e-07
 Reference value :  2.77862e-07
 Reference value :  2.78221e-07
 Reference value :  2.79171e-07
 Reference value :  2.80147e-07
 Reference value :  2.81349e-07
 Reference value :  2.81516e-07
 Reference value :  2.81565e-07
 Reference value :  2.81858e-07
 Reference value :  2.82870e-07
 Reference value :  2.83824e-07
 Reference value :  2.84973e-07
 Reference value :  2.85218e-07
 Reference value :  2.85268e-07
 Reference value :  2.85597e-07
 Reference value :  2.86578e-07
 Reference value :  2.87591e-07
 Reference value :  2.88796e-07
 Reference value :  2.89801e-07
 Reference value :  2.90762e-07
 Reference value :  2.91837e-07
 Reference value :  2.92602e-07
 Reference value :  2.92665e-07
 Reference value :  2.92720e-07
 Reference value :  2.93519e-07
 Reference value :  2.94499e-07
 Reference value :  2.95701e-07
 Reference value :  2.96741e-07
 Reference value :  2.97705e-07
 Reference value :  2.98742e-07
 Reference value :  2.99944e-07
 Reference value :  3.00919e-07
 Reference value :  3.01875e-07
 Reference value :  3.02988e-07
 Reference value :  3.04077e-07
 Reference value :  3.05094e-07
 Reference value :  3.06055e-07
 Reference value :  3.07275e-07
 Reference value :  3.08315e-07
 Reference value :  3.09280e-07
 Reference value :  3.10396e-07
 Reference value :  3.11118e-07
 Reference value :  3.11179e-07
 Reference value :  3.11233e-07
 Reference value :  3.11981e-07
 Reference value :  3.12967e-07
 Reference value :  3.13944e-07
 Reference value :  3.14820e-07
 Reference value :  3.14883e-07
 Reference value :  3.14927e-07
 Reference value :  3.15648e-07
 Reference value :  3.16671e-07
 Reference value :  3.17647e-07
 Reference value :  3.18522e-07
 Reference value :  3.18584e-07
 Reference value :  3.18644e-07
 Reference value :  3.19437e-07
 Reference value :  3.20394e-07
 Reference value :  3.21507e-07
 Reference value :  3.22596e-07
 Reference value :  3.23613e-07
 Reference value :  3.24574e-07
 Reference value :  3.25754e-07
 Reference value :  3.26832e-07
 Reference value :  3.27788e-07
 Reference value :  3.28794e-07
 Reference value :  3.29843e-07
 Reference value :  3.31001e-07
 Reference value :  3.31966e-07
 Reference value :  3.33041e-07
 Reference value :  3.33366e-07
 Reference value :  3.33415e-07
 Reference value :  3.33614e-07
 Reference value :  3.34704e-07
 Reference value :  3.35668e-07
 Reference value :  3.36705e-07
 Reference value :  3.37791e-07
 Reference value :  3.38882e-07
 Reference value :  3.39838e-07
 Reference value :  3.40846e-07
 Reference value :  3.42037e-07
 Reference value :  3.43057e-07
 Reference value :  3.44018e-07
 Reference value :  3.44469e-07
 Reference value :  3.44525e-07
 Reference value :  3.44685e-07
 Reference value :  3.45701e-07
 Reference value :  3.46759e-07
 Reference value :  3.47713e-07
 Reference value :  3.48742e-07
 Reference value :  3.49828e-07
 Reference value :  3.50870e-07
 Reference value :  3.51856e-07
 Reference value :  3.52801e-07
 Reference value :  3.53914e-07
 Reference value :  3.55073e-07
 Reference value :  3.55568e-07
 Reference value :  3.55636e-07
 Reference value :  3.55749e-07
 Reference value :  3.56652e-07
 Reference value :  3.57852e-07
 Reference value :  3.58816e-07
 Reference value :  3.59279e-07
 Reference value :  3.59339e-07
 Reference value :  3.59457e-07
 Reference value :  3.60436e-07
 Reference value :  3.61556e-07
 Reference value :  3.62510e-07
 Reference value :  3.63449e-07
 Reference value :  3.64602e-07
 Reference value :  3.65727e-07
 Reference value :  3.66667e-07
 Reference value :  3.66715e-07
 Reference value :  3.66760e-07
 Reference value :  3.67153e-07
 Reference value :  3.68186e-07
 Reference value :  3.69388e-07
 Reference value :  3.70370e-07
 Reference value :  3.70418e-07
 Reference value :  3.70467e-07
 Reference value :  3.70870e-07
 Reference value :  3.72050e-07
 Reference value :  3.73148e-07
 Reference value :  3.74102e-07
 Reference value :  3.75171e-07
 Reference value :  3.76369e-07
 Reference value :  3.77335e-07
 Reference value :  3.77800e-07
 Reference value :  3.77858e-07
 Reference value :  3.77982e-07
 Reference value :  3.78914e-07
 Reference value :  3.79960e-07
 Reference value :  3.80999e-07
 Reference value :  3.81855e-07
 Reference value :  3.82850e-07
 Reference value :  3.83782e-07
 Reference value :  3.84722e-07
 Reference value :  3.85197e-07
 Reference value :  3.85256e-07
 Reference value :  3.85303e-07
 Reference value :  3.85819e-07
 Reference value :  3.86745e-07
 Reference value :  3.87631e-07
 Reference value :  3.88516e-07
 Reference value :  3.88909e-07
 Reference value :  3.88969e-07
 Reference value :  3.89024e-07
 Reference value :  3.89795e-07
 Reference value :  3.90723e-07
 Reference value :  3.91660e-07
 Reference value :  3.92594e-07
 Reference value :  3.93519e-07
 Reference value :  3.94454e-07
 Reference value :  3.95391e-07
 Reference value :  3.96296e-07
 Reference value :  3.96340e-07
 Reference value :  3.96381e-07
 Reference value :  3.96677e-07
 Reference value :  3.97629e-07
 Reference value :  3.98479e-07
 Reference value :  3.99325e-07
 Reference value :  4.00003e-07
 Reference value :  4.00055e-07
 Reference value :  4.00092e-07
 Reference value :  4.00449e-07
 Reference value :  4.01389e-07
 Reference value :  4.02319e-07
 Reference value :  4.03251e-07
 Reference value :  4.03719e-07
 Reference value :  4.03777e-07
 Reference value :  4.03829e-07
 Reference value :  4.04537e-07
 Reference value :  4.05463e-07
 Reference value :  4.06425e-07
 Reference value :  4.07389e-07
 Reference value :  4.07442e-07
 Reference value :  4.07488e-07
 Reference value :  4.07611e-07
 Reference value :  4.08370e-07
 Reference value :  4.09314e-07
 Reference value :  4.10316e-07
 Reference value :  4.11216e-07
 Reference value :  4.12208e-07
 Reference value :  4.13174e-07
 Reference value :  4.14099e-07
 Reference value :  4.14817e-07
 Reference value :  4.14873e-07
 Reference value :  4.14909e-07
 Reference value :  4.15279e-07
 Reference value :  4.16214e-07
 Reference value :  4.17151e-07
 Reference value :  4.18083e-07
 Reference value :  4.18539e-07
 Reference value :  4.18599e-07
 Reference value :  4.18650e-07
 Reference value :  4.19424e-07
 Reference value :  4.20363e-07
 Reference value :  4.21300e-07
 Reference value :  4.22232e-07
 Reference value :  4.23150e-07
 Reference value :  4.24078e-07
 Reference value :  4.25020e-07
 Reference value :  4.25949e-07
 Reference value :  4.26873e-07
 Reference value :  4.27806e-07
 Reference value :  4.28758e-07
 Reference value :  4.29710e-07
 Reference value :  4.30592e-07
 Reference value :  4.31536e-07
 Reference value :  4.32498e-07
 Reference value :  4.33334e-07
 Reference value :  4.33391e-07
 Reference value :  4.33427e-07
 Reference value :  4.33806e-07
 Reference value :  4.34743e-07
 Reference value :  4.35685e-07
 Reference value :  4.36629e-07
 Reference value :  4.37059e-07
 Reference value :  4.37117e-07
 Reference value :  4.37176e-07
 Reference value :  4.37945e-07
 Reference value :  4.38875e-07
 Reference value :  4.39808e-07
 Reference value :  4.40741e-07
 Reference value :  4.41649e-07
 Reference value :  4.42579e-07
 Reference value :  4.43519e-07
 Reference value :  4.44444e-07
 Reference value :  4.44482e-07
 Reference value :  4.44528e-07
 Reference value :  4.44757e-07
 Reference value :  4.45661e-07
 Reference value :  4.46587e-07
 Reference value :  4.47513e-07
 Reference value :  4.48402e-07
 Reference value :  4.49405e-07
 Reference value :  4.50371e-07
 Reference value :  4.51369e-07
 Reference value :  4.52226e-07
 Reference value :  4.53221e-07
 Reference value :  4.54160e-07
 Reference value :  4.55094e-07
 Reference value :  4.55570e-07
 Reference value :  4.55630e-07
 Reference value :  4.55672e-07
 Reference value :  4.56229e-07
 Reference value :  4.57235e-07
 Reference value :  4.58161e-07
 Reference value :  4.59203e-07
 Reference value :  4.60053e-07
 Reference value :  4.61019e-07
 Reference value :  4.62017e-07
 Reference value :  4.62945e-07
 Reference value :  4.62997e-07
 Reference value :  4.63045e-07
 Reference value :  4.63224e-07
 Reference value :  4.64059e-07
 Reference value :  4.65025e-07
 Reference value :  4.65991e-07
 Reference value :  4.66672e-07
 Reference value :  4.66727e-07
 Reference value :  4.66761e-07
 Reference value :  4.67134e-07
 Reference value :  4.68077e-07
 Reference value :  4.69009e-07
 Reference value :  4.69962e-07
 Reference value :  4.70391e-07
 Reference value :  4.70450e-07
 Reference value :  4.70517e-07
 Reference value :  4.71282e-07
 Reference value :  4.72222e-07
 Reference value :  4.73148e-07
 Reference value :  4.74075e-07
 Reference value :  4.74986e-07
 Reference value :  4.75919e-07
 Reference value :  4.76853e-07
 Reference value :  4.77778e-07
 Reference value :  4.77817e-07
 Reference value :  4.77861e-07
 Reference value :  4.78120e-07
 Reference value :  4.79074e-07
 Reference value :  4.80036e-07
 Reference value :  4.80926e-07
 Reference value :  4.81488e-07
 Reference value :  4.81544e-07
 Reference value :  4.81583e-07
 Reference value :  4.81966e-07
 Reference value :  4.82898e-07
 Reference value :  4.83927e-07
 Reference value :  4.84933e-07
 Reference value :  4.85214e-07
 Reference value :  4.85265e-07
 Reference value :  4.85333e-07
 Reference value :  4.86104e-07
 Reference value :  4.87038e-07
 Reference value :  4.87967e-07
 Reference value :  4.88909e-07
 Reference value :  4.89825e-07
 Reference value :  4.90751e-07
 Reference value :  4.91687e-07
 Reference value :  4.92613e-07
 Reference value :  4.93523e-07
 Reference value :  4.94454e-07
 Reference value :  4.95390e-07
 Reference value :  4.96296e-07
 Reference value :  4.96332e-07
 Reference value :  4.96378e-07
 Reference value :  4.96520e-07
 Reference value :  4.97277e-07
 Reference value :  4.98279e-07
 Reference value :  4.99245e-07
 Reference value :  5.00003e-07
 Reference value :  5.00055e-07
 Reference value :  5.00092e-07
 Reference value :  5.00463e-07
 Reference value :  5.01390e-07
 Reference value :  5.02325e-07
 Reference value :  5.03262e-07
 Reference value :  5.04176e-07
 Reference value :  5.05114e-07
 Reference value :  5.06042e-07
 Reference value :  5.06981e-07
 Reference value :  5.07891e-07
 Reference value :  5.08820e-07
 Reference value :  5.09746e-07
 Reference value :  5.10676e-07
 Reference value :  5.11125e-07
 Reference value :  5.11182e-07
 Reference value :  5.11233e-07
 Reference value :  5.11785e-07
 Reference value :  5.12751e-07
 Reference value :  5.13756e-07
 Reference value :  5.14759e-07
 Reference value :  5.15648e-07
 Reference value :  5.16610e-07
 Reference value :  5.17575e-07
 Reference value :  5.18505e-07
 Reference value :  5.18553e-07
 Reference value :  5.18600e-07
 Reference value :  5.18712e-07
 Reference value :  5.19466e-07
 Reference value :  5.20398e-07
 Reference value :  5.21324e-07
 Reference value :  5.22396e-07
 Reference value :  5.23399e-07
 Reference value :  5.24445e-07
 Reference value :  5.25449e-07
 Reference value :  5.25935e-07
 Reference value :  5.25996e-07
 Reference value :  5.26055e-07
 Reference value :  5.26873e-07
 Reference value :  5.27868e-07
 Reference value :  5.28834e-07
 Reference value :  5.29713e-07
 Reference value :  5.30592e-07
 Reference value :  5.31518e-07
 Reference value :  5.32444e-07
 Reference value :  5.33334e-07
 Reference value :  5.33381e-07
 Reference value :  5.33421e-07
 Reference value :  5.33676e-07
 Reference value :  5.34590e-07
 Reference value :  5.35516e-07
 Reference value :  5.36442e-07
 Reference value :  5.37040e-07
 Reference value :  5.37095e-07
 Reference value :  5.37129e-07
 Reference value :  5.37493e-07
 Reference value :  5.38412e-07
 Reference value :  5.39296e-07
 Reference value :  5.40185e-07
 Reference value :  5.40747e-07
 Reference value :  5.40804e-07
 Reference value :  5.40839e-07
 Reference value :  5.41214e-07
 Reference value :  5.42139e-07
 Reference value :  5.43065e-07
 Reference value :  5.43981e-07
 Reference value :  5.44452e-07
 Reference value :  5.44507e-07
 Reference value :  5.44546e-07
 Reference value :  5.44962e-07
 Reference value :  5.45964e-07
 Reference value :  5.46890e-07
 Reference value :  5.47856e-07
 Reference value :  5.48172e-07
 Reference value :  5.48228e-07
 Reference value :  5.48279e-07
 Reference value :  5.48982e-07
 Reference value :  5.49908e-07
 Reference value :  5.50794e-07
 Reference value :  5.51719e-07
 Reference value :  5.51878e-07
 Reference value :  5.51932e-07
 Reference value :  5.52039e-07
 Reference value :  5.52799e-07
 Reference value :  5.53725e-07
 Reference value :  5.54760e-07
 Reference value :  5.55556e-07
 Reference value :  5.55556e-07
 Reference value :  5.55561e-07
 Reference value :  5.55997e-07
 Reference value :  5.58037e-07
 Reference value :  5.59264e-07
 Reference value :  5.59324e-07
 Reference value :  5.59368e-07
No. of Data Rows : 32911
m_ui_ref            =  3.70370e-09 targ=  7.44741e-09 trig=  3.74370e-09
m_height_c0_0 = -8.422210171e-01
m_height_c0_1 = 9.9959520071e-01
m_height_c0_2 = 9.9959520072e-01
m_height_c0_3 = 9.9959520073e-01
m_height_c0_4 = 9.9959520073e-01
m_height_c0_5 = 9.9959520072e-01
m_height_c0_6 = 9.9959520073e-01
m_height_c0_7 = 9.9959520072e-01
m_eyeh_max_c0 = 9.9959520073e-01
m_eyemask_margin_c0 = 9.9959520072e-01
m_height_c1_0 = -9.637038996e-01
m_height_c1_1 = 9.9959520074e-01
m_height_c1_2 = 9.9959520074e-01
m_height_c1_3 = 9.9959520075e-01
m_height_c1_4 = 9.9959520075e-01
m_height_c1_5 = 9.9959520075e-01
m_height_c1_6 = 9.9959520075e-01
m_height_c1_7 = 9.9959520075e-01
m_eyeh_max_c1 = 9.9959520075e-01
m_eyemask_margin_c1 = 9.9959520074e-01
m_height_c2_0 = -9.794880542e-01
m_height_c2_1 = 9.7260677356e-01
m_height_c2_2 = 9.9940986690e-01
m_height_c2_3 = 9.9959520089e-01
m_height_c2_4 = 9.9959520089e-01
m_height_c2_5 = 9.9959520089e-01
m_height_c2_6 = 9.9959520089e-01
m_height_c2_7 = 9.9959520089e-01
m_eyeh_max_c2 = 9.9959520089e-01
m_eyemask_margin_c2 = 9.9940986690e-01
Note: Simulation executed from .control section 

Warning: m=xx on .subckt line will override multiplier m hierarchy!

Warning: diode_nd2ps_06v0: IKR too small - model effect disabled!
