
Note: Compatibility modes selected: hs a


Circuit: * cml-driver-eye-mask @ tt_27c_3.30v_270mbps -- generated by sim/harness, do not edit

Doing analysis at TEMP = 27.000000 and TNOM = 27.000000

Using SPARSE 1.3 as Direct Linear Solver

Initial Transient Solution
--------------------------

Node                                   Voltage
----                                   -------
avcc                                       3.3
inp                                      2.805
inn                                      1.815
inref                                     0.99
comb1_0                                      0
comb0_0                                      0
comb1_1                                      0
comb0_1                                      0
comb1_2                                      0
comb0_2                                      0
comb1_3                                      0
comb0_3                                      0
comb1_4                                      0
comb0_4                                      0
comb1_5                                      0
comb0_5                                      0
comb1_6                                      0
comb0_6                                      0
comb1_7                                      0
comb0_7                                      0
xc0.xcore.tail__t186                   1.32992
xc0.xcore.ibias__t118                  1.12786
xc0.xcore.vss__t163                5.34567e-06
xc0.xcore.vss__t349                1.47845e-13
xc0.xcore.vss__t60                 5.14896e-06
xc0.xcore.ibias__t117                  1.12786
xc0.xcore.tail__t286                   1.32992
xc0.xcore.vss__t350                1.42405e-13
xc0.xcore.tail__t197                   1.32992
xc0.xcore.ibias__t140                  1.12786
xc0.xcore.vss__t174                4.95265e-06
xc0.xcore.vss__t351                1.36975e-13
xc0.xcore.vss__t68                 4.75681e-06
xc0.xcore.ibias__t133                  1.12786
xc0.xcore.tail__t294                   1.32992
xc0.xcore.vss__t352                1.31559e-13
xc0.xcore.tail__t193                   1.32992
xc0.xcore.ibias__t132                  1.12786
xc0.xcore.vss__t170                4.56149e-06
xc0.xcore.vss__t353                1.26157e-13
xc0.xcore.vss__t67                 4.36676e-06
xc0.xcore.ibias__t131                  1.12786
xc0.xcore.tail__t293                   1.32992
xc0.xcore.vss__t354                1.20771e-13
xc0.xcore.tail__t192                   1.32992
xc0.xcore.ibias__t130                  1.12786
xc0.xcore.vss__t169                 4.1727e-06
xc0.xcore.vss__t355                1.15404e-13
xc0.xcore.vss__t74                 3.97941e-06
xc0.xcore.ibias__t145                  1.12786
xc0.xcore.tail__t300                   1.32992
xc0.xcore.vss__t356                1.10058e-13
xc0.xcore.tail__t191                   1.32992
xc0.xcore.ibias__t128                  1.12786
xc0.xcore.vss__t168                3.78702e-06
xc0.xcore.vss__t357                1.04737e-13
xc0.xcore.vss__t65                 3.59565e-06
xc0.xcore.ibias__t127                  1.12786
xc0.xcore.tail__t291                   1.32992
xc0.xcore.vss__t358                9.94446e-14
xc0.xcore.tail__t190                   1.32992
xc0.xcore.ibias__t126                  1.12786
xc0.xcore.vss__t167                 3.4055e-06
xc0.xcore.vss__t359                9.41854e-14
xc0.xcore.vss__t64                 3.21676e-06
xc0.xcore.ibias__t125                  1.12786
xc0.xcore.tail__t290                   1.32992
xc0.xcore.vss__t360                8.89654e-14
xc0.xcore.tail__t189                   1.32992
xc0.xcore.ibias__t124                  1.12786
xc0.xcore.vss__t166                3.02971e-06
xc0.xcore.vss__t361                8.37922e-14
xc0.xcore.vss__t63                 2.84468e-06
xc0.xcore.ibias__t123                  1.12786
xc0.xcore.tail__t289                   1.32992
xc0.xcore.vss__t362                7.86748e-14
xc0.xcore.tail__t188                   1.32992
xc0.xcore.ibias__t122                  1.12786
xc0.xcore.vss__t165                2.66209e-06
xc0.xcore.vss__t363                7.36249e-14
xc0.xcore.vss__t62                 2.48248e-06
xc0.xcore.ibias__t121                  1.12786
xc0.xcore.tail__t288                   1.32992
xc0.xcore.vss__t364                6.86574e-14
xc0.xcore.tail__t187                   1.32992
xc0.xcore.ibias__t120                  1.12786
xc0.xcore.vss__t164                2.30654e-06
xc0.xcore.vss__t365                6.37915e-14
xc0.xcore.vss__t26                 2.13519e-06
xc0.xcore.ibias__t0                    1.12786
xc0.xcore.tail__t252                   1.32992
xc0.xcore.vss__t366                5.90524e-14
xc0.xcore.tail__t175                   1.32992
xc0.xcore.ibias__t97                   1.12786
xc0.xcore.vss__t152                1.96962e-06
xc0.xcore.vss__t367                5.44732e-14
xc0.xcore.vss__t42                 1.81141e-06
xc0.xcore.ibias__t78                   1.12786
xc0.xcore.tail__t268                   1.32992
xc0.xcore.vss__t368                5.00978e-14
xc0.xcore.tail__t164                   1.32992
xc0.xcore.ibias__t77                   1.12786
xc0.xcore.vss__t141                1.66268e-06
xc0.xcore.vss__t369                4.59843e-14
xc0.xcore.vss__t37                 1.52619e-06
xc0.xcore.ibias__t70                   1.12786
xc0.xcore.tail__t263                   1.32992
xc0.xcore.vss__t370                4.22095e-14
xc0.xcore.tail__t167                   1.32992
xc0.xcore.ibias__t82                   1.12786
xc0.xcore.vss__t144                1.40552e-06
xc0.xcore.vss__t371                 3.8872e-14
xc0.xcore.vss__t39                 1.30505e-06
xc0.xcore.ibias__t72                   1.12786
xc0.xcore.tail__t265                   1.32992
xc0.xcore.vss__t372                3.60935e-14
xc0.xcore.tail__t162                   1.32992
xc0.xcore.ibias__t73                   1.12786
xc0.xcore.vss__t139                1.22976e-06
xc0.xcore.vss__t373                3.40112e-14
xc0.xcore.vss__t40                 1.18445e-06
xc0.xcore.ibias__t74                   1.12786
xc0.xcore.tail__t266                   1.32992
xc0.xcore.vss__t374                3.27581e-14
xc0.xcore.tail__t163                   1.32992
xc0.xcore.ibias__t75                   1.12786
xc0.xcore.vss__t140                1.17261e-06
xc0.xcore.vss__t375                3.24305e-14
xc0.xcore.vss__t41                 1.19522e-06
xc0.xcore.ibias__t76                   1.12786
xc0.xcore.tail__t267                   1.32993
xc0.xcore.vss__t376                3.30559e-14
xc0.xcore.tail__t129                   1.32993
xc0.xcore.ibias__t9                    1.12786
xc0.xcore.vss__t107                1.25042e-06
xc0.xcore.vss__t377                3.45828e-14
xc0.xcore.vss__t6                  1.33418e-06
xc0.xcore.ibias__t8                    1.12786
xc0.xcore.tail__t232                   1.32993
xc0.xcore.vss__t378                3.68992e-14
xc0.xcore.tail__t128                   1.32993
xc0.xcore.ibias__t7                    1.12786
xc0.xcore.vss__t106                1.44152e-06
xc0.xcore.vss__t379                 3.9868e-14
xc0.xcore.vss__t5                  1.56761e-06
xc0.xcore.ibias__t6                    1.12786
xc0.xcore.tail__t231                   1.32993
xc0.xcore.vss__t380                4.33551e-14
xc0.xcore.tail__t141                   1.32993
xc0.xcore.ibias__t31                   1.12786
xc0.xcore.vss__t119                1.70829e-06
xc0.xcore.vss__t381                4.72461e-14
xc0.xcore.vss__t4                  1.86027e-06
xc0.xcore.ibias__t5                    1.12786
xc0.xcore.tail__t230                   1.32993
xc0.xcore.vss__t382                5.14494e-14
xc0.xcore.tail__t158                   1.32993
xc0.xcore.ibias__t62                   1.12786
xc0.xcore.vss__t135                2.02099e-06
xc0.xcore.vss__t383                5.58945e-14
xc0.xcore.vss__t33                 2.18853e-06
xc0.xcore.ibias__t63                   1.12786
xc0.xcore.tail__t259                   1.32993
xc0.xcore.vss__t384                6.05283e-14
xc0.xcore.tail__t159                   1.32993
xc0.xcore.ibias__t64                   1.12786
xc0.xcore.vss__t136                2.36143e-06
xc0.xcore.vss__t385                6.53105e-14
xc0.xcore.vss__t34                 2.53861e-06
xc0.xcore.ibias__t65                   1.12786
xc0.xcore.tail__t260                   1.32993
xc0.xcore.vss__t386                7.02109e-14
xc0.xcore.tail__t160                   1.32993
xc0.xcore.ibias__t66                   1.12786
xc0.xcore.vss__t137                2.71923e-06
xc0.xcore.vss__t387                7.52063e-14
xc0.xcore.vss__t35                 2.90264e-06
xc0.xcore.ibias__t67                   1.12786
xc0.xcore.tail__t261                   1.32993
xc0.xcore.vss__t388                8.02791e-14
xc0.xcore.tail__t161                   1.32993
xc0.xcore.ibias__t68                   1.12786
xc0.xcore.vss__t138                3.08835e-06
xc0.xcore.vss__t389                8.54154e-14
xc0.xcore.vss__t36                 3.27596e-06
xc0.xcore.ibias__t69                   1.12786
xc0.xcore.tail__t262                   1.32993
xc0.xcore.vss__t390                9.06044e-14
xc0.xcore.tail__t130                   1.32993
xc0.xcore.ibias__t10                   1.12786
xc0.xcore.vss__t108                3.46517e-06
xc0.xcore.vss__t391                9.58376e-14
xc0.xcore.vss__t13                 3.65573e-06
xc0.xcore.ibias__t23                   1.12786
xc0.xcore.tail__t239                   1.32993
xc0.xcore.vss__t392                1.01108e-13
xc0.xcore.tail__t137                   1.32993
xc0.xcore.ibias__t24                   1.12786
xc0.xcore.vss__t115                3.84743e-06
xc0.xcore.vss__t393                 1.0641e-13
xc0.xcore.vss__t14                 4.04013e-06
xc0.xcore.ibias__t25                   1.12786
xc0.xcore.tail__t240                   1.32993
xc0.xcore.vss__t394                 1.1174e-13
xc0.xcore.tail__t138                   1.32993
xc0.xcore.ibias__t26                   1.12786
xc0.xcore.vss__t116                4.23367e-06
xc0.xcore.vss__t395                1.17093e-13
xc0.xcore.vss__t15                 4.42795e-06
xc0.xcore.ibias__t27                   1.12786
xc0.xcore.tail__t241                   1.32993
xc0.xcore.vss__t396                1.22467e-13
xc0.xcore.tail__t139                   1.32993
xc0.xcore.ibias__t28                   1.12786
xc0.xcore.vss__t117                4.62287e-06
xc0.xcore.vss__t397                1.27858e-13
xc0.xcore.vss__t16                 4.81836e-06
xc0.xcore.ibias__t29                   1.12786
xc0.xcore.tail__t242                   1.32993
xc0.xcore.vss__t398                1.33265e-13
xc0.xcore.tail__t140                   1.32993
xc0.xcore.ibias__t30                   1.12786
xc0.xcore.vss__t118                5.01436e-06
xc0.xcore.vss__t399                1.38686e-13
xc0.xcore.vss__t21                 5.21079e-06
xc0.xcore.ibias__t41                   1.12786
xc0.xcore.tail__t247                   1.32993
xc0.xcore.vss__t400                1.44119e-13
xc0.xcore.tail__t142                   1.32993
xc0.xcore.ibias__t32                   1.12786
xc0.xcore.vss__t120                5.40763e-06
xc0.xcore.vss__t401                1.49563e-13
xc0.xcore.vss__t17                 5.60481e-06
xc0.xcore.ibias__t33                   1.12786
xc0.xcore.tail__t243                   1.32993
xc0.xcore.vss__t402                1.55017e-13
xc0.xcore.tail__t143                   1.32993
xc0.xcore.ibias__t34                   1.12786
xc0.xcore.vss__t121                5.80232e-06
xc0.xcore.vss__t403                 1.6048e-13
xc0.xcore.vss__t18                 6.00011e-06
xc0.xcore.ibias__t35                   1.12786
xc0.xcore.tail__t244                   1.32993
xc0.xcore.vss__t404                 1.6595e-13
xc0.xcore.tail__t144                   1.32993
xc0.xcore.ibias__t36                   1.12786
xc0.xcore.vss__t122                6.19816e-06
xc0.xcore.vss__t405                1.71428e-13
xc0.xcore.vss__t19                 6.39644e-06
xc0.xcore.ibias__t37                   1.12786
xc0.xcore.tail__t245                   1.32993
xc0.xcore.vss__t406                1.76912e-13
xc0.xcore.tail__t145                   1.32993
xc0.xcore.ibias__t38                   1.12786
xc0.xcore.vss__t123                6.59494e-06
xc0.xcore.vss__t407                1.82402e-13
xc0.xcore.vss__t20                 6.79363e-06
xc0.xcore.ibias__t39                   1.12786
xc0.xcore.tail__t246                   1.32993
xc0.xcore.vss__t408                1.87898e-13
xc0.xcore.tail__t146                   1.32993
xc0.xcore.ibias__t40                   1.12786
xc0.xcore.vss__t124                6.99251e-06
xc0.xcore.vss__t409                1.93398e-13
xc0.xcore.vss__t8                  7.19154e-06
xc0.xcore.ibias__t12                   1.12786
xc0.xcore.tail__t234                   1.32993
xc0.xcore.vss__t410                1.98903e-13
xc0.xcore.tail__t135                   1.32993
xc0.xcore.ibias__t21                   1.12786
xc0.xcore.vss__t113                7.39072e-06
xc0.xcore.vss__t411                2.04412e-13
xc0.xcore.vss__t9                  7.59005e-06
xc0.xcore.ibias__t13                   1.12786
xc0.xcore.tail__t235                   1.32993
xc0.xcore.vss__t412                2.09925e-13
xc0.xcore.tail__t131                   1.32993
xc0.xcore.ibias__t14                   1.12786
xc0.xcore.vss__t109                 7.7895e-06
xc0.xcore.vss__t413                2.15442e-13
xc0.xcore.vss__t10                 7.98907e-06
xc0.xcore.ibias__t15                   1.12786
xc0.xcore.tail__t236                   1.32993
xc0.xcore.vss__t414                2.20962e-13
xc0.xcore.tail__t134                   1.32993
xc0.xcore.ibias__t20                   1.12786
xc0.xcore.vss__t112                8.18874e-06
xc0.xcore.vss__t415                2.26484e-13
xc0.xcore.vss__t12                 8.38852e-06
xc0.xcore.ibias__t19                   1.12786
xc0.xcore.tail__t238                   1.32993
xc0.xcore.vss__t416                 2.3201e-13
xc0.xcore.tail__t133                   1.32993
xc0.xcore.ibias__t18                   1.12786
xc0.xcore.vss__t111                 8.5884e-06
xc0.xcore.vss__t417                2.37538e-13
xc0.xcore.vss__t11                 8.78836e-06
xc0.xcore.ibias__t17                   1.12786
xc0.xcore.tail__t237                   1.32993
xc0.xcore.vss__t418                2.43069e-13
xc0.xcore.tail__t132                   1.32993
xc0.xcore.ibias__t16                   1.12786
xc0.xcore.vss__t110                 8.9884e-06
xc0.xcore.vss__t419                2.48602e-13
xc0.xcore.vss__t7                  9.18852e-06
xc0.xcore.ibias__t11                   1.12786
xc0.xcore.tail__t233                   1.32993
xc0.xcore.vss__t420                2.54137e-13
xc0.xcore.tail__t136                   1.32993
xc0.xcore.ibias__t22                   1.12786
xc0.xcore.vss__t114                9.38872e-06
xc0.xcore.vss__t421                2.59674e-13
xc0.xcore.vss__t23                 9.58898e-06
xc0.xcore.ibias__t45                   1.12786
xc0.xcore.tail__t249                   1.32993
xc0.xcore.vss__t422                2.65213e-13
xc0.xcore.tail__t150                   1.32993
xc0.xcore.ibias__t46                   1.12786
xc0.xcore.vss__t127                 9.7893e-06
xc0.xcore.vss__t423                2.70754e-13
xc0.xcore.vss__t24                 9.98968e-06
xc0.xcore.ibias__t47                   1.12786
xc0.xcore.tail__t250                   1.32992
xc0.xcore.vss__t424                2.76296e-13
xc0.xcore.tail__t151                   1.32992
xc0.xcore.ibias__t48                   1.12786
xc0.xcore.vss__t128                1.01901e-05
xc0.xcore.vss__t425                 2.8184e-13
xc0.xcore.vss__t25                 1.03906e-05
xc0.xcore.ibias__t49                   1.12786
xc0.xcore.tail__t251                   1.32992
xc0.xcore.vss__t426                2.87385e-13
xc0.xcore.tail__t152                   1.32992
xc0.xcore.ibias__t50                   1.12786
xc0.xcore.vss__t129                1.05911e-05
xc0.xcore.vss__t427                2.92932e-13
xc0.xcore.vss__t32                 1.07917e-05
xc0.xcore.ibias__t61                   1.12786
xc0.xcore.tail__t258                   1.32992
xc0.xcore.vss__t428                 2.9848e-13
xc0.xcore.tail__t153                   1.32992
xc0.xcore.ibias__t51                   1.12786
xc0.xcore.vss__t130                1.09924e-05
xc0.xcore.vss__t429                3.04029e-13
xc0.xcore.vss__t27                  1.1193e-05
xc0.xcore.ibias__t52                   1.12786
xc0.xcore.tail__t253                   1.32992
xc0.xcore.vss__t430                 3.0958e-13
xc0.xcore.tail__t154                   1.32992
xc0.xcore.ibias__t53                   1.12786
xc0.xcore.vss__t131                1.13937e-05
xc0.xcore.vss__t431                3.15131e-13
xc0.xcore.vss__t28                 1.15945e-05
xc0.xcore.ibias__t54                   1.12786
xc0.xcore.tail__t254                   1.32992
xc0.xcore.vss__t432                3.20684e-13
xc0.xcore.tail__t155                   1.32992
xc0.xcore.ibias__t55                   1.12786
xc0.xcore.vss__t132                1.17953e-05
xc0.xcore.vss__t433                3.26237e-13
xc0.xcore.vss__t29                 1.19961e-05
xc0.xcore.ibias__t56                   1.12786
xc0.xcore.tail__t255                   1.32992
xc0.xcore.vss__t434                3.31792e-13
xc0.xcore.tail__t156                   1.32992
xc0.xcore.ibias__t57                   1.12786
xc0.xcore.vss__t133                1.21969e-05
xc0.xcore.vss__t435                3.37347e-13
xc0.xcore.vss__t30                 1.23978e-05
xc0.xcore.ibias__t58                   1.12786
xc0.xcore.tail__t256                   1.32992
xc0.xcore.vss__t436                3.42903e-13
xc0.xcore.tail__t157                   1.32992
xc0.xcore.ibias__t59                   1.12786
xc0.xcore.vss__t134                1.25987e-05
xc0.xcore.vss__t437                 3.4846e-13
xc0.xcore.vss__t31                 1.27997e-05
xc0.xcore.ibias__t60                   1.12786
xc0.xcore.tail__t257                   1.32992
xc0.xcore.vss__t438                3.54018e-13
xc0.xcore.tail__t211                   1.32992
xc0.xcore.ibias__t176                  1.12786
xc0.xcore.vss__t193                1.30006e-05
xc0.xcore.vss__t439                3.59577e-13
xc0.xcore.vss__t88                 1.32016e-05
xc0.xcore.ibias__t175                  1.12786
xc0.xcore.tail__t311                   1.32992
xc0.xcore.vss__t440                3.65136e-13
xc0.xcore.tail__t165                   1.32992
xc0.xcore.ibias__t79                   1.12786
xc0.xcore.vss__t142                1.34026e-05
xc0.xcore.vss__t441                3.70696e-13
xc0.xcore.vss__t43                 1.36037e-05
xc0.xcore.ibias__t80                   1.12786
xc0.xcore.tail__t269                   1.32992
xc0.xcore.vss__t442                3.76256e-13
xc0.xcore.tail__t166                   1.32992
xc0.xcore.ibias__t81                   1.12786
xc0.xcore.vss__t143                1.38047e-05
xc0.xcore.vss__t443                3.81817e-13
xc0.xcore.vss__t38                 1.40058e-05
xc0.xcore.ibias__t71                   1.12786
xc0.xcore.tail__t264                   1.32992
xc0.xcore.vss__t444                3.87379e-13
xc0.xcore.tail__t147                   1.32992
xc0.xcore.ibias__t42                   1.12786
xc0.xcore.vss__t125                1.42069e-05
xc0.xcore.vss__t445                3.92941e-13
xc0.xcore.vss__t22                  1.4408e-05
xc0.xcore.ibias__t43                   1.12786
xc0.xcore.tail__t248                   1.32992
xc0.xcore.vss__t446                3.98504e-13
xc0.xcore.tail__t148                   1.32992
xc0.xcore.ibias__t44                   1.12786
xc0.xcore.vss__t126                1.46092e-05
xc0.xcore.vss__t447                4.04067e-13
xc0.xcore.vss__t0                  1.48103e-05
xc0.xcore.ibias__t1                    1.12786
xc0.xcore.tail__t149                   1.32992
xc0.xcore.vss__t456                4.09631e-13
xc0.xcore.tail__t229                   1.32988
xc0.xcore.ibias__t2                    1.12786
xc0.xcore.vss__t1                  2.54219e-05
xc0.xcore.vss__t458                7.03131e-13
xc0.xcore.vss__t189                2.52203e-05
xc0.xcore.ibias__t170                  1.12786
xc0.xcore.tail__t228                   1.32988
xc0.xcore.vss__t250                6.97556e-13
xc0.xcore.tail__t209                   1.32988
xc0.xcore.ibias__t169                  1.12786
xc0.xcore.vss__t188                2.50188e-05
xc0.xcore.vss__t251                6.91981e-13
xc0.xcore.vss__t86                 2.48172e-05
xc0.xcore.ibias__t168                  1.12786
xc0.xcore.tail__t309                   1.32988
xc0.xcore.vss__t252                6.86406e-13
xc0.xcore.tail__t208                   1.32988
xc0.xcore.ibias__t167                  1.12786
xc0.xcore.vss__t187                2.46157e-05
xc0.xcore.vss__t253                6.80831e-13
xc0.xcore.vss__t85                 2.44141e-05
xc0.xcore.ibias__t166                  1.12786
xc0.xcore.tail__t308                   1.32988
xc0.xcore.vss__t254                6.75257e-13
xc0.xcore.tail__t207                   1.32989
xc0.xcore.ibias__t165                  1.12786
xc0.xcore.vss__t186                2.42126e-05
xc0.xcore.vss__t255                6.69682e-13
xc0.xcore.vss__t84                  2.4011e-05
xc0.xcore.ibias__t164                  1.12786
xc0.xcore.tail__t307                   1.32989
xc0.xcore.vss__t256                6.64107e-13
xc0.xcore.tail__t210                   1.32989
xc0.xcore.ibias__t173                  1.12786
xc0.xcore.vss__t191                2.38095e-05
xc0.xcore.vss__t257                6.58533e-13
xc0.xcore.vss__t87                  2.3608e-05
xc0.xcore.ibias__t172                  1.12786
xc0.xcore.tail__t310                   1.32989
xc0.xcore.vss__t258                6.52959e-13
xc0.xcore.tail__t219                   1.32989
xc0.xcore.ibias__t195                  1.12786
xc0.xcore.vss__t201                2.34065e-05
xc0.xcore.vss__t259                6.47385e-13
xc0.xcore.vss__t99                 2.32049e-05
xc0.xcore.ibias__t194                  1.12786
xc0.xcore.tail__t321                   1.32989
xc0.xcore.vss__t260                6.41811e-13
xc0.xcore.tail__t227                   1.32989
xc0.xcore.ibias__t209                  1.12786
xc0.xcore.vss__t209                2.30034e-05
xc0.xcore.vss__t261                6.36237e-13
xc0.xcore.vss__t97                 2.28019e-05
xc0.xcore.ibias__t192                  1.12786
xc0.xcore.tail__t319                   1.32989
xc0.xcore.vss__t262                6.30663e-13
xc0.xcore.tail__t218                   1.32989
xc0.xcore.ibias__t191                  1.12786
xc0.xcore.vss__t200                2.26004e-05
xc0.xcore.vss__t263                6.25089e-13
xc0.xcore.vss__t96                 2.23989e-05
xc0.xcore.ibias__t190                  1.12786
xc0.xcore.tail__t318                   1.32989
xc0.xcore.vss__t264                6.19515e-13
xc0.xcore.tail__t217                   1.32989
xc0.xcore.ibias__t189                  1.12786
xc0.xcore.vss__t199                2.21974e-05
xc0.xcore.vss__t265                6.13942e-13
xc0.xcore.vss__t95                 2.19959e-05
xc0.xcore.ibias__t188                  1.12786
xc0.xcore.tail__t317                   1.32989
xc0.xcore.vss__t266                6.08369e-13
xc0.xcore.tail__t216                   1.32989
xc0.xcore.ibias__t187                  1.12786
xc0.xcore.vss__t198                2.17944e-05
xc0.xcore.vss__t267                6.02796e-13
xc0.xcore.vss__t94                 2.15929e-05
xc0.xcore.ibias__t186                  1.12786
xc0.xcore.tail__t316                   1.32989
xc0.xcore.vss__t268                5.97223e-13
xc0.xcore.tail__t215                   1.32989
xc0.xcore.ibias__t185                  1.12786
xc0.xcore.vss__t197                2.13915e-05
xc0.xcore.vss__t269                 5.9165e-13
xc0.xcore.vss__t93                   2.119e-05
xc0.xcore.ibias__t184                  1.12786
xc0.xcore.tail__t315                   1.32989
xc0.xcore.vss__t270                5.86077e-13
xc0.xcore.tail__t214                   1.32989
xc0.xcore.ibias__t183                  1.12786
xc0.xcore.vss__t196                2.09885e-05
xc0.xcore.vss__t271                5.80504e-13
xc0.xcore.vss__t92                 2.07871e-05
xc0.xcore.ibias__t182                  1.12786
xc0.xcore.tail__t314                   1.32989
xc0.xcore.vss__t272                5.74932e-13
xc0.xcore.tail__t213                   1.32989
xc0.xcore.ibias__t181                  1.12786
xc0.xcore.vss__t195                2.05856e-05
xc0.xcore.vss__t273                 5.6936e-13
xc0.xcore.vss__t91                 2.03842e-05
xc0.xcore.ibias__t180                  1.12786
xc0.xcore.tail__t313                   1.32989
xc0.xcore.vss__t274                5.63788e-13
xc0.xcore.tail__t212                   1.32989
xc0.xcore.ibias__t179                  1.12786
xc0.xcore.vss__t194                2.01827e-05
xc0.xcore.vss__t275                5.58216e-13
xc0.xcore.vss__t90                 1.99813e-05
xc0.xcore.ibias__t178                  1.12786
xc0.xcore.tail__t312                   1.32989
xc0.xcore.vss__t276                5.52644e-13
xc0.xcore.tail__t206                   1.32989
xc0.xcore.ibias__t161                  1.12786
xc0.xcore.vss__t184                1.97798e-05
xc0.xcore.vss__t277                5.47073e-13
xc0.xcore.vss__t57                 1.95784e-05
xc0.xcore.ibias__t112                  1.12786
xc0.xcore.tail__t283                   1.32989
xc0.xcore.vss__t278                5.41501e-13
xc0.xcore.tail__t183                   1.32989
xc0.xcore.ibias__t111                  1.12786
xc0.xcore.vss__t160                 1.9377e-05
xc0.xcore.vss__t279                 5.3593e-13
xc0.xcore.vss__t56                 1.91756e-05
xc0.xcore.ibias__t110                  1.12786
xc0.xcore.tail__t282                   1.32989
xc0.xcore.vss__t280                5.30359e-13
xc0.xcore.tail__t182                   1.32989
xc0.xcore.ibias__t109                  1.12786
xc0.xcore.vss__t159                1.89742e-05
xc0.xcore.vss__t281                5.24789e-13
xc0.xcore.vss__t55                 1.87728e-05
xc0.xcore.ibias__t108                  1.12786
xc0.xcore.tail__t281                   1.32989
xc0.xcore.vss__t282                5.19218e-13
xc0.xcore.tail__t181                   1.32989
xc0.xcore.ibias__t107                  1.12786
xc0.xcore.vss__t158                1.85714e-05
xc0.xcore.vss__t283                5.13648e-13
xc0.xcore.vss__t54                   1.837e-05
xc0.xcore.ibias__t106                  1.12786
xc0.xcore.tail__t280                   1.32989
xc0.xcore.vss__t284                5.08078e-13
xc0.xcore.tail__t180                    1.3299
xc0.xcore.ibias__t105                  1.12786
xc0.xcore.vss__t157                1.81686e-05
xc0.xcore.vss__t285                5.02508e-13
xc0.xcore.vss__t53                 1.79673e-05
xc0.xcore.ibias__t104                  1.12786
xc0.xcore.tail__t279                    1.3299
xc0.xcore.vss__t286                4.96938e-13
xc0.xcore.tail__t205                    1.3299
xc0.xcore.ibias__t156                  1.12786
xc0.xcore.vss__t182                1.77659e-05
xc0.xcore.vss__t287                4.91369e-13
xc0.xcore.vss__t79                 1.75646e-05
xc0.xcore.ibias__t155                  1.12786
xc0.xcore.tail__t305                    1.3299
xc0.xcore.vss__t288                  4.858e-13
xc0.xcore.tail__t204                    1.3299
xc0.xcore.ibias__t154                  1.12786
xc0.xcore.vss__t181                1.73633e-05
xc0.xcore.vss__t289                4.80231e-13
xc0.xcore.vss__t78                 1.71619e-05
xc0.xcore.ibias__t153                  1.12786
xc0.xcore.tail__t304                    1.3299
xc0.xcore.vss__t290                4.74663e-13
xc0.xcore.tail__t203                    1.3299
xc0.xcore.ibias__t152                  1.12786
xc0.xcore.vss__t180                1.69606e-05
xc0.xcore.vss__t291                4.69095e-13
xc0.xcore.vss__t77                 1.67593e-05
xc0.xcore.ibias__t151                  1.12786
xc0.xcore.tail__t303                    1.3299
xc0.xcore.vss__t292                4.63527e-13
xc0.xcore.tail__t202                    1.3299
xc0.xcore.ibias__t150                  1.12786
xc0.xcore.vss__t179                 1.6558e-05
xc0.xcore.vss__t293                 4.5796e-13
xc0.xcore.vss__t76                 1.63568e-05
xc0.xcore.ibias__t149                  1.12786
xc0.xcore.tail__t302                    1.3299
xc0.xcore.vss__t294                4.52392e-13
xc0.xcore.tail__t201                    1.3299
xc0.xcore.ibias__t148                  1.12786
xc0.xcore.vss__t178                1.61555e-05
xc0.xcore.vss__t295                4.46826e-13
xc0.xcore.vss__t75                 1.59542e-05
xc0.xcore.ibias__t147                  1.12786
xc0.xcore.tail__t301                    1.3299
xc0.xcore.vss__t296                4.41259e-13
xc0.xcore.tail__t200                    1.3299
xc0.xcore.ibias__t146                  1.12786
xc0.xcore.vss__t177                 1.5753e-05
xc0.xcore.vss__t297                4.35693e-13
xc0.xcore.vss__t98                 1.55518e-05
xc0.xcore.ibias__t193                  1.12786
xc0.xcore.tail__t320                    1.3299
xc0.xcore.vss__t298                4.30127e-13
xc0.xcore.tail__t226                    1.3299
xc0.xcore.ibias__t208                  1.12786
xc0.xcore.vss__t208                1.53506e-05
xc0.xcore.vss__t299                4.24562e-13
xc0.xcore.vss__t105                1.51494e-05
xc0.xcore.ibias__t207                  1.12786
xc0.xcore.tail__t327                    1.3299
xc0.xcore.vss__t300                4.18997e-13
xc0.xcore.tail__t225                    1.3299
xc0.xcore.ibias__t206                  1.12786
xc0.xcore.vss__t207                1.49482e-05
xc0.xcore.vss__t301                4.13433e-13
xc0.xcore.vss__t104                 1.4747e-05
xc0.xcore.ibias__t205                  1.12786
xc0.xcore.tail__t326                    1.3299
xc0.xcore.vss__t302                4.07869e-13
xc0.xcore.tail__t224                    1.3299
xc0.xcore.ibias__t204                  1.12786
xc0.xcore.vss__t206                1.45459e-05
xc0.xcore.vss__t303                4.02306e-13
xc0.xcore.vss__t103                1.43447e-05
xc0.xcore.ibias__t203                  1.12786
xc0.xcore.tail__t325                    1.3299
xc0.xcore.vss__t304                3.96743e-13
xc0.xcore.tail__t223                    1.3299
xc0.xcore.ibias__t202                  1.12786
xc0.xcore.vss__t205                1.41436e-05
xc0.xcore.vss__t305                 3.9118e-13
xc0.xcore.vss__t102                1.39425e-05
xc0.xcore.ibias__t201                  1.12786
xc0.xcore.tail__t324                    1.3299
xc0.xcore.vss__t306                3.85618e-13
xc0.xcore.tail__t222                    1.3299
xc0.xcore.ibias__t200                  1.12786
xc0.xcore.vss__t204                1.37415e-05
xc0.xcore.vss__t307                3.80057e-13
xc0.xcore.vss__t101                1.35404e-05
xc0.xcore.ibias__t199                  1.12786
xc0.xcore.tail__t323                    1.3299
xc0.xcore.vss__t308                3.74496e-13
xc0.xcore.tail__t221                    1.3299
xc0.xcore.ibias__t198                  1.12786
xc0.xcore.vss__t203                1.33394e-05
xc0.xcore.vss__t309                3.68936e-13
xc0.xcore.vss__t100                1.31384e-05
xc0.xcore.ibias__t197                  1.12786
xc0.xcore.tail__t322                    1.3299
xc0.xcore.vss__t310                3.63376e-13
xc0.xcore.tail__t220                    1.3299
xc0.xcore.ibias__t196                  1.12786
xc0.xcore.vss__t202                1.29374e-05
xc0.xcore.vss__t311                3.57818e-13
xc0.xcore.vss__t80                 1.27365e-05
xc0.xcore.ibias__t157                  1.12786
xc0.xcore.tail__t306                    1.3299
xc0.xcore.vss__t312                3.52259e-13
xc0.xcore.tail__t185                    1.3299
xc0.xcore.ibias__t116                  1.12786
xc0.xcore.vss__t162                1.25355e-05
xc0.xcore.vss__t313                3.46702e-13
xc0.xcore.vss__t59                 1.23346e-05
xc0.xcore.ibias__t115                  1.12786
xc0.xcore.tail__t285                    1.3299
xc0.xcore.vss__t314                3.41145e-13
xc0.xcore.tail__t184                   1.32991
xc0.xcore.ibias__t114                  1.12786
xc0.xcore.vss__t161                1.21338e-05
xc0.xcore.vss__t315                 3.3559e-13
xc0.xcore.vss__t71                 1.19329e-05
xc0.xcore.ibias__t139                  1.12786
xc0.xcore.tail__t297                   1.32991
xc0.xcore.vss__t316                3.30035e-13
xc0.xcore.tail__t196                   1.32991
xc0.xcore.ibias__t138                  1.12786
xc0.xcore.vss__t173                1.17321e-05
xc0.xcore.vss__t317                3.24481e-13
xc0.xcore.vss__t70                 1.15313e-05
xc0.xcore.ibias__t137                  1.12786
xc0.xcore.tail__t296                   1.32991
xc0.xcore.vss__t318                3.18928e-13
xc0.xcore.tail__t195                   1.32991
xc0.xcore.ibias__t136                  1.12786
xc0.xcore.vss__t172                1.13306e-05
xc0.xcore.vss__t319                3.13376e-13
xc0.xcore.vss__t69                 1.11299e-05
xc0.xcore.ibias__t135                  1.12786
xc0.xcore.tail__t295                   1.32991
xc0.xcore.vss__t320                3.07825e-13
xc0.xcore.tail__t194                   1.32991
xc0.xcore.ibias__t134                  1.12786
xc0.xcore.vss__t171                1.09292e-05
xc0.xcore.vss__t321                3.02275e-13
xc0.xcore.vss__t61                 1.07286e-05
xc0.xcore.ibias__t119                  1.12786
xc0.xcore.tail__t287                   1.32991
xc0.xcore.vss__t322                2.96726e-13
xc0.xcore.tail__t179                   1.32991
xc0.xcore.ibias__t103                  1.12786
xc0.xcore.vss__t156                1.05281e-05
xc0.xcore.vss__t323                2.91179e-13
xc0.xcore.vss__t48                 1.03275e-05
xc0.xcore.ibias__t92                   1.12786
xc0.xcore.tail__t274                   1.32991
xc0.xcore.vss__t324                2.85632e-13
xc0.xcore.tail__t178                   1.32991
xc0.xcore.ibias__t102                  1.12786
xc0.xcore.vss__t155                1.01271e-05
xc0.xcore.vss__t325                2.80088e-13
xc0.xcore.vss__t52                 9.92664e-06
xc0.xcore.ibias__t101                  1.12786
xc0.xcore.tail__t278                   1.32991
xc0.xcore.vss__t326                2.74545e-13
xc0.xcore.tail__t177                   1.32991
xc0.xcore.ibias__t100                  1.12786
xc0.xcore.vss__t154                9.72627e-06
xc0.xcore.vss__t327                2.69003e-13
xc0.xcore.vss__t51                 9.52597e-06
xc0.xcore.ibias__t99                   1.12786
xc0.xcore.tail__t277                   1.32991
xc0.xcore.vss__t328                2.63463e-13
xc0.xcore.tail__t176                   1.32991
xc0.xcore.ibias__t98                   1.12786
xc0.xcore.vss__t153                9.32573e-06
xc0.xcore.vss__t329                2.57925e-13
xc0.xcore.vss__t58                 9.12556e-06
xc0.xcore.ibias__t113                  1.12786
xc0.xcore.tail__t284                   1.32991
xc0.xcore.vss__t330                2.52388e-13
xc0.xcore.tail__t174                   1.32991
xc0.xcore.ibias__t96                   1.12786
xc0.xcore.vss__t151                8.92547e-06
xc0.xcore.vss__t331                2.46854e-13
xc0.xcore.vss__t50                 8.72545e-06
xc0.xcore.ibias__t95                   1.12786
xc0.xcore.tail__t276                   1.32991
xc0.xcore.vss__t332                2.41322e-13
xc0.xcore.tail__t173                   1.32991
xc0.xcore.ibias__t94                   1.12786
xc0.xcore.vss__t150                8.52551e-06
xc0.xcore.vss__t333                2.35792e-13
xc0.xcore.vss__t49                 8.32567e-06
xc0.xcore.ibias__t93                   1.12786
xc0.xcore.tail__t275                   1.32991
xc0.xcore.vss__t334                2.30265e-13
xc0.xcore.tail__t172                   1.32991
xc0.xcore.ibias__t91                   1.12786
xc0.xcore.vss__t149                8.12592e-06
xc0.xcore.vss__t335                 2.2474e-13
xc0.xcore.vss__t47                 7.92627e-06
xc0.xcore.ibias__t90                   1.12786
xc0.xcore.tail__t273                   1.32991
xc0.xcore.vss__t336                2.19219e-13
xc0.xcore.tail__t171                   1.32991
xc0.xcore.ibias__t89                   1.12786
xc0.xcore.vss__t148                7.72674e-06
xc0.xcore.vss__t337                  2.137e-13
xc0.xcore.vss__t46                 7.52733e-06
xc0.xcore.ibias__t88                   1.12786
xc0.xcore.tail__t272                   1.32991
xc0.xcore.vss__t338                2.08185e-13
xc0.xcore.tail__t170                   1.32991
xc0.xcore.ibias__t87                   1.12786
xc0.xcore.vss__t147                7.32805e-06
xc0.xcore.vss__t339                2.02673e-13
xc0.xcore.vss__t45                 7.12891e-06
xc0.xcore.ibias__t86                   1.12786
xc0.xcore.tail__t271                   1.32991
xc0.xcore.vss__t340                1.97165e-13
xc0.xcore.tail__t169                   1.32991
xc0.xcore.ibias__t85                   1.12786
xc0.xcore.vss__t146                6.92993e-06
xc0.xcore.vss__t341                1.91662e-13
xc0.xcore.vss__t44                 6.73111e-06
xc0.xcore.ibias__t84                   1.12786
xc0.xcore.tail__t270                   1.32991
xc0.xcore.vss__t342                1.86163e-13
xc0.xcore.tail__t168                   1.32991
xc0.xcore.ibias__t83                   1.12786
xc0.xcore.vss__t145                6.53248e-06
xc0.xcore.vss__t343                1.80669e-13
xc0.xcore.vss__t66                 6.33404e-06
xc0.xcore.ibias__t129                  1.12786
xc0.xcore.tail__t292                   1.32991
xc0.xcore.vss__t344                1.75181e-13
xc0.xcore.tail__t199                   1.32991
xc0.xcore.ibias__t144                  1.12786
xc0.xcore.vss__t176                6.13583e-06
xc0.xcore.vss__t345                1.69699e-13
xc0.xcore.vss__t73                 5.93786e-06
xc0.xcore.ibias__t143                  1.12786
xc0.xcore.tail__t299                   1.32992
xc0.xcore.vss__t346                1.64224e-13
xc0.xcore.tail__t198                   1.32992
xc0.xcore.ibias__t142                  1.12786
xc0.xcore.vss__t175                5.74016e-06
xc0.xcore.vss__t347                1.58756e-13
xc0.xcore.vss__t72                 5.54275e-06
xc0.xcore.ibias__t141                  1.12786
xc0.xcore.tail__t298                   1.32992
xc0.xcore.vss__t348                1.53296e-13
xc0.xcore.outp__t53                    2.79539
xc0.xcore.inp__t1                        2.805
xc0.xcore.tail__t0                     1.32999
xc0.xcore.vss__t460                1.51949e-12
xc0.xcore.tail__t119                   1.32999
xc0.xcore.inp__t53                       2.805
xc0.xcore.outp__t52                    2.79539
xc0.xcore.vss__t462                1.53387e-12
xc0.xcore.outp__t46                    2.79539
xc0.xcore.inp__t52                       2.805
xc0.xcore.tail__t118                   1.32999
xc0.xcore.vss__t463                1.54825e-12
xc0.xcore.tail__t58                    1.32999
xc0.xcore.inp__t61                       2.805
xc0.xcore.outp__t82                    2.79539
xc0.xcore.vss__t464                1.56263e-12
xc0.xcore.outp__t30                    2.79538
xc0.xcore.inp__t24                       2.805
xc0.xcore.tail__t98                    1.32999
xc0.xcore.vss__t465                1.57702e-12
xc0.xcore.tail__t38                    1.32999
xc0.xcore.inp__t23                       2.805
xc0.xcore.outp__t64                    2.79538
xc0.xcore.vss__t466                 1.5914e-12
xc0.xcore.outp__t29                    2.79538
xc0.xcore.inp__t22                       2.805
xc0.xcore.tail__t97                    1.32999
xc0.xcore.vss__t467                1.60578e-12
xc0.xcore.tail__t37                       1.33
xc0.xcore.inp__t21                       2.805
xc0.xcore.outp__t63                    2.79538
xc0.xcore.vss__t468                1.62016e-12
xc0.xcore.outp__t28                    2.79538
xc0.xcore.inp__t20                       2.805
xc0.xcore.tail__t96                       1.33
xc0.xcore.vss__t469                1.63455e-12
xc0.xcore.tail__t36                       1.33
xc0.xcore.inp__t19                       2.805
xc0.xcore.outp__t62                    2.79538
xc0.xcore.vss__t470                1.64893e-12
xc0.xcore.outp__t27                    2.79537
xc0.xcore.inp__t18                       2.805
xc0.xcore.tail__t95                       1.33
xc0.xcore.vss__t471                1.66331e-12
xc0.xcore.tail__t35                       1.33
xc0.xcore.inp__t17                       2.805
xc0.xcore.outp__t61                    2.79537
xc0.xcore.vss__t472                 1.6777e-12
xc0.xcore.outp__t26                    2.79537
xc0.xcore.inp__t16                       2.805
xc0.xcore.tail__t94                       1.33
xc0.xcore.vss__t473                1.69208e-12
xc0.xcore.tail__t33                       1.33
xc0.xcore.inp__t15                       2.805
xc0.xcore.outp__t60                    2.79537
xc0.xcore.vss__t474                1.70647e-12
xc0.xcore.outp__t47                    2.79537
xc0.xcore.inp__t54                       2.805
xc0.xcore.tail__t120                      1.33
xc0.xcore.vss__t475                1.72085e-12
xc0.xcore.tail__t54                       1.33
xc0.xcore.inp__t55                       2.805
xc0.xcore.outp__t78                    2.79537
xc0.xcore.vss__t476                1.73524e-12
xc0.xcore.outp__t51                    2.79536
xc0.xcore.inp__t63                       2.805
xc0.xcore.tail__t126                      1.33
xc0.xcore.vss__t477                1.74962e-12
xc0.xcore.tail__t57                       1.33
xc0.xcore.inp__t60                       2.805
xc0.xcore.outp__t81                    2.79536
xc0.xcore.vss__t478                1.76401e-12
xc0.xcore.outp__t49                    2.79536
xc0.xcore.inp__t59                       2.805
xc0.xcore.tail__t122                      1.33
xc0.xcore.vss__t479                 1.7784e-12
xc0.xcore.tail__t56                       1.33
xc0.xcore.inp__t58                       2.805
xc0.xcore.outp__t80                    2.79536
xc0.xcore.vss__t480                1.79278e-12
xc0.xcore.outp__t48                    2.79536
xc0.xcore.inp__t57                       2.805
xc0.xcore.tail__t121                   1.33001
xc0.xcore.vss__t481                1.80717e-12
xc0.xcore.tail__t55                    1.33001
xc0.xcore.inp__t56                       2.805
xc0.xcore.outp__t79                    2.79536
xc0.xcore.vss__t482                1.82156e-12
xc0.xcore.outp__t24                    2.79536
xc0.xcore.inp__t11                       2.805
xc0.xcore.tail__t92                    1.33001
xc0.xcore.vss__t483                1.83594e-12
xc0.xcore.tail__t30                    1.33001
xc0.xcore.inp__t10                       2.805
xc0.xcore.outp__t57                    2.79535
xc0.xcore.vss__t484                1.85033e-12
xc0.xcore.outp__t23                    2.79535
xc0.xcore.inp__t9                        2.805
xc0.xcore.tail__t88                    1.33001
xc0.xcore.vss__t485                1.86472e-12
xc0.xcore.tail__t32                    1.33001
xc0.xcore.inp__t14                       2.805
xc0.xcore.outp__t59                    2.79535
xc0.xcore.vss__t486                1.87911e-12
xc0.xcore.outp__t25                    2.79535
xc0.xcore.inp__t13                       2.805
xc0.xcore.tail__t93                    1.33001
xc0.xcore.vss__t487                 1.8935e-12
xc0.xcore.tail__t60                    1.33001
xc0.xcore.inp__t0                        2.805
xc0.xcore.outp__t83                    2.79535
xc0.xcore.vss__t488                1.90789e-12
xc0.xcore.outp__t50                    2.79535
xc0.xcore.inp__t62                       2.805
xc0.xcore.tail__t123                   1.33001
xc0.xcore.vss__t489                1.92227e-12
xc0.xcore.tail__t42                    1.33001
xc0.xcore.inp__t29                       2.805
xc0.xcore.outp__t67                    2.79534
xc0.xcore.vss__t490                1.93666e-12
xc0.xcore.outp__t32                    2.79534
xc0.xcore.inp__t28                       2.805
xc0.xcore.tail__t102                   1.33001
xc0.xcore.vss__t491                1.95105e-12
xc0.xcore.tail__t41                    1.33001
xc0.xcore.inp__t27                       2.805
xc0.xcore.outp__t66                    2.79534
xc0.xcore.vss__t492                1.96544e-12
xc0.xcore.outp__t31                    2.79534
xc0.xcore.inp__t26                       2.805
xc0.xcore.tail__t101                   1.33002
xc0.xcore.vss__t493                1.97983e-12
xc0.xcore.tail__t40                    1.33002
xc0.xcore.inp__t25                       2.805
xc0.xcore.outp__t65                    2.79534
xc0.xcore.vss__t494                1.99422e-12
xc0.xcore.outp__t20                    2.79534
xc0.xcore.inp__t4                        2.805
xc0.xcore.tail__t74                    1.33002
xc0.xcore.vss__t495                2.00861e-12
xc0.xcore.tail__t14                    1.33002
xc0.xcore.inp__t3                        2.805
xc0.xcore.outp__t54                    2.79533
xc0.xcore.vss__t496                  2.023e-12
xc0.xcore.outp__t22                    2.79533
xc0.xcore.inp__t7                        2.805
xc0.xcore.tail__t76                    1.33002
xc0.xcore.vss__t497                2.03739e-12
xc0.xcore.tail__t16                    1.33002
xc0.xcore.inp__t6                        2.805
xc0.xcore.outp__t55                    2.79533
xc0.xcore.vss__t498                2.05178e-12
xc0.xcore.outp__t21                    2.79533
xc0.xcore.inp__t5                        2.805
xc0.xcore.tail__t75                    1.33002
xc0.xcore.vss__t499                2.06617e-12
xc0.xcore.tail__t19                    1.33002
xc0.xcore.inp__t8                        2.805
xc0.xcore.outp__t56                    2.79533
xc0.xcore.vss__t500                2.08056e-12
xc0.xcore.outp__t45                    2.79533
xc0.xcore.inp__t50                       2.805
xc0.xcore.tail__t116                   1.33002
xc0.xcore.vss__t501                2.09495e-12
xc0.xcore.tail__t51                    1.33002
xc0.xcore.inp__t49                       2.805
xc0.xcore.outp__t76                    2.79532
xc0.xcore.vss__t502                2.10934e-12
xc0.xcore.outp__t44                    2.79532
xc0.xcore.inp__t48                       2.805
xc0.xcore.tail__t115                   1.33002
xc0.xcore.vss__t503                2.12373e-12
xc0.xcore.tail__t50                    1.33002
xc0.xcore.inp__t47                       2.805
xc0.xcore.outp__t75                    2.79532
xc0.xcore.vss__t504                2.13812e-12
xc0.xcore.outp__t43                    2.79532
xc0.xcore.inp__t46                       2.805
xc0.xcore.tail__t114                   1.33002
xc0.xcore.vss__t505                2.15251e-12
xc0.xcore.tail__t49                    1.33003
xc0.xcore.inp__t45                       2.805
xc0.xcore.outp__t74                    2.79532
xc0.xcore.vss__t506                 2.1669e-12
xc0.xcore.outp__t42                    2.79532
xc0.xcore.inp__t44                       2.805
xc0.xcore.tail__t113                   1.33003
xc0.xcore.vss__t507                 2.1813e-12
xc0.xcore.tail__t48                    1.33003
xc0.xcore.inp__t43                       2.805
xc0.xcore.outp__t73                    2.79531
xc0.xcore.vss__t508                2.19569e-12
xc0.xcore.outp__t41                    2.79531
xc0.xcore.inp__t42                       2.805
xc0.xcore.tail__t112                   1.33003
xc0.xcore.vss__t509                2.21008e-12
xc0.xcore.tail__t47                    1.33003
xc0.xcore.inp__t41                       2.805
xc0.xcore.outp__t72                    2.79531
xc0.xcore.vss__t510                2.22447e-12
xc0.xcore.outp__t40                    2.79531
xc0.xcore.inp__t40                       2.805
xc0.xcore.tail__t111                   1.33003
xc0.xcore.vss__t511                2.23886e-12
xc0.xcore.tail__t46                    1.33003
xc0.xcore.inp__t39                       2.805
xc0.xcore.outp__t71                    2.79531
xc0.xcore.vss__t512                2.25325e-12
xc0.xcore.outp__t39                    2.79531
xc0.xcore.inp__t38                       2.805
xc0.xcore.tail__t110                   1.33003
xc0.xcore.vss__t513                2.26764e-12
xc0.xcore.tail__t53                    1.33003
xc0.xcore.inp__t51                       2.805
xc0.xcore.outp__t77                     2.7953
xc0.xcore.vss__t514                2.28203e-12
xc0.xcore.outp__t38                     2.7953
xc0.xcore.inp__t37                       2.805
xc0.xcore.tail__t108                   1.33003
xc0.xcore.vss__t515                2.29643e-12
xc0.xcore.tail__t45                    1.33003
xc0.xcore.inp__t36                       2.805
xc0.xcore.outp__t70                     2.7953
xc0.xcore.vss__t516                2.31082e-12
xc0.xcore.outp__t37                     2.7953
xc0.xcore.inp__t35                       2.805
xc0.xcore.tail__t107                   1.33003
xc0.xcore.vss__t517                2.32521e-12
xc0.xcore.tail__t44                    1.33003
xc0.xcore.inp__t34                       2.805
xc0.xcore.outp__t69                     2.7953
xc0.xcore.vss__t518                 2.3396e-12
xc0.xcore.outp__t36                     2.7953
xc0.xcore.inp__t33                       2.805
xc0.xcore.tail__t106                   1.33004
xc0.xcore.vss__t519                2.35399e-12
xc0.xcore.tail__t31                    1.33004
xc0.xcore.inp__t12                       2.805
xc0.xcore.outp__t58                     2.7953
xc0.xcore.vss__t520                2.36838e-12
xc0.xcore.outp__t35                    2.79529
xc0.xcore.inp__t32                       2.805
xc0.xcore.tail__t104                   1.33004
xc0.xcore.vss__t521                2.38277e-12
xc0.xcore.tail__t43                    1.33004
xc0.xcore.inp__t31                       2.805
xc0.xcore.outp__t68                    2.79529
xc0.xcore.vss__t522                2.39717e-12
xc0.xcore.outp__t33                    2.79529
xc0.xcore.inp__t30                       2.805
xc0.xcore.tail__t103                   1.33004
xc0.xcore.vss__t523                2.41156e-12
xc0.xcore.tail__t1                     1.33004
xc0.xcore.inp__t2                        2.805
xc0.xcore.outp__t34                    2.79529
xc0.xcore.vss__t586                2.42595e-12
xc0.xcore.ibias__t215                  1.12513
xc0.xcore.ibias__t3                    1.12786
xc0.xcore.vss__t2                  2.51858e-05
xc0.xcore.vss__t459                5.66833e-13
xc0.xcore.vss__t81                 2.49859e-05
xc0.xcore.ibias__t158                  1.12786
xc0.xcore.ibias__t216                  1.12516
xc0.xcore.vss__t448                5.62349e-13
xc0.xcore.ibias__t213                  1.12519
xc0.xcore.ibias__t171                  1.12786
xc0.xcore.vss__t190                2.47861e-05
xc0.xcore.vss__t449                5.57865e-13
xc0.xcore.vss__t83                 2.45863e-05
xc0.xcore.ibias__t163                  1.12786
xc0.xcore.ibias__t218                  1.12522
xc0.xcore.vss__t450                5.53381e-13
xc0.xcore.ibias__t212                  1.12525
xc0.xcore.ibias__t162                  1.12786
xc0.xcore.vss__t185                2.43865e-05
xc0.xcore.vss__t451                5.48897e-13
xc0.xcore.vss__t89                 2.41867e-05
xc0.xcore.ibias__t177                  1.12786
xc0.xcore.ibias__t219                  1.12528
xc0.xcore.vss__t452                5.44412e-13
xc0.xcore.ibias__t211                  1.12531
xc0.xcore.ibias__t160                  1.12786
xc0.xcore.vss__t183                2.39868e-05
xc0.xcore.vss__t453                5.39928e-13
xc0.xcore.vss__t82                  2.3787e-05
xc0.xcore.ibias__t159                  1.12786
xc0.xcore.ibias__t217                  1.12534
xc0.xcore.vss__t454                5.35443e-13
xc0.xcore.ibias__t214                  1.12537
xc0.xcore.ibias__t174                  1.12786
xc0.xcore.vss__t192                2.35872e-05
xc0.xcore.vss__t455                5.30958e-13
xc0.xcore.vss__t3                  2.33874e-05
xc0.xcore.ibias__t4                    1.12786
xc0.xcore.ibias__t210                   1.1254
xc0.xcore.vss__t457                5.26473e-13
xc0.xcore.outn__t52                        3.3
xc0.xcore.inn__t1                        1.815
xc0.xcore.tail__t3                     1.32993
xc0.xcore.vss__t461                1.55257e-12
xc0.xcore.tail__t62                    1.32993
xc0.xcore.inn__t58                       1.815
xc0.xcore.outn__t81                        3.3
xc0.xcore.vss__t524                 1.5673e-12
xc0.xcore.outn__t49                        3.3
xc0.xcore.inn__t59                       1.815
xc0.xcore.tail__t124                   1.32993
xc0.xcore.vss__t525                1.58203e-12
xc0.xcore.tail__t63                    1.32993
xc0.xcore.inn__t60                       1.815
xc0.xcore.outn__t82                        3.3
xc0.xcore.vss__t526                1.59677e-12
xc0.xcore.outn__t50                        3.3
xc0.xcore.inn__t61                       1.815
xc0.xcore.tail__t125                   1.32993
xc0.xcore.vss__t527                 1.6115e-12
xc0.xcore.tail__t64                    1.32993
xc0.xcore.inn__t62                       1.815
xc0.xcore.outn__t83                        3.3
xc0.xcore.vss__t528                1.62624e-12
xc0.xcore.outn__t46                        3.3
xc0.xcore.inn__t52                       1.815
xc0.xcore.tail__t105                   1.32993
xc0.xcore.vss__t529                1.64097e-12
xc0.xcore.tail__t15                    1.32993
xc0.xcore.inn__t21                       1.815
xc0.xcore.outn__t63                        3.3
xc0.xcore.vss__t530                1.65571e-12
xc0.xcore.outn__t45                        3.3
xc0.xcore.inn__t51                       1.815
xc0.xcore.tail__t100                   1.32993
xc0.xcore.vss__t531                1.67044e-12
xc0.xcore.tail__t34                    1.32993
xc0.xcore.inn__t48                       1.815
xc0.xcore.outn__t76                        3.3
xc0.xcore.vss__t532                1.68518e-12
xc0.xcore.outn__t44                        3.3
xc0.xcore.inn__t50                       1.815
xc0.xcore.tail__t99                    1.32993
xc0.xcore.vss__t533                1.69992e-12
xc0.xcore.tail__t61                    1.32993
xc0.xcore.inn__t57                       1.815
xc0.xcore.outn__t80                        3.3
xc0.xcore.vss__t534                1.71465e-12
xc0.xcore.outn__t40                        3.3
xc0.xcore.inn__t42                       1.815
xc0.xcore.tail__t87                    1.32993
xc0.xcore.vss__t535                1.72939e-12
xc0.xcore.tail__t27                    1.32993
xc0.xcore.inn__t41                       1.815
xc0.xcore.outn__t73                        3.3
xc0.xcore.vss__t536                1.74413e-12
xc0.xcore.outn__t39                        3.3
xc0.xcore.inn__t40                       1.815
xc0.xcore.tail__t86                    1.32993
xc0.xcore.vss__t537                1.75887e-12
xc0.xcore.tail__t26                    1.32993
xc0.xcore.inn__t39                       1.815
xc0.xcore.outn__t72                        3.3
xc0.xcore.vss__t538                1.77361e-12
xc0.xcore.outn__t38                        3.3
xc0.xcore.inn__t38                       1.815
xc0.xcore.tail__t85                    1.32993
xc0.xcore.vss__t539                1.78834e-12
xc0.xcore.tail__t25                    1.32993
xc0.xcore.inn__t37                       1.815
xc0.xcore.outn__t71                        3.3
xc0.xcore.vss__t540                1.80308e-12
xc0.xcore.outn__t47                        3.3
xc0.xcore.inn__t53                       1.815
xc0.xcore.tail__t109                   1.32993
xc0.xcore.vss__t541                1.81782e-12
xc0.xcore.tail__t52                    1.32993
xc0.xcore.inn__t55                       1.815
xc0.xcore.outn__t78                        3.3
xc0.xcore.vss__t542                1.83256e-12
xc0.xcore.outn__t48                        3.3
xc0.xcore.inn__t54                       1.815
xc0.xcore.tail__t117                   1.32993
xc0.xcore.vss__t543                 1.8473e-12
xc0.xcore.tail__t39                    1.32993
xc0.xcore.inn__t49                       1.815
xc0.xcore.outn__t77                        3.3
xc0.xcore.vss__t544                1.86204e-12
xc0.xcore.outn__t41                        3.3
xc0.xcore.inn__t43                       1.815
xc0.xcore.tail__t89                    1.32993
xc0.xcore.vss__t545                1.87678e-12
xc0.xcore.tail__t29                    1.32993
xc0.xcore.inn__t47                       1.815
xc0.xcore.outn__t75                        3.3
xc0.xcore.vss__t546                1.89152e-12
xc0.xcore.outn__t43                        3.3
xc0.xcore.inn__t46                       1.815
xc0.xcore.tail__t91                    1.32993
xc0.xcore.vss__t547                1.90626e-12
xc0.xcore.tail__t28                    1.32993
xc0.xcore.inn__t45                       1.815
xc0.xcore.outn__t74                        3.3
xc0.xcore.vss__t548                1.92101e-12
xc0.xcore.outn__t42                        3.3
xc0.xcore.inn__t44                       1.815
xc0.xcore.tail__t90                    1.32993
xc0.xcore.vss__t549                1.93575e-12
xc0.xcore.tail__t59                    1.32993
xc0.xcore.inn__t56                       1.815
xc0.xcore.outn__t79                        3.3
xc0.xcore.vss__t550                1.95049e-12
xc0.xcore.outn__t51                        3.3
xc0.xcore.inn__t63                       1.815
xc0.xcore.tail__t127                   1.32993
xc0.xcore.vss__t551                1.96523e-12
xc0.xcore.tail__t13                    1.32993
xc0.xcore.inn__t19                       1.815
xc0.xcore.outn__t62                        3.3
xc0.xcore.vss__t552                1.97997e-12
xc0.xcore.outn__t28                        3.3
xc0.xcore.inn__t18                       1.815
xc0.xcore.tail__t72                    1.32993
xc0.xcore.vss__t553                1.99471e-12
xc0.xcore.tail__t12                    1.32993
xc0.xcore.inn__t17                       1.815
xc0.xcore.outn__t61                        3.3
xc0.xcore.vss__t554                2.00946e-12
xc0.xcore.outn__t27                        3.3
xc0.xcore.inn__t16                       1.815
xc0.xcore.tail__t71                    1.32993
xc0.xcore.vss__t555                 2.0242e-12
xc0.xcore.tail__t11                    1.32993
xc0.xcore.inn__t15                       1.815
xc0.xcore.outn__t60                        3.3
xc0.xcore.vss__t556                2.03894e-12
xc0.xcore.outn__t26                        3.3
xc0.xcore.inn__t14                       1.815
xc0.xcore.tail__t70                    1.32993
xc0.xcore.vss__t557                2.05368e-12
xc0.xcore.tail__t10                    1.32993
xc0.xcore.inn__t13                       1.815
xc0.xcore.outn__t59                        3.3
xc0.xcore.vss__t558                2.06843e-12
xc0.xcore.outn__t25                        3.3
xc0.xcore.inn__t12                       1.815
xc0.xcore.tail__t69                    1.32993
xc0.xcore.vss__t559                2.08317e-12
xc0.xcore.tail__t6                     1.32993
xc0.xcore.inn__t5                        1.815
xc0.xcore.outn__t55                        3.3
xc0.xcore.vss__t560                2.09791e-12
xc0.xcore.outn__t24                        3.3
xc0.xcore.inn__t11                       1.815
xc0.xcore.tail__t68                    1.32993
xc0.xcore.vss__t561                2.11266e-12
xc0.xcore.tail__t4                     1.32993
xc0.xcore.inn__t2                        1.815
xc0.xcore.outn__t53                        3.3
xc0.xcore.vss__t562                 2.1274e-12
xc0.xcore.outn__t21                        3.3
xc0.xcore.inn__t3                        1.815
xc0.xcore.tail__t65                    1.32993
xc0.xcore.vss__t563                2.14215e-12
xc0.xcore.tail__t5                     1.32993
xc0.xcore.inn__t4                        1.815
xc0.xcore.outn__t54                        3.3
xc0.xcore.vss__t564                2.15689e-12
xc0.xcore.outn__t22                        3.3
xc0.xcore.inn__t6                        1.815
xc0.xcore.tail__t66                    1.32993
xc0.xcore.vss__t565                2.17163e-12
xc0.xcore.tail__t7                     1.32993
xc0.xcore.inn__t7                        1.815
xc0.xcore.outn__t56                        3.3
xc0.xcore.vss__t566                2.18638e-12
xc0.xcore.outn__t23                        3.3
xc0.xcore.inn__t8                        1.815
xc0.xcore.tail__t67                    1.32993
xc0.xcore.vss__t567                2.20112e-12
xc0.xcore.tail__t8                     1.32993
xc0.xcore.inn__t9                        1.815
xc0.xcore.outn__t57                        3.3
xc0.xcore.vss__t568                2.21587e-12
xc0.xcore.outn__t29                        3.3
xc0.xcore.inn__t20                       1.815
xc0.xcore.tail__t73                    1.32993
xc0.xcore.vss__t569                2.23061e-12
xc0.xcore.tail__t9                     1.32993
xc0.xcore.inn__t10                       1.815
xc0.xcore.outn__t58                        3.3
xc0.xcore.vss__t570                2.24536e-12
xc0.xcore.outn__t36                        3.3
xc0.xcore.inn__t35                       1.815
xc0.xcore.tail__t83                    1.32993
xc0.xcore.vss__t571                 2.2601e-12
xc0.xcore.tail__t24                    1.32993
xc0.xcore.inn__t34                       1.815
xc0.xcore.outn__t70                        3.3
xc0.xcore.vss__t572                2.27485e-12
xc0.xcore.outn__t35                        3.3
xc0.xcore.inn__t33                       1.815
xc0.xcore.tail__t82                    1.32993
xc0.xcore.vss__t573                 2.2896e-12
xc0.xcore.tail__t23                    1.32993
xc0.xcore.inn__t32                       1.815
xc0.xcore.outn__t69                        3.3
xc0.xcore.vss__t574                2.30434e-12
xc0.xcore.outn__t34                        3.3
xc0.xcore.inn__t31                       1.815
xc0.xcore.tail__t81                    1.32993
xc0.xcore.vss__t575                2.31909e-12
xc0.xcore.tail__t22                    1.32993
xc0.xcore.inn__t30                       1.815
xc0.xcore.outn__t68                        3.3
xc0.xcore.vss__t576                2.33383e-12
xc0.xcore.outn__t33                        3.3
xc0.xcore.inn__t29                       1.815
xc0.xcore.tail__t80                    1.32993
xc0.xcore.vss__t577                2.34858e-12
xc0.xcore.tail__t21                    1.32993
xc0.xcore.inn__t28                       1.815
xc0.xcore.outn__t67                        3.3
xc0.xcore.vss__t578                2.36333e-12
xc0.xcore.outn__t32                        3.3
xc0.xcore.inn__t27                       1.815
xc0.xcore.tail__t79                    1.32993
xc0.xcore.vss__t579                2.37807e-12
xc0.xcore.tail__t20                    1.32993
xc0.xcore.inn__t26                       1.815
xc0.xcore.outn__t66                        3.3
xc0.xcore.vss__t580                2.39282e-12
xc0.xcore.outn__t37                        3.3
xc0.xcore.inn__t36                       1.815
xc0.xcore.tail__t84                    1.32993
xc0.xcore.vss__t581                2.40756e-12
xc0.xcore.tail__t18                    1.32993
xc0.xcore.inn__t25                       1.815
xc0.xcore.outn__t65                        3.3
xc0.xcore.vss__t582                2.42231e-12
xc0.xcore.outn__t31                        3.3
xc0.xcore.inn__t24                       1.815
xc0.xcore.tail__t78                    1.32993
xc0.xcore.vss__t583                2.43706e-12
xc0.xcore.tail__t17                    1.32993
xc0.xcore.inn__t23                       1.815
xc0.xcore.outn__t64                        3.3
xc0.xcore.vss__t584                2.45181e-12
xc0.xcore.outn__t30                        3.3
xc0.xcore.inn__t22                       1.815
xc0.xcore.tail__t77                    1.32993
xc0.xcore.vss__t585                2.46655e-12
xc0.xcore.tail__t2                     1.32993
xc0.xcore.inn__t0                        1.815
xc0.xcore.outn__t20                        3.3
xc0.xcore.vss__t587                 2.4813e-12
xc0.xcore.vss__t210                2.60301e-12
xc0.xcore.outp__t16                     2.7955
xc0.xcore.vss__t211                2.57241e-12
xc0.xcore.outp__t17                     2.7955
xc0.xcore.vss__t212                2.54184e-12
xc0.xcore.outp__t18                     2.7955
xc0.xcore.vss__t213                 2.5113e-12
xc0.xcore.outp__t19                     2.7955
xc0.xcore.vss__t214                2.48078e-12
xc0.xcore.outp__t0                      2.7955
xc0.xcore.vss__t215                2.45029e-12
xc0.xcore.outp__t1                      2.7955
xc0.xcore.vss__t216                2.41982e-12
xc0.xcore.outp__t2                      2.7955
xc0.xcore.vss__t217                2.38939e-12
xc0.xcore.outp__t3                      2.7955
xc0.xcore.vss__t218                2.35899e-12
xc0.xcore.outp__t4                      2.7955
xc0.xcore.vss__t219                2.32862e-12
xc0.xcore.outp__t15                     2.7955
xc0.xcore.vss__t220                2.29828e-12
xc0.xcore.outp__t6                      2.7955
xc0.xcore.vss__t221                2.26798e-12
xc0.xcore.outp__t7                      2.7955
xc0.xcore.vss__t222                2.23771e-12
xc0.xcore.outp__t8                      2.7955
xc0.xcore.vss__t223                2.20748e-12
xc0.xcore.outp__t9                      2.7955
xc0.xcore.vss__t224                2.17729e-12
xc0.xcore.outp__t10                     2.7955
xc0.xcore.vss__t225                2.14714e-12
xc0.xcore.outp__t11                     2.7955
xc0.xcore.vss__t226                2.11704e-12
xc0.xcore.outp__t12                     2.7955
xc0.xcore.vss__t227                2.08698e-12
xc0.xcore.outp__t13                     2.7955
xc0.xcore.vss__t228                2.05696e-12
xc0.xcore.outp__t14                     2.7955
xc0.xcore.vss__t229                2.02699e-12
xc0.xcore.outp__t5                      2.7955
xc0.xcore.vss__t230                2.18457e-12
xc0.xcore.outn__t0                         3.3
xc0.xcore.vss__t231                2.21955e-12
xc0.xcore.outn__t5                         3.3
xc0.xcore.vss__t232                 2.2546e-12
xc0.xcore.outn__t6                         3.3
xc0.xcore.vss__t233                2.28973e-12
xc0.xcore.outn__t7                         3.3
xc0.xcore.vss__t234                2.32493e-12
xc0.xcore.outn__t8                         3.3
xc0.xcore.vss__t235                2.36019e-12
xc0.xcore.outn__t9                         3.3
xc0.xcore.vss__t236                2.39551e-12
xc0.xcore.outn__t10                        3.3
xc0.xcore.vss__t237                2.43089e-12
xc0.xcore.outn__t11                        3.3
xc0.xcore.vss__t238                2.46633e-12
xc0.xcore.outn__t12                        3.3
xc0.xcore.vss__t239                2.50182e-12
xc0.xcore.outn__t13                        3.3
xc0.xcore.vss__t240                2.53736e-12
xc0.xcore.outn__t14                        3.3
xc0.xcore.vss__t241                2.57296e-12
xc0.xcore.outn__t15                        3.3
xc0.xcore.vss__t242                 2.6086e-12
xc0.xcore.outn__t16                        3.3
xc0.xcore.vss__t243                2.64428e-12
xc0.xcore.outn__t17                        3.3
xc0.xcore.vss__t244                2.68002e-12
xc0.xcore.outn__t19                        3.3
xc0.xcore.vss__t245                2.71579e-12
xc0.xcore.outn__t18                        3.3
xc0.xcore.vss__t246                2.75161e-12
xc0.xcore.outn__t1                         3.3
xc0.xcore.vss__t247                2.78746e-12
xc0.xcore.outn__t2                         3.3
xc0.xcore.vss__t248                2.82335e-12
xc0.xcore.outn__t3                         3.3
xc0.xcore.vss__t249                2.85928e-12
xc0.xcore.outn__t4                         3.3
ib_c0                                  1.12786
xc0.xcore.vsubs                              0
outn_c0                                    3.3
outp_c0                                 2.7955
xc0.tail                               1.32993
vd_c0                                 0.504497
xc1.xcore.tail__t186                   1.32992
xc1.xcore.ibias__t118                  1.12786
xc1.xcore.vss__t163                5.34567e-06
xc1.xcore.vss__t349                1.47845e-13
xc1.xcore.vss__t60                 5.14896e-06
xc1.xcore.ibias__t117                  1.12786
xc1.xcore.tail__t286                   1.32992
xc1.xcore.vss__t350                1.42405e-13
xc1.xcore.tail__t197                   1.32992
xc1.xcore.ibias__t140                  1.12786
xc1.xcore.vss__t174                4.95265e-06
xc1.xcore.vss__t351                1.36975e-13
xc1.xcore.vss__t68                 4.75681e-06
xc1.xcore.ibias__t133                  1.12786
xc1.xcore.tail__t294                   1.32992
xc1.xcore.vss__t352                1.31559e-13
xc1.xcore.tail__t193                   1.32992
xc1.xcore.ibias__t132                  1.12786
xc1.xcore.vss__t170                4.56149e-06
xc1.xcore.vss__t353                1.26157e-13
xc1.xcore.vss__t67                 4.36676e-06
xc1.xcore.ibias__t131                  1.12786
xc1.xcore.tail__t293                   1.32992
xc1.xcore.vss__t354                1.20771e-13
xc1.xcore.tail__t192                   1.32992
xc1.xcore.ibias__t130                  1.12786
xc1.xcore.vss__t169                 4.1727e-06
xc1.xcore.vss__t355                1.15404e-13
xc1.xcore.vss__t74                 3.97941e-06
xc1.xcore.ibias__t145                  1.12786
xc1.xcore.tail__t300                   1.32992
xc1.xcore.vss__t356                1.10058e-13
xc1.xcore.tail__t191                   1.32992
xc1.xcore.ibias__t128                  1.12786
xc1.xcore.vss__t168                3.78702e-06
xc1.xcore.vss__t357                1.04737e-13
xc1.xcore.vss__t65                 3.59565e-06
xc1.xcore.ibias__t127                  1.12786
xc1.xcore.tail__t291                   1.32992
xc1.xcore.vss__t358                9.94446e-14
xc1.xcore.tail__t190                   1.32992
xc1.xcore.ibias__t126                  1.12786
xc1.xcore.vss__t167                 3.4055e-06
xc1.xcore.vss__t359                9.41854e-14
xc1.xcore.vss__t64                 3.21676e-06
xc1.xcore.ibias__t125                  1.12786
xc1.xcore.tail__t290                   1.32992
xc1.xcore.vss__t360                8.89654e-14
xc1.xcore.tail__t189                   1.32992
xc1.xcore.ibias__t124                  1.12786
xc1.xcore.vss__t166                3.02971e-06
xc1.xcore.vss__t361                8.37922e-14
xc1.xcore.vss__t63                 2.84468e-06
xc1.xcore.ibias__t123                  1.12786
xc1.xcore.tail__t289                   1.32992
xc1.xcore.vss__t362                7.86748e-14
xc1.xcore.tail__t188                   1.32992
xc1.xcore.ibias__t122                  1.12786
xc1.xcore.vss__t165                2.66209e-06
xc1.xcore.vss__t363                7.36249e-14
xc1.xcore.vss__t62                 2.48248e-06
xc1.xcore.ibias__t121                  1.12786
xc1.xcore.tail__t288                   1.32992
xc1.xcore.vss__t364                6.86574e-14
xc1.xcore.tail__t187                   1.32992
xc1.xcore.ibias__t120                  1.12786
xc1.xcore.vss__t164                2.30654e-06
xc1.xcore.vss__t365                6.37915e-14
xc1.xcore.vss__t26                 2.13519e-06
xc1.xcore.ibias__t0                    1.12786
xc1.xcore.tail__t252                   1.32992
xc1.xcore.vss__t366                5.90524e-14
xc1.xcore.tail__t175                   1.32992
xc1.xcore.ibias__t97                   1.12786
xc1.xcore.vss__t152                1.96962e-06
xc1.xcore.vss__t367                5.44732e-14
xc1.xcore.vss__t42                 1.81141e-06
xc1.xcore.ibias__t78                   1.12786
xc1.xcore.tail__t268                   1.32992
xc1.xcore.vss__t368                5.00978e-14
xc1.xcore.tail__t164                   1.32992
xc1.xcore.ibias__t77                   1.12786
xc1.xcore.vss__t141                1.66268e-06
xc1.xcore.vss__t369                4.59843e-14
xc1.xcore.vss__t37                 1.52619e-06
xc1.xcore.ibias__t70                   1.12786
xc1.xcore.tail__t263                   1.32992
xc1.xcore.vss__t370                4.22095e-14
xc1.xcore.tail__t167                   1.32992
xc1.xcore.ibias__t82                   1.12786
xc1.xcore.vss__t144                1.40552e-06
xc1.xcore.vss__t371                 3.8872e-14
xc1.xcore.vss__t39                 1.30505e-06
xc1.xcore.ibias__t72                   1.12786
xc1.xcore.tail__t265                   1.32992
xc1.xcore.vss__t372                3.60935e-14
xc1.xcore.tail__t162                   1.32992
xc1.xcore.ibias__t73                   1.12786
xc1.xcore.vss__t139                1.22976e-06
xc1.xcore.vss__t373                3.40112e-14
xc1.xcore.vss__t40                 1.18445e-06
xc1.xcore.ibias__t74                   1.12786
xc1.xcore.tail__t266                   1.32992
xc1.xcore.vss__t374                3.27581e-14
xc1.xcore.tail__t163                   1.32992
xc1.xcore.ibias__t75                   1.12786
xc1.xcore.vss__t140                1.17261e-06
xc1.xcore.vss__t375                3.24305e-14
xc1.xcore.vss__t41                 1.19522e-06
xc1.xcore.ibias__t76                   1.12786
xc1.xcore.tail__t267                   1.32993
xc1.xcore.vss__t376                3.30559e-14
xc1.xcore.tail__t129                   1.32993
xc1.xcore.ibias__t9                    1.12786
xc1.xcore.vss__t107                1.25042e-06
xc1.xcore.vss__t377                3.45828e-14
xc1.xcore.vss__t6                  1.33418e-06
xc1.xcore.ibias__t8                    1.12786
xc1.xcore.tail__t232                   1.32993
xc1.xcore.vss__t378                3.68992e-14
xc1.xcore.tail__t128                   1.32993
xc1.xcore.ibias__t7                    1.12786
xc1.xcore.vss__t106                1.44152e-06
xc1.xcore.vss__t379                 3.9868e-14
xc1.xcore.vss__t5                  1.56761e-06
xc1.xcore.ibias__t6                    1.12786
xc1.xcore.tail__t231                   1.32993
xc1.xcore.vss__t380                4.33551e-14
xc1.xcore.tail__t141                   1.32993
xc1.xcore.ibias__t31                   1.12786
xc1.xcore.vss__t119                1.70829e-06
xc1.xcore.vss__t381                4.72461e-14
xc1.xcore.vss__t4                  1.86027e-06
xc1.xcore.ibias__t5                    1.12786
xc1.xcore.tail__t230                   1.32993
xc1.xcore.vss__t382                5.14494e-14
xc1.xcore.tail__t158                   1.32993
xc1.xcore.ibias__t62                   1.12786
xc1.xcore.vss__t135                2.02099e-06
xc1.xcore.vss__t383                5.58945e-14
xc1.xcore.vss__t33                 2.18853e-06
xc1.xcore.ibias__t63                   1.12786
xc1.xcore.tail__t259                   1.32993
xc1.xcore.vss__t384                6.05283e-14
xc1.xcore.tail__t159                   1.32993
xc1.xcore.ibias__t64                   1.12786
xc1.xcore.vss__t136                2.36143e-06
xc1.xcore.vss__t385                6.53105e-14
xc1.xcore.vss__t34                 2.53861e-06
xc1.xcore.ibias__t65                   1.12786
xc1.xcore.tail__t260                   1.32993
xc1.xcore.vss__t386                7.02109e-14
xc1.xcore.tail__t160                   1.32993
xc1.xcore.ibias__t66                   1.12786
xc1.xcore.vss__t137                2.71923e-06
xc1.xcore.vss__t387                7.52063e-14
xc1.xcore.vss__t35                 2.90264e-06
xc1.xcore.ibias__t67                   1.12786
xc1.xcore.tail__t261                   1.32993
xc1.xcore.vss__t388                8.02791e-14
xc1.xcore.tail__t161                   1.32993
xc1.xcore.ibias__t68                   1.12786
xc1.xcore.vss__t138                3.08835e-06
xc1.xcore.vss__t389                8.54154e-14
xc1.xcore.vss__t36                 3.27596e-06
xc1.xcore.ibias__t69                   1.12786
xc1.xcore.tail__t262                   1.32993
xc1.xcore.vss__t390                9.06044e-14
xc1.xcore.tail__t130                   1.32993
xc1.xcore.ibias__t10                   1.12786
xc1.xcore.vss__t108                3.46517e-06
xc1.xcore.vss__t391                9.58376e-14
xc1.xcore.vss__t13                 3.65573e-06
xc1.xcore.ibias__t23                   1.12786
xc1.xcore.tail__t239                   1.32993
xc1.xcore.vss__t392                1.01108e-13
xc1.xcore.tail__t137                   1.32993
xc1.xcore.ibias__t24                   1.12786
xc1.xcore.vss__t115                3.84743e-06
xc1.xcore.vss__t393                 1.0641e-13
xc1.xcore.vss__t14                 4.04013e-06
xc1.xcore.ibias__t25                   1.12786
xc1.xcore.tail__t240                   1.32993
xc1.xcore.vss__t394                 1.1174e-13
xc1.xcore.tail__t138                   1.32993
xc1.xcore.ibias__t26                   1.12786
xc1.xcore.vss__t116                4.23367e-06
xc1.xcore.vss__t395                1.17093e-13
xc1.xcore.vss__t15                 4.42795e-06
xc1.xcore.ibias__t27                   1.12786
xc1.xcore.tail__t241                   1.32993
xc1.xcore.vss__t396                1.22467e-13
xc1.xcore.tail__t139                   1.32993
xc1.xcore.ibias__t28                   1.12786
xc1.xcore.vss__t117                4.62287e-06
xc1.xcore.vss__t397                1.27858e-13
xc1.xcore.vss__t16                 4.81836e-06
xc1.xcore.ibias__t29                   1.12786
xc1.xcore.tail__t242                   1.32993
xc1.xcore.vss__t398                1.33265e-13
xc1.xcore.tail__t140                   1.32993
xc1.xcore.ibias__t30                   1.12786
xc1.xcore.vss__t118                5.01436e-06
xc1.xcore.vss__t399                1.38686e-13
xc1.xcore.vss__t21                 5.21079e-06
xc1.xcore.ibias__t41                   1.12786
xc1.xcore.tail__t247                   1.32993
xc1.xcore.vss__t400                1.44119e-13
xc1.xcore.tail__t142                   1.32993
xc1.xcore.ibias__t32                   1.12786
xc1.xcore.vss__t120                5.40763e-06
xc1.xcore.vss__t401                1.49563e-13
xc1.xcore.vss__t17                 5.60481e-06
xc1.xcore.ibias__t33                   1.12786
xc1.xcore.tail__t243                   1.32993
xc1.xcore.vss__t402                1.55017e-13
xc1.xcore.tail__t143                   1.32993
xc1.xcore.ibias__t34                   1.12786
xc1.xcore.vss__t121                5.80232e-06
xc1.xcore.vss__t403                 1.6048e-13
xc1.xcore.vss__t18                 6.00011e-06
xc1.xcore.ibias__t35                   1.12786
xc1.xcore.tail__t244                   1.32993
xc1.xcore.vss__t404                 1.6595e-13
xc1.xcore.tail__t144                   1.32993
xc1.xcore.ibias__t36                   1.12786
xc1.xcore.vss__t122                6.19816e-06
xc1.xcore.vss__t405                1.71428e-13
xc1.xcore.vss__t19                 6.39644e-06
xc1.xcore.ibias__t37                   1.12786
xc1.xcore.tail__t245                   1.32993
xc1.xcore.vss__t406                1.76912e-13
xc1.xcore.tail__t145                   1.32993
xc1.xcore.ibias__t38                   1.12786
xc1.xcore.vss__t123                6.59494e-06
xc1.xcore.vss__t407                1.82402e-13
xc1.xcore.vss__t20                 6.79363e-06
xc1.xcore.ibias__t39                   1.12786
xc1.xcore.tail__t246                   1.32993
xc1.xcore.vss__t408                1.87898e-13
xc1.xcore.tail__t146                   1.32993
xc1.xcore.ibias__t40                   1.12786
xc1.xcore.vss__t124                6.99251e-06
xc1.xcore.vss__t409                1.93398e-13
xc1.xcore.vss__t8                  7.19154e-06
xc1.xcore.ibias__t12                   1.12786
xc1.xcore.tail__t234                   1.32993
xc1.xcore.vss__t410                1.98903e-13
xc1.xcore.tail__t135                   1.32993
xc1.xcore.ibias__t21                   1.12786
xc1.xcore.vss__t113                7.39072e-06
xc1.xcore.vss__t411                2.04412e-13
xc1.xcore.vss__t9                  7.59005e-06
xc1.xcore.ibias__t13                   1.12786
xc1.xcore.tail__t235                   1.32993
xc1.xcore.vss__t412                2.09925e-13
xc1.xcore.tail__t131                   1.32993
xc1.xcore.ibias__t14                   1.12786
xc1.xcore.vss__t109                 7.7895e-06
xc1.xcore.vss__t413                2.15442e-13
xc1.xcore.vss__t10                 7.98907e-06
xc1.xcore.ibias__t15                   1.12786
xc1.xcore.tail__t236                   1.32993
xc1.xcore.vss__t414                2.20962e-13
xc1.xcore.tail__t134                   1.32993
xc1.xcore.ibias__t20                   1.12786
xc1.xcore.vss__t112                8.18874e-06
xc1.xcore.vss__t415                2.26484e-13
xc1.xcore.vss__t12                 8.38852e-06
xc1.xcore.ibias__t19                   1.12786
xc1.xcore.tail__t238                   1.32993
xc1.xcore.vss__t416                 2.3201e-13
xc1.xcore.tail__t133                   1.32993
xc1.xcore.ibias__t18                   1.12786
xc1.xcore.vss__t111                 8.5884e-06
xc1.xcore.vss__t417                2.37538e-13
xc1.xcore.vss__t11                 8.78836e-06
xc1.xcore.ibias__t17                   1.12786
xc1.xcore.tail__t237                   1.32993
xc1.xcore.vss__t418                2.43069e-13
xc1.xcore.tail__t132                   1.32993
xc1.xcore.ibias__t16                   1.12786
xc1.xcore.vss__t110                 8.9884e-06
xc1.xcore.vss__t419                2.48602e-13
xc1.xcore.vss__t7                  9.18852e-06
xc1.xcore.ibias__t11                   1.12786
xc1.xcore.tail__t233                   1.32993
xc1.xcore.vss__t420                2.54137e-13
xc1.xcore.tail__t136                   1.32993
xc1.xcore.ibias__t22                   1.12786
xc1.xcore.vss__t114                9.38872e-06
xc1.xcore.vss__t421                2.59674e-13
xc1.xcore.vss__t23                 9.58898e-06
xc1.xcore.ibias__t45                   1.12786
xc1.xcore.tail__t249                   1.32993
xc1.xcore.vss__t422                2.65213e-13
xc1.xcore.tail__t150                   1.32993
xc1.xcore.ibias__t46                   1.12786
xc1.xcore.vss__t127                 9.7893e-06
xc1.xcore.vss__t423                2.70754e-13
xc1.xcore.vss__t24                 9.98968e-06
xc1.xcore.ibias__t47                   1.12786
xc1.xcore.tail__t250                   1.32992
xc1.xcore.vss__t424                2.76296e-13
xc1.xcore.tail__t151                   1.32992
xc1.xcore.ibias__t48                   1.12786
xc1.xcore.vss__t128                1.01901e-05
xc1.xcore.vss__t425                 2.8184e-13
xc1.xcore.vss__t25                 1.03906e-05
xc1.xcore.ibias__t49                   1.12786
xc1.xcore.tail__t251                   1.32992
xc1.xcore.vss__t426                2.87385e-13
xc1.xcore.tail__t152                   1.32992
xc1.xcore.ibias__t50                   1.12786
xc1.xcore.vss__t129                1.05911e-05
xc1.xcore.vss__t427                2.92932e-13
xc1.xcore.vss__t32                 1.07917e-05
xc1.xcore.ibias__t61                   1.12786
xc1.xcore.tail__t258                   1.32992
xc1.xcore.vss__t428                 2.9848e-13
xc1.xcore.tail__t153                   1.32992
xc1.xcore.ibias__t51                   1.12786
xc1.xcore.vss__t130                1.09924e-05
xc1.xcore.vss__t429                3.04029e-13
xc1.xcore.vss__t27                  1.1193e-05
xc1.xcore.ibias__t52                   1.12786
xc1.xcore.tail__t253                   1.32992
xc1.xcore.vss__t430                 3.0958e-13
xc1.xcore.tail__t154                   1.32992
xc1.xcore.ibias__t53                   1.12786
xc1.xcore.vss__t131                1.13937e-05
xc1.xcore.vss__t431                3.15131e-13
xc1.xcore.vss__t28                 1.15945e-05
xc1.xcore.ibias__t54                   1.12786
xc1.xcore.tail__t254                   1.32992
xc1.xcore.vss__t432                3.20684e-13
xc1.xcore.tail__t155                   1.32992
xc1.xcore.ibias__t55                   1.12786
xc1.xcore.vss__t132                1.17953e-05
xc1.xcore.vss__t433                3.26237e-13
xc1.xcore.vss__t29                 1.19961e-05
xc1.xcore.ibias__t56                   1.12786
xc1.xcore.tail__t255                   1.32992
xc1.xcore.vss__t434                3.31792e-13
xc1.xcore.tail__t156                   1.32992
xc1.xcore.ibias__t57                   1.12786
xc1.xcore.vss__t133                1.21969e-05
xc1.xcore.vss__t435                3.37347e-13
xc1.xcore.vss__t30                 1.23978e-05
xc1.xcore.ibias__t58                   1.12786
xc1.xcore.tail__t256                   1.32992
xc1.xcore.vss__t436                3.42903e-13
xc1.xcore.tail__t157                   1.32992
xc1.xcore.ibias__t59                   1.12786
xc1.xcore.vss__t134                1.25987e-05
xc1.xcore.vss__t437                 3.4846e-13
xc1.xcore.vss__t31                 1.27997e-05
xc1.xcore.ibias__t60                   1.12786
xc1.xcore.tail__t257                   1.32992
xc1.xcore.vss__t438                3.54018e-13
xc1.xcore.tail__t211                   1.32992
xc1.xcore.ibias__t176                  1.12786
xc1.xcore.vss__t193                1.30006e-05
xc1.xcore.vss__t439                3.59577e-13
xc1.xcore.vss__t88                 1.32016e-05
xc1.xcore.ibias__t175                  1.12786
xc1.xcore.tail__t311                   1.32992
xc1.xcore.vss__t440                3.65136e-13
xc1.xcore.tail__t165                   1.32992
xc1.xcore.ibias__t79                   1.12786
xc1.xcore.vss__t142                1.34026e-05
xc1.xcore.vss__t441                3.70696e-13
xc1.xcore.vss__t43                 1.36037e-05
xc1.xcore.ibias__t80                   1.12786
xc1.xcore.tail__t269                   1.32992
xc1.xcore.vss__t442                3.76256e-13
xc1.xcore.tail__t166                   1.32992
xc1.xcore.ibias__t81                   1.12786
xc1.xcore.vss__t143                1.38047e-05
xc1.xcore.vss__t443                3.81817e-13
xc1.xcore.vss__t38                 1.40058e-05
xc1.xcore.ibias__t71                   1.12786
xc1.xcore.tail__t264                   1.32992
xc1.xcore.vss__t444                3.87379e-13
xc1.xcore.tail__t147                   1.32992
xc1.xcore.ibias__t42                   1.12786
xc1.xcore.vss__t125                1.42069e-05
xc1.xcore.vss__t445                3.92941e-13
xc1.xcore.vss__t22                  1.4408e-05
xc1.xcore.ibias__t43                   1.12786
xc1.xcore.tail__t248                   1.32992
xc1.xcore.vss__t446                3.98504e-13
xc1.xcore.tail__t148                   1.32992
xc1.xcore.ibias__t44                   1.12786
xc1.xcore.vss__t126                1.46092e-05
xc1.xcore.vss__t447                4.04067e-13
xc1.xcore.vss__t0                  1.48103e-05
xc1.xcore.ibias__t1                    1.12786
xc1.xcore.tail__t149                   1.32992
xc1.xcore.vss__t456                4.09631e-13
xc1.xcore.tail__t229                   1.32988
xc1.xcore.ibias__t2                    1.12786
xc1.xcore.vss__t1                  2.54219e-05
xc1.xcore.vss__t458                7.03131e-13
xc1.xcore.vss__t189                2.52203e-05
xc1.xcore.ibias__t170                  1.12786
xc1.xcore.tail__t228                   1.32988
xc1.xcore.vss__t250                6.97556e-13
xc1.xcore.tail__t209                   1.32988
xc1.xcore.ibias__t169                  1.12786
xc1.xcore.vss__t188                2.50188e-05
xc1.xcore.vss__t251                6.91981e-13
xc1.xcore.vss__t86                 2.48172e-05
xc1.xcore.ibias__t168                  1.12786
xc1.xcore.tail__t309                   1.32988
xc1.xcore.vss__t252                6.86406e-13
xc1.xcore.tail__t208                   1.32988
xc1.xcore.ibias__t167                  1.12786
xc1.xcore.vss__t187                2.46157e-05
xc1.xcore.vss__t253                6.80831e-13
xc1.xcore.vss__t85                 2.44141e-05
xc1.xcore.ibias__t166                  1.12786
xc1.xcore.tail__t308                   1.32988
xc1.xcore.vss__t254                6.75257e-13
xc1.xcore.tail__t207                   1.32989
xc1.xcore.ibias__t165                  1.12786
xc1.xcore.vss__t186                2.42126e-05
xc1.xcore.vss__t255                6.69682e-13
xc1.xcore.vss__t84                  2.4011e-05
xc1.xcore.ibias__t164                  1.12786
xc1.xcore.tail__t307                   1.32989
xc1.xcore.vss__t256                6.64107e-13
xc1.xcore.tail__t210                   1.32989
xc1.xcore.ibias__t173                  1.12786
xc1.xcore.vss__t191                2.38095e-05
xc1.xcore.vss__t257                6.58533e-13
xc1.xcore.vss__t87                  2.3608e-05
xc1.xcore.ibias__t172                  1.12786
xc1.xcore.tail__t310                   1.32989
xc1.xcore.vss__t258                6.52959e-13
xc1.xcore.tail__t219                   1.32989
xc1.xcore.ibias__t195                  1.12786
xc1.xcore.vss__t201                2.34065e-05
xc1.xcore.vss__t259                6.47385e-13
xc1.xcore.vss__t99                 2.32049e-05
xc1.xcore.ibias__t194                  1.12786
xc1.xcore.tail__t321                   1.32989
xc1.xcore.vss__t260                6.41811e-13
xc1.xcore.tail__t227                   1.32989
xc1.xcore.ibias__t209                  1.12786
xc1.xcore.vss__t209                2.30034e-05
xc1.xcore.vss__t261                6.36237e-13
xc1.xcore.vss__t97                 2.28019e-05
xc1.xcore.ibias__t192                  1.12786
xc1.xcore.tail__t319                   1.32989
xc1.xcore.vss__t262                6.30663e-13
xc1.xcore.tail__t218                   1.32989
xc1.xcore.ibias__t191                  1.12786
xc1.xcore.vss__t200                2.26004e-05
xc1.xcore.vss__t263                6.25089e-13
xc1.xcore.vss__t96                 2.23989e-05
xc1.xcore.ibias__t190                  1.12786
xc1.xcore.tail__t318                   1.32989
xc1.xcore.vss__t264                6.19515e-13
xc1.xcore.tail__t217                   1.32989
xc1.xcore.ibias__t189                  1.12786
xc1.xcore.vss__t199                2.21974e-05
xc1.xcore.vss__t265                6.13942e-13
xc1.xcore.vss__t95                 2.19959e-05
xc1.xcore.ibias__t188                  1.12786
xc1.xcore.tail__t317                   1.32989
xc1.xcore.vss__t266                6.08369e-13
xc1.xcore.tail__t216                   1.32989
xc1.xcore.ibias__t187                  1.12786
xc1.xcore.vss__t198                2.17944e-05
xc1.xcore.vss__t267                6.02796e-13
xc1.xcore.vss__t94                 2.15929e-05
xc1.xcore.ibias__t186                  1.12786
xc1.xcore.tail__t316                   1.32989
xc1.xcore.vss__t268                5.97223e-13
xc1.xcore.tail__t215                   1.32989
xc1.xcore.ibias__t185                  1.12786
xc1.xcore.vss__t197                2.13915e-05
xc1.xcore.vss__t269                 5.9165e-13
xc1.xcore.vss__t93                   2.119e-05
xc1.xcore.ibias__t184                  1.12786
xc1.xcore.tail__t315                   1.32989
xc1.xcore.vss__t270                5.86077e-13
xc1.xcore.tail__t214                   1.32989
xc1.xcore.ibias__t183                  1.12786
xc1.xcore.vss__t196                2.09885e-05
xc1.xcore.vss__t271                5.80504e-13
xc1.xcore.vss__t92                 2.07871e-05
xc1.xcore.ibias__t182                  1.12786
xc1.xcore.tail__t314                   1.32989
xc1.xcore.vss__t272                5.74932e-13
xc1.xcore.tail__t213                   1.32989
xc1.xcore.ibias__t181                  1.12786
xc1.xcore.vss__t195                2.05856e-05
xc1.xcore.vss__t273                 5.6936e-13
xc1.xcore.vss__t91                 2.03842e-05
xc1.xcore.ibias__t180                  1.12786
xc1.xcore.tail__t313                   1.32989
xc1.xcore.vss__t274                5.63788e-13
xc1.xcore.tail__t212                   1.32989
xc1.xcore.ibias__t179                  1.12786
xc1.xcore.vss__t194                2.01827e-05
xc1.xcore.vss__t275                5.58216e-13
xc1.xcore.vss__t90                 1.99813e-05
xc1.xcore.ibias__t178                  1.12786
xc1.xcore.tail__t312                   1.32989
xc1.xcore.vss__t276                5.52644e-13
xc1.xcore.tail__t206                   1.32989
xc1.xcore.ibias__t161                  1.12786
xc1.xcore.vss__t184                1.97798e-05
xc1.xcore.vss__t277                5.47073e-13
xc1.xcore.vss__t57                 1.95784e-05
xc1.xcore.ibias__t112                  1.12786
xc1.xcore.tail__t283                   1.32989
xc1.xcore.vss__t278                5.41501e-13
xc1.xcore.tail__t183                   1.32989
xc1.xcore.ibias__t111                  1.12786
xc1.xcore.vss__t160                 1.9377e-05
xc1.xcore.vss__t279                 5.3593e-13
xc1.xcore.vss__t56                 1.91756e-05
xc1.xcore.ibias__t110                  1.12786
xc1.xcore.tail__t282                   1.32989
xc1.xcore.vss__t280                5.30359e-13
xc1.xcore.tail__t182                   1.32989
xc1.xcore.ibias__t109                  1.12786
xc1.xcore.vss__t159                1.89742e-05
xc1.xcore.vss__t281                5.24789e-13
xc1.xcore.vss__t55                 1.87728e-05
xc1.xcore.ibias__t108                  1.12786
xc1.xcore.tail__t281                   1.32989
xc1.xcore.vss__t282                5.19218e-13
xc1.xcore.tail__t181                   1.32989
xc1.xcore.ibias__t107                  1.12786
xc1.xcore.vss__t158                1.85714e-05
xc1.xcore.vss__t283                5.13648e-13
xc1.xcore.vss__t54                   1.837e-05
xc1.xcore.ibias__t106                  1.12786
xc1.xcore.tail__t280                   1.32989
xc1.xcore.vss__t284                5.08078e-13
xc1.xcore.tail__t180                    1.3299
xc1.xcore.ibias__t105                  1.12786
xc1.xcore.vss__t157                1.81686e-05
xc1.xcore.vss__t285                5.02508e-13
xc1.xcore.vss__t53                 1.79673e-05
xc1.xcore.ibias__t104                  1.12786
xc1.xcore.tail__t279                    1.3299
xc1.xcore.vss__t286                4.96938e-13
xc1.xcore.tail__t205                    1.3299
xc1.xcore.ibias__t156                  1.12786
xc1.xcore.vss__t182                1.77659e-05
xc1.xcore.vss__t287                4.91369e-13
xc1.xcore.vss__t79                 1.75646e-05
xc1.xcore.ibias__t155                  1.12786
xc1.xcore.tail__t305                    1.3299
xc1.xcore.vss__t288                  4.858e-13
xc1.xcore.tail__t204                    1.3299
xc1.xcore.ibias__t154                  1.12786
xc1.xcore.vss__t181                1.73633e-05
xc1.xcore.vss__t289                4.80231e-13
xc1.xcore.vss__t78                 1.71619e-05
xc1.xcore.ibias__t153                  1.12786
xc1.xcore.tail__t304                    1.3299
xc1.xcore.vss__t290                4.74663e-13
xc1.xcore.tail__t203                    1.3299
xc1.xcore.ibias__t152                  1.12786
xc1.xcore.vss__t180                1.69606e-05
xc1.xcore.vss__t291                4.69095e-13
xc1.xcore.vss__t77                 1.67593e-05
xc1.xcore.ibias__t151                  1.12786
xc1.xcore.tail__t303                    1.3299
xc1.xcore.vss__t292                4.63527e-13
xc1.xcore.tail__t202                    1.3299
xc1.xcore.ibias__t150                  1.12786
xc1.xcore.vss__t179                 1.6558e-05
xc1.xcore.vss__t293                 4.5796e-13
xc1.xcore.vss__t76                 1.63568e-05
xc1.xcore.ibias__t149                  1.12786
xc1.xcore.tail__t302                    1.3299
xc1.xcore.vss__t294                4.52392e-13
xc1.xcore.tail__t201                    1.3299
xc1.xcore.ibias__t148                  1.12786
xc1.xcore.vss__t178                1.61555e-05
xc1.xcore.vss__t295                4.46826e-13
xc1.xcore.vss__t75                 1.59542e-05
xc1.xcore.ibias__t147                  1.12786
xc1.xcore.tail__t301                    1.3299
xc1.xcore.vss__t296                4.41259e-13
xc1.xcore.tail__t200                    1.3299
xc1.xcore.ibias__t146                  1.12786
xc1.xcore.vss__t177                 1.5753e-05
xc1.xcore.vss__t297                4.35693e-13
xc1.xcore.vss__t98                 1.55518e-05
xc1.xcore.ibias__t193                  1.12786
xc1.xcore.tail__t320                    1.3299
xc1.xcore.vss__t298                4.30127e-13
xc1.xcore.tail__t226                    1.3299
xc1.xcore.ibias__t208                  1.12786
xc1.xcore.vss__t208                1.53506e-05
xc1.xcore.vss__t299                4.24562e-13
xc1.xcore.vss__t105                1.51494e-05
xc1.xcore.ibias__t207                  1.12786
xc1.xcore.tail__t327                    1.3299
xc1.xcore.vss__t300                4.18997e-13
xc1.xcore.tail__t225                    1.3299
xc1.xcore.ibias__t206                  1.12786
xc1.xcore.vss__t207                1.49482e-05
xc1.xcore.vss__t301                4.13433e-13
xc1.xcore.vss__t104                 1.4747e-05
xc1.xcore.ibias__t205                  1.12786
xc1.xcore.tail__t326                    1.3299
xc1.xcore.vss__t302                4.07869e-13
xc1.xcore.tail__t224                    1.3299
xc1.xcore.ibias__t204                  1.12786
xc1.xcore.vss__t206                1.45459e-05
xc1.xcore.vss__t303                4.02306e-13
xc1.xcore.vss__t103                1.43447e-05
xc1.xcore.ibias__t203                  1.12786
xc1.xcore.tail__t325                    1.3299
xc1.xcore.vss__t304                3.96743e-13
xc1.xcore.tail__t223                    1.3299
xc1.xcore.ibias__t202                  1.12786
xc1.xcore.vss__t205                1.41436e-05
xc1.xcore.vss__t305                 3.9118e-13
xc1.xcore.vss__t102                1.39425e-05
xc1.xcore.ibias__t201                  1.12786
xc1.xcore.tail__t324                    1.3299
xc1.xcore.vss__t306                3.85618e-13
xc1.xcore.tail__t222                    1.3299
xc1.xcore.ibias__t200                  1.12786
xc1.xcore.vss__t204                1.37415e-05
xc1.xcore.vss__t307                3.80057e-13
xc1.xcore.vss__t101                1.35404e-05
xc1.xcore.ibias__t199                  1.12786
xc1.xcore.tail__t323                    1.3299
xc1.xcore.vss__t308                3.74496e-13
xc1.xcore.tail__t221                    1.3299
xc1.xcore.ibias__t198                  1.12786
xc1.xcore.vss__t203                1.33394e-05
xc1.xcore.vss__t309                3.68936e-13
xc1.xcore.vss__t100                1.31384e-05
xc1.xcore.ibias__t197                  1.12786
xc1.xcore.tail__t322                    1.3299
xc1.xcore.vss__t310                3.63376e-13
xc1.xcore.tail__t220                    1.3299
xc1.xcore.ibias__t196                  1.12786
xc1.xcore.vss__t202                1.29374e-05
xc1.xcore.vss__t311                3.57818e-13
xc1.xcore.vss__t80                 1.27365e-05
xc1.xcore.ibias__t157                  1.12786
xc1.xcore.tail__t306                    1.3299
xc1.xcore.vss__t312                3.52259e-13
xc1.xcore.tail__t185                    1.3299
xc1.xcore.ibias__t116                  1.12786
xc1.xcore.vss__t162                1.25355e-05
xc1.xcore.vss__t313                3.46702e-13
xc1.xcore.vss__t59                 1.23346e-05
xc1.xcore.ibias__t115                  1.12786
xc1.xcore.tail__t285                    1.3299
xc1.xcore.vss__t314                3.41145e-13
xc1.xcore.tail__t184                   1.32991
xc1.xcore.ibias__t114                  1.12786
xc1.xcore.vss__t161                1.21338e-05
xc1.xcore.vss__t315                 3.3559e-13
xc1.xcore.vss__t71                 1.19329e-05
xc1.xcore.ibias__t139                  1.12786
xc1.xcore.tail__t297                   1.32991
xc1.xcore.vss__t316                3.30035e-13
xc1.xcore.tail__t196                   1.32991
xc1.xcore.ibias__t138                  1.12786
xc1.xcore.vss__t173                1.17321e-05
xc1.xcore.vss__t317                3.24481e-13
xc1.xcore.vss__t70                 1.15313e-05
xc1.xcore.ibias__t137                  1.12786
xc1.xcore.tail__t296                   1.32991
xc1.xcore.vss__t318                3.18928e-13
xc1.xcore.tail__t195                   1.32991
xc1.xcore.ibias__t136                  1.12786
xc1.xcore.vss__t172                1.13306e-05
xc1.xcore.vss__t319                3.13376e-13
xc1.xcore.vss__t69                 1.11299e-05
xc1.xcore.ibias__t135                  1.12786
xc1.xcore.tail__t295                   1.32991
xc1.xcore.vss__t320                3.07825e-13
xc1.xcore.tail__t194                   1.32991
xc1.xcore.ibias__t134                  1.12786
xc1.xcore.vss__t171                1.09292e-05
xc1.xcore.vss__t321                3.02275e-13
xc1.xcore.vss__t61                 1.07286e-05
xc1.xcore.ibias__t119                  1.12786
xc1.xcore.tail__t287                   1.32991
xc1.xcore.vss__t322                2.96726e-13
xc1.xcore.tail__t179                   1.32991
xc1.xcore.ibias__t103                  1.12786
xc1.xcore.vss__t156                1.05281e-05
xc1.xcore.vss__t323                2.91179e-13
xc1.xcore.vss__t48                 1.03275e-05
xc1.xcore.ibias__t92                   1.12786
xc1.xcore.tail__t274                   1.32991
xc1.xcore.vss__t324                2.85632e-13
xc1.xcore.tail__t178                   1.32991
xc1.xcore.ibias__t102                  1.12786
xc1.xcore.vss__t155                1.01271e-05
xc1.xcore.vss__t325                2.80088e-13
xc1.xcore.vss__t52                 9.92664e-06
xc1.xcore.ibias__t101                  1.12786
xc1.xcore.tail__t278                   1.32991
xc1.xcore.vss__t326                2.74545e-13
xc1.xcore.tail__t177                   1.32991
xc1.xcore.ibias__t100                  1.12786
xc1.xcore.vss__t154                9.72627e-06
xc1.xcore.vss__t327                2.69003e-13
xc1.xcore.vss__t51                 9.52597e-06
xc1.xcore.ibias__t99                   1.12786
xc1.xcore.tail__t277                   1.32991
xc1.xcore.vss__t328                2.63463e-13
xc1.xcore.tail__t176                   1.32991
xc1.xcore.ibias__t98                   1.12786
xc1.xcore.vss__t153                9.32573e-06
xc1.xcore.vss__t329                2.57925e-13
xc1.xcore.vss__t58                 9.12556e-06
xc1.xcore.ibias__t113                  1.12786
xc1.xcore.tail__t284                   1.32991
xc1.xcore.vss__t330                2.52388e-13
xc1.xcore.tail__t174                   1.32991
xc1.xcore.ibias__t96                   1.12786
xc1.xcore.vss__t151                8.92547e-06
xc1.xcore.vss__t331                2.46854e-13
xc1.xcore.vss__t50                 8.72545e-06
xc1.xcore.ibias__t95                   1.12786
xc1.xcore.tail__t276                   1.32991
xc1.xcore.vss__t332                2.41322e-13
xc1.xcore.tail__t173                   1.32991
xc1.xcore.ibias__t94                   1.12786
xc1.xcore.vss__t150                8.52551e-06
xc1.xcore.vss__t333                2.35792e-13
xc1.xcore.vss__t49                 8.32567e-06
xc1.xcore.ibias__t93                   1.12786
xc1.xcore.tail__t275                   1.32991
xc1.xcore.vss__t334                2.30265e-13
xc1.xcore.tail__t172                   1.32991
xc1.xcore.ibias__t91                   1.12786
xc1.xcore.vss__t149                8.12592e-06
xc1.xcore.vss__t335                 2.2474e-13
xc1.xcore.vss__t47                 7.92627e-06
xc1.xcore.ibias__t90                   1.12786
xc1.xcore.tail__t273                   1.32991
xc1.xcore.vss__t336                2.19219e-13
xc1.xcore.tail__t171                   1.32991
xc1.xcore.ibias__t89                   1.12786
xc1.xcore.vss__t148                7.72674e-06
xc1.xcore.vss__t337                  2.137e-13
xc1.xcore.vss__t46                 7.52733e-06
xc1.xcore.ibias__t88                   1.12786
xc1.xcore.tail__t272                   1.32991
xc1.xcore.vss__t338                2.08185e-13
xc1.xcore.tail__t170                   1.32991
xc1.xcore.ibias__t87                   1.12786
xc1.xcore.vss__t147                7.32805e-06
xc1.xcore.vss__t339                2.02673e-13
xc1.xcore.vss__t45                 7.12891e-06
xc1.xcore.ibias__t86                   1.12786
xc1.xcore.tail__t271                   1.32991
xc1.xcore.vss__t340                1.97165e-13
xc1.xcore.tail__t169                   1.32991
xc1.xcore.ibias__t85                   1.12786
xc1.xcore.vss__t146                6.92993e-06
xc1.xcore.vss__t341                1.91662e-13
xc1.xcore.vss__t44                 6.73111e-06
xc1.xcore.ibias__t84                   1.12786
xc1.xcore.tail__t270                   1.32991
xc1.xcore.vss__t342                1.86163e-13
xc1.xcore.tail__t168                   1.32991
xc1.xcore.ibias__t83                   1.12786
xc1.xcore.vss__t145                6.53248e-06
xc1.xcore.vss__t343                1.80669e-13
xc1.xcore.vss__t66                 6.33404e-06
xc1.xcore.ibias__t129                  1.12786
xc1.xcore.tail__t292                   1.32991
xc1.xcore.vss__t344                1.75181e-13
xc1.xcore.tail__t199                   1.32991
xc1.xcore.ibias__t144                  1.12786
xc1.xcore.vss__t176                6.13583e-06
xc1.xcore.vss__t345                1.69699e-13
xc1.xcore.vss__t73                 5.93786e-06
xc1.xcore.ibias__t143                  1.12786
xc1.xcore.tail__t299                   1.32992
xc1.xcore.vss__t346                1.64224e-13
xc1.xcore.tail__t198                   1.32992
xc1.xcore.ibias__t142                  1.12786
xc1.xcore.vss__t175                5.74016e-06
xc1.xcore.vss__t347                1.58756e-13
xc1.xcore.vss__t72                 5.54275e-06
xc1.xcore.ibias__t141                  1.12786
xc1.xcore.tail__t298                   1.32992
xc1.xcore.vss__t348                1.53296e-13
xc1.xcore.outp__t53                    2.79539
xc1.xcore.inp__t1                        2.805
xc1.xcore.tail__t0                     1.32999
xc1.xcore.vss__t460                1.51949e-12
xc1.xcore.tail__t119                   1.32999
xc1.xcore.inp__t53                       2.805
xc1.xcore.outp__t52                    2.79539
xc1.xcore.vss__t462                1.53387e-12
xc1.xcore.outp__t46                    2.79539
xc1.xcore.inp__t52                       2.805
xc1.xcore.tail__t118                   1.32999
xc1.xcore.vss__t463                1.54825e-12
xc1.xcore.tail__t58                    1.32999
xc1.xcore.inp__t61                       2.805
xc1.xcore.outp__t82                    2.79539
xc1.xcore.vss__t464                1.56263e-12
xc1.xcore.outp__t30                    2.79538
xc1.xcore.inp__t24                       2.805
xc1.xcore.tail__t98                    1.32999
xc1.xcore.vss__t465                1.57702e-12
xc1.xcore.tail__t38                    1.32999
xc1.xcore.inp__t23                       2.805
xc1.xcore.outp__t64                    2.79538
xc1.xcore.vss__t466                 1.5914e-12
xc1.xcore.outp__t29                    2.79538
xc1.xcore.inp__t22                       2.805
xc1.xcore.tail__t97                    1.32999
xc1.xcore.vss__t467                1.60578e-12
xc1.xcore.tail__t37                       1.33
xc1.xcore.inp__t21                       2.805
xc1.xcore.outp__t63                    2.79538
xc1.xcore.vss__t468                1.62016e-12
xc1.xcore.outp__t28                    2.79538
xc1.xcore.inp__t20                       2.805
xc1.xcore.tail__t96                       1.33
xc1.xcore.vss__t469                1.63455e-12
xc1.xcore.tail__t36                       1.33
xc1.xcore.inp__t19                       2.805
xc1.xcore.outp__t62                    2.79538
xc1.xcore.vss__t470                1.64893e-12
xc1.xcore.outp__t27                    2.79537
xc1.xcore.inp__t18                       2.805
xc1.xcore.tail__t95                       1.33
xc1.xcore.vss__t471                1.66331e-12
xc1.xcore.tail__t35                       1.33
xc1.xcore.inp__t17                       2.805
xc1.xcore.outp__t61                    2.79537
xc1.xcore.vss__t472                 1.6777e-12
xc1.xcore.outp__t26                    2.79537
xc1.xcore.inp__t16                       2.805
xc1.xcore.tail__t94                       1.33
xc1.xcore.vss__t473                1.69208e-12
xc1.xcore.tail__t33                       1.33
xc1.xcore.inp__t15                       2.805
xc1.xcore.outp__t60                    2.79537
xc1.xcore.vss__t474                1.70647e-12
xc1.xcore.outp__t47                    2.79537
xc1.xcore.inp__t54                       2.805
xc1.xcore.tail__t120                      1.33
xc1.xcore.vss__t475                1.72085e-12
xc1.xcore.tail__t54                       1.33
xc1.xcore.inp__t55                       2.805
xc1.xcore.outp__t78                    2.79537
xc1.xcore.vss__t476                1.73524e-12
xc1.xcore.outp__t51                    2.79536
xc1.xcore.inp__t63                       2.805
xc1.xcore.tail__t126                      1.33
xc1.xcore.vss__t477                1.74962e-12
xc1.xcore.tail__t57                       1.33
xc1.xcore.inp__t60                       2.805
xc1.xcore.outp__t81                    2.79536
xc1.xcore.vss__t478                1.76401e-12
xc1.xcore.outp__t49                    2.79536
xc1.xcore.inp__t59                       2.805
xc1.xcore.tail__t122                      1.33
xc1.xcore.vss__t479                 1.7784e-12
xc1.xcore.tail__t56                       1.33
xc1.xcore.inp__t58                       2.805
xc1.xcore.outp__t80                    2.79536
xc1.xcore.vss__t480                1.79278e-12
xc1.xcore.outp__t48                    2.79536
xc1.xcore.inp__t57                       2.805
xc1.xcore.tail__t121                   1.33001
xc1.xcore.vss__t481                1.80717e-12
xc1.xcore.tail__t55                    1.33001
xc1.xcore.inp__t56                       2.805
xc1.xcore.outp__t79                    2.79536
xc1.xcore.vss__t482                1.82156e-12
xc1.xcore.outp__t24                    2.79536
xc1.xcore.inp__t11                       2.805
xc1.xcore.tail__t92                    1.33001
xc1.xcore.vss__t483                1.83594e-12
xc1.xcore.tail__t30                    1.33001
xc1.xcore.inp__t10                       2.805
xc1.xcore.outp__t57                    2.79535
xc1.xcore.vss__t484                1.85033e-12
xc1.xcore.outp__t23                    2.79535
xc1.xcore.inp__t9                        2.805
xc1.xcore.tail__t88                    1.33001
xc1.xcore.vss__t485                1.86472e-12
xc1.xcore.tail__t32                    1.33001
xc1.xcore.inp__t14                       2.805
xc1.xcore.outp__t59                    2.79535
xc1.xcore.vss__t486                1.87911e-12
xc1.xcore.outp__t25                    2.79535
xc1.xcore.inp__t13                       2.805
xc1.xcore.tail__t93                    1.33001
xc1.xcore.vss__t487                 1.8935e-12
xc1.xcore.tail__t60                    1.33001
xc1.xcore.inp__t0                        2.805
xc1.xcore.outp__t83                    2.79535
xc1.xcore.vss__t488                1.90789e-12
xc1.xcore.outp__t50                    2.79535
xc1.xcore.inp__t62                       2.805
xc1.xcore.tail__t123                   1.33001
xc1.xcore.vss__t489                1.92227e-12
xc1.xcore.tail__t42                    1.33001
xc1.xcore.inp__t29                       2.805
xc1.xcore.outp__t67                    2.79534
xc1.xcore.vss__t490                1.93666e-12
xc1.xcore.outp__t32                    2.79534
xc1.xcore.inp__t28                       2.805
xc1.xcore.tail__t102                   1.33001
xc1.xcore.vss__t491                1.95105e-12
xc1.xcore.tail__t41                    1.33001
xc1.xcore.inp__t27                       2.805
xc1.xcore.outp__t66                    2.79534
xc1.xcore.vss__t492                1.96544e-12
xc1.xcore.outp__t31                    2.79534
xc1.xcore.inp__t26                       2.805
xc1.xcore.tail__t101                   1.33002
xc1.xcore.vss__t493                1.97983e-12
xc1.xcore.tail__t40                    1.33002
xc1.xcore.inp__t25                       2.805
xc1.xcore.outp__t65                    2.79534
xc1.xcore.vss__t494                1.99422e-12
xc1.xcore.outp__t20                    2.79534
xc1.xcore.inp__t4                        2.805
xc1.xcore.tail__t74                    1.33002
xc1.xcore.vss__t495                2.00861e-12
xc1.xcore.tail__t14                    1.33002
xc1.xcore.inp__t3                        2.805
xc1.xcore.outp__t54                    2.79533
xc1.xcore.vss__t496                  2.023e-12
xc1.xcore.outp__t22                    2.79533
xc1.xcore.inp__t7                        2.805
xc1.xcore.tail__t76                    1.33002
xc1.xcore.vss__t497                2.03739e-12
xc1.xcore.tail__t16                    1.33002
xc1.xcore.inp__t6                        2.805
xc1.xcore.outp__t55                    2.79533
xc1.xcore.vss__t498                2.05178e-12
xc1.xcore.outp__t21                    2.79533
xc1.xcore.inp__t5                        2.805
xc1.xcore.tail__t75                    1.33002
xc1.xcore.vss__t499                2.06617e-12
xc1.xcore.tail__t19                    1.33002
xc1.xcore.inp__t8                        2.805
xc1.xcore.outp__t56                    2.79533
xc1.xcore.vss__t500                2.08056e-12
xc1.xcore.outp__t45                    2.79533
xc1.xcore.inp__t50                       2.805
xc1.xcore.tail__t116                   1.33002
xc1.xcore.vss__t501                2.09495e-12
xc1.xcore.tail__t51                    1.33002
xc1.xcore.inp__t49                       2.805
xc1.xcore.outp__t76                    2.79532
xc1.xcore.vss__t502                2.10934e-12
xc1.xcore.outp__t44                    2.79532
xc1.xcore.inp__t48                       2.805
xc1.xcore.tail__t115                   1.33002
xc1.xcore.vss__t503                2.12373e-12
xc1.xcore.tail__t50                    1.33002
xc1.xcore.inp__t47                       2.805
xc1.xcore.outp__t75                    2.79532
xc1.xcore.vss__t504                2.13812e-12
xc1.xcore.outp__t43                    2.79532
xc1.xcore.inp__t46                       2.805
xc1.xcore.tail__t114                   1.33002
xc1.xcore.vss__t505                2.15251e-12
xc1.xcore.tail__t49                    1.33003
xc1.xcore.inp__t45                       2.805
xc1.xcore.outp__t74                    2.79532
xc1.xcore.vss__t506                 2.1669e-12
xc1.xcore.outp__t42                    2.79532
xc1.xcore.inp__t44                       2.805
xc1.xcore.tail__t113                   1.33003
xc1.xcore.vss__t507                 2.1813e-12
xc1.xcore.tail__t48                    1.33003
xc1.xcore.inp__t43                       2.805
xc1.xcore.outp__t73                    2.79531
xc1.xcore.vss__t508                2.19569e-12
xc1.xcore.outp__t41                    2.79531
xc1.xcore.inp__t42                       2.805
xc1.xcore.tail__t112                   1.33003
xc1.xcore.vss__t509                2.21008e-12
xc1.xcore.tail__t47                    1.33003
xc1.xcore.inp__t41                       2.805
xc1.xcore.outp__t72                    2.79531
xc1.xcore.vss__t510                2.22447e-12
xc1.xcore.outp__t40                    2.79531
xc1.xcore.inp__t40                       2.805
xc1.xcore.tail__t111                   1.33003
xc1.xcore.vss__t511                2.23886e-12
xc1.xcore.tail__t46                    1.33003
xc1.xcore.inp__t39                       2.805
xc1.xcore.outp__t71                    2.79531
xc1.xcore.vss__t512                2.25325e-12
xc1.xcore.outp__t39                    2.79531
xc1.xcore.inp__t38                       2.805
xc1.xcore.tail__t110                   1.33003
xc1.xcore.vss__t513                2.26764e-12
xc1.xcore.tail__t53                    1.33003
xc1.xcore.inp__t51                       2.805
xc1.xcore.outp__t77                     2.7953
xc1.xcore.vss__t514                2.28203e-12
xc1.xcore.outp__t38                     2.7953
xc1.xcore.inp__t37                       2.805
xc1.xcore.tail__t108                   1.33003
xc1.xcore.vss__t515                2.29643e-12
xc1.xcore.tail__t45                    1.33003
xc1.xcore.inp__t36                       2.805
xc1.xcore.outp__t70                     2.7953
xc1.xcore.vss__t516                2.31082e-12
xc1.xcore.outp__t37                     2.7953
xc1.xcore.inp__t35                       2.805
xc1.xcore.tail__t107                   1.33003
xc1.xcore.vss__t517                2.32521e-12
xc1.xcore.tail__t44                    1.33003
xc1.xcore.inp__t34                       2.805
xc1.xcore.outp__t69                     2.7953
xc1.xcore.vss__t518                 2.3396e-12
xc1.xcore.outp__t36                     2.7953
xc1.xcore.inp__t33                       2.805
xc1.xcore.tail__t106                   1.33004
xc1.xcore.vss__t519                2.35399e-12
xc1.xcore.tail__t31                    1.33004
xc1.xcore.inp__t12                       2.805
xc1.xcore.outp__t58                     2.7953
xc1.xcore.vss__t520                2.36838e-12
xc1.xcore.outp__t35                    2.79529
xc1.xcore.inp__t32                       2.805
xc1.xcore.tail__t104                   1.33004
xc1.xcore.vss__t521                2.38277e-12
xc1.xcore.tail__t43                    1.33004
xc1.xcore.inp__t31                       2.805
xc1.xcore.outp__t68                    2.79529
xc1.xcore.vss__t522                2.39717e-12
xc1.xcore.outp__t33                    2.79529
xc1.xcore.inp__t30                       2.805
xc1.xcore.tail__t103                   1.33004
xc1.xcore.vss__t523                2.41156e-12
xc1.xcore.tail__t1                     1.33004
xc1.xcore.inp__t2                        2.805
xc1.xcore.outp__t34                    2.79529
xc1.xcore.vss__t586                2.42595e-12
xc1.xcore.ibias__t215                  1.12513
xc1.xcore.ibias__t3                    1.12786
xc1.xcore.vss__t2                  2.51858e-05
xc1.xcore.vss__t459                5.66833e-13
xc1.xcore.vss__t81                 2.49859e-05
xc1.xcore.ibias__t158                  1.12786
xc1.xcore.ibias__t216                  1.12516
xc1.xcore.vss__t448                5.62349e-13
xc1.xcore.ibias__t213                  1.12519
xc1.xcore.ibias__t171                  1.12786
xc1.xcore.vss__t190                2.47861e-05
xc1.xcore.vss__t449                5.57865e-13
xc1.xcore.vss__t83                 2.45863e-05
xc1.xcore.ibias__t163                  1.12786
xc1.xcore.ibias__t218                  1.12522
xc1.xcore.vss__t450                5.53381e-13
xc1.xcore.ibias__t212                  1.12525
xc1.xcore.ibias__t162                  1.12786
xc1.xcore.vss__t185                2.43865e-05
xc1.xcore.vss__t451                5.48897e-13
xc1.xcore.vss__t89                 2.41867e-05
xc1.xcore.ibias__t177                  1.12786
xc1.xcore.ibias__t219                  1.12528
xc1.xcore.vss__t452                5.44412e-13
xc1.xcore.ibias__t211                  1.12531
xc1.xcore.ibias__t160                  1.12786
xc1.xcore.vss__t183                2.39868e-05
xc1.xcore.vss__t453                5.39928e-13
xc1.xcore.vss__t82                  2.3787e-05
xc1.xcore.ibias__t159                  1.12786
xc1.xcore.ibias__t217                  1.12534
xc1.xcore.vss__t454                5.35443e-13
xc1.xcore.ibias__t214                  1.12537
xc1.xcore.ibias__t174                  1.12786
xc1.xcore.vss__t192                2.35872e-05
xc1.xcore.vss__t455                5.30958e-13
xc1.xcore.vss__t3                  2.33874e-05
xc1.xcore.ibias__t4                    1.12786
xc1.xcore.ibias__t210                   1.1254
xc1.xcore.vss__t457                5.26473e-13
xc1.xcore.outn__t52                        3.3
xc1.xcore.inn__t1                        1.815
xc1.xcore.tail__t3                     1.32993
xc1.xcore.vss__t461                1.55257e-12
xc1.xcore.tail__t62                    1.32993
xc1.xcore.inn__t58                       1.815
xc1.xcore.outn__t81                        3.3
xc1.xcore.vss__t524                 1.5673e-12
xc1.xcore.outn__t49                        3.3
xc1.xcore.inn__t59                       1.815
xc1.xcore.tail__t124                   1.32993
xc1.xcore.vss__t525                1.58203e-12
xc1.xcore.tail__t63                    1.32993
xc1.xcore.inn__t60                       1.815
xc1.xcore.outn__t82                        3.3
xc1.xcore.vss__t526                1.59677e-12
xc1.xcore.outn__t50                        3.3
xc1.xcore.inn__t61                       1.815
xc1.xcore.tail__t125                   1.32993
xc1.xcore.vss__t527                 1.6115e-12
xc1.xcore.tail__t64                    1.32993
xc1.xcore.inn__t62                       1.815
xc1.xcore.outn__t83                        3.3
xc1.xcore.vss__t528                1.62624e-12
xc1.xcore.outn__t46                        3.3
xc1.xcore.inn__t52                       1.815
xc1.xcore.tail__t105                   1.32993
xc1.xcore.vss__t529                1.64097e-12
xc1.xcore.tail__t15                    1.32993
xc1.xcore.inn__t21                       1.815
xc1.xcore.outn__t63                        3.3
xc1.xcore.vss__t530                1.65571e-12
xc1.xcore.outn__t45                        3.3
xc1.xcore.inn__t51                       1.815
xc1.xcore.tail__t100                   1.32993
xc1.xcore.vss__t531                1.67044e-12
xc1.xcore.tail__t34                    1.32993
xc1.xcore.inn__t48                       1.815
xc1.xcore.outn__t76                        3.3
xc1.xcore.vss__t532                1.68518e-12
xc1.xcore.outn__t44                        3.3
xc1.xcore.inn__t50                       1.815
xc1.xcore.tail__t99                    1.32993
xc1.xcore.vss__t533                1.69992e-12
xc1.xcore.tail__t61                    1.32993
xc1.xcore.inn__t57                       1.815
xc1.xcore.outn__t80                        3.3
xc1.xcore.vss__t534                1.71465e-12
xc1.xcore.outn__t40                        3.3
xc1.xcore.inn__t42                       1.815
xc1.xcore.tail__t87                    1.32993
xc1.xcore.vss__t535                1.72939e-12
xc1.xcore.tail__t27                    1.32993
xc1.xcore.inn__t41                       1.815
xc1.xcore.outn__t73                        3.3
xc1.xcore.vss__t536                1.74413e-12
xc1.xcore.outn__t39                        3.3
xc1.xcore.inn__t40                       1.815
xc1.xcore.tail__t86                    1.32993
xc1.xcore.vss__t537                1.75887e-12
xc1.xcore.tail__t26                    1.32993
xc1.xcore.inn__t39                       1.815
xc1.xcore.outn__t72                        3.3
xc1.xcore.vss__t538                1.77361e-12
xc1.xcore.outn__t38                        3.3
xc1.xcore.inn__t38                       1.815
xc1.xcore.tail__t85                    1.32993
xc1.xcore.vss__t539                1.78834e-12
xc1.xcore.tail__t25                    1.32993
xc1.xcore.inn__t37                       1.815
xc1.xcore.outn__t71                        3.3
xc1.xcore.vss__t540                1.80308e-12
xc1.xcore.outn__t47                        3.3
xc1.xcore.inn__t53                       1.815
xc1.xcore.tail__t109                   1.32993
xc1.xcore.vss__t541                1.81782e-12
xc1.xcore.tail__t52                    1.32993
xc1.xcore.inn__t55                       1.815
xc1.xcore.outn__t78                        3.3
xc1.xcore.vss__t542                1.83256e-12
xc1.xcore.outn__t48                        3.3
xc1.xcore.inn__t54                       1.815
xc1.xcore.tail__t117                   1.32993
xc1.xcore.vss__t543                 1.8473e-12
xc1.xcore.tail__t39                    1.32993
xc1.xcore.inn__t49                       1.815
xc1.xcore.outn__t77                        3.3
xc1.xcore.vss__t544                1.86204e-12
xc1.xcore.outn__t41                        3.3
xc1.xcore.inn__t43                       1.815
xc1.xcore.tail__t89                    1.32993
xc1.xcore.vss__t545                1.87678e-12
xc1.xcore.tail__t29                    1.32993
xc1.xcore.inn__t47                       1.815
xc1.xcore.outn__t75                        3.3
xc1.xcore.vss__t546                1.89152e-12
xc1.xcore.outn__t43                        3.3
xc1.xcore.inn__t46                       1.815
xc1.xcore.tail__t91                    1.32993
xc1.xcore.vss__t547                1.90626e-12
xc1.xcore.tail__t28                    1.32993
xc1.xcore.inn__t45                       1.815
xc1.xcore.outn__t74                        3.3
xc1.xcore.vss__t548                1.92101e-12
xc1.xcore.outn__t42                        3.3
xc1.xcore.inn__t44                       1.815
xc1.xcore.tail__t90                    1.32993
xc1.xcore.vss__t549                1.93575e-12
xc1.xcore.tail__t59                    1.32993
xc1.xcore.inn__t56                       1.815
xc1.xcore.outn__t79                        3.3
xc1.xcore.vss__t550                1.95049e-12
xc1.xcore.outn__t51                        3.3
xc1.xcore.inn__t63                       1.815
xc1.xcore.tail__t127                   1.32993
xc1.xcore.vss__t551                1.96523e-12
xc1.xcore.tail__t13                    1.32993
xc1.xcore.inn__t19                       1.815
xc1.xcore.outn__t62                        3.3
xc1.xcore.vss__t552                1.97997e-12
xc1.xcore.outn__t28                        3.3
xc1.xcore.inn__t18                       1.815
xc1.xcore.tail__t72                    1.32993
xc1.xcore.vss__t553                1.99471e-12
xc1.xcore.tail__t12                    1.32993
xc1.xcore.inn__t17                       1.815
xc1.xcore.outn__t61                        3.3
xc1.xcore.vss__t554                2.00946e-12
xc1.xcore.outn__t27                        3.3
xc1.xcore.inn__t16                       1.815
xc1.xcore.tail__t71                    1.32993
xc1.xcore.vss__t555                 2.0242e-12
xc1.xcore.tail__t11                    1.32993
xc1.xcore.inn__t15                       1.815
xc1.xcore.outn__t60                        3.3
xc1.xcore.vss__t556                2.03894e-12
xc1.xcore.outn__t26                        3.3
xc1.xcore.inn__t14                       1.815
xc1.xcore.tail__t70                    1.32993
xc1.xcore.vss__t557                2.05368e-12
xc1.xcore.tail__t10                    1.32993
xc1.xcore.inn__t13                       1.815
xc1.xcore.outn__t59                        3.3
xc1.xcore.vss__t558                2.06843e-12
xc1.xcore.outn__t25                        3.3
xc1.xcore.inn__t12                       1.815
xc1.xcore.tail__t69                    1.32993
xc1.xcore.vss__t559                2.08317e-12
xc1.xcore.tail__t6                     1.32993
xc1.xcore.inn__t5                        1.815
xc1.xcore.outn__t55                        3.3
xc1.xcore.vss__t560                2.09791e-12
xc1.xcore.outn__t24                        3.3
xc1.xcore.inn__t11                       1.815
xc1.xcore.tail__t68                    1.32993
xc1.xcore.vss__t561                2.11266e-12
xc1.xcore.tail__t4                     1.32993
xc1.xcore.inn__t2                        1.815
xc1.xcore.outn__t53                        3.3
xc1.xcore.vss__t562                 2.1274e-12
xc1.xcore.outn__t21                        3.3
xc1.xcore.inn__t3                        1.815
xc1.xcore.tail__t65                    1.32993
xc1.xcore.vss__t563                2.14215e-12
xc1.xcore.tail__t5                     1.32993
xc1.xcore.inn__t4                        1.815
xc1.xcore.outn__t54                        3.3
xc1.xcore.vss__t564                2.15689e-12
xc1.xcore.outn__t22                        3.3
xc1.xcore.inn__t6                        1.815
xc1.xcore.tail__t66                    1.32993
xc1.xcore.vss__t565                2.17163e-12
xc1.xcore.tail__t7                     1.32993
xc1.xcore.inn__t7                        1.815
xc1.xcore.outn__t56                        3.3
xc1.xcore.vss__t566                2.18638e-12
xc1.xcore.outn__t23                        3.3
xc1.xcore.inn__t8                        1.815
xc1.xcore.tail__t67                    1.32993
xc1.xcore.vss__t567                2.20112e-12
xc1.xcore.tail__t8                     1.32993
xc1.xcore.inn__t9                        1.815
xc1.xcore.outn__t57                        3.3
xc1.xcore.vss__t568                2.21587e-12
xc1.xcore.outn__t29                        3.3
xc1.xcore.inn__t20                       1.815
xc1.xcore.tail__t73                    1.32993
xc1.xcore.vss__t569                2.23061e-12
xc1.xcore.tail__t9                     1.32993
xc1.xcore.inn__t10                       1.815
xc1.xcore.outn__t58                        3.3
xc1.xcore.vss__t570                2.24536e-12
xc1.xcore.outn__t36                        3.3
xc1.xcore.inn__t35                       1.815
xc1.xcore.tail__t83                    1.32993
xc1.xcore.vss__t571                 2.2601e-12
xc1.xcore.tail__t24                    1.32993
xc1.xcore.inn__t34                       1.815
xc1.xcore.outn__t70                        3.3
xc1.xcore.vss__t572                2.27485e-12
xc1.xcore.outn__t35                        3.3
xc1.xcore.inn__t33                       1.815
xc1.xcore.tail__t82                    1.32993
xc1.xcore.vss__t573                 2.2896e-12
xc1.xcore.tail__t23                    1.32993
xc1.xcore.inn__t32                       1.815
xc1.xcore.outn__t69                        3.3
xc1.xcore.vss__t574                2.30434e-12
xc1.xcore.outn__t34                        3.3
xc1.xcore.inn__t31                       1.815
xc1.xcore.tail__t81                    1.32993
xc1.xcore.vss__t575                2.31909e-12
xc1.xcore.tail__t22                    1.32993
xc1.xcore.inn__t30                       1.815
xc1.xcore.outn__t68                        3.3
xc1.xcore.vss__t576                2.33383e-12
xc1.xcore.outn__t33                        3.3
xc1.xcore.inn__t29                       1.815
xc1.xcore.tail__t80                    1.32993
xc1.xcore.vss__t577                2.34858e-12
xc1.xcore.tail__t21                    1.32993
xc1.xcore.inn__t28                       1.815
xc1.xcore.outn__t67                        3.3
xc1.xcore.vss__t578                2.36333e-12
xc1.xcore.outn__t32                        3.3
xc1.xcore.inn__t27                       1.815
xc1.xcore.tail__t79                    1.32993
xc1.xcore.vss__t579                2.37807e-12
xc1.xcore.tail__t20                    1.32993
xc1.xcore.inn__t26                       1.815
xc1.xcore.outn__t66                        3.3
xc1.xcore.vss__t580                2.39282e-12
xc1.xcore.outn__t37                        3.3
xc1.xcore.inn__t36                       1.815
xc1.xcore.tail__t84                    1.32993
xc1.xcore.vss__t581                2.40756e-12
xc1.xcore.tail__t18                    1.32993
xc1.xcore.inn__t25                       1.815
xc1.xcore.outn__t65                        3.3
xc1.xcore.vss__t582                2.42231e-12
xc1.xcore.outn__t31                        3.3
xc1.xcore.inn__t24                       1.815
xc1.xcore.tail__t78                    1.32993
xc1.xcore.vss__t583                2.43706e-12
xc1.xcore.tail__t17                    1.32993
xc1.xcore.inn__t23                       1.815
xc1.xcore.outn__t64                        3.3
xc1.xcore.vss__t584                2.45181e-12
xc1.xcore.outn__t30                        3.3
xc1.xcore.inn__t22                       1.815
xc1.xcore.tail__t77                    1.32993
xc1.xcore.vss__t585                2.46655e-12
xc1.xcore.tail__t2                     1.32993
xc1.xcore.inn__t0                        1.815
xc1.xcore.outn__t20                        3.3
xc1.xcore.vss__t587                 2.4813e-12
xc1.xcore.vss__t210                2.60301e-12
xc1.xcore.outp__t16                     2.7955
xc1.xcore.vss__t211                2.57241e-12
xc1.xcore.outp__t17                     2.7955
xc1.xcore.vss__t212                2.54184e-12
xc1.xcore.outp__t18                     2.7955
xc1.xcore.vss__t213                 2.5113e-12
xc1.xcore.outp__t19                     2.7955
xc1.xcore.vss__t214                2.48078e-12
xc1.xcore.outp__t0                      2.7955
xc1.xcore.vss__t215                2.45029e-12
xc1.xcore.outp__t1                      2.7955
xc1.xcore.vss__t216                2.41982e-12
xc1.xcore.outp__t2                      2.7955
xc1.xcore.vss__t217                2.38939e-12
xc1.xcore.outp__t3                      2.7955
xc1.xcore.vss__t218                2.35899e-12
xc1.xcore.outp__t4                      2.7955
xc1.xcore.vss__t219                2.32862e-12
xc1.xcore.outp__t15                     2.7955
xc1.xcore.vss__t220                2.29828e-12
xc1.xcore.outp__t6                      2.7955
xc1.xcore.vss__t221                2.26798e-12
xc1.xcore.outp__t7                      2.7955
xc1.xcore.vss__t222                2.23771e-12
xc1.xcore.outp__t8                      2.7955
xc1.xcore.vss__t223                2.20748e-12
xc1.xcore.outp__t9                      2.7955
xc1.xcore.vss__t224                2.17729e-12
xc1.xcore.outp__t10                     2.7955
xc1.xcore.vss__t225                2.14714e-12
xc1.xcore.outp__t11                     2.7955
xc1.xcore.vss__t226                2.11704e-12
xc1.xcore.outp__t12                     2.7955
xc1.xcore.vss__t227                2.08698e-12
xc1.xcore.outp__t13                     2.7955
xc1.xcore.vss__t228                2.05696e-12
xc1.xcore.outp__t14                     2.7955
xc1.xcore.vss__t229                2.02699e-12
xc1.xcore.outp__t5                      2.7955
xc1.xcore.vss__t230                2.18457e-12
xc1.xcore.outn__t0                         3.3
xc1.xcore.vss__t231                2.21955e-12
xc1.xcore.outn__t5                         3.3
xc1.xcore.vss__t232                 2.2546e-12
xc1.xcore.outn__t6                         3.3
xc1.xcore.vss__t233                2.28973e-12
xc1.xcore.outn__t7                         3.3
xc1.xcore.vss__t234                2.32493e-12
xc1.xcore.outn__t8                         3.3
xc1.xcore.vss__t235                2.36019e-12
xc1.xcore.outn__t9                         3.3
xc1.xcore.vss__t236                2.39551e-12
xc1.xcore.outn__t10                        3.3
xc1.xcore.vss__t237                2.43089e-12
xc1.xcore.outn__t11                        3.3
xc1.xcore.vss__t238                2.46633e-12
xc1.xcore.outn__t12                        3.3
xc1.xcore.vss__t239                2.50182e-12
xc1.xcore.outn__t13                        3.3
xc1.xcore.vss__t240                2.53736e-12
xc1.xcore.outn__t14                        3.3
xc1.xcore.vss__t241                2.57296e-12
xc1.xcore.outn__t15                        3.3
xc1.xcore.vss__t242                 2.6086e-12
xc1.xcore.outn__t16                        3.3
xc1.xcore.vss__t243                2.64428e-12
xc1.xcore.outn__t17                        3.3
xc1.xcore.vss__t244                2.68002e-12
xc1.xcore.outn__t19                        3.3
xc1.xcore.vss__t245                2.71579e-12
xc1.xcore.outn__t18                        3.3
xc1.xcore.vss__t246                2.75161e-12
xc1.xcore.outn__t1                         3.3
xc1.xcore.vss__t247                2.78746e-12
xc1.xcore.outn__t2                         3.3
xc1.xcore.vss__t248                2.82335e-12
xc1.xcore.outn__t3                         3.3
xc1.xcore.vss__t249                2.85928e-12
xc1.xcore.outn__t4                         3.3
ib_c1                                  1.12786
xc1.xcore.vsubs                              0
outn_c1                                    3.3
outp_c1                                 2.7955
xc1.tail                               1.32993
vd_c1                                 0.504497
xc2.xcore.tail__t186                   1.32992
xc2.xcore.ibias__t118                  1.12786
xc2.xcore.vss__t163                5.34567e-06
xc2.xcore.vss__t349                1.47845e-13
xc2.xcore.vss__t60                 5.14896e-06
xc2.xcore.ibias__t117                  1.12786
xc2.xcore.tail__t286                   1.32992
xc2.xcore.vss__t350                1.42405e-13
xc2.xcore.tail__t197                   1.32992
xc2.xcore.ibias__t140                  1.12786
xc2.xcore.vss__t174                4.95265e-06
xc2.xcore.vss__t351                1.36975e-13
xc2.xcore.vss__t68                 4.75681e-06
xc2.xcore.ibias__t133                  1.12786
xc2.xcore.tail__t294                   1.32992
xc2.xcore.vss__t352                1.31559e-13
xc2.xcore.tail__t193                   1.32992
xc2.xcore.ibias__t132                  1.12786
xc2.xcore.vss__t170                4.56149e-06
xc2.xcore.vss__t353                1.26157e-13
xc2.xcore.vss__t67                 4.36676e-06
xc2.xcore.ibias__t131                  1.12786
xc2.xcore.tail__t293                   1.32992
xc2.xcore.vss__t354                1.20771e-13
xc2.xcore.tail__t192                   1.32992
xc2.xcore.ibias__t130                  1.12786
xc2.xcore.vss__t169                 4.1727e-06
xc2.xcore.vss__t355                1.15404e-13
xc2.xcore.vss__t74                 3.97941e-06
xc2.xcore.ibias__t145                  1.12786
xc2.xcore.tail__t300                   1.32992
xc2.xcore.vss__t356                1.10058e-13
xc2.xcore.tail__t191                   1.32992
xc2.xcore.ibias__t128                  1.12786
xc2.xcore.vss__t168                3.78702e-06
xc2.xcore.vss__t357                1.04737e-13
xc2.xcore.vss__t65                 3.59565e-06
xc2.xcore.ibias__t127                  1.12786
xc2.xcore.tail__t291                   1.32992
xc2.xcore.vss__t358                9.94446e-14
xc2.xcore.tail__t190                   1.32992
xc2.xcore.ibias__t126                  1.12786
xc2.xcore.vss__t167                 3.4055e-06
xc2.xcore.vss__t359                9.41854e-14
xc2.xcore.vss__t64                 3.21676e-06
xc2.xcore.ibias__t125                  1.12786
xc2.xcore.tail__t290                   1.32992
xc2.xcore.vss__t360                8.89654e-14
xc2.xcore.tail__t189                   1.32992
xc2.xcore.ibias__t124                  1.12786
xc2.xcore.vss__t166                3.02971e-06
xc2.xcore.vss__t361                8.37922e-14
xc2.xcore.vss__t63                 2.84468e-06
xc2.xcore.ibias__t123                  1.12786
xc2.xcore.tail__t289                   1.32992
xc2.xcore.vss__t362                7.86748e-14
xc2.xcore.tail__t188                   1.32992
xc2.xcore.ibias__t122                  1.12786
xc2.xcore.vss__t165                2.66209e-06
xc2.xcore.vss__t363                7.36249e-14
xc2.xcore.vss__t62                 2.48248e-06
xc2.xcore.ibias__t121                  1.12786
xc2.xcore.tail__t288                   1.32992
xc2.xcore.vss__t364                6.86574e-14
xc2.xcore.tail__t187                   1.32992
xc2.xcore.ibias__t120                  1.12786
xc2.xcore.vss__t164                2.30654e-06
xc2.xcore.vss__t365                6.37915e-14
xc2.xcore.vss__t26                 2.13519e-06
xc2.xcore.ibias__t0                    1.12786
xc2.xcore.tail__t252                   1.32992
xc2.xcore.vss__t366                5.90524e-14
xc2.xcore.tail__t175                   1.32992
xc2.xcore.ibias__t97                   1.12786
xc2.xcore.vss__t152                1.96962e-06
xc2.xcore.vss__t367                5.44732e-14
xc2.xcore.vss__t42                 1.81141e-06
xc2.xcore.ibias__t78                   1.12786
xc2.xcore.tail__t268                   1.32992
xc2.xcore.vss__t368                5.00978e-14
xc2.xcore.tail__t164                   1.32992
xc2.xcore.ibias__t77                   1.12786
xc2.xcore.vss__t141                1.66268e-06
xc2.xcore.vss__t369                4.59843e-14
xc2.xcore.vss__t37                 1.52619e-06
xc2.xcore.ibias__t70                   1.12786
xc2.xcore.tail__t263                   1.32992
xc2.xcore.vss__t370                4.22095e-14
xc2.xcore.tail__t167                   1.32992
xc2.xcore.ibias__t82                   1.12786
xc2.xcore.vss__t144                1.40552e-06
xc2.xcore.vss__t371                 3.8872e-14
xc2.xcore.vss__t39                 1.30505e-06
xc2.xcore.ibias__t72                   1.12786
xc2.xcore.tail__t265                   1.32992
xc2.xcore.vss__t372                3.60935e-14
xc2.xcore.tail__t162                   1.32992
xc2.xcore.ibias__t73                   1.12786
xc2.xcore.vss__t139                1.22976e-06
xc2.xcore.vss__t373                3.40112e-14
xc2.xcore.vss__t40                 1.18445e-06
xc2.xcore.ibias__t74                   1.12786
xc2.xcore.tail__t266                   1.32992
xc2.xcore.vss__t374                3.27581e-14
xc2.xcore.tail__t163                   1.32992
xc2.xcore.ibias__t75                   1.12786
xc2.xcore.vss__t140                1.17261e-06
xc2.xcore.vss__t375                3.24305e-14
xc2.xcore.vss__t41                 1.19522e-06
xc2.xcore.ibias__t76                   1.12786
xc2.xcore.tail__t267                   1.32993
xc2.xcore.vss__t376                3.30559e-14
xc2.xcore.tail__t129                   1.32993
xc2.xcore.ibias__t9                    1.12786
xc2.xcore.vss__t107                1.25042e-06
xc2.xcore.vss__t377                3.45828e-14
xc2.xcore.vss__t6                  1.33418e-06
xc2.xcore.ibias__t8                    1.12786
xc2.xcore.tail__t232                   1.32993
xc2.xcore.vss__t378                3.68992e-14
xc2.xcore.tail__t128                   1.32993
xc2.xcore.ibias__t7                    1.12786
xc2.xcore.vss__t106                1.44152e-06
xc2.xcore.vss__t379                 3.9868e-14
xc2.xcore.vss__t5                  1.56761e-06
xc2.xcore.ibias__t6                    1.12786
xc2.xcore.tail__t231                   1.32993
xc2.xcore.vss__t380                4.33551e-14
xc2.xcore.tail__t141                   1.32993
xc2.xcore.ibias__t31                   1.12786
xc2.xcore.vss__t119                1.70829e-06
xc2.xcore.vss__t381                4.72461e-14
xc2.xcore.vss__t4                  1.86027e-06
xc2.xcore.ibias__t5                    1.12786
xc2.xcore.tail__t230                   1.32993
xc2.xcore.vss__t382                5.14494e-14
xc2.xcore.tail__t158                   1.32993
xc2.xcore.ibias__t62                   1.12786
xc2.xcore.vss__t135                2.02099e-06
xc2.xcore.vss__t383                5.58945e-14
xc2.xcore.vss__t33                 2.18853e-06
xc2.xcore.ibias__t63                   1.12786
xc2.xcore.tail__t259                   1.32993
xc2.xcore.vss__t384                6.05283e-14
xc2.xcore.tail__t159                   1.32993
xc2.xcore.ibias__t64                   1.12786
xc2.xcore.vss__t136                2.36143e-06
xc2.xcore.vss__t385                6.53105e-14
xc2.xcore.vss__t34                 2.53861e-06
xc2.xcore.ibias__t65                   1.12786
xc2.xcore.tail__t260                   1.32993
xc2.xcore.vss__t386                7.02109e-14
xc2.xcore.tail__t160                   1.32993
xc2.xcore.ibias__t66                   1.12786
xc2.xcore.vss__t137                2.71923e-06
xc2.xcore.vss__t387                7.52063e-14
xc2.xcore.vss__t35                 2.90264e-06
xc2.xcore.ibias__t67                   1.12786
xc2.xcore.tail__t261                   1.32993
xc2.xcore.vss__t388                8.02791e-14
xc2.xcore.tail__t161                   1.32993
xc2.xcore.ibias__t68                   1.12786
xc2.xcore.vss__t138                3.08835e-06
xc2.xcore.vss__t389                8.54154e-14
xc2.xcore.vss__t36                 3.27596e-06
xc2.xcore.ibias__t69                   1.12786
xc2.xcore.tail__t262                   1.32993
xc2.xcore.vss__t390                9.06044e-14
xc2.xcore.tail__t130                   1.32993
xc2.xcore.ibias__t10                   1.12786
xc2.xcore.vss__t108                3.46517e-06
xc2.xcore.vss__t391                9.58376e-14
xc2.xcore.vss__t13                 3.65573e-06
xc2.xcore.ibias__t23                   1.12786
xc2.xcore.tail__t239                   1.32993
xc2.xcore.vss__t392                1.01108e-13
xc2.xcore.tail__t137                   1.32993
xc2.xcore.ibias__t24                   1.12786
xc2.xcore.vss__t115                3.84743e-06
xc2.xcore.vss__t393                 1.0641e-13
xc2.xcore.vss__t14                 4.04013e-06
xc2.xcore.ibias__t25                   1.12786
xc2.xcore.tail__t240                   1.32993
xc2.xcore.vss__t394                 1.1174e-13
xc2.xcore.tail__t138                   1.32993
xc2.xcore.ibias__t26                   1.12786
xc2.xcore.vss__t116                4.23367e-06
xc2.xcore.vss__t395                1.17093e-13
xc2.xcore.vss__t15                 4.42795e-06
xc2.xcore.ibias__t27                   1.12786
xc2.xcore.tail__t241                   1.32993
xc2.xcore.vss__t396                1.22467e-13
xc2.xcore.tail__t139                   1.32993
xc2.xcore.ibias__t28                   1.12786
xc2.xcore.vss__t117                4.62287e-06
xc2.xcore.vss__t397                1.27858e-13
xc2.xcore.vss__t16                 4.81836e-06
xc2.xcore.ibias__t29                   1.12786
xc2.xcore.tail__t242                   1.32993
xc2.xcore.vss__t398                1.33265e-13
xc2.xcore.tail__t140                   1.32993
xc2.xcore.ibias__t30                   1.12786
xc2.xcore.vss__t118                5.01436e-06
xc2.xcore.vss__t399                1.38686e-13
xc2.xcore.vss__t21                 5.21079e-06
xc2.xcore.ibias__t41                   1.12786
xc2.xcore.tail__t247                   1.32993
xc2.xcore.vss__t400                1.44119e-13
xc2.xcore.tail__t142                   1.32993
xc2.xcore.ibias__t32                   1.12786
xc2.xcore.vss__t120                5.40763e-06
xc2.xcore.vss__t401                1.49563e-13
xc2.xcore.vss__t17                 5.60481e-06
xc2.xcore.ibias__t33                   1.12786
xc2.xcore.tail__t243                   1.32993
xc2.xcore.vss__t402                1.55017e-13
xc2.xcore.tail__t143                   1.32993
xc2.xcore.ibias__t34                   1.12786
xc2.xcore.vss__t121                5.80232e-06
xc2.xcore.vss__t403                 1.6048e-13
xc2.xcore.vss__t18                 6.00011e-06
xc2.xcore.ibias__t35                   1.12786
xc2.xcore.tail__t244                   1.32993
xc2.xcore.vss__t404                 1.6595e-13
xc2.xcore.tail__t144                   1.32993
xc2.xcore.ibias__t36                   1.12786
xc2.xcore.vss__t122                6.19816e-06
xc2.xcore.vss__t405                1.71428e-13
xc2.xcore.vss__t19                 6.39644e-06
xc2.xcore.ibias__t37                   1.12786
xc2.xcore.tail__t245                   1.32993
xc2.xcore.vss__t406                1.76912e-13
xc2.xcore.tail__t145                   1.32993
xc2.xcore.ibias__t38                   1.12786
xc2.xcore.vss__t123                6.59494e-06
xc2.xcore.vss__t407                1.82402e-13
xc2.xcore.vss__t20                 6.79363e-06
xc2.xcore.ibias__t39                   1.12786
xc2.xcore.tail__t246                   1.32993
xc2.xcore.vss__t408                1.87898e-13
xc2.xcore.tail__t146                   1.32993
xc2.xcore.ibias__t40                   1.12786
xc2.xcore.vss__t124                6.99251e-06
xc2.xcore.vss__t409                1.93398e-13
xc2.xcore.vss__t8                  7.19154e-06
xc2.xcore.ibias__t12                   1.12786
xc2.xcore.tail__t234                   1.32993
xc2.xcore.vss__t410                1.98903e-13
xc2.xcore.tail__t135                   1.32993
xc2.xcore.ibias__t21                   1.12786
xc2.xcore.vss__t113                7.39072e-06
xc2.xcore.vss__t411                2.04412e-13
xc2.xcore.vss__t9                  7.59005e-06
xc2.xcore.ibias__t13                   1.12786
xc2.xcore.tail__t235                   1.32993
xc2.xcore.vss__t412                2.09925e-13
xc2.xcore.tail__t131                   1.32993
xc2.xcore.ibias__t14                   1.12786
xc2.xcore.vss__t109                 7.7895e-06
xc2.xcore.vss__t413                2.15442e-13
xc2.xcore.vss__t10                 7.98907e-06
xc2.xcore.ibias__t15                   1.12786
xc2.xcore.tail__t236                   1.32993
xc2.xcore.vss__t414                2.20962e-13
xc2.xcore.tail__t134                   1.32993
xc2.xcore.ibias__t20                   1.12786
xc2.xcore.vss__t112                8.18874e-06
xc2.xcore.vss__t415                2.26484e-13
xc2.xcore.vss__t12                 8.38852e-06
xc2.xcore.ibias__t19                   1.12786
xc2.xcore.tail__t238                   1.32993
xc2.xcore.vss__t416                 2.3201e-13
xc2.xcore.tail__t133                   1.32993
xc2.xcore.ibias__t18                   1.12786
xc2.xcore.vss__t111                 8.5884e-06
xc2.xcore.vss__t417                2.37538e-13
xc2.xcore.vss__t11                 8.78836e-06
xc2.xcore.ibias__t17                   1.12786
xc2.xcore.tail__t237                   1.32993
xc2.xcore.vss__t418                2.43069e-13
xc2.xcore.tail__t132                   1.32993
xc2.xcore.ibias__t16                   1.12786
xc2.xcore.vss__t110                 8.9884e-06
xc2.xcore.vss__t419                2.48602e-13
xc2.xcore.vss__t7                  9.18852e-06
xc2.xcore.ibias__t11                   1.12786
xc2.xcore.tail__t233                   1.32993
xc2.xcore.vss__t420                2.54137e-13
xc2.xcore.tail__t136                   1.32993
xc2.xcore.ibias__t22                   1.12786
xc2.xcore.vss__t114                9.38872e-06
xc2.xcore.vss__t421                2.59674e-13
xc2.xcore.vss__t23                 9.58898e-06
xc2.xcore.ibias__t45                   1.12786
xc2.xcore.tail__t249                   1.32993
xc2.xcore.vss__t422                2.65213e-13
xc2.xcore.tail__t150                   1.32993
xc2.xcore.ibias__t46                   1.12786
xc2.xcore.vss__t127                 9.7893e-06
xc2.xcore.vss__t423                2.70754e-13
xc2.xcore.vss__t24                 9.98968e-06
xc2.xcore.ibias__t47                   1.12786
xc2.xcore.tail__t250                   1.32992
xc2.xcore.vss__t424                2.76296e-13
xc2.xcore.tail__t151                   1.32992
xc2.xcore.ibias__t48                   1.12786
xc2.xcore.vss__t128                1.01901e-05
xc2.xcore.vss__t425                 2.8184e-13
xc2.xcore.vss__t25                 1.03906e-05
xc2.xcore.ibias__t49                   1.12786
xc2.xcore.tail__t251                   1.32992
xc2.xcore.vss__t426                2.87385e-13
xc2.xcore.tail__t152                   1.32992
xc2.xcore.ibias__t50                   1.12786
xc2.xcore.vss__t129                1.05911e-05
xc2.xcore.vss__t427                2.92932e-13
xc2.xcore.vss__t32                 1.07917e-05
xc2.xcore.ibias__t61                   1.12786
xc2.xcore.tail__t258                   1.32992
xc2.xcore.vss__t428                 2.9848e-13
xc2.xcore.tail__t153                   1.32992
xc2.xcore.ibias__t51                   1.12786
xc2.xcore.vss__t130                1.09924e-05
xc2.xcore.vss__t429                3.04029e-13
xc2.xcore.vss__t27                  1.1193e-05
xc2.xcore.ibias__t52                   1.12786
xc2.xcore.tail__t253                   1.32992
xc2.xcore.vss__t430                 3.0958e-13
xc2.xcore.tail__t154                   1.32992
xc2.xcore.ibias__t53                   1.12786
xc2.xcore.vss__t131                1.13937e-05
xc2.xcore.vss__t431                3.15131e-13
xc2.xcore.vss__t28                 1.15945e-05
xc2.xcore.ibias__t54                   1.12786
xc2.xcore.tail__t254                   1.32992
xc2.xcore.vss__t432                3.20684e-13
xc2.xcore.tail__t155                   1.32992
xc2.xcore.ibias__t55                   1.12786
xc2.xcore.vss__t132                1.17953e-05
xc2.xcore.vss__t433                3.26237e-13
xc2.xcore.vss__t29                 1.19961e-05
xc2.xcore.ibias__t56                   1.12786
xc2.xcore.tail__t255                   1.32992
xc2.xcore.vss__t434                3.31792e-13
xc2.xcore.tail__t156                   1.32992
xc2.xcore.ibias__t57                   1.12786
xc2.xcore.vss__t133                1.21969e-05
xc2.xcore.vss__t435                3.37347e-13
xc2.xcore.vss__t30                 1.23978e-05
xc2.xcore.ibias__t58                   1.12786
xc2.xcore.tail__t256                   1.32992
xc2.xcore.vss__t436                3.42903e-13
xc2.xcore.tail__t157                   1.32992
xc2.xcore.ibias__t59                   1.12786
xc2.xcore.vss__t134                1.25987e-05
xc2.xcore.vss__t437                 3.4846e-13
xc2.xcore.vss__t31                 1.27997e-05
xc2.xcore.ibias__t60                   1.12786
xc2.xcore.tail__t257                   1.32992
xc2.xcore.vss__t438                3.54018e-13
xc2.xcore.tail__t211                   1.32992
xc2.xcore.ibias__t176                  1.12786
xc2.xcore.vss__t193                1.30006e-05
xc2.xcore.vss__t439                3.59577e-13
xc2.xcore.vss__t88                 1.32016e-05
xc2.xcore.ibias__t175                  1.12786
xc2.xcore.tail__t311                   1.32992
xc2.xcore.vss__t440                3.65136e-13
xc2.xcore.tail__t165                   1.32992
xc2.xcore.ibias__t79                   1.12786
xc2.xcore.vss__t142                1.34026e-05
xc2.xcore.vss__t441                3.70696e-13
xc2.xcore.vss__t43                 1.36037e-05
xc2.xcore.ibias__t80                   1.12786
xc2.xcore.tail__t269                   1.32992
xc2.xcore.vss__t442                3.76256e-13
xc2.xcore.tail__t166                   1.32992
xc2.xcore.ibias__t81                   1.12786
xc2.xcore.vss__t143                1.38047e-05
xc2.xcore.vss__t443                3.81817e-13
xc2.xcore.vss__t38                 1.40058e-05
xc2.xcore.ibias__t71                   1.12786
xc2.xcore.tail__t264                   1.32992
xc2.xcore.vss__t444                3.87379e-13
xc2.xcore.tail__t147                   1.32992
xc2.xcore.ibias__t42                   1.12786
xc2.xcore.vss__t125                1.42069e-05
xc2.xcore.vss__t445                3.92941e-13
xc2.xcore.vss__t22                  1.4408e-05
xc2.xcore.ibias__t43                   1.12786
xc2.xcore.tail__t248                   1.32992
xc2.xcore.vss__t446                3.98504e-13
xc2.xcore.tail__t148                   1.32992
xc2.xcore.ibias__t44                   1.12786
xc2.xcore.vss__t126                1.46092e-05
xc2.xcore.vss__t447                4.04067e-13
xc2.xcore.vss__t0                  1.48103e-05
xc2.xcore.ibias__t1                    1.12786
xc2.xcore.tail__t149                   1.32992
xc2.xcore.vss__t456                4.09631e-13
xc2.xcore.tail__t229                   1.32988
xc2.xcore.ibias__t2                    1.12786
xc2.xcore.vss__t1                  2.54219e-05
xc2.xcore.vss__t458                7.03131e-13
xc2.xcore.vss__t189                2.52203e-05
xc2.xcore.ibias__t170                  1.12786
xc2.xcore.tail__t228                   1.32988
xc2.xcore.vss__t250                6.97556e-13
xc2.xcore.tail__t209                   1.32988
xc2.xcore.ibias__t169                  1.12786
xc2.xcore.vss__t188                2.50188e-05
xc2.xcore.vss__t251                6.91981e-13
xc2.xcore.vss__t86                 2.48172e-05
xc2.xcore.ibias__t168                  1.12786
xc2.xcore.tail__t309                   1.32988
xc2.xcore.vss__t252                6.86406e-13
xc2.xcore.tail__t208                   1.32988
xc2.xcore.ibias__t167                  1.12786
xc2.xcore.vss__t187                2.46157e-05
xc2.xcore.vss__t253                6.80831e-13
xc2.xcore.vss__t85                 2.44141e-05
xc2.xcore.ibias__t166                  1.12786
xc2.xcore.tail__t308                   1.32988
xc2.xcore.vss__t254                6.75257e-13
xc2.xcore.tail__t207                   1.32989
xc2.xcore.ibias__t165                  1.12786
xc2.xcore.vss__t186                2.42126e-05
xc2.xcore.vss__t255                6.69682e-13
xc2.xcore.vss__t84                  2.4011e-05
xc2.xcore.ibias__t164                  1.12786
xc2.xcore.tail__t307                   1.32989
xc2.xcore.vss__t256                6.64107e-13
xc2.xcore.tail__t210                   1.32989
xc2.xcore.ibias__t173                  1.12786
xc2.xcore.vss__t191                2.38095e-05
xc2.xcore.vss__t257                6.58533e-13
xc2.xcore.vss__t87                  2.3608e-05
xc2.xcore.ibias__t172                  1.12786
xc2.xcore.tail__t310                   1.32989
xc2.xcore.vss__t258                6.52959e-13
xc2.xcore.tail__t219                   1.32989
xc2.xcore.ibias__t195                  1.12786
xc2.xcore.vss__t201                2.34065e-05
xc2.xcore.vss__t259                6.47385e-13
xc2.xcore.vss__t99                 2.32049e-05
xc2.xcore.ibias__t194                  1.12786
xc2.xcore.tail__t321                   1.32989
xc2.xcore.vss__t260                6.41811e-13
xc2.xcore.tail__t227                   1.32989
xc2.xcore.ibias__t209                  1.12786
xc2.xcore.vss__t209                2.30034e-05
xc2.xcore.vss__t261                6.36237e-13
xc2.xcore.vss__t97                 2.28019e-05
xc2.xcore.ibias__t192                  1.12786
xc2.xcore.tail__t319                   1.32989
xc2.xcore.vss__t262                6.30663e-13
xc2.xcore.tail__t218                   1.32989
xc2.xcore.ibias__t191                  1.12786
xc2.xcore.vss__t200                2.26004e-05
xc2.xcore.vss__t263                6.25089e-13
xc2.xcore.vss__t96                 2.23989e-05
xc2.xcore.ibias__t190                  1.12786
xc2.xcore.tail__t318                   1.32989
xc2.xcore.vss__t264                6.19515e-13
xc2.xcore.tail__t217                   1.32989
xc2.xcore.ibias__t189                  1.12786
xc2.xcore.vss__t199                2.21974e-05
xc2.xcore.vss__t265                6.13942e-13
xc2.xcore.vss__t95                 2.19959e-05
xc2.xcore.ibias__t188                  1.12786
xc2.xcore.tail__t317                   1.32989
xc2.xcore.vss__t266                6.08369e-13
xc2.xcore.tail__t216                   1.32989
xc2.xcore.ibias__t187                  1.12786
xc2.xcore.vss__t198                2.17944e-05
xc2.xcore.vss__t267                6.02796e-13
xc2.xcore.vss__t94                 2.15929e-05
xc2.xcore.ibias__t186                  1.12786
xc2.xcore.tail__t316                   1.32989
xc2.xcore.vss__t268                5.97223e-13
xc2.xcore.tail__t215                   1.32989
xc2.xcore.ibias__t185                  1.12786
xc2.xcore.vss__t197                2.13915e-05
xc2.xcore.vss__t269                 5.9165e-13
xc2.xcore.vss__t93                   2.119e-05
xc2.xcore.ibias__t184                  1.12786
xc2.xcore.tail__t315                   1.32989
xc2.xcore.vss__t270                5.86077e-13
xc2.xcore.tail__t214                   1.32989
xc2.xcore.ibias__t183                  1.12786
xc2.xcore.vss__t196                2.09885e-05
xc2.xcore.vss__t271                5.80504e-13
xc2.xcore.vss__t92                 2.07871e-05
xc2.xcore.ibias__t182                  1.12786
xc2.xcore.tail__t314                   1.32989
xc2.xcore.vss__t272                5.74932e-13
xc2.xcore.tail__t213                   1.32989
xc2.xcore.ibias__t181                  1.12786
xc2.xcore.vss__t195                2.05856e-05
xc2.xcore.vss__t273                 5.6936e-13
xc2.xcore.vss__t91                 2.03842e-05
xc2.xcore.ibias__t180                  1.12786
xc2.xcore.tail__t313                   1.32989
xc2.xcore.vss__t274                5.63788e-13
xc2.xcore.tail__t212                   1.32989
xc2.xcore.ibias__t179                  1.12786
xc2.xcore.vss__t194                2.01827e-05
xc2.xcore.vss__t275                5.58216e-13
xc2.xcore.vss__t90                 1.99813e-05
xc2.xcore.ibias__t178                  1.12786
xc2.xcore.tail__t312                   1.32989
xc2.xcore.vss__t276                5.52644e-13
xc2.xcore.tail__t206                   1.32989
xc2.xcore.ibias__t161                  1.12786
xc2.xcore.vss__t184                1.97798e-05
xc2.xcore.vss__t277                5.47073e-13
xc2.xcore.vss__t57                 1.95784e-05
xc2.xcore.ibias__t112                  1.12786
xc2.xcore.tail__t283                   1.32989
xc2.xcore.vss__t278                5.41501e-13
xc2.xcore.tail__t183                   1.32989
xc2.xcore.ibias__t111                  1.12786
xc2.xcore.vss__t160                 1.9377e-05
xc2.xcore.vss__t279                 5.3593e-13
xc2.xcore.vss__t56                 1.91756e-05
xc2.xcore.ibias__t110                  1.12786
xc2.xcore.tail__t282                   1.32989
xc2.xcore.vss__t280                5.30359e-13
xc2.xcore.tail__t182                   1.32989
xc2.xcore.ibias__t109                  1.12786
xc2.xcore.vss__t159                1.89742e-05
xc2.xcore.vss__t281                5.24789e-13
xc2.xcore.vss__t55                 1.87728e-05
xc2.xcore.ibias__t108                  1.12786
xc2.xcore.tail__t281                   1.32989
xc2.xcore.vss__t282                5.19218e-13
xc2.xcore.tail__t181                   1.32989
xc2.xcore.ibias__t107                  1.12786
xc2.xcore.vss__t158                1.85714e-05
xc2.xcore.vss__t283                5.13648e-13
xc2.xcore.vss__t54                   1.837e-05
xc2.xcore.ibias__t106                  1.12786
xc2.xcore.tail__t280                   1.32989
xc2.xcore.vss__t284                5.08078e-13
xc2.xcore.tail__t180                    1.3299
xc2.xcore.ibias__t105                  1.12786
xc2.xcore.vss__t157                1.81686e-05
xc2.xcore.vss__t285                5.02508e-13
xc2.xcore.vss__t53                 1.79673e-05
xc2.xcore.ibias__t104                  1.12786
xc2.xcore.tail__t279                    1.3299
xc2.xcore.vss__t286                4.96938e-13
xc2.xcore.tail__t205                    1.3299
xc2.xcore.ibias__t156                  1.12786
xc2.xcore.vss__t182                1.77659e-05
xc2.xcore.vss__t287                4.91369e-13
xc2.xcore.vss__t79                 1.75646e-05
xc2.xcore.ibias__t155                  1.12786
xc2.xcore.tail__t305                    1.3299
xc2.xcore.vss__t288                  4.858e-13
xc2.xcore.tail__t204                    1.3299
xc2.xcore.ibias__t154                  1.12786
xc2.xcore.vss__t181                1.73633e-05
xc2.xcore.vss__t289                4.80231e-13
xc2.xcore.vss__t78                 1.71619e-05
xc2.xcore.ibias__t153                  1.12786
xc2.xcore.tail__t304                    1.3299
xc2.xcore.vss__t290                4.74663e-13
xc2.xcore.tail__t203                    1.3299
xc2.xcore.ibias__t152                  1.12786
xc2.xcore.vss__t180                1.69606e-05
xc2.xcore.vss__t291                4.69095e-13
xc2.xcore.vss__t77                 1.67593e-05
xc2.xcore.ibias__t151                  1.12786
xc2.xcore.tail__t303                    1.3299
xc2.xcore.vss__t292                4.63527e-13
xc2.xcore.tail__t202                    1.3299
xc2.xcore.ibias__t150                  1.12786
xc2.xcore.vss__t179                 1.6558e-05
xc2.xcore.vss__t293                 4.5796e-13
xc2.xcore.vss__t76                 1.63568e-05
xc2.xcore.ibias__t149                  1.12786
xc2.xcore.tail__t302                    1.3299
xc2.xcore.vss__t294                4.52392e-13
xc2.xcore.tail__t201                    1.3299
xc2.xcore.ibias__t148                  1.12786
xc2.xcore.vss__t178                1.61555e-05
xc2.xcore.vss__t295                4.46826e-13
xc2.xcore.vss__t75                 1.59542e-05
xc2.xcore.ibias__t147                  1.12786
xc2.xcore.tail__t301                    1.3299
xc2.xcore.vss__t296                4.41259e-13
xc2.xcore.tail__t200                    1.3299
xc2.xcore.ibias__t146                  1.12786
xc2.xcore.vss__t177                 1.5753e-05
xc2.xcore.vss__t297                4.35693e-13
xc2.xcore.vss__t98                 1.55518e-05
xc2.xcore.ibias__t193                  1.12786
xc2.xcore.tail__t320                    1.3299
xc2.xcore.vss__t298                4.30127e-13
xc2.xcore.tail__t226                    1.3299
xc2.xcore.ibias__t208                  1.12786
xc2.xcore.vss__t208                1.53506e-05
xc2.xcore.vss__t299                4.24562e-13
xc2.xcore.vss__t105                1.51494e-05
xc2.xcore.ibias__t207                  1.12786
xc2.xcore.tail__t327                    1.3299
xc2.xcore.vss__t300                4.18997e-13
xc2.xcore.tail__t225                    1.3299
xc2.xcore.ibias__t206                  1.12786
xc2.xcore.vss__t207                1.49482e-05
xc2.xcore.vss__t301                4.13433e-13
xc2.xcore.vss__t104                 1.4747e-05
xc2.xcore.ibias__t205                  1.12786
xc2.xcore.tail__t326                    1.3299
xc2.xcore.vss__t302                4.07869e-13
xc2.xcore.tail__t224                    1.3299
xc2.xcore.ibias__t204                  1.12786
xc2.xcore.vss__t206                1.45459e-05
xc2.xcore.vss__t303                4.02306e-13
xc2.xcore.vss__t103                1.43447e-05
xc2.xcore.ibias__t203                  1.12786
xc2.xcore.tail__t325                    1.3299
xc2.xcore.vss__t304                3.96743e-13
xc2.xcore.tail__t223                    1.3299
xc2.xcore.ibias__t202                  1.12786
xc2.xcore.vss__t205                1.41436e-05
xc2.xcore.vss__t305                 3.9118e-13
xc2.xcore.vss__t102                1.39425e-05
xc2.xcore.ibias__t201                  1.12786
xc2.xcore.tail__t324                    1.3299
xc2.xcore.vss__t306                3.85618e-13
xc2.xcore.tail__t222                    1.3299
xc2.xcore.ibias__t200                  1.12786
xc2.xcore.vss__t204                1.37415e-05
xc2.xcore.vss__t307                3.80057e-13
xc2.xcore.vss__t101                1.35404e-05
xc2.xcore.ibias__t199                  1.12786
xc2.xcore.tail__t323                    1.3299
xc2.xcore.vss__t308                3.74496e-13
xc2.xcore.tail__t221                    1.3299
xc2.xcore.ibias__t198                  1.12786
xc2.xcore.vss__t203                1.33394e-05
xc2.xcore.vss__t309                3.68936e-13
xc2.xcore.vss__t100                1.31384e-05
xc2.xcore.ibias__t197                  1.12786
xc2.xcore.tail__t322                    1.3299
xc2.xcore.vss__t310                3.63376e-13
xc2.xcore.tail__t220                    1.3299
xc2.xcore.ibias__t196                  1.12786
xc2.xcore.vss__t202                1.29374e-05
xc2.xcore.vss__t311                3.57818e-13
xc2.xcore.vss__t80                 1.27365e-05
xc2.xcore.ibias__t157                  1.12786
xc2.xcore.tail__t306                    1.3299
xc2.xcore.vss__t312                3.52259e-13
xc2.xcore.tail__t185                    1.3299
xc2.xcore.ibias__t116                  1.12786
xc2.xcore.vss__t162                1.25355e-05
xc2.xcore.vss__t313                3.46702e-13
xc2.xcore.vss__t59                 1.23346e-05
xc2.xcore.ibias__t115                  1.12786
xc2.xcore.tail__t285                    1.3299
xc2.xcore.vss__t314                3.41145e-13
xc2.xcore.tail__t184                   1.32991
xc2.xcore.ibias__t114                  1.12786
xc2.xcore.vss__t161                1.21338e-05
xc2.xcore.vss__t315                 3.3559e-13
xc2.xcore.vss__t71                 1.19329e-05
xc2.xcore.ibias__t139                  1.12786
xc2.xcore.tail__t297                   1.32991
xc2.xcore.vss__t316                3.30035e-13
xc2.xcore.tail__t196                   1.32991
xc2.xcore.ibias__t138                  1.12786
xc2.xcore.vss__t173                1.17321e-05
xc2.xcore.vss__t317                3.24481e-13
xc2.xcore.vss__t70                 1.15313e-05
xc2.xcore.ibias__t137                  1.12786
xc2.xcore.tail__t296                   1.32991
xc2.xcore.vss__t318                3.18928e-13
xc2.xcore.tail__t195                   1.32991
xc2.xcore.ibias__t136                  1.12786
xc2.xcore.vss__t172                1.13306e-05
xc2.xcore.vss__t319                3.13376e-13
xc2.xcore.vss__t69                 1.11299e-05
xc2.xcore.ibias__t135                  1.12786
xc2.xcore.tail__t295                   1.32991
xc2.xcore.vss__t320                3.07825e-13
xc2.xcore.tail__t194                   1.32991
xc2.xcore.ibias__t134                  1.12786
xc2.xcore.vss__t171                1.09292e-05
xc2.xcore.vss__t321                3.02275e-13
xc2.xcore.vss__t61                 1.07286e-05
xc2.xcore.ibias__t119                  1.12786
xc2.xcore.tail__t287                   1.32991
xc2.xcore.vss__t322                2.96726e-13
xc2.xcore.tail__t179                   1.32991
xc2.xcore.ibias__t103                  1.12786
xc2.xcore.vss__t156                1.05281e-05
xc2.xcore.vss__t323                2.91179e-13
xc2.xcore.vss__t48                 1.03275e-05
xc2.xcore.ibias__t92                   1.12786
xc2.xcore.tail__t274                   1.32991
xc2.xcore.vss__t324                2.85632e-13
xc2.xcore.tail__t178                   1.32991
xc2.xcore.ibias__t102                  1.12786
xc2.xcore.vss__t155                1.01271e-05
xc2.xcore.vss__t325                2.80088e-13
xc2.xcore.vss__t52                 9.92664e-06
xc2.xcore.ibias__t101                  1.12786
xc2.xcore.tail__t278                   1.32991
xc2.xcore.vss__t326                2.74545e-13
xc2.xcore.tail__t177                   1.32991
xc2.xcore.ibias__t100                  1.12786
xc2.xcore.vss__t154                9.72627e-06
xc2.xcore.vss__t327                2.69003e-13
xc2.xcore.vss__t51                 9.52597e-06
xc2.xcore.ibias__t99                   1.12786
xc2.xcore.tail__t277                   1.32991
xc2.xcore.vss__t328                2.63463e-13
xc2.xcore.tail__t176                   1.32991
xc2.xcore.ibias__t98                   1.12786
xc2.xcore.vss__t153                9.32573e-06
xc2.xcore.vss__t329                2.57925e-13
xc2.xcore.vss__t58                 9.12556e-06
xc2.xcore.ibias__t113                  1.12786
xc2.xcore.tail__t284                   1.32991
xc2.xcore.vss__t330                2.52388e-13
xc2.xcore.tail__t174                   1.32991
xc2.xcore.ibias__t96                   1.12786
xc2.xcore.vss__t151                8.92547e-06
xc2.xcore.vss__t331                2.46854e-13
xc2.xcore.vss__t50                 8.72545e-06
xc2.xcore.ibias__t95                   1.12786
xc2.xcore.tail__t276                   1.32991
xc2.xcore.vss__t332                2.41322e-13
xc2.xcore.tail__t173                   1.32991
xc2.xcore.ibias__t94                   1.12786
xc2.xcore.vss__t150                8.52551e-06
xc2.xcore.vss__t333                2.35792e-13
xc2.xcore.vss__t49                 8.32567e-06
xc2.xcore.ibias__t93                   1.12786
xc2.xcore.tail__t275                   1.32991
xc2.xcore.vss__t334                2.30265e-13
xc2.xcore.tail__t172                   1.32991
xc2.xcore.ibias__t91                   1.12786
xc2.xcore.vss__t149                8.12592e-06
xc2.xcore.vss__t335                 2.2474e-13
xc2.xcore.vss__t47                 7.92627e-06
xc2.xcore.ibias__t90                   1.12786
xc2.xcore.tail__t273                   1.32991
xc2.xcore.vss__t336                2.19219e-13
xc2.xcore.tail__t171                   1.32991
xc2.xcore.ibias__t89                   1.12786
xc2.xcore.vss__t148                7.72674e-06
xc2.xcore.vss__t337                  2.137e-13
xc2.xcore.vss__t46                 7.52733e-06
xc2.xcore.ibias__t88                   1.12786
xc2.xcore.tail__t272                   1.32991
xc2.xcore.vss__t338                2.08185e-13
xc2.xcore.tail__t170                   1.32991
xc2.xcore.ibias__t87                   1.12786
xc2.xcore.vss__t147                7.32805e-06
xc2.xcore.vss__t339                2.02673e-13
xc2.xcore.vss__t45                 7.12891e-06
xc2.xcore.ibias__t86                   1.12786
xc2.xcore.tail__t271                   1.32991
xc2.xcore.vss__t340                1.97165e-13
xc2.xcore.tail__t169                   1.32991
xc2.xcore.ibias__t85                   1.12786
xc2.xcore.vss__t146                6.92993e-06
xc2.xcore.vss__t341                1.91662e-13
xc2.xcore.vss__t44                 6.73111e-06
xc2.xcore.ibias__t84                   1.12786
xc2.xcore.tail__t270                   1.32991
xc2.xcore.vss__t342                1.86163e-13
xc2.xcore.tail__t168                   1.32991
xc2.xcore.ibias__t83                   1.12786
xc2.xcore.vss__t145                6.53248e-06
xc2.xcore.vss__t343                1.80669e-13
xc2.xcore.vss__t66                 6.33404e-06
xc2.xcore.ibias__t129                  1.12786
xc2.xcore.tail__t292                   1.32991
xc2.xcore.vss__t344                1.75181e-13
xc2.xcore.tail__t199                   1.32991
xc2.xcore.ibias__t144                  1.12786
xc2.xcore.vss__t176                6.13583e-06
xc2.xcore.vss__t345                1.69699e-13
xc2.xcore.vss__t73                 5.93786e-06
xc2.xcore.ibias__t143                  1.12786
xc2.xcore.tail__t299                   1.32992
xc2.xcore.vss__t346                1.64224e-13
xc2.xcore.tail__t198                   1.32992
xc2.xcore.ibias__t142                  1.12786
xc2.xcore.vss__t175                5.74016e-06
xc2.xcore.vss__t347                1.58756e-13
xc2.xcore.vss__t72                 5.54275e-06
xc2.xcore.ibias__t141                  1.12786
xc2.xcore.tail__t298                   1.32992
xc2.xcore.vss__t348                1.53296e-13
xc2.xcore.outp__t53                    2.79539
xc2.xcore.inp__t1                        2.805
xc2.xcore.tail__t0                     1.32999
xc2.xcore.vss__t460                1.51949e-12
xc2.xcore.tail__t119                   1.32999
xc2.xcore.inp__t53                       2.805
xc2.xcore.outp__t52                    2.79539
xc2.xcore.vss__t462                1.53387e-12
xc2.xcore.outp__t46                    2.79539
xc2.xcore.inp__t52                       2.805
xc2.xcore.tail__t118                   1.32999
xc2.xcore.vss__t463                1.54825e-12
xc2.xcore.tail__t58                    1.32999
xc2.xcore.inp__t61                       2.805
xc2.xcore.outp__t82                    2.79539
xc2.xcore.vss__t464                1.56263e-12
xc2.xcore.outp__t30                    2.79538
xc2.xcore.inp__t24                       2.805
xc2.xcore.tail__t98                    1.32999
xc2.xcore.vss__t465                1.57702e-12
xc2.xcore.tail__t38                    1.32999
xc2.xcore.inp__t23                       2.805
xc2.xcore.outp__t64                    2.79538
xc2.xcore.vss__t466                 1.5914e-12
xc2.xcore.outp__t29                    2.79538
xc2.xcore.inp__t22                       2.805
xc2.xcore.tail__t97                    1.32999
xc2.xcore.vss__t467                1.60578e-12
xc2.xcore.tail__t37                       1.33
xc2.xcore.inp__t21                       2.805
xc2.xcore.outp__t63                    2.79538
xc2.xcore.vss__t468                1.62016e-12
xc2.xcore.outp__t28                    2.79538
xc2.xcore.inp__t20                       2.805
xc2.xcore.tail__t96                       1.33
xc2.xcore.vss__t469                1.63455e-12
xc2.xcore.tail__t36                       1.33
xc2.xcore.inp__t19                       2.805
xc2.xcore.outp__t62                    2.79538
xc2.xcore.vss__t470                1.64893e-12
xc2.xcore.outp__t27                    2.79537
xc2.xcore.inp__t18                       2.805
xc2.xcore.tail__t95                       1.33
xc2.xcore.vss__t471                1.66331e-12
xc2.xcore.tail__t35                       1.33
xc2.xcore.inp__t17                       2.805
xc2.xcore.outp__t61                    2.79537
xc2.xcore.vss__t472                 1.6777e-12
xc2.xcore.outp__t26                    2.79537
xc2.xcore.inp__t16                       2.805
xc2.xcore.tail__t94                       1.33
xc2.xcore.vss__t473                1.69208e-12
xc2.xcore.tail__t33                       1.33
xc2.xcore.inp__t15                       2.805
xc2.xcore.outp__t60                    2.79537
xc2.xcore.vss__t474                1.70647e-12
xc2.xcore.outp__t47                    2.79537
xc2.xcore.inp__t54                       2.805
xc2.xcore.tail__t120                      1.33
xc2.xcore.vss__t475                1.72085e-12
xc2.xcore.tail__t54                       1.33
xc2.xcore.inp__t55                       2.805
xc2.xcore.outp__t78                    2.79537
xc2.xcore.vss__t476                1.73524e-12
xc2.xcore.outp__t51                    2.79536
xc2.xcore.inp__t63                       2.805
xc2.xcore.tail__t126                      1.33
xc2.xcore.vss__t477                1.74962e-12
xc2.xcore.tail__t57                       1.33
xc2.xcore.inp__t60                       2.805
xc2.xcore.outp__t81                    2.79536
xc2.xcore.vss__t478                1.76401e-12
xc2.xcore.outp__t49                    2.79536
xc2.xcore.inp__t59                       2.805
xc2.xcore.tail__t122                      1.33
xc2.xcore.vss__t479                 1.7784e-12
xc2.xcore.tail__t56                       1.33
xc2.xcore.inp__t58                       2.805
xc2.xcore.outp__t80                    2.79536
xc2.xcore.vss__t480                1.79278e-12
xc2.xcore.outp__t48                    2.79536
xc2.xcore.inp__t57                       2.805
xc2.xcore.tail__t121                   1.33001
xc2.xcore.vss__t481                1.80717e-12
xc2.xcore.tail__t55                    1.33001
xc2.xcore.inp__t56                       2.805
xc2.xcore.outp__t79                    2.79536
xc2.xcore.vss__t482                1.82156e-12
xc2.xcore.outp__t24                    2.79536
xc2.xcore.inp__t11                       2.805
xc2.xcore.tail__t92                    1.33001
xc2.xcore.vss__t483                1.83594e-12
xc2.xcore.tail__t30                    1.33001
xc2.xcore.inp__t10                       2.805
xc2.xcore.outp__t57                    2.79535
xc2.xcore.vss__t484                1.85033e-12
xc2.xcore.outp__t23                    2.79535
xc2.xcore.inp__t9                        2.805
xc2.xcore.tail__t88                    1.33001
xc2.xcore.vss__t485                1.86472e-12
xc2.xcore.tail__t32                    1.33001
xc2.xcore.inp__t14                       2.805
xc2.xcore.outp__t59                    2.79535
xc2.xcore.vss__t486                1.87911e-12
xc2.xcore.outp__t25                    2.79535
xc2.xcore.inp__t13                       2.805
xc2.xcore.tail__t93                    1.33001
xc2.xcore.vss__t487                 1.8935e-12
xc2.xcore.tail__t60                    1.33001
xc2.xcore.inp__t0                        2.805
xc2.xcore.outp__t83                    2.79535
xc2.xcore.vss__t488                1.90789e-12
xc2.xcore.outp__t50                    2.79535
xc2.xcore.inp__t62                       2.805
xc2.xcore.tail__t123                   1.33001
xc2.xcore.vss__t489                1.92227e-12
xc2.xcore.tail__t42                    1.33001
xc2.xcore.inp__t29                       2.805
xc2.xcore.outp__t67                    2.79534
xc2.xcore.vss__t490                1.93666e-12
xc2.xcore.outp__t32                    2.79534
xc2.xcore.inp__t28                       2.805
xc2.xcore.tail__t102                   1.33001
xc2.xcore.vss__t491                1.95105e-12
xc2.xcore.tail__t41                    1.33001
xc2.xcore.inp__t27                       2.805
xc2.xcore.outp__t66                    2.79534
xc2.xcore.vss__t492                1.96544e-12
xc2.xcore.outp__t31                    2.79534
xc2.xcore.inp__t26                       2.805
xc2.xcore.tail__t101                   1.33002
xc2.xcore.vss__t493                1.97983e-12
xc2.xcore.tail__t40                    1.33002
xc2.xcore.inp__t25                       2.805
xc2.xcore.outp__t65                    2.79534
xc2.xcore.vss__t494                1.99422e-12
xc2.xcore.outp__t20                    2.79534
xc2.xcore.inp__t4                        2.805
xc2.xcore.tail__t74                    1.33002
xc2.xcore.vss__t495                2.00861e-12
xc2.xcore.tail__t14                    1.33002
xc2.xcore.inp__t3                        2.805
xc2.xcore.outp__t54                    2.79533
xc2.xcore.vss__t496                  2.023e-12
xc2.xcore.outp__t22                    2.79533
xc2.xcore.inp__t7                        2.805
xc2.xcore.tail__t76                    1.33002
xc2.xcore.vss__t497                2.03739e-12
xc2.xcore.tail__t16                    1.33002
xc2.xcore.inp__t6                        2.805
xc2.xcore.outp__t55                    2.79533
xc2.xcore.vss__t498                2.05178e-12
xc2.xcore.outp__t21                    2.79533
xc2.xcore.inp__t5                        2.805
xc2.xcore.tail__t75                    1.33002
xc2.xcore.vss__t499                2.06617e-12
xc2.xcore.tail__t19                    1.33002
xc2.xcore.inp__t8                        2.805
xc2.xcore.outp__t56                    2.79533
xc2.xcore.vss__t500                2.08056e-12
xc2.xcore.outp__t45                    2.79533
xc2.xcore.inp__t50                       2.805
xc2.xcore.tail__t116                   1.33002
xc2.xcore.vss__t501                2.09495e-12
xc2.xcore.tail__t51                    1.33002
xc2.xcore.inp__t49                       2.805
xc2.xcore.outp__t76                    2.79532
xc2.xcore.vss__t502                2.10934e-12
xc2.xcore.outp__t44                    2.79532
xc2.xcore.inp__t48                       2.805
xc2.xcore.tail__t115                   1.33002
xc2.xcore.vss__t503                2.12373e-12
xc2.xcore.tail__t50                    1.33002
xc2.xcore.inp__t47                       2.805
xc2.xcore.outp__t75                    2.79532
xc2.xcore.vss__t504                2.13812e-12
xc2.xcore.outp__t43                    2.79532
xc2.xcore.inp__t46                       2.805
xc2.xcore.tail__t114                   1.33002
xc2.xcore.vss__t505                2.15251e-12
xc2.xcore.tail__t49                    1.33003
xc2.xcore.inp__t45                       2.805
xc2.xcore.outp__t74                    2.79532
xc2.xcore.vss__t506                 2.1669e-12
xc2.xcore.outp__t42                    2.79532
xc2.xcore.inp__t44                       2.805
xc2.xcore.tail__t113                   1.33003
xc2.xcore.vss__t507                 2.1813e-12
xc2.xcore.tail__t48                    1.33003
xc2.xcore.inp__t43                       2.805
xc2.xcore.outp__t73                    2.79531
xc2.xcore.vss__t508                2.19569e-12
xc2.xcore.outp__t41                    2.79531
xc2.xcore.inp__t42                       2.805
xc2.xcore.tail__t112                   1.33003
xc2.xcore.vss__t509                2.21008e-12
xc2.xcore.tail__t47                    1.33003
xc2.xcore.inp__t41                       2.805
xc2.xcore.outp__t72                    2.79531
xc2.xcore.vss__t510                2.22447e-12
xc2.xcore.outp__t40                    2.79531
xc2.xcore.inp__t40                       2.805
xc2.xcore.tail__t111                   1.33003
xc2.xcore.vss__t511                2.23886e-12
xc2.xcore.tail__t46                    1.33003
xc2.xcore.inp__t39                       2.805
xc2.xcore.outp__t71                    2.79531
xc2.xcore.vss__t512                2.25325e-12
xc2.xcore.outp__t39                    2.79531
xc2.xcore.inp__t38                       2.805
xc2.xcore.tail__t110                   1.33003
xc2.xcore.vss__t513                2.26764e-12
xc2.xcore.tail__t53                    1.33003
xc2.xcore.inp__t51                       2.805
xc2.xcore.outp__t77                     2.7953
xc2.xcore.vss__t514                2.28203e-12
xc2.xcore.outp__t38                     2.7953
xc2.xcore.inp__t37                       2.805
xc2.xcore.tail__t108                   1.33003
xc2.xcore.vss__t515                2.29643e-12
xc2.xcore.tail__t45                    1.33003
xc2.xcore.inp__t36                       2.805
xc2.xcore.outp__t70                     2.7953
xc2.xcore.vss__t516                2.31082e-12
xc2.xcore.outp__t37                     2.7953
xc2.xcore.inp__t35                       2.805
xc2.xcore.tail__t107                   1.33003
xc2.xcore.vss__t517                2.32521e-12
xc2.xcore.tail__t44                    1.33003
xc2.xcore.inp__t34                       2.805
xc2.xcore.outp__t69                     2.7953
xc2.xcore.vss__t518                 2.3396e-12
xc2.xcore.outp__t36                     2.7953
xc2.xcore.inp__t33                       2.805
xc2.xcore.tail__t106                   1.33004
xc2.xcore.vss__t519                2.35399e-12
xc2.xcore.tail__t31                    1.33004
xc2.xcore.inp__t12                       2.805
xc2.xcore.outp__t58                     2.7953
xc2.xcore.vss__t520                2.36838e-12
xc2.xcore.outp__t35                    2.79529
xc2.xcore.inp__t32                       2.805
xc2.xcore.tail__t104                   1.33004
xc2.xcore.vss__t521                2.38277e-12
xc2.xcore.tail__t43                    1.33004
xc2.xcore.inp__t31                       2.805
xc2.xcore.outp__t68                    2.79529
xc2.xcore.vss__t522                2.39717e-12
xc2.xcore.outp__t33                    2.79529
xc2.xcore.inp__t30                       2.805
xc2.xcore.tail__t103                   1.33004
xc2.xcore.vss__t523                2.41156e-12
xc2.xcore.tail__t1                     1.33004
xc2.xcore.inp__t2                        2.805
xc2.xcore.outp__t34                    2.79529
xc2.xcore.vss__t586                2.42595e-12
xc2.xcore.ibias__t215                  1.12513
xc2.xcore.ibias__t3                    1.12786
xc2.xcore.vss__t2                  2.51858e-05
xc2.xcore.vss__t459                5.66833e-13
xc2.xcore.vss__t81                 2.49859e-05
xc2.xcore.ibias__t158                  1.12786
xc2.xcore.ibias__t216                  1.12516
xc2.xcore.vss__t448                5.62349e-13
xc2.xcore.ibias__t213                  1.12519
xc2.xcore.ibias__t171                  1.12786
xc2.xcore.vss__t190                2.47861e-05
xc2.xcore.vss__t449                5.57865e-13
xc2.xcore.vss__t83                 2.45863e-05
xc2.xcore.ibias__t163                  1.12786
xc2.xcore.ibias__t218                  1.12522
xc2.xcore.vss__t450                5.53381e-13
xc2.xcore.ibias__t212                  1.12525
xc2.xcore.ibias__t162                  1.12786
xc2.xcore.vss__t185                2.43865e-05
xc2.xcore.vss__t451                5.48897e-13
xc2.xcore.vss__t89                 2.41867e-05
xc2.xcore.ibias__t177                  1.12786
xc2.xcore.ibias__t219                  1.12528
xc2.xcore.vss__t452                5.44412e-13
xc2.xcore.ibias__t211                  1.12531
xc2.xcore.ibias__t160                  1.12786
xc2.xcore.vss__t183                2.39868e-05
xc2.xcore.vss__t453                5.39928e-13
xc2.xcore.vss__t82                  2.3787e-05
xc2.xcore.ibias__t159                  1.12786
xc2.xcore.ibias__t217                  1.12534
xc2.xcore.vss__t454                5.35443e-13
xc2.xcore.ibias__t214                  1.12537
xc2.xcore.ibias__t174                  1.12786
xc2.xcore.vss__t192                2.35872e-05
xc2.xcore.vss__t455                5.30958e-13
xc2.xcore.vss__t3                  2.33874e-05
xc2.xcore.ibias__t4                    1.12786
xc2.xcore.ibias__t210                   1.1254
xc2.xcore.vss__t457                5.26473e-13
xc2.xcore.outn__t52                        3.3
xc2.xcore.inn__t1                        1.815
xc2.xcore.tail__t3                     1.32993
xc2.xcore.vss__t461                1.55257e-12
xc2.xcore.tail__t62                    1.32993
xc2.xcore.inn__t58                       1.815
xc2.xcore.outn__t81                        3.3
xc2.xcore.vss__t524                 1.5673e-12
xc2.xcore.outn__t49                        3.3
xc2.xcore.inn__t59                       1.815
xc2.xcore.tail__t124                   1.32993
xc2.xcore.vss__t525                1.58203e-12
xc2.xcore.tail__t63                    1.32993
xc2.xcore.inn__t60                       1.815
xc2.xcore.outn__t82                        3.3
xc2.xcore.vss__t526                1.59677e-12
xc2.xcore.outn__t50                        3.3
xc2.xcore.inn__t61                       1.815
xc2.xcore.tail__t125                   1.32993
xc2.xcore.vss__t527                 1.6115e-12
xc2.xcore.tail__t64                    1.32993
xc2.xcore.inn__t62                       1.815
xc2.xcore.outn__t83                        3.3
xc2.xcore.vss__t528                1.62624e-12
xc2.xcore.outn__t46                        3.3
xc2.xcore.inn__t52                       1.815
xc2.xcore.tail__t105                   1.32993
xc2.xcore.vss__t529                1.64097e-12
xc2.xcore.tail__t15                    1.32993
xc2.xcore.inn__t21                       1.815
xc2.xcore.outn__t63                        3.3
xc2.xcore.vss__t530                1.65571e-12
xc2.xcore.outn__t45                        3.3
xc2.xcore.inn__t51                       1.815
xc2.xcore.tail__t100                   1.32993
xc2.xcore.vss__t531                1.67044e-12
xc2.xcore.tail__t34                    1.32993
xc2.xcore.inn__t48                       1.815
xc2.xcore.outn__t76                        3.3
xc2.xcore.vss__t532                1.68518e-12
xc2.xcore.outn__t44                        3.3
xc2.xcore.inn__t50                       1.815
xc2.xcore.tail__t99                    1.32993
xc2.xcore.vss__t533                1.69992e-12
xc2.xcore.tail__t61                    1.32993
xc2.xcore.inn__t57                       1.815
xc2.xcore.outn__t80                        3.3
xc2.xcore.vss__t534                1.71465e-12
xc2.xcore.outn__t40                        3.3
xc2.xcore.inn__t42                       1.815
xc2.xcore.tail__t87                    1.32993
xc2.xcore.vss__t535                1.72939e-12
xc2.xcore.tail__t27                    1.32993
xc2.xcore.inn__t41                       1.815
xc2.xcore.outn__t73                        3.3
xc2.xcore.vss__t536                1.74413e-12
xc2.xcore.outn__t39                        3.3
xc2.xcore.inn__t40                       1.815
xc2.xcore.tail__t86                    1.32993
xc2.xcore.vss__t537                1.75887e-12
xc2.xcore.tail__t26                    1.32993
xc2.xcore.inn__t39                       1.815
xc2.xcore.outn__t72                        3.3
xc2.xcore.vss__t538                1.77361e-12
xc2.xcore.outn__t38                        3.3
xc2.xcore.inn__t38                       1.815
xc2.xcore.tail__t85                    1.32993
xc2.xcore.vss__t539                1.78834e-12
xc2.xcore.tail__t25                    1.32993
xc2.xcore.inn__t37                       1.815
xc2.xcore.outn__t71                        3.3
xc2.xcore.vss__t540                1.80308e-12
xc2.xcore.outn__t47                        3.3
xc2.xcore.inn__t53                       1.815
xc2.xcore.tail__t109                   1.32993
xc2.xcore.vss__t541                1.81782e-12
xc2.xcore.tail__t52                    1.32993
xc2.xcore.inn__t55                       1.815
xc2.xcore.outn__t78                        3.3
xc2.xcore.vss__t542                1.83256e-12
xc2.xcore.outn__t48                        3.3
xc2.xcore.inn__t54                       1.815
xc2.xcore.tail__t117                   1.32993
xc2.xcore.vss__t543                 1.8473e-12
xc2.xcore.tail__t39                    1.32993
xc2.xcore.inn__t49                       1.815
xc2.xcore.outn__t77                        3.3
xc2.xcore.vss__t544                1.86204e-12
xc2.xcore.outn__t41                        3.3
xc2.xcore.inn__t43                       1.815
xc2.xcore.tail__t89                    1.32993
xc2.xcore.vss__t545                1.87678e-12
xc2.xcore.tail__t29                    1.32993
xc2.xcore.inn__t47                       1.815
xc2.xcore.outn__t75                        3.3
xc2.xcore.vss__t546                1.89152e-12
xc2.xcore.outn__t43                        3.3
xc2.xcore.inn__t46                       1.815
xc2.xcore.tail__t91                    1.32993
xc2.xcore.vss__t547                1.90626e-12
xc2.xcore.tail__t28                    1.32993
xc2.xcore.inn__t45                       1.815
xc2.xcore.outn__t74                        3.3
xc2.xcore.vss__t548                1.92101e-12
xc2.xcore.outn__t42                        3.3
xc2.xcore.inn__t44                       1.815
xc2.xcore.tail__t90                    1.32993
xc2.xcore.vss__t549                1.93575e-12
xc2.xcore.tail__t59                    1.32993
xc2.xcore.inn__t56                       1.815
xc2.xcore.outn__t79                        3.3
xc2.xcore.vss__t550                1.95049e-12
xc2.xcore.outn__t51                        3.3
xc2.xcore.inn__t63                       1.815
xc2.xcore.tail__t127                   1.32993
xc2.xcore.vss__t551                1.96523e-12
xc2.xcore.tail__t13                    1.32993
xc2.xcore.inn__t19                       1.815
xc2.xcore.outn__t62                        3.3
xc2.xcore.vss__t552                1.97997e-12
xc2.xcore.outn__t28                        3.3
xc2.xcore.inn__t18                       1.815
xc2.xcore.tail__t72                    1.32993
xc2.xcore.vss__t553                1.99471e-12
xc2.xcore.tail__t12                    1.32993
xc2.xcore.inn__t17                       1.815
xc2.xcore.outn__t61                        3.3
xc2.xcore.vss__t554                2.00946e-12
xc2.xcore.outn__t27                        3.3
xc2.xcore.inn__t16                       1.815
xc2.xcore.tail__t71                    1.32993
xc2.xcore.vss__t555                 2.0242e-12
xc2.xcore.tail__t11                    1.32993
xc2.xcore.inn__t15                       1.815
xc2.xcore.outn__t60                        3.3
xc2.xcore.vss__t556                2.03894e-12
xc2.xcore.outn__t26                        3.3
xc2.xcore.inn__t14                       1.815
xc2.xcore.tail__t70                    1.32993
xc2.xcore.vss__t557                2.05368e-12
xc2.xcore.tail__t10                    1.32993
xc2.xcore.inn__t13                       1.815
xc2.xcore.outn__t59                        3.3
xc2.xcore.vss__t558                2.06843e-12
xc2.xcore.outn__t25                        3.3
xc2.xcore.inn__t12                       1.815
xc2.xcore.tail__t69                    1.32993
xc2.xcore.vss__t559                2.08317e-12
xc2.xcore.tail__t6                     1.32993
xc2.xcore.inn__t5                        1.815
xc2.xcore.outn__t55                        3.3
xc2.xcore.vss__t560                2.09791e-12
xc2.xcore.outn__t24                        3.3
xc2.xcore.inn__t11                       1.815
xc2.xcore.tail__t68                    1.32993
xc2.xcore.vss__t561                2.11266e-12
xc2.xcore.tail__t4                     1.32993
xc2.xcore.inn__t2                        1.815
xc2.xcore.outn__t53                        3.3
xc2.xcore.vss__t562                 2.1274e-12
xc2.xcore.outn__t21                        3.3
xc2.xcore.inn__t3                        1.815
xc2.xcore.tail__t65                    1.32993
xc2.xcore.vss__t563                2.14215e-12
xc2.xcore.tail__t5                     1.32993
xc2.xcore.inn__t4                        1.815
xc2.xcore.outn__t54                        3.3
xc2.xcore.vss__t564                2.15689e-12
xc2.xcore.outn__t22                        3.3
xc2.xcore.inn__t6                        1.815
xc2.xcore.tail__t66                    1.32993
xc2.xcore.vss__t565                2.17163e-12
xc2.xcore.tail__t7                     1.32993
xc2.xcore.inn__t7                        1.815
xc2.xcore.outn__t56                        3.3
xc2.xcore.vss__t566                2.18638e-12
xc2.xcore.outn__t23                        3.3
xc2.xcore.inn__t8                        1.815
xc2.xcore.tail__t67                    1.32993
xc2.xcore.vss__t567                2.20112e-12
xc2.xcore.tail__t8                     1.32993
xc2.xcore.inn__t9                        1.815
xc2.xcore.outn__t57                        3.3
xc2.xcore.vss__t568                2.21587e-12
xc2.xcore.outn__t29                        3.3
xc2.xcore.inn__t20                       1.815
xc2.xcore.tail__t73                    1.32993
xc2.xcore.vss__t569                2.23061e-12
xc2.xcore.tail__t9                     1.32993
xc2.xcore.inn__t10                       1.815
xc2.xcore.outn__t58                        3.3
xc2.xcore.vss__t570                2.24536e-12
xc2.xcore.outn__t36                        3.3
xc2.xcore.inn__t35                       1.815
xc2.xcore.tail__t83                    1.32993
xc2.xcore.vss__t571                 2.2601e-12
xc2.xcore.tail__t24                    1.32993
xc2.xcore.inn__t34                       1.815
xc2.xcore.outn__t70                        3.3
xc2.xcore.vss__t572                2.27485e-12
xc2.xcore.outn__t35                        3.3
xc2.xcore.inn__t33                       1.815
xc2.xcore.tail__t82                    1.32993
xc2.xcore.vss__t573                 2.2896e-12
xc2.xcore.tail__t23                    1.32993
xc2.xcore.inn__t32                       1.815
xc2.xcore.outn__t69                        3.3
xc2.xcore.vss__t574                2.30434e-12
xc2.xcore.outn__t34                        3.3
xc2.xcore.inn__t31                       1.815
xc2.xcore.tail__t81                    1.32993
xc2.xcore.vss__t575                2.31909e-12
xc2.xcore.tail__t22                    1.32993
xc2.xcore.inn__t30                       1.815
xc2.xcore.outn__t68                        3.3
xc2.xcore.vss__t576                2.33383e-12
xc2.xcore.outn__t33                        3.3
xc2.xcore.inn__t29                       1.815
xc2.xcore.tail__t80                    1.32993
xc2.xcore.vss__t577                2.34858e-12
xc2.xcore.tail__t21                    1.32993
xc2.xcore.inn__t28                       1.815
xc2.xcore.outn__t67                        3.3
xc2.xcore.vss__t578                2.36333e-12
xc2.xcore.outn__t32                        3.3
xc2.xcore.inn__t27                       1.815
xc2.xcore.tail__t79                    1.32993
xc2.xcore.vss__t579                2.37807e-12
xc2.xcore.tail__t20                    1.32993
xc2.xcore.inn__t26                       1.815
xc2.xcore.outn__t66                        3.3
xc2.xcore.vss__t580                2.39282e-12
xc2.xcore.outn__t37                        3.3
xc2.xcore.inn__t36                       1.815
xc2.xcore.tail__t84                    1.32993
xc2.xcore.vss__t581                2.40756e-12
xc2.xcore.tail__t18                    1.32993
xc2.xcore.inn__t25                       1.815
xc2.xcore.outn__t65                        3.3
xc2.xcore.vss__t582                2.42231e-12
xc2.xcore.outn__t31                        3.3
xc2.xcore.inn__t24                       1.815
xc2.xcore.tail__t78                    1.32993
xc2.xcore.vss__t583                2.43706e-12
xc2.xcore.tail__t17                    1.32993
xc2.xcore.inn__t23                       1.815
xc2.xcore.outn__t64                        3.3
xc2.xcore.vss__t584                2.45181e-12
xc2.xcore.outn__t30                        3.3
xc2.xcore.inn__t22                       1.815
xc2.xcore.tail__t77                    1.32993
xc2.xcore.vss__t585                2.46655e-12
xc2.xcore.tail__t2                     1.32993
xc2.xcore.inn__t0                        1.815
xc2.xcore.outn__t20                        3.3
xc2.xcore.vss__t587                 2.4813e-12
xc2.xcore.vss__t210                2.60301e-12
xc2.xcore.outp__t16                     2.7955
xc2.xcore.vss__t211                2.57241e-12
xc2.xcore.outp__t17                     2.7955
xc2.xcore.vss__t212                2.54184e-12
xc2.xcore.outp__t18                     2.7955
xc2.xcore.vss__t213                 2.5113e-12
xc2.xcore.outp__t19                     2.7955
xc2.xcore.vss__t214                2.48078e-12
xc2.xcore.outp__t0                      2.7955
xc2.xcore.vss__t215                2.45029e-12
xc2.xcore.outp__t1                      2.7955
xc2.xcore.vss__t216                2.41982e-12
xc2.xcore.outp__t2                      2.7955
xc2.xcore.vss__t217                2.38939e-12
xc2.xcore.outp__t3                      2.7955
xc2.xcore.vss__t218                2.35899e-12
xc2.xcore.outp__t4                      2.7955
xc2.xcore.vss__t219                2.32862e-12
xc2.xcore.outp__t15                     2.7955
xc2.xcore.vss__t220                2.29828e-12
xc2.xcore.outp__t6                      2.7955
xc2.xcore.vss__t221                2.26798e-12
xc2.xcore.outp__t7                      2.7955
xc2.xcore.vss__t222                2.23771e-12
xc2.xcore.outp__t8                      2.7955
xc2.xcore.vss__t223                2.20748e-12
xc2.xcore.outp__t9                      2.7955
xc2.xcore.vss__t224                2.17729e-12
xc2.xcore.outp__t10                     2.7955
xc2.xcore.vss__t225                2.14714e-12
xc2.xcore.outp__t11                     2.7955
xc2.xcore.vss__t226                2.11704e-12
xc2.xcore.outp__t12                     2.7955
xc2.xcore.vss__t227                2.08698e-12
xc2.xcore.outp__t13                     2.7955
xc2.xcore.vss__t228                2.05696e-12
xc2.xcore.outp__t14                     2.7955
xc2.xcore.vss__t229                2.02699e-12
xc2.xcore.outp__t5                      2.7955
xc2.xcore.vss__t230                2.18457e-12
xc2.xcore.outn__t0                         3.3
xc2.xcore.vss__t231                2.21955e-12
xc2.xcore.outn__t5                         3.3
xc2.xcore.vss__t232                 2.2546e-12
xc2.xcore.outn__t6                         3.3
xc2.xcore.vss__t233                2.28973e-12
xc2.xcore.outn__t7                         3.3
xc2.xcore.vss__t234                2.32493e-12
xc2.xcore.outn__t8                         3.3
xc2.xcore.vss__t235                2.36019e-12
xc2.xcore.outn__t9                         3.3
xc2.xcore.vss__t236                2.39551e-12
xc2.xcore.outn__t10                        3.3
xc2.xcore.vss__t237                2.43089e-12
xc2.xcore.outn__t11                        3.3
xc2.xcore.vss__t238                2.46633e-12
xc2.xcore.outn__t12                        3.3
xc2.xcore.vss__t239                2.50182e-12
xc2.xcore.outn__t13                        3.3
xc2.xcore.vss__t240                2.53736e-12
xc2.xcore.outn__t14                        3.3
xc2.xcore.vss__t241                2.57296e-12
xc2.xcore.outn__t15                        3.3
xc2.xcore.vss__t242                 2.6086e-12
xc2.xcore.outn__t16                        3.3
xc2.xcore.vss__t243                2.64428e-12
xc2.xcore.outn__t17                        3.3
xc2.xcore.vss__t244                2.68002e-12
xc2.xcore.outn__t19                        3.3
xc2.xcore.vss__t245                2.71579e-12
xc2.xcore.outn__t18                        3.3
xc2.xcore.vss__t246                2.75161e-12
xc2.xcore.outn__t1                         3.3
xc2.xcore.vss__t247                2.78746e-12
xc2.xcore.outn__t2                         3.3
xc2.xcore.vss__t248                2.82335e-12
xc2.xcore.outn__t3                         3.3
xc2.xcore.vss__t249                2.85928e-12
xc2.xcore.outn__t4                         3.3
ib_c2                                  1.12786
xc2.xcore.vsubs                              0
outn_c2                                    3.3
outp_c2                                 2.7955
xc2.tail                               1.32993
vd_c2                                 0.504497
ediff_c2#branch                              0
ediff_c1#branch                              0
ediff_c0#branch                              0
einref#branch                                0
vcomb0_7#branch                              0
vcomb1_7#branch                              0
vcomb0_6#branch                              0
vcomb1_6#branch                              0
vcomb0_5#branch                              0
vcomb1_5#branch                              0
vcomb0_4#branch                              0
vcomb1_4#branch                              0
vcomb0_3#branch                              0
vcomb1_3#branch                              0
vcomb0_2#branch                              0
vcomb1_2#branch                              0
vcomb0_1#branch                              0
vcomb1_1#branch                              0
vcomb0_0#branch                              0
vcomb1_0#branch                              0
vinn#branch                       -8.23492e-15
vinp#branch                        3.96039e-15
vavcc#branch                        -0.0302702

 Reference value :  0.00000e+00
 Reference value :  1.65120e-09
 Reference value :  3.57120e-09
 Reference value :  3.73948e-09
 Reference value :  3.79063e-09
 Reference value :  4.13083e-09
 Reference value :  6.05083e-09
 Reference value :  7.41054e-09
 Reference value :  7.47583e-09
 Reference value :  7.51651e-09
 Reference value :  8.32753e-09
 Reference value :  1.02875e-08
 Reference value :  1.11237e-08
 Reference value :  1.11911e-08
 Reference value :  1.12632e-08
 Reference value :  1.26185e-08
 Reference value :  1.46185e-08
 Reference value :  1.48501e-08
 Reference value :  1.49006e-08
 Reference value :  1.51445e-08
 Reference value :  1.70559e-08
 Reference value :  1.88185e-08
 Reference value :  2.07785e-08
 Reference value :  2.24822e-08
 Reference value :  2.44022e-08
 Reference value :  2.59262e-08
 Reference value :  2.59838e-08
 Reference value :  2.60294e-08
 Reference value :  2.67104e-08
 Reference value :  2.86304e-08
 Reference value :  2.96398e-08
 Reference value :  2.97096e-08
 Reference value :  2.97630e-08
 Reference value :  3.07898e-08
 Reference value :  3.27898e-08
 Reference value :  3.43933e-08
 Reference value :  3.62733e-08
 Reference value :  3.79770e-08
 Reference value :  3.98970e-08
 Reference value :  4.07512e-08
 Reference value :  4.08201e-08
 Reference value :  4.08825e-08
 Reference value :  4.20852e-08
 Reference value :  4.40052e-08
 Reference value :  4.56644e-08
 Reference value :  4.75844e-08
 Reference value :  4.81688e-08
 Reference value :  4.82283e-08
 Reference value :  4.82986e-08
 Reference value :  4.96652e-08
 Reference value :  5.15852e-08
 Reference value :  5.32719e-08
 Reference value :  5.51919e-08
 Reference value :  5.55832e-08
 Reference value :  5.56358e-08
 Reference value :  5.57406e-08
 Reference value :  5.73400e-08
 Reference value :  5.92200e-08
 Reference value :  6.08793e-08
 Reference value :  6.27593e-08
 Reference value :  6.29971e-08
 Reference value :  6.30476e-08
 Reference value :  6.32291e-08
 Reference value :  6.50401e-08
 Reference value :  6.66669e-08
 Reference value :  6.67262e-08
 Reference value :  6.67669e-08
 Reference value :  6.74108e-08
 Reference value :  6.93708e-08
 Reference value :  7.03824e-08
 Reference value :  7.04504e-08
 Reference value :  7.05165e-08
 Reference value :  7.18502e-08
 Reference value :  7.38102e-08
 Reference value :  7.41069e-08
 Reference value :  7.41572e-08
 Reference value :  7.43411e-08
 Reference value :  7.61813e-08
 Reference value :  7.77784e-08
 Reference value :  7.78328e-08
 Reference value :  7.78747e-08
 Reference value :  7.84183e-08
 Reference value :  8.03383e-08
 Reference value :  8.14862e-08
 Reference value :  8.15483e-08
 Reference value :  8.16068e-08
 Reference value :  8.26291e-08
 Reference value :  8.45491e-08
 Reference value :  8.52054e-08
 Reference value :  8.52652e-08
 Reference value :  8.53270e-08
 Reference value :  8.60911e-08
 Reference value :  8.70300e-08
 Reference value :  8.79644e-08
 Reference value :  8.89089e-08
 Reference value :  8.98190e-08
 Reference value :  9.07607e-08
 Reference value :  9.17035e-08
 Reference value :  9.26726e-08
 Reference value :  9.35732e-08
 Reference value :  9.45750e-08
 Reference value :  9.55809e-08
 Reference value :  9.64701e-08
 Reference value :  9.74728e-08
 Reference value :  9.84787e-08
 Reference value :  9.94808e-08
 Reference value :  1.00334e-07
 Reference value :  1.01399e-07
 Reference value :  1.02405e-07
 Reference value :  1.03684e-07
 Reference value :  1.04631e-07
 Reference value :  1.05610e-07
 Reference value :  1.06852e-07
 Reference value :  1.07856e-07
 Reference value :  1.08820e-07
 Reference value :  1.09973e-07
 Reference value :  1.11097e-07
 Reference value :  1.11147e-07
 Reference value :  1.11203e-07
 Reference value :  1.11578e-07
 Reference value :  1.12555e-07
 Reference value :  1.13716e-07
 Reference value :  1.14815e-07
 Reference value :  1.15761e-07
 Reference value :  1.16797e-07
 Reference value :  1.18036e-07
 Reference value :  1.18983e-07
 Reference value :  1.19944e-07
 Reference value :  1.21124e-07
 Reference value :  1.22224e-07
 Reference value :  1.23169e-07
 Reference value :  1.24285e-07
 Reference value :  1.25449e-07
 Reference value :  1.26393e-07
 Reference value :  1.27445e-07
 Reference value :  1.28758e-07
 Reference value :  1.30038e-07
 Reference value :  1.31229e-07
 Reference value :  1.32400e-07
 Reference value :  1.33334e-07
 Reference value :  1.33394e-07
 Reference value :  1.33450e-07
 Reference value :  1.34167e-07
 Reference value :  1.35189e-07
 Reference value :  1.36482e-07
 Reference value :  1.37049e-07
 Reference value :  1.37117e-07
 Reference value :  1.37242e-07
 Reference value :  1.38174e-07
 Reference value :  1.39338e-07
 Reference value :  1.40306e-07
 Reference value :  1.41414e-07
 Reference value :  1.42575e-07
 Reference value :  1.43540e-07
 Reference value :  1.44550e-07
 Reference value :  1.45777e-07
 Reference value :  1.46763e-07
 Reference value :  1.48092e-07
 Reference value :  1.49097e-07
 Reference value :  1.50211e-07
 Reference value :  1.51371e-07
 Reference value :  1.52316e-07
 Reference value :  1.53295e-07
 Reference value :  1.54497e-07
 Reference value :  1.55556e-07
 Reference value :  1.55602e-07
 Reference value :  1.55654e-07
 Reference value :  1.56046e-07
 Reference value :  1.57275e-07
 Reference value :  1.58333e-07
 Reference value :  1.59296e-07
 Reference value :  1.60396e-07
 Reference value :  1.61556e-07
 Reference value :  1.62520e-07
 Reference value :  1.62983e-07
 Reference value :  1.63044e-07
 Reference value :  1.63210e-07
 Reference value :  1.64259e-07
 Reference value :  1.65279e-07
 Reference value :  1.66241e-07
 Reference value :  1.67340e-07
 Reference value :  1.68501e-07
 Reference value :  1.69466e-07
 Reference value :  1.70475e-07
 Reference value :  1.71667e-07
 Reference value :  1.72687e-07
 Reference value :  1.73648e-07
 Reference value :  1.74748e-07
 Reference value :  1.75912e-07
 Reference value :  1.76875e-07
 Reference value :  1.77780e-07
 Reference value :  1.77849e-07
 Reference value :  1.77911e-07
 Reference value :  1.78697e-07
 Reference value :  1.79666e-07
 Reference value :  1.80886e-07
 Reference value :  1.81493e-07
 Reference value :  1.81561e-07
 Reference value :  1.81676e-07
 Reference value :  1.82538e-07
 Reference value :  1.83740e-07
 Reference value :  1.84732e-07
 Reference value :  1.85206e-07
 Reference value :  1.85266e-07
 Reference value :  1.85430e-07
 Reference value :  1.86482e-07
 Reference value :  1.87501e-07
 Reference value :  1.88481e-07
 Reference value :  1.88915e-07
 Reference value :  1.88972e-07
 Reference value :  1.89276e-07
 Reference value :  1.90282e-07
 Reference value :  1.91258e-07
 Reference value :  1.92500e-07
 Reference value :  1.93512e-07
 Reference value :  1.94499e-07
 Reference value :  1.95701e-07
 Reference value :  1.96741e-07
 Reference value :  1.97705e-07
 Reference value :  1.98822e-07
 Reference value :  1.99993e-07
 Reference value :  2.00045e-07
 Reference value :  2.00097e-07
 Reference value :  2.00484e-07
 Reference value :  2.01559e-07
 Reference value :  2.02758e-07
 Reference value :  2.03714e-07
 Reference value :  2.04657e-07
 Reference value :  2.05846e-07
 Reference value :  2.06946e-07
 Reference value :  2.07891e-07
 Reference value :  2.08967e-07
 Reference value :  2.10171e-07
 Reference value :  2.11148e-07
 Reference value :  2.12288e-07
 Reference value :  2.13412e-07
 Reference value :  2.14373e-07
 Reference value :  2.14835e-07
 Reference value :  2.14895e-07
 Reference value :  2.15082e-07
 Reference value :  2.16184e-07
 Reference value :  2.17150e-07
 Reference value :  2.18186e-07
 Reference value :  2.19272e-07
 Reference value :  2.20363e-07
 Reference value :  2.21320e-07
 Reference value :  2.22224e-07
 Reference value :  2.22291e-07
 Reference value :  2.22351e-07
 Reference value :  2.23130e-07
 Reference value :  2.24094e-07
 Reference value :  2.25211e-07
 Reference value :  2.25932e-07
 Reference value :  2.25996e-07
 Reference value :  2.26073e-07
 Reference value :  2.26862e-07
 Reference value :  2.27908e-07
 Reference value :  2.29147e-07
 Reference value :  2.30094e-07
 Reference value :  2.31055e-07
 Reference value :  2.32235e-07
 Reference value :  2.33333e-07
 Reference value :  2.34279e-07
 Reference value :  2.35316e-07
 Reference value :  2.36518e-07
 Reference value :  2.37052e-07
 Reference value :  2.37117e-07
 Reference value :  2.37217e-07
 Reference value :  2.38018e-07
 Reference value :  2.39219e-07
 Reference value :  2.40278e-07
 Reference value :  2.40758e-07
 Reference value :  2.40821e-07
 Reference value :  2.40935e-07
 Reference value :  2.41797e-07
 Reference value :  2.42999e-07
 Reference value :  2.43986e-07
 Reference value :  2.44465e-07
 Reference value :  2.44525e-07
 Reference value :  2.44711e-07
 Reference value :  2.45777e-07
 Reference value :  2.46787e-07
 Reference value :  2.47976e-07
 Reference value :  2.49056e-07
 Reference value :  2.50020e-07
 Reference value :  2.51056e-07
 Reference value :  2.51857e-07
 Reference value :  2.51919e-07
 Reference value :  2.51994e-07
 Reference value :  2.52779e-07
 Reference value :  2.53758e-07
 Reference value :  2.54960e-07
 Reference value :  2.56001e-07
 Reference value :  2.56964e-07
 Reference value :  2.58001e-07
 Reference value :  2.59203e-07
 Reference value :  2.59297e-07
 Reference value :  2.59351e-07
 Reference value :  2.59726e-07
 Reference value :  2.60703e-07
 Reference value :  2.61905e-07
 Reference value :  2.62963e-07
 Reference value :  2.63910e-07
 Reference value :  2.65222e-07
 Reference value :  2.66214e-07
 Reference value :  2.67166e-07
 Reference value :  2.68346e-07
 Reference value :  2.69444e-07
 Reference value :  2.70371e-07
 Reference value :  2.70429e-07
 Reference value :  2.70492e-07
 Reference value :  2.71164e-07
 Reference value :  2.72222e-07
 Reference value :  2.73203e-07
 Reference value :  2.74079e-07
 Reference value :  2.74150e-07
 Reference value :  2.74216e-07
 Reference value :  2.75001e-07
 Reference value :  2.75981e-07
 Reference value :  2.77222e-07
 Reference value :  2.77790e-07
 Reference value :  2.77858e-07
 Reference value :  2.77955e-07
 Reference value :  2.78758e-07
 Reference value :  2.80000e-07
 Reference value :  2.81023e-07
 Reference value :  2.81502e-07
 Reference value :  2.81562e-07
 Reference value :  2.81710e-07
 Reference value :  2.82738e-07
 Reference value :  2.83796e-07
 Reference value :  2.84759e-07
 Reference value :  2.85209e-07
 Reference value :  2.85267e-07
 Reference value :  2.85503e-07
 Reference value :  2.86560e-07
 Reference value :  2.87523e-07
 Reference value :  2.88636e-07
 Reference value :  2.89722e-07
 Reference value :  2.90745e-07
 Reference value :  2.91721e-07
 Reference value :  2.92598e-07
 Reference value :  2.92666e-07
 Reference value :  2.92730e-07
 Reference value :  2.93519e-07
 Reference value :  2.94472e-07
 Reference value :  2.95661e-07
 Reference value :  2.96739e-07
 Reference value :  2.97695e-07
 Reference value :  2.98702e-07
 Reference value :  2.99908e-07
 Reference value :  3.00912e-07
 Reference value :  3.01875e-07
 Reference value :  3.03028e-07
 Reference value :  3.04112e-07
 Reference value :  3.05102e-07
 Reference value :  3.06149e-07
 Reference value :  3.07387e-07
 Reference value :  3.08333e-07
 Reference value :  3.09287e-07
 Reference value :  3.10436e-07
 Reference value :  3.11119e-07
 Reference value :  3.11184e-07
 Reference value :  3.11263e-07
 Reference value :  3.12057e-07
 Reference value :  3.13134e-07
 Reference value :  3.14332e-07
 Reference value :  3.14830e-07
 Reference value :  3.14895e-07
 Reference value :  3.14995e-07
 Reference value :  3.15795e-07
 Reference value :  3.16997e-07
 Reference value :  3.18056e-07
 Reference value :  3.18537e-07
 Reference value :  3.18599e-07
 Reference value :  3.18749e-07
 Reference value :  3.19900e-07
 Reference value :  3.20857e-07
 Reference value :  3.22010e-07
 Reference value :  3.23128e-07
 Reference value :  3.24095e-07
 Reference value :  3.25171e-07
 Reference value :  3.26260e-07
 Reference value :  3.27316e-07
 Reference value :  3.28278e-07
 Reference value :  3.29537e-07
 Reference value :  3.30549e-07
 Reference value :  3.31505e-07
 Reference value :  3.32618e-07
 Reference value :  3.33341e-07
 Reference value :  3.33411e-07
 Reference value :  3.33475e-07
 Reference value :  3.34261e-07
 Reference value :  3.35222e-07
 Reference value :  3.36442e-07
 Reference value :  3.37482e-07
 Reference value :  3.38446e-07
 Reference value :  3.39482e-07
 Reference value :  3.40685e-07
 Reference value :  3.41660e-07
 Reference value :  3.42616e-07
 Reference value :  3.43769e-07
 Reference value :  3.44451e-07
 Reference value :  3.44514e-07
 Reference value :  3.44597e-07
 Reference value :  3.45380e-07
 Reference value :  3.46387e-07
 Reference value :  3.47593e-07
 Reference value :  3.48597e-07
 Reference value :  3.49558e-07
 Reference value :  3.50634e-07
 Reference value :  3.51832e-07
 Reference value :  3.52778e-07
 Reference value :  3.53732e-07
 Reference value :  3.54920e-07
 Reference value :  3.55567e-07
 Reference value :  3.55636e-07
 Reference value :  3.55717e-07
 Reference value :  3.56505e-07
 Reference value :  3.57618e-07
 Reference value :  3.58782e-07
 Reference value :  3.59275e-07
 Reference value :  3.59339e-07
 Reference value :  3.59454e-07
 Reference value :  3.60356e-07
 Reference value :  3.61556e-07
 Reference value :  3.62520e-07
 Reference value :  3.63481e-07
 Reference value :  3.64682e-07
 Reference value :  3.65741e-07
 Reference value :  3.66667e-07
 Reference value :  3.66728e-07
 Reference value :  3.66788e-07
 Reference value :  3.67500e-07
 Reference value :  3.68520e-07
 Reference value :  3.69575e-07
 Reference value :  3.70376e-07
 Reference value :  3.70437e-07
 Reference value :  3.70508e-07
 Reference value :  3.71289e-07
 Reference value :  3.72250e-07
 Reference value :  3.73399e-07
 Reference value :  3.74482e-07
 Reference value :  3.75491e-07
 Reference value :  3.76639e-07
 Reference value :  3.77764e-07
 Reference value :  3.77822e-07
 Reference value :  3.77875e-07
 Reference value :  3.78269e-07
 Reference value :  3.79457e-07
 Reference value :  3.80556e-07
 Reference value :  3.81518e-07
 Reference value :  3.82578e-07
 Reference value :  3.83776e-07
 Reference value :  3.84742e-07
 Reference value :  3.85205e-07
 Reference value :  3.85266e-07
 Reference value :  3.85416e-07
 Reference value :  3.86442e-07
 Reference value :  3.87500e-07
 Reference value :  3.88463e-07
 Reference value :  3.88918e-07
 Reference value :  3.88972e-07
 Reference value :  3.89216e-07
 Reference value :  3.90264e-07
 Reference value :  3.91225e-07
 Reference value :  3.92300e-07
 Reference value :  3.93499e-07
 Reference value :  3.94466e-07
 Reference value :  3.95541e-07
 Reference value :  3.96302e-07
 Reference value :  3.96363e-07
 Reference value :  3.96438e-07
 Reference value :  3.97222e-07
 Reference value :  3.98203e-07
 Reference value :  3.99405e-07
 Reference value :  4.00015e-07
 Reference value :  4.00080e-07
 Reference value :  4.00167e-07
 Reference value :  4.00947e-07
 Reference value :  4.01982e-07
 Reference value :  4.03068e-07
 Reference value :  4.03713e-07
 Reference value :  4.03776e-07
 Reference value :  4.03846e-07
 Reference value :  4.04616e-07
 Reference value :  4.05577e-07
 Reference value :  4.06652e-07
 Reference value :  4.07415e-07
 Reference value :  4.07483e-07
 Reference value :  4.07541e-07
 Reference value :  4.08315e-07
 Reference value :  4.09269e-07
 Reference value :  4.10213e-07
 Reference value :  4.11216e-07
 Reference value :  4.12288e-07
 Reference value :  4.13419e-07
 Reference value :  4.14380e-07
 Reference value :  4.14835e-07
 Reference value :  4.14895e-07
 Reference value :  4.15000e-07
 Reference value :  4.15769e-07
 Reference value :  4.16997e-07
 Reference value :  4.18042e-07
 Reference value :  4.18531e-07
 Reference value :  4.18599e-07
 Reference value :  4.18698e-07
 Reference value :  4.19481e-07
 Reference value :  4.20661e-07
 Reference value :  4.21759e-07
 Reference value :  4.22695e-07
 Reference value :  4.23666e-07
 Reference value :  4.24828e-07
 Reference value :  4.25908e-07
 Reference value :  4.26834e-07
 Reference value :  4.27799e-07
 Reference value :  4.28794e-07
 Reference value :  4.29763e-07
 Reference value :  4.30926e-07
 Reference value :  4.31944e-07
 Reference value :  4.32907e-07
 Reference value :  4.33355e-07
 Reference value :  4.33414e-07
 Reference value :  4.33528e-07
 Reference value :  4.34314e-07
 Reference value :  4.35476e-07
 Reference value :  4.36567e-07
 Reference value :  4.37056e-07
 Reference value :  4.37117e-07
 Reference value :  4.37233e-07
 Reference value :  4.38134e-07
 Reference value :  4.39338e-07
 Reference value :  4.40315e-07
 Reference value :  4.41454e-07
 Reference value :  4.42575e-07
 Reference value :  4.43542e-07
 Reference value :  4.44456e-07
 Reference value :  4.44524e-07
 Reference value :  4.44630e-07
 Reference value :  4.45461e-07
 Reference value :  4.46627e-07
 Reference value :  4.47687e-07
 Reference value :  4.48631e-07
 Reference value :  4.49592e-07
 Reference value :  4.50714e-07
 Reference value :  4.51834e-07
 Reference value :  4.52771e-07
 Reference value :  4.53725e-07
 Reference value :  4.54684e-07
 Reference value :  4.55561e-07
 Reference value :  4.55629e-07
 Reference value :  4.55685e-07
 Reference value :  4.56425e-07
 Reference value :  4.57407e-07
 Reference value :  4.58357e-07
 Reference value :  4.59343e-07
 Reference value :  4.60316e-07
 Reference value :  4.61556e-07
 Reference value :  4.62510e-07
 Reference value :  4.62983e-07
 Reference value :  4.63044e-07
 Reference value :  4.63194e-07
 Reference value :  4.64099e-07
 Reference value :  4.65260e-07
 Reference value :  4.66454e-07
 Reference value :  4.66704e-07
 Reference value :  4.66760e-07
 Reference value :  4.67131e-07
 Reference value :  4.68092e-07
 Reference value :  4.69272e-07
 Reference value :  4.70363e-07
 Reference value :  4.70417e-07
 Reference value :  4.70474e-07
 Reference value :  4.70888e-07
 Reference value :  4.72090e-07
 Reference value :  4.73150e-07
 Reference value :  4.74111e-07
 Reference value :  4.75211e-07
 Reference value :  4.76382e-07
 Reference value :  4.77338e-07
 Reference value :  4.77803e-07
 Reference value :  4.77860e-07
 Reference value :  4.78105e-07
 Reference value :  4.79160e-07
 Reference value :  4.80116e-07
 Reference value :  4.81229e-07
 Reference value :  4.81514e-07
 Reference value :  4.81575e-07
 Reference value :  4.81966e-07
 Reference value :  4.83041e-07
 Reference value :  4.84239e-07
 Reference value :  4.85185e-07
 Reference value :  4.85243e-07
 Reference value :  4.85298e-07
 Reference value :  4.85899e-07
 Reference value :  4.87023e-07
 Reference value :  4.87986e-07
 Reference value :  4.89143e-07
 Reference value :  4.90282e-07
 Reference value :  4.91241e-07
 Reference value :  4.92460e-07
 Reference value :  4.93501e-07
 Reference value :  4.94454e-07
 Reference value :  4.95461e-07
 Reference value :  4.96301e-07
 Reference value :  4.96363e-07
 Reference value :  4.96430e-07
 Reference value :  4.97166e-07
 Reference value :  4.98150e-07
 Reference value :  4.99102e-07
 Reference value :  5.00005e-07
 Reference value :  5.00080e-07
 Reference value :  5.00137e-07
 Reference value :  5.00906e-07
 Reference value :  5.01853e-07
 Reference value :  5.02806e-07
 Reference value :  5.03784e-07
 Reference value :  5.04840e-07
 Reference value :  5.05926e-07
 Reference value :  5.06937e-07
 Reference value :  5.07880e-07
 Reference value :  5.08887e-07
 Reference value :  5.10093e-07
 Reference value :  5.11111e-07
 Reference value :  5.11147e-07
 Reference value :  5.11201e-07
 Reference value :  5.11574e-07
 Reference value :  5.12528e-07
 Reference value :  5.13676e-07
 Reference value :  5.14795e-07
 Reference value :  5.15734e-07
 Reference value :  5.16676e-07
 Reference value :  5.17620e-07
 Reference value :  5.18520e-07
 Reference value :  5.18582e-07
 Reference value :  5.18640e-07
 Reference value :  5.19352e-07
 Reference value :  5.20372e-07
 Reference value :  5.21333e-07
 Reference value :  5.22476e-07
 Reference value :  5.23597e-07
 Reference value :  5.24558e-07
 Reference value :  5.25674e-07
 Reference value :  5.25959e-07
 Reference value :  5.26012e-07
 Reference value :  5.26369e-07
 Reference value :  5.27325e-07
 Reference value :  5.28331e-07
 Reference value :  5.29537e-07
 Reference value :  5.30549e-07
 Reference value :  5.31518e-07
 Reference value :  5.32698e-07
 Reference value :  5.33344e-07
 Reference value :  5.33413e-07
 Reference value :  5.33494e-07
 Reference value :  5.34283e-07
 Reference value :  5.35396e-07
 Reference value :  5.36567e-07
 Reference value :  5.37054e-07
 Reference value :  5.37117e-07
 Reference value :  5.37232e-07
 Reference value :  5.38094e-07
 Reference value :  5.39296e-07
 Reference value :  5.40282e-07
 Reference value :  5.40761e-07
 Reference value :  5.40821e-07
 Reference value :  5.40970e-07
 Reference value :  5.41957e-07
 Reference value :  5.43056e-07
 Reference value :  5.44009e-07
 Reference value :  5.44467e-07
 Reference value :  5.44525e-07
 Reference value :  5.44711e-07
 Reference value :  5.45777e-07
 Reference value :  5.46769e-07
 Reference value :  5.47816e-07
 Reference value :  5.48180e-07
 Reference value :  5.48234e-07
 Reference value :  5.48546e-07
 Reference value :  5.49538e-07
 Reference value :  5.50518e-07
 Reference value :  5.51759e-07
 Reference value :  5.51886e-07
 Reference value :  5.51940e-07
 Reference value :  5.52308e-07
 Reference value :  5.53264e-07
 Reference value :  5.54377e-07
 Reference value :  5.55538e-07
 Reference value :  5.55556e-07
 Reference value :  5.55556e-07
 Reference value :  5.55719e-07
 Reference value :  5.57761e-07
 Reference value :  5.59262e-07
 Reference value :  5.59326e-07
 Reference value :  5.59401e-07
No. of Data Rows : 32786
m_ui_ref            =  3.70370e-09 targ=  7.44741e-09 trig=  3.74370e-09
m_height_c0_0 = -8.673031140e-01
m_height_c0_1 = 1.0089934478e+00
m_height_c0_2 = 1.0089934478e+00
m_height_c0_3 = 1.0089934478e+00
m_height_c0_4 = 1.0089934478e+00
m_height_c0_5 = 1.0089934478e+00
m_height_c0_6 = 1.0089934478e+00
m_height_c0_7 = 1.0089934478e+00
m_eyeh_max_c0 = 1.0089934478e+00
m_eyemask_margin_c0 = 1.0089934478e+00
m_height_c1_0 = -9.779410732e-01
m_height_c1_1 = 1.0088443215e+00
m_height_c1_2 = 1.0089934477e+00
m_height_c1_3 = 1.0089934477e+00
m_height_c1_4 = 1.0089934477e+00
m_height_c1_5 = 1.0089934477e+00
m_height_c1_6 = 1.0089934477e+00
m_height_c1_7 = 1.0089934477e+00
m_eyeh_max_c1 = 1.0089934477e+00
m_eyemask_margin_c1 = 1.0089934477e+00
m_height_c2_0 = -9.916686403e-01
m_height_c2_1 = 9.8032152843e-01
m_height_c2_2 = 1.0086991319e+00
m_height_c2_3 = 1.0089544513e+00
m_height_c2_4 = 1.0089788266e+00
m_height_c2_5 = 1.0089875936e+00
m_height_c2_6 = 1.0089910986e+00
m_height_c2_7 = 1.0089925051e+00
m_eyeh_max_c2 = 1.0089925051e+00
m_eyemask_margin_c2 = 1.0086991319e+00
Note: Simulation executed from .control section 

Warning: m=xx on .subckt line will override multiplier m hierarchy!

Warning: diode_nd2ps_06v0: IKR too small - model effect disabled!
