
Note: Compatibility modes selected: hs a


Circuit: * cml-driver-eye @ ss_-40c_3.30v_742p5mbps -- generated by sim/harness, do not edit

Doing analysis at TEMP = -40.000000 and TNOM = 27.000000

Using SPARSE 1.3 as Direct Linear Solver

Initial Transient Solution
--------------------------

Node                                   Voltage
----                                   -------
avcc                                       3.3
avcclo                                    2.97
avcchi                                    3.63
inp                                      2.805
inn                                      1.815
inpz                                     2.805
innz                                     1.815
inref                                     0.99
win                                          0
winc                                         0
xc0.xcore.tail__t186                   1.21827
xc0.xcore.ibias__t118                  1.26323
xc0.xcore.vss__t163                5.28882e-06
xc0.xcore.vss__t349                1.31026e-13
xc0.xcore.vss__t60                  5.0942e-06
xc0.xcore.ibias__t117                  1.26323
xc0.xcore.tail__t286                   1.21827
xc0.xcore.vss__t350                1.26205e-13
xc0.xcore.tail__t197                   1.21827
xc0.xcore.ibias__t140                  1.26323
xc0.xcore.vss__t174                4.89999e-06
xc0.xcore.vss__t351                1.21393e-13
xc0.xcore.vss__t68                 4.70623e-06
xc0.xcore.ibias__t133                  1.26323
xc0.xcore.tail__t294                   1.21827
xc0.xcore.vss__t352                1.16593e-13
xc0.xcore.tail__t193                   1.21827
xc0.xcore.ibias__t132                  1.26323
xc0.xcore.vss__t170                4.51298e-06
xc0.xcore.vss__t353                1.11805e-13
xc0.xcore.vss__t67                 4.32032e-06
xc0.xcore.ibias__t131                  1.26323
xc0.xcore.tail__t293                   1.21827
xc0.xcore.vss__t354                1.07032e-13
xc0.xcore.tail__t192                   1.21827
xc0.xcore.ibias__t130                  1.26323
xc0.xcore.vss__t169                4.12833e-06
xc0.xcore.vss__t355                1.02275e-13
xc0.xcore.vss__t74                  3.9371e-06
xc0.xcore.ibias__t145                  1.26323
xc0.xcore.tail__t300                   1.21827
xc0.xcore.vss__t356                9.75378e-14
xc0.xcore.tail__t191                   1.21827
xc0.xcore.ibias__t128                  1.26323
xc0.xcore.vss__t168                3.74675e-06
xc0.xcore.vss__t357                 9.2822e-14
xc0.xcore.vss__t65                 3.55742e-06
xc0.xcore.ibias__t127                  1.26323
xc0.xcore.tail__t291                   1.21827
xc0.xcore.vss__t358                8.81315e-14
xc0.xcore.tail__t190                   1.21827
xc0.xcore.ibias__t126                  1.26323
xc0.xcore.vss__t167                3.36928e-06
xc0.xcore.vss__t359                8.34705e-14
xc0.xcore.vss__t64                 3.18255e-06
xc0.xcore.ibias__t125                  1.26323
xc0.xcore.tail__t290                   1.21827
xc0.xcore.vss__t360                7.88444e-14
xc0.xcore.tail__t189                   1.21827
xc0.xcore.ibias__t124                  1.26323
xc0.xcore.vss__t166                2.99749e-06
xc0.xcore.vss__t361                7.42597e-14
xc0.xcore.vss__t63                 2.81443e-06
xc0.xcore.ibias__t123                  1.26323
xc0.xcore.tail__t289                   1.21827
xc0.xcore.vss__t362                6.97244e-14
xc0.xcore.tail__t188                   1.21827
xc0.xcore.ibias__t122                  1.26323
xc0.xcore.vss__t165                2.63378e-06
xc0.xcore.vss__t363                 6.5249e-14
xc0.xcore.vss__t62                 2.45608e-06
xc0.xcore.ibias__t121                  1.26323
xc0.xcore.tail__t288                   1.21827
xc0.xcore.vss__t364                6.08466e-14
xc0.xcore.tail__t187                   1.21827
xc0.xcore.ibias__t120                  1.26323
xc0.xcore.vss__t164                2.28201e-06
xc0.xcore.vss__t365                5.65343e-14
xc0.xcore.vss__t26                 2.11248e-06
xc0.xcore.ibias__t0                    1.26323
xc0.xcore.tail__t252                   1.21827
xc0.xcore.vss__t366                5.23343e-14
xc0.xcore.tail__t175                   1.21827
xc0.xcore.ibias__t97                   1.26323
xc0.xcore.vss__t152                1.94867e-06
xc0.xcore.vss__t367                4.82761e-14
xc0.xcore.vss__t42                 1.79215e-06
xc0.xcore.ibias__t78                   1.26323
xc0.xcore.tail__t268                   1.21827
xc0.xcore.vss__t368                4.43984e-14
xc0.xcore.tail__t164                   1.21827
xc0.xcore.ibias__t77                   1.26323
xc0.xcore.vss__t141                  1.645e-06
xc0.xcore.vss__t369                4.07529e-14
xc0.xcore.vss__t37                 1.50996e-06
xc0.xcore.ibias__t70                   1.26323
xc0.xcore.tail__t263                   1.21827
xc0.xcore.vss__t370                3.74075e-14
xc0.xcore.tail__t167                   1.21827
xc0.xcore.ibias__t82                   1.26323
xc0.xcore.vss__t144                1.39057e-06
xc0.xcore.vss__t371                3.44497e-14
xc0.xcore.vss__t39                 1.29118e-06
xc0.xcore.ibias__t72                   1.26323
xc0.xcore.tail__t265                   1.21827
xc0.xcore.vss__t372                3.19873e-14
xc0.xcore.tail__t162                   1.21827
xc0.xcore.ibias__t73                   1.26323
xc0.xcore.vss__t139                1.21669e-06
xc0.xcore.vss__t373                3.01419e-14
xc0.xcore.vss__t40                 1.17186e-06
xc0.xcore.ibias__t74                   1.26323
xc0.xcore.tail__t266                   1.21828
xc0.xcore.vss__t374                2.90313e-14
xc0.xcore.tail__t163                   1.21828
xc0.xcore.ibias__t75                   1.26323
xc0.xcore.vss__t140                1.16014e-06
xc0.xcore.vss__t375                 2.8741e-14
xc0.xcore.vss__t41                 1.18251e-06
xc0.xcore.ibias__t76                   1.26323
xc0.xcore.tail__t267                   1.21828
xc0.xcore.vss__t376                2.92953e-14
xc0.xcore.tail__t129                   1.21828
xc0.xcore.ibias__t9                    1.26323
xc0.xcore.vss__t107                1.23713e-06
xc0.xcore.vss__t377                3.06484e-14
xc0.xcore.vss__t6                  1.31999e-06
xc0.xcore.ibias__t8                    1.26323
xc0.xcore.tail__t232                   1.21828
xc0.xcore.vss__t378                3.27013e-14
xc0.xcore.tail__t128                   1.21828
xc0.xcore.ibias__t7                    1.26323
xc0.xcore.vss__t106                1.42619e-06
xc0.xcore.vss__t379                3.53323e-14
xc0.xcore.vss__t5                  1.55094e-06
xc0.xcore.ibias__t6                    1.26323
xc0.xcore.tail__t231                   1.21828
xc0.xcore.vss__t380                3.84227e-14
xc0.xcore.tail__t141                   1.21828
xc0.xcore.ibias__t31                   1.26323
xc0.xcore.vss__t119                1.69013e-06
xc0.xcore.vss__t381                 4.1871e-14
xc0.xcore.vss__t4                  1.84049e-06
xc0.xcore.ibias__t5                    1.26323
xc0.xcore.tail__t230                   1.21828
xc0.xcore.vss__t382                4.55961e-14
xc0.xcore.tail__t158                   1.21828
xc0.xcore.ibias__t62                   1.26323
xc0.xcore.vss__t135                 1.9995e-06
xc0.xcore.vss__t383                4.95355e-14
xc0.xcore.vss__t33                 2.16526e-06
xc0.xcore.ibias__t63                   1.26323
xc0.xcore.tail__t259                   1.21828
xc0.xcore.vss__t384                5.36421e-14
xc0.xcore.tail__t159                   1.21828
xc0.xcore.ibias__t64                   1.26323
xc0.xcore.vss__t136                2.33633e-06
xc0.xcore.vss__t385                5.78802e-14
xc0.xcore.vss__t34                 2.51162e-06
xc0.xcore.ibias__t65                   1.26323
xc0.xcore.tail__t260                   1.21828
xc0.xcore.vss__t386                6.22231e-14
xc0.xcore.tail__t160                   1.21828
xc0.xcore.ibias__t66                   1.26323
xc0.xcore.vss__t137                2.69032e-06
xc0.xcore.vss__t387                6.66502e-14
xc0.xcore.vss__t35                 2.87177e-06
xc0.xcore.ibias__t67                   1.26323
xc0.xcore.tail__t261                   1.21828
xc0.xcore.vss__t388                7.11458e-14
xc0.xcore.tail__t161                   1.21828
xc0.xcore.ibias__t68                   1.26323
xc0.xcore.vss__t138                3.05551e-06
xc0.xcore.vss__t389                7.56977e-14
xc0.xcore.vss__t36                 3.24113e-06
xc0.xcore.ibias__t69                   1.26323
xc0.xcore.tail__t262                   1.21828
xc0.xcore.vss__t390                8.02964e-14
xc0.xcore.tail__t130                   1.21828
xc0.xcore.ibias__t10                   1.26323
xc0.xcore.vss__t108                3.42832e-06
xc0.xcore.vss__t391                8.49342e-14
xc0.xcore.vss__t13                 3.61685e-06
xc0.xcore.ibias__t23                   1.26323
xc0.xcore.tail__t239                   1.21828
xc0.xcore.vss__t392                8.96051e-14
xc0.xcore.tail__t137                   1.21828
xc0.xcore.ibias__t24                   1.26323
xc0.xcore.vss__t115                3.80652e-06
xc0.xcore.vss__t393                9.43041e-14
xc0.xcore.vss__t14                 3.99716e-06
xc0.xcore.ibias__t25                   1.26323
xc0.xcore.tail__t240                   1.21828
xc0.xcore.vss__t394                9.90273e-14
xc0.xcore.tail__t138                   1.21828
xc0.xcore.ibias__t26                   1.26323
xc0.xcore.vss__t116                4.18865e-06
xc0.xcore.vss__t395                1.03771e-13
xc0.xcore.vss__t15                 4.38086e-06
xc0.xcore.ibias__t27                   1.26323
xc0.xcore.tail__t241                   1.21828
xc0.xcore.vss__t396                1.08534e-13
xc0.xcore.tail__t139                   1.21828
xc0.xcore.ibias__t28                   1.26323
xc0.xcore.vss__t117                4.57371e-06
xc0.xcore.vss__t397                1.13312e-13
xc0.xcore.vss__t16                 4.76712e-06
xc0.xcore.ibias__t29                   1.26323
xc0.xcore.tail__t242                   1.21828
xc0.xcore.vss__t398                1.18103e-13
xc0.xcore.tail__t140                   1.21828
xc0.xcore.ibias__t30                   1.26323
xc0.xcore.vss__t118                4.96103e-06
xc0.xcore.vss__t399                1.22908e-13
xc0.xcore.vss__t21                 5.15538e-06
xc0.xcore.ibias__t41                   1.26323
xc0.xcore.tail__t247                   1.21828
xc0.xcore.vss__t400                1.27723e-13
xc0.xcore.tail__t142                   1.21828
xc0.xcore.ibias__t32                   1.26323
xc0.xcore.vss__t120                5.35012e-06
xc0.xcore.vss__t401                1.32547e-13
xc0.xcore.vss__t17                 5.54521e-06
xc0.xcore.ibias__t33                   1.26323
xc0.xcore.tail__t243                   1.21828
xc0.xcore.vss__t402                1.37381e-13
xc0.xcore.tail__t143                   1.21828
xc0.xcore.ibias__t34                   1.26323
xc0.xcore.vss__t121                5.74061e-06
xc0.xcore.vss__t403                1.42222e-13
xc0.xcore.vss__t18                  5.9363e-06
xc0.xcore.ibias__t35                   1.26323
xc0.xcore.tail__t244                   1.21828
xc0.xcore.vss__t404                 1.4707e-13
xc0.xcore.tail__t144                   1.21828
xc0.xcore.ibias__t36                   1.26323
xc0.xcore.vss__t122                6.13224e-06
xc0.xcore.vss__t405                1.51925e-13
xc0.xcore.vss__t19                 6.32842e-06
xc0.xcore.ibias__t37                   1.26323
xc0.xcore.tail__t245                   1.21828
xc0.xcore.vss__t406                1.56785e-13
xc0.xcore.tail__t145                   1.21828
xc0.xcore.ibias__t38                   1.26323
xc0.xcore.vss__t123                 6.5248e-06
xc0.xcore.vss__t407                1.61651e-13
xc0.xcore.vss__t20                 6.72138e-06
xc0.xcore.ibias__t39                   1.26323
xc0.xcore.tail__t246                   1.21828
xc0.xcore.vss__t408                1.66521e-13
xc0.xcore.tail__t146                   1.21828
xc0.xcore.ibias__t40                   1.26323
xc0.xcore.vss__t124                6.91814e-06
xc0.xcore.vss__t409                1.71396e-13
xc0.xcore.vss__t8                  7.11505e-06
xc0.xcore.ibias__t12                   1.26323
xc0.xcore.tail__t234                   1.21828
xc0.xcore.vss__t410                1.76274e-13
xc0.xcore.tail__t135                   1.21828
xc0.xcore.ibias__t21                   1.26323
xc0.xcore.vss__t113                7.31212e-06
xc0.xcore.vss__t411                1.81157e-13
xc0.xcore.vss__t9                  7.50932e-06
xc0.xcore.ibias__t13                   1.26323
xc0.xcore.tail__t235                   1.21828
xc0.xcore.vss__t412                1.86043e-13
xc0.xcore.tail__t131                   1.21828
xc0.xcore.ibias__t14                   1.26323
xc0.xcore.vss__t109                7.70665e-06
xc0.xcore.vss__t413                1.90932e-13
xc0.xcore.vss__t10                 7.90409e-06
xc0.xcore.ibias__t15                   1.26323
xc0.xcore.tail__t236                   1.21828
xc0.xcore.vss__t414                1.95824e-13
xc0.xcore.tail__t134                   1.21828
xc0.xcore.ibias__t20                   1.26323
xc0.xcore.vss__t112                8.10165e-06
xc0.xcore.vss__t415                2.00718e-13
xc0.xcore.vss__t12                  8.2993e-06
xc0.xcore.ibias__t19                   1.26323
xc0.xcore.tail__t238                   1.21828
xc0.xcore.vss__t416                2.05615e-13
xc0.xcore.tail__t133                   1.21828
xc0.xcore.ibias__t18                   1.26323
xc0.xcore.vss__t111                8.49705e-06
xc0.xcore.vss__t417                2.10515e-13
xc0.xcore.vss__t11                 8.69488e-06
xc0.xcore.ibias__t17                   1.26323
xc0.xcore.tail__t237                   1.21828
xc0.xcore.vss__t418                2.15416e-13
xc0.xcore.tail__t132                   1.21828
xc0.xcore.ibias__t16                   1.26323
xc0.xcore.vss__t110                 8.8928e-06
xc0.xcore.vss__t419                 2.2032e-13
xc0.xcore.vss__t7                  9.09079e-06
xc0.xcore.ibias__t11                   1.26323
xc0.xcore.tail__t233                   1.21828
xc0.xcore.vss__t420                2.25225e-13
xc0.xcore.tail__t136                   1.21828
xc0.xcore.ibias__t22                   1.26323
xc0.xcore.vss__t114                9.28885e-06
xc0.xcore.vss__t421                2.30132e-13
xc0.xcore.vss__t23                 9.48698e-06
xc0.xcore.ibias__t45                   1.26323
xc0.xcore.tail__t249                   1.21828
xc0.xcore.vss__t422                2.35041e-13
xc0.xcore.tail__t150                   1.21828
xc0.xcore.ibias__t46                   1.26323
xc0.xcore.vss__t127                9.68517e-06
xc0.xcore.vss__t423                2.39952e-13
xc0.xcore.vss__t24                 9.88342e-06
xc0.xcore.ibias__t47                   1.26323
xc0.xcore.tail__t250                   1.21828
xc0.xcore.vss__t424                2.44864e-13
xc0.xcore.tail__t151                   1.21827
xc0.xcore.ibias__t48                   1.26323
xc0.xcore.vss__t128                1.00817e-05
xc0.xcore.vss__t425                2.49777e-13
xc0.xcore.vss__t25                 1.02801e-05
xc0.xcore.ibias__t49                   1.26323
xc0.xcore.tail__t251                   1.21827
xc0.xcore.vss__t426                2.54691e-13
xc0.xcore.tail__t152                   1.21827
xc0.xcore.ibias__t50                   1.26323
xc0.xcore.vss__t129                1.04785e-05
xc0.xcore.vss__t427                2.59607e-13
xc0.xcore.vss__t32                 1.06769e-05
xc0.xcore.ibias__t61                   1.26323
xc0.xcore.tail__t258                   1.21827
xc0.xcore.vss__t428                2.64524e-13
xc0.xcore.tail__t153                   1.21827
xc0.xcore.ibias__t51                   1.26323
xc0.xcore.vss__t130                1.08754e-05
xc0.xcore.vss__t429                2.69442e-13
xc0.xcore.vss__t27                  1.1074e-05
xc0.xcore.ibias__t52                   1.26323
xc0.xcore.tail__t253                   1.21827
xc0.xcore.vss__t430                2.74361e-13
xc0.xcore.tail__t154                   1.21827
xc0.xcore.ibias__t53                   1.26323
xc0.xcore.vss__t131                1.12725e-05
xc0.xcore.vss__t431                2.79281e-13
xc0.xcore.vss__t28                 1.14712e-05
xc0.xcore.ibias__t54                   1.26323
xc0.xcore.tail__t254                   1.21827
xc0.xcore.vss__t432                2.84202e-13
xc0.xcore.tail__t155                   1.21827
xc0.xcore.ibias__t55                   1.26323
xc0.xcore.vss__t132                1.16698e-05
xc0.xcore.vss__t433                2.89124e-13
xc0.xcore.vss__t29                 1.18685e-05
xc0.xcore.ibias__t56                   1.26323
xc0.xcore.tail__t255                   1.21827
xc0.xcore.vss__t434                2.94047e-13
xc0.xcore.tail__t156                   1.21827
xc0.xcore.ibias__t57                   1.26323
xc0.xcore.vss__t133                1.20672e-05
xc0.xcore.vss__t435                 2.9897e-13
xc0.xcore.vss__t30                 1.22659e-05
xc0.xcore.ibias__t58                   1.26323
xc0.xcore.tail__t256                   1.21827
xc0.xcore.vss__t436                3.03894e-13
xc0.xcore.tail__t157                   1.21827
xc0.xcore.ibias__t59                   1.26323
xc0.xcore.vss__t134                1.24647e-05
xc0.xcore.vss__t437                3.08819e-13
xc0.xcore.vss__t31                 1.26635e-05
xc0.xcore.ibias__t60                   1.26323
xc0.xcore.tail__t257                   1.21827
xc0.xcore.vss__t438                3.13745e-13
xc0.xcore.tail__t211                   1.21827
xc0.xcore.ibias__t176                  1.26323
xc0.xcore.vss__t193                1.28623e-05
xc0.xcore.vss__t439                3.18671e-13
xc0.xcore.vss__t88                 1.30612e-05
xc0.xcore.ibias__t175                  1.26323
xc0.xcore.tail__t311                   1.21827
xc0.xcore.vss__t440                3.23598e-13
xc0.xcore.tail__t165                   1.21827
xc0.xcore.ibias__t79                   1.26323
xc0.xcore.vss__t142                  1.326e-05
xc0.xcore.vss__t441                3.28525e-13
xc0.xcore.vss__t43                 1.34589e-05
xc0.xcore.ibias__t80                   1.26323
xc0.xcore.tail__t269                   1.21827
xc0.xcore.vss__t442                3.33453e-13
xc0.xcore.tail__t166                   1.21827
xc0.xcore.ibias__t81                   1.26323
xc0.xcore.vss__t143                1.36579e-05
xc0.xcore.vss__t443                3.38382e-13
xc0.xcore.vss__t38                 1.38568e-05
xc0.xcore.ibias__t71                   1.26323
xc0.xcore.tail__t264                   1.21827
xc0.xcore.vss__t444                3.43311e-13
xc0.xcore.tail__t147                   1.21827
xc0.xcore.ibias__t42                   1.26323
xc0.xcore.vss__t125                1.40557e-05
xc0.xcore.vss__t445                3.48241e-13
xc0.xcore.vss__t22                 1.42547e-05
xc0.xcore.ibias__t43                   1.26323
xc0.xcore.tail__t248                   1.21827
xc0.xcore.vss__t446                3.53171e-13
xc0.xcore.tail__t148                   1.21827
xc0.xcore.ibias__t44                   1.26323
xc0.xcore.vss__t126                1.44537e-05
xc0.xcore.vss__t447                3.58101e-13
xc0.xcore.vss__t0                  1.46527e-05
xc0.xcore.ibias__t1                    1.26323
xc0.xcore.tail__t149                   1.21827
xc0.xcore.vss__t456                3.63032e-13
xc0.xcore.tail__t229                   1.21823
xc0.xcore.ibias__t2                    1.26323
xc0.xcore.vss__t1                  2.51512e-05
xc0.xcore.vss__t458                6.23159e-13
xc0.xcore.vss__t189                2.49518e-05
xc0.xcore.ibias__t170                  1.26323
xc0.xcore.tail__t228                   1.21823
xc0.xcore.vss__t250                6.18218e-13
xc0.xcore.tail__t209                   1.21823
xc0.xcore.ibias__t169                  1.26323
xc0.xcore.vss__t188                2.47524e-05
xc0.xcore.vss__t251                6.13277e-13
xc0.xcore.vss__t86                  2.4553e-05
xc0.xcore.ibias__t168                  1.26323
xc0.xcore.tail__t309                   1.21824
xc0.xcore.vss__t252                6.08336e-13
xc0.xcore.tail__t208                   1.21824
xc0.xcore.ibias__t167                  1.26323
xc0.xcore.vss__t187                2.43536e-05
xc0.xcore.vss__t253                6.03395e-13
xc0.xcore.vss__t85                 2.41542e-05
xc0.xcore.ibias__t166                  1.26323
xc0.xcore.tail__t308                   1.21824
xc0.xcore.vss__t254                5.98454e-13
xc0.xcore.tail__t207                   1.21824
xc0.xcore.ibias__t165                  1.26323
xc0.xcore.vss__t186                2.39548e-05
xc0.xcore.vss__t255                5.93514e-13
xc0.xcore.vss__t84                 2.37554e-05
xc0.xcore.ibias__t164                  1.26323
xc0.xcore.tail__t307                   1.21824
xc0.xcore.vss__t256                5.88573e-13
xc0.xcore.tail__t210                   1.21824
xc0.xcore.ibias__t173                  1.26323
xc0.xcore.vss__t191                2.35561e-05
xc0.xcore.vss__t257                5.83633e-13
xc0.xcore.vss__t87                 2.33567e-05
xc0.xcore.ibias__t172                  1.26323
xc0.xcore.tail__t310                   1.21824
xc0.xcore.vss__t258                5.78692e-13
xc0.xcore.tail__t219                   1.21824
xc0.xcore.ibias__t195                  1.26323
xc0.xcore.vss__t201                2.31573e-05
xc0.xcore.vss__t259                5.73752e-13
xc0.xcore.vss__t99                 2.29579e-05
xc0.xcore.ibias__t194                  1.26323
xc0.xcore.tail__t321                   1.21824
xc0.xcore.vss__t260                5.68812e-13
xc0.xcore.tail__t227                   1.21824
xc0.xcore.ibias__t209                  1.26323
xc0.xcore.vss__t209                2.27586e-05
xc0.xcore.vss__t261                5.63871e-13
xc0.xcore.vss__t97                 2.25592e-05
xc0.xcore.ibias__t192                  1.26323
xc0.xcore.tail__t319                   1.21824
xc0.xcore.vss__t262                5.58931e-13
xc0.xcore.tail__t218                   1.21824
xc0.xcore.ibias__t191                  1.26323
xc0.xcore.vss__t200                2.23598e-05
xc0.xcore.vss__t263                5.53991e-13
xc0.xcore.vss__t96                 2.21605e-05
xc0.xcore.ibias__t190                  1.26323
xc0.xcore.tail__t318                   1.21824
xc0.xcore.vss__t264                5.49052e-13
xc0.xcore.tail__t217                   1.21824
xc0.xcore.ibias__t189                  1.26323
xc0.xcore.vss__t199                2.19611e-05
xc0.xcore.vss__t265                5.44112e-13
xc0.xcore.vss__t95                 2.17618e-05
xc0.xcore.ibias__t188                  1.26323
xc0.xcore.tail__t317                   1.21824
xc0.xcore.vss__t266                5.39172e-13
xc0.xcore.tail__t216                   1.21824
xc0.xcore.ibias__t187                  1.26323
xc0.xcore.vss__t198                2.15624e-05
xc0.xcore.vss__t267                5.34233e-13
xc0.xcore.vss__t94                 2.13631e-05
xc0.xcore.ibias__t186                  1.26323
xc0.xcore.tail__t316                   1.21824
xc0.xcore.vss__t268                5.29294e-13
xc0.xcore.tail__t215                   1.21824
xc0.xcore.ibias__t185                  1.26323
xc0.xcore.vss__t197                2.11638e-05
xc0.xcore.vss__t269                5.24355e-13
xc0.xcore.vss__t93                 2.09644e-05
xc0.xcore.ibias__t184                  1.26323
xc0.xcore.tail__t315                   1.21824
xc0.xcore.vss__t270                5.19416e-13
xc0.xcore.tail__t214                   1.21824
xc0.xcore.ibias__t183                  1.26323
xc0.xcore.vss__t196                2.07651e-05
xc0.xcore.vss__t271                5.14477e-13
xc0.xcore.vss__t92                 2.05658e-05
xc0.xcore.ibias__t182                  1.26323
xc0.xcore.tail__t314                   1.21824
xc0.xcore.vss__t272                5.09538e-13
xc0.xcore.tail__t213                   1.21824
xc0.xcore.ibias__t181                  1.26323
xc0.xcore.vss__t195                2.03665e-05
xc0.xcore.vss__t273                5.04599e-13
xc0.xcore.vss__t91                 2.01672e-05
xc0.xcore.ibias__t180                  1.26323
xc0.xcore.tail__t313                   1.21824
xc0.xcore.vss__t274                4.99661e-13
xc0.xcore.tail__t212                   1.21824
xc0.xcore.ibias__t179                  1.26323
xc0.xcore.vss__t194                1.99679e-05
xc0.xcore.vss__t275                4.94723e-13
xc0.xcore.vss__t90                 1.97686e-05
xc0.xcore.ibias__t178                  1.26323
xc0.xcore.tail__t312                   1.21824
xc0.xcore.vss__t276                4.89785e-13
xc0.xcore.tail__t206                   1.21824
xc0.xcore.ibias__t161                  1.26323
xc0.xcore.vss__t184                1.95693e-05
xc0.xcore.vss__t277                4.84847e-13
xc0.xcore.vss__t57                   1.937e-05
xc0.xcore.ibias__t112                  1.26323
xc0.xcore.tail__t283                   1.21824
xc0.xcore.vss__t278                4.79909e-13
xc0.xcore.tail__t183                   1.21824
xc0.xcore.ibias__t111                  1.26323
xc0.xcore.vss__t160                1.91708e-05
xc0.xcore.vss__t279                4.74971e-13
xc0.xcore.vss__t56                 1.89715e-05
xc0.xcore.ibias__t110                  1.26323
xc0.xcore.tail__t282                   1.21824
xc0.xcore.vss__t280                4.70034e-13
xc0.xcore.tail__t182                   1.21824
xc0.xcore.ibias__t109                  1.26323
xc0.xcore.vss__t159                1.87722e-05
xc0.xcore.vss__t281                4.65097e-13
xc0.xcore.vss__t55                  1.8573e-05
xc0.xcore.ibias__t108                  1.26323
xc0.xcore.tail__t281                   1.21825
xc0.xcore.vss__t282                 4.6016e-13
xc0.xcore.tail__t181                   1.21825
xc0.xcore.ibias__t107                  1.26323
xc0.xcore.vss__t158                1.83738e-05
xc0.xcore.vss__t283                4.55223e-13
xc0.xcore.vss__t54                 1.81745e-05
xc0.xcore.ibias__t106                  1.26323
xc0.xcore.tail__t280                   1.21825
xc0.xcore.vss__t284                4.50286e-13
xc0.xcore.tail__t180                   1.21825
xc0.xcore.ibias__t105                  1.26323
xc0.xcore.vss__t157                1.79753e-05
xc0.xcore.vss__t285                 4.4535e-13
xc0.xcore.vss__t53                 1.77761e-05
xc0.xcore.ibias__t104                  1.26323
xc0.xcore.tail__t279                   1.21825
xc0.xcore.vss__t286                4.40414e-13
xc0.xcore.tail__t205                   1.21825
xc0.xcore.ibias__t156                  1.26323
xc0.xcore.vss__t182                1.75769e-05
xc0.xcore.vss__t287                4.35478e-13
xc0.xcore.vss__t79                 1.73777e-05
xc0.xcore.ibias__t155                  1.26323
xc0.xcore.tail__t305                   1.21825
xc0.xcore.vss__t288                4.30542e-13
xc0.xcore.tail__t204                   1.21825
xc0.xcore.ibias__t154                  1.26323
xc0.xcore.vss__t181                1.71785e-05
xc0.xcore.vss__t289                4.25607e-13
xc0.xcore.vss__t78                 1.69793e-05
xc0.xcore.ibias__t153                  1.26323
xc0.xcore.tail__t304                   1.21825
xc0.xcore.vss__t290                4.20672e-13
xc0.xcore.tail__t203                   1.21825
xc0.xcore.ibias__t152                  1.26323
xc0.xcore.vss__t180                1.67801e-05
xc0.xcore.vss__t291                4.15737e-13
xc0.xcore.vss__t77                  1.6581e-05
xc0.xcore.ibias__t151                  1.26323
xc0.xcore.tail__t303                   1.21825
xc0.xcore.vss__t292                4.10802e-13
xc0.xcore.tail__t202                   1.21825
xc0.xcore.ibias__t150                  1.26323
xc0.xcore.vss__t179                1.63818e-05
xc0.xcore.vss__t293                4.05868e-13
xc0.xcore.vss__t76                 1.61827e-05
xc0.xcore.ibias__t149                  1.26323
xc0.xcore.tail__t302                   1.21825
xc0.xcore.vss__t294                4.00934e-13
xc0.xcore.tail__t201                   1.21825
xc0.xcore.ibias__t148                  1.26323
xc0.xcore.vss__t178                1.59836e-05
xc0.xcore.vss__t295                   3.96e-13
xc0.xcore.vss__t75                 1.57845e-05
xc0.xcore.ibias__t147                  1.26323
xc0.xcore.tail__t301                   1.21825
xc0.xcore.vss__t296                3.91067e-13
xc0.xcore.tail__t200                   1.21825
xc0.xcore.ibias__t146                  1.26323
xc0.xcore.vss__t177                1.55854e-05
xc0.xcore.vss__t297                3.86134e-13
xc0.xcore.vss__t98                 1.53863e-05
xc0.xcore.ibias__t193                  1.26323
xc0.xcore.tail__t320                   1.21825
xc0.xcore.vss__t298                3.81201e-13
xc0.xcore.tail__t226                   1.21825
xc0.xcore.ibias__t208                  1.26323
xc0.xcore.vss__t208                1.51872e-05
xc0.xcore.vss__t299                3.76269e-13
xc0.xcore.vss__t105                1.49882e-05
xc0.xcore.ibias__t207                  1.26323
xc0.xcore.tail__t327                   1.21825
xc0.xcore.vss__t300                3.71337e-13
xc0.xcore.tail__t225                   1.21825
xc0.xcore.ibias__t206                  1.26323
xc0.xcore.vss__t207                1.47891e-05
xc0.xcore.vss__t301                3.66405e-13
xc0.xcore.vss__t104                1.45901e-05
xc0.xcore.ibias__t205                  1.26323
xc0.xcore.tail__t326                   1.21825
xc0.xcore.vss__t302                3.61474e-13
xc0.xcore.tail__t224                   1.21825
xc0.xcore.ibias__t204                  1.26323
xc0.xcore.vss__t206                1.43911e-05
xc0.xcore.vss__t303                3.56543e-13
xc0.xcore.vss__t103                1.41921e-05
xc0.xcore.ibias__t203                  1.26323
xc0.xcore.tail__t325                   1.21825
xc0.xcore.vss__t304                3.51613e-13
xc0.xcore.tail__t223                   1.21825
xc0.xcore.ibias__t202                  1.26323
xc0.xcore.vss__t205                1.39932e-05
xc0.xcore.vss__t305                3.46683e-13
xc0.xcore.vss__t102                1.37942e-05
xc0.xcore.ibias__t201                  1.26323
xc0.xcore.tail__t324                   1.21825
xc0.xcore.vss__t306                3.41754e-13
xc0.xcore.tail__t222                   1.21825
xc0.xcore.ibias__t200                  1.26323
xc0.xcore.vss__t204                1.35953e-05
xc0.xcore.vss__t307                3.36825e-13
xc0.xcore.vss__t101                1.33964e-05
xc0.xcore.ibias__t199                  1.26323
xc0.xcore.tail__t323                   1.21825
xc0.xcore.vss__t308                3.31897e-13
xc0.xcore.tail__t221                   1.21825
xc0.xcore.ibias__t198                  1.26323
xc0.xcore.vss__t203                1.31975e-05
xc0.xcore.vss__t309                3.26969e-13
xc0.xcore.vss__t100                1.29986e-05
xc0.xcore.ibias__t197                  1.26323
xc0.xcore.tail__t322                   1.21825
xc0.xcore.vss__t310                3.22042e-13
xc0.xcore.tail__t220                   1.21825
xc0.xcore.ibias__t196                  1.26323
xc0.xcore.vss__t202                1.27998e-05
xc0.xcore.vss__t311                3.17115e-13
xc0.xcore.vss__t80                  1.2601e-05
xc0.xcore.ibias__t157                  1.26323
xc0.xcore.tail__t306                   1.21825
xc0.xcore.vss__t312                3.12189e-13
xc0.xcore.tail__t185                   1.21826
xc0.xcore.ibias__t116                  1.26323
xc0.xcore.vss__t162                1.24022e-05
xc0.xcore.vss__t313                3.07264e-13
xc0.xcore.vss__t59                 1.22034e-05
xc0.xcore.ibias__t115                  1.26323
xc0.xcore.tail__t285                   1.21826
xc0.xcore.vss__t314                3.02339e-13
xc0.xcore.tail__t184                   1.21826
xc0.xcore.ibias__t114                  1.26323
xc0.xcore.vss__t161                1.20047e-05
xc0.xcore.vss__t315                2.97416e-13
xc0.xcore.vss__t71                  1.1806e-05
xc0.xcore.ibias__t139                  1.26323
xc0.xcore.tail__t297                   1.21826
xc0.xcore.vss__t316                2.92492e-13
xc0.xcore.tail__t196                   1.21826
xc0.xcore.ibias__t138                  1.26323
xc0.xcore.vss__t173                1.16073e-05
xc0.xcore.vss__t317                 2.8757e-13
xc0.xcore.vss__t70                 1.14087e-05
xc0.xcore.ibias__t137                  1.26323
xc0.xcore.tail__t296                   1.21826
xc0.xcore.vss__t318                2.82649e-13
xc0.xcore.tail__t195                   1.21826
xc0.xcore.ibias__t136                  1.26323
xc0.xcore.vss__t172                1.12101e-05
xc0.xcore.vss__t319                2.77728e-13
xc0.xcore.vss__t69                 1.10115e-05
xc0.xcore.ibias__t135                  1.26323
xc0.xcore.tail__t295                   1.21826
xc0.xcore.vss__t320                2.72808e-13
xc0.xcore.tail__t194                   1.21826
xc0.xcore.ibias__t134                  1.26323
xc0.xcore.vss__t171                 1.0813e-05
xc0.xcore.vss__t321                 2.6789e-13
xc0.xcore.vss__t61                 1.06145e-05
xc0.xcore.ibias__t119                  1.26323
xc0.xcore.tail__t287                   1.21826
xc0.xcore.vss__t322                2.62972e-13
xc0.xcore.tail__t179                   1.21826
xc0.xcore.ibias__t103                  1.26323
xc0.xcore.vss__t156                1.04161e-05
xc0.xcore.vss__t323                2.58056e-13
xc0.xcore.vss__t48                 1.02177e-05
xc0.xcore.ibias__t92                   1.26323
xc0.xcore.tail__t274                   1.21826
xc0.xcore.vss__t324                 2.5314e-13
xc0.xcore.tail__t178                   1.21826
xc0.xcore.ibias__t102                  1.26323
xc0.xcore.vss__t155                1.00193e-05
xc0.xcore.vss__t325                2.48226e-13
xc0.xcore.vss__t52                 9.82105e-06
xc0.xcore.ibias__t101                  1.26323
xc0.xcore.tail__t278                   1.21826
xc0.xcore.vss__t326                2.43314e-13
xc0.xcore.tail__t177                   1.21826
xc0.xcore.ibias__t100                  1.26323
xc0.xcore.vss__t154                9.62281e-06
xc0.xcore.vss__t327                2.38402e-13
xc0.xcore.vss__t51                 9.42464e-06
xc0.xcore.ibias__t99                   1.26323
xc0.xcore.tail__t277                   1.21826
xc0.xcore.vss__t328                2.33492e-13
xc0.xcore.tail__t176                   1.21826
xc0.xcore.ibias__t98                   1.26323
xc0.xcore.vss__t153                9.22654e-06
xc0.xcore.vss__t329                2.28584e-13
xc0.xcore.vss__t58                  9.0285e-06
xc0.xcore.ibias__t113                  1.26323
xc0.xcore.tail__t284                   1.21826
xc0.xcore.vss__t330                2.23678e-13
xc0.xcore.tail__t174                   1.21826
xc0.xcore.ibias__t96                   1.26323
xc0.xcore.vss__t151                8.83053e-06
xc0.xcore.vss__t331                2.18773e-13
xc0.xcore.vss__t50                 8.63264e-06
xc0.xcore.ibias__t95                   1.26323
xc0.xcore.tail__t276                   1.21826
xc0.xcore.vss__t332                 2.1387e-13
xc0.xcore.tail__t173                   1.21826
xc0.xcore.ibias__t94                   1.26323
xc0.xcore.vss__t150                8.43483e-06
xc0.xcore.vss__t333                2.08969e-13
xc0.xcore.vss__t49                 8.23711e-06
xc0.xcore.ibias__t93                   1.26323
xc0.xcore.tail__t275                   1.21826
xc0.xcore.vss__t334                2.04071e-13
xc0.xcore.tail__t172                   1.21826
xc0.xcore.ibias__t91                   1.26323
xc0.xcore.vss__t149                8.03949e-06
xc0.xcore.vss__t335                1.99174e-13
xc0.xcore.vss__t47                 7.84197e-06
xc0.xcore.ibias__t90                   1.26323
xc0.xcore.tail__t273                   1.21826
xc0.xcore.vss__t336                1.94281e-13
xc0.xcore.tail__t171                   1.21826
xc0.xcore.ibias__t89                   1.26323
xc0.xcore.vss__t148                7.64456e-06
xc0.xcore.vss__t337                 1.8939e-13
xc0.xcore.vss__t46                 7.44727e-06
xc0.xcore.ibias__t88                   1.26323
xc0.xcore.tail__t272                   1.21826
xc0.xcore.vss__t338                1.84502e-13
xc0.xcore.tail__t170                   1.21826
xc0.xcore.ibias__t87                   1.26323
xc0.xcore.vss__t147                7.25011e-06
xc0.xcore.vss__t339                1.79617e-13
xc0.xcore.vss__t45                 7.05309e-06
xc0.xcore.ibias__t86                   1.26323
xc0.xcore.tail__t271                   1.21826
xc0.xcore.vss__t340                1.74736e-13
xc0.xcore.tail__t169                   1.21826
xc0.xcore.ibias__t85                   1.26323
xc0.xcore.vss__t146                6.85622e-06
xc0.xcore.vss__t341                1.69859e-13
xc0.xcore.vss__t44                 6.65952e-06
xc0.xcore.ibias__t84                   1.26323
xc0.xcore.tail__t270                   1.21826
xc0.xcore.vss__t342                1.64985e-13
xc0.xcore.tail__t168                   1.21826
xc0.xcore.ibias__t83                   1.26323
xc0.xcore.vss__t145                  6.463e-06
xc0.xcore.vss__t343                1.60117e-13
xc0.xcore.vss__t66                 6.26668e-06
xc0.xcore.ibias__t129                  1.26323
xc0.xcore.tail__t292                   1.21827
xc0.xcore.vss__t344                1.55253e-13
xc0.xcore.tail__t199                   1.21827
xc0.xcore.ibias__t144                  1.26323
xc0.xcore.vss__t176                6.07058e-06
xc0.xcore.vss__t345                1.50394e-13
xc0.xcore.vss__t73                 5.87471e-06
xc0.xcore.ibias__t143                  1.26323
xc0.xcore.tail__t299                   1.21827
xc0.xcore.vss__t346                1.45542e-13
xc0.xcore.tail__t198                   1.21827
xc0.xcore.ibias__t142                  1.26323
xc0.xcore.vss__t175                5.67911e-06
xc0.xcore.vss__t347                1.40696e-13
xc0.xcore.vss__t72                  5.4838e-06
xc0.xcore.ibias__t141                  1.26323
xc0.xcore.tail__t298                   1.21827
xc0.xcore.vss__t348                1.35857e-13
xc0.xcore.outp__t53                    2.80076
xc0.xcore.inp__t1                        2.805
xc0.xcore.tail__t0                     1.21834
xc0.xcore.vss__t460                8.73397e-12
xc0.xcore.tail__t119                   1.21834
xc0.xcore.inp__t53                       2.805
xc0.xcore.outp__t52                    2.80075
xc0.xcore.vss__t462                8.81643e-12
xc0.xcore.outp__t46                    2.80075
xc0.xcore.inp__t52                       2.805
xc0.xcore.tail__t118                   1.21834
xc0.xcore.vss__t463                8.89889e-12
xc0.xcore.tail__t58                    1.21834
xc0.xcore.inp__t61                       2.805
xc0.xcore.outp__t82                    2.80075
xc0.xcore.vss__t464                8.98135e-12
xc0.xcore.outp__t30                    2.80075
xc0.xcore.inp__t24                       2.805
xc0.xcore.tail__t98                    1.21834
xc0.xcore.vss__t465                9.06381e-12
xc0.xcore.tail__t38                    1.21834
xc0.xcore.inp__t23                       2.805
xc0.xcore.outp__t64                    2.80075
xc0.xcore.vss__t466                9.14627e-12
xc0.xcore.outp__t29                    2.80075
xc0.xcore.inp__t22                       2.805
xc0.xcore.tail__t97                    1.21834
xc0.xcore.vss__t467                9.22873e-12
xc0.xcore.tail__t37                    1.21835
xc0.xcore.inp__t21                       2.805
xc0.xcore.outp__t63                    2.80074
xc0.xcore.vss__t468                9.31118e-12
xc0.xcore.outp__t28                    2.80074
xc0.xcore.inp__t20                       2.805
xc0.xcore.tail__t96                    1.21835
xc0.xcore.vss__t469                9.39364e-12
xc0.xcore.tail__t36                    1.21835
xc0.xcore.inp__t19                       2.805
xc0.xcore.outp__t62                    2.80074
xc0.xcore.vss__t470                9.47609e-12
xc0.xcore.outp__t27                    2.80074
xc0.xcore.inp__t18                       2.805
xc0.xcore.tail__t95                    1.21835
xc0.xcore.vss__t471                9.55854e-12
xc0.xcore.tail__t35                    1.21835
xc0.xcore.inp__t17                       2.805
xc0.xcore.outp__t61                    2.80074
xc0.xcore.vss__t472                9.64099e-12
xc0.xcore.outp__t26                    2.80074
xc0.xcore.inp__t16                       2.805
xc0.xcore.tail__t94                    1.21835
xc0.xcore.vss__t473                9.72344e-12
xc0.xcore.tail__t33                    1.21835
xc0.xcore.inp__t15                       2.805
xc0.xcore.outp__t60                    2.80073
xc0.xcore.vss__t474                9.80589e-12
xc0.xcore.outp__t47                    2.80073
xc0.xcore.inp__t54                       2.805
xc0.xcore.tail__t120                   1.21835
xc0.xcore.vss__t475                9.88833e-12
xc0.xcore.tail__t54                    1.21835
xc0.xcore.inp__t55                       2.805
xc0.xcore.outp__t78                    2.80073
xc0.xcore.vss__t476                9.97078e-12
xc0.xcore.outp__t51                    2.80073
xc0.xcore.inp__t63                       2.805
xc0.xcore.tail__t126                   1.21835
xc0.xcore.vss__t477                1.00532e-11
xc0.xcore.tail__t57                    1.21835
xc0.xcore.inp__t60                       2.805
xc0.xcore.outp__t81                    2.80073
xc0.xcore.vss__t478                1.01357e-11
xc0.xcore.outp__t49                    2.80073
xc0.xcore.inp__t59                       2.805
xc0.xcore.tail__t122                   1.21835
xc0.xcore.vss__t479                1.02181e-11
xc0.xcore.tail__t56                    1.21835
xc0.xcore.inp__t58                       2.805
xc0.xcore.outp__t80                    2.80073
xc0.xcore.vss__t480                1.03005e-11
xc0.xcore.outp__t48                    2.80072
xc0.xcore.inp__t57                       2.805
xc0.xcore.tail__t121                   1.21836
xc0.xcore.vss__t481                 1.0383e-11
xc0.xcore.tail__t55                    1.21836
xc0.xcore.inp__t56                       2.805
xc0.xcore.outp__t79                    2.80072
xc0.xcore.vss__t482                1.04654e-11
xc0.xcore.outp__t24                    2.80072
xc0.xcore.inp__t11                       2.805
xc0.xcore.tail__t92                    1.21836
xc0.xcore.vss__t483                1.05478e-11
xc0.xcore.tail__t30                    1.21836
xc0.xcore.inp__t10                       2.805
xc0.xcore.outp__t57                    2.80072
xc0.xcore.vss__t484                1.06302e-11
xc0.xcore.outp__t23                    2.80072
xc0.xcore.inp__t9                        2.805
xc0.xcore.tail__t88                    1.21836
xc0.xcore.vss__t485                1.07127e-11
xc0.xcore.tail__t32                    1.21836
xc0.xcore.inp__t14                       2.805
xc0.xcore.outp__t59                    2.80072
xc0.xcore.vss__t486                1.07951e-11
xc0.xcore.outp__t25                    2.80071
xc0.xcore.inp__t13                       2.805
xc0.xcore.tail__t93                    1.21836
xc0.xcore.vss__t487                1.08775e-11
xc0.xcore.tail__t60                    1.21836
xc0.xcore.inp__t0                        2.805
xc0.xcore.outp__t83                    2.80071
xc0.xcore.vss__t488                1.09599e-11
xc0.xcore.outp__t50                    2.80071
xc0.xcore.inp__t62                       2.805
xc0.xcore.tail__t123                   1.21836
xc0.xcore.vss__t489                1.10423e-11
xc0.xcore.tail__t42                    1.21836
xc0.xcore.inp__t29                       2.805
xc0.xcore.outp__t67                    2.80071
xc0.xcore.vss__t490                1.11247e-11
xc0.xcore.outp__t32                    2.80071
xc0.xcore.inp__t28                       2.805
xc0.xcore.tail__t102                   1.21836
xc0.xcore.vss__t491                1.12071e-11
xc0.xcore.tail__t41                    1.21836
xc0.xcore.inp__t27                       2.805
xc0.xcore.outp__t66                    2.80071
xc0.xcore.vss__t492                1.12895e-11
xc0.xcore.outp__t31                     2.8007
xc0.xcore.inp__t26                       2.805
xc0.xcore.tail__t101                   1.21836
xc0.xcore.vss__t493                1.13719e-11
xc0.xcore.tail__t40                    1.21837
xc0.xcore.inp__t25                       2.805
xc0.xcore.outp__t65                     2.8007
xc0.xcore.vss__t494                1.14543e-11
xc0.xcore.outp__t20                     2.8007
xc0.xcore.inp__t4                        2.805
xc0.xcore.tail__t74                    1.21837
xc0.xcore.vss__t495                1.15367e-11
xc0.xcore.tail__t14                    1.21837
xc0.xcore.inp__t3                        2.805
xc0.xcore.outp__t54                     2.8007
xc0.xcore.vss__t496                1.16191e-11
xc0.xcore.outp__t22                     2.8007
xc0.xcore.inp__t7                        2.805
xc0.xcore.tail__t76                    1.21837
xc0.xcore.vss__t497                1.17015e-11
xc0.xcore.tail__t16                    1.21837
xc0.xcore.inp__t6                        2.805
xc0.xcore.outp__t55                     2.8007
xc0.xcore.vss__t498                1.17839e-11
xc0.xcore.outp__t21                    2.80069
xc0.xcore.inp__t5                        2.805
xc0.xcore.tail__t75                    1.21837
xc0.xcore.vss__t499                1.18663e-11
xc0.xcore.tail__t19                    1.21837
xc0.xcore.inp__t8                        2.805
xc0.xcore.outp__t56                    2.80069
xc0.xcore.vss__t500                1.19487e-11
xc0.xcore.outp__t45                    2.80069
xc0.xcore.inp__t50                       2.805
xc0.xcore.tail__t116                   1.21837
xc0.xcore.vss__t501                 1.2031e-11
xc0.xcore.tail__t51                    1.21837
xc0.xcore.inp__t49                       2.805
xc0.xcore.outp__t76                    2.80069
xc0.xcore.vss__t502                1.21134e-11
xc0.xcore.outp__t44                    2.80069
xc0.xcore.inp__t48                       2.805
xc0.xcore.tail__t115                   1.21837
xc0.xcore.vss__t503                1.21958e-11
xc0.xcore.tail__t50                    1.21837
xc0.xcore.inp__t47                       2.805
xc0.xcore.outp__t75                    2.80069
xc0.xcore.vss__t504                1.22782e-11
xc0.xcore.outp__t43                    2.80069
xc0.xcore.inp__t46                       2.805
xc0.xcore.tail__t114                   1.21837
xc0.xcore.vss__t505                1.23605e-11
xc0.xcore.tail__t49                    1.21837
xc0.xcore.inp__t45                       2.805
xc0.xcore.outp__t74                    2.80068
xc0.xcore.vss__t506                1.24429e-11
xc0.xcore.outp__t42                    2.80068
xc0.xcore.inp__t44                       2.805
xc0.xcore.tail__t113                   1.21838
xc0.xcore.vss__t507                1.25252e-11
xc0.xcore.tail__t48                    1.21838
xc0.xcore.inp__t43                       2.805
xc0.xcore.outp__t73                    2.80068
xc0.xcore.vss__t508                1.26076e-11
xc0.xcore.outp__t41                    2.80068
xc0.xcore.inp__t42                       2.805
xc0.xcore.tail__t112                   1.21838
xc0.xcore.vss__t509                1.26899e-11
xc0.xcore.tail__t47                    1.21838
xc0.xcore.inp__t41                       2.805
xc0.xcore.outp__t72                    2.80068
xc0.xcore.vss__t510                1.27723e-11
xc0.xcore.outp__t40                    2.80068
xc0.xcore.inp__t40                       2.805
xc0.xcore.tail__t111                   1.21838
xc0.xcore.vss__t511                1.28546e-11
xc0.xcore.tail__t46                    1.21838
xc0.xcore.inp__t39                       2.805
xc0.xcore.outp__t71                    2.80067
xc0.xcore.vss__t512                 1.2937e-11
xc0.xcore.outp__t39                    2.80067
xc0.xcore.inp__t38                       2.805
xc0.xcore.tail__t110                   1.21838
xc0.xcore.vss__t513                1.30193e-11
xc0.xcore.tail__t53                    1.21838
xc0.xcore.inp__t51                       2.805
xc0.xcore.outp__t77                    2.80067
xc0.xcore.vss__t514                1.31016e-11
xc0.xcore.outp__t38                    2.80067
xc0.xcore.inp__t37                       2.805
xc0.xcore.tail__t108                   1.21838
xc0.xcore.vss__t515                 1.3184e-11
xc0.xcore.tail__t45                    1.21838
xc0.xcore.inp__t36                       2.805
xc0.xcore.outp__t70                    2.80067
xc0.xcore.vss__t516                1.32663e-11
xc0.xcore.outp__t37                    2.80067
xc0.xcore.inp__t35                       2.805
xc0.xcore.tail__t107                   1.21838
xc0.xcore.vss__t517                1.33486e-11
xc0.xcore.tail__t44                    1.21838
xc0.xcore.inp__t34                       2.805
xc0.xcore.outp__t69                    2.80066
xc0.xcore.vss__t518                1.34309e-11
xc0.xcore.outp__t36                    2.80066
xc0.xcore.inp__t33                       2.805
xc0.xcore.tail__t106                   1.21838
xc0.xcore.vss__t519                1.35133e-11
xc0.xcore.tail__t31                    1.21839
xc0.xcore.inp__t12                       2.805
xc0.xcore.outp__t58                    2.80066
xc0.xcore.vss__t520                1.35956e-11
xc0.xcore.outp__t35                    2.80066
xc0.xcore.inp__t32                       2.805
xc0.xcore.tail__t104                   1.21839
xc0.xcore.vss__t521                1.36779e-11
xc0.xcore.tail__t43                    1.21839
xc0.xcore.inp__t31                       2.805
xc0.xcore.outp__t68                    2.80066
xc0.xcore.vss__t522                1.37602e-11
xc0.xcore.outp__t33                    2.80066
xc0.xcore.inp__t30                       2.805
xc0.xcore.tail__t103                   1.21839
xc0.xcore.vss__t523                1.38425e-11
xc0.xcore.tail__t1                     1.21839
xc0.xcore.inp__t2                        2.805
xc0.xcore.outp__t34                    2.80065
xc0.xcore.vss__t586                1.39248e-11
xc0.xcore.ibias__t215                  1.26049
xc0.xcore.ibias__t3                    1.26323
xc0.xcore.vss__t2                  2.51858e-05
xc0.xcore.vss__t459                6.61835e-13
xc0.xcore.vss__t81                 2.49859e-05
xc0.xcore.ibias__t158                  1.26323
xc0.xcore.ibias__t216                  1.26052
xc0.xcore.vss__t448                6.56617e-13
xc0.xcore.ibias__t213                  1.26055
xc0.xcore.ibias__t171                  1.26323
xc0.xcore.vss__t190                2.47861e-05
xc0.xcore.vss__t449                6.51398e-13
xc0.xcore.vss__t83                 2.45863e-05
xc0.xcore.ibias__t163                  1.26323
xc0.xcore.ibias__t218                  1.26058
xc0.xcore.vss__t450                6.46178e-13
xc0.xcore.ibias__t212                  1.26061
xc0.xcore.ibias__t162                  1.26323
xc0.xcore.vss__t185                2.43865e-05
xc0.xcore.vss__t451                6.40958e-13
xc0.xcore.vss__t89                 2.41867e-05
xc0.xcore.ibias__t177                  1.26323
xc0.xcore.ibias__t219                  1.26064
xc0.xcore.vss__t452                6.35738e-13
xc0.xcore.ibias__t211                  1.26067
xc0.xcore.ibias__t160                  1.26323
xc0.xcore.vss__t183                2.39868e-05
xc0.xcore.vss__t453                6.30517e-13
xc0.xcore.vss__t82                  2.3787e-05
xc0.xcore.ibias__t159                  1.26323
xc0.xcore.ibias__t217                   1.2607
xc0.xcore.vss__t454                6.25295e-13
xc0.xcore.ibias__t214                  1.26073
xc0.xcore.ibias__t174                  1.26323
xc0.xcore.vss__t192                2.35872e-05
xc0.xcore.vss__t455                6.20074e-13
xc0.xcore.vss__t3                  2.33874e-05
xc0.xcore.ibias__t4                    1.26323
xc0.xcore.ibias__t210                  1.26076
xc0.xcore.vss__t457                6.14851e-13
xc0.xcore.outn__t52                        3.3
xc0.xcore.inn__t1                        1.815
xc0.xcore.tail__t3                     1.21828
xc0.xcore.vss__t461                1.44904e-12
xc0.xcore.tail__t62                    1.21828
xc0.xcore.inn__t58                       1.815
xc0.xcore.outn__t81                        3.3
xc0.xcore.vss__t524                1.46279e-12
xc0.xcore.outn__t49                        3.3
xc0.xcore.inn__t59                       1.815
xc0.xcore.tail__t124                   1.21828
xc0.xcore.vss__t525                1.47654e-12
xc0.xcore.tail__t63                    1.21828
xc0.xcore.inn__t60                       1.815
xc0.xcore.outn__t82                        3.3
xc0.xcore.vss__t526                1.49029e-12
xc0.xcore.outn__t50                        3.3
xc0.xcore.inn__t61                       1.815
xc0.xcore.tail__t125                   1.21828
xc0.xcore.vss__t527                1.50405e-12
xc0.xcore.tail__t64                    1.21828
xc0.xcore.inn__t62                       1.815
xc0.xcore.outn__t83                        3.3
xc0.xcore.vss__t528                 1.5178e-12
xc0.xcore.outn__t46                        3.3
xc0.xcore.inn__t52                       1.815
xc0.xcore.tail__t105                   1.21828
xc0.xcore.vss__t529                1.53155e-12
xc0.xcore.tail__t15                    1.21828
xc0.xcore.inn__t21                       1.815
xc0.xcore.outn__t63                        3.3
xc0.xcore.vss__t530                1.54531e-12
xc0.xcore.outn__t45                        3.3
xc0.xcore.inn__t51                       1.815
xc0.xcore.tail__t100                   1.21828
xc0.xcore.vss__t531                1.55906e-12
xc0.xcore.tail__t34                    1.21828
xc0.xcore.inn__t48                       1.815
xc0.xcore.outn__t76                        3.3
xc0.xcore.vss__t532                1.57281e-12
xc0.xcore.outn__t44                        3.3
xc0.xcore.inn__t50                       1.815
xc0.xcore.tail__t99                    1.21828
xc0.xcore.vss__t533                1.58657e-12
xc0.xcore.tail__t61                    1.21828
xc0.xcore.inn__t57                       1.815
xc0.xcore.outn__t80                        3.3
xc0.xcore.vss__t534                1.60032e-12
xc0.xcore.outn__t40                        3.3
xc0.xcore.inn__t42                       1.815
xc0.xcore.tail__t87                    1.21828
xc0.xcore.vss__t535                1.61408e-12
xc0.xcore.tail__t27                    1.21828
xc0.xcore.inn__t41                       1.815
xc0.xcore.outn__t73                        3.3
xc0.xcore.vss__t536                1.62783e-12
xc0.xcore.outn__t39                        3.3
xc0.xcore.inn__t40                       1.815
xc0.xcore.tail__t86                    1.21828
xc0.xcore.vss__t537                1.64159e-12
xc0.xcore.tail__t26                    1.21828
xc0.xcore.inn__t39                       1.815
xc0.xcore.outn__t72                        3.3
xc0.xcore.vss__t538                1.65534e-12
xc0.xcore.outn__t38                        3.3
xc0.xcore.inn__t38                       1.815
xc0.xcore.tail__t85                    1.21828
xc0.xcore.vss__t539                 1.6691e-12
xc0.xcore.tail__t25                    1.21828
xc0.xcore.inn__t37                       1.815
xc0.xcore.outn__t71                        3.3
xc0.xcore.vss__t540                1.68285e-12
xc0.xcore.outn__t47                        3.3
xc0.xcore.inn__t53                       1.815
xc0.xcore.tail__t109                   1.21828
xc0.xcore.vss__t541                1.69661e-12
xc0.xcore.tail__t52                    1.21828
xc0.xcore.inn__t55                       1.815
xc0.xcore.outn__t78                        3.3
xc0.xcore.vss__t542                1.71037e-12
xc0.xcore.outn__t48                        3.3
xc0.xcore.inn__t54                       1.815
xc0.xcore.tail__t117                   1.21828
xc0.xcore.vss__t543                1.72412e-12
xc0.xcore.tail__t39                    1.21828
xc0.xcore.inn__t49                       1.815
xc0.xcore.outn__t77                        3.3
xc0.xcore.vss__t544                1.73788e-12
xc0.xcore.outn__t41                        3.3
xc0.xcore.inn__t43                       1.815
xc0.xcore.tail__t89                    1.21828
xc0.xcore.vss__t545                1.75164e-12
xc0.xcore.tail__t29                    1.21828
xc0.xcore.inn__t47                       1.815
xc0.xcore.outn__t75                        3.3
xc0.xcore.vss__t546                 1.7654e-12
xc0.xcore.outn__t43                        3.3
xc0.xcore.inn__t46                       1.815
xc0.xcore.tail__t91                    1.21828
xc0.xcore.vss__t547                1.77916e-12
xc0.xcore.tail__t28                    1.21828
xc0.xcore.inn__t45                       1.815
xc0.xcore.outn__t74                        3.3
xc0.xcore.vss__t548                1.79291e-12
xc0.xcore.outn__t42                        3.3
xc0.xcore.inn__t44                       1.815
xc0.xcore.tail__t90                    1.21828
xc0.xcore.vss__t549                1.80667e-12
xc0.xcore.tail__t59                    1.21828
xc0.xcore.inn__t56                       1.815
xc0.xcore.outn__t79                        3.3
xc0.xcore.vss__t550                1.82043e-12
xc0.xcore.outn__t51                        3.3
xc0.xcore.inn__t63                       1.815
xc0.xcore.tail__t127                   1.21828
xc0.xcore.vss__t551                1.83419e-12
xc0.xcore.tail__t13                    1.21828
xc0.xcore.inn__t19                       1.815
xc0.xcore.outn__t62                        3.3
xc0.xcore.vss__t552                1.84795e-12
xc0.xcore.outn__t28                        3.3
xc0.xcore.inn__t18                       1.815
xc0.xcore.tail__t72                    1.21828
xc0.xcore.vss__t553                1.86171e-12
xc0.xcore.tail__t12                    1.21828
xc0.xcore.inn__t17                       1.815
xc0.xcore.outn__t61                        3.3
xc0.xcore.vss__t554                1.87547e-12
xc0.xcore.outn__t27                        3.3
xc0.xcore.inn__t16                       1.815
xc0.xcore.tail__t71                    1.21828
xc0.xcore.vss__t555                1.88923e-12
xc0.xcore.tail__t11                    1.21828
xc0.xcore.inn__t15                       1.815
xc0.xcore.outn__t60                        3.3
xc0.xcore.vss__t556                1.90299e-12
xc0.xcore.outn__t26                        3.3
xc0.xcore.inn__t14                       1.815
xc0.xcore.tail__t70                    1.21828
xc0.xcore.vss__t557                1.91675e-12
xc0.xcore.tail__t10                    1.21828
xc0.xcore.inn__t13                       1.815
xc0.xcore.outn__t59                        3.3
xc0.xcore.vss__t558                1.93051e-12
xc0.xcore.outn__t25                        3.3
xc0.xcore.inn__t12                       1.815
xc0.xcore.tail__t69                    1.21828
xc0.xcore.vss__t559                1.94427e-12
xc0.xcore.tail__t6                     1.21828
xc0.xcore.inn__t5                        1.815
xc0.xcore.outn__t55                        3.3
xc0.xcore.vss__t560                1.95803e-12
xc0.xcore.outn__t24                        3.3
xc0.xcore.inn__t11                       1.815
xc0.xcore.tail__t68                    1.21828
xc0.xcore.vss__t561                1.97179e-12
xc0.xcore.tail__t4                     1.21828
xc0.xcore.inn__t2                        1.815
xc0.xcore.outn__t53                        3.3
xc0.xcore.vss__t562                1.98555e-12
xc0.xcore.outn__t21                        3.3
xc0.xcore.inn__t3                        1.815
xc0.xcore.tail__t65                    1.21828
xc0.xcore.vss__t563                1.99931e-12
xc0.xcore.tail__t5                     1.21828
xc0.xcore.inn__t4                        1.815
xc0.xcore.outn__t54                        3.3
xc0.xcore.vss__t564                2.01307e-12
xc0.xcore.outn__t22                        3.3
xc0.xcore.inn__t6                        1.815
xc0.xcore.tail__t66                    1.21828
xc0.xcore.vss__t565                2.02683e-12
xc0.xcore.tail__t7                     1.21828
xc0.xcore.inn__t7                        1.815
xc0.xcore.outn__t56                        3.3
xc0.xcore.vss__t566                2.04059e-12
xc0.xcore.outn__t23                        3.3
xc0.xcore.inn__t8                        1.815
xc0.xcore.tail__t67                    1.21828
xc0.xcore.vss__t567                2.05435e-12
xc0.xcore.tail__t8                     1.21828
xc0.xcore.inn__t9                        1.815
xc0.xcore.outn__t57                        3.3
xc0.xcore.vss__t568                2.06812e-12
xc0.xcore.outn__t29                        3.3
xc0.xcore.inn__t20                       1.815
xc0.xcore.tail__t73                    1.21828
xc0.xcore.vss__t569                2.08188e-12
xc0.xcore.tail__t9                     1.21828
xc0.xcore.inn__t10                       1.815
xc0.xcore.outn__t58                        3.3
xc0.xcore.vss__t570                2.09564e-12
xc0.xcore.outn__t36                        3.3
xc0.xcore.inn__t35                       1.815
xc0.xcore.tail__t83                    1.21828
xc0.xcore.vss__t571                 2.1094e-12
xc0.xcore.tail__t24                    1.21828
xc0.xcore.inn__t34                       1.815
xc0.xcore.outn__t70                        3.3
xc0.xcore.vss__t572                2.12316e-12
xc0.xcore.outn__t35                        3.3
xc0.xcore.inn__t33                       1.815
xc0.xcore.tail__t82                    1.21828
xc0.xcore.vss__t573                2.13693e-12
xc0.xcore.tail__t23                    1.21828
xc0.xcore.inn__t32                       1.815
xc0.xcore.outn__t69                        3.3
xc0.xcore.vss__t574                2.15069e-12
xc0.xcore.outn__t34                        3.3
xc0.xcore.inn__t31                       1.815
xc0.xcore.tail__t81                    1.21828
xc0.xcore.vss__t575                2.16445e-12
xc0.xcore.tail__t22                    1.21828
xc0.xcore.inn__t30                       1.815
xc0.xcore.outn__t68                        3.3
xc0.xcore.vss__t576                2.17821e-12
xc0.xcore.outn__t33                        3.3
xc0.xcore.inn__t29                       1.815
xc0.xcore.tail__t80                    1.21828
xc0.xcore.vss__t577                2.19198e-12
xc0.xcore.tail__t21                    1.21828
xc0.xcore.inn__t28                       1.815
xc0.xcore.outn__t67                        3.3
xc0.xcore.vss__t578                2.20574e-12
xc0.xcore.outn__t32                        3.3
xc0.xcore.inn__t27                       1.815
xc0.xcore.tail__t79                    1.21828
xc0.xcore.vss__t579                 2.2195e-12
xc0.xcore.tail__t20                    1.21828
xc0.xcore.inn__t26                       1.815
xc0.xcore.outn__t66                        3.3
xc0.xcore.vss__t580                2.23327e-12
xc0.xcore.outn__t37                        3.3
xc0.xcore.inn__t36                       1.815
xc0.xcore.tail__t84                    1.21828
xc0.xcore.vss__t581                2.24703e-12
xc0.xcore.tail__t18                    1.21828
xc0.xcore.inn__t25                       1.815
xc0.xcore.outn__t65                        3.3
xc0.xcore.vss__t582                2.26079e-12
xc0.xcore.outn__t31                        3.3
xc0.xcore.inn__t24                       1.815
xc0.xcore.tail__t78                    1.21828
xc0.xcore.vss__t583                2.27456e-12
xc0.xcore.tail__t17                    1.21828
xc0.xcore.inn__t23                       1.815
xc0.xcore.outn__t64                        3.3
xc0.xcore.vss__t584                2.28832e-12
xc0.xcore.outn__t30                        3.3
xc0.xcore.inn__t22                       1.815
xc0.xcore.tail__t77                    1.21828
xc0.xcore.vss__t585                2.30208e-12
xc0.xcore.tail__t2                     1.21828
xc0.xcore.inn__t0                        1.815
xc0.xcore.outn__t20                        3.3
xc0.xcore.vss__t587                2.31585e-12
xc0.xcore.vss__t210                  2.608e-12
xc0.xcore.outp__t16                    2.80086
xc0.xcore.vss__t211                2.57734e-12
xc0.xcore.outp__t17                    2.80086
xc0.xcore.vss__t212                2.54671e-12
xc0.xcore.outp__t18                    2.80086
xc0.xcore.vss__t213                2.51611e-12
xc0.xcore.outp__t19                    2.80086
xc0.xcore.vss__t214                2.48553e-12
xc0.xcore.outp__t0                     2.80086
xc0.xcore.vss__t215                2.45498e-12
xc0.xcore.outp__t1                     2.80086
xc0.xcore.vss__t216                2.42446e-12
xc0.xcore.outp__t2                     2.80086
xc0.xcore.vss__t217                2.39397e-12
xc0.xcore.outp__t3                     2.80086
xc0.xcore.vss__t218                2.36351e-12
xc0.xcore.outp__t4                     2.80086
xc0.xcore.vss__t219                2.33308e-12
xc0.xcore.outp__t15                    2.80086
xc0.xcore.vss__t220                2.30269e-12
xc0.xcore.outp__t6                     2.80086
xc0.xcore.vss__t221                2.27233e-12
xc0.xcore.outp__t7                     2.80086
xc0.xcore.vss__t222                  2.242e-12
xc0.xcore.outp__t8                     2.80086
xc0.xcore.vss__t223                2.21171e-12
xc0.xcore.outp__t9                     2.80086
xc0.xcore.vss__t224                2.18147e-12
xc0.xcore.outp__t10                    2.80086
xc0.xcore.vss__t225                2.15126e-12
xc0.xcore.outp__t11                    2.80086
xc0.xcore.vss__t226                 2.1211e-12
xc0.xcore.outp__t12                    2.80086
xc0.xcore.vss__t227                2.09098e-12
xc0.xcore.outp__t13                    2.80086
xc0.xcore.vss__t228                 2.0609e-12
xc0.xcore.outp__t14                    2.80086
xc0.xcore.vss__t229                2.03088e-12
xc0.xcore.outp__t5                     2.80086
xc0.xcore.vss__t230                2.18457e-12
xc0.xcore.outn__t0                         3.3
xc0.xcore.vss__t231                2.21955e-12
xc0.xcore.outn__t5                         3.3
xc0.xcore.vss__t232                 2.2546e-12
xc0.xcore.outn__t6                         3.3
xc0.xcore.vss__t233                2.28973e-12
xc0.xcore.outn__t7                         3.3
xc0.xcore.vss__t234                2.32492e-12
xc0.xcore.outn__t8                         3.3
xc0.xcore.vss__t235                2.36018e-12
xc0.xcore.outn__t9                         3.3
xc0.xcore.vss__t236                2.39551e-12
xc0.xcore.outn__t10                        3.3
xc0.xcore.vss__t237                2.43089e-12
xc0.xcore.outn__t11                        3.3
xc0.xcore.vss__t238                2.46632e-12
xc0.xcore.outn__t12                        3.3
xc0.xcore.vss__t239                2.50182e-12
xc0.xcore.outn__t13                        3.3
xc0.xcore.vss__t240                2.53736e-12
xc0.xcore.outn__t14                        3.3
xc0.xcore.vss__t241                2.57295e-12
xc0.xcore.outn__t15                        3.3
xc0.xcore.vss__t242                2.60859e-12
xc0.xcore.outn__t16                        3.3
xc0.xcore.vss__t243                2.64428e-12
xc0.xcore.outn__t17                        3.3
xc0.xcore.vss__t244                2.68001e-12
xc0.xcore.outn__t19                        3.3
xc0.xcore.vss__t245                2.71579e-12
xc0.xcore.outn__t18                        3.3
xc0.xcore.vss__t246                 2.7516e-12
xc0.xcore.outn__t1                         3.3
xc0.xcore.vss__t247                2.78746e-12
xc0.xcore.outn__t2                         3.3
xc0.xcore.vss__t248                2.82335e-12
xc0.xcore.outn__t3                         3.3
xc0.xcore.vss__t249                2.85928e-12
xc0.xcore.outn__t4                         3.3
ib_c0                                  1.26323
xc0.xcore.vsubs                              0
outn_c0                                    3.3
outp_c0                                2.80086
xc0.tail                               1.21828
vd_c0                                 0.499136
xc1.xcore.tail__t186                   1.21827
xc1.xcore.ibias__t118                  1.26323
xc1.xcore.vss__t163                5.28882e-06
xc1.xcore.vss__t349                1.31026e-13
xc1.xcore.vss__t60                  5.0942e-06
xc1.xcore.ibias__t117                  1.26323
xc1.xcore.tail__t286                   1.21827
xc1.xcore.vss__t350                1.26205e-13
xc1.xcore.tail__t197                   1.21827
xc1.xcore.ibias__t140                  1.26323
xc1.xcore.vss__t174                4.89999e-06
xc1.xcore.vss__t351                1.21393e-13
xc1.xcore.vss__t68                 4.70623e-06
xc1.xcore.ibias__t133                  1.26323
xc1.xcore.tail__t294                   1.21827
xc1.xcore.vss__t352                1.16593e-13
xc1.xcore.tail__t193                   1.21827
xc1.xcore.ibias__t132                  1.26323
xc1.xcore.vss__t170                4.51298e-06
xc1.xcore.vss__t353                1.11805e-13
xc1.xcore.vss__t67                 4.32032e-06
xc1.xcore.ibias__t131                  1.26323
xc1.xcore.tail__t293                   1.21827
xc1.xcore.vss__t354                1.07032e-13
xc1.xcore.tail__t192                   1.21827
xc1.xcore.ibias__t130                  1.26323
xc1.xcore.vss__t169                4.12833e-06
xc1.xcore.vss__t355                1.02275e-13
xc1.xcore.vss__t74                  3.9371e-06
xc1.xcore.ibias__t145                  1.26323
xc1.xcore.tail__t300                   1.21827
xc1.xcore.vss__t356                9.75378e-14
xc1.xcore.tail__t191                   1.21827
xc1.xcore.ibias__t128                  1.26323
xc1.xcore.vss__t168                3.74675e-06
xc1.xcore.vss__t357                 9.2822e-14
xc1.xcore.vss__t65                 3.55742e-06
xc1.xcore.ibias__t127                  1.26323
xc1.xcore.tail__t291                   1.21827
xc1.xcore.vss__t358                8.81315e-14
xc1.xcore.tail__t190                   1.21827
xc1.xcore.ibias__t126                  1.26323
xc1.xcore.vss__t167                3.36928e-06
xc1.xcore.vss__t359                8.34705e-14
xc1.xcore.vss__t64                 3.18255e-06
xc1.xcore.ibias__t125                  1.26323
xc1.xcore.tail__t290                   1.21827
xc1.xcore.vss__t360                7.88444e-14
xc1.xcore.tail__t189                   1.21827
xc1.xcore.ibias__t124                  1.26323
xc1.xcore.vss__t166                2.99749e-06
xc1.xcore.vss__t361                7.42597e-14
xc1.xcore.vss__t63                 2.81443e-06
xc1.xcore.ibias__t123                  1.26323
xc1.xcore.tail__t289                   1.21827
xc1.xcore.vss__t362                6.97244e-14
xc1.xcore.tail__t188                   1.21827
xc1.xcore.ibias__t122                  1.26323
xc1.xcore.vss__t165                2.63378e-06
xc1.xcore.vss__t363                 6.5249e-14
xc1.xcore.vss__t62                 2.45608e-06
xc1.xcore.ibias__t121                  1.26323
xc1.xcore.tail__t288                   1.21827
xc1.xcore.vss__t364                6.08466e-14
xc1.xcore.tail__t187                   1.21827
xc1.xcore.ibias__t120                  1.26323
xc1.xcore.vss__t164                2.28201e-06
xc1.xcore.vss__t365                5.65343e-14
xc1.xcore.vss__t26                 2.11248e-06
xc1.xcore.ibias__t0                    1.26323
xc1.xcore.tail__t252                   1.21827
xc1.xcore.vss__t366                5.23343e-14
xc1.xcore.tail__t175                   1.21827
xc1.xcore.ibias__t97                   1.26323
xc1.xcore.vss__t152                1.94867e-06
xc1.xcore.vss__t367                4.82761e-14
xc1.xcore.vss__t42                 1.79215e-06
xc1.xcore.ibias__t78                   1.26323
xc1.xcore.tail__t268                   1.21827
xc1.xcore.vss__t368                4.43984e-14
xc1.xcore.tail__t164                   1.21827
xc1.xcore.ibias__t77                   1.26323
xc1.xcore.vss__t141                  1.645e-06
xc1.xcore.vss__t369                4.07529e-14
xc1.xcore.vss__t37                 1.50996e-06
xc1.xcore.ibias__t70                   1.26323
xc1.xcore.tail__t263                   1.21827
xc1.xcore.vss__t370                3.74075e-14
xc1.xcore.tail__t167                   1.21827
xc1.xcore.ibias__t82                   1.26323
xc1.xcore.vss__t144                1.39057e-06
xc1.xcore.vss__t371                3.44497e-14
xc1.xcore.vss__t39                 1.29118e-06
xc1.xcore.ibias__t72                   1.26323
xc1.xcore.tail__t265                   1.21827
xc1.xcore.vss__t372                3.19873e-14
xc1.xcore.tail__t162                   1.21827
xc1.xcore.ibias__t73                   1.26323
xc1.xcore.vss__t139                1.21669e-06
xc1.xcore.vss__t373                3.01419e-14
xc1.xcore.vss__t40                 1.17186e-06
xc1.xcore.ibias__t74                   1.26323
xc1.xcore.tail__t266                   1.21828
xc1.xcore.vss__t374                2.90313e-14
xc1.xcore.tail__t163                   1.21828
xc1.xcore.ibias__t75                   1.26323
xc1.xcore.vss__t140                1.16014e-06
xc1.xcore.vss__t375                 2.8741e-14
xc1.xcore.vss__t41                 1.18251e-06
xc1.xcore.ibias__t76                   1.26323
xc1.xcore.tail__t267                   1.21828
xc1.xcore.vss__t376                2.92953e-14
xc1.xcore.tail__t129                   1.21828
xc1.xcore.ibias__t9                    1.26323
xc1.xcore.vss__t107                1.23713e-06
xc1.xcore.vss__t377                3.06484e-14
xc1.xcore.vss__t6                  1.31999e-06
xc1.xcore.ibias__t8                    1.26323
xc1.xcore.tail__t232                   1.21828
xc1.xcore.vss__t378                3.27013e-14
xc1.xcore.tail__t128                   1.21828
xc1.xcore.ibias__t7                    1.26323
xc1.xcore.vss__t106                1.42619e-06
xc1.xcore.vss__t379                3.53323e-14
xc1.xcore.vss__t5                  1.55094e-06
xc1.xcore.ibias__t6                    1.26323
xc1.xcore.tail__t231                   1.21828
xc1.xcore.vss__t380                3.84227e-14
xc1.xcore.tail__t141                   1.21828
xc1.xcore.ibias__t31                   1.26323
xc1.xcore.vss__t119                1.69013e-06
xc1.xcore.vss__t381                 4.1871e-14
xc1.xcore.vss__t4                  1.84049e-06
xc1.xcore.ibias__t5                    1.26323
xc1.xcore.tail__t230                   1.21828
xc1.xcore.vss__t382                4.55961e-14
xc1.xcore.tail__t158                   1.21828
xc1.xcore.ibias__t62                   1.26323
xc1.xcore.vss__t135                 1.9995e-06
xc1.xcore.vss__t383                4.95355e-14
xc1.xcore.vss__t33                 2.16526e-06
xc1.xcore.ibias__t63                   1.26323
xc1.xcore.tail__t259                   1.21828
xc1.xcore.vss__t384                5.36421e-14
xc1.xcore.tail__t159                   1.21828
xc1.xcore.ibias__t64                   1.26323
xc1.xcore.vss__t136                2.33633e-06
xc1.xcore.vss__t385                5.78802e-14
xc1.xcore.vss__t34                 2.51162e-06
xc1.xcore.ibias__t65                   1.26323
xc1.xcore.tail__t260                   1.21828
xc1.xcore.vss__t386                6.22231e-14
xc1.xcore.tail__t160                   1.21828
xc1.xcore.ibias__t66                   1.26323
xc1.xcore.vss__t137                2.69032e-06
xc1.xcore.vss__t387                6.66502e-14
xc1.xcore.vss__t35                 2.87177e-06
xc1.xcore.ibias__t67                   1.26323
xc1.xcore.tail__t261                   1.21828
xc1.xcore.vss__t388                7.11458e-14
xc1.xcore.tail__t161                   1.21828
xc1.xcore.ibias__t68                   1.26323
xc1.xcore.vss__t138                3.05551e-06
xc1.xcore.vss__t389                7.56977e-14
xc1.xcore.vss__t36                 3.24113e-06
xc1.xcore.ibias__t69                   1.26323
xc1.xcore.tail__t262                   1.21828
xc1.xcore.vss__t390                8.02964e-14
xc1.xcore.tail__t130                   1.21828
xc1.xcore.ibias__t10                   1.26323
xc1.xcore.vss__t108                3.42832e-06
xc1.xcore.vss__t391                8.49342e-14
xc1.xcore.vss__t13                 3.61685e-06
xc1.xcore.ibias__t23                   1.26323
xc1.xcore.tail__t239                   1.21828
xc1.xcore.vss__t392                8.96051e-14
xc1.xcore.tail__t137                   1.21828
xc1.xcore.ibias__t24                   1.26323
xc1.xcore.vss__t115                3.80652e-06
xc1.xcore.vss__t393                9.43041e-14
xc1.xcore.vss__t14                 3.99716e-06
xc1.xcore.ibias__t25                   1.26323
xc1.xcore.tail__t240                   1.21828
xc1.xcore.vss__t394                9.90273e-14
xc1.xcore.tail__t138                   1.21828
xc1.xcore.ibias__t26                   1.26323
xc1.xcore.vss__t116                4.18865e-06
xc1.xcore.vss__t395                1.03771e-13
xc1.xcore.vss__t15                 4.38086e-06
xc1.xcore.ibias__t27                   1.26323
xc1.xcore.tail__t241                   1.21828
xc1.xcore.vss__t396                1.08534e-13
xc1.xcore.tail__t139                   1.21828
xc1.xcore.ibias__t28                   1.26323
xc1.xcore.vss__t117                4.57371e-06
xc1.xcore.vss__t397                1.13312e-13
xc1.xcore.vss__t16                 4.76712e-06
xc1.xcore.ibias__t29                   1.26323
xc1.xcore.tail__t242                   1.21828
xc1.xcore.vss__t398                1.18103e-13
xc1.xcore.tail__t140                   1.21828
xc1.xcore.ibias__t30                   1.26323
xc1.xcore.vss__t118                4.96103e-06
xc1.xcore.vss__t399                1.22908e-13
xc1.xcore.vss__t21                 5.15538e-06
xc1.xcore.ibias__t41                   1.26323
xc1.xcore.tail__t247                   1.21828
xc1.xcore.vss__t400                1.27723e-13
xc1.xcore.tail__t142                   1.21828
xc1.xcore.ibias__t32                   1.26323
xc1.xcore.vss__t120                5.35012e-06
xc1.xcore.vss__t401                1.32547e-13
xc1.xcore.vss__t17                 5.54521e-06
xc1.xcore.ibias__t33                   1.26323
xc1.xcore.tail__t243                   1.21828
xc1.xcore.vss__t402                1.37381e-13
xc1.xcore.tail__t143                   1.21828
xc1.xcore.ibias__t34                   1.26323
xc1.xcore.vss__t121                5.74061e-06
xc1.xcore.vss__t403                1.42222e-13
xc1.xcore.vss__t18                  5.9363e-06
xc1.xcore.ibias__t35                   1.26323
xc1.xcore.tail__t244                   1.21828
xc1.xcore.vss__t404                 1.4707e-13
xc1.xcore.tail__t144                   1.21828
xc1.xcore.ibias__t36                   1.26323
xc1.xcore.vss__t122                6.13224e-06
xc1.xcore.vss__t405                1.51925e-13
xc1.xcore.vss__t19                 6.32842e-06
xc1.xcore.ibias__t37                   1.26323
xc1.xcore.tail__t245                   1.21828
xc1.xcore.vss__t406                1.56785e-13
xc1.xcore.tail__t145                   1.21828
xc1.xcore.ibias__t38                   1.26323
xc1.xcore.vss__t123                 6.5248e-06
xc1.xcore.vss__t407                1.61651e-13
xc1.xcore.vss__t20                 6.72138e-06
xc1.xcore.ibias__t39                   1.26323
xc1.xcore.tail__t246                   1.21828
xc1.xcore.vss__t408                1.66521e-13
xc1.xcore.tail__t146                   1.21828
xc1.xcore.ibias__t40                   1.26323
xc1.xcore.vss__t124                6.91814e-06
xc1.xcore.vss__t409                1.71396e-13
xc1.xcore.vss__t8                  7.11505e-06
xc1.xcore.ibias__t12                   1.26323
xc1.xcore.tail__t234                   1.21828
xc1.xcore.vss__t410                1.76274e-13
xc1.xcore.tail__t135                   1.21828
xc1.xcore.ibias__t21                   1.26323
xc1.xcore.vss__t113                7.31212e-06
xc1.xcore.vss__t411                1.81157e-13
xc1.xcore.vss__t9                  7.50932e-06
xc1.xcore.ibias__t13                   1.26323
xc1.xcore.tail__t235                   1.21828
xc1.xcore.vss__t412                1.86043e-13
xc1.xcore.tail__t131                   1.21828
xc1.xcore.ibias__t14                   1.26323
xc1.xcore.vss__t109                7.70665e-06
xc1.xcore.vss__t413                1.90932e-13
xc1.xcore.vss__t10                 7.90409e-06
xc1.xcore.ibias__t15                   1.26323
xc1.xcore.tail__t236                   1.21828
xc1.xcore.vss__t414                1.95824e-13
xc1.xcore.tail__t134                   1.21828
xc1.xcore.ibias__t20                   1.26323
xc1.xcore.vss__t112                8.10165e-06
xc1.xcore.vss__t415                2.00718e-13
xc1.xcore.vss__t12                  8.2993e-06
xc1.xcore.ibias__t19                   1.26323
xc1.xcore.tail__t238                   1.21828
xc1.xcore.vss__t416                2.05615e-13
xc1.xcore.tail__t133                   1.21828
xc1.xcore.ibias__t18                   1.26323
xc1.xcore.vss__t111                8.49705e-06
xc1.xcore.vss__t417                2.10515e-13
xc1.xcore.vss__t11                 8.69488e-06
xc1.xcore.ibias__t17                   1.26323
xc1.xcore.tail__t237                   1.21828
xc1.xcore.vss__t418                2.15416e-13
xc1.xcore.tail__t132                   1.21828
xc1.xcore.ibias__t16                   1.26323
xc1.xcore.vss__t110                 8.8928e-06
xc1.xcore.vss__t419                 2.2032e-13
xc1.xcore.vss__t7                  9.09079e-06
xc1.xcore.ibias__t11                   1.26323
xc1.xcore.tail__t233                   1.21828
xc1.xcore.vss__t420                2.25225e-13
xc1.xcore.tail__t136                   1.21828
xc1.xcore.ibias__t22                   1.26323
xc1.xcore.vss__t114                9.28885e-06
xc1.xcore.vss__t421                2.30132e-13
xc1.xcore.vss__t23                 9.48698e-06
xc1.xcore.ibias__t45                   1.26323
xc1.xcore.tail__t249                   1.21828
xc1.xcore.vss__t422                2.35041e-13
xc1.xcore.tail__t150                   1.21828
xc1.xcore.ibias__t46                   1.26323
xc1.xcore.vss__t127                9.68517e-06
xc1.xcore.vss__t423                2.39952e-13
xc1.xcore.vss__t24                 9.88342e-06
xc1.xcore.ibias__t47                   1.26323
xc1.xcore.tail__t250                   1.21828
xc1.xcore.vss__t424                2.44864e-13
xc1.xcore.tail__t151                   1.21827
xc1.xcore.ibias__t48                   1.26323
xc1.xcore.vss__t128                1.00817e-05
xc1.xcore.vss__t425                2.49777e-13
xc1.xcore.vss__t25                 1.02801e-05
xc1.xcore.ibias__t49                   1.26323
xc1.xcore.tail__t251                   1.21827
xc1.xcore.vss__t426                2.54691e-13
xc1.xcore.tail__t152                   1.21827
xc1.xcore.ibias__t50                   1.26323
xc1.xcore.vss__t129                1.04785e-05
xc1.xcore.vss__t427                2.59607e-13
xc1.xcore.vss__t32                 1.06769e-05
xc1.xcore.ibias__t61                   1.26323
xc1.xcore.tail__t258                   1.21827
xc1.xcore.vss__t428                2.64524e-13
xc1.xcore.tail__t153                   1.21827
xc1.xcore.ibias__t51                   1.26323
xc1.xcore.vss__t130                1.08754e-05
xc1.xcore.vss__t429                2.69442e-13
xc1.xcore.vss__t27                  1.1074e-05
xc1.xcore.ibias__t52                   1.26323
xc1.xcore.tail__t253                   1.21827
xc1.xcore.vss__t430                2.74361e-13
xc1.xcore.tail__t154                   1.21827
xc1.xcore.ibias__t53                   1.26323
xc1.xcore.vss__t131                1.12725e-05
xc1.xcore.vss__t431                2.79281e-13
xc1.xcore.vss__t28                 1.14712e-05
xc1.xcore.ibias__t54                   1.26323
xc1.xcore.tail__t254                   1.21827
xc1.xcore.vss__t432                2.84202e-13
xc1.xcore.tail__t155                   1.21827
xc1.xcore.ibias__t55                   1.26323
xc1.xcore.vss__t132                1.16698e-05
xc1.xcore.vss__t433                2.89124e-13
xc1.xcore.vss__t29                 1.18685e-05
xc1.xcore.ibias__t56                   1.26323
xc1.xcore.tail__t255                   1.21827
xc1.xcore.vss__t434                2.94047e-13
xc1.xcore.tail__t156                   1.21827
xc1.xcore.ibias__t57                   1.26323
xc1.xcore.vss__t133                1.20672e-05
xc1.xcore.vss__t435                 2.9897e-13
xc1.xcore.vss__t30                 1.22659e-05
xc1.xcore.ibias__t58                   1.26323
xc1.xcore.tail__t256                   1.21827
xc1.xcore.vss__t436                3.03894e-13
xc1.xcore.tail__t157                   1.21827
xc1.xcore.ibias__t59                   1.26323
xc1.xcore.vss__t134                1.24647e-05
xc1.xcore.vss__t437                3.08819e-13
xc1.xcore.vss__t31                 1.26635e-05
xc1.xcore.ibias__t60                   1.26323
xc1.xcore.tail__t257                   1.21827
xc1.xcore.vss__t438                3.13745e-13
xc1.xcore.tail__t211                   1.21827
xc1.xcore.ibias__t176                  1.26323
xc1.xcore.vss__t193                1.28623e-05
xc1.xcore.vss__t439                3.18671e-13
xc1.xcore.vss__t88                 1.30612e-05
xc1.xcore.ibias__t175                  1.26323
xc1.xcore.tail__t311                   1.21827
xc1.xcore.vss__t440                3.23598e-13
xc1.xcore.tail__t165                   1.21827
xc1.xcore.ibias__t79                   1.26323
xc1.xcore.vss__t142                  1.326e-05
xc1.xcore.vss__t441                3.28525e-13
xc1.xcore.vss__t43                 1.34589e-05
xc1.xcore.ibias__t80                   1.26323
xc1.xcore.tail__t269                   1.21827
xc1.xcore.vss__t442                3.33453e-13
xc1.xcore.tail__t166                   1.21827
xc1.xcore.ibias__t81                   1.26323
xc1.xcore.vss__t143                1.36579e-05
xc1.xcore.vss__t443                3.38382e-13
xc1.xcore.vss__t38                 1.38568e-05
xc1.xcore.ibias__t71                   1.26323
xc1.xcore.tail__t264                   1.21827
xc1.xcore.vss__t444                3.43311e-13
xc1.xcore.tail__t147                   1.21827
xc1.xcore.ibias__t42                   1.26323
xc1.xcore.vss__t125                1.40557e-05
xc1.xcore.vss__t445                3.48241e-13
xc1.xcore.vss__t22                 1.42547e-05
xc1.xcore.ibias__t43                   1.26323
xc1.xcore.tail__t248                   1.21827
xc1.xcore.vss__t446                3.53171e-13
xc1.xcore.tail__t148                   1.21827
xc1.xcore.ibias__t44                   1.26323
xc1.xcore.vss__t126                1.44537e-05
xc1.xcore.vss__t447                3.58101e-13
xc1.xcore.vss__t0                  1.46527e-05
xc1.xcore.ibias__t1                    1.26323
xc1.xcore.tail__t149                   1.21827
xc1.xcore.vss__t456                3.63032e-13
xc1.xcore.tail__t229                   1.21823
xc1.xcore.ibias__t2                    1.26323
xc1.xcore.vss__t1                  2.51512e-05
xc1.xcore.vss__t458                6.23159e-13
xc1.xcore.vss__t189                2.49518e-05
xc1.xcore.ibias__t170                  1.26323
xc1.xcore.tail__t228                   1.21823
xc1.xcore.vss__t250                6.18218e-13
xc1.xcore.tail__t209                   1.21823
xc1.xcore.ibias__t169                  1.26323
xc1.xcore.vss__t188                2.47524e-05
xc1.xcore.vss__t251                6.13277e-13
xc1.xcore.vss__t86                  2.4553e-05
xc1.xcore.ibias__t168                  1.26323
xc1.xcore.tail__t309                   1.21824
xc1.xcore.vss__t252                6.08336e-13
xc1.xcore.tail__t208                   1.21824
xc1.xcore.ibias__t167                  1.26323
xc1.xcore.vss__t187                2.43536e-05
xc1.xcore.vss__t253                6.03395e-13
xc1.xcore.vss__t85                 2.41542e-05
xc1.xcore.ibias__t166                  1.26323
xc1.xcore.tail__t308                   1.21824
xc1.xcore.vss__t254                5.98454e-13
xc1.xcore.tail__t207                   1.21824
xc1.xcore.ibias__t165                  1.26323
xc1.xcore.vss__t186                2.39548e-05
xc1.xcore.vss__t255                5.93514e-13
xc1.xcore.vss__t84                 2.37554e-05
xc1.xcore.ibias__t164                  1.26323
xc1.xcore.tail__t307                   1.21824
xc1.xcore.vss__t256                5.88573e-13
xc1.xcore.tail__t210                   1.21824
xc1.xcore.ibias__t173                  1.26323
xc1.xcore.vss__t191                2.35561e-05
xc1.xcore.vss__t257                5.83633e-13
xc1.xcore.vss__t87                 2.33567e-05
xc1.xcore.ibias__t172                  1.26323
xc1.xcore.tail__t310                   1.21824
xc1.xcore.vss__t258                5.78692e-13
xc1.xcore.tail__t219                   1.21824
xc1.xcore.ibias__t195                  1.26323
xc1.xcore.vss__t201                2.31573e-05
xc1.xcore.vss__t259                5.73752e-13
xc1.xcore.vss__t99                 2.29579e-05
xc1.xcore.ibias__t194                  1.26323
xc1.xcore.tail__t321                   1.21824
xc1.xcore.vss__t260                5.68812e-13
xc1.xcore.tail__t227                   1.21824
xc1.xcore.ibias__t209                  1.26323
xc1.xcore.vss__t209                2.27586e-05
xc1.xcore.vss__t261                5.63871e-13
xc1.xcore.vss__t97                 2.25592e-05
xc1.xcore.ibias__t192                  1.26323
xc1.xcore.tail__t319                   1.21824
xc1.xcore.vss__t262                5.58931e-13
xc1.xcore.tail__t218                   1.21824
xc1.xcore.ibias__t191                  1.26323
xc1.xcore.vss__t200                2.23598e-05
xc1.xcore.vss__t263                5.53991e-13
xc1.xcore.vss__t96                 2.21605e-05
xc1.xcore.ibias__t190                  1.26323
xc1.xcore.tail__t318                   1.21824
xc1.xcore.vss__t264                5.49052e-13
xc1.xcore.tail__t217                   1.21824
xc1.xcore.ibias__t189                  1.26323
xc1.xcore.vss__t199                2.19611e-05
xc1.xcore.vss__t265                5.44112e-13
xc1.xcore.vss__t95                 2.17618e-05
xc1.xcore.ibias__t188                  1.26323
xc1.xcore.tail__t317                   1.21824
xc1.xcore.vss__t266                5.39172e-13
xc1.xcore.tail__t216                   1.21824
xc1.xcore.ibias__t187                  1.26323
xc1.xcore.vss__t198                2.15624e-05
xc1.xcore.vss__t267                5.34233e-13
xc1.xcore.vss__t94                 2.13631e-05
xc1.xcore.ibias__t186                  1.26323
xc1.xcore.tail__t316                   1.21824
xc1.xcore.vss__t268                5.29294e-13
xc1.xcore.tail__t215                   1.21824
xc1.xcore.ibias__t185                  1.26323
xc1.xcore.vss__t197                2.11638e-05
xc1.xcore.vss__t269                5.24355e-13
xc1.xcore.vss__t93                 2.09644e-05
xc1.xcore.ibias__t184                  1.26323
xc1.xcore.tail__t315                   1.21824
xc1.xcore.vss__t270                5.19416e-13
xc1.xcore.tail__t214                   1.21824
xc1.xcore.ibias__t183                  1.26323
xc1.xcore.vss__t196                2.07651e-05
xc1.xcore.vss__t271                5.14477e-13
xc1.xcore.vss__t92                 2.05658e-05
xc1.xcore.ibias__t182                  1.26323
xc1.xcore.tail__t314                   1.21824
xc1.xcore.vss__t272                5.09538e-13
xc1.xcore.tail__t213                   1.21824
xc1.xcore.ibias__t181                  1.26323
xc1.xcore.vss__t195                2.03665e-05
xc1.xcore.vss__t273                5.04599e-13
xc1.xcore.vss__t91                 2.01672e-05
xc1.xcore.ibias__t180                  1.26323
xc1.xcore.tail__t313                   1.21824
xc1.xcore.vss__t274                4.99661e-13
xc1.xcore.tail__t212                   1.21824
xc1.xcore.ibias__t179                  1.26323
xc1.xcore.vss__t194                1.99679e-05
xc1.xcore.vss__t275                4.94723e-13
xc1.xcore.vss__t90                 1.97686e-05
xc1.xcore.ibias__t178                  1.26323
xc1.xcore.tail__t312                   1.21824
xc1.xcore.vss__t276                4.89785e-13
xc1.xcore.tail__t206                   1.21824
xc1.xcore.ibias__t161                  1.26323
xc1.xcore.vss__t184                1.95693e-05
xc1.xcore.vss__t277                4.84847e-13
xc1.xcore.vss__t57                   1.937e-05
xc1.xcore.ibias__t112                  1.26323
xc1.xcore.tail__t283                   1.21824
xc1.xcore.vss__t278                4.79909e-13
xc1.xcore.tail__t183                   1.21824
xc1.xcore.ibias__t111                  1.26323
xc1.xcore.vss__t160                1.91708e-05
xc1.xcore.vss__t279                4.74971e-13
xc1.xcore.vss__t56                 1.89715e-05
xc1.xcore.ibias__t110                  1.26323
xc1.xcore.tail__t282                   1.21824
xc1.xcore.vss__t280                4.70034e-13
xc1.xcore.tail__t182                   1.21824
xc1.xcore.ibias__t109                  1.26323
xc1.xcore.vss__t159                1.87722e-05
xc1.xcore.vss__t281                4.65097e-13
xc1.xcore.vss__t55                  1.8573e-05
xc1.xcore.ibias__t108                  1.26323
xc1.xcore.tail__t281                   1.21825
xc1.xcore.vss__t282                 4.6016e-13
xc1.xcore.tail__t181                   1.21825
xc1.xcore.ibias__t107                  1.26323
xc1.xcore.vss__t158                1.83738e-05
xc1.xcore.vss__t283                4.55223e-13
xc1.xcore.vss__t54                 1.81745e-05
xc1.xcore.ibias__t106                  1.26323
xc1.xcore.tail__t280                   1.21825
xc1.xcore.vss__t284                4.50286e-13
xc1.xcore.tail__t180                   1.21825
xc1.xcore.ibias__t105                  1.26323
xc1.xcore.vss__t157                1.79753e-05
xc1.xcore.vss__t285                 4.4535e-13
xc1.xcore.vss__t53                 1.77761e-05
xc1.xcore.ibias__t104                  1.26323
xc1.xcore.tail__t279                   1.21825
xc1.xcore.vss__t286                4.40414e-13
xc1.xcore.tail__t205                   1.21825
xc1.xcore.ibias__t156                  1.26323
xc1.xcore.vss__t182                1.75769e-05
xc1.xcore.vss__t287                4.35478e-13
xc1.xcore.vss__t79                 1.73777e-05
xc1.xcore.ibias__t155                  1.26323
xc1.xcore.tail__t305                   1.21825
xc1.xcore.vss__t288                4.30542e-13
xc1.xcore.tail__t204                   1.21825
xc1.xcore.ibias__t154                  1.26323
xc1.xcore.vss__t181                1.71785e-05
xc1.xcore.vss__t289                4.25607e-13
xc1.xcore.vss__t78                 1.69793e-05
xc1.xcore.ibias__t153                  1.26323
xc1.xcore.tail__t304                   1.21825
xc1.xcore.vss__t290                4.20672e-13
xc1.xcore.tail__t203                   1.21825
xc1.xcore.ibias__t152                  1.26323
xc1.xcore.vss__t180                1.67801e-05
xc1.xcore.vss__t291                4.15737e-13
xc1.xcore.vss__t77                  1.6581e-05
xc1.xcore.ibias__t151                  1.26323
xc1.xcore.tail__t303                   1.21825
xc1.xcore.vss__t292                4.10802e-13
xc1.xcore.tail__t202                   1.21825
xc1.xcore.ibias__t150                  1.26323
xc1.xcore.vss__t179                1.63818e-05
xc1.xcore.vss__t293                4.05868e-13
xc1.xcore.vss__t76                 1.61827e-05
xc1.xcore.ibias__t149                  1.26323
xc1.xcore.tail__t302                   1.21825
xc1.xcore.vss__t294                4.00934e-13
xc1.xcore.tail__t201                   1.21825
xc1.xcore.ibias__t148                  1.26323
xc1.xcore.vss__t178                1.59836e-05
xc1.xcore.vss__t295                   3.96e-13
xc1.xcore.vss__t75                 1.57845e-05
xc1.xcore.ibias__t147                  1.26323
xc1.xcore.tail__t301                   1.21825
xc1.xcore.vss__t296                3.91067e-13
xc1.xcore.tail__t200                   1.21825
xc1.xcore.ibias__t146                  1.26323
xc1.xcore.vss__t177                1.55854e-05
xc1.xcore.vss__t297                3.86134e-13
xc1.xcore.vss__t98                 1.53863e-05
xc1.xcore.ibias__t193                  1.26323
xc1.xcore.tail__t320                   1.21825
xc1.xcore.vss__t298                3.81201e-13
xc1.xcore.tail__t226                   1.21825
xc1.xcore.ibias__t208                  1.26323
xc1.xcore.vss__t208                1.51872e-05
xc1.xcore.vss__t299                3.76269e-13
xc1.xcore.vss__t105                1.49882e-05
xc1.xcore.ibias__t207                  1.26323
xc1.xcore.tail__t327                   1.21825
xc1.xcore.vss__t300                3.71337e-13
xc1.xcore.tail__t225                   1.21825
xc1.xcore.ibias__t206                  1.26323
xc1.xcore.vss__t207                1.47891e-05
xc1.xcore.vss__t301                3.66405e-13
xc1.xcore.vss__t104                1.45901e-05
xc1.xcore.ibias__t205                  1.26323
xc1.xcore.tail__t326                   1.21825
xc1.xcore.vss__t302                3.61474e-13
xc1.xcore.tail__t224                   1.21825
xc1.xcore.ibias__t204                  1.26323
xc1.xcore.vss__t206                1.43911e-05
xc1.xcore.vss__t303                3.56543e-13
xc1.xcore.vss__t103                1.41921e-05
xc1.xcore.ibias__t203                  1.26323
xc1.xcore.tail__t325                   1.21825
xc1.xcore.vss__t304                3.51613e-13
xc1.xcore.tail__t223                   1.21825
xc1.xcore.ibias__t202                  1.26323
xc1.xcore.vss__t205                1.39932e-05
xc1.xcore.vss__t305                3.46683e-13
xc1.xcore.vss__t102                1.37942e-05
xc1.xcore.ibias__t201                  1.26323
xc1.xcore.tail__t324                   1.21825
xc1.xcore.vss__t306                3.41754e-13
xc1.xcore.tail__t222                   1.21825
xc1.xcore.ibias__t200                  1.26323
xc1.xcore.vss__t204                1.35953e-05
xc1.xcore.vss__t307                3.36825e-13
xc1.xcore.vss__t101                1.33964e-05
xc1.xcore.ibias__t199                  1.26323
xc1.xcore.tail__t323                   1.21825
xc1.xcore.vss__t308                3.31897e-13
xc1.xcore.tail__t221                   1.21825
xc1.xcore.ibias__t198                  1.26323
xc1.xcore.vss__t203                1.31975e-05
xc1.xcore.vss__t309                3.26969e-13
xc1.xcore.vss__t100                1.29986e-05
xc1.xcore.ibias__t197                  1.26323
xc1.xcore.tail__t322                   1.21825
xc1.xcore.vss__t310                3.22042e-13
xc1.xcore.tail__t220                   1.21825
xc1.xcore.ibias__t196                  1.26323
xc1.xcore.vss__t202                1.27998e-05
xc1.xcore.vss__t311                3.17115e-13
xc1.xcore.vss__t80                  1.2601e-05
xc1.xcore.ibias__t157                  1.26323
xc1.xcore.tail__t306                   1.21825
xc1.xcore.vss__t312                3.12189e-13
xc1.xcore.tail__t185                   1.21826
xc1.xcore.ibias__t116                  1.26323
xc1.xcore.vss__t162                1.24022e-05
xc1.xcore.vss__t313                3.07264e-13
xc1.xcore.vss__t59                 1.22034e-05
xc1.xcore.ibias__t115                  1.26323
xc1.xcore.tail__t285                   1.21826
xc1.xcore.vss__t314                3.02339e-13
xc1.xcore.tail__t184                   1.21826
xc1.xcore.ibias__t114                  1.26323
xc1.xcore.vss__t161                1.20047e-05
xc1.xcore.vss__t315                2.97416e-13
xc1.xcore.vss__t71                  1.1806e-05
xc1.xcore.ibias__t139                  1.26323
xc1.xcore.tail__t297                   1.21826
xc1.xcore.vss__t316                2.92492e-13
xc1.xcore.tail__t196                   1.21826
xc1.xcore.ibias__t138                  1.26323
xc1.xcore.vss__t173                1.16073e-05
xc1.xcore.vss__t317                 2.8757e-13
xc1.xcore.vss__t70                 1.14087e-05
xc1.xcore.ibias__t137                  1.26323
xc1.xcore.tail__t296                   1.21826
xc1.xcore.vss__t318                2.82649e-13
xc1.xcore.tail__t195                   1.21826
xc1.xcore.ibias__t136                  1.26323
xc1.xcore.vss__t172                1.12101e-05
xc1.xcore.vss__t319                2.77728e-13
xc1.xcore.vss__t69                 1.10115e-05
xc1.xcore.ibias__t135                  1.26323
xc1.xcore.tail__t295                   1.21826
xc1.xcore.vss__t320                2.72808e-13
xc1.xcore.tail__t194                   1.21826
xc1.xcore.ibias__t134                  1.26323
xc1.xcore.vss__t171                 1.0813e-05
xc1.xcore.vss__t321                 2.6789e-13
xc1.xcore.vss__t61                 1.06145e-05
xc1.xcore.ibias__t119                  1.26323
xc1.xcore.tail__t287                   1.21826
xc1.xcore.vss__t322                2.62972e-13
xc1.xcore.tail__t179                   1.21826
xc1.xcore.ibias__t103                  1.26323
xc1.xcore.vss__t156                1.04161e-05
xc1.xcore.vss__t323                2.58056e-13
xc1.xcore.vss__t48                 1.02177e-05
xc1.xcore.ibias__t92                   1.26323
xc1.xcore.tail__t274                   1.21826
xc1.xcore.vss__t324                 2.5314e-13
xc1.xcore.tail__t178                   1.21826
xc1.xcore.ibias__t102                  1.26323
xc1.xcore.vss__t155                1.00193e-05
xc1.xcore.vss__t325                2.48226e-13
xc1.xcore.vss__t52                 9.82105e-06
xc1.xcore.ibias__t101                  1.26323
xc1.xcore.tail__t278                   1.21826
xc1.xcore.vss__t326                2.43314e-13
xc1.xcore.tail__t177                   1.21826
xc1.xcore.ibias__t100                  1.26323
xc1.xcore.vss__t154                9.62281e-06
xc1.xcore.vss__t327                2.38402e-13
xc1.xcore.vss__t51                 9.42464e-06
xc1.xcore.ibias__t99                   1.26323
xc1.xcore.tail__t277                   1.21826
xc1.xcore.vss__t328                2.33492e-13
xc1.xcore.tail__t176                   1.21826
xc1.xcore.ibias__t98                   1.26323
xc1.xcore.vss__t153                9.22654e-06
xc1.xcore.vss__t329                2.28584e-13
xc1.xcore.vss__t58                  9.0285e-06
xc1.xcore.ibias__t113                  1.26323
xc1.xcore.tail__t284                   1.21826
xc1.xcore.vss__t330                2.23678e-13
xc1.xcore.tail__t174                   1.21826
xc1.xcore.ibias__t96                   1.26323
xc1.xcore.vss__t151                8.83053e-06
xc1.xcore.vss__t331                2.18773e-13
xc1.xcore.vss__t50                 8.63264e-06
xc1.xcore.ibias__t95                   1.26323
xc1.xcore.tail__t276                   1.21826
xc1.xcore.vss__t332                 2.1387e-13
xc1.xcore.tail__t173                   1.21826
xc1.xcore.ibias__t94                   1.26323
xc1.xcore.vss__t150                8.43483e-06
xc1.xcore.vss__t333                2.08969e-13
xc1.xcore.vss__t49                 8.23711e-06
xc1.xcore.ibias__t93                   1.26323
xc1.xcore.tail__t275                   1.21826
xc1.xcore.vss__t334                2.04071e-13
xc1.xcore.tail__t172                   1.21826
xc1.xcore.ibias__t91                   1.26323
xc1.xcore.vss__t149                8.03949e-06
xc1.xcore.vss__t335                1.99174e-13
xc1.xcore.vss__t47                 7.84197e-06
xc1.xcore.ibias__t90                   1.26323
xc1.xcore.tail__t273                   1.21826
xc1.xcore.vss__t336                1.94281e-13
xc1.xcore.tail__t171                   1.21826
xc1.xcore.ibias__t89                   1.26323
xc1.xcore.vss__t148                7.64456e-06
xc1.xcore.vss__t337                 1.8939e-13
xc1.xcore.vss__t46                 7.44727e-06
xc1.xcore.ibias__t88                   1.26323
xc1.xcore.tail__t272                   1.21826
xc1.xcore.vss__t338                1.84502e-13
xc1.xcore.tail__t170                   1.21826
xc1.xcore.ibias__t87                   1.26323
xc1.xcore.vss__t147                7.25011e-06
xc1.xcore.vss__t339                1.79617e-13
xc1.xcore.vss__t45                 7.05309e-06
xc1.xcore.ibias__t86                   1.26323
xc1.xcore.tail__t271                   1.21826
xc1.xcore.vss__t340                1.74736e-13
xc1.xcore.tail__t169                   1.21826
xc1.xcore.ibias__t85                   1.26323
xc1.xcore.vss__t146                6.85622e-06
xc1.xcore.vss__t341                1.69859e-13
xc1.xcore.vss__t44                 6.65952e-06
xc1.xcore.ibias__t84                   1.26323
xc1.xcore.tail__t270                   1.21826
xc1.xcore.vss__t342                1.64985e-13
xc1.xcore.tail__t168                   1.21826
xc1.xcore.ibias__t83                   1.26323
xc1.xcore.vss__t145                  6.463e-06
xc1.xcore.vss__t343                1.60117e-13
xc1.xcore.vss__t66                 6.26668e-06
xc1.xcore.ibias__t129                  1.26323
xc1.xcore.tail__t292                   1.21827
xc1.xcore.vss__t344                1.55253e-13
xc1.xcore.tail__t199                   1.21827
xc1.xcore.ibias__t144                  1.26323
xc1.xcore.vss__t176                6.07058e-06
xc1.xcore.vss__t345                1.50394e-13
xc1.xcore.vss__t73                 5.87471e-06
xc1.xcore.ibias__t143                  1.26323
xc1.xcore.tail__t299                   1.21827
xc1.xcore.vss__t346                1.45542e-13
xc1.xcore.tail__t198                   1.21827
xc1.xcore.ibias__t142                  1.26323
xc1.xcore.vss__t175                5.67911e-06
xc1.xcore.vss__t347                1.40696e-13
xc1.xcore.vss__t72                  5.4838e-06
xc1.xcore.ibias__t141                  1.26323
xc1.xcore.tail__t298                   1.21827
xc1.xcore.vss__t348                1.35857e-13
xc1.xcore.outp__t53                    2.80076
xc1.xcore.inp__t1                        2.805
xc1.xcore.tail__t0                     1.21834
xc1.xcore.vss__t460                8.73397e-12
xc1.xcore.tail__t119                   1.21834
xc1.xcore.inp__t53                       2.805
xc1.xcore.outp__t52                    2.80075
xc1.xcore.vss__t462                8.81643e-12
xc1.xcore.outp__t46                    2.80075
xc1.xcore.inp__t52                       2.805
xc1.xcore.tail__t118                   1.21834
xc1.xcore.vss__t463                8.89889e-12
xc1.xcore.tail__t58                    1.21834
xc1.xcore.inp__t61                       2.805
xc1.xcore.outp__t82                    2.80075
xc1.xcore.vss__t464                8.98135e-12
xc1.xcore.outp__t30                    2.80075
xc1.xcore.inp__t24                       2.805
xc1.xcore.tail__t98                    1.21834
xc1.xcore.vss__t465                9.06381e-12
xc1.xcore.tail__t38                    1.21834
xc1.xcore.inp__t23                       2.805
xc1.xcore.outp__t64                    2.80075
xc1.xcore.vss__t466                9.14627e-12
xc1.xcore.outp__t29                    2.80075
xc1.xcore.inp__t22                       2.805
xc1.xcore.tail__t97                    1.21834
xc1.xcore.vss__t467                9.22873e-12
xc1.xcore.tail__t37                    1.21835
xc1.xcore.inp__t21                       2.805
xc1.xcore.outp__t63                    2.80074
xc1.xcore.vss__t468                9.31118e-12
xc1.xcore.outp__t28                    2.80074
xc1.xcore.inp__t20                       2.805
xc1.xcore.tail__t96                    1.21835
xc1.xcore.vss__t469                9.39364e-12
xc1.xcore.tail__t36                    1.21835
xc1.xcore.inp__t19                       2.805
xc1.xcore.outp__t62                    2.80074
xc1.xcore.vss__t470                9.47609e-12
xc1.xcore.outp__t27                    2.80074
xc1.xcore.inp__t18                       2.805
xc1.xcore.tail__t95                    1.21835
xc1.xcore.vss__t471                9.55854e-12
xc1.xcore.tail__t35                    1.21835
xc1.xcore.inp__t17                       2.805
xc1.xcore.outp__t61                    2.80074
xc1.xcore.vss__t472                9.64099e-12
xc1.xcore.outp__t26                    2.80074
xc1.xcore.inp__t16                       2.805
xc1.xcore.tail__t94                    1.21835
xc1.xcore.vss__t473                9.72344e-12
xc1.xcore.tail__t33                    1.21835
xc1.xcore.inp__t15                       2.805
xc1.xcore.outp__t60                    2.80073
xc1.xcore.vss__t474                9.80589e-12
xc1.xcore.outp__t47                    2.80073
xc1.xcore.inp__t54                       2.805
xc1.xcore.tail__t120                   1.21835
xc1.xcore.vss__t475                9.88833e-12
xc1.xcore.tail__t54                    1.21835
xc1.xcore.inp__t55                       2.805
xc1.xcore.outp__t78                    2.80073
xc1.xcore.vss__t476                9.97078e-12
xc1.xcore.outp__t51                    2.80073
xc1.xcore.inp__t63                       2.805
xc1.xcore.tail__t126                   1.21835
xc1.xcore.vss__t477                1.00532e-11
xc1.xcore.tail__t57                    1.21835
xc1.xcore.inp__t60                       2.805
xc1.xcore.outp__t81                    2.80073
xc1.xcore.vss__t478                1.01357e-11
xc1.xcore.outp__t49                    2.80073
xc1.xcore.inp__t59                       2.805
xc1.xcore.tail__t122                   1.21835
xc1.xcore.vss__t479                1.02181e-11
xc1.xcore.tail__t56                    1.21835
xc1.xcore.inp__t58                       2.805
xc1.xcore.outp__t80                    2.80073
xc1.xcore.vss__t480                1.03005e-11
xc1.xcore.outp__t48                    2.80072
xc1.xcore.inp__t57                       2.805
xc1.xcore.tail__t121                   1.21836
xc1.xcore.vss__t481                 1.0383e-11
xc1.xcore.tail__t55                    1.21836
xc1.xcore.inp__t56                       2.805
xc1.xcore.outp__t79                    2.80072
xc1.xcore.vss__t482                1.04654e-11
xc1.xcore.outp__t24                    2.80072
xc1.xcore.inp__t11                       2.805
xc1.xcore.tail__t92                    1.21836
xc1.xcore.vss__t483                1.05478e-11
xc1.xcore.tail__t30                    1.21836
xc1.xcore.inp__t10                       2.805
xc1.xcore.outp__t57                    2.80072
xc1.xcore.vss__t484                1.06302e-11
xc1.xcore.outp__t23                    2.80072
xc1.xcore.inp__t9                        2.805
xc1.xcore.tail__t88                    1.21836
xc1.xcore.vss__t485                1.07127e-11
xc1.xcore.tail__t32                    1.21836
xc1.xcore.inp__t14                       2.805
xc1.xcore.outp__t59                    2.80072
xc1.xcore.vss__t486                1.07951e-11
xc1.xcore.outp__t25                    2.80071
xc1.xcore.inp__t13                       2.805
xc1.xcore.tail__t93                    1.21836
xc1.xcore.vss__t487                1.08775e-11
xc1.xcore.tail__t60                    1.21836
xc1.xcore.inp__t0                        2.805
xc1.xcore.outp__t83                    2.80071
xc1.xcore.vss__t488                1.09599e-11
xc1.xcore.outp__t50                    2.80071
xc1.xcore.inp__t62                       2.805
xc1.xcore.tail__t123                   1.21836
xc1.xcore.vss__t489                1.10423e-11
xc1.xcore.tail__t42                    1.21836
xc1.xcore.inp__t29                       2.805
xc1.xcore.outp__t67                    2.80071
xc1.xcore.vss__t490                1.11247e-11
xc1.xcore.outp__t32                    2.80071
xc1.xcore.inp__t28                       2.805
xc1.xcore.tail__t102                   1.21836
xc1.xcore.vss__t491                1.12071e-11
xc1.xcore.tail__t41                    1.21836
xc1.xcore.inp__t27                       2.805
xc1.xcore.outp__t66                    2.80071
xc1.xcore.vss__t492                1.12895e-11
xc1.xcore.outp__t31                     2.8007
xc1.xcore.inp__t26                       2.805
xc1.xcore.tail__t101                   1.21836
xc1.xcore.vss__t493                1.13719e-11
xc1.xcore.tail__t40                    1.21837
xc1.xcore.inp__t25                       2.805
xc1.xcore.outp__t65                     2.8007
xc1.xcore.vss__t494                1.14543e-11
xc1.xcore.outp__t20                     2.8007
xc1.xcore.inp__t4                        2.805
xc1.xcore.tail__t74                    1.21837
xc1.xcore.vss__t495                1.15367e-11
xc1.xcore.tail__t14                    1.21837
xc1.xcore.inp__t3                        2.805
xc1.xcore.outp__t54                     2.8007
xc1.xcore.vss__t496                1.16191e-11
xc1.xcore.outp__t22                     2.8007
xc1.xcore.inp__t7                        2.805
xc1.xcore.tail__t76                    1.21837
xc1.xcore.vss__t497                1.17015e-11
xc1.xcore.tail__t16                    1.21837
xc1.xcore.inp__t6                        2.805
xc1.xcore.outp__t55                     2.8007
xc1.xcore.vss__t498                1.17839e-11
xc1.xcore.outp__t21                    2.80069
xc1.xcore.inp__t5                        2.805
xc1.xcore.tail__t75                    1.21837
xc1.xcore.vss__t499                1.18663e-11
xc1.xcore.tail__t19                    1.21837
xc1.xcore.inp__t8                        2.805
xc1.xcore.outp__t56                    2.80069
xc1.xcore.vss__t500                1.19487e-11
xc1.xcore.outp__t45                    2.80069
xc1.xcore.inp__t50                       2.805
xc1.xcore.tail__t116                   1.21837
xc1.xcore.vss__t501                 1.2031e-11
xc1.xcore.tail__t51                    1.21837
xc1.xcore.inp__t49                       2.805
xc1.xcore.outp__t76                    2.80069
xc1.xcore.vss__t502                1.21134e-11
xc1.xcore.outp__t44                    2.80069
xc1.xcore.inp__t48                       2.805
xc1.xcore.tail__t115                   1.21837
xc1.xcore.vss__t503                1.21958e-11
xc1.xcore.tail__t50                    1.21837
xc1.xcore.inp__t47                       2.805
xc1.xcore.outp__t75                    2.80069
xc1.xcore.vss__t504                1.22782e-11
xc1.xcore.outp__t43                    2.80069
xc1.xcore.inp__t46                       2.805
xc1.xcore.tail__t114                   1.21837
xc1.xcore.vss__t505                1.23605e-11
xc1.xcore.tail__t49                    1.21837
xc1.xcore.inp__t45                       2.805
xc1.xcore.outp__t74                    2.80068
xc1.xcore.vss__t506                1.24429e-11
xc1.xcore.outp__t42                    2.80068
xc1.xcore.inp__t44                       2.805
xc1.xcore.tail__t113                   1.21838
xc1.xcore.vss__t507                1.25252e-11
xc1.xcore.tail__t48                    1.21838
xc1.xcore.inp__t43                       2.805
xc1.xcore.outp__t73                    2.80068
xc1.xcore.vss__t508                1.26076e-11
xc1.xcore.outp__t41                    2.80068
xc1.xcore.inp__t42                       2.805
xc1.xcore.tail__t112                   1.21838
xc1.xcore.vss__t509                1.26899e-11
xc1.xcore.tail__t47                    1.21838
xc1.xcore.inp__t41                       2.805
xc1.xcore.outp__t72                    2.80068
xc1.xcore.vss__t510                1.27723e-11
xc1.xcore.outp__t40                    2.80068
xc1.xcore.inp__t40                       2.805
xc1.xcore.tail__t111                   1.21838
xc1.xcore.vss__t511                1.28546e-11
xc1.xcore.tail__t46                    1.21838
xc1.xcore.inp__t39                       2.805
xc1.xcore.outp__t71                    2.80067
xc1.xcore.vss__t512                 1.2937e-11
xc1.xcore.outp__t39                    2.80067
xc1.xcore.inp__t38                       2.805
xc1.xcore.tail__t110                   1.21838
xc1.xcore.vss__t513                1.30193e-11
xc1.xcore.tail__t53                    1.21838
xc1.xcore.inp__t51                       2.805
xc1.xcore.outp__t77                    2.80067
xc1.xcore.vss__t514                1.31016e-11
xc1.xcore.outp__t38                    2.80067
xc1.xcore.inp__t37                       2.805
xc1.xcore.tail__t108                   1.21838
xc1.xcore.vss__t515                 1.3184e-11
xc1.xcore.tail__t45                    1.21838
xc1.xcore.inp__t36                       2.805
xc1.xcore.outp__t70                    2.80067
xc1.xcore.vss__t516                1.32663e-11
xc1.xcore.outp__t37                    2.80067
xc1.xcore.inp__t35                       2.805
xc1.xcore.tail__t107                   1.21838
xc1.xcore.vss__t517                1.33486e-11
xc1.xcore.tail__t44                    1.21838
xc1.xcore.inp__t34                       2.805
xc1.xcore.outp__t69                    2.80066
xc1.xcore.vss__t518                1.34309e-11
xc1.xcore.outp__t36                    2.80066
xc1.xcore.inp__t33                       2.805
xc1.xcore.tail__t106                   1.21838
xc1.xcore.vss__t519                1.35133e-11
xc1.xcore.tail__t31                    1.21839
xc1.xcore.inp__t12                       2.805
xc1.xcore.outp__t58                    2.80066
xc1.xcore.vss__t520                1.35956e-11
xc1.xcore.outp__t35                    2.80066
xc1.xcore.inp__t32                       2.805
xc1.xcore.tail__t104                   1.21839
xc1.xcore.vss__t521                1.36779e-11
xc1.xcore.tail__t43                    1.21839
xc1.xcore.inp__t31                       2.805
xc1.xcore.outp__t68                    2.80066
xc1.xcore.vss__t522                1.37602e-11
xc1.xcore.outp__t33                    2.80066
xc1.xcore.inp__t30                       2.805
xc1.xcore.tail__t103                   1.21839
xc1.xcore.vss__t523                1.38425e-11
xc1.xcore.tail__t1                     1.21839
xc1.xcore.inp__t2                        2.805
xc1.xcore.outp__t34                    2.80065
xc1.xcore.vss__t586                1.39248e-11
xc1.xcore.ibias__t215                  1.26049
xc1.xcore.ibias__t3                    1.26323
xc1.xcore.vss__t2                  2.51858e-05
xc1.xcore.vss__t459                6.61835e-13
xc1.xcore.vss__t81                 2.49859e-05
xc1.xcore.ibias__t158                  1.26323
xc1.xcore.ibias__t216                  1.26052
xc1.xcore.vss__t448                6.56617e-13
xc1.xcore.ibias__t213                  1.26055
xc1.xcore.ibias__t171                  1.26323
xc1.xcore.vss__t190                2.47861e-05
xc1.xcore.vss__t449                6.51398e-13
xc1.xcore.vss__t83                 2.45863e-05
xc1.xcore.ibias__t163                  1.26323
xc1.xcore.ibias__t218                  1.26058
xc1.xcore.vss__t450                6.46178e-13
xc1.xcore.ibias__t212                  1.26061
xc1.xcore.ibias__t162                  1.26323
xc1.xcore.vss__t185                2.43865e-05
xc1.xcore.vss__t451                6.40958e-13
xc1.xcore.vss__t89                 2.41867e-05
xc1.xcore.ibias__t177                  1.26323
xc1.xcore.ibias__t219                  1.26064
xc1.xcore.vss__t452                6.35738e-13
xc1.xcore.ibias__t211                  1.26067
xc1.xcore.ibias__t160                  1.26323
xc1.xcore.vss__t183                2.39868e-05
xc1.xcore.vss__t453                6.30517e-13
xc1.xcore.vss__t82                  2.3787e-05
xc1.xcore.ibias__t159                  1.26323
xc1.xcore.ibias__t217                   1.2607
xc1.xcore.vss__t454                6.25295e-13
xc1.xcore.ibias__t214                  1.26073
xc1.xcore.ibias__t174                  1.26323
xc1.xcore.vss__t192                2.35872e-05
xc1.xcore.vss__t455                6.20074e-13
xc1.xcore.vss__t3                  2.33874e-05
xc1.xcore.ibias__t4                    1.26323
xc1.xcore.ibias__t210                  1.26076
xc1.xcore.vss__t457                6.14851e-13
xc1.xcore.outn__t52                        3.3
xc1.xcore.inn__t1                        1.815
xc1.xcore.tail__t3                     1.21828
xc1.xcore.vss__t461                1.44904e-12
xc1.xcore.tail__t62                    1.21828
xc1.xcore.inn__t58                       1.815
xc1.xcore.outn__t81                        3.3
xc1.xcore.vss__t524                1.46279e-12
xc1.xcore.outn__t49                        3.3
xc1.xcore.inn__t59                       1.815
xc1.xcore.tail__t124                   1.21828
xc1.xcore.vss__t525                1.47654e-12
xc1.xcore.tail__t63                    1.21828
xc1.xcore.inn__t60                       1.815
xc1.xcore.outn__t82                        3.3
xc1.xcore.vss__t526                1.49029e-12
xc1.xcore.outn__t50                        3.3
xc1.xcore.inn__t61                       1.815
xc1.xcore.tail__t125                   1.21828
xc1.xcore.vss__t527                1.50405e-12
xc1.xcore.tail__t64                    1.21828
xc1.xcore.inn__t62                       1.815
xc1.xcore.outn__t83                        3.3
xc1.xcore.vss__t528                 1.5178e-12
xc1.xcore.outn__t46                        3.3
xc1.xcore.inn__t52                       1.815
xc1.xcore.tail__t105                   1.21828
xc1.xcore.vss__t529                1.53155e-12
xc1.xcore.tail__t15                    1.21828
xc1.xcore.inn__t21                       1.815
xc1.xcore.outn__t63                        3.3
xc1.xcore.vss__t530                1.54531e-12
xc1.xcore.outn__t45                        3.3
xc1.xcore.inn__t51                       1.815
xc1.xcore.tail__t100                   1.21828
xc1.xcore.vss__t531                1.55906e-12
xc1.xcore.tail__t34                    1.21828
xc1.xcore.inn__t48                       1.815
xc1.xcore.outn__t76                        3.3
xc1.xcore.vss__t532                1.57281e-12
xc1.xcore.outn__t44                        3.3
xc1.xcore.inn__t50                       1.815
xc1.xcore.tail__t99                    1.21828
xc1.xcore.vss__t533                1.58657e-12
xc1.xcore.tail__t61                    1.21828
xc1.xcore.inn__t57                       1.815
xc1.xcore.outn__t80                        3.3
xc1.xcore.vss__t534                1.60032e-12
xc1.xcore.outn__t40                        3.3
xc1.xcore.inn__t42                       1.815
xc1.xcore.tail__t87                    1.21828
xc1.xcore.vss__t535                1.61408e-12
xc1.xcore.tail__t27                    1.21828
xc1.xcore.inn__t41                       1.815
xc1.xcore.outn__t73                        3.3
xc1.xcore.vss__t536                1.62783e-12
xc1.xcore.outn__t39                        3.3
xc1.xcore.inn__t40                       1.815
xc1.xcore.tail__t86                    1.21828
xc1.xcore.vss__t537                1.64159e-12
xc1.xcore.tail__t26                    1.21828
xc1.xcore.inn__t39                       1.815
xc1.xcore.outn__t72                        3.3
xc1.xcore.vss__t538                1.65534e-12
xc1.xcore.outn__t38                        3.3
xc1.xcore.inn__t38                       1.815
xc1.xcore.tail__t85                    1.21828
xc1.xcore.vss__t539                 1.6691e-12
xc1.xcore.tail__t25                    1.21828
xc1.xcore.inn__t37                       1.815
xc1.xcore.outn__t71                        3.3
xc1.xcore.vss__t540                1.68285e-12
xc1.xcore.outn__t47                        3.3
xc1.xcore.inn__t53                       1.815
xc1.xcore.tail__t109                   1.21828
xc1.xcore.vss__t541                1.69661e-12
xc1.xcore.tail__t52                    1.21828
xc1.xcore.inn__t55                       1.815
xc1.xcore.outn__t78                        3.3
xc1.xcore.vss__t542                1.71037e-12
xc1.xcore.outn__t48                        3.3
xc1.xcore.inn__t54                       1.815
xc1.xcore.tail__t117                   1.21828
xc1.xcore.vss__t543                1.72412e-12
xc1.xcore.tail__t39                    1.21828
xc1.xcore.inn__t49                       1.815
xc1.xcore.outn__t77                        3.3
xc1.xcore.vss__t544                1.73788e-12
xc1.xcore.outn__t41                        3.3
xc1.xcore.inn__t43                       1.815
xc1.xcore.tail__t89                    1.21828
xc1.xcore.vss__t545                1.75164e-12
xc1.xcore.tail__t29                    1.21828
xc1.xcore.inn__t47                       1.815
xc1.xcore.outn__t75                        3.3
xc1.xcore.vss__t546                 1.7654e-12
xc1.xcore.outn__t43                        3.3
xc1.xcore.inn__t46                       1.815
xc1.xcore.tail__t91                    1.21828
xc1.xcore.vss__t547                1.77916e-12
xc1.xcore.tail__t28                    1.21828
xc1.xcore.inn__t45                       1.815
xc1.xcore.outn__t74                        3.3
xc1.xcore.vss__t548                1.79291e-12
xc1.xcore.outn__t42                        3.3
xc1.xcore.inn__t44                       1.815
xc1.xcore.tail__t90                    1.21828
xc1.xcore.vss__t549                1.80667e-12
xc1.xcore.tail__t59                    1.21828
xc1.xcore.inn__t56                       1.815
xc1.xcore.outn__t79                        3.3
xc1.xcore.vss__t550                1.82043e-12
xc1.xcore.outn__t51                        3.3
xc1.xcore.inn__t63                       1.815
xc1.xcore.tail__t127                   1.21828
xc1.xcore.vss__t551                1.83419e-12
xc1.xcore.tail__t13                    1.21828
xc1.xcore.inn__t19                       1.815
xc1.xcore.outn__t62                        3.3
xc1.xcore.vss__t552                1.84795e-12
xc1.xcore.outn__t28                        3.3
xc1.xcore.inn__t18                       1.815
xc1.xcore.tail__t72                    1.21828
xc1.xcore.vss__t553                1.86171e-12
xc1.xcore.tail__t12                    1.21828
xc1.xcore.inn__t17                       1.815
xc1.xcore.outn__t61                        3.3
xc1.xcore.vss__t554                1.87547e-12
xc1.xcore.outn__t27                        3.3
xc1.xcore.inn__t16                       1.815
xc1.xcore.tail__t71                    1.21828
xc1.xcore.vss__t555                1.88923e-12
xc1.xcore.tail__t11                    1.21828
xc1.xcore.inn__t15                       1.815
xc1.xcore.outn__t60                        3.3
xc1.xcore.vss__t556                1.90299e-12
xc1.xcore.outn__t26                        3.3
xc1.xcore.inn__t14                       1.815
xc1.xcore.tail__t70                    1.21828
xc1.xcore.vss__t557                1.91675e-12
xc1.xcore.tail__t10                    1.21828
xc1.xcore.inn__t13                       1.815
xc1.xcore.outn__t59                        3.3
xc1.xcore.vss__t558                1.93051e-12
xc1.xcore.outn__t25                        3.3
xc1.xcore.inn__t12                       1.815
xc1.xcore.tail__t69                    1.21828
xc1.xcore.vss__t559                1.94427e-12
xc1.xcore.tail__t6                     1.21828
xc1.xcore.inn__t5                        1.815
xc1.xcore.outn__t55                        3.3
xc1.xcore.vss__t560                1.95803e-12
xc1.xcore.outn__t24                        3.3
xc1.xcore.inn__t11                       1.815
xc1.xcore.tail__t68                    1.21828
xc1.xcore.vss__t561                1.97179e-12
xc1.xcore.tail__t4                     1.21828
xc1.xcore.inn__t2                        1.815
xc1.xcore.outn__t53                        3.3
xc1.xcore.vss__t562                1.98555e-12
xc1.xcore.outn__t21                        3.3
xc1.xcore.inn__t3                        1.815
xc1.xcore.tail__t65                    1.21828
xc1.xcore.vss__t563                1.99931e-12
xc1.xcore.tail__t5                     1.21828
xc1.xcore.inn__t4                        1.815
xc1.xcore.outn__t54                        3.3
xc1.xcore.vss__t564                2.01307e-12
xc1.xcore.outn__t22                        3.3
xc1.xcore.inn__t6                        1.815
xc1.xcore.tail__t66                    1.21828
xc1.xcore.vss__t565                2.02683e-12
xc1.xcore.tail__t7                     1.21828
xc1.xcore.inn__t7                        1.815
xc1.xcore.outn__t56                        3.3
xc1.xcore.vss__t566                2.04059e-12
xc1.xcore.outn__t23                        3.3
xc1.xcore.inn__t8                        1.815
xc1.xcore.tail__t67                    1.21828
xc1.xcore.vss__t567                2.05435e-12
xc1.xcore.tail__t8                     1.21828
xc1.xcore.inn__t9                        1.815
xc1.xcore.outn__t57                        3.3
xc1.xcore.vss__t568                2.06812e-12
xc1.xcore.outn__t29                        3.3
xc1.xcore.inn__t20                       1.815
xc1.xcore.tail__t73                    1.21828
xc1.xcore.vss__t569                2.08188e-12
xc1.xcore.tail__t9                     1.21828
xc1.xcore.inn__t10                       1.815
xc1.xcore.outn__t58                        3.3
xc1.xcore.vss__t570                2.09564e-12
xc1.xcore.outn__t36                        3.3
xc1.xcore.inn__t35                       1.815
xc1.xcore.tail__t83                    1.21828
xc1.xcore.vss__t571                 2.1094e-12
xc1.xcore.tail__t24                    1.21828
xc1.xcore.inn__t34                       1.815
xc1.xcore.outn__t70                        3.3
xc1.xcore.vss__t572                2.12316e-12
xc1.xcore.outn__t35                        3.3
xc1.xcore.inn__t33                       1.815
xc1.xcore.tail__t82                    1.21828
xc1.xcore.vss__t573                2.13693e-12
xc1.xcore.tail__t23                    1.21828
xc1.xcore.inn__t32                       1.815
xc1.xcore.outn__t69                        3.3
xc1.xcore.vss__t574                2.15069e-12
xc1.xcore.outn__t34                        3.3
xc1.xcore.inn__t31                       1.815
xc1.xcore.tail__t81                    1.21828
xc1.xcore.vss__t575                2.16445e-12
xc1.xcore.tail__t22                    1.21828
xc1.xcore.inn__t30                       1.815
xc1.xcore.outn__t68                        3.3
xc1.xcore.vss__t576                2.17821e-12
xc1.xcore.outn__t33                        3.3
xc1.xcore.inn__t29                       1.815
xc1.xcore.tail__t80                    1.21828
xc1.xcore.vss__t577                2.19198e-12
xc1.xcore.tail__t21                    1.21828
xc1.xcore.inn__t28                       1.815
xc1.xcore.outn__t67                        3.3
xc1.xcore.vss__t578                2.20574e-12
xc1.xcore.outn__t32                        3.3
xc1.xcore.inn__t27                       1.815
xc1.xcore.tail__t79                    1.21828
xc1.xcore.vss__t579                 2.2195e-12
xc1.xcore.tail__t20                    1.21828
xc1.xcore.inn__t26                       1.815
xc1.xcore.outn__t66                        3.3
xc1.xcore.vss__t580                2.23327e-12
xc1.xcore.outn__t37                        3.3
xc1.xcore.inn__t36                       1.815
xc1.xcore.tail__t84                    1.21828
xc1.xcore.vss__t581                2.24703e-12
xc1.xcore.tail__t18                    1.21828
xc1.xcore.inn__t25                       1.815
xc1.xcore.outn__t65                        3.3
xc1.xcore.vss__t582                2.26079e-12
xc1.xcore.outn__t31                        3.3
xc1.xcore.inn__t24                       1.815
xc1.xcore.tail__t78                    1.21828
xc1.xcore.vss__t583                2.27456e-12
xc1.xcore.tail__t17                    1.21828
xc1.xcore.inn__t23                       1.815
xc1.xcore.outn__t64                        3.3
xc1.xcore.vss__t584                2.28832e-12
xc1.xcore.outn__t30                        3.3
xc1.xcore.inn__t22                       1.815
xc1.xcore.tail__t77                    1.21828
xc1.xcore.vss__t585                2.30208e-12
xc1.xcore.tail__t2                     1.21828
xc1.xcore.inn__t0                        1.815
xc1.xcore.outn__t20                        3.3
xc1.xcore.vss__t587                2.31585e-12
xc1.xcore.vss__t210                  2.608e-12
xc1.xcore.outp__t16                    2.80086
xc1.xcore.vss__t211                2.57734e-12
xc1.xcore.outp__t17                    2.80086
xc1.xcore.vss__t212                2.54671e-12
xc1.xcore.outp__t18                    2.80086
xc1.xcore.vss__t213                2.51611e-12
xc1.xcore.outp__t19                    2.80086
xc1.xcore.vss__t214                2.48553e-12
xc1.xcore.outp__t0                     2.80086
xc1.xcore.vss__t215                2.45498e-12
xc1.xcore.outp__t1                     2.80086
xc1.xcore.vss__t216                2.42446e-12
xc1.xcore.outp__t2                     2.80086
xc1.xcore.vss__t217                2.39397e-12
xc1.xcore.outp__t3                     2.80086
xc1.xcore.vss__t218                2.36351e-12
xc1.xcore.outp__t4                     2.80086
xc1.xcore.vss__t219                2.33308e-12
xc1.xcore.outp__t15                    2.80086
xc1.xcore.vss__t220                2.30269e-12
xc1.xcore.outp__t6                     2.80086
xc1.xcore.vss__t221                2.27233e-12
xc1.xcore.outp__t7                     2.80086
xc1.xcore.vss__t222                  2.242e-12
xc1.xcore.outp__t8                     2.80086
xc1.xcore.vss__t223                2.21171e-12
xc1.xcore.outp__t9                     2.80086
xc1.xcore.vss__t224                2.18147e-12
xc1.xcore.outp__t10                    2.80086
xc1.xcore.vss__t225                2.15126e-12
xc1.xcore.outp__t11                    2.80086
xc1.xcore.vss__t226                 2.1211e-12
xc1.xcore.outp__t12                    2.80086
xc1.xcore.vss__t227                2.09098e-12
xc1.xcore.outp__t13                    2.80086
xc1.xcore.vss__t228                 2.0609e-12
xc1.xcore.outp__t14                    2.80086
xc1.xcore.vss__t229                2.03088e-12
xc1.xcore.outp__t5                     2.80086
xc1.xcore.vss__t230                2.18457e-12
xc1.xcore.outn__t0                         3.3
xc1.xcore.vss__t231                2.21955e-12
xc1.xcore.outn__t5                         3.3
xc1.xcore.vss__t232                 2.2546e-12
xc1.xcore.outn__t6                         3.3
xc1.xcore.vss__t233                2.28973e-12
xc1.xcore.outn__t7                         3.3
xc1.xcore.vss__t234                2.32492e-12
xc1.xcore.outn__t8                         3.3
xc1.xcore.vss__t235                2.36018e-12
xc1.xcore.outn__t9                         3.3
xc1.xcore.vss__t236                2.39551e-12
xc1.xcore.outn__t10                        3.3
xc1.xcore.vss__t237                2.43089e-12
xc1.xcore.outn__t11                        3.3
xc1.xcore.vss__t238                2.46632e-12
xc1.xcore.outn__t12                        3.3
xc1.xcore.vss__t239                2.50182e-12
xc1.xcore.outn__t13                        3.3
xc1.xcore.vss__t240                2.53736e-12
xc1.xcore.outn__t14                        3.3
xc1.xcore.vss__t241                2.57295e-12
xc1.xcore.outn__t15                        3.3
xc1.xcore.vss__t242                2.60859e-12
xc1.xcore.outn__t16                        3.3
xc1.xcore.vss__t243                2.64428e-12
xc1.xcore.outn__t17                        3.3
xc1.xcore.vss__t244                2.68001e-12
xc1.xcore.outn__t19                        3.3
xc1.xcore.vss__t245                2.71579e-12
xc1.xcore.outn__t18                        3.3
xc1.xcore.vss__t246                 2.7516e-12
xc1.xcore.outn__t1                         3.3
xc1.xcore.vss__t247                2.78746e-12
xc1.xcore.outn__t2                         3.3
xc1.xcore.vss__t248                2.82335e-12
xc1.xcore.outn__t3                         3.3
xc1.xcore.vss__t249                2.85928e-12
xc1.xcore.outn__t4                         3.3
ib_c1                                  1.26323
xc1.xcore.vsubs                              0
outn_c1                                    3.3
outp_c1                                2.80086
xc1.tail                               1.21828
vd_c1                                 0.499136
xc2.xcore.tail__t186                   1.21827
xc2.xcore.ibias__t118                  1.26323
xc2.xcore.vss__t163                5.28882e-06
xc2.xcore.vss__t349                1.31026e-13
xc2.xcore.vss__t60                  5.0942e-06
xc2.xcore.ibias__t117                  1.26323
xc2.xcore.tail__t286                   1.21827
xc2.xcore.vss__t350                1.26205e-13
xc2.xcore.tail__t197                   1.21827
xc2.xcore.ibias__t140                  1.26323
xc2.xcore.vss__t174                4.89999e-06
xc2.xcore.vss__t351                1.21393e-13
xc2.xcore.vss__t68                 4.70623e-06
xc2.xcore.ibias__t133                  1.26323
xc2.xcore.tail__t294                   1.21827
xc2.xcore.vss__t352                1.16593e-13
xc2.xcore.tail__t193                   1.21827
xc2.xcore.ibias__t132                  1.26323
xc2.xcore.vss__t170                4.51298e-06
xc2.xcore.vss__t353                1.11805e-13
xc2.xcore.vss__t67                 4.32032e-06
xc2.xcore.ibias__t131                  1.26323
xc2.xcore.tail__t293                   1.21827
xc2.xcore.vss__t354                1.07032e-13
xc2.xcore.tail__t192                   1.21827
xc2.xcore.ibias__t130                  1.26323
xc2.xcore.vss__t169                4.12833e-06
xc2.xcore.vss__t355                1.02275e-13
xc2.xcore.vss__t74                  3.9371e-06
xc2.xcore.ibias__t145                  1.26323
xc2.xcore.tail__t300                   1.21827
xc2.xcore.vss__t356                9.75378e-14
xc2.xcore.tail__t191                   1.21827
xc2.xcore.ibias__t128                  1.26323
xc2.xcore.vss__t168                3.74675e-06
xc2.xcore.vss__t357                 9.2822e-14
xc2.xcore.vss__t65                 3.55742e-06
xc2.xcore.ibias__t127                  1.26323
xc2.xcore.tail__t291                   1.21827
xc2.xcore.vss__t358                8.81315e-14
xc2.xcore.tail__t190                   1.21827
xc2.xcore.ibias__t126                  1.26323
xc2.xcore.vss__t167                3.36928e-06
xc2.xcore.vss__t359                8.34705e-14
xc2.xcore.vss__t64                 3.18255e-06
xc2.xcore.ibias__t125                  1.26323
xc2.xcore.tail__t290                   1.21827
xc2.xcore.vss__t360                7.88444e-14
xc2.xcore.tail__t189                   1.21827
xc2.xcore.ibias__t124                  1.26323
xc2.xcore.vss__t166                2.99749e-06
xc2.xcore.vss__t361                7.42597e-14
xc2.xcore.vss__t63                 2.81443e-06
xc2.xcore.ibias__t123                  1.26323
xc2.xcore.tail__t289                   1.21827
xc2.xcore.vss__t362                6.97244e-14
xc2.xcore.tail__t188                   1.21827
xc2.xcore.ibias__t122                  1.26323
xc2.xcore.vss__t165                2.63378e-06
xc2.xcore.vss__t363                 6.5249e-14
xc2.xcore.vss__t62                 2.45608e-06
xc2.xcore.ibias__t121                  1.26323
xc2.xcore.tail__t288                   1.21827
xc2.xcore.vss__t364                6.08466e-14
xc2.xcore.tail__t187                   1.21827
xc2.xcore.ibias__t120                  1.26323
xc2.xcore.vss__t164                2.28201e-06
xc2.xcore.vss__t365                5.65343e-14
xc2.xcore.vss__t26                 2.11248e-06
xc2.xcore.ibias__t0                    1.26323
xc2.xcore.tail__t252                   1.21827
xc2.xcore.vss__t366                5.23343e-14
xc2.xcore.tail__t175                   1.21827
xc2.xcore.ibias__t97                   1.26323
xc2.xcore.vss__t152                1.94867e-06
xc2.xcore.vss__t367                4.82761e-14
xc2.xcore.vss__t42                 1.79215e-06
xc2.xcore.ibias__t78                   1.26323
xc2.xcore.tail__t268                   1.21827
xc2.xcore.vss__t368                4.43984e-14
xc2.xcore.tail__t164                   1.21827
xc2.xcore.ibias__t77                   1.26323
xc2.xcore.vss__t141                  1.645e-06
xc2.xcore.vss__t369                4.07529e-14
xc2.xcore.vss__t37                 1.50996e-06
xc2.xcore.ibias__t70                   1.26323
xc2.xcore.tail__t263                   1.21827
xc2.xcore.vss__t370                3.74075e-14
xc2.xcore.tail__t167                   1.21827
xc2.xcore.ibias__t82                   1.26323
xc2.xcore.vss__t144                1.39057e-06
xc2.xcore.vss__t371                3.44497e-14
xc2.xcore.vss__t39                 1.29118e-06
xc2.xcore.ibias__t72                   1.26323
xc2.xcore.tail__t265                   1.21827
xc2.xcore.vss__t372                3.19873e-14
xc2.xcore.tail__t162                   1.21827
xc2.xcore.ibias__t73                   1.26323
xc2.xcore.vss__t139                1.21669e-06
xc2.xcore.vss__t373                3.01419e-14
xc2.xcore.vss__t40                 1.17186e-06
xc2.xcore.ibias__t74                   1.26323
xc2.xcore.tail__t266                   1.21828
xc2.xcore.vss__t374                2.90313e-14
xc2.xcore.tail__t163                   1.21828
xc2.xcore.ibias__t75                   1.26323
xc2.xcore.vss__t140                1.16014e-06
xc2.xcore.vss__t375                 2.8741e-14
xc2.xcore.vss__t41                 1.18251e-06
xc2.xcore.ibias__t76                   1.26323
xc2.xcore.tail__t267                   1.21828
xc2.xcore.vss__t376                2.92953e-14
xc2.xcore.tail__t129                   1.21828
xc2.xcore.ibias__t9                    1.26323
xc2.xcore.vss__t107                1.23713e-06
xc2.xcore.vss__t377                3.06484e-14
xc2.xcore.vss__t6                  1.31999e-06
xc2.xcore.ibias__t8                    1.26323
xc2.xcore.tail__t232                   1.21828
xc2.xcore.vss__t378                3.27013e-14
xc2.xcore.tail__t128                   1.21828
xc2.xcore.ibias__t7                    1.26323
xc2.xcore.vss__t106                1.42619e-06
xc2.xcore.vss__t379                3.53323e-14
xc2.xcore.vss__t5                  1.55094e-06
xc2.xcore.ibias__t6                    1.26323
xc2.xcore.tail__t231                   1.21828
xc2.xcore.vss__t380                3.84227e-14
xc2.xcore.tail__t141                   1.21828
xc2.xcore.ibias__t31                   1.26323
xc2.xcore.vss__t119                1.69013e-06
xc2.xcore.vss__t381                 4.1871e-14
xc2.xcore.vss__t4                  1.84049e-06
xc2.xcore.ibias__t5                    1.26323
xc2.xcore.tail__t230                   1.21828
xc2.xcore.vss__t382                4.55961e-14
xc2.xcore.tail__t158                   1.21828
xc2.xcore.ibias__t62                   1.26323
xc2.xcore.vss__t135                 1.9995e-06
xc2.xcore.vss__t383                4.95355e-14
xc2.xcore.vss__t33                 2.16526e-06
xc2.xcore.ibias__t63                   1.26323
xc2.xcore.tail__t259                   1.21828
xc2.xcore.vss__t384                5.36421e-14
xc2.xcore.tail__t159                   1.21828
xc2.xcore.ibias__t64                   1.26323
xc2.xcore.vss__t136                2.33633e-06
xc2.xcore.vss__t385                5.78802e-14
xc2.xcore.vss__t34                 2.51162e-06
xc2.xcore.ibias__t65                   1.26323
xc2.xcore.tail__t260                   1.21828
xc2.xcore.vss__t386                6.22231e-14
xc2.xcore.tail__t160                   1.21828
xc2.xcore.ibias__t66                   1.26323
xc2.xcore.vss__t137                2.69032e-06
xc2.xcore.vss__t387                6.66502e-14
xc2.xcore.vss__t35                 2.87177e-06
xc2.xcore.ibias__t67                   1.26323
xc2.xcore.tail__t261                   1.21828
xc2.xcore.vss__t388                7.11458e-14
xc2.xcore.tail__t161                   1.21828
xc2.xcore.ibias__t68                   1.26323
xc2.xcore.vss__t138                3.05551e-06
xc2.xcore.vss__t389                7.56977e-14
xc2.xcore.vss__t36                 3.24113e-06
xc2.xcore.ibias__t69                   1.26323
xc2.xcore.tail__t262                   1.21828
xc2.xcore.vss__t390                8.02964e-14
xc2.xcore.tail__t130                   1.21828
xc2.xcore.ibias__t10                   1.26323
xc2.xcore.vss__t108                3.42832e-06
xc2.xcore.vss__t391                8.49342e-14
xc2.xcore.vss__t13                 3.61685e-06
xc2.xcore.ibias__t23                   1.26323
xc2.xcore.tail__t239                   1.21828
xc2.xcore.vss__t392                8.96051e-14
xc2.xcore.tail__t137                   1.21828
xc2.xcore.ibias__t24                   1.26323
xc2.xcore.vss__t115                3.80652e-06
xc2.xcore.vss__t393                9.43041e-14
xc2.xcore.vss__t14                 3.99716e-06
xc2.xcore.ibias__t25                   1.26323
xc2.xcore.tail__t240                   1.21828
xc2.xcore.vss__t394                9.90273e-14
xc2.xcore.tail__t138                   1.21828
xc2.xcore.ibias__t26                   1.26323
xc2.xcore.vss__t116                4.18865e-06
xc2.xcore.vss__t395                1.03771e-13
xc2.xcore.vss__t15                 4.38086e-06
xc2.xcore.ibias__t27                   1.26323
xc2.xcore.tail__t241                   1.21828
xc2.xcore.vss__t396                1.08534e-13
xc2.xcore.tail__t139                   1.21828
xc2.xcore.ibias__t28                   1.26323
xc2.xcore.vss__t117                4.57371e-06
xc2.xcore.vss__t397                1.13312e-13
xc2.xcore.vss__t16                 4.76712e-06
xc2.xcore.ibias__t29                   1.26323
xc2.xcore.tail__t242                   1.21828
xc2.xcore.vss__t398                1.18103e-13
xc2.xcore.tail__t140                   1.21828
xc2.xcore.ibias__t30                   1.26323
xc2.xcore.vss__t118                4.96103e-06
xc2.xcore.vss__t399                1.22908e-13
xc2.xcore.vss__t21                 5.15538e-06
xc2.xcore.ibias__t41                   1.26323
xc2.xcore.tail__t247                   1.21828
xc2.xcore.vss__t400                1.27723e-13
xc2.xcore.tail__t142                   1.21828
xc2.xcore.ibias__t32                   1.26323
xc2.xcore.vss__t120                5.35012e-06
xc2.xcore.vss__t401                1.32547e-13
xc2.xcore.vss__t17                 5.54521e-06
xc2.xcore.ibias__t33                   1.26323
xc2.xcore.tail__t243                   1.21828
xc2.xcore.vss__t402                1.37381e-13
xc2.xcore.tail__t143                   1.21828
xc2.xcore.ibias__t34                   1.26323
xc2.xcore.vss__t121                5.74061e-06
xc2.xcore.vss__t403                1.42222e-13
xc2.xcore.vss__t18                  5.9363e-06
xc2.xcore.ibias__t35                   1.26323
xc2.xcore.tail__t244                   1.21828
xc2.xcore.vss__t404                 1.4707e-13
xc2.xcore.tail__t144                   1.21828
xc2.xcore.ibias__t36                   1.26323
xc2.xcore.vss__t122                6.13224e-06
xc2.xcore.vss__t405                1.51925e-13
xc2.xcore.vss__t19                 6.32842e-06
xc2.xcore.ibias__t37                   1.26323
xc2.xcore.tail__t245                   1.21828
xc2.xcore.vss__t406                1.56785e-13
xc2.xcore.tail__t145                   1.21828
xc2.xcore.ibias__t38                   1.26323
xc2.xcore.vss__t123                 6.5248e-06
xc2.xcore.vss__t407                1.61651e-13
xc2.xcore.vss__t20                 6.72138e-06
xc2.xcore.ibias__t39                   1.26323
xc2.xcore.tail__t246                   1.21828
xc2.xcore.vss__t408                1.66521e-13
xc2.xcore.tail__t146                   1.21828
xc2.xcore.ibias__t40                   1.26323
xc2.xcore.vss__t124                6.91814e-06
xc2.xcore.vss__t409                1.71396e-13
xc2.xcore.vss__t8                  7.11505e-06
xc2.xcore.ibias__t12                   1.26323
xc2.xcore.tail__t234                   1.21828
xc2.xcore.vss__t410                1.76274e-13
xc2.xcore.tail__t135                   1.21828
xc2.xcore.ibias__t21                   1.26323
xc2.xcore.vss__t113                7.31212e-06
xc2.xcore.vss__t411                1.81157e-13
xc2.xcore.vss__t9                  7.50932e-06
xc2.xcore.ibias__t13                   1.26323
xc2.xcore.tail__t235                   1.21828
xc2.xcore.vss__t412                1.86043e-13
xc2.xcore.tail__t131                   1.21828
xc2.xcore.ibias__t14                   1.26323
xc2.xcore.vss__t109                7.70665e-06
xc2.xcore.vss__t413                1.90932e-13
xc2.xcore.vss__t10                 7.90409e-06
xc2.xcore.ibias__t15                   1.26323
xc2.xcore.tail__t236                   1.21828
xc2.xcore.vss__t414                1.95824e-13
xc2.xcore.tail__t134                   1.21828
xc2.xcore.ibias__t20                   1.26323
xc2.xcore.vss__t112                8.10165e-06
xc2.xcore.vss__t415                2.00718e-13
xc2.xcore.vss__t12                  8.2993e-06
xc2.xcore.ibias__t19                   1.26323
xc2.xcore.tail__t238                   1.21828
xc2.xcore.vss__t416                2.05615e-13
xc2.xcore.tail__t133                   1.21828
xc2.xcore.ibias__t18                   1.26323
xc2.xcore.vss__t111                8.49705e-06
xc2.xcore.vss__t417                2.10515e-13
xc2.xcore.vss__t11                 8.69488e-06
xc2.xcore.ibias__t17                   1.26323
xc2.xcore.tail__t237                   1.21828
xc2.xcore.vss__t418                2.15416e-13
xc2.xcore.tail__t132                   1.21828
xc2.xcore.ibias__t16                   1.26323
xc2.xcore.vss__t110                 8.8928e-06
xc2.xcore.vss__t419                 2.2032e-13
xc2.xcore.vss__t7                  9.09079e-06
xc2.xcore.ibias__t11                   1.26323
xc2.xcore.tail__t233                   1.21828
xc2.xcore.vss__t420                2.25225e-13
xc2.xcore.tail__t136                   1.21828
xc2.xcore.ibias__t22                   1.26323
xc2.xcore.vss__t114                9.28885e-06
xc2.xcore.vss__t421                2.30132e-13
xc2.xcore.vss__t23                 9.48698e-06
xc2.xcore.ibias__t45                   1.26323
xc2.xcore.tail__t249                   1.21828
xc2.xcore.vss__t422                2.35041e-13
xc2.xcore.tail__t150                   1.21828
xc2.xcore.ibias__t46                   1.26323
xc2.xcore.vss__t127                9.68517e-06
xc2.xcore.vss__t423                2.39952e-13
xc2.xcore.vss__t24                 9.88342e-06
xc2.xcore.ibias__t47                   1.26323
xc2.xcore.tail__t250                   1.21828
xc2.xcore.vss__t424                2.44864e-13
xc2.xcore.tail__t151                   1.21827
xc2.xcore.ibias__t48                   1.26323
xc2.xcore.vss__t128                1.00817e-05
xc2.xcore.vss__t425                2.49777e-13
xc2.xcore.vss__t25                 1.02801e-05
xc2.xcore.ibias__t49                   1.26323
xc2.xcore.tail__t251                   1.21827
xc2.xcore.vss__t426                2.54691e-13
xc2.xcore.tail__t152                   1.21827
xc2.xcore.ibias__t50                   1.26323
xc2.xcore.vss__t129                1.04785e-05
xc2.xcore.vss__t427                2.59607e-13
xc2.xcore.vss__t32                 1.06769e-05
xc2.xcore.ibias__t61                   1.26323
xc2.xcore.tail__t258                   1.21827
xc2.xcore.vss__t428                2.64524e-13
xc2.xcore.tail__t153                   1.21827
xc2.xcore.ibias__t51                   1.26323
xc2.xcore.vss__t130                1.08754e-05
xc2.xcore.vss__t429                2.69442e-13
xc2.xcore.vss__t27                  1.1074e-05
xc2.xcore.ibias__t52                   1.26323
xc2.xcore.tail__t253                   1.21827
xc2.xcore.vss__t430                2.74361e-13
xc2.xcore.tail__t154                   1.21827
xc2.xcore.ibias__t53                   1.26323
xc2.xcore.vss__t131                1.12725e-05
xc2.xcore.vss__t431                2.79281e-13
xc2.xcore.vss__t28                 1.14712e-05
xc2.xcore.ibias__t54                   1.26323
xc2.xcore.tail__t254                   1.21827
xc2.xcore.vss__t432                2.84202e-13
xc2.xcore.tail__t155                   1.21827
xc2.xcore.ibias__t55                   1.26323
xc2.xcore.vss__t132                1.16698e-05
xc2.xcore.vss__t433                2.89124e-13
xc2.xcore.vss__t29                 1.18685e-05
xc2.xcore.ibias__t56                   1.26323
xc2.xcore.tail__t255                   1.21827
xc2.xcore.vss__t434                2.94047e-13
xc2.xcore.tail__t156                   1.21827
xc2.xcore.ibias__t57                   1.26323
xc2.xcore.vss__t133                1.20672e-05
xc2.xcore.vss__t435                 2.9897e-13
xc2.xcore.vss__t30                 1.22659e-05
xc2.xcore.ibias__t58                   1.26323
xc2.xcore.tail__t256                   1.21827
xc2.xcore.vss__t436                3.03894e-13
xc2.xcore.tail__t157                   1.21827
xc2.xcore.ibias__t59                   1.26323
xc2.xcore.vss__t134                1.24647e-05
xc2.xcore.vss__t437                3.08819e-13
xc2.xcore.vss__t31                 1.26635e-05
xc2.xcore.ibias__t60                   1.26323
xc2.xcore.tail__t257                   1.21827
xc2.xcore.vss__t438                3.13745e-13
xc2.xcore.tail__t211                   1.21827
xc2.xcore.ibias__t176                  1.26323
xc2.xcore.vss__t193                1.28623e-05
xc2.xcore.vss__t439                3.18671e-13
xc2.xcore.vss__t88                 1.30612e-05
xc2.xcore.ibias__t175                  1.26323
xc2.xcore.tail__t311                   1.21827
xc2.xcore.vss__t440                3.23598e-13
xc2.xcore.tail__t165                   1.21827
xc2.xcore.ibias__t79                   1.26323
xc2.xcore.vss__t142                  1.326e-05
xc2.xcore.vss__t441                3.28525e-13
xc2.xcore.vss__t43                 1.34589e-05
xc2.xcore.ibias__t80                   1.26323
xc2.xcore.tail__t269                   1.21827
xc2.xcore.vss__t442                3.33453e-13
xc2.xcore.tail__t166                   1.21827
xc2.xcore.ibias__t81                   1.26323
xc2.xcore.vss__t143                1.36579e-05
xc2.xcore.vss__t443                3.38382e-13
xc2.xcore.vss__t38                 1.38568e-05
xc2.xcore.ibias__t71                   1.26323
xc2.xcore.tail__t264                   1.21827
xc2.xcore.vss__t444                3.43311e-13
xc2.xcore.tail__t147                   1.21827
xc2.xcore.ibias__t42                   1.26323
xc2.xcore.vss__t125                1.40557e-05
xc2.xcore.vss__t445                3.48241e-13
xc2.xcore.vss__t22                 1.42547e-05
xc2.xcore.ibias__t43                   1.26323
xc2.xcore.tail__t248                   1.21827
xc2.xcore.vss__t446                3.53171e-13
xc2.xcore.tail__t148                   1.21827
xc2.xcore.ibias__t44                   1.26323
xc2.xcore.vss__t126                1.44537e-05
xc2.xcore.vss__t447                3.58101e-13
xc2.xcore.vss__t0                  1.46527e-05
xc2.xcore.ibias__t1                    1.26323
xc2.xcore.tail__t149                   1.21827
xc2.xcore.vss__t456                3.63032e-13
xc2.xcore.tail__t229                   1.21823
xc2.xcore.ibias__t2                    1.26323
xc2.xcore.vss__t1                  2.51512e-05
xc2.xcore.vss__t458                6.23159e-13
xc2.xcore.vss__t189                2.49518e-05
xc2.xcore.ibias__t170                  1.26323
xc2.xcore.tail__t228                   1.21823
xc2.xcore.vss__t250                6.18218e-13
xc2.xcore.tail__t209                   1.21823
xc2.xcore.ibias__t169                  1.26323
xc2.xcore.vss__t188                2.47524e-05
xc2.xcore.vss__t251                6.13277e-13
xc2.xcore.vss__t86                  2.4553e-05
xc2.xcore.ibias__t168                  1.26323
xc2.xcore.tail__t309                   1.21824
xc2.xcore.vss__t252                6.08336e-13
xc2.xcore.tail__t208                   1.21824
xc2.xcore.ibias__t167                  1.26323
xc2.xcore.vss__t187                2.43536e-05
xc2.xcore.vss__t253                6.03395e-13
xc2.xcore.vss__t85                 2.41542e-05
xc2.xcore.ibias__t166                  1.26323
xc2.xcore.tail__t308                   1.21824
xc2.xcore.vss__t254                5.98454e-13
xc2.xcore.tail__t207                   1.21824
xc2.xcore.ibias__t165                  1.26323
xc2.xcore.vss__t186                2.39548e-05
xc2.xcore.vss__t255                5.93514e-13
xc2.xcore.vss__t84                 2.37554e-05
xc2.xcore.ibias__t164                  1.26323
xc2.xcore.tail__t307                   1.21824
xc2.xcore.vss__t256                5.88573e-13
xc2.xcore.tail__t210                   1.21824
xc2.xcore.ibias__t173                  1.26323
xc2.xcore.vss__t191                2.35561e-05
xc2.xcore.vss__t257                5.83633e-13
xc2.xcore.vss__t87                 2.33567e-05
xc2.xcore.ibias__t172                  1.26323
xc2.xcore.tail__t310                   1.21824
xc2.xcore.vss__t258                5.78692e-13
xc2.xcore.tail__t219                   1.21824
xc2.xcore.ibias__t195                  1.26323
xc2.xcore.vss__t201                2.31573e-05
xc2.xcore.vss__t259                5.73752e-13
xc2.xcore.vss__t99                 2.29579e-05
xc2.xcore.ibias__t194                  1.26323
xc2.xcore.tail__t321                   1.21824
xc2.xcore.vss__t260                5.68812e-13
xc2.xcore.tail__t227                   1.21824
xc2.xcore.ibias__t209                  1.26323
xc2.xcore.vss__t209                2.27586e-05
xc2.xcore.vss__t261                5.63871e-13
xc2.xcore.vss__t97                 2.25592e-05
xc2.xcore.ibias__t192                  1.26323
xc2.xcore.tail__t319                   1.21824
xc2.xcore.vss__t262                5.58931e-13
xc2.xcore.tail__t218                   1.21824
xc2.xcore.ibias__t191                  1.26323
xc2.xcore.vss__t200                2.23598e-05
xc2.xcore.vss__t263                5.53991e-13
xc2.xcore.vss__t96                 2.21605e-05
xc2.xcore.ibias__t190                  1.26323
xc2.xcore.tail__t318                   1.21824
xc2.xcore.vss__t264                5.49052e-13
xc2.xcore.tail__t217                   1.21824
xc2.xcore.ibias__t189                  1.26323
xc2.xcore.vss__t199                2.19611e-05
xc2.xcore.vss__t265                5.44112e-13
xc2.xcore.vss__t95                 2.17618e-05
xc2.xcore.ibias__t188                  1.26323
xc2.xcore.tail__t317                   1.21824
xc2.xcore.vss__t266                5.39172e-13
xc2.xcore.tail__t216                   1.21824
xc2.xcore.ibias__t187                  1.26323
xc2.xcore.vss__t198                2.15624e-05
xc2.xcore.vss__t267                5.34233e-13
xc2.xcore.vss__t94                 2.13631e-05
xc2.xcore.ibias__t186                  1.26323
xc2.xcore.tail__t316                   1.21824
xc2.xcore.vss__t268                5.29294e-13
xc2.xcore.tail__t215                   1.21824
xc2.xcore.ibias__t185                  1.26323
xc2.xcore.vss__t197                2.11638e-05
xc2.xcore.vss__t269                5.24355e-13
xc2.xcore.vss__t93                 2.09644e-05
xc2.xcore.ibias__t184                  1.26323
xc2.xcore.tail__t315                   1.21824
xc2.xcore.vss__t270                5.19416e-13
xc2.xcore.tail__t214                   1.21824
xc2.xcore.ibias__t183                  1.26323
xc2.xcore.vss__t196                2.07651e-05
xc2.xcore.vss__t271                5.14477e-13
xc2.xcore.vss__t92                 2.05658e-05
xc2.xcore.ibias__t182                  1.26323
xc2.xcore.tail__t314                   1.21824
xc2.xcore.vss__t272                5.09538e-13
xc2.xcore.tail__t213                   1.21824
xc2.xcore.ibias__t181                  1.26323
xc2.xcore.vss__t195                2.03665e-05
xc2.xcore.vss__t273                5.04599e-13
xc2.xcore.vss__t91                 2.01672e-05
xc2.xcore.ibias__t180                  1.26323
xc2.xcore.tail__t313                   1.21824
xc2.xcore.vss__t274                4.99661e-13
xc2.xcore.tail__t212                   1.21824
xc2.xcore.ibias__t179                  1.26323
xc2.xcore.vss__t194                1.99679e-05
xc2.xcore.vss__t275                4.94723e-13
xc2.xcore.vss__t90                 1.97686e-05
xc2.xcore.ibias__t178                  1.26323
xc2.xcore.tail__t312                   1.21824
xc2.xcore.vss__t276                4.89785e-13
xc2.xcore.tail__t206                   1.21824
xc2.xcore.ibias__t161                  1.26323
xc2.xcore.vss__t184                1.95693e-05
xc2.xcore.vss__t277                4.84847e-13
xc2.xcore.vss__t57                   1.937e-05
xc2.xcore.ibias__t112                  1.26323
xc2.xcore.tail__t283                   1.21824
xc2.xcore.vss__t278                4.79909e-13
xc2.xcore.tail__t183                   1.21824
xc2.xcore.ibias__t111                  1.26323
xc2.xcore.vss__t160                1.91708e-05
xc2.xcore.vss__t279                4.74971e-13
xc2.xcore.vss__t56                 1.89715e-05
xc2.xcore.ibias__t110                  1.26323
xc2.xcore.tail__t282                   1.21824
xc2.xcore.vss__t280                4.70034e-13
xc2.xcore.tail__t182                   1.21824
xc2.xcore.ibias__t109                  1.26323
xc2.xcore.vss__t159                1.87722e-05
xc2.xcore.vss__t281                4.65097e-13
xc2.xcore.vss__t55                  1.8573e-05
xc2.xcore.ibias__t108                  1.26323
xc2.xcore.tail__t281                   1.21825
xc2.xcore.vss__t282                 4.6016e-13
xc2.xcore.tail__t181                   1.21825
xc2.xcore.ibias__t107                  1.26323
xc2.xcore.vss__t158                1.83738e-05
xc2.xcore.vss__t283                4.55223e-13
xc2.xcore.vss__t54                 1.81745e-05
xc2.xcore.ibias__t106                  1.26323
xc2.xcore.tail__t280                   1.21825
xc2.xcore.vss__t284                4.50286e-13
xc2.xcore.tail__t180                   1.21825
xc2.xcore.ibias__t105                  1.26323
xc2.xcore.vss__t157                1.79753e-05
xc2.xcore.vss__t285                 4.4535e-13
xc2.xcore.vss__t53                 1.77761e-05
xc2.xcore.ibias__t104                  1.26323
xc2.xcore.tail__t279                   1.21825
xc2.xcore.vss__t286                4.40414e-13
xc2.xcore.tail__t205                   1.21825
xc2.xcore.ibias__t156                  1.26323
xc2.xcore.vss__t182                1.75769e-05
xc2.xcore.vss__t287                4.35478e-13
xc2.xcore.vss__t79                 1.73777e-05
xc2.xcore.ibias__t155                  1.26323
xc2.xcore.tail__t305                   1.21825
xc2.xcore.vss__t288                4.30542e-13
xc2.xcore.tail__t204                   1.21825
xc2.xcore.ibias__t154                  1.26323
xc2.xcore.vss__t181                1.71785e-05
xc2.xcore.vss__t289                4.25607e-13
xc2.xcore.vss__t78                 1.69793e-05
xc2.xcore.ibias__t153                  1.26323
xc2.xcore.tail__t304                   1.21825
xc2.xcore.vss__t290                4.20672e-13
xc2.xcore.tail__t203                   1.21825
xc2.xcore.ibias__t152                  1.26323
xc2.xcore.vss__t180                1.67801e-05
xc2.xcore.vss__t291                4.15737e-13
xc2.xcore.vss__t77                  1.6581e-05
xc2.xcore.ibias__t151                  1.26323
xc2.xcore.tail__t303                   1.21825
xc2.xcore.vss__t292                4.10802e-13
xc2.xcore.tail__t202                   1.21825
xc2.xcore.ibias__t150                  1.26323
xc2.xcore.vss__t179                1.63818e-05
xc2.xcore.vss__t293                4.05868e-13
xc2.xcore.vss__t76                 1.61827e-05
xc2.xcore.ibias__t149                  1.26323
xc2.xcore.tail__t302                   1.21825
xc2.xcore.vss__t294                4.00934e-13
xc2.xcore.tail__t201                   1.21825
xc2.xcore.ibias__t148                  1.26323
xc2.xcore.vss__t178                1.59836e-05
xc2.xcore.vss__t295                   3.96e-13
xc2.xcore.vss__t75                 1.57845e-05
xc2.xcore.ibias__t147                  1.26323
xc2.xcore.tail__t301                   1.21825
xc2.xcore.vss__t296                3.91067e-13
xc2.xcore.tail__t200                   1.21825
xc2.xcore.ibias__t146                  1.26323
xc2.xcore.vss__t177                1.55854e-05
xc2.xcore.vss__t297                3.86134e-13
xc2.xcore.vss__t98                 1.53863e-05
xc2.xcore.ibias__t193                  1.26323
xc2.xcore.tail__t320                   1.21825
xc2.xcore.vss__t298                3.81201e-13
xc2.xcore.tail__t226                   1.21825
xc2.xcore.ibias__t208                  1.26323
xc2.xcore.vss__t208                1.51872e-05
xc2.xcore.vss__t299                3.76269e-13
xc2.xcore.vss__t105                1.49882e-05
xc2.xcore.ibias__t207                  1.26323
xc2.xcore.tail__t327                   1.21825
xc2.xcore.vss__t300                3.71337e-13
xc2.xcore.tail__t225                   1.21825
xc2.xcore.ibias__t206                  1.26323
xc2.xcore.vss__t207                1.47891e-05
xc2.xcore.vss__t301                3.66405e-13
xc2.xcore.vss__t104                1.45901e-05
xc2.xcore.ibias__t205                  1.26323
xc2.xcore.tail__t326                   1.21825
xc2.xcore.vss__t302                3.61474e-13
xc2.xcore.tail__t224                   1.21825
xc2.xcore.ibias__t204                  1.26323
xc2.xcore.vss__t206                1.43911e-05
xc2.xcore.vss__t303                3.56543e-13
xc2.xcore.vss__t103                1.41921e-05
xc2.xcore.ibias__t203                  1.26323
xc2.xcore.tail__t325                   1.21825
xc2.xcore.vss__t304                3.51613e-13
xc2.xcore.tail__t223                   1.21825
xc2.xcore.ibias__t202                  1.26323
xc2.xcore.vss__t205                1.39932e-05
xc2.xcore.vss__t305                3.46683e-13
xc2.xcore.vss__t102                1.37942e-05
xc2.xcore.ibias__t201                  1.26323
xc2.xcore.tail__t324                   1.21825
xc2.xcore.vss__t306                3.41754e-13
xc2.xcore.tail__t222                   1.21825
xc2.xcore.ibias__t200                  1.26323
xc2.xcore.vss__t204                1.35953e-05
xc2.xcore.vss__t307                3.36825e-13
xc2.xcore.vss__t101                1.33964e-05
xc2.xcore.ibias__t199                  1.26323
xc2.xcore.tail__t323                   1.21825
xc2.xcore.vss__t308                3.31897e-13
xc2.xcore.tail__t221                   1.21825
xc2.xcore.ibias__t198                  1.26323
xc2.xcore.vss__t203                1.31975e-05
xc2.xcore.vss__t309                3.26969e-13
xc2.xcore.vss__t100                1.29986e-05
xc2.xcore.ibias__t197                  1.26323
xc2.xcore.tail__t322                   1.21825
xc2.xcore.vss__t310                3.22042e-13
xc2.xcore.tail__t220                   1.21825
xc2.xcore.ibias__t196                  1.26323
xc2.xcore.vss__t202                1.27998e-05
xc2.xcore.vss__t311                3.17115e-13
xc2.xcore.vss__t80                  1.2601e-05
xc2.xcore.ibias__t157                  1.26323
xc2.xcore.tail__t306                   1.21825
xc2.xcore.vss__t312                3.12189e-13
xc2.xcore.tail__t185                   1.21826
xc2.xcore.ibias__t116                  1.26323
xc2.xcore.vss__t162                1.24022e-05
xc2.xcore.vss__t313                3.07264e-13
xc2.xcore.vss__t59                 1.22034e-05
xc2.xcore.ibias__t115                  1.26323
xc2.xcore.tail__t285                   1.21826
xc2.xcore.vss__t314                3.02339e-13
xc2.xcore.tail__t184                   1.21826
xc2.xcore.ibias__t114                  1.26323
xc2.xcore.vss__t161                1.20047e-05
xc2.xcore.vss__t315                2.97416e-13
xc2.xcore.vss__t71                  1.1806e-05
xc2.xcore.ibias__t139                  1.26323
xc2.xcore.tail__t297                   1.21826
xc2.xcore.vss__t316                2.92492e-13
xc2.xcore.tail__t196                   1.21826
xc2.xcore.ibias__t138                  1.26323
xc2.xcore.vss__t173                1.16073e-05
xc2.xcore.vss__t317                 2.8757e-13
xc2.xcore.vss__t70                 1.14087e-05
xc2.xcore.ibias__t137                  1.26323
xc2.xcore.tail__t296                   1.21826
xc2.xcore.vss__t318                2.82649e-13
xc2.xcore.tail__t195                   1.21826
xc2.xcore.ibias__t136                  1.26323
xc2.xcore.vss__t172                1.12101e-05
xc2.xcore.vss__t319                2.77728e-13
xc2.xcore.vss__t69                 1.10115e-05
xc2.xcore.ibias__t135                  1.26323
xc2.xcore.tail__t295                   1.21826
xc2.xcore.vss__t320                2.72808e-13
xc2.xcore.tail__t194                   1.21826
xc2.xcore.ibias__t134                  1.26323
xc2.xcore.vss__t171                 1.0813e-05
xc2.xcore.vss__t321                 2.6789e-13
xc2.xcore.vss__t61                 1.06145e-05
xc2.xcore.ibias__t119                  1.26323
xc2.xcore.tail__t287                   1.21826
xc2.xcore.vss__t322                2.62972e-13
xc2.xcore.tail__t179                   1.21826
xc2.xcore.ibias__t103                  1.26323
xc2.xcore.vss__t156                1.04161e-05
xc2.xcore.vss__t323                2.58056e-13
xc2.xcore.vss__t48                 1.02177e-05
xc2.xcore.ibias__t92                   1.26323
xc2.xcore.tail__t274                   1.21826
xc2.xcore.vss__t324                 2.5314e-13
xc2.xcore.tail__t178                   1.21826
xc2.xcore.ibias__t102                  1.26323
xc2.xcore.vss__t155                1.00193e-05
xc2.xcore.vss__t325                2.48226e-13
xc2.xcore.vss__t52                 9.82105e-06
xc2.xcore.ibias__t101                  1.26323
xc2.xcore.tail__t278                   1.21826
xc2.xcore.vss__t326                2.43314e-13
xc2.xcore.tail__t177                   1.21826
xc2.xcore.ibias__t100                  1.26323
xc2.xcore.vss__t154                9.62281e-06
xc2.xcore.vss__t327                2.38402e-13
xc2.xcore.vss__t51                 9.42464e-06
xc2.xcore.ibias__t99                   1.26323
xc2.xcore.tail__t277                   1.21826
xc2.xcore.vss__t328                2.33492e-13
xc2.xcore.tail__t176                   1.21826
xc2.xcore.ibias__t98                   1.26323
xc2.xcore.vss__t153                9.22654e-06
xc2.xcore.vss__t329                2.28584e-13
xc2.xcore.vss__t58                  9.0285e-06
xc2.xcore.ibias__t113                  1.26323
xc2.xcore.tail__t284                   1.21826
xc2.xcore.vss__t330                2.23678e-13
xc2.xcore.tail__t174                   1.21826
xc2.xcore.ibias__t96                   1.26323
xc2.xcore.vss__t151                8.83053e-06
xc2.xcore.vss__t331                2.18773e-13
xc2.xcore.vss__t50                 8.63264e-06
xc2.xcore.ibias__t95                   1.26323
xc2.xcore.tail__t276                   1.21826
xc2.xcore.vss__t332                 2.1387e-13
xc2.xcore.tail__t173                   1.21826
xc2.xcore.ibias__t94                   1.26323
xc2.xcore.vss__t150                8.43483e-06
xc2.xcore.vss__t333                2.08969e-13
xc2.xcore.vss__t49                 8.23711e-06
xc2.xcore.ibias__t93                   1.26323
xc2.xcore.tail__t275                   1.21826
xc2.xcore.vss__t334                2.04071e-13
xc2.xcore.tail__t172                   1.21826
xc2.xcore.ibias__t91                   1.26323
xc2.xcore.vss__t149                8.03949e-06
xc2.xcore.vss__t335                1.99174e-13
xc2.xcore.vss__t47                 7.84197e-06
xc2.xcore.ibias__t90                   1.26323
xc2.xcore.tail__t273                   1.21826
xc2.xcore.vss__t336                1.94281e-13
xc2.xcore.tail__t171                   1.21826
xc2.xcore.ibias__t89                   1.26323
xc2.xcore.vss__t148                7.64456e-06
xc2.xcore.vss__t337                 1.8939e-13
xc2.xcore.vss__t46                 7.44727e-06
xc2.xcore.ibias__t88                   1.26323
xc2.xcore.tail__t272                   1.21826
xc2.xcore.vss__t338                1.84502e-13
xc2.xcore.tail__t170                   1.21826
xc2.xcore.ibias__t87                   1.26323
xc2.xcore.vss__t147                7.25011e-06
xc2.xcore.vss__t339                1.79617e-13
xc2.xcore.vss__t45                 7.05309e-06
xc2.xcore.ibias__t86                   1.26323
xc2.xcore.tail__t271                   1.21826
xc2.xcore.vss__t340                1.74736e-13
xc2.xcore.tail__t169                   1.21826
xc2.xcore.ibias__t85                   1.26323
xc2.xcore.vss__t146                6.85622e-06
xc2.xcore.vss__t341                1.69859e-13
xc2.xcore.vss__t44                 6.65952e-06
xc2.xcore.ibias__t84                   1.26323
xc2.xcore.tail__t270                   1.21826
xc2.xcore.vss__t342                1.64985e-13
xc2.xcore.tail__t168                   1.21826
xc2.xcore.ibias__t83                   1.26323
xc2.xcore.vss__t145                  6.463e-06
xc2.xcore.vss__t343                1.60117e-13
xc2.xcore.vss__t66                 6.26668e-06
xc2.xcore.ibias__t129                  1.26323
xc2.xcore.tail__t292                   1.21827
xc2.xcore.vss__t344                1.55253e-13
xc2.xcore.tail__t199                   1.21827
xc2.xcore.ibias__t144                  1.26323
xc2.xcore.vss__t176                6.07058e-06
xc2.xcore.vss__t345                1.50394e-13
xc2.xcore.vss__t73                 5.87471e-06
xc2.xcore.ibias__t143                  1.26323
xc2.xcore.tail__t299                   1.21827
xc2.xcore.vss__t346                1.45542e-13
xc2.xcore.tail__t198                   1.21827
xc2.xcore.ibias__t142                  1.26323
xc2.xcore.vss__t175                5.67911e-06
xc2.xcore.vss__t347                1.40696e-13
xc2.xcore.vss__t72                  5.4838e-06
xc2.xcore.ibias__t141                  1.26323
xc2.xcore.tail__t298                   1.21827
xc2.xcore.vss__t348                1.35857e-13
xc2.xcore.outp__t53                    2.80076
xc2.xcore.inp__t1                        2.805
xc2.xcore.tail__t0                     1.21834
xc2.xcore.vss__t460                8.73397e-12
xc2.xcore.tail__t119                   1.21834
xc2.xcore.inp__t53                       2.805
xc2.xcore.outp__t52                    2.80075
xc2.xcore.vss__t462                8.81643e-12
xc2.xcore.outp__t46                    2.80075
xc2.xcore.inp__t52                       2.805
xc2.xcore.tail__t118                   1.21834
xc2.xcore.vss__t463                8.89889e-12
xc2.xcore.tail__t58                    1.21834
xc2.xcore.inp__t61                       2.805
xc2.xcore.outp__t82                    2.80075
xc2.xcore.vss__t464                8.98135e-12
xc2.xcore.outp__t30                    2.80075
xc2.xcore.inp__t24                       2.805
xc2.xcore.tail__t98                    1.21834
xc2.xcore.vss__t465                9.06381e-12
xc2.xcore.tail__t38                    1.21834
xc2.xcore.inp__t23                       2.805
xc2.xcore.outp__t64                    2.80075
xc2.xcore.vss__t466                9.14627e-12
xc2.xcore.outp__t29                    2.80075
xc2.xcore.inp__t22                       2.805
xc2.xcore.tail__t97                    1.21834
xc2.xcore.vss__t467                9.22873e-12
xc2.xcore.tail__t37                    1.21835
xc2.xcore.inp__t21                       2.805
xc2.xcore.outp__t63                    2.80074
xc2.xcore.vss__t468                9.31118e-12
xc2.xcore.outp__t28                    2.80074
xc2.xcore.inp__t20                       2.805
xc2.xcore.tail__t96                    1.21835
xc2.xcore.vss__t469                9.39364e-12
xc2.xcore.tail__t36                    1.21835
xc2.xcore.inp__t19                       2.805
xc2.xcore.outp__t62                    2.80074
xc2.xcore.vss__t470                9.47609e-12
xc2.xcore.outp__t27                    2.80074
xc2.xcore.inp__t18                       2.805
xc2.xcore.tail__t95                    1.21835
xc2.xcore.vss__t471                9.55854e-12
xc2.xcore.tail__t35                    1.21835
xc2.xcore.inp__t17                       2.805
xc2.xcore.outp__t61                    2.80074
xc2.xcore.vss__t472                9.64099e-12
xc2.xcore.outp__t26                    2.80074
xc2.xcore.inp__t16                       2.805
xc2.xcore.tail__t94                    1.21835
xc2.xcore.vss__t473                9.72344e-12
xc2.xcore.tail__t33                    1.21835
xc2.xcore.inp__t15                       2.805
xc2.xcore.outp__t60                    2.80073
xc2.xcore.vss__t474                9.80589e-12
xc2.xcore.outp__t47                    2.80073
xc2.xcore.inp__t54                       2.805
xc2.xcore.tail__t120                   1.21835
xc2.xcore.vss__t475                9.88833e-12
xc2.xcore.tail__t54                    1.21835
xc2.xcore.inp__t55                       2.805
xc2.xcore.outp__t78                    2.80073
xc2.xcore.vss__t476                9.97078e-12
xc2.xcore.outp__t51                    2.80073
xc2.xcore.inp__t63                       2.805
xc2.xcore.tail__t126                   1.21835
xc2.xcore.vss__t477                1.00532e-11
xc2.xcore.tail__t57                    1.21835
xc2.xcore.inp__t60                       2.805
xc2.xcore.outp__t81                    2.80073
xc2.xcore.vss__t478                1.01357e-11
xc2.xcore.outp__t49                    2.80073
xc2.xcore.inp__t59                       2.805
xc2.xcore.tail__t122                   1.21835
xc2.xcore.vss__t479                1.02181e-11
xc2.xcore.tail__t56                    1.21835
xc2.xcore.inp__t58                       2.805
xc2.xcore.outp__t80                    2.80073
xc2.xcore.vss__t480                1.03005e-11
xc2.xcore.outp__t48                    2.80072
xc2.xcore.inp__t57                       2.805
xc2.xcore.tail__t121                   1.21836
xc2.xcore.vss__t481                 1.0383e-11
xc2.xcore.tail__t55                    1.21836
xc2.xcore.inp__t56                       2.805
xc2.xcore.outp__t79                    2.80072
xc2.xcore.vss__t482                1.04654e-11
xc2.xcore.outp__t24                    2.80072
xc2.xcore.inp__t11                       2.805
xc2.xcore.tail__t92                    1.21836
xc2.xcore.vss__t483                1.05478e-11
xc2.xcore.tail__t30                    1.21836
xc2.xcore.inp__t10                       2.805
xc2.xcore.outp__t57                    2.80072
xc2.xcore.vss__t484                1.06302e-11
xc2.xcore.outp__t23                    2.80072
xc2.xcore.inp__t9                        2.805
xc2.xcore.tail__t88                    1.21836
xc2.xcore.vss__t485                1.07127e-11
xc2.xcore.tail__t32                    1.21836
xc2.xcore.inp__t14                       2.805
xc2.xcore.outp__t59                    2.80072
xc2.xcore.vss__t486                1.07951e-11
xc2.xcore.outp__t25                    2.80071
xc2.xcore.inp__t13                       2.805
xc2.xcore.tail__t93                    1.21836
xc2.xcore.vss__t487                1.08775e-11
xc2.xcore.tail__t60                    1.21836
xc2.xcore.inp__t0                        2.805
xc2.xcore.outp__t83                    2.80071
xc2.xcore.vss__t488                1.09599e-11
xc2.xcore.outp__t50                    2.80071
xc2.xcore.inp__t62                       2.805
xc2.xcore.tail__t123                   1.21836
xc2.xcore.vss__t489                1.10423e-11
xc2.xcore.tail__t42                    1.21836
xc2.xcore.inp__t29                       2.805
xc2.xcore.outp__t67                    2.80071
xc2.xcore.vss__t490                1.11247e-11
xc2.xcore.outp__t32                    2.80071
xc2.xcore.inp__t28                       2.805
xc2.xcore.tail__t102                   1.21836
xc2.xcore.vss__t491                1.12071e-11
xc2.xcore.tail__t41                    1.21836
xc2.xcore.inp__t27                       2.805
xc2.xcore.outp__t66                    2.80071
xc2.xcore.vss__t492                1.12895e-11
xc2.xcore.outp__t31                     2.8007
xc2.xcore.inp__t26                       2.805
xc2.xcore.tail__t101                   1.21836
xc2.xcore.vss__t493                1.13719e-11
xc2.xcore.tail__t40                    1.21837
xc2.xcore.inp__t25                       2.805
xc2.xcore.outp__t65                     2.8007
xc2.xcore.vss__t494                1.14543e-11
xc2.xcore.outp__t20                     2.8007
xc2.xcore.inp__t4                        2.805
xc2.xcore.tail__t74                    1.21837
xc2.xcore.vss__t495                1.15367e-11
xc2.xcore.tail__t14                    1.21837
xc2.xcore.inp__t3                        2.805
xc2.xcore.outp__t54                     2.8007
xc2.xcore.vss__t496                1.16191e-11
xc2.xcore.outp__t22                     2.8007
xc2.xcore.inp__t7                        2.805
xc2.xcore.tail__t76                    1.21837
xc2.xcore.vss__t497                1.17015e-11
xc2.xcore.tail__t16                    1.21837
xc2.xcore.inp__t6                        2.805
xc2.xcore.outp__t55                     2.8007
xc2.xcore.vss__t498                1.17839e-11
xc2.xcore.outp__t21                    2.80069
xc2.xcore.inp__t5                        2.805
xc2.xcore.tail__t75                    1.21837
xc2.xcore.vss__t499                1.18663e-11
xc2.xcore.tail__t19                    1.21837
xc2.xcore.inp__t8                        2.805
xc2.xcore.outp__t56                    2.80069
xc2.xcore.vss__t500                1.19487e-11
xc2.xcore.outp__t45                    2.80069
xc2.xcore.inp__t50                       2.805
xc2.xcore.tail__t116                   1.21837
xc2.xcore.vss__t501                 1.2031e-11
xc2.xcore.tail__t51                    1.21837
xc2.xcore.inp__t49                       2.805
xc2.xcore.outp__t76                    2.80069
xc2.xcore.vss__t502                1.21134e-11
xc2.xcore.outp__t44                    2.80069
xc2.xcore.inp__t48                       2.805
xc2.xcore.tail__t115                   1.21837
xc2.xcore.vss__t503                1.21958e-11
xc2.xcore.tail__t50                    1.21837
xc2.xcore.inp__t47                       2.805
xc2.xcore.outp__t75                    2.80069
xc2.xcore.vss__t504                1.22782e-11
xc2.xcore.outp__t43                    2.80069
xc2.xcore.inp__t46                       2.805
xc2.xcore.tail__t114                   1.21837
xc2.xcore.vss__t505                1.23605e-11
xc2.xcore.tail__t49                    1.21837
xc2.xcore.inp__t45                       2.805
xc2.xcore.outp__t74                    2.80068
xc2.xcore.vss__t506                1.24429e-11
xc2.xcore.outp__t42                    2.80068
xc2.xcore.inp__t44                       2.805
xc2.xcore.tail__t113                   1.21838
xc2.xcore.vss__t507                1.25252e-11
xc2.xcore.tail__t48                    1.21838
xc2.xcore.inp__t43                       2.805
xc2.xcore.outp__t73                    2.80068
xc2.xcore.vss__t508                1.26076e-11
xc2.xcore.outp__t41                    2.80068
xc2.xcore.inp__t42                       2.805
xc2.xcore.tail__t112                   1.21838
xc2.xcore.vss__t509                1.26899e-11
xc2.xcore.tail__t47                    1.21838
xc2.xcore.inp__t41                       2.805
xc2.xcore.outp__t72                    2.80068
xc2.xcore.vss__t510                1.27723e-11
xc2.xcore.outp__t40                    2.80068
xc2.xcore.inp__t40                       2.805
xc2.xcore.tail__t111                   1.21838
xc2.xcore.vss__t511                1.28546e-11
xc2.xcore.tail__t46                    1.21838
xc2.xcore.inp__t39                       2.805
xc2.xcore.outp__t71                    2.80067
xc2.xcore.vss__t512                 1.2937e-11
xc2.xcore.outp__t39                    2.80067
xc2.xcore.inp__t38                       2.805
xc2.xcore.tail__t110                   1.21838
xc2.xcore.vss__t513                1.30193e-11
xc2.xcore.tail__t53                    1.21838
xc2.xcore.inp__t51                       2.805
xc2.xcore.outp__t77                    2.80067
xc2.xcore.vss__t514                1.31016e-11
xc2.xcore.outp__t38                    2.80067
xc2.xcore.inp__t37                       2.805
xc2.xcore.tail__t108                   1.21838
xc2.xcore.vss__t515                 1.3184e-11
xc2.xcore.tail__t45                    1.21838
xc2.xcore.inp__t36                       2.805
xc2.xcore.outp__t70                    2.80067
xc2.xcore.vss__t516                1.32663e-11
xc2.xcore.outp__t37                    2.80067
xc2.xcore.inp__t35                       2.805
xc2.xcore.tail__t107                   1.21838
xc2.xcore.vss__t517                1.33486e-11
xc2.xcore.tail__t44                    1.21838
xc2.xcore.inp__t34                       2.805
xc2.xcore.outp__t69                    2.80066
xc2.xcore.vss__t518                1.34309e-11
xc2.xcore.outp__t36                    2.80066
xc2.xcore.inp__t33                       2.805
xc2.xcore.tail__t106                   1.21838
xc2.xcore.vss__t519                1.35133e-11
xc2.xcore.tail__t31                    1.21839
xc2.xcore.inp__t12                       2.805
xc2.xcore.outp__t58                    2.80066
xc2.xcore.vss__t520                1.35956e-11
xc2.xcore.outp__t35                    2.80066
xc2.xcore.inp__t32                       2.805
xc2.xcore.tail__t104                   1.21839
xc2.xcore.vss__t521                1.36779e-11
xc2.xcore.tail__t43                    1.21839
xc2.xcore.inp__t31                       2.805
xc2.xcore.outp__t68                    2.80066
xc2.xcore.vss__t522                1.37602e-11
xc2.xcore.outp__t33                    2.80066
xc2.xcore.inp__t30                       2.805
xc2.xcore.tail__t103                   1.21839
xc2.xcore.vss__t523                1.38425e-11
xc2.xcore.tail__t1                     1.21839
xc2.xcore.inp__t2                        2.805
xc2.xcore.outp__t34                    2.80065
xc2.xcore.vss__t586                1.39248e-11
xc2.xcore.ibias__t215                  1.26049
xc2.xcore.ibias__t3                    1.26323
xc2.xcore.vss__t2                  2.51858e-05
xc2.xcore.vss__t459                6.61835e-13
xc2.xcore.vss__t81                 2.49859e-05
xc2.xcore.ibias__t158                  1.26323
xc2.xcore.ibias__t216                  1.26052
xc2.xcore.vss__t448                6.56617e-13
xc2.xcore.ibias__t213                  1.26055
xc2.xcore.ibias__t171                  1.26323
xc2.xcore.vss__t190                2.47861e-05
xc2.xcore.vss__t449                6.51398e-13
xc2.xcore.vss__t83                 2.45863e-05
xc2.xcore.ibias__t163                  1.26323
xc2.xcore.ibias__t218                  1.26058
xc2.xcore.vss__t450                6.46178e-13
xc2.xcore.ibias__t212                  1.26061
xc2.xcore.ibias__t162                  1.26323
xc2.xcore.vss__t185                2.43865e-05
xc2.xcore.vss__t451                6.40958e-13
xc2.xcore.vss__t89                 2.41867e-05
xc2.xcore.ibias__t177                  1.26323
xc2.xcore.ibias__t219                  1.26064
xc2.xcore.vss__t452                6.35738e-13
xc2.xcore.ibias__t211                  1.26067
xc2.xcore.ibias__t160                  1.26323
xc2.xcore.vss__t183                2.39868e-05
xc2.xcore.vss__t453                6.30517e-13
xc2.xcore.vss__t82                  2.3787e-05
xc2.xcore.ibias__t159                  1.26323
xc2.xcore.ibias__t217                   1.2607
xc2.xcore.vss__t454                6.25295e-13
xc2.xcore.ibias__t214                  1.26073
xc2.xcore.ibias__t174                  1.26323
xc2.xcore.vss__t192                2.35872e-05
xc2.xcore.vss__t455                6.20074e-13
xc2.xcore.vss__t3                  2.33874e-05
xc2.xcore.ibias__t4                    1.26323
xc2.xcore.ibias__t210                  1.26076
xc2.xcore.vss__t457                6.14851e-13
xc2.xcore.outn__t52                        3.3
xc2.xcore.inn__t1                        1.815
xc2.xcore.tail__t3                     1.21828
xc2.xcore.vss__t461                1.44904e-12
xc2.xcore.tail__t62                    1.21828
xc2.xcore.inn__t58                       1.815
xc2.xcore.outn__t81                        3.3
xc2.xcore.vss__t524                1.46279e-12
xc2.xcore.outn__t49                        3.3
xc2.xcore.inn__t59                       1.815
xc2.xcore.tail__t124                   1.21828
xc2.xcore.vss__t525                1.47654e-12
xc2.xcore.tail__t63                    1.21828
xc2.xcore.inn__t60                       1.815
xc2.xcore.outn__t82                        3.3
xc2.xcore.vss__t526                1.49029e-12
xc2.xcore.outn__t50                        3.3
xc2.xcore.inn__t61                       1.815
xc2.xcore.tail__t125                   1.21828
xc2.xcore.vss__t527                1.50405e-12
xc2.xcore.tail__t64                    1.21828
xc2.xcore.inn__t62                       1.815
xc2.xcore.outn__t83                        3.3
xc2.xcore.vss__t528                 1.5178e-12
xc2.xcore.outn__t46                        3.3
xc2.xcore.inn__t52                       1.815
xc2.xcore.tail__t105                   1.21828
xc2.xcore.vss__t529                1.53155e-12
xc2.xcore.tail__t15                    1.21828
xc2.xcore.inn__t21                       1.815
xc2.xcore.outn__t63                        3.3
xc2.xcore.vss__t530                1.54531e-12
xc2.xcore.outn__t45                        3.3
xc2.xcore.inn__t51                       1.815
xc2.xcore.tail__t100                   1.21828
xc2.xcore.vss__t531                1.55906e-12
xc2.xcore.tail__t34                    1.21828
xc2.xcore.inn__t48                       1.815
xc2.xcore.outn__t76                        3.3
xc2.xcore.vss__t532                1.57281e-12
xc2.xcore.outn__t44                        3.3
xc2.xcore.inn__t50                       1.815
xc2.xcore.tail__t99                    1.21828
xc2.xcore.vss__t533                1.58657e-12
xc2.xcore.tail__t61                    1.21828
xc2.xcore.inn__t57                       1.815
xc2.xcore.outn__t80                        3.3
xc2.xcore.vss__t534                1.60032e-12
xc2.xcore.outn__t40                        3.3
xc2.xcore.inn__t42                       1.815
xc2.xcore.tail__t87                    1.21828
xc2.xcore.vss__t535                1.61408e-12
xc2.xcore.tail__t27                    1.21828
xc2.xcore.inn__t41                       1.815
xc2.xcore.outn__t73                        3.3
xc2.xcore.vss__t536                1.62783e-12
xc2.xcore.outn__t39                        3.3
xc2.xcore.inn__t40                       1.815
xc2.xcore.tail__t86                    1.21828
xc2.xcore.vss__t537                1.64159e-12
xc2.xcore.tail__t26                    1.21828
xc2.xcore.inn__t39                       1.815
xc2.xcore.outn__t72                        3.3
xc2.xcore.vss__t538                1.65534e-12
xc2.xcore.outn__t38                        3.3
xc2.xcore.inn__t38                       1.815
xc2.xcore.tail__t85                    1.21828
xc2.xcore.vss__t539                 1.6691e-12
xc2.xcore.tail__t25                    1.21828
xc2.xcore.inn__t37                       1.815
xc2.xcore.outn__t71                        3.3
xc2.xcore.vss__t540                1.68285e-12
xc2.xcore.outn__t47                        3.3
xc2.xcore.inn__t53                       1.815
xc2.xcore.tail__t109                   1.21828
xc2.xcore.vss__t541                1.69661e-12
xc2.xcore.tail__t52                    1.21828
xc2.xcore.inn__t55                       1.815
xc2.xcore.outn__t78                        3.3
xc2.xcore.vss__t542                1.71037e-12
xc2.xcore.outn__t48                        3.3
xc2.xcore.inn__t54                       1.815
xc2.xcore.tail__t117                   1.21828
xc2.xcore.vss__t543                1.72412e-12
xc2.xcore.tail__t39                    1.21828
xc2.xcore.inn__t49                       1.815
xc2.xcore.outn__t77                        3.3
xc2.xcore.vss__t544                1.73788e-12
xc2.xcore.outn__t41                        3.3
xc2.xcore.inn__t43                       1.815
xc2.xcore.tail__t89                    1.21828
xc2.xcore.vss__t545                1.75164e-12
xc2.xcore.tail__t29                    1.21828
xc2.xcore.inn__t47                       1.815
xc2.xcore.outn__t75                        3.3
xc2.xcore.vss__t546                 1.7654e-12
xc2.xcore.outn__t43                        3.3
xc2.xcore.inn__t46                       1.815
xc2.xcore.tail__t91                    1.21828
xc2.xcore.vss__t547                1.77916e-12
xc2.xcore.tail__t28                    1.21828
xc2.xcore.inn__t45                       1.815
xc2.xcore.outn__t74                        3.3
xc2.xcore.vss__t548                1.79291e-12
xc2.xcore.outn__t42                        3.3
xc2.xcore.inn__t44                       1.815
xc2.xcore.tail__t90                    1.21828
xc2.xcore.vss__t549                1.80667e-12
xc2.xcore.tail__t59                    1.21828
xc2.xcore.inn__t56                       1.815
xc2.xcore.outn__t79                        3.3
xc2.xcore.vss__t550                1.82043e-12
xc2.xcore.outn__t51                        3.3
xc2.xcore.inn__t63                       1.815
xc2.xcore.tail__t127                   1.21828
xc2.xcore.vss__t551                1.83419e-12
xc2.xcore.tail__t13                    1.21828
xc2.xcore.inn__t19                       1.815
xc2.xcore.outn__t62                        3.3
xc2.xcore.vss__t552                1.84795e-12
xc2.xcore.outn__t28                        3.3
xc2.xcore.inn__t18                       1.815
xc2.xcore.tail__t72                    1.21828
xc2.xcore.vss__t553                1.86171e-12
xc2.xcore.tail__t12                    1.21828
xc2.xcore.inn__t17                       1.815
xc2.xcore.outn__t61                        3.3
xc2.xcore.vss__t554                1.87547e-12
xc2.xcore.outn__t27                        3.3
xc2.xcore.inn__t16                       1.815
xc2.xcore.tail__t71                    1.21828
xc2.xcore.vss__t555                1.88923e-12
xc2.xcore.tail__t11                    1.21828
xc2.xcore.inn__t15                       1.815
xc2.xcore.outn__t60                        3.3
xc2.xcore.vss__t556                1.90299e-12
xc2.xcore.outn__t26                        3.3
xc2.xcore.inn__t14                       1.815
xc2.xcore.tail__t70                    1.21828
xc2.xcore.vss__t557                1.91675e-12
xc2.xcore.tail__t10                    1.21828
xc2.xcore.inn__t13                       1.815
xc2.xcore.outn__t59                        3.3
xc2.xcore.vss__t558                1.93051e-12
xc2.xcore.outn__t25                        3.3
xc2.xcore.inn__t12                       1.815
xc2.xcore.tail__t69                    1.21828
xc2.xcore.vss__t559                1.94427e-12
xc2.xcore.tail__t6                     1.21828
xc2.xcore.inn__t5                        1.815
xc2.xcore.outn__t55                        3.3
xc2.xcore.vss__t560                1.95803e-12
xc2.xcore.outn__t24                        3.3
xc2.xcore.inn__t11                       1.815
xc2.xcore.tail__t68                    1.21828
xc2.xcore.vss__t561                1.97179e-12
xc2.xcore.tail__t4                     1.21828
xc2.xcore.inn__t2                        1.815
xc2.xcore.outn__t53                        3.3
xc2.xcore.vss__t562                1.98555e-12
xc2.xcore.outn__t21                        3.3
xc2.xcore.inn__t3                        1.815
xc2.xcore.tail__t65                    1.21828
xc2.xcore.vss__t563                1.99931e-12
xc2.xcore.tail__t5                     1.21828
xc2.xcore.inn__t4                        1.815
xc2.xcore.outn__t54                        3.3
xc2.xcore.vss__t564                2.01307e-12
xc2.xcore.outn__t22                        3.3
xc2.xcore.inn__t6                        1.815
xc2.xcore.tail__t66                    1.21828
xc2.xcore.vss__t565                2.02683e-12
xc2.xcore.tail__t7                     1.21828
xc2.xcore.inn__t7                        1.815
xc2.xcore.outn__t56                        3.3
xc2.xcore.vss__t566                2.04059e-12
xc2.xcore.outn__t23                        3.3
xc2.xcore.inn__t8                        1.815
xc2.xcore.tail__t67                    1.21828
xc2.xcore.vss__t567                2.05435e-12
xc2.xcore.tail__t8                     1.21828
xc2.xcore.inn__t9                        1.815
xc2.xcore.outn__t57                        3.3
xc2.xcore.vss__t568                2.06812e-12
xc2.xcore.outn__t29                        3.3
xc2.xcore.inn__t20                       1.815
xc2.xcore.tail__t73                    1.21828
xc2.xcore.vss__t569                2.08188e-12
xc2.xcore.tail__t9                     1.21828
xc2.xcore.inn__t10                       1.815
xc2.xcore.outn__t58                        3.3
xc2.xcore.vss__t570                2.09564e-12
xc2.xcore.outn__t36                        3.3
xc2.xcore.inn__t35                       1.815
xc2.xcore.tail__t83                    1.21828
xc2.xcore.vss__t571                 2.1094e-12
xc2.xcore.tail__t24                    1.21828
xc2.xcore.inn__t34                       1.815
xc2.xcore.outn__t70                        3.3
xc2.xcore.vss__t572                2.12316e-12
xc2.xcore.outn__t35                        3.3
xc2.xcore.inn__t33                       1.815
xc2.xcore.tail__t82                    1.21828
xc2.xcore.vss__t573                2.13693e-12
xc2.xcore.tail__t23                    1.21828
xc2.xcore.inn__t32                       1.815
xc2.xcore.outn__t69                        3.3
xc2.xcore.vss__t574                2.15069e-12
xc2.xcore.outn__t34                        3.3
xc2.xcore.inn__t31                       1.815
xc2.xcore.tail__t81                    1.21828
xc2.xcore.vss__t575                2.16445e-12
xc2.xcore.tail__t22                    1.21828
xc2.xcore.inn__t30                       1.815
xc2.xcore.outn__t68                        3.3
xc2.xcore.vss__t576                2.17821e-12
xc2.xcore.outn__t33                        3.3
xc2.xcore.inn__t29                       1.815
xc2.xcore.tail__t80                    1.21828
xc2.xcore.vss__t577                2.19198e-12
xc2.xcore.tail__t21                    1.21828
xc2.xcore.inn__t28                       1.815
xc2.xcore.outn__t67                        3.3
xc2.xcore.vss__t578                2.20574e-12
xc2.xcore.outn__t32                        3.3
xc2.xcore.inn__t27                       1.815
xc2.xcore.tail__t79                    1.21828
xc2.xcore.vss__t579                 2.2195e-12
xc2.xcore.tail__t20                    1.21828
xc2.xcore.inn__t26                       1.815
xc2.xcore.outn__t66                        3.3
xc2.xcore.vss__t580                2.23327e-12
xc2.xcore.outn__t37                        3.3
xc2.xcore.inn__t36                       1.815
xc2.xcore.tail__t84                    1.21828
xc2.xcore.vss__t581                2.24703e-12
xc2.xcore.tail__t18                    1.21828
xc2.xcore.inn__t25                       1.815
xc2.xcore.outn__t65                        3.3
xc2.xcore.vss__t582                2.26079e-12
xc2.xcore.outn__t31                        3.3
xc2.xcore.inn__t24                       1.815
xc2.xcore.tail__t78                    1.21828
xc2.xcore.vss__t583                2.27456e-12
xc2.xcore.tail__t17                    1.21828
xc2.xcore.inn__t23                       1.815
xc2.xcore.outn__t64                        3.3
xc2.xcore.vss__t584                2.28832e-12
xc2.xcore.outn__t30                        3.3
xc2.xcore.inn__t22                       1.815
xc2.xcore.tail__t77                    1.21828
xc2.xcore.vss__t585                2.30208e-12
xc2.xcore.tail__t2                     1.21828
xc2.xcore.inn__t0                        1.815
xc2.xcore.outn__t20                        3.3
xc2.xcore.vss__t587                2.31585e-12
xc2.xcore.vss__t210                  2.608e-12
xc2.xcore.outp__t16                    2.80086
xc2.xcore.vss__t211                2.57734e-12
xc2.xcore.outp__t17                    2.80086
xc2.xcore.vss__t212                2.54671e-12
xc2.xcore.outp__t18                    2.80086
xc2.xcore.vss__t213                2.51611e-12
xc2.xcore.outp__t19                    2.80086
xc2.xcore.vss__t214                2.48553e-12
xc2.xcore.outp__t0                     2.80086
xc2.xcore.vss__t215                2.45498e-12
xc2.xcore.outp__t1                     2.80086
xc2.xcore.vss__t216                2.42446e-12
xc2.xcore.outp__t2                     2.80086
xc2.xcore.vss__t217                2.39397e-12
xc2.xcore.outp__t3                     2.80086
xc2.xcore.vss__t218                2.36351e-12
xc2.xcore.outp__t4                     2.80086
xc2.xcore.vss__t219                2.33308e-12
xc2.xcore.outp__t15                    2.80086
xc2.xcore.vss__t220                2.30269e-12
xc2.xcore.outp__t6                     2.80086
xc2.xcore.vss__t221                2.27233e-12
xc2.xcore.outp__t7                     2.80086
xc2.xcore.vss__t222                  2.242e-12
xc2.xcore.outp__t8                     2.80086
xc2.xcore.vss__t223                2.21171e-12
xc2.xcore.outp__t9                     2.80086
xc2.xcore.vss__t224                2.18147e-12
xc2.xcore.outp__t10                    2.80086
xc2.xcore.vss__t225                2.15126e-12
xc2.xcore.outp__t11                    2.80086
xc2.xcore.vss__t226                 2.1211e-12
xc2.xcore.outp__t12                    2.80086
xc2.xcore.vss__t227                2.09098e-12
xc2.xcore.outp__t13                    2.80086
xc2.xcore.vss__t228                 2.0609e-12
xc2.xcore.outp__t14                    2.80086
xc2.xcore.vss__t229                2.03088e-12
xc2.xcore.outp__t5                     2.80086
xc2.xcore.vss__t230                2.18457e-12
xc2.xcore.outn__t0                         3.3
xc2.xcore.vss__t231                2.21955e-12
xc2.xcore.outn__t5                         3.3
xc2.xcore.vss__t232                 2.2546e-12
xc2.xcore.outn__t6                         3.3
xc2.xcore.vss__t233                2.28973e-12
xc2.xcore.outn__t7                         3.3
xc2.xcore.vss__t234                2.32492e-12
xc2.xcore.outn__t8                         3.3
xc2.xcore.vss__t235                2.36018e-12
xc2.xcore.outn__t9                         3.3
xc2.xcore.vss__t236                2.39551e-12
xc2.xcore.outn__t10                        3.3
xc2.xcore.vss__t237                2.43089e-12
xc2.xcore.outn__t11                        3.3
xc2.xcore.vss__t238                2.46632e-12
xc2.xcore.outn__t12                        3.3
xc2.xcore.vss__t239                2.50182e-12
xc2.xcore.outn__t13                        3.3
xc2.xcore.vss__t240                2.53736e-12
xc2.xcore.outn__t14                        3.3
xc2.xcore.vss__t241                2.57295e-12
xc2.xcore.outn__t15                        3.3
xc2.xcore.vss__t242                2.60859e-12
xc2.xcore.outn__t16                        3.3
xc2.xcore.vss__t243                2.64428e-12
xc2.xcore.outn__t17                        3.3
xc2.xcore.vss__t244                2.68001e-12
xc2.xcore.outn__t19                        3.3
xc2.xcore.vss__t245                2.71579e-12
xc2.xcore.outn__t18                        3.3
xc2.xcore.vss__t246                 2.7516e-12
xc2.xcore.outn__t1                         3.3
xc2.xcore.vss__t247                2.78746e-12
xc2.xcore.outn__t2                         3.3
xc2.xcore.vss__t248                2.82335e-12
xc2.xcore.outn__t3                         3.3
xc2.xcore.vss__t249                2.85928e-12
xc2.xcore.outn__t4                         3.3
ib_c2                                  1.26323
xc2.xcore.vsubs                              0
outn_c2                                    3.3
outp_c2                                2.80086
xc2.tail                               1.21828
vd_c2                                 0.499136
xcmis.xcore.tail__t186                 1.21827
xcmis.xcore.ibias__t118                1.26323
xcmis.xcore.vss__t163              5.28882e-06
xcmis.xcore.vss__t349              1.31026e-13
xcmis.xcore.vss__t60                5.0942e-06
xcmis.xcore.ibias__t117                1.26323
xcmis.xcore.tail__t286                 1.21827
xcmis.xcore.vss__t350              1.26205e-13
xcmis.xcore.tail__t197                 1.21827
xcmis.xcore.ibias__t140                1.26323
xcmis.xcore.vss__t174              4.89999e-06
xcmis.xcore.vss__t351              1.21393e-13
xcmis.xcore.vss__t68               4.70623e-06
xcmis.xcore.ibias__t133                1.26323
xcmis.xcore.tail__t294                 1.21827
xcmis.xcore.vss__t352              1.16593e-13
xcmis.xcore.tail__t193                 1.21827
xcmis.xcore.ibias__t132                1.26323
xcmis.xcore.vss__t170              4.51298e-06
xcmis.xcore.vss__t353              1.11805e-13
xcmis.xcore.vss__t67               4.32032e-06
xcmis.xcore.ibias__t131                1.26323
xcmis.xcore.tail__t293                 1.21827
xcmis.xcore.vss__t354              1.07032e-13
xcmis.xcore.tail__t192                 1.21827
xcmis.xcore.ibias__t130                1.26323
xcmis.xcore.vss__t169              4.12833e-06
xcmis.xcore.vss__t355              1.02275e-13
xcmis.xcore.vss__t74                3.9371e-06
xcmis.xcore.ibias__t145                1.26323
xcmis.xcore.tail__t300                 1.21827
xcmis.xcore.vss__t356              9.75378e-14
xcmis.xcore.tail__t191                 1.21827
xcmis.xcore.ibias__t128                1.26323
xcmis.xcore.vss__t168              3.74675e-06
xcmis.xcore.vss__t357               9.2822e-14
xcmis.xcore.vss__t65               3.55742e-06
xcmis.xcore.ibias__t127                1.26323
xcmis.xcore.tail__t291                 1.21827
xcmis.xcore.vss__t358              8.81315e-14
xcmis.xcore.tail__t190                 1.21827
xcmis.xcore.ibias__t126                1.26323
xcmis.xcore.vss__t167              3.36928e-06
xcmis.xcore.vss__t359              8.34705e-14
xcmis.xcore.vss__t64               3.18255e-06
xcmis.xcore.ibias__t125                1.26323
xcmis.xcore.tail__t290                 1.21827
xcmis.xcore.vss__t360              7.88444e-14
xcmis.xcore.tail__t189                 1.21827
xcmis.xcore.ibias__t124                1.26323
xcmis.xcore.vss__t166              2.99749e-06
xcmis.xcore.vss__t361              7.42597e-14
xcmis.xcore.vss__t63               2.81443e-06
xcmis.xcore.ibias__t123                1.26323
xcmis.xcore.tail__t289                 1.21827
xcmis.xcore.vss__t362              6.97244e-14
xcmis.xcore.tail__t188                 1.21827
xcmis.xcore.ibias__t122                1.26323
xcmis.xcore.vss__t165              2.63378e-06
xcmis.xcore.vss__t363               6.5249e-14
xcmis.xcore.vss__t62               2.45608e-06
xcmis.xcore.ibias__t121                1.26323
xcmis.xcore.tail__t288                 1.21827
xcmis.xcore.vss__t364              6.08466e-14
xcmis.xcore.tail__t187                 1.21827
xcmis.xcore.ibias__t120                1.26323
xcmis.xcore.vss__t164              2.28201e-06
xcmis.xcore.vss__t365              5.65343e-14
xcmis.xcore.vss__t26               2.11248e-06
xcmis.xcore.ibias__t0                  1.26323
xcmis.xcore.tail__t252                 1.21827
xcmis.xcore.vss__t366              5.23343e-14
xcmis.xcore.tail__t175                 1.21827
xcmis.xcore.ibias__t97                 1.26323
xcmis.xcore.vss__t152              1.94867e-06
xcmis.xcore.vss__t367              4.82761e-14
xcmis.xcore.vss__t42               1.79215e-06
xcmis.xcore.ibias__t78                 1.26323
xcmis.xcore.tail__t268                 1.21827
xcmis.xcore.vss__t368              4.43984e-14
xcmis.xcore.tail__t164                 1.21827
xcmis.xcore.ibias__t77                 1.26323
xcmis.xcore.vss__t141                1.645e-06
xcmis.xcore.vss__t369              4.07529e-14
xcmis.xcore.vss__t37               1.50996e-06
xcmis.xcore.ibias__t70                 1.26323
xcmis.xcore.tail__t263                 1.21827
xcmis.xcore.vss__t370              3.74075e-14
xcmis.xcore.tail__t167                 1.21827
xcmis.xcore.ibias__t82                 1.26323
xcmis.xcore.vss__t144              1.39057e-06
xcmis.xcore.vss__t371              3.44497e-14
xcmis.xcore.vss__t39               1.29118e-06
xcmis.xcore.ibias__t72                 1.26323
xcmis.xcore.tail__t265                 1.21827
xcmis.xcore.vss__t372              3.19873e-14
xcmis.xcore.tail__t162                 1.21827
xcmis.xcore.ibias__t73                 1.26323
xcmis.xcore.vss__t139              1.21669e-06
xcmis.xcore.vss__t373              3.01419e-14
xcmis.xcore.vss__t40               1.17186e-06
xcmis.xcore.ibias__t74                 1.26323
xcmis.xcore.tail__t266                 1.21828
xcmis.xcore.vss__t374              2.90313e-14
xcmis.xcore.tail__t163                 1.21828
xcmis.xcore.ibias__t75                 1.26323
xcmis.xcore.vss__t140              1.16014e-06
xcmis.xcore.vss__t375               2.8741e-14
xcmis.xcore.vss__t41               1.18251e-06
xcmis.xcore.ibias__t76                 1.26323
xcmis.xcore.tail__t267                 1.21828
xcmis.xcore.vss__t376              2.92953e-14
xcmis.xcore.tail__t129                 1.21828
xcmis.xcore.ibias__t9                  1.26323
xcmis.xcore.vss__t107              1.23713e-06
xcmis.xcore.vss__t377              3.06484e-14
xcmis.xcore.vss__t6                1.31999e-06
xcmis.xcore.ibias__t8                  1.26323
xcmis.xcore.tail__t232                 1.21828
xcmis.xcore.vss__t378              3.27013e-14
xcmis.xcore.tail__t128                 1.21828
xcmis.xcore.ibias__t7                  1.26323
xcmis.xcore.vss__t106              1.42619e-06
xcmis.xcore.vss__t379              3.53323e-14
xcmis.xcore.vss__t5                1.55094e-06
xcmis.xcore.ibias__t6                  1.26323
xcmis.xcore.tail__t231                 1.21828
xcmis.xcore.vss__t380              3.84227e-14
xcmis.xcore.tail__t141                 1.21828
xcmis.xcore.ibias__t31                 1.26323
xcmis.xcore.vss__t119              1.69013e-06
xcmis.xcore.vss__t381               4.1871e-14
xcmis.xcore.vss__t4                1.84049e-06
xcmis.xcore.ibias__t5                  1.26323
xcmis.xcore.tail__t230                 1.21828
xcmis.xcore.vss__t382              4.55961e-14
xcmis.xcore.tail__t158                 1.21828
xcmis.xcore.ibias__t62                 1.26323
xcmis.xcore.vss__t135               1.9995e-06
xcmis.xcore.vss__t383              4.95355e-14
xcmis.xcore.vss__t33               2.16526e-06
xcmis.xcore.ibias__t63                 1.26323
xcmis.xcore.tail__t259                 1.21828
xcmis.xcore.vss__t384              5.36421e-14
xcmis.xcore.tail__t159                 1.21828
xcmis.xcore.ibias__t64                 1.26323
xcmis.xcore.vss__t136              2.33633e-06
xcmis.xcore.vss__t385              5.78802e-14
xcmis.xcore.vss__t34               2.51162e-06
xcmis.xcore.ibias__t65                 1.26323
xcmis.xcore.tail__t260                 1.21828
xcmis.xcore.vss__t386              6.22231e-14
xcmis.xcore.tail__t160                 1.21828
xcmis.xcore.ibias__t66                 1.26323
xcmis.xcore.vss__t137              2.69032e-06
xcmis.xcore.vss__t387              6.66502e-14
xcmis.xcore.vss__t35               2.87177e-06
xcmis.xcore.ibias__t67                 1.26323
xcmis.xcore.tail__t261                 1.21828
xcmis.xcore.vss__t388              7.11458e-14
xcmis.xcore.tail__t161                 1.21828
xcmis.xcore.ibias__t68                 1.26323
xcmis.xcore.vss__t138              3.05551e-06
xcmis.xcore.vss__t389              7.56977e-14
xcmis.xcore.vss__t36               3.24113e-06
xcmis.xcore.ibias__t69                 1.26323
xcmis.xcore.tail__t262                 1.21828
xcmis.xcore.vss__t390              8.02964e-14
xcmis.xcore.tail__t130                 1.21828
xcmis.xcore.ibias__t10                 1.26323
xcmis.xcore.vss__t108              3.42832e-06
xcmis.xcore.vss__t391              8.49342e-14
xcmis.xcore.vss__t13               3.61685e-06
xcmis.xcore.ibias__t23                 1.26323
xcmis.xcore.tail__t239                 1.21828
xcmis.xcore.vss__t392              8.96051e-14
xcmis.xcore.tail__t137                 1.21828
xcmis.xcore.ibias__t24                 1.26323
xcmis.xcore.vss__t115              3.80652e-06
xcmis.xcore.vss__t393              9.43041e-14
xcmis.xcore.vss__t14               3.99716e-06
xcmis.xcore.ibias__t25                 1.26323
xcmis.xcore.tail__t240                 1.21828
xcmis.xcore.vss__t394              9.90273e-14
xcmis.xcore.tail__t138                 1.21828
xcmis.xcore.ibias__t26                 1.26323
xcmis.xcore.vss__t116              4.18865e-06
xcmis.xcore.vss__t395              1.03771e-13
xcmis.xcore.vss__t15               4.38086e-06
xcmis.xcore.ibias__t27                 1.26323
xcmis.xcore.tail__t241                 1.21828
xcmis.xcore.vss__t396              1.08534e-13
xcmis.xcore.tail__t139                 1.21828
xcmis.xcore.ibias__t28                 1.26323
xcmis.xcore.vss__t117              4.57371e-06
xcmis.xcore.vss__t397              1.13312e-13
xcmis.xcore.vss__t16               4.76712e-06
xcmis.xcore.ibias__t29                 1.26323
xcmis.xcore.tail__t242                 1.21828
xcmis.xcore.vss__t398              1.18103e-13
xcmis.xcore.tail__t140                 1.21828
xcmis.xcore.ibias__t30                 1.26323
xcmis.xcore.vss__t118              4.96103e-06
xcmis.xcore.vss__t399              1.22908e-13
xcmis.xcore.vss__t21               5.15538e-06
xcmis.xcore.ibias__t41                 1.26323
xcmis.xcore.tail__t247                 1.21828
xcmis.xcore.vss__t400              1.27723e-13
xcmis.xcore.tail__t142                 1.21828
xcmis.xcore.ibias__t32                 1.26323
xcmis.xcore.vss__t120              5.35012e-06
xcmis.xcore.vss__t401              1.32547e-13
xcmis.xcore.vss__t17               5.54521e-06
xcmis.xcore.ibias__t33                 1.26323
xcmis.xcore.tail__t243                 1.21828
xcmis.xcore.vss__t402              1.37381e-13
xcmis.xcore.tail__t143                 1.21828
xcmis.xcore.ibias__t34                 1.26323
xcmis.xcore.vss__t121              5.74061e-06
xcmis.xcore.vss__t403              1.42222e-13
xcmis.xcore.vss__t18                5.9363e-06
xcmis.xcore.ibias__t35                 1.26323
xcmis.xcore.tail__t244                 1.21828
xcmis.xcore.vss__t404               1.4707e-13
xcmis.xcore.tail__t144                 1.21828
xcmis.xcore.ibias__t36                 1.26323
xcmis.xcore.vss__t122              6.13224e-06
xcmis.xcore.vss__t405              1.51925e-13
xcmis.xcore.vss__t19               6.32842e-06
xcmis.xcore.ibias__t37                 1.26323
xcmis.xcore.tail__t245                 1.21828
xcmis.xcore.vss__t406              1.56785e-13
xcmis.xcore.tail__t145                 1.21828
xcmis.xcore.ibias__t38                 1.26323
xcmis.xcore.vss__t123               6.5248e-06
xcmis.xcore.vss__t407              1.61651e-13
xcmis.xcore.vss__t20               6.72138e-06
xcmis.xcore.ibias__t39                 1.26323
xcmis.xcore.tail__t246                 1.21828
xcmis.xcore.vss__t408              1.66521e-13
xcmis.xcore.tail__t146                 1.21828
xcmis.xcore.ibias__t40                 1.26323
xcmis.xcore.vss__t124              6.91814e-06
xcmis.xcore.vss__t409              1.71396e-13
xcmis.xcore.vss__t8                7.11505e-06
xcmis.xcore.ibias__t12                 1.26323
xcmis.xcore.tail__t234                 1.21828
xcmis.xcore.vss__t410              1.76274e-13
xcmis.xcore.tail__t135                 1.21828
xcmis.xcore.ibias__t21                 1.26323
xcmis.xcore.vss__t113              7.31212e-06
xcmis.xcore.vss__t411              1.81157e-13
xcmis.xcore.vss__t9                7.50932e-06
xcmis.xcore.ibias__t13                 1.26323
xcmis.xcore.tail__t235                 1.21828
xcmis.xcore.vss__t412              1.86043e-13
xcmis.xcore.tail__t131                 1.21828
xcmis.xcore.ibias__t14                 1.26323
xcmis.xcore.vss__t109              7.70665e-06
xcmis.xcore.vss__t413              1.90932e-13
xcmis.xcore.vss__t10               7.90409e-06
xcmis.xcore.ibias__t15                 1.26323
xcmis.xcore.tail__t236                 1.21828
xcmis.xcore.vss__t414              1.95824e-13
xcmis.xcore.tail__t134                 1.21828
xcmis.xcore.ibias__t20                 1.26323
xcmis.xcore.vss__t112              8.10165e-06
xcmis.xcore.vss__t415              2.00718e-13
xcmis.xcore.vss__t12                8.2993e-06
xcmis.xcore.ibias__t19                 1.26323
xcmis.xcore.tail__t238                 1.21828
xcmis.xcore.vss__t416              2.05615e-13
xcmis.xcore.tail__t133                 1.21828
xcmis.xcore.ibias__t18                 1.26323
xcmis.xcore.vss__t111              8.49705e-06
xcmis.xcore.vss__t417              2.10515e-13
xcmis.xcore.vss__t11               8.69488e-06
xcmis.xcore.ibias__t17                 1.26323
xcmis.xcore.tail__t237                 1.21828
xcmis.xcore.vss__t418              2.15416e-13
xcmis.xcore.tail__t132                 1.21828
xcmis.xcore.ibias__t16                 1.26323
xcmis.xcore.vss__t110               8.8928e-06
xcmis.xcore.vss__t419               2.2032e-13
xcmis.xcore.vss__t7                9.09079e-06
xcmis.xcore.ibias__t11                 1.26323
xcmis.xcore.tail__t233                 1.21828
xcmis.xcore.vss__t420              2.25225e-13
xcmis.xcore.tail__t136                 1.21828
xcmis.xcore.ibias__t22                 1.26323
xcmis.xcore.vss__t114              9.28885e-06
xcmis.xcore.vss__t421              2.30132e-13
xcmis.xcore.vss__t23               9.48698e-06
xcmis.xcore.ibias__t45                 1.26323
xcmis.xcore.tail__t249                 1.21828
xcmis.xcore.vss__t422              2.35041e-13
xcmis.xcore.tail__t150                 1.21828
xcmis.xcore.ibias__t46                 1.26323
xcmis.xcore.vss__t127              9.68517e-06
xcmis.xcore.vss__t423              2.39952e-13
xcmis.xcore.vss__t24               9.88342e-06
xcmis.xcore.ibias__t47                 1.26323
xcmis.xcore.tail__t250                 1.21828
xcmis.xcore.vss__t424              2.44864e-13
xcmis.xcore.tail__t151                 1.21827
xcmis.xcore.ibias__t48                 1.26323
xcmis.xcore.vss__t128              1.00817e-05
xcmis.xcore.vss__t425              2.49777e-13
xcmis.xcore.vss__t25               1.02801e-05
xcmis.xcore.ibias__t49                 1.26323
xcmis.xcore.tail__t251                 1.21827
xcmis.xcore.vss__t426              2.54691e-13
xcmis.xcore.tail__t152                 1.21827
xcmis.xcore.ibias__t50                 1.26323
xcmis.xcore.vss__t129              1.04785e-05
xcmis.xcore.vss__t427              2.59607e-13
xcmis.xcore.vss__t32               1.06769e-05
xcmis.xcore.ibias__t61                 1.26323
xcmis.xcore.tail__t258                 1.21827
xcmis.xcore.vss__t428              2.64524e-13
xcmis.xcore.tail__t153                 1.21827
xcmis.xcore.ibias__t51                 1.26323
xcmis.xcore.vss__t130              1.08754e-05
xcmis.xcore.vss__t429              2.69442e-13
xcmis.xcore.vss__t27                1.1074e-05
xcmis.xcore.ibias__t52                 1.26323
xcmis.xcore.tail__t253                 1.21827
xcmis.xcore.vss__t430              2.74361e-13
xcmis.xcore.tail__t154                 1.21827
xcmis.xcore.ibias__t53                 1.26323
xcmis.xcore.vss__t131              1.12725e-05
xcmis.xcore.vss__t431              2.79281e-13
xcmis.xcore.vss__t28               1.14712e-05
xcmis.xcore.ibias__t54                 1.26323
xcmis.xcore.tail__t254                 1.21827
xcmis.xcore.vss__t432              2.84202e-13
xcmis.xcore.tail__t155                 1.21827
xcmis.xcore.ibias__t55                 1.26323
xcmis.xcore.vss__t132              1.16698e-05
xcmis.xcore.vss__t433              2.89124e-13
xcmis.xcore.vss__t29               1.18685e-05
xcmis.xcore.ibias__t56                 1.26323
xcmis.xcore.tail__t255                 1.21827
xcmis.xcore.vss__t434              2.94047e-13
xcmis.xcore.tail__t156                 1.21827
xcmis.xcore.ibias__t57                 1.26323
xcmis.xcore.vss__t133              1.20672e-05
xcmis.xcore.vss__t435               2.9897e-13
xcmis.xcore.vss__t30               1.22659e-05
xcmis.xcore.ibias__t58                 1.26323
xcmis.xcore.tail__t256                 1.21827
xcmis.xcore.vss__t436              3.03894e-13
xcmis.xcore.tail__t157                 1.21827
xcmis.xcore.ibias__t59                 1.26323
xcmis.xcore.vss__t134              1.24647e-05
xcmis.xcore.vss__t437              3.08819e-13
xcmis.xcore.vss__t31               1.26635e-05
xcmis.xcore.ibias__t60                 1.26323
xcmis.xcore.tail__t257                 1.21827
xcmis.xcore.vss__t438              3.13745e-13
xcmis.xcore.tail__t211                 1.21827
xcmis.xcore.ibias__t176                1.26323
xcmis.xcore.vss__t193              1.28623e-05
xcmis.xcore.vss__t439              3.18671e-13
xcmis.xcore.vss__t88               1.30612e-05
xcmis.xcore.ibias__t175                1.26323
xcmis.xcore.tail__t311                 1.21827
xcmis.xcore.vss__t440              3.23598e-13
xcmis.xcore.tail__t165                 1.21827
xcmis.xcore.ibias__t79                 1.26323
xcmis.xcore.vss__t142                1.326e-05
xcmis.xcore.vss__t441              3.28525e-13
xcmis.xcore.vss__t43               1.34589e-05
xcmis.xcore.ibias__t80                 1.26323
xcmis.xcore.tail__t269                 1.21827
xcmis.xcore.vss__t442              3.33453e-13
xcmis.xcore.tail__t166                 1.21827
xcmis.xcore.ibias__t81                 1.26323
xcmis.xcore.vss__t143              1.36579e-05
xcmis.xcore.vss__t443              3.38382e-13
xcmis.xcore.vss__t38               1.38568e-05
xcmis.xcore.ibias__t71                 1.26323
xcmis.xcore.tail__t264                 1.21827
xcmis.xcore.vss__t444              3.43311e-13
xcmis.xcore.tail__t147                 1.21827
xcmis.xcore.ibias__t42                 1.26323
xcmis.xcore.vss__t125              1.40557e-05
xcmis.xcore.vss__t445              3.48241e-13
xcmis.xcore.vss__t22               1.42547e-05
xcmis.xcore.ibias__t43                 1.26323
xcmis.xcore.tail__t248                 1.21827
xcmis.xcore.vss__t446              3.53171e-13
xcmis.xcore.tail__t148                 1.21827
xcmis.xcore.ibias__t44                 1.26323
xcmis.xcore.vss__t126              1.44537e-05
xcmis.xcore.vss__t447              3.58101e-13
xcmis.xcore.vss__t0                1.46527e-05
xcmis.xcore.ibias__t1                  1.26323
xcmis.xcore.tail__t149                 1.21827
xcmis.xcore.vss__t456              3.63032e-13
xcmis.xcore.tail__t229                 1.21823
xcmis.xcore.ibias__t2                  1.26323
xcmis.xcore.vss__t1                2.51512e-05
xcmis.xcore.vss__t458              6.23159e-13
xcmis.xcore.vss__t189              2.49518e-05
xcmis.xcore.ibias__t170                1.26323
xcmis.xcore.tail__t228                 1.21823
xcmis.xcore.vss__t250              6.18218e-13
xcmis.xcore.tail__t209                 1.21823
xcmis.xcore.ibias__t169                1.26323
xcmis.xcore.vss__t188              2.47524e-05
xcmis.xcore.vss__t251              6.13277e-13
xcmis.xcore.vss__t86                2.4553e-05
xcmis.xcore.ibias__t168                1.26323
xcmis.xcore.tail__t309                 1.21824
xcmis.xcore.vss__t252              6.08336e-13
xcmis.xcore.tail__t208                 1.21824
xcmis.xcore.ibias__t167                1.26323
xcmis.xcore.vss__t187              2.43536e-05
xcmis.xcore.vss__t253              6.03395e-13
xcmis.xcore.vss__t85               2.41542e-05
xcmis.xcore.ibias__t166                1.26323
xcmis.xcore.tail__t308                 1.21824
xcmis.xcore.vss__t254              5.98454e-13
xcmis.xcore.tail__t207                 1.21824
xcmis.xcore.ibias__t165                1.26323
xcmis.xcore.vss__t186              2.39548e-05
xcmis.xcore.vss__t255              5.93514e-13
xcmis.xcore.vss__t84               2.37554e-05
xcmis.xcore.ibias__t164                1.26323
xcmis.xcore.tail__t307                 1.21824
xcmis.xcore.vss__t256              5.88573e-13
xcmis.xcore.tail__t210                 1.21824
xcmis.xcore.ibias__t173                1.26323
xcmis.xcore.vss__t191              2.35561e-05
xcmis.xcore.vss__t257              5.83633e-13
xcmis.xcore.vss__t87               2.33567e-05
xcmis.xcore.ibias__t172                1.26323
xcmis.xcore.tail__t310                 1.21824
xcmis.xcore.vss__t258              5.78692e-13
xcmis.xcore.tail__t219                 1.21824
xcmis.xcore.ibias__t195                1.26323
xcmis.xcore.vss__t201              2.31573e-05
xcmis.xcore.vss__t259              5.73752e-13
xcmis.xcore.vss__t99               2.29579e-05
xcmis.xcore.ibias__t194                1.26323
xcmis.xcore.tail__t321                 1.21824
xcmis.xcore.vss__t260              5.68812e-13
xcmis.xcore.tail__t227                 1.21824
xcmis.xcore.ibias__t209                1.26323
xcmis.xcore.vss__t209              2.27586e-05
xcmis.xcore.vss__t261              5.63871e-13
xcmis.xcore.vss__t97               2.25592e-05
xcmis.xcore.ibias__t192                1.26323
xcmis.xcore.tail__t319                 1.21824
xcmis.xcore.vss__t262              5.58931e-13
xcmis.xcore.tail__t218                 1.21824
xcmis.xcore.ibias__t191                1.26323
xcmis.xcore.vss__t200              2.23598e-05
xcmis.xcore.vss__t263              5.53991e-13
xcmis.xcore.vss__t96               2.21605e-05
xcmis.xcore.ibias__t190                1.26323
xcmis.xcore.tail__t318                 1.21824
xcmis.xcore.vss__t264              5.49052e-13
xcmis.xcore.tail__t217                 1.21824
xcmis.xcore.ibias__t189                1.26323
xcmis.xcore.vss__t199              2.19611e-05
xcmis.xcore.vss__t265              5.44112e-13
xcmis.xcore.vss__t95               2.17618e-05
xcmis.xcore.ibias__t188                1.26323
xcmis.xcore.tail__t317                 1.21824
xcmis.xcore.vss__t266              5.39172e-13
xcmis.xcore.tail__t216                 1.21824
xcmis.xcore.ibias__t187                1.26323
xcmis.xcore.vss__t198              2.15624e-05
xcmis.xcore.vss__t267              5.34233e-13
xcmis.xcore.vss__t94               2.13631e-05
xcmis.xcore.ibias__t186                1.26323
xcmis.xcore.tail__t316                 1.21824
xcmis.xcore.vss__t268              5.29294e-13
xcmis.xcore.tail__t215                 1.21824
xcmis.xcore.ibias__t185                1.26323
xcmis.xcore.vss__t197              2.11638e-05
xcmis.xcore.vss__t269              5.24355e-13
xcmis.xcore.vss__t93               2.09644e-05
xcmis.xcore.ibias__t184                1.26323
xcmis.xcore.tail__t315                 1.21824
xcmis.xcore.vss__t270              5.19416e-13
xcmis.xcore.tail__t214                 1.21824
xcmis.xcore.ibias__t183                1.26323
xcmis.xcore.vss__t196              2.07651e-05
xcmis.xcore.vss__t271              5.14477e-13
xcmis.xcore.vss__t92               2.05658e-05
xcmis.xcore.ibias__t182                1.26323
xcmis.xcore.tail__t314                 1.21824
xcmis.xcore.vss__t272              5.09538e-13
xcmis.xcore.tail__t213                 1.21824
xcmis.xcore.ibias__t181                1.26323
xcmis.xcore.vss__t195              2.03665e-05
xcmis.xcore.vss__t273              5.04599e-13
xcmis.xcore.vss__t91               2.01672e-05
xcmis.xcore.ibias__t180                1.26323
xcmis.xcore.tail__t313                 1.21824
xcmis.xcore.vss__t274              4.99661e-13
xcmis.xcore.tail__t212                 1.21824
xcmis.xcore.ibias__t179                1.26323
xcmis.xcore.vss__t194              1.99679e-05
xcmis.xcore.vss__t275              4.94723e-13
xcmis.xcore.vss__t90               1.97686e-05
xcmis.xcore.ibias__t178                1.26323
xcmis.xcore.tail__t312                 1.21824
xcmis.xcore.vss__t276              4.89785e-13
xcmis.xcore.tail__t206                 1.21824
xcmis.xcore.ibias__t161                1.26323
xcmis.xcore.vss__t184              1.95693e-05
xcmis.xcore.vss__t277              4.84847e-13
xcmis.xcore.vss__t57                 1.937e-05
xcmis.xcore.ibias__t112                1.26323
xcmis.xcore.tail__t283                 1.21824
xcmis.xcore.vss__t278              4.79909e-13
xcmis.xcore.tail__t183                 1.21824
xcmis.xcore.ibias__t111                1.26323
xcmis.xcore.vss__t160              1.91708e-05
xcmis.xcore.vss__t279              4.74971e-13
xcmis.xcore.vss__t56               1.89715e-05
xcmis.xcore.ibias__t110                1.26323
xcmis.xcore.tail__t282                 1.21824
xcmis.xcore.vss__t280              4.70034e-13
xcmis.xcore.tail__t182                 1.21824
xcmis.xcore.ibias__t109                1.26323
xcmis.xcore.vss__t159              1.87722e-05
xcmis.xcore.vss__t281              4.65097e-13
xcmis.xcore.vss__t55                1.8573e-05
xcmis.xcore.ibias__t108                1.26323
xcmis.xcore.tail__t281                 1.21825
xcmis.xcore.vss__t282               4.6016e-13
xcmis.xcore.tail__t181                 1.21825
xcmis.xcore.ibias__t107                1.26323
xcmis.xcore.vss__t158              1.83738e-05
xcmis.xcore.vss__t283              4.55223e-13
xcmis.xcore.vss__t54               1.81745e-05
xcmis.xcore.ibias__t106                1.26323
xcmis.xcore.tail__t280                 1.21825
xcmis.xcore.vss__t284              4.50286e-13
xcmis.xcore.tail__t180                 1.21825
xcmis.xcore.ibias__t105                1.26323
xcmis.xcore.vss__t157              1.79753e-05
xcmis.xcore.vss__t285               4.4535e-13
xcmis.xcore.vss__t53               1.77761e-05
xcmis.xcore.ibias__t104                1.26323
xcmis.xcore.tail__t279                 1.21825
xcmis.xcore.vss__t286              4.40414e-13
xcmis.xcore.tail__t205                 1.21825
xcmis.xcore.ibias__t156                1.26323
xcmis.xcore.vss__t182              1.75769e-05
xcmis.xcore.vss__t287              4.35478e-13
xcmis.xcore.vss__t79               1.73777e-05
xcmis.xcore.ibias__t155                1.26323
xcmis.xcore.tail__t305                 1.21825
xcmis.xcore.vss__t288              4.30542e-13
xcmis.xcore.tail__t204                 1.21825
xcmis.xcore.ibias__t154                1.26323
xcmis.xcore.vss__t181              1.71785e-05
xcmis.xcore.vss__t289              4.25607e-13
xcmis.xcore.vss__t78               1.69793e-05
xcmis.xcore.ibias__t153                1.26323
xcmis.xcore.tail__t304                 1.21825
xcmis.xcore.vss__t290              4.20672e-13
xcmis.xcore.tail__t203                 1.21825
xcmis.xcore.ibias__t152                1.26323
xcmis.xcore.vss__t180              1.67801e-05
xcmis.xcore.vss__t291              4.15737e-13
xcmis.xcore.vss__t77                1.6581e-05
xcmis.xcore.ibias__t151                1.26323
xcmis.xcore.tail__t303                 1.21825
xcmis.xcore.vss__t292              4.10802e-13
xcmis.xcore.tail__t202                 1.21825
xcmis.xcore.ibias__t150                1.26323
xcmis.xcore.vss__t179              1.63818e-05
xcmis.xcore.vss__t293              4.05868e-13
xcmis.xcore.vss__t76               1.61827e-05
xcmis.xcore.ibias__t149                1.26323
xcmis.xcore.tail__t302                 1.21825
xcmis.xcore.vss__t294              4.00934e-13
xcmis.xcore.tail__t201                 1.21825
xcmis.xcore.ibias__t148                1.26323
xcmis.xcore.vss__t178              1.59836e-05
xcmis.xcore.vss__t295                 3.96e-13
xcmis.xcore.vss__t75               1.57845e-05
xcmis.xcore.ibias__t147                1.26323
xcmis.xcore.tail__t301                 1.21825
xcmis.xcore.vss__t296              3.91067e-13
xcmis.xcore.tail__t200                 1.21825
xcmis.xcore.ibias__t146                1.26323
xcmis.xcore.vss__t177              1.55854e-05
xcmis.xcore.vss__t297              3.86134e-13
xcmis.xcore.vss__t98               1.53863e-05
xcmis.xcore.ibias__t193                1.26323
xcmis.xcore.tail__t320                 1.21825
xcmis.xcore.vss__t298              3.81201e-13
xcmis.xcore.tail__t226                 1.21825
xcmis.xcore.ibias__t208                1.26323
xcmis.xcore.vss__t208              1.51872e-05
xcmis.xcore.vss__t299              3.76269e-13
xcmis.xcore.vss__t105              1.49882e-05
xcmis.xcore.ibias__t207                1.26323
xcmis.xcore.tail__t327                 1.21825
xcmis.xcore.vss__t300              3.71337e-13
xcmis.xcore.tail__t225                 1.21825
xcmis.xcore.ibias__t206                1.26323
xcmis.xcore.vss__t207              1.47891e-05
xcmis.xcore.vss__t301              3.66405e-13
xcmis.xcore.vss__t104              1.45901e-05
xcmis.xcore.ibias__t205                1.26323
xcmis.xcore.tail__t326                 1.21825
xcmis.xcore.vss__t302              3.61474e-13
xcmis.xcore.tail__t224                 1.21825
xcmis.xcore.ibias__t204                1.26323
xcmis.xcore.vss__t206              1.43911e-05
xcmis.xcore.vss__t303              3.56543e-13
xcmis.xcore.vss__t103              1.41921e-05
xcmis.xcore.ibias__t203                1.26323
xcmis.xcore.tail__t325                 1.21825
xcmis.xcore.vss__t304              3.51613e-13
xcmis.xcore.tail__t223                 1.21825
xcmis.xcore.ibias__t202                1.26323
xcmis.xcore.vss__t205              1.39932e-05
xcmis.xcore.vss__t305              3.46683e-13
xcmis.xcore.vss__t102              1.37942e-05
xcmis.xcore.ibias__t201                1.26323
xcmis.xcore.tail__t324                 1.21825
xcmis.xcore.vss__t306              3.41754e-13
xcmis.xcore.tail__t222                 1.21825
xcmis.xcore.ibias__t200                1.26323
xcmis.xcore.vss__t204              1.35953e-05
xcmis.xcore.vss__t307              3.36825e-13
xcmis.xcore.vss__t101              1.33964e-05
xcmis.xcore.ibias__t199                1.26323
xcmis.xcore.tail__t323                 1.21825
xcmis.xcore.vss__t308              3.31897e-13
xcmis.xcore.tail__t221                 1.21825
xcmis.xcore.ibias__t198                1.26323
xcmis.xcore.vss__t203              1.31975e-05
xcmis.xcore.vss__t309              3.26969e-13
xcmis.xcore.vss__t100              1.29986e-05
xcmis.xcore.ibias__t197                1.26323
xcmis.xcore.tail__t322                 1.21825
xcmis.xcore.vss__t310              3.22042e-13
xcmis.xcore.tail__t220                 1.21825
xcmis.xcore.ibias__t196                1.26323
xcmis.xcore.vss__t202              1.27998e-05
xcmis.xcore.vss__t311              3.17115e-13
xcmis.xcore.vss__t80                1.2601e-05
xcmis.xcore.ibias__t157                1.26323
xcmis.xcore.tail__t306                 1.21825
xcmis.xcore.vss__t312              3.12189e-13
xcmis.xcore.tail__t185                 1.21826
xcmis.xcore.ibias__t116                1.26323
xcmis.xcore.vss__t162              1.24022e-05
xcmis.xcore.vss__t313              3.07264e-13
xcmis.xcore.vss__t59               1.22034e-05
xcmis.xcore.ibias__t115                1.26323
xcmis.xcore.tail__t285                 1.21826
xcmis.xcore.vss__t314              3.02339e-13
xcmis.xcore.tail__t184                 1.21826
xcmis.xcore.ibias__t114                1.26323
xcmis.xcore.vss__t161              1.20047e-05
xcmis.xcore.vss__t315              2.97416e-13
xcmis.xcore.vss__t71                1.1806e-05
xcmis.xcore.ibias__t139                1.26323
xcmis.xcore.tail__t297                 1.21826
xcmis.xcore.vss__t316              2.92492e-13
xcmis.xcore.tail__t196                 1.21826
xcmis.xcore.ibias__t138                1.26323
xcmis.xcore.vss__t173              1.16073e-05
xcmis.xcore.vss__t317               2.8757e-13
xcmis.xcore.vss__t70               1.14087e-05
xcmis.xcore.ibias__t137                1.26323
xcmis.xcore.tail__t296                 1.21826
xcmis.xcore.vss__t318              2.82649e-13
xcmis.xcore.tail__t195                 1.21826
xcmis.xcore.ibias__t136                1.26323
xcmis.xcore.vss__t172              1.12101e-05
xcmis.xcore.vss__t319              2.77728e-13
xcmis.xcore.vss__t69               1.10115e-05
xcmis.xcore.ibias__t135                1.26323
xcmis.xcore.tail__t295                 1.21826
xcmis.xcore.vss__t320              2.72808e-13
xcmis.xcore.tail__t194                 1.21826
xcmis.xcore.ibias__t134                1.26323
xcmis.xcore.vss__t171               1.0813e-05
xcmis.xcore.vss__t321               2.6789e-13
xcmis.xcore.vss__t61               1.06145e-05
xcmis.xcore.ibias__t119                1.26323
xcmis.xcore.tail__t287                 1.21826
xcmis.xcore.vss__t322              2.62972e-13
xcmis.xcore.tail__t179                 1.21826
xcmis.xcore.ibias__t103                1.26323
xcmis.xcore.vss__t156              1.04161e-05
xcmis.xcore.vss__t323              2.58056e-13
xcmis.xcore.vss__t48               1.02177e-05
xcmis.xcore.ibias__t92                 1.26323
xcmis.xcore.tail__t274                 1.21826
xcmis.xcore.vss__t324               2.5314e-13
xcmis.xcore.tail__t178                 1.21826
xcmis.xcore.ibias__t102                1.26323
xcmis.xcore.vss__t155              1.00193e-05
xcmis.xcore.vss__t325              2.48226e-13
xcmis.xcore.vss__t52               9.82105e-06
xcmis.xcore.ibias__t101                1.26323
xcmis.xcore.tail__t278                 1.21826
xcmis.xcore.vss__t326              2.43314e-13
xcmis.xcore.tail__t177                 1.21826
xcmis.xcore.ibias__t100                1.26323
xcmis.xcore.vss__t154              9.62281e-06
xcmis.xcore.vss__t327              2.38402e-13
xcmis.xcore.vss__t51               9.42464e-06
xcmis.xcore.ibias__t99                 1.26323
xcmis.xcore.tail__t277                 1.21826
xcmis.xcore.vss__t328              2.33492e-13
xcmis.xcore.tail__t176                 1.21826
xcmis.xcore.ibias__t98                 1.26323
xcmis.xcore.vss__t153              9.22654e-06
xcmis.xcore.vss__t329              2.28584e-13
xcmis.xcore.vss__t58                9.0285e-06
xcmis.xcore.ibias__t113                1.26323
xcmis.xcore.tail__t284                 1.21826
xcmis.xcore.vss__t330              2.23678e-13
xcmis.xcore.tail__t174                 1.21826
xcmis.xcore.ibias__t96                 1.26323
xcmis.xcore.vss__t151              8.83053e-06
xcmis.xcore.vss__t331              2.18773e-13
xcmis.xcore.vss__t50               8.63264e-06
xcmis.xcore.ibias__t95                 1.26323
xcmis.xcore.tail__t276                 1.21826
xcmis.xcore.vss__t332               2.1387e-13
xcmis.xcore.tail__t173                 1.21826
xcmis.xcore.ibias__t94                 1.26323
xcmis.xcore.vss__t150              8.43483e-06
xcmis.xcore.vss__t333              2.08969e-13
xcmis.xcore.vss__t49               8.23711e-06
xcmis.xcore.ibias__t93                 1.26323
xcmis.xcore.tail__t275                 1.21826
xcmis.xcore.vss__t334              2.04071e-13
xcmis.xcore.tail__t172                 1.21826
xcmis.xcore.ibias__t91                 1.26323
xcmis.xcore.vss__t149              8.03949e-06
xcmis.xcore.vss__t335              1.99174e-13
xcmis.xcore.vss__t47               7.84197e-06
xcmis.xcore.ibias__t90                 1.26323
xcmis.xcore.tail__t273                 1.21826
xcmis.xcore.vss__t336              1.94281e-13
xcmis.xcore.tail__t171                 1.21826
xcmis.xcore.ibias__t89                 1.26323
xcmis.xcore.vss__t148              7.64456e-06
xcmis.xcore.vss__t337               1.8939e-13
xcmis.xcore.vss__t46               7.44727e-06
xcmis.xcore.ibias__t88                 1.26323
xcmis.xcore.tail__t272                 1.21826
xcmis.xcore.vss__t338              1.84502e-13
xcmis.xcore.tail__t170                 1.21826
xcmis.xcore.ibias__t87                 1.26323
xcmis.xcore.vss__t147              7.25011e-06
xcmis.xcore.vss__t339              1.79617e-13
xcmis.xcore.vss__t45               7.05309e-06
xcmis.xcore.ibias__t86                 1.26323
xcmis.xcore.tail__t271                 1.21826
xcmis.xcore.vss__t340              1.74736e-13
xcmis.xcore.tail__t169                 1.21826
xcmis.xcore.ibias__t85                 1.26323
xcmis.xcore.vss__t146              6.85622e-06
xcmis.xcore.vss__t341              1.69859e-13
xcmis.xcore.vss__t44               6.65952e-06
xcmis.xcore.ibias__t84                 1.26323
xcmis.xcore.tail__t270                 1.21826
xcmis.xcore.vss__t342              1.64985e-13
xcmis.xcore.tail__t168                 1.21826
xcmis.xcore.ibias__t83                 1.26323
xcmis.xcore.vss__t145                6.463e-06
xcmis.xcore.vss__t343              1.60117e-13
xcmis.xcore.vss__t66               6.26668e-06
xcmis.xcore.ibias__t129                1.26323
xcmis.xcore.tail__t292                 1.21827
xcmis.xcore.vss__t344              1.55253e-13
xcmis.xcore.tail__t199                 1.21827
xcmis.xcore.ibias__t144                1.26323
xcmis.xcore.vss__t176              6.07058e-06
xcmis.xcore.vss__t345              1.50394e-13
xcmis.xcore.vss__t73               5.87471e-06
xcmis.xcore.ibias__t143                1.26323
xcmis.xcore.tail__t299                 1.21827
xcmis.xcore.vss__t346              1.45542e-13
xcmis.xcore.tail__t198                 1.21827
xcmis.xcore.ibias__t142                1.26323
xcmis.xcore.vss__t175              5.67911e-06
xcmis.xcore.vss__t347              1.40696e-13
xcmis.xcore.vss__t72                5.4838e-06
xcmis.xcore.ibias__t141                1.26323
xcmis.xcore.tail__t298                 1.21827
xcmis.xcore.vss__t348              1.35857e-13
xcmis.xcore.outp__t53                  2.80076
xcmis.xcore.inp__t1                      2.805
xcmis.xcore.tail__t0                   1.21834
xcmis.xcore.vss__t460              8.73397e-12
xcmis.xcore.tail__t119                 1.21834
xcmis.xcore.inp__t53                     2.805
xcmis.xcore.outp__t52                  2.80075
xcmis.xcore.vss__t462              8.81643e-12
xcmis.xcore.outp__t46                  2.80075
xcmis.xcore.inp__t52                     2.805
xcmis.xcore.tail__t118                 1.21834
xcmis.xcore.vss__t463              8.89889e-12
xcmis.xcore.tail__t58                  1.21834
xcmis.xcore.inp__t61                     2.805
xcmis.xcore.outp__t82                  2.80075
xcmis.xcore.vss__t464              8.98135e-12
xcmis.xcore.outp__t30                  2.80075
xcmis.xcore.inp__t24                     2.805
xcmis.xcore.tail__t98                  1.21834
xcmis.xcore.vss__t465              9.06381e-12
xcmis.xcore.tail__t38                  1.21834
xcmis.xcore.inp__t23                     2.805
xcmis.xcore.outp__t64                  2.80075
xcmis.xcore.vss__t466              9.14627e-12
xcmis.xcore.outp__t29                  2.80075
xcmis.xcore.inp__t22                     2.805
xcmis.xcore.tail__t97                  1.21834
xcmis.xcore.vss__t467              9.22873e-12
xcmis.xcore.tail__t37                  1.21835
xcmis.xcore.inp__t21                     2.805
xcmis.xcore.outp__t63                  2.80074
xcmis.xcore.vss__t468              9.31118e-12
xcmis.xcore.outp__t28                  2.80074
xcmis.xcore.inp__t20                     2.805
xcmis.xcore.tail__t96                  1.21835
xcmis.xcore.vss__t469              9.39364e-12
xcmis.xcore.tail__t36                  1.21835
xcmis.xcore.inp__t19                     2.805
xcmis.xcore.outp__t62                  2.80074
xcmis.xcore.vss__t470              9.47609e-12
xcmis.xcore.outp__t27                  2.80074
xcmis.xcore.inp__t18                     2.805
xcmis.xcore.tail__t95                  1.21835
xcmis.xcore.vss__t471              9.55854e-12
xcmis.xcore.tail__t35                  1.21835
xcmis.xcore.inp__t17                     2.805
xcmis.xcore.outp__t61                  2.80074
xcmis.xcore.vss__t472              9.64099e-12
xcmis.xcore.outp__t26                  2.80074
xcmis.xcore.inp__t16                     2.805
xcmis.xcore.tail__t94                  1.21835
xcmis.xcore.vss__t473              9.72344e-12
xcmis.xcore.tail__t33                  1.21835
xcmis.xcore.inp__t15                     2.805
xcmis.xcore.outp__t60                  2.80073
xcmis.xcore.vss__t474              9.80589e-12
xcmis.xcore.outp__t47                  2.80073
xcmis.xcore.inp__t54                     2.805
xcmis.xcore.tail__t120                 1.21835
xcmis.xcore.vss__t475              9.88833e-12
xcmis.xcore.tail__t54                  1.21835
xcmis.xcore.inp__t55                     2.805
xcmis.xcore.outp__t78                  2.80073
xcmis.xcore.vss__t476              9.97078e-12
xcmis.xcore.outp__t51                  2.80073
xcmis.xcore.inp__t63                     2.805
xcmis.xcore.tail__t126                 1.21835
xcmis.xcore.vss__t477              1.00532e-11
xcmis.xcore.tail__t57                  1.21835
xcmis.xcore.inp__t60                     2.805
xcmis.xcore.outp__t81                  2.80073
xcmis.xcore.vss__t478              1.01357e-11
xcmis.xcore.outp__t49                  2.80073
xcmis.xcore.inp__t59                     2.805
xcmis.xcore.tail__t122                 1.21835
xcmis.xcore.vss__t479              1.02181e-11
xcmis.xcore.tail__t56                  1.21835
xcmis.xcore.inp__t58                     2.805
xcmis.xcore.outp__t80                  2.80073
xcmis.xcore.vss__t480              1.03005e-11
xcmis.xcore.outp__t48                  2.80072
xcmis.xcore.inp__t57                     2.805
xcmis.xcore.tail__t121                 1.21836
xcmis.xcore.vss__t481               1.0383e-11
xcmis.xcore.tail__t55                  1.21836
xcmis.xcore.inp__t56                     2.805
xcmis.xcore.outp__t79                  2.80072
xcmis.xcore.vss__t482              1.04654e-11
xcmis.xcore.outp__t24                  2.80072
xcmis.xcore.inp__t11                     2.805
xcmis.xcore.tail__t92                  1.21836
xcmis.xcore.vss__t483              1.05478e-11
xcmis.xcore.tail__t30                  1.21836
xcmis.xcore.inp__t10                     2.805
xcmis.xcore.outp__t57                  2.80072
xcmis.xcore.vss__t484              1.06302e-11
xcmis.xcore.outp__t23                  2.80072
xcmis.xcore.inp__t9                      2.805
xcmis.xcore.tail__t88                  1.21836
xcmis.xcore.vss__t485              1.07127e-11
xcmis.xcore.tail__t32                  1.21836
xcmis.xcore.inp__t14                     2.805
xcmis.xcore.outp__t59                  2.80072
xcmis.xcore.vss__t486              1.07951e-11
xcmis.xcore.outp__t25                  2.80071
xcmis.xcore.inp__t13                     2.805
xcmis.xcore.tail__t93                  1.21836
xcmis.xcore.vss__t487              1.08775e-11
xcmis.xcore.tail__t60                  1.21836
xcmis.xcore.inp__t0                      2.805
xcmis.xcore.outp__t83                  2.80071
xcmis.xcore.vss__t488              1.09599e-11
xcmis.xcore.outp__t50                  2.80071
xcmis.xcore.inp__t62                     2.805
xcmis.xcore.tail__t123                 1.21836
xcmis.xcore.vss__t489              1.10423e-11
xcmis.xcore.tail__t42                  1.21836
xcmis.xcore.inp__t29                     2.805
xcmis.xcore.outp__t67                  2.80071
xcmis.xcore.vss__t490              1.11247e-11
xcmis.xcore.outp__t32                  2.80071
xcmis.xcore.inp__t28                     2.805
xcmis.xcore.tail__t102                 1.21836
xcmis.xcore.vss__t491              1.12071e-11
xcmis.xcore.tail__t41                  1.21836
xcmis.xcore.inp__t27                     2.805
xcmis.xcore.outp__t66                  2.80071
xcmis.xcore.vss__t492              1.12895e-11
xcmis.xcore.outp__t31                   2.8007
xcmis.xcore.inp__t26                     2.805
xcmis.xcore.tail__t101                 1.21836
xcmis.xcore.vss__t493              1.13719e-11
xcmis.xcore.tail__t40                  1.21837
xcmis.xcore.inp__t25                     2.805
xcmis.xcore.outp__t65                   2.8007
xcmis.xcore.vss__t494              1.14543e-11
xcmis.xcore.outp__t20                   2.8007
xcmis.xcore.inp__t4                      2.805
xcmis.xcore.tail__t74                  1.21837
xcmis.xcore.vss__t495              1.15367e-11
xcmis.xcore.tail__t14                  1.21837
xcmis.xcore.inp__t3                      2.805
xcmis.xcore.outp__t54                   2.8007
xcmis.xcore.vss__t496              1.16191e-11
xcmis.xcore.outp__t22                   2.8007
xcmis.xcore.inp__t7                      2.805
xcmis.xcore.tail__t76                  1.21837
xcmis.xcore.vss__t497              1.17015e-11
xcmis.xcore.tail__t16                  1.21837
xcmis.xcore.inp__t6                      2.805
xcmis.xcore.outp__t55                   2.8007
xcmis.xcore.vss__t498              1.17839e-11
xcmis.xcore.outp__t21                  2.80069
xcmis.xcore.inp__t5                      2.805
xcmis.xcore.tail__t75                  1.21837
xcmis.xcore.vss__t499              1.18663e-11
xcmis.xcore.tail__t19                  1.21837
xcmis.xcore.inp__t8                      2.805
xcmis.xcore.outp__t56                  2.80069
xcmis.xcore.vss__t500              1.19487e-11
xcmis.xcore.outp__t45                  2.80069
xcmis.xcore.inp__t50                     2.805
xcmis.xcore.tail__t116                 1.21837
xcmis.xcore.vss__t501               1.2031e-11
xcmis.xcore.tail__t51                  1.21837
xcmis.xcore.inp__t49                     2.805
xcmis.xcore.outp__t76                  2.80069
xcmis.xcore.vss__t502              1.21134e-11
xcmis.xcore.outp__t44                  2.80069
xcmis.xcore.inp__t48                     2.805
xcmis.xcore.tail__t115                 1.21837
xcmis.xcore.vss__t503              1.21958e-11
xcmis.xcore.tail__t50                  1.21837
xcmis.xcore.inp__t47                     2.805
xcmis.xcore.outp__t75                  2.80069
xcmis.xcore.vss__t504              1.22782e-11
xcmis.xcore.outp__t43                  2.80069
xcmis.xcore.inp__t46                     2.805
xcmis.xcore.tail__t114                 1.21837
xcmis.xcore.vss__t505              1.23605e-11
xcmis.xcore.tail__t49                  1.21837
xcmis.xcore.inp__t45                     2.805
xcmis.xcore.outp__t74                  2.80068
xcmis.xcore.vss__t506              1.24429e-11
xcmis.xcore.outp__t42                  2.80068
xcmis.xcore.inp__t44                     2.805
xcmis.xcore.tail__t113                 1.21838
xcmis.xcore.vss__t507              1.25252e-11
xcmis.xcore.tail__t48                  1.21838
xcmis.xcore.inp__t43                     2.805
xcmis.xcore.outp__t73                  2.80068
xcmis.xcore.vss__t508              1.26076e-11
xcmis.xcore.outp__t41                  2.80068
xcmis.xcore.inp__t42                     2.805
xcmis.xcore.tail__t112                 1.21838
xcmis.xcore.vss__t509              1.26899e-11
xcmis.xcore.tail__t47                  1.21838
xcmis.xcore.inp__t41                     2.805
xcmis.xcore.outp__t72                  2.80068
xcmis.xcore.vss__t510              1.27723e-11
xcmis.xcore.outp__t40                  2.80068
xcmis.xcore.inp__t40                     2.805
xcmis.xcore.tail__t111                 1.21838
xcmis.xcore.vss__t511              1.28546e-11
xcmis.xcore.tail__t46                  1.21838
xcmis.xcore.inp__t39                     2.805
xcmis.xcore.outp__t71                  2.80067
xcmis.xcore.vss__t512               1.2937e-11
xcmis.xcore.outp__t39                  2.80067
xcmis.xcore.inp__t38                     2.805
xcmis.xcore.tail__t110                 1.21838
xcmis.xcore.vss__t513              1.30193e-11
xcmis.xcore.tail__t53                  1.21838
xcmis.xcore.inp__t51                     2.805
xcmis.xcore.outp__t77                  2.80067
xcmis.xcore.vss__t514              1.31016e-11
xcmis.xcore.outp__t38                  2.80067
xcmis.xcore.inp__t37                     2.805
xcmis.xcore.tail__t108                 1.21838
xcmis.xcore.vss__t515               1.3184e-11
xcmis.xcore.tail__t45                  1.21838
xcmis.xcore.inp__t36                     2.805
xcmis.xcore.outp__t70                  2.80067
xcmis.xcore.vss__t516              1.32663e-11
xcmis.xcore.outp__t37                  2.80067
xcmis.xcore.inp__t35                     2.805
xcmis.xcore.tail__t107                 1.21838
xcmis.xcore.vss__t517              1.33486e-11
xcmis.xcore.tail__t44                  1.21838
xcmis.xcore.inp__t34                     2.805
xcmis.xcore.outp__t69                  2.80066
xcmis.xcore.vss__t518              1.34309e-11
xcmis.xcore.outp__t36                  2.80066
xcmis.xcore.inp__t33                     2.805
xcmis.xcore.tail__t106                 1.21838
xcmis.xcore.vss__t519              1.35133e-11
xcmis.xcore.tail__t31                  1.21839
xcmis.xcore.inp__t12                     2.805
xcmis.xcore.outp__t58                  2.80066
xcmis.xcore.vss__t520              1.35956e-11
xcmis.xcore.outp__t35                  2.80066
xcmis.xcore.inp__t32                     2.805
xcmis.xcore.tail__t104                 1.21839
xcmis.xcore.vss__t521              1.36779e-11
xcmis.xcore.tail__t43                  1.21839
xcmis.xcore.inp__t31                     2.805
xcmis.xcore.outp__t68                  2.80066
xcmis.xcore.vss__t522              1.37602e-11
xcmis.xcore.outp__t33                  2.80066
xcmis.xcore.inp__t30                     2.805
xcmis.xcore.tail__t103                 1.21839
xcmis.xcore.vss__t523              1.38425e-11
xcmis.xcore.tail__t1                   1.21839
xcmis.xcore.inp__t2                      2.805
xcmis.xcore.outp__t34                  2.80065
xcmis.xcore.vss__t586              1.39248e-11
xcmis.xcore.ibias__t215                1.26049
xcmis.xcore.ibias__t3                  1.26323
xcmis.xcore.vss__t2                2.51858e-05
xcmis.xcore.vss__t459              6.61835e-13
xcmis.xcore.vss__t81               2.49859e-05
xcmis.xcore.ibias__t158                1.26323
xcmis.xcore.ibias__t216                1.26052
xcmis.xcore.vss__t448              6.56617e-13
xcmis.xcore.ibias__t213                1.26055
xcmis.xcore.ibias__t171                1.26323
xcmis.xcore.vss__t190              2.47861e-05
xcmis.xcore.vss__t449              6.51398e-13
xcmis.xcore.vss__t83               2.45863e-05
xcmis.xcore.ibias__t163                1.26323
xcmis.xcore.ibias__t218                1.26058
xcmis.xcore.vss__t450              6.46178e-13
xcmis.xcore.ibias__t212                1.26061
xcmis.xcore.ibias__t162                1.26323
xcmis.xcore.vss__t185              2.43865e-05
xcmis.xcore.vss__t451              6.40958e-13
xcmis.xcore.vss__t89               2.41867e-05
xcmis.xcore.ibias__t177                1.26323
xcmis.xcore.ibias__t219                1.26064
xcmis.xcore.vss__t452              6.35738e-13
xcmis.xcore.ibias__t211                1.26067
xcmis.xcore.ibias__t160                1.26323
xcmis.xcore.vss__t183              2.39868e-05
xcmis.xcore.vss__t453              6.30517e-13
xcmis.xcore.vss__t82                2.3787e-05
xcmis.xcore.ibias__t159                1.26323
xcmis.xcore.ibias__t217                 1.2607
xcmis.xcore.vss__t454              6.25295e-13
xcmis.xcore.ibias__t214                1.26073
xcmis.xcore.ibias__t174                1.26323
xcmis.xcore.vss__t192              2.35872e-05
xcmis.xcore.vss__t455              6.20074e-13
xcmis.xcore.vss__t3                2.33874e-05
xcmis.xcore.ibias__t4                  1.26323
xcmis.xcore.ibias__t210                1.26076
xcmis.xcore.vss__t457              6.14851e-13
xcmis.xcore.outn__t52                      3.3
xcmis.xcore.inn__t1                      1.815
xcmis.xcore.tail__t3                   1.21828
xcmis.xcore.vss__t461              1.44904e-12
xcmis.xcore.tail__t62                  1.21828
xcmis.xcore.inn__t58                     1.815
xcmis.xcore.outn__t81                      3.3
xcmis.xcore.vss__t524              1.46279e-12
xcmis.xcore.outn__t49                      3.3
xcmis.xcore.inn__t59                     1.815
xcmis.xcore.tail__t124                 1.21828
xcmis.xcore.vss__t525              1.47654e-12
xcmis.xcore.tail__t63                  1.21828
xcmis.xcore.inn__t60                     1.815
xcmis.xcore.outn__t82                      3.3
xcmis.xcore.vss__t526              1.49029e-12
xcmis.xcore.outn__t50                      3.3
xcmis.xcore.inn__t61                     1.815
xcmis.xcore.tail__t125                 1.21828
xcmis.xcore.vss__t527              1.50405e-12
xcmis.xcore.tail__t64                  1.21828
xcmis.xcore.inn__t62                     1.815
xcmis.xcore.outn__t83                      3.3
xcmis.xcore.vss__t528               1.5178e-12
xcmis.xcore.outn__t46                      3.3
xcmis.xcore.inn__t52                     1.815
xcmis.xcore.tail__t105                 1.21828
xcmis.xcore.vss__t529              1.53155e-12
xcmis.xcore.tail__t15                  1.21828
xcmis.xcore.inn__t21                     1.815
xcmis.xcore.outn__t63                      3.3
xcmis.xcore.vss__t530              1.54531e-12
xcmis.xcore.outn__t45                      3.3
xcmis.xcore.inn__t51                     1.815
xcmis.xcore.tail__t100                 1.21828
xcmis.xcore.vss__t531              1.55906e-12
xcmis.xcore.tail__t34                  1.21828
xcmis.xcore.inn__t48                     1.815
xcmis.xcore.outn__t76                      3.3
xcmis.xcore.vss__t532              1.57281e-12
xcmis.xcore.outn__t44                      3.3
xcmis.xcore.inn__t50                     1.815
xcmis.xcore.tail__t99                  1.21828
xcmis.xcore.vss__t533              1.58657e-12
xcmis.xcore.tail__t61                  1.21828
xcmis.xcore.inn__t57                     1.815
xcmis.xcore.outn__t80                      3.3
xcmis.xcore.vss__t534              1.60032e-12
xcmis.xcore.outn__t40                      3.3
xcmis.xcore.inn__t42                     1.815
xcmis.xcore.tail__t87                  1.21828
xcmis.xcore.vss__t535              1.61408e-12
xcmis.xcore.tail__t27                  1.21828
xcmis.xcore.inn__t41                     1.815
xcmis.xcore.outn__t73                      3.3
xcmis.xcore.vss__t536              1.62783e-12
xcmis.xcore.outn__t39                      3.3
xcmis.xcore.inn__t40                     1.815
xcmis.xcore.tail__t86                  1.21828
xcmis.xcore.vss__t537              1.64159e-12
xcmis.xcore.tail__t26                  1.21828
xcmis.xcore.inn__t39                     1.815
xcmis.xcore.outn__t72                      3.3
xcmis.xcore.vss__t538              1.65534e-12
xcmis.xcore.outn__t38                      3.3
xcmis.xcore.inn__t38                     1.815
xcmis.xcore.tail__t85                  1.21828
xcmis.xcore.vss__t539               1.6691e-12
xcmis.xcore.tail__t25                  1.21828
xcmis.xcore.inn__t37                     1.815
xcmis.xcore.outn__t71                      3.3
xcmis.xcore.vss__t540              1.68285e-12
xcmis.xcore.outn__t47                      3.3
xcmis.xcore.inn__t53                     1.815
xcmis.xcore.tail__t109                 1.21828
xcmis.xcore.vss__t541              1.69661e-12
xcmis.xcore.tail__t52                  1.21828
xcmis.xcore.inn__t55                     1.815
xcmis.xcore.outn__t78                      3.3
xcmis.xcore.vss__t542              1.71037e-12
xcmis.xcore.outn__t48                      3.3
xcmis.xcore.inn__t54                     1.815
xcmis.xcore.tail__t117                 1.21828
xcmis.xcore.vss__t543              1.72412e-12
xcmis.xcore.tail__t39                  1.21828
xcmis.xcore.inn__t49                     1.815
xcmis.xcore.outn__t77                      3.3
xcmis.xcore.vss__t544              1.73788e-12
xcmis.xcore.outn__t41                      3.3
xcmis.xcore.inn__t43                     1.815
xcmis.xcore.tail__t89                  1.21828
xcmis.xcore.vss__t545              1.75164e-12
xcmis.xcore.tail__t29                  1.21828
xcmis.xcore.inn__t47                     1.815
xcmis.xcore.outn__t75                      3.3
xcmis.xcore.vss__t546               1.7654e-12
xcmis.xcore.outn__t43                      3.3
xcmis.xcore.inn__t46                     1.815
xcmis.xcore.tail__t91                  1.21828
xcmis.xcore.vss__t547              1.77916e-12
xcmis.xcore.tail__t28                  1.21828
xcmis.xcore.inn__t45                     1.815
xcmis.xcore.outn__t74                      3.3
xcmis.xcore.vss__t548              1.79291e-12
xcmis.xcore.outn__t42                      3.3
xcmis.xcore.inn__t44                     1.815
xcmis.xcore.tail__t90                  1.21828
xcmis.xcore.vss__t549              1.80667e-12
xcmis.xcore.tail__t59                  1.21828
xcmis.xcore.inn__t56                     1.815
xcmis.xcore.outn__t79                      3.3
xcmis.xcore.vss__t550              1.82043e-12
xcmis.xcore.outn__t51                      3.3
xcmis.xcore.inn__t63                     1.815
xcmis.xcore.tail__t127                 1.21828
xcmis.xcore.vss__t551              1.83419e-12
xcmis.xcore.tail__t13                  1.21828
xcmis.xcore.inn__t19                     1.815
xcmis.xcore.outn__t62                      3.3
xcmis.xcore.vss__t552              1.84795e-12
xcmis.xcore.outn__t28                      3.3
xcmis.xcore.inn__t18                     1.815
xcmis.xcore.tail__t72                  1.21828
xcmis.xcore.vss__t553              1.86171e-12
xcmis.xcore.tail__t12                  1.21828
xcmis.xcore.inn__t17                     1.815
xcmis.xcore.outn__t61                      3.3
xcmis.xcore.vss__t554              1.87547e-12
xcmis.xcore.outn__t27                      3.3
xcmis.xcore.inn__t16                     1.815
xcmis.xcore.tail__t71                  1.21828
xcmis.xcore.vss__t555              1.88923e-12
xcmis.xcore.tail__t11                  1.21828
xcmis.xcore.inn__t15                     1.815
xcmis.xcore.outn__t60                      3.3
xcmis.xcore.vss__t556              1.90299e-12
xcmis.xcore.outn__t26                      3.3
xcmis.xcore.inn__t14                     1.815
xcmis.xcore.tail__t70                  1.21828
xcmis.xcore.vss__t557              1.91675e-12
xcmis.xcore.tail__t10                  1.21828
xcmis.xcore.inn__t13                     1.815
xcmis.xcore.outn__t59                      3.3
xcmis.xcore.vss__t558              1.93051e-12
xcmis.xcore.outn__t25                      3.3
xcmis.xcore.inn__t12                     1.815
xcmis.xcore.tail__t69                  1.21828
xcmis.xcore.vss__t559              1.94427e-12
xcmis.xcore.tail__t6                   1.21828
xcmis.xcore.inn__t5                      1.815
xcmis.xcore.outn__t55                      3.3
xcmis.xcore.vss__t560              1.95803e-12
xcmis.xcore.outn__t24                      3.3
xcmis.xcore.inn__t11                     1.815
xcmis.xcore.tail__t68                  1.21828
xcmis.xcore.vss__t561              1.97179e-12
xcmis.xcore.tail__t4                   1.21828
xcmis.xcore.inn__t2                      1.815
xcmis.xcore.outn__t53                      3.3
xcmis.xcore.vss__t562              1.98555e-12
xcmis.xcore.outn__t21                      3.3
xcmis.xcore.inn__t3                      1.815
xcmis.xcore.tail__t65                  1.21828
xcmis.xcore.vss__t563              1.99931e-12
xcmis.xcore.tail__t5                   1.21828
xcmis.xcore.inn__t4                      1.815
xcmis.xcore.outn__t54                      3.3
xcmis.xcore.vss__t564              2.01307e-12
xcmis.xcore.outn__t22                      3.3
xcmis.xcore.inn__t6                      1.815
xcmis.xcore.tail__t66                  1.21828
xcmis.xcore.vss__t565              2.02683e-12
xcmis.xcore.tail__t7                   1.21828
xcmis.xcore.inn__t7                      1.815
xcmis.xcore.outn__t56                      3.3
xcmis.xcore.vss__t566              2.04059e-12
xcmis.xcore.outn__t23                      3.3
xcmis.xcore.inn__t8                      1.815
xcmis.xcore.tail__t67                  1.21828
xcmis.xcore.vss__t567              2.05435e-12
xcmis.xcore.tail__t8                   1.21828
xcmis.xcore.inn__t9                      1.815
xcmis.xcore.outn__t57                      3.3
xcmis.xcore.vss__t568              2.06812e-12
xcmis.xcore.outn__t29                      3.3
xcmis.xcore.inn__t20                     1.815
xcmis.xcore.tail__t73                  1.21828
xcmis.xcore.vss__t569              2.08188e-12
xcmis.xcore.tail__t9                   1.21828
xcmis.xcore.inn__t10                     1.815
xcmis.xcore.outn__t58                      3.3
xcmis.xcore.vss__t570              2.09564e-12
xcmis.xcore.outn__t36                      3.3
xcmis.xcore.inn__t35                     1.815
xcmis.xcore.tail__t83                  1.21828
xcmis.xcore.vss__t571               2.1094e-12
xcmis.xcore.tail__t24                  1.21828
xcmis.xcore.inn__t34                     1.815
xcmis.xcore.outn__t70                      3.3
xcmis.xcore.vss__t572              2.12316e-12
xcmis.xcore.outn__t35                      3.3
xcmis.xcore.inn__t33                     1.815
xcmis.xcore.tail__t82                  1.21828
xcmis.xcore.vss__t573              2.13693e-12
xcmis.xcore.tail__t23                  1.21828
xcmis.xcore.inn__t32                     1.815
xcmis.xcore.outn__t69                      3.3
xcmis.xcore.vss__t574              2.15069e-12
xcmis.xcore.outn__t34                      3.3
xcmis.xcore.inn__t31                     1.815
xcmis.xcore.tail__t81                  1.21828
xcmis.xcore.vss__t575              2.16445e-12
xcmis.xcore.tail__t22                  1.21828
xcmis.xcore.inn__t30                     1.815
xcmis.xcore.outn__t68                      3.3
xcmis.xcore.vss__t576              2.17821e-12
xcmis.xcore.outn__t33                      3.3
xcmis.xcore.inn__t29                     1.815
xcmis.xcore.tail__t80                  1.21828
xcmis.xcore.vss__t577              2.19198e-12
xcmis.xcore.tail__t21                  1.21828
xcmis.xcore.inn__t28                     1.815
xcmis.xcore.outn__t67                      3.3
xcmis.xcore.vss__t578              2.20574e-12
xcmis.xcore.outn__t32                      3.3
xcmis.xcore.inn__t27                     1.815
xcmis.xcore.tail__t79                  1.21828
xcmis.xcore.vss__t579               2.2195e-12
xcmis.xcore.tail__t20                  1.21828
xcmis.xcore.inn__t26                     1.815
xcmis.xcore.outn__t66                      3.3
xcmis.xcore.vss__t580              2.23327e-12
xcmis.xcore.outn__t37                      3.3
xcmis.xcore.inn__t36                     1.815
xcmis.xcore.tail__t84                  1.21828
xcmis.xcore.vss__t581              2.24703e-12
xcmis.xcore.tail__t18                  1.21828
xcmis.xcore.inn__t25                     1.815
xcmis.xcore.outn__t65                      3.3
xcmis.xcore.vss__t582              2.26079e-12
xcmis.xcore.outn__t31                      3.3
xcmis.xcore.inn__t24                     1.815
xcmis.xcore.tail__t78                  1.21828
xcmis.xcore.vss__t583              2.27456e-12
xcmis.xcore.tail__t17                  1.21828
xcmis.xcore.inn__t23                     1.815
xcmis.xcore.outn__t64                      3.3
xcmis.xcore.vss__t584              2.28832e-12
xcmis.xcore.outn__t30                      3.3
xcmis.xcore.inn__t22                     1.815
xcmis.xcore.tail__t77                  1.21828
xcmis.xcore.vss__t585              2.30208e-12
xcmis.xcore.tail__t2                   1.21828
xcmis.xcore.inn__t0                      1.815
xcmis.xcore.outn__t20                      3.3
xcmis.xcore.vss__t587              2.31585e-12
xcmis.xcore.vss__t210                2.608e-12
xcmis.xcore.outp__t16                  2.80086
xcmis.xcore.vss__t211              2.57734e-12
xcmis.xcore.outp__t17                  2.80086
xcmis.xcore.vss__t212              2.54671e-12
xcmis.xcore.outp__t18                  2.80086
xcmis.xcore.vss__t213              2.51611e-12
xcmis.xcore.outp__t19                  2.80086
xcmis.xcore.vss__t214              2.48553e-12
xcmis.xcore.outp__t0                   2.80086
xcmis.xcore.vss__t215              2.45498e-12
xcmis.xcore.outp__t1                   2.80086
xcmis.xcore.vss__t216              2.42446e-12
xcmis.xcore.outp__t2                   2.80086
xcmis.xcore.vss__t217              2.39397e-12
xcmis.xcore.outp__t3                   2.80086
xcmis.xcore.vss__t218              2.36351e-12
xcmis.xcore.outp__t4                   2.80086
xcmis.xcore.vss__t219              2.33308e-12
xcmis.xcore.outp__t15                  2.80086
xcmis.xcore.vss__t220              2.30269e-12
xcmis.xcore.outp__t6                   2.80086
xcmis.xcore.vss__t221              2.27233e-12
xcmis.xcore.outp__t7                   2.80086
xcmis.xcore.vss__t222                2.242e-12
xcmis.xcore.outp__t8                   2.80086
xcmis.xcore.vss__t223              2.21171e-12
xcmis.xcore.outp__t9                   2.80086
xcmis.xcore.vss__t224              2.18147e-12
xcmis.xcore.outp__t10                  2.80086
xcmis.xcore.vss__t225              2.15126e-12
xcmis.xcore.outp__t11                  2.80086
xcmis.xcore.vss__t226               2.1211e-12
xcmis.xcore.outp__t12                  2.80086
xcmis.xcore.vss__t227              2.09098e-12
xcmis.xcore.outp__t13                  2.80086
xcmis.xcore.vss__t228               2.0609e-12
xcmis.xcore.outp__t14                  2.80086
xcmis.xcore.vss__t229              2.03088e-12
xcmis.xcore.outp__t5                   2.80086
xcmis.xcore.vss__t230              2.18457e-12
xcmis.xcore.outn__t0                       3.3
xcmis.xcore.vss__t231              2.21955e-12
xcmis.xcore.outn__t5                       3.3
xcmis.xcore.vss__t232               2.2546e-12
xcmis.xcore.outn__t6                       3.3
xcmis.xcore.vss__t233              2.28973e-12
xcmis.xcore.outn__t7                       3.3
xcmis.xcore.vss__t234              2.32492e-12
xcmis.xcore.outn__t8                       3.3
xcmis.xcore.vss__t235              2.36018e-12
xcmis.xcore.outn__t9                       3.3
xcmis.xcore.vss__t236              2.39551e-12
xcmis.xcore.outn__t10                      3.3
xcmis.xcore.vss__t237              2.43089e-12
xcmis.xcore.outn__t11                      3.3
xcmis.xcore.vss__t238              2.46632e-12
xcmis.xcore.outn__t12                      3.3
xcmis.xcore.vss__t239              2.50182e-12
xcmis.xcore.outn__t13                      3.3
xcmis.xcore.vss__t240              2.53736e-12
xcmis.xcore.outn__t14                      3.3
xcmis.xcore.vss__t241              2.57295e-12
xcmis.xcore.outn__t15                      3.3
xcmis.xcore.vss__t242              2.60859e-12
xcmis.xcore.outn__t16                      3.3
xcmis.xcore.vss__t243              2.64428e-12
xcmis.xcore.outn__t17                      3.3
xcmis.xcore.vss__t244              2.68001e-12
xcmis.xcore.outn__t19                      3.3
xcmis.xcore.vss__t245              2.71579e-12
xcmis.xcore.outn__t18                      3.3
xcmis.xcore.vss__t246               2.7516e-12
xcmis.xcore.outn__t1                       3.3
xcmis.xcore.vss__t247              2.78746e-12
xcmis.xcore.outn__t2                       3.3
xcmis.xcore.vss__t248              2.82335e-12
xcmis.xcore.outn__t3                       3.3
xcmis.xcore.vss__t249              2.85928e-12
xcmis.xcore.outn__t4                       3.3
ib_cmis                                1.26323
xcmis.xcore.vsubs                            0
outn_cmis                                  3.3
outp_cmis                              2.80086
xcmis.tail                             1.21828
vd_cmis                               0.499136
xvlo.xcore.tail__t186                  1.20417
xvlo.xcore.ibias__t118                 1.26323
xvlo.xcore.vss__t163               5.28558e-06
xvlo.xcore.vss__t349                1.2892e-13
xvlo.xcore.vss__t60                5.09108e-06
xvlo.xcore.ibias__t117                 1.26323
xvlo.xcore.tail__t286                  1.20417
xvlo.xcore.vss__t350               1.24176e-13
xvlo.xcore.tail__t197                  1.20417
xvlo.xcore.ibias__t140                 1.26323
xvlo.xcore.vss__t174               4.89698e-06
xvlo.xcore.vss__t351               1.19442e-13
xvlo.xcore.vss__t68                4.70334e-06
xvlo.xcore.ibias__t133                 1.26323
xvlo.xcore.tail__t294                  1.20417
xvlo.xcore.vss__t352               1.14719e-13
xvlo.xcore.tail__t193                  1.20417
xvlo.xcore.ibias__t132                 1.26323
xvlo.xcore.vss__t170               4.51022e-06
xvlo.xcore.vss__t353               1.10008e-13
xvlo.xcore.vss__t67                4.31768e-06
xvlo.xcore.ibias__t131                 1.26323
xvlo.xcore.tail__t293                  1.20417
xvlo.xcore.vss__t354               1.05312e-13
xvlo.xcore.tail__t192                  1.20417
xvlo.xcore.ibias__t130                 1.26323
xvlo.xcore.vss__t169                4.1258e-06
xvlo.xcore.vss__t355               1.00632e-13
xvlo.xcore.vss__t74                3.93469e-06
xvlo.xcore.ibias__t145                 1.26323
xvlo.xcore.tail__t300                  1.20417
xvlo.xcore.vss__t356               9.59701e-14
xvlo.xcore.tail__t191                  1.20417
xvlo.xcore.ibias__t128                 1.26323
xvlo.xcore.vss__t168               3.74445e-06
xvlo.xcore.vss__t357               9.13301e-14
xvlo.xcore.vss__t65                3.55524e-06
xvlo.xcore.ibias__t127                 1.26323
xvlo.xcore.tail__t291                  1.20417
xvlo.xcore.vss__t358                8.6715e-14
xvlo.xcore.tail__t190                  1.20417
xvlo.xcore.ibias__t126                 1.26323
xvlo.xcore.vss__t167               3.36722e-06
xvlo.xcore.vss__t359               8.21289e-14
xvlo.xcore.vss__t64                 3.1806e-06
xvlo.xcore.ibias__t125                 1.26323
xvlo.xcore.tail__t290                  1.20417
xvlo.xcore.vss__t360               7.75772e-14
xvlo.xcore.tail__t189                  1.20417
xvlo.xcore.ibias__t124                 1.26323
xvlo.xcore.vss__t166               2.99566e-06
xvlo.xcore.vss__t361               7.30661e-14
xvlo.xcore.vss__t63                2.81271e-06
xvlo.xcore.ibias__t123                 1.26323
xvlo.xcore.tail__t289                  1.20418
xvlo.xcore.vss__t362               6.86038e-14
xvlo.xcore.tail__t188                  1.20418
xvlo.xcore.ibias__t122                 1.26323
xvlo.xcore.vss__t165               2.63217e-06
xvlo.xcore.vss__t363               6.42003e-14
xvlo.xcore.vss__t62                2.45458e-06
xvlo.xcore.ibias__t121                 1.26323
xvlo.xcore.tail__t288                  1.20418
xvlo.xcore.vss__t364               5.98686e-14
xvlo.xcore.tail__t187                  1.20418
xvlo.xcore.ibias__t120                 1.26323
xvlo.xcore.vss__t164               2.28062e-06
xvlo.xcore.vss__t365               5.56256e-14
xvlo.xcore.vss__t26                2.11119e-06
xvlo.xcore.ibias__t0                   1.26323
xvlo.xcore.tail__t252                  1.20418
xvlo.xcore.vss__t366               5.14932e-14
xvlo.xcore.tail__t175                  1.20418
xvlo.xcore.ibias__t97                  1.26323
xvlo.xcore.vss__t152               1.94748e-06
xvlo.xcore.vss__t367               4.75002e-14
xvlo.xcore.vss__t42                1.79105e-06
xvlo.xcore.ibias__t78                  1.26323
xvlo.xcore.tail__t268                  1.20418
xvlo.xcore.vss__t368               4.36848e-14
xvlo.xcore.tail__t164                  1.20418
xvlo.xcore.ibias__t77                  1.26323
xvlo.xcore.vss__t141               1.64399e-06
xvlo.xcore.vss__t369               4.00979e-14
xvlo.xcore.vss__t37                1.50904e-06
xvlo.xcore.ibias__t70                  1.26323
xvlo.xcore.tail__t263                  1.20418
xvlo.xcore.vss__t370               3.68062e-14
xvlo.xcore.tail__t167                  1.20418
xvlo.xcore.ibias__t82                  1.26323
xvlo.xcore.vss__t144               1.38972e-06
xvlo.xcore.vss__t371                3.3896e-14
xvlo.xcore.vss__t39                1.29039e-06
xvlo.xcore.ibias__t72                  1.26323
xvlo.xcore.tail__t265                  1.20418
xvlo.xcore.vss__t372               3.14732e-14
xvlo.xcore.tail__t162                  1.20418
xvlo.xcore.ibias__t73                  1.26323
xvlo.xcore.vss__t139               1.21594e-06
xvlo.xcore.vss__t373               2.96574e-14
xvlo.xcore.vss__t40                1.17114e-06
xvlo.xcore.ibias__t74                  1.26323
xvlo.xcore.tail__t266                  1.20418
xvlo.xcore.vss__t374               2.85647e-14
xvlo.xcore.tail__t163                  1.20418
xvlo.xcore.ibias__t75                  1.26323
xvlo.xcore.vss__t140               1.15943e-06
xvlo.xcore.vss__t375                2.8279e-14
xvlo.xcore.vss__t41                1.18179e-06
xvlo.xcore.ibias__t76                  1.26323
xvlo.xcore.tail__t267                  1.20418
xvlo.xcore.vss__t376               2.88244e-14
xvlo.xcore.tail__t129                  1.20418
xvlo.xcore.ibias__t9                   1.26323
xvlo.xcore.vss__t107               1.23637e-06
xvlo.xcore.vss__t377               3.01558e-14
xvlo.xcore.vss__t6                 1.31919e-06
xvlo.xcore.ibias__t8                   1.26323
xvlo.xcore.tail__t232                  1.20418
xvlo.xcore.vss__t378               3.21757e-14
xvlo.xcore.tail__t128                  1.20418
xvlo.xcore.ibias__t7                   1.26323
xvlo.xcore.vss__t106               1.42532e-06
xvlo.xcore.vss__t379               3.47644e-14
xvlo.xcore.vss__t5                 1.54999e-06
xvlo.xcore.ibias__t6                   1.26323
xvlo.xcore.tail__t231                  1.20418
xvlo.xcore.vss__t380               3.78051e-14
xvlo.xcore.tail__t141                  1.20418
xvlo.xcore.ibias__t31                  1.26323
xvlo.xcore.vss__t119               1.68909e-06
xvlo.xcore.vss__t381                4.1198e-14
xvlo.xcore.vss__t4                 1.83936e-06
xvlo.xcore.ibias__t5                   1.26323
xvlo.xcore.tail__t230                  1.20418
xvlo.xcore.vss__t382               4.48632e-14
xvlo.xcore.tail__t158                  1.20418
xvlo.xcore.ibias__t62                  1.26323
xvlo.xcore.vss__t135               1.99827e-06
xvlo.xcore.vss__t383               4.87393e-14
xvlo.xcore.vss__t33                2.16393e-06
xvlo.xcore.ibias__t63                  1.26323
xvlo.xcore.tail__t259                  1.20418
xvlo.xcore.vss__t384               5.27799e-14
xvlo.xcore.tail__t159                  1.20418
xvlo.xcore.ibias__t64                  1.26323
xvlo.xcore.vss__t136               2.33489e-06
xvlo.xcore.vss__t385               5.69499e-14
xvlo.xcore.vss__t34                2.51008e-06
xvlo.xcore.ibias__t65                  1.26323
xvlo.xcore.tail__t260                  1.20418
xvlo.xcore.vss__t386                6.1223e-14
xvlo.xcore.tail__t160                  1.20418
xvlo.xcore.ibias__t66                  1.26323
xvlo.xcore.vss__t137               2.68867e-06
xvlo.xcore.vss__t387               6.55789e-14
xvlo.xcore.vss__t35                2.87002e-06
xvlo.xcore.ibias__t67                  1.26323
xvlo.xcore.tail__t261                  1.20418
xvlo.xcore.vss__t388               7.00022e-14
xvlo.xcore.tail__t161                  1.20418
xvlo.xcore.ibias__t68                  1.26323
xvlo.xcore.vss__t138               3.05364e-06
xvlo.xcore.vss__t389                7.4481e-14
xvlo.xcore.vss__t36                3.23914e-06
xvlo.xcore.ibias__t69                  1.26323
xvlo.xcore.tail__t262                  1.20418
xvlo.xcore.vss__t390               7.90058e-14
xvlo.xcore.tail__t130                  1.20418
xvlo.xcore.ibias__t10                  1.26323
xvlo.xcore.vss__t108               3.42622e-06
xvlo.xcore.vss__t391                8.3569e-14
xvlo.xcore.vss__t13                3.61464e-06
xvlo.xcore.ibias__t23                  1.26323
xvlo.xcore.tail__t239                  1.20418
xvlo.xcore.vss__t392               8.81648e-14
xvlo.xcore.tail__t137                  1.20419
xvlo.xcore.ibias__t24                  1.26323
xvlo.xcore.vss__t115               3.80419e-06
xvlo.xcore.vss__t393               9.27883e-14
xvlo.xcore.vss__t14                3.99472e-06
xvlo.xcore.ibias__t25                  1.26323
xvlo.xcore.tail__t240                  1.20419
xvlo.xcore.vss__t394               9.74356e-14
xvlo.xcore.tail__t138                  1.20419
xvlo.xcore.ibias__t26                  1.26323
xvlo.xcore.vss__t116               4.18608e-06
xvlo.xcore.vss__t395               1.02103e-13
xvlo.xcore.vss__t15                4.37818e-06
xvlo.xcore.ibias__t27                  1.26323
xvlo.xcore.tail__t241                  1.20419
xvlo.xcore.vss__t396               1.06789e-13
xvlo.xcore.tail__t139                  1.20419
xvlo.xcore.ibias__t28                  1.26323
xvlo.xcore.vss__t117               4.57091e-06
xvlo.xcore.vss__t397                1.1149e-13
xvlo.xcore.vss__t16                 4.7642e-06
xvlo.xcore.ibias__t29                  1.26323
xvlo.xcore.tail__t242                  1.20419
xvlo.xcore.vss__t398               1.16205e-13
xvlo.xcore.tail__t140                  1.20419
xvlo.xcore.ibias__t30                  1.26323
xvlo.xcore.vss__t118               4.95799e-06
xvlo.xcore.vss__t399               1.20932e-13
xvlo.xcore.vss__t21                5.15222e-06
xvlo.xcore.ibias__t41                  1.26323
xvlo.xcore.tail__t247                  1.20419
xvlo.xcore.vss__t400                1.2567e-13
xvlo.xcore.tail__t142                  1.20419
xvlo.xcore.ibias__t32                  1.26323
xvlo.xcore.vss__t120               5.34684e-06
xvlo.xcore.vss__t401               1.30417e-13
xvlo.xcore.vss__t17                5.54181e-06
xvlo.xcore.ibias__t33                  1.26323
xvlo.xcore.tail__t243                  1.20419
xvlo.xcore.vss__t402               1.35173e-13
xvlo.xcore.tail__t143                  1.20419
xvlo.xcore.ibias__t34                  1.26323
xvlo.xcore.vss__t121               5.73709e-06
xvlo.xcore.vss__t403               1.39936e-13
xvlo.xcore.vss__t18                5.93266e-06
xvlo.xcore.ibias__t35                  1.26323
xvlo.xcore.tail__t244                  1.20419
xvlo.xcore.vss__t404               1.44706e-13
xvlo.xcore.tail__t144                  1.20419
xvlo.xcore.ibias__t36                  1.26323
xvlo.xcore.vss__t122               6.12848e-06
xvlo.xcore.vss__t405               1.49483e-13
xvlo.xcore.vss__t19                6.32454e-06
xvlo.xcore.ibias__t37                  1.26323
xvlo.xcore.tail__t245                  1.20419
xvlo.xcore.vss__t406               1.54265e-13
xvlo.xcore.tail__t145                  1.20418
xvlo.xcore.ibias__t38                  1.26323
xvlo.xcore.vss__t123               6.52081e-06
xvlo.xcore.vss__t407               1.59052e-13
xvlo.xcore.vss__t20                6.71726e-06
xvlo.xcore.ibias__t39                  1.26323
xvlo.xcore.tail__t246                  1.20418
xvlo.xcore.vss__t408               1.63844e-13
xvlo.xcore.tail__t146                  1.20418
xvlo.xcore.ibias__t40                  1.26323
xvlo.xcore.vss__t124                6.9139e-06
xvlo.xcore.vss__t409               1.68641e-13
xvlo.xcore.vss__t8                 7.11069e-06
xvlo.xcore.ibias__t12                  1.26323
xvlo.xcore.tail__t234                  1.20418
xvlo.xcore.vss__t410               1.73441e-13
xvlo.xcore.tail__t135                  1.20418
xvlo.xcore.ibias__t21                  1.26323
xvlo.xcore.vss__t113               7.30764e-06
xvlo.xcore.vss__t411               1.78245e-13
xvlo.xcore.vss__t9                 7.50472e-06
xvlo.xcore.ibias__t13                  1.26323
xvlo.xcore.tail__t235                  1.20418
xvlo.xcore.vss__t412               1.83052e-13
xvlo.xcore.tail__t131                  1.20418
xvlo.xcore.ibias__t14                  1.26323
xvlo.xcore.vss__t109               7.70193e-06
xvlo.xcore.vss__t413               1.87863e-13
xvlo.xcore.vss__t10                7.89925e-06
xvlo.xcore.ibias__t15                  1.26323
xvlo.xcore.tail__t236                  1.20418
xvlo.xcore.vss__t414               1.92676e-13
xvlo.xcore.tail__t134                  1.20418
xvlo.xcore.ibias__t20                  1.26323
xvlo.xcore.vss__t112               8.09668e-06
xvlo.xcore.vss__t415               1.97492e-13
xvlo.xcore.vss__t12                8.29422e-06
xvlo.xcore.ibias__t19                  1.26323
xvlo.xcore.tail__t238                  1.20418
xvlo.xcore.vss__t416                2.0231e-13
xvlo.xcore.tail__t133                  1.20418
xvlo.xcore.ibias__t18                  1.26323
xvlo.xcore.vss__t111               8.49184e-06
xvlo.xcore.vss__t417               2.07131e-13
xvlo.xcore.vss__t11                8.68956e-06
xvlo.xcore.ibias__t17                  1.26323
xvlo.xcore.tail__t237                  1.20418
xvlo.xcore.vss__t418               2.11954e-13
xvlo.xcore.tail__t132                  1.20418
xvlo.xcore.ibias__t16                  1.26323
xvlo.xcore.vss__t110               8.88735e-06
xvlo.xcore.vss__t419               2.16778e-13
xvlo.xcore.vss__t7                 9.08522e-06
xvlo.xcore.ibias__t11                  1.26323
xvlo.xcore.tail__t233                  1.20418
xvlo.xcore.vss__t420               2.21605e-13
xvlo.xcore.tail__t136                  1.20418
xvlo.xcore.ibias__t22                  1.26323
xvlo.xcore.vss__t114               9.28316e-06
xvlo.xcore.vss__t421               2.26433e-13
xvlo.xcore.vss__t23                9.48117e-06
xvlo.xcore.ibias__t45                  1.26323
xvlo.xcore.tail__t249                  1.20418
xvlo.xcore.vss__t422               2.31263e-13
xvlo.xcore.tail__t150                  1.20418
xvlo.xcore.ibias__t46                  1.26323
xvlo.xcore.vss__t127               9.67924e-06
xvlo.xcore.vss__t423               2.36095e-13
xvlo.xcore.vss__t24                9.87736e-06
xvlo.xcore.ibias__t47                  1.26323
xvlo.xcore.tail__t250                  1.20418
xvlo.xcore.vss__t424               2.40928e-13
xvlo.xcore.tail__t151                  1.20418
xvlo.xcore.ibias__t48                  1.26323
xvlo.xcore.vss__t128               1.00755e-05
xvlo.xcore.vss__t425               2.45762e-13
xvlo.xcore.vss__t25                1.02738e-05
xvlo.xcore.ibias__t49                  1.26323
xvlo.xcore.tail__t251                  1.20418
xvlo.xcore.vss__t426               2.50598e-13
xvlo.xcore.tail__t152                  1.20418
xvlo.xcore.ibias__t50                  1.26323
xvlo.xcore.vss__t129               1.04721e-05
xvlo.xcore.vss__t427               2.55435e-13
xvlo.xcore.vss__t32                1.06704e-05
xvlo.xcore.ibias__t61                  1.26323
xvlo.xcore.tail__t258                  1.20418
xvlo.xcore.vss__t428               2.60272e-13
xvlo.xcore.tail__t153                  1.20418
xvlo.xcore.ibias__t51                  1.26323
xvlo.xcore.vss__t130               1.08688e-05
xvlo.xcore.vss__t429               2.65111e-13
xvlo.xcore.vss__t27                1.10672e-05
xvlo.xcore.ibias__t52                  1.26323
xvlo.xcore.tail__t253                  1.20418
xvlo.xcore.vss__t430               2.69951e-13
xvlo.xcore.tail__t154                  1.20418
xvlo.xcore.ibias__t53                  1.26323
xvlo.xcore.vss__t131               1.12656e-05
xvlo.xcore.vss__t431               2.74792e-13
xvlo.xcore.vss__t28                1.14641e-05
xvlo.xcore.ibias__t54                  1.26323
xvlo.xcore.tail__t254                  1.20418
xvlo.xcore.vss__t432               2.79634e-13
xvlo.xcore.tail__t155                  1.20418
xvlo.xcore.ibias__t55                  1.26323
xvlo.xcore.vss__t132               1.16627e-05
xvlo.xcore.vss__t433               2.84477e-13
xvlo.xcore.vss__t29                1.18612e-05
xvlo.xcore.ibias__t56                  1.26323
xvlo.xcore.tail__t255                  1.20418
xvlo.xcore.vss__t434                2.8932e-13
xvlo.xcore.tail__t156                  1.20418
xvlo.xcore.ibias__t57                  1.26323
xvlo.xcore.vss__t133               1.20598e-05
xvlo.xcore.vss__t435               2.94165e-13
xvlo.xcore.vss__t30                1.22584e-05
xvlo.xcore.ibias__t58                  1.26323
xvlo.xcore.tail__t256                  1.20418
xvlo.xcore.vss__t436                2.9901e-13
xvlo.xcore.tail__t157                  1.20417
xvlo.xcore.ibias__t59                  1.26323
xvlo.xcore.vss__t134               1.24571e-05
xvlo.xcore.vss__t437               3.03856e-13
xvlo.xcore.vss__t31                1.26557e-05
xvlo.xcore.ibias__t60                  1.26323
xvlo.xcore.tail__t257                  1.20417
xvlo.xcore.vss__t438               3.08702e-13
xvlo.xcore.tail__t211                  1.20417
xvlo.xcore.ibias__t176                 1.26323
xvlo.xcore.vss__t193               1.28544e-05
xvlo.xcore.vss__t439               3.13549e-13
xvlo.xcore.vss__t88                1.30532e-05
xvlo.xcore.ibias__t175                 1.26323
xvlo.xcore.tail__t311                  1.20417
xvlo.xcore.vss__t440               3.18397e-13
xvlo.xcore.tail__t165                  1.20417
xvlo.xcore.ibias__t79                  1.26323
xvlo.xcore.vss__t142               1.32519e-05
xvlo.xcore.vss__t441               3.23245e-13
xvlo.xcore.vss__t43                1.34507e-05
xvlo.xcore.ibias__t80                  1.26323
xvlo.xcore.tail__t269                  1.20417
xvlo.xcore.vss__t442               3.28094e-13
xvlo.xcore.tail__t166                  1.20417
xvlo.xcore.ibias__t81                  1.26323
xvlo.xcore.vss__t143               1.36495e-05
xvlo.xcore.vss__t443               3.32943e-13
xvlo.xcore.vss__t38                1.38483e-05
xvlo.xcore.ibias__t71                  1.26323
xvlo.xcore.tail__t264                  1.20417
xvlo.xcore.vss__t444               3.37793e-13
xvlo.xcore.tail__t147                  1.20417
xvlo.xcore.ibias__t42                  1.26323
xvlo.xcore.vss__t125               1.40471e-05
xvlo.xcore.vss__t445               3.42644e-13
xvlo.xcore.vss__t22                 1.4246e-05
xvlo.xcore.ibias__t43                  1.26323
xvlo.xcore.tail__t248                  1.20417
xvlo.xcore.vss__t446               3.47495e-13
xvlo.xcore.tail__t148                  1.20417
xvlo.xcore.ibias__t44                  1.26323
xvlo.xcore.vss__t126               1.44449e-05
xvlo.xcore.vss__t447               3.52346e-13
xvlo.xcore.vss__t0                 1.46438e-05
xvlo.xcore.ibias__t1                   1.26323
xvlo.xcore.tail__t149                  1.20417
xvlo.xcore.vss__t456               3.57198e-13
xvlo.xcore.tail__t229                  1.20414
xvlo.xcore.ibias__t2                   1.26323
xvlo.xcore.vss__t1                 2.51358e-05
xvlo.xcore.vss__t458               6.13146e-13
xvlo.xcore.vss__t189               2.49365e-05
xvlo.xcore.ibias__t170                 1.26323
xvlo.xcore.tail__t228                  1.20414
xvlo.xcore.vss__t250               6.08285e-13
xvlo.xcore.tail__t209                  1.20414
xvlo.xcore.ibias__t169                 1.26323
xvlo.xcore.vss__t188               2.47372e-05
xvlo.xcore.vss__t251               6.03423e-13
xvlo.xcore.vss__t86                 2.4538e-05
xvlo.xcore.ibias__t168                 1.26323
xvlo.xcore.tail__t309                  1.20414
xvlo.xcore.vss__t252               5.98561e-13
xvlo.xcore.tail__t208                  1.20414
xvlo.xcore.ibias__t167                 1.26323
xvlo.xcore.vss__t187               2.43387e-05
xvlo.xcore.vss__t253                 5.937e-13
xvlo.xcore.vss__t85                2.41394e-05
xvlo.xcore.ibias__t166                 1.26323
xvlo.xcore.tail__t308                  1.20414
xvlo.xcore.vss__t254               5.88838e-13
xvlo.xcore.tail__t207                  1.20414
xvlo.xcore.ibias__t165                 1.26323
xvlo.xcore.vss__t186               2.39402e-05
xvlo.xcore.vss__t255               5.83977e-13
xvlo.xcore.vss__t84                2.37409e-05
xvlo.xcore.ibias__t164                 1.26323
xvlo.xcore.tail__t307                  1.20414
xvlo.xcore.vss__t256               5.79116e-13
xvlo.xcore.tail__t210                  1.20414
xvlo.xcore.ibias__t173                 1.26323
xvlo.xcore.vss__t191               2.35416e-05
xvlo.xcore.vss__t257               5.74255e-13
xvlo.xcore.vss__t87                2.33424e-05
xvlo.xcore.ibias__t172                 1.26323
xvlo.xcore.tail__t310                  1.20414
xvlo.xcore.vss__t258               5.69393e-13
xvlo.xcore.tail__t219                  1.20414
xvlo.xcore.ibias__t195                 1.26323
xvlo.xcore.vss__t201               2.31431e-05
xvlo.xcore.vss__t259               5.64532e-13
xvlo.xcore.vss__t99                2.29439e-05
xvlo.xcore.ibias__t194                 1.26323
xvlo.xcore.tail__t321                  1.20414
xvlo.xcore.vss__t260               5.59672e-13
xvlo.xcore.tail__t227                  1.20414
xvlo.xcore.ibias__t209                 1.26323
xvlo.xcore.vss__t209               2.27446e-05
xvlo.xcore.vss__t261               5.54811e-13
xvlo.xcore.vss__t97                2.25454e-05
xvlo.xcore.ibias__t192                 1.26323
xvlo.xcore.tail__t319                  1.20414
xvlo.xcore.vss__t262                5.4995e-13
xvlo.xcore.tail__t218                  1.20414
xvlo.xcore.ibias__t191                 1.26323
xvlo.xcore.vss__t200               2.23461e-05
xvlo.xcore.vss__t263                5.4509e-13
xvlo.xcore.vss__t96                2.21469e-05
xvlo.xcore.ibias__t190                 1.26323
xvlo.xcore.tail__t318                  1.20414
xvlo.xcore.vss__t264               5.40229e-13
xvlo.xcore.tail__t217                  1.20414
xvlo.xcore.ibias__t189                 1.26323
xvlo.xcore.vss__t199               2.19477e-05
xvlo.xcore.vss__t265               5.35369e-13
xvlo.xcore.vss__t95                2.17485e-05
xvlo.xcore.ibias__t188                 1.26323
xvlo.xcore.tail__t317                  1.20414
xvlo.xcore.vss__t266               5.30509e-13
xvlo.xcore.tail__t216                  1.20414
xvlo.xcore.ibias__t187                 1.26323
xvlo.xcore.vss__t198               2.15492e-05
xvlo.xcore.vss__t267               5.25649e-13
xvlo.xcore.vss__t94                  2.135e-05
xvlo.xcore.ibias__t186                 1.26323
xvlo.xcore.tail__t316                  1.20414
xvlo.xcore.vss__t268               5.20789e-13
xvlo.xcore.tail__t215                  1.20414
xvlo.xcore.ibias__t185                 1.26323
xvlo.xcore.vss__t197               2.11508e-05
xvlo.xcore.vss__t269               5.15929e-13
xvlo.xcore.vss__t93                2.09516e-05
xvlo.xcore.ibias__t184                 1.26323
xvlo.xcore.tail__t315                  1.20415
xvlo.xcore.vss__t270               5.11069e-13
xvlo.xcore.tail__t214                  1.20415
xvlo.xcore.ibias__t183                 1.26323
xvlo.xcore.vss__t196               2.07524e-05
xvlo.xcore.vss__t271                5.0621e-13
xvlo.xcore.vss__t92                2.05532e-05
xvlo.xcore.ibias__t182                 1.26323
xvlo.xcore.tail__t314                  1.20415
xvlo.xcore.vss__t272                5.0135e-13
xvlo.xcore.tail__t213                  1.20415
xvlo.xcore.ibias__t181                 1.26323
xvlo.xcore.vss__t195                2.0354e-05
xvlo.xcore.vss__t273               4.96491e-13
xvlo.xcore.vss__t91                2.01548e-05
xvlo.xcore.ibias__t180                 1.26323
xvlo.xcore.tail__t313                  1.20415
xvlo.xcore.vss__t274               4.91632e-13
xvlo.xcore.tail__t212                  1.20415
xvlo.xcore.ibias__t179                 1.26323
xvlo.xcore.vss__t194               1.99557e-05
xvlo.xcore.vss__t275               4.86773e-13
xvlo.xcore.vss__t90                1.97565e-05
xvlo.xcore.ibias__t178                 1.26323
xvlo.xcore.tail__t312                  1.20415
xvlo.xcore.vss__t276               4.81914e-13
xvlo.xcore.tail__t206                  1.20415
xvlo.xcore.ibias__t161                 1.26323
xvlo.xcore.vss__t184               1.95573e-05
xvlo.xcore.vss__t277               4.77056e-13
xvlo.xcore.vss__t57                1.93582e-05
xvlo.xcore.ibias__t112                 1.26323
xvlo.xcore.tail__t283                  1.20415
xvlo.xcore.vss__t278               4.72197e-13
xvlo.xcore.tail__t183                  1.20415
xvlo.xcore.ibias__t111                 1.26323
xvlo.xcore.vss__t160                1.9159e-05
xvlo.xcore.vss__t279               4.67339e-13
xvlo.xcore.vss__t56                1.89599e-05
xvlo.xcore.ibias__t110                 1.26323
xvlo.xcore.tail__t282                  1.20415
xvlo.xcore.vss__t280               4.62481e-13
xvlo.xcore.tail__t182                  1.20415
xvlo.xcore.ibias__t109                 1.26323
xvlo.xcore.vss__t159               1.87608e-05
xvlo.xcore.vss__t281               4.57623e-13
xvlo.xcore.vss__t55                1.85616e-05
xvlo.xcore.ibias__t108                 1.26323
xvlo.xcore.tail__t281                  1.20415
xvlo.xcore.vss__t282               4.52765e-13
xvlo.xcore.tail__t181                  1.20415
xvlo.xcore.ibias__t107                 1.26323
xvlo.xcore.vss__t158               1.83625e-05
xvlo.xcore.vss__t283               4.47908e-13
xvlo.xcore.vss__t54                1.81634e-05
xvlo.xcore.ibias__t106                 1.26323
xvlo.xcore.tail__t280                  1.20415
xvlo.xcore.vss__t284               4.43051e-13
xvlo.xcore.tail__t180                  1.20415
xvlo.xcore.ibias__t105                 1.26323
xvlo.xcore.vss__t157               1.79643e-05
xvlo.xcore.vss__t285               4.38194e-13
xvlo.xcore.vss__t53                1.77652e-05
xvlo.xcore.ibias__t104                 1.26323
xvlo.xcore.tail__t279                  1.20415
xvlo.xcore.vss__t286               4.33337e-13
xvlo.xcore.tail__t205                  1.20415
xvlo.xcore.ibias__t156                 1.26323
xvlo.xcore.vss__t182               1.75661e-05
xvlo.xcore.vss__t287                4.2848e-13
xvlo.xcore.vss__t79                 1.7367e-05
xvlo.xcore.ibias__t155                 1.26323
xvlo.xcore.tail__t305                  1.20415
xvlo.xcore.vss__t288               4.23624e-13
xvlo.xcore.tail__t204                  1.20415
xvlo.xcore.ibias__t154                 1.26323
xvlo.xcore.vss__t181                1.7168e-05
xvlo.xcore.vss__t289               4.18768e-13
xvlo.xcore.vss__t78                1.69689e-05
xvlo.xcore.ibias__t153                 1.26323
xvlo.xcore.tail__t304                  1.20415
xvlo.xcore.vss__t290               4.13912e-13
xvlo.xcore.tail__t203                  1.20415
xvlo.xcore.ibias__t152                 1.26323
xvlo.xcore.vss__t180               1.67699e-05
xvlo.xcore.vss__t291               4.09056e-13
xvlo.xcore.vss__t77                1.65708e-05
xvlo.xcore.ibias__t151                 1.26323
xvlo.xcore.tail__t303                  1.20415
xvlo.xcore.vss__t292               4.04201e-13
xvlo.xcore.tail__t202                  1.20415
xvlo.xcore.ibias__t150                 1.26323
xvlo.xcore.vss__t179               1.63718e-05
xvlo.xcore.vss__t293               3.99346e-13
xvlo.xcore.vss__t76                1.61728e-05
xvlo.xcore.ibias__t149                 1.26323
xvlo.xcore.tail__t302                  1.20415
xvlo.xcore.vss__t294               3.94491e-13
xvlo.xcore.tail__t201                  1.20415
xvlo.xcore.ibias__t148                 1.26323
xvlo.xcore.vss__t178               1.59738e-05
xvlo.xcore.vss__t295               3.89637e-13
xvlo.xcore.vss__t75                1.57748e-05
xvlo.xcore.ibias__t147                 1.26323
xvlo.xcore.tail__t301                  1.20415
xvlo.xcore.vss__t296               3.84782e-13
xvlo.xcore.tail__t200                  1.20415
xvlo.xcore.ibias__t146                 1.26323
xvlo.xcore.vss__t177               1.55758e-05
xvlo.xcore.vss__t297               3.79929e-13
xvlo.xcore.vss__t98                1.53769e-05
xvlo.xcore.ibias__t193                 1.26323
xvlo.xcore.tail__t320                  1.20415
xvlo.xcore.vss__t298               3.75075e-13
xvlo.xcore.tail__t226                  1.20415
xvlo.xcore.ibias__t208                 1.26323
xvlo.xcore.vss__t208               1.51779e-05
xvlo.xcore.vss__t299               3.70222e-13
xvlo.xcore.vss__t105                1.4979e-05
xvlo.xcore.ibias__t207                 1.26323
xvlo.xcore.tail__t327                  1.20415
xvlo.xcore.vss__t300               3.65369e-13
xvlo.xcore.tail__t225                  1.20416
xvlo.xcore.ibias__t206                 1.26323
xvlo.xcore.vss__t207               1.47801e-05
xvlo.xcore.vss__t301               3.60517e-13
xvlo.xcore.vss__t104               1.45812e-05
xvlo.xcore.ibias__t205                 1.26323
xvlo.xcore.tail__t326                  1.20416
xvlo.xcore.vss__t302               3.55665e-13
xvlo.xcore.tail__t224                  1.20416
xvlo.xcore.ibias__t204                 1.26323
xvlo.xcore.vss__t206               1.43823e-05
xvlo.xcore.vss__t303               3.50814e-13
xvlo.xcore.vss__t103               1.41834e-05
xvlo.xcore.ibias__t203                 1.26323
xvlo.xcore.tail__t325                  1.20416
xvlo.xcore.vss__t304               3.45963e-13
xvlo.xcore.tail__t223                  1.20416
xvlo.xcore.ibias__t202                 1.26323
xvlo.xcore.vss__t205               1.39846e-05
xvlo.xcore.vss__t305               3.41112e-13
xvlo.xcore.vss__t102               1.37858e-05
xvlo.xcore.ibias__t201                 1.26323
xvlo.xcore.tail__t324                  1.20416
xvlo.xcore.vss__t306               3.36262e-13
xvlo.xcore.tail__t222                  1.20416
xvlo.xcore.ibias__t200                 1.26323
xvlo.xcore.vss__t204               1.35869e-05
xvlo.xcore.vss__t307               3.31412e-13
xvlo.xcore.vss__t101               1.33882e-05
xvlo.xcore.ibias__t199                 1.26323
xvlo.xcore.tail__t323                  1.20416
xvlo.xcore.vss__t308               3.26563e-13
xvlo.xcore.tail__t221                  1.20416
xvlo.xcore.ibias__t198                 1.26323
xvlo.xcore.vss__t203               1.31894e-05
xvlo.xcore.vss__t309               3.21714e-13
xvlo.xcore.vss__t100               1.29907e-05
xvlo.xcore.ibias__t197                 1.26323
xvlo.xcore.tail__t322                  1.20416
xvlo.xcore.vss__t310               3.16866e-13
xvlo.xcore.tail__t220                  1.20416
xvlo.xcore.ibias__t196                 1.26323
xvlo.xcore.vss__t202               1.27919e-05
xvlo.xcore.vss__t311               3.12019e-13
xvlo.xcore.vss__t80                1.25932e-05
xvlo.xcore.ibias__t157                 1.26323
xvlo.xcore.tail__t306                  1.20416
xvlo.xcore.vss__t312               3.07172e-13
xvlo.xcore.tail__t185                  1.20416
xvlo.xcore.ibias__t116                 1.26323
xvlo.xcore.vss__t162               1.23946e-05
xvlo.xcore.vss__t313               3.02326e-13
xvlo.xcore.vss__t59                1.21959e-05
xvlo.xcore.ibias__t115                 1.26323
xvlo.xcore.tail__t285                  1.20416
xvlo.xcore.vss__t314               2.97481e-13
xvlo.xcore.tail__t184                  1.20416
xvlo.xcore.ibias__t114                 1.26323
xvlo.xcore.vss__t161               1.19973e-05
xvlo.xcore.vss__t315               2.92636e-13
xvlo.xcore.vss__t71                1.17987e-05
xvlo.xcore.ibias__t139                 1.26323
xvlo.xcore.tail__t297                  1.20416
xvlo.xcore.vss__t316               2.87792e-13
xvlo.xcore.tail__t196                  1.20416
xvlo.xcore.ibias__t138                 1.26323
xvlo.xcore.vss__t173               1.16002e-05
xvlo.xcore.vss__t317               2.82949e-13
xvlo.xcore.vss__t70                1.14017e-05
xvlo.xcore.ibias__t137                 1.26323
xvlo.xcore.tail__t296                  1.20416
xvlo.xcore.vss__t318               2.78106e-13
xvlo.xcore.tail__t195                  1.20416
xvlo.xcore.ibias__t136                 1.26323
xvlo.xcore.vss__t172               1.12032e-05
xvlo.xcore.vss__t319               2.73265e-13
xvlo.xcore.vss__t69                1.10048e-05
xvlo.xcore.ibias__t135                 1.26323
xvlo.xcore.tail__t295                  1.20416
xvlo.xcore.vss__t320               2.68424e-13
xvlo.xcore.tail__t194                  1.20416
xvlo.xcore.ibias__t134                 1.26323
xvlo.xcore.vss__t171               1.08064e-05
xvlo.xcore.vss__t321               2.63585e-13
xvlo.xcore.vss__t61                 1.0608e-05
xvlo.xcore.ibias__t119                 1.26323
xvlo.xcore.tail__t287                  1.20416
xvlo.xcore.vss__t322               2.58746e-13
xvlo.xcore.tail__t179                  1.20416
xvlo.xcore.ibias__t103                 1.26323
xvlo.xcore.vss__t156               1.04097e-05
xvlo.xcore.vss__t323               2.53908e-13
xvlo.xcore.vss__t48                1.02114e-05
xvlo.xcore.ibias__t92                  1.26323
xvlo.xcore.tail__t274                  1.20416
xvlo.xcore.vss__t324               2.49072e-13
xvlo.xcore.tail__t178                  1.20416
xvlo.xcore.ibias__t102                 1.26323
xvlo.xcore.vss__t155               1.00132e-05
xvlo.xcore.vss__t325               2.44237e-13
xvlo.xcore.vss__t52                9.81503e-06
xvlo.xcore.ibias__t101                 1.26323
xvlo.xcore.tail__t278                  1.20416
xvlo.xcore.vss__t326               2.39403e-13
xvlo.xcore.tail__t177                  1.20416
xvlo.xcore.ibias__t100                 1.26323
xvlo.xcore.vss__t154               9.61692e-06
xvlo.xcore.vss__t327               2.34571e-13
xvlo.xcore.vss__t51                9.41887e-06
xvlo.xcore.ibias__t99                  1.26323
xvlo.xcore.tail__t277                  1.20416
xvlo.xcore.vss__t328                2.2974e-13
xvlo.xcore.tail__t176                  1.20416
xvlo.xcore.ibias__t98                  1.26323
xvlo.xcore.vss__t153               9.22088e-06
xvlo.xcore.vss__t329               2.24911e-13
xvlo.xcore.vss__t58                9.02297e-06
xvlo.xcore.ibias__t113                 1.26323
xvlo.xcore.tail__t284                  1.20416
xvlo.xcore.vss__t330               2.20083e-13
xvlo.xcore.tail__t174                  1.20416
xvlo.xcore.ibias__t96                  1.26323
xvlo.xcore.vss__t151               8.82512e-06
xvlo.xcore.vss__t331               2.15257e-13
xvlo.xcore.vss__t50                8.62735e-06
xvlo.xcore.ibias__t95                  1.26323
xvlo.xcore.tail__t276                  1.20417
xvlo.xcore.vss__t332               2.10433e-13
xvlo.xcore.tail__t173                  1.20417
xvlo.xcore.ibias__t94                  1.26323
xvlo.xcore.vss__t150               8.42966e-06
xvlo.xcore.vss__t333               2.05611e-13
xvlo.xcore.vss__t49                8.23207e-06
xvlo.xcore.ibias__t93                  1.26323
xvlo.xcore.tail__t275                  1.20417
xvlo.xcore.vss__t334               2.00791e-13
xvlo.xcore.tail__t172                  1.20417
xvlo.xcore.ibias__t91                  1.26323
xvlo.xcore.vss__t149               8.03457e-06
xvlo.xcore.vss__t335               1.95973e-13
xvlo.xcore.vss__t47                7.83717e-06
xvlo.xcore.ibias__t90                  1.26323
xvlo.xcore.tail__t273                  1.20417
xvlo.xcore.vss__t336               1.91158e-13
xvlo.xcore.tail__t171                  1.20417
xvlo.xcore.ibias__t89                  1.26323
xvlo.xcore.vss__t148               7.63988e-06
xvlo.xcore.vss__t337               1.86346e-13
xvlo.xcore.vss__t46                7.44271e-06
xvlo.xcore.ibias__t88                  1.26323
xvlo.xcore.tail__t272                  1.20417
xvlo.xcore.vss__t338               1.81537e-13
xvlo.xcore.tail__t170                  1.20417
xvlo.xcore.ibias__t87                  1.26323
xvlo.xcore.vss__t147               7.24567e-06
xvlo.xcore.vss__t339               1.76731e-13
xvlo.xcore.vss__t45                7.04877e-06
xvlo.xcore.ibias__t86                  1.26323
xvlo.xcore.tail__t271                  1.20417
xvlo.xcore.vss__t340               1.71928e-13
xvlo.xcore.tail__t169                  1.20417
xvlo.xcore.ibias__t85                  1.26323
xvlo.xcore.vss__t146               6.85202e-06
xvlo.xcore.vss__t341               1.67129e-13
xvlo.xcore.vss__t44                6.65544e-06
xvlo.xcore.ibias__t84                  1.26323
xvlo.xcore.tail__t270                  1.20417
xvlo.xcore.vss__t342               1.62334e-13
xvlo.xcore.tail__t168                  1.20417
xvlo.xcore.ibias__t83                  1.26323
xvlo.xcore.vss__t145               6.45904e-06
xvlo.xcore.vss__t343               1.57543e-13
xvlo.xcore.vss__t66                6.26284e-06
xvlo.xcore.ibias__t129                 1.26323
xvlo.xcore.tail__t292                  1.20417
xvlo.xcore.vss__t344               1.52757e-13
xvlo.xcore.tail__t199                  1.20417
xvlo.xcore.ibias__t144                 1.26323
xvlo.xcore.vss__t176               6.06686e-06
xvlo.xcore.vss__t345               1.47977e-13
xvlo.xcore.vss__t73                5.87111e-06
xvlo.xcore.ibias__t143                 1.26323
xvlo.xcore.tail__t299                  1.20417
xvlo.xcore.vss__t346               1.43202e-13
xvlo.xcore.tail__t198                  1.20417
xvlo.xcore.ibias__t142                 1.26323
xvlo.xcore.vss__t175               5.67563e-06
xvlo.xcore.vss__t347               1.38434e-13
xvlo.xcore.vss__t72                5.48044e-06
xvlo.xcore.ibias__t141                 1.26323
xvlo.xcore.tail__t298                  1.20417
xvlo.xcore.vss__t348               1.33673e-13
xvlo.xcore.outp__t53                   2.47106
xvlo.xcore.inp__t1                       2.805
xvlo.xcore.tail__t0                    1.20424
xvlo.xcore.vss__t460               1.18704e-12
xvlo.xcore.tail__t119                  1.20424
xvlo.xcore.inp__t53                      2.805
xvlo.xcore.outp__t52                   2.47106
xvlo.xcore.vss__t462               1.19828e-12
xvlo.xcore.outp__t46                   2.47106
xvlo.xcore.inp__t52                      2.805
xvlo.xcore.tail__t118                  1.20425
xvlo.xcore.vss__t463               1.20952e-12
xvlo.xcore.tail__t58                   1.20425
xvlo.xcore.inp__t61                      2.805
xvlo.xcore.outp__t82                   2.47106
xvlo.xcore.vss__t464               1.22076e-12
xvlo.xcore.outp__t30                   2.47105
xvlo.xcore.inp__t24                      2.805
xvlo.xcore.tail__t98                   1.20425
xvlo.xcore.vss__t465               1.23201e-12
xvlo.xcore.tail__t38                   1.20425
xvlo.xcore.inp__t23                      2.805
xvlo.xcore.outp__t64                   2.47105
xvlo.xcore.vss__t466               1.24325e-12
xvlo.xcore.outp__t29                   2.47105
xvlo.xcore.inp__t22                      2.805
xvlo.xcore.tail__t97                   1.20425
xvlo.xcore.vss__t467               1.25449e-12
xvlo.xcore.tail__t37                   1.20425
xvlo.xcore.inp__t21                      2.805
xvlo.xcore.outp__t63                   2.47105
xvlo.xcore.vss__t468               1.26573e-12
xvlo.xcore.outp__t28                   2.47105
xvlo.xcore.inp__t20                      2.805
xvlo.xcore.tail__t96                   1.20425
xvlo.xcore.vss__t469               1.27698e-12
xvlo.xcore.tail__t36                   1.20425
xvlo.xcore.inp__t19                      2.805
xvlo.xcore.outp__t62                   2.47105
xvlo.xcore.vss__t470               1.28822e-12
xvlo.xcore.outp__t27                   2.47105
xvlo.xcore.inp__t18                      2.805
xvlo.xcore.tail__t95                   1.20425
xvlo.xcore.vss__t471               1.29946e-12
xvlo.xcore.tail__t35                   1.20425
xvlo.xcore.inp__t17                      2.805
xvlo.xcore.outp__t61                   2.47104
xvlo.xcore.vss__t472               1.31071e-12
xvlo.xcore.outp__t26                   2.47104
xvlo.xcore.inp__t16                      2.805
xvlo.xcore.tail__t94                   1.20425
xvlo.xcore.vss__t473               1.32195e-12
xvlo.xcore.tail__t33                   1.20425
xvlo.xcore.inp__t15                      2.805
xvlo.xcore.outp__t60                   2.47104
xvlo.xcore.vss__t474                1.3332e-12
xvlo.xcore.outp__t47                   2.47104
xvlo.xcore.inp__t54                      2.805
xvlo.xcore.tail__t120                  1.20425
xvlo.xcore.vss__t475               1.34445e-12
xvlo.xcore.tail__t54                   1.20426
xvlo.xcore.inp__t55                      2.805
xvlo.xcore.outp__t78                   2.47104
xvlo.xcore.vss__t476               1.35569e-12
xvlo.xcore.outp__t51                   2.47104
xvlo.xcore.inp__t63                      2.805
xvlo.xcore.tail__t126                  1.20426
xvlo.xcore.vss__t477               1.36694e-12
xvlo.xcore.tail__t57                   1.20426
xvlo.xcore.inp__t60                      2.805
xvlo.xcore.outp__t81                   2.47103
xvlo.xcore.vss__t478               1.37819e-12
xvlo.xcore.outp__t49                   2.47103
xvlo.xcore.inp__t59                      2.805
xvlo.xcore.tail__t122                  1.20426
xvlo.xcore.vss__t479               1.38943e-12
xvlo.xcore.tail__t56                   1.20426
xvlo.xcore.inp__t58                      2.805
xvlo.xcore.outp__t80                   2.47103
xvlo.xcore.vss__t480               1.40068e-12
xvlo.xcore.outp__t48                   2.47103
xvlo.xcore.inp__t57                      2.805
xvlo.xcore.tail__t121                  1.20426
xvlo.xcore.vss__t481               1.41193e-12
xvlo.xcore.tail__t55                   1.20426
xvlo.xcore.inp__t56                      2.805
xvlo.xcore.outp__t79                   2.47103
xvlo.xcore.vss__t482               1.42318e-12
xvlo.xcore.outp__t24                   2.47103
xvlo.xcore.inp__t11                      2.805
xvlo.xcore.tail__t92                   1.20426
xvlo.xcore.vss__t483               1.43443e-12
xvlo.xcore.tail__t30                   1.20426
xvlo.xcore.inp__t10                      2.805
xvlo.xcore.outp__t57                   2.47102
xvlo.xcore.vss__t484               1.44567e-12
xvlo.xcore.outp__t23                   2.47102
xvlo.xcore.inp__t9                       2.805
xvlo.xcore.tail__t88                   1.20426
xvlo.xcore.vss__t485               1.45692e-12
xvlo.xcore.tail__t32                   1.20426
xvlo.xcore.inp__t14                      2.805
xvlo.xcore.outp__t59                   2.47102
xvlo.xcore.vss__t486               1.46817e-12
xvlo.xcore.outp__t25                   2.47102
xvlo.xcore.inp__t13                      2.805
xvlo.xcore.tail__t93                   1.20426
xvlo.xcore.vss__t487               1.47942e-12
xvlo.xcore.tail__t60                   1.20426
xvlo.xcore.inp__t0                       2.805
xvlo.xcore.outp__t83                   2.47102
xvlo.xcore.vss__t488               1.49067e-12
xvlo.xcore.outp__t50                   2.47102
xvlo.xcore.inp__t62                      2.805
xvlo.xcore.tail__t123                  1.20427
xvlo.xcore.vss__t489               1.50192e-12
xvlo.xcore.tail__t42                   1.20427
xvlo.xcore.inp__t29                      2.805
xvlo.xcore.outp__t67                   2.47102
xvlo.xcore.vss__t490               1.51317e-12
xvlo.xcore.outp__t32                   2.47101
xvlo.xcore.inp__t28                      2.805
xvlo.xcore.tail__t102                  1.20427
xvlo.xcore.vss__t491               1.52442e-12
xvlo.xcore.tail__t41                   1.20427
xvlo.xcore.inp__t27                      2.805
xvlo.xcore.outp__t66                   2.47101
xvlo.xcore.vss__t492               1.53568e-12
xvlo.xcore.outp__t31                   2.47101
xvlo.xcore.inp__t26                      2.805
xvlo.xcore.tail__t101                  1.20427
xvlo.xcore.vss__t493               1.54693e-12
xvlo.xcore.tail__t40                   1.20427
xvlo.xcore.inp__t25                      2.805
xvlo.xcore.outp__t65                   2.47101
xvlo.xcore.vss__t494               1.55818e-12
xvlo.xcore.outp__t20                   2.47101
xvlo.xcore.inp__t4                       2.805
xvlo.xcore.tail__t74                   1.20427
xvlo.xcore.vss__t495               1.56943e-12
xvlo.xcore.tail__t14                   1.20427
xvlo.xcore.inp__t3                       2.805
xvlo.xcore.outp__t54                   2.47101
xvlo.xcore.vss__t496               1.58068e-12
xvlo.xcore.outp__t22                     2.471
xvlo.xcore.inp__t7                       2.805
xvlo.xcore.tail__t76                   1.20427
xvlo.xcore.vss__t497               1.59193e-12
xvlo.xcore.tail__t16                   1.20427
xvlo.xcore.inp__t6                       2.805
xvlo.xcore.outp__t55                     2.471
xvlo.xcore.vss__t498               1.60319e-12
xvlo.xcore.outp__t21                     2.471
xvlo.xcore.inp__t5                       2.805
xvlo.xcore.tail__t75                   1.20427
xvlo.xcore.vss__t499               1.61444e-12
xvlo.xcore.tail__t19                   1.20427
xvlo.xcore.inp__t8                       2.805
xvlo.xcore.outp__t56                     2.471
xvlo.xcore.vss__t500               1.62569e-12
xvlo.xcore.outp__t45                     2.471
xvlo.xcore.inp__t50                      2.805
xvlo.xcore.tail__t116                  1.20427
xvlo.xcore.vss__t501               1.63695e-12
xvlo.xcore.tail__t51                   1.20428
xvlo.xcore.inp__t49                      2.805
xvlo.xcore.outp__t76                     2.471
xvlo.xcore.vss__t502                1.6482e-12
xvlo.xcore.outp__t44                   2.47099
xvlo.xcore.inp__t48                      2.805
xvlo.xcore.tail__t115                  1.20428
xvlo.xcore.vss__t503               1.65945e-12
xvlo.xcore.tail__t50                   1.20428
xvlo.xcore.inp__t47                      2.805
xvlo.xcore.outp__t75                   2.47099
xvlo.xcore.vss__t504               1.67071e-12
xvlo.xcore.outp__t43                   2.47099
xvlo.xcore.inp__t46                      2.805
xvlo.xcore.tail__t114                  1.20428
xvlo.xcore.vss__t505               1.68196e-12
xvlo.xcore.tail__t49                   1.20428
xvlo.xcore.inp__t45                      2.805
xvlo.xcore.outp__t74                   2.47099
xvlo.xcore.vss__t506               1.69321e-12
xvlo.xcore.outp__t42                   2.47099
xvlo.xcore.inp__t44                      2.805
xvlo.xcore.tail__t113                  1.20428
xvlo.xcore.vss__t507               1.70447e-12
xvlo.xcore.tail__t48                   1.20428
xvlo.xcore.inp__t43                      2.805
xvlo.xcore.outp__t73                   2.47099
xvlo.xcore.vss__t508               1.71572e-12
xvlo.xcore.outp__t41                   2.47098
xvlo.xcore.inp__t42                      2.805
xvlo.xcore.tail__t112                  1.20428
xvlo.xcore.vss__t509               1.72698e-12
xvlo.xcore.tail__t47                   1.20428
xvlo.xcore.inp__t41                      2.805
xvlo.xcore.outp__t72                   2.47098
xvlo.xcore.vss__t510               1.73823e-12
xvlo.xcore.outp__t40                   2.47098
xvlo.xcore.inp__t40                      2.805
xvlo.xcore.tail__t111                  1.20428
xvlo.xcore.vss__t511               1.74949e-12
xvlo.xcore.tail__t46                   1.20428
xvlo.xcore.inp__t39                      2.805
xvlo.xcore.outp__t71                   2.47098
xvlo.xcore.vss__t512               1.76074e-12
xvlo.xcore.outp__t39                   2.47098
xvlo.xcore.inp__t38                      2.805
xvlo.xcore.tail__t110                  1.20428
xvlo.xcore.vss__t513                 1.772e-12
xvlo.xcore.tail__t53                   1.20428
xvlo.xcore.inp__t51                      2.805
xvlo.xcore.outp__t77                   2.47098
xvlo.xcore.vss__t514               1.78325e-12
xvlo.xcore.outp__t38                   2.47097
xvlo.xcore.inp__t37                      2.805
xvlo.xcore.tail__t108                  1.20429
xvlo.xcore.vss__t515               1.79451e-12
xvlo.xcore.tail__t45                   1.20429
xvlo.xcore.inp__t36                      2.805
xvlo.xcore.outp__t70                   2.47097
xvlo.xcore.vss__t516               1.80576e-12
xvlo.xcore.outp__t37                   2.47097
xvlo.xcore.inp__t35                      2.805
xvlo.xcore.tail__t107                  1.20429
xvlo.xcore.vss__t517               1.81702e-12
xvlo.xcore.tail__t44                   1.20429
xvlo.xcore.inp__t34                      2.805
xvlo.xcore.outp__t69                   2.47097
xvlo.xcore.vss__t518               1.82827e-12
xvlo.xcore.outp__t36                   2.47097
xvlo.xcore.inp__t33                      2.805
xvlo.xcore.tail__t106                  1.20429
xvlo.xcore.vss__t519               1.83953e-12
xvlo.xcore.tail__t31                   1.20429
xvlo.xcore.inp__t12                      2.805
xvlo.xcore.outp__t58                   2.47097
xvlo.xcore.vss__t520               1.85079e-12
xvlo.xcore.outp__t35                   2.47097
xvlo.xcore.inp__t32                      2.805
xvlo.xcore.tail__t104                  1.20429
xvlo.xcore.vss__t521               1.86204e-12
xvlo.xcore.tail__t43                   1.20429
xvlo.xcore.inp__t31                      2.805
xvlo.xcore.outp__t68                   2.47096
xvlo.xcore.vss__t522                1.8733e-12
xvlo.xcore.outp__t33                   2.47096
xvlo.xcore.inp__t30                      2.805
xvlo.xcore.tail__t103                  1.20429
xvlo.xcore.vss__t523               1.88456e-12
xvlo.xcore.tail__t1                    1.20429
xvlo.xcore.inp__t2                       2.805
xvlo.xcore.outp__t34                   2.47096
xvlo.xcore.vss__t586               1.89581e-12
xvlo.xcore.ibias__t215                 1.26049
xvlo.xcore.ibias__t3                   1.26323
xvlo.xcore.vss__t2                 2.51858e-05
xvlo.xcore.vss__t459               6.61835e-13
xvlo.xcore.vss__t81                2.49859e-05
xvlo.xcore.ibias__t158                 1.26323
xvlo.xcore.ibias__t216                 1.26052
xvlo.xcore.vss__t448               6.56617e-13
xvlo.xcore.ibias__t213                 1.26055
xvlo.xcore.ibias__t171                 1.26323
xvlo.xcore.vss__t190               2.47861e-05
xvlo.xcore.vss__t449               6.51398e-13
xvlo.xcore.vss__t83                2.45863e-05
xvlo.xcore.ibias__t163                 1.26323
xvlo.xcore.ibias__t218                 1.26058
xvlo.xcore.vss__t450               6.46178e-13
xvlo.xcore.ibias__t212                 1.26061
xvlo.xcore.ibias__t162                 1.26323
xvlo.xcore.vss__t185               2.43865e-05
xvlo.xcore.vss__t451               6.40958e-13
xvlo.xcore.vss__t89                2.41867e-05
xvlo.xcore.ibias__t177                 1.26323
xvlo.xcore.ibias__t219                 1.26064
xvlo.xcore.vss__t452               6.35738e-13
xvlo.xcore.ibias__t211                 1.26067
xvlo.xcore.ibias__t160                 1.26323
xvlo.xcore.vss__t183               2.39868e-05
xvlo.xcore.vss__t453               6.30517e-13
xvlo.xcore.vss__t82                 2.3787e-05
xvlo.xcore.ibias__t159                 1.26323
xvlo.xcore.ibias__t217                  1.2607
xvlo.xcore.vss__t454               6.25295e-13
xvlo.xcore.ibias__t214                 1.26073
xvlo.xcore.ibias__t174                 1.26323
xvlo.xcore.vss__t192               2.35872e-05
xvlo.xcore.vss__t455               6.20074e-13
xvlo.xcore.vss__t3                 2.33874e-05
xvlo.xcore.ibias__t4                   1.26323
xvlo.xcore.ibias__t210                 1.26076
xvlo.xcore.vss__t457               6.14851e-13
xvlo.xcore.outn__t52                      2.97
xvlo.xcore.inn__t1                       1.815
xvlo.xcore.tail__t3                    1.20419
xvlo.xcore.vss__t461               1.33706e-12
xvlo.xcore.tail__t62                   1.20419
xvlo.xcore.inn__t58                      1.815
xvlo.xcore.outn__t81                      2.97
xvlo.xcore.vss__t524               1.34975e-12
xvlo.xcore.outn__t49                      2.97
xvlo.xcore.inn__t59                      1.815
xvlo.xcore.tail__t124                  1.20419
xvlo.xcore.vss__t525               1.36244e-12
xvlo.xcore.tail__t63                   1.20419
xvlo.xcore.inn__t60                      1.815
xvlo.xcore.outn__t82                      2.97
xvlo.xcore.vss__t526               1.37513e-12
xvlo.xcore.outn__t50                      2.97
xvlo.xcore.inn__t61                      1.815
xvlo.xcore.tail__t125                  1.20419
xvlo.xcore.vss__t527               1.38781e-12
xvlo.xcore.tail__t64                   1.20419
xvlo.xcore.inn__t62                      1.815
xvlo.xcore.outn__t83                      2.97
xvlo.xcore.vss__t528                1.4005e-12
xvlo.xcore.outn__t46                      2.97
xvlo.xcore.inn__t52                      1.815
xvlo.xcore.tail__t105                  1.20419
xvlo.xcore.vss__t529               1.41319e-12
xvlo.xcore.tail__t15                   1.20419
xvlo.xcore.inn__t21                      1.815
xvlo.xcore.outn__t63                      2.97
xvlo.xcore.vss__t530               1.42589e-12
xvlo.xcore.outn__t45                      2.97
xvlo.xcore.inn__t51                      1.815
xvlo.xcore.tail__t100                  1.20419
xvlo.xcore.vss__t531               1.43858e-12
xvlo.xcore.tail__t34                   1.20419
xvlo.xcore.inn__t48                      1.815
xvlo.xcore.outn__t76                      2.97
xvlo.xcore.vss__t532               1.45127e-12
xvlo.xcore.outn__t44                      2.97
xvlo.xcore.inn__t50                      1.815
xvlo.xcore.tail__t99                   1.20419
xvlo.xcore.vss__t533               1.46396e-12
xvlo.xcore.tail__t61                   1.20419
xvlo.xcore.inn__t57                      1.815
xvlo.xcore.outn__t80                      2.97
xvlo.xcore.vss__t534               1.47665e-12
xvlo.xcore.outn__t40                      2.97
xvlo.xcore.inn__t42                      1.815
xvlo.xcore.tail__t87                   1.20419
xvlo.xcore.vss__t535               1.48934e-12
xvlo.xcore.tail__t27                   1.20419
xvlo.xcore.inn__t41                      1.815
xvlo.xcore.outn__t73                      2.97
xvlo.xcore.vss__t536               1.50203e-12
xvlo.xcore.outn__t39                      2.97
xvlo.xcore.inn__t40                      1.815
xvlo.xcore.tail__t86                   1.20419
xvlo.xcore.vss__t537               1.51473e-12
xvlo.xcore.tail__t26                   1.20419
xvlo.xcore.inn__t39                      1.815
xvlo.xcore.outn__t72                      2.97
xvlo.xcore.vss__t538               1.52742e-12
xvlo.xcore.outn__t38                      2.97
xvlo.xcore.inn__t38                      1.815
xvlo.xcore.tail__t85                   1.20419
xvlo.xcore.vss__t539               1.54011e-12
xvlo.xcore.tail__t25                   1.20419
xvlo.xcore.inn__t37                      1.815
xvlo.xcore.outn__t71                      2.97
xvlo.xcore.vss__t540                1.5528e-12
xvlo.xcore.outn__t47                      2.97
xvlo.xcore.inn__t53                      1.815
xvlo.xcore.tail__t109                  1.20419
xvlo.xcore.vss__t541                1.5655e-12
xvlo.xcore.tail__t52                   1.20419
xvlo.xcore.inn__t55                      1.815
xvlo.xcore.outn__t78                      2.97
xvlo.xcore.vss__t542               1.57819e-12
xvlo.xcore.outn__t48                      2.97
xvlo.xcore.inn__t54                      1.815
xvlo.xcore.tail__t117                  1.20419
xvlo.xcore.vss__t543               1.59089e-12
xvlo.xcore.tail__t39                   1.20419
xvlo.xcore.inn__t49                      1.815
xvlo.xcore.outn__t77                      2.97
xvlo.xcore.vss__t544               1.60358e-12
xvlo.xcore.outn__t41                      2.97
xvlo.xcore.inn__t43                      1.815
xvlo.xcore.tail__t89                   1.20419
xvlo.xcore.vss__t545               1.61627e-12
xvlo.xcore.tail__t29                   1.20419
xvlo.xcore.inn__t47                      1.815
xvlo.xcore.outn__t75                      2.97
xvlo.xcore.vss__t546               1.62897e-12
xvlo.xcore.outn__t43                      2.97
xvlo.xcore.inn__t46                      1.815
xvlo.xcore.tail__t91                   1.20419
xvlo.xcore.vss__t547               1.64166e-12
xvlo.xcore.tail__t28                   1.20419
xvlo.xcore.inn__t45                      1.815
xvlo.xcore.outn__t74                      2.97
xvlo.xcore.vss__t548               1.65436e-12
xvlo.xcore.outn__t42                      2.97
xvlo.xcore.inn__t44                      1.815
xvlo.xcore.tail__t90                   1.20419
xvlo.xcore.vss__t549               1.66705e-12
xvlo.xcore.tail__t59                   1.20419
xvlo.xcore.inn__t56                      1.815
xvlo.xcore.outn__t79                      2.97
xvlo.xcore.vss__t550               1.67975e-12
xvlo.xcore.outn__t51                      2.97
xvlo.xcore.inn__t63                      1.815
xvlo.xcore.tail__t127                  1.20419
xvlo.xcore.vss__t551               1.69244e-12
xvlo.xcore.tail__t13                   1.20419
xvlo.xcore.inn__t19                      1.815
xvlo.xcore.outn__t62                      2.97
xvlo.xcore.vss__t552               1.70514e-12
xvlo.xcore.outn__t28                      2.97
xvlo.xcore.inn__t18                      1.815
xvlo.xcore.tail__t72                   1.20419
xvlo.xcore.vss__t553               1.71784e-12
xvlo.xcore.tail__t12                   1.20419
xvlo.xcore.inn__t17                      1.815
xvlo.xcore.outn__t61                      2.97
xvlo.xcore.vss__t554               1.73053e-12
xvlo.xcore.outn__t27                      2.97
xvlo.xcore.inn__t16                      1.815
xvlo.xcore.tail__t71                   1.20419
xvlo.xcore.vss__t555               1.74323e-12
xvlo.xcore.tail__t11                   1.20419
xvlo.xcore.inn__t15                      1.815
xvlo.xcore.outn__t60                      2.97
xvlo.xcore.vss__t556               1.75592e-12
xvlo.xcore.outn__t26                      2.97
xvlo.xcore.inn__t14                      1.815
xvlo.xcore.tail__t70                   1.20419
xvlo.xcore.vss__t557               1.76862e-12
xvlo.xcore.tail__t10                   1.20419
xvlo.xcore.inn__t13                      1.815
xvlo.xcore.outn__t59                      2.97
xvlo.xcore.vss__t558               1.78132e-12
xvlo.xcore.outn__t25                      2.97
xvlo.xcore.inn__t12                      1.815
xvlo.xcore.tail__t69                   1.20419
xvlo.xcore.vss__t559               1.79401e-12
xvlo.xcore.tail__t6                    1.20419
xvlo.xcore.inn__t5                       1.815
xvlo.xcore.outn__t55                      2.97
xvlo.xcore.vss__t560               1.80671e-12
xvlo.xcore.outn__t24                      2.97
xvlo.xcore.inn__t11                      1.815
xvlo.xcore.tail__t68                   1.20419
xvlo.xcore.vss__t561               1.81941e-12
xvlo.xcore.tail__t4                    1.20419
xvlo.xcore.inn__t2                       1.815
xvlo.xcore.outn__t53                      2.97
xvlo.xcore.vss__t562               1.83211e-12
xvlo.xcore.outn__t21                      2.97
xvlo.xcore.inn__t3                       1.815
xvlo.xcore.tail__t65                   1.20419
xvlo.xcore.vss__t563                1.8448e-12
xvlo.xcore.tail__t5                    1.20419
xvlo.xcore.inn__t4                       1.815
xvlo.xcore.outn__t54                      2.97
xvlo.xcore.vss__t564                1.8575e-12
xvlo.xcore.outn__t22                      2.97
xvlo.xcore.inn__t6                       1.815
xvlo.xcore.tail__t66                   1.20419
xvlo.xcore.vss__t565                1.8702e-12
xvlo.xcore.tail__t7                    1.20419
xvlo.xcore.inn__t7                       1.815
xvlo.xcore.outn__t56                      2.97
xvlo.xcore.vss__t566                1.8829e-12
xvlo.xcore.outn__t23                      2.97
xvlo.xcore.inn__t8                       1.815
xvlo.xcore.tail__t67                   1.20419
xvlo.xcore.vss__t567               1.89559e-12
xvlo.xcore.tail__t8                    1.20419
xvlo.xcore.inn__t9                       1.815
xvlo.xcore.outn__t57                      2.97
xvlo.xcore.vss__t568               1.90829e-12
xvlo.xcore.outn__t29                      2.97
xvlo.xcore.inn__t20                      1.815
xvlo.xcore.tail__t73                   1.20419
xvlo.xcore.vss__t569               1.92099e-12
xvlo.xcore.tail__t9                    1.20419
xvlo.xcore.inn__t10                      1.815
xvlo.xcore.outn__t58                      2.97
xvlo.xcore.vss__t570               1.93369e-12
xvlo.xcore.outn__t36                      2.97
xvlo.xcore.inn__t35                      1.815
xvlo.xcore.tail__t83                   1.20419
xvlo.xcore.vss__t571               1.94639e-12
xvlo.xcore.tail__t24                   1.20419
xvlo.xcore.inn__t34                      1.815
xvlo.xcore.outn__t70                      2.97
xvlo.xcore.vss__t572               1.95909e-12
xvlo.xcore.outn__t35                      2.97
xvlo.xcore.inn__t33                      1.815
xvlo.xcore.tail__t82                   1.20419
xvlo.xcore.vss__t573               1.97179e-12
xvlo.xcore.tail__t23                   1.20419
xvlo.xcore.inn__t32                      1.815
xvlo.xcore.outn__t69                      2.97
xvlo.xcore.vss__t574               1.98448e-12
xvlo.xcore.outn__t34                      2.97
xvlo.xcore.inn__t31                      1.815
xvlo.xcore.tail__t81                   1.20419
xvlo.xcore.vss__t575               1.99718e-12
xvlo.xcore.tail__t22                   1.20419
xvlo.xcore.inn__t30                      1.815
xvlo.xcore.outn__t68                      2.97
xvlo.xcore.vss__t576               2.00988e-12
xvlo.xcore.outn__t33                      2.97
xvlo.xcore.inn__t29                      1.815
xvlo.xcore.tail__t80                   1.20419
xvlo.xcore.vss__t577               2.02258e-12
xvlo.xcore.tail__t21                   1.20419
xvlo.xcore.inn__t28                      1.815
xvlo.xcore.outn__t67                      2.97
xvlo.xcore.vss__t578               2.03528e-12
xvlo.xcore.outn__t32                      2.97
xvlo.xcore.inn__t27                      1.815
xvlo.xcore.tail__t79                   1.20419
xvlo.xcore.vss__t579               2.04798e-12
xvlo.xcore.tail__t20                   1.20419
xvlo.xcore.inn__t26                      1.815
xvlo.xcore.outn__t66                      2.97
xvlo.xcore.vss__t580               2.06068e-12
xvlo.xcore.outn__t37                      2.97
xvlo.xcore.inn__t36                      1.815
xvlo.xcore.tail__t84                   1.20419
xvlo.xcore.vss__t581               2.07338e-12
xvlo.xcore.tail__t18                   1.20419
xvlo.xcore.inn__t25                      1.815
xvlo.xcore.outn__t65                      2.97
xvlo.xcore.vss__t582               2.08608e-12
xvlo.xcore.outn__t31                      2.97
xvlo.xcore.inn__t24                      1.815
xvlo.xcore.tail__t78                   1.20419
xvlo.xcore.vss__t583               2.09878e-12
xvlo.xcore.tail__t17                   1.20419
xvlo.xcore.inn__t23                      1.815
xvlo.xcore.outn__t64                      2.97
xvlo.xcore.vss__t584               2.11148e-12
xvlo.xcore.outn__t30                      2.97
xvlo.xcore.inn__t22                      1.815
xvlo.xcore.tail__t77                   1.20419
xvlo.xcore.vss__t585               2.12418e-12
xvlo.xcore.tail__t2                    1.20419
xvlo.xcore.inn__t0                       1.815
xvlo.xcore.outn__t20                      2.97
xvlo.xcore.vss__t587               2.13688e-12
xvlo.xcore.vss__t210               2.30101e-12
xvlo.xcore.outp__t16                   2.47117
xvlo.xcore.vss__t211               2.27396e-12
xvlo.xcore.outp__t17                   2.47117
xvlo.xcore.vss__t212               2.24694e-12
xvlo.xcore.outp__t18                   2.47117
xvlo.xcore.vss__t213               2.21993e-12
xvlo.xcore.outp__t19                   2.47117
xvlo.xcore.vss__t214               2.19296e-12
xvlo.xcore.outp__t0                    2.47117
xvlo.xcore.vss__t215                 2.166e-12
xvlo.xcore.outp__t1                    2.47117
xvlo.xcore.vss__t216               2.13907e-12
xvlo.xcore.outp__t2                    2.47117
xvlo.xcore.vss__t217               2.11217e-12
xvlo.xcore.outp__t3                    2.47117
xvlo.xcore.vss__t218                2.0853e-12
xvlo.xcore.outp__t4                    2.47117
xvlo.xcore.vss__t219               2.05845e-12
xvlo.xcore.outp__t15                   2.47117
xvlo.xcore.vss__t220               2.03163e-12
xvlo.xcore.outp__t6                    2.47117
xvlo.xcore.vss__t221               2.00485e-12
xvlo.xcore.outp__t7                    2.47117
xvlo.xcore.vss__t222               1.97809e-12
xvlo.xcore.outp__t8                    2.47117
xvlo.xcore.vss__t223               1.95137e-12
xvlo.xcore.outp__t9                    2.47117
xvlo.xcore.vss__t224               1.92468e-12
xvlo.xcore.outp__t10                   2.47117
xvlo.xcore.vss__t225               1.89803e-12
xvlo.xcore.outp__t11                   2.47117
xvlo.xcore.vss__t226               1.87142e-12
xvlo.xcore.outp__t12                   2.47117
xvlo.xcore.vss__t227               1.84484e-12
xvlo.xcore.outp__t13                   2.47117
xvlo.xcore.vss__t228               1.81831e-12
xvlo.xcore.outp__t14                   2.47117
xvlo.xcore.vss__t229               1.79182e-12
xvlo.xcore.outp__t5                    2.47117
xvlo.xcore.vss__t230               1.96611e-12
xvlo.xcore.outn__t0                       2.97
xvlo.xcore.vss__t231               1.99759e-12
xvlo.xcore.outn__t5                       2.97
xvlo.xcore.vss__t232               2.02914e-12
xvlo.xcore.outn__t6                       2.97
xvlo.xcore.vss__t233               2.06076e-12
xvlo.xcore.outn__t7                       2.97
xvlo.xcore.vss__t234               2.09243e-12
xvlo.xcore.outn__t8                       2.97
xvlo.xcore.vss__t235               2.12417e-12
xvlo.xcore.outn__t9                       2.97
xvlo.xcore.vss__t236               2.15595e-12
xvlo.xcore.outn__t10                      2.97
xvlo.xcore.vss__t237                2.1878e-12
xvlo.xcore.outn__t11                      2.97
xvlo.xcore.vss__t238               2.21969e-12
xvlo.xcore.outn__t12                      2.97
xvlo.xcore.vss__t239               2.25163e-12
xvlo.xcore.outn__t13                      2.97
xvlo.xcore.vss__t240               2.28362e-12
xvlo.xcore.outn__t14                      2.97
xvlo.xcore.vss__t241               2.31566e-12
xvlo.xcore.outn__t15                      2.97
xvlo.xcore.vss__t242               2.34774e-12
xvlo.xcore.outn__t16                      2.97
xvlo.xcore.vss__t243               2.37985e-12
xvlo.xcore.outn__t17                      2.97
xvlo.xcore.vss__t244               2.41201e-12
xvlo.xcore.outn__t19                      2.97
xvlo.xcore.vss__t245               2.44421e-12
xvlo.xcore.outn__t18                      2.97
xvlo.xcore.vss__t246               2.47644e-12
xvlo.xcore.outn__t1                       2.97
xvlo.xcore.vss__t247               2.50871e-12
xvlo.xcore.outn__t2                       2.97
xvlo.xcore.vss__t248               2.54101e-12
xvlo.xcore.outn__t3                       2.97
xvlo.xcore.vss__t249               2.57335e-12
xvlo.xcore.outn__t4                       2.97
ib_vlo                                 1.26323
xvlo.xcore.vsubs                             0
outn_vlo                                  2.97
outp_vlo                               2.47117
xvlo.tail                              1.20419
xvhi.xcore.tail__t186                  1.23163
xvhi.xcore.ibias__t118                 1.26323
xvhi.xcore.vss__t163               5.29187e-06
xvhi.xcore.vss__t349               1.33252e-13
xvhi.xcore.vss__t60                5.09713e-06
xvhi.xcore.ibias__t117                 1.26323
xvhi.xcore.tail__t286                  1.23163
xvhi.xcore.vss__t350               1.28348e-13
xvhi.xcore.tail__t197                  1.23163
xvhi.xcore.ibias__t140                 1.26323
xvhi.xcore.vss__t174               4.90281e-06
xvhi.xcore.vss__t351               1.23455e-13
xvhi.xcore.vss__t68                4.70894e-06
xvhi.xcore.ibias__t133                 1.26323
xvhi.xcore.tail__t294                  1.23163
xvhi.xcore.vss__t352               1.18573e-13
xvhi.xcore.tail__t193                  1.23163
xvhi.xcore.ibias__t132                 1.26323
xvhi.xcore.vss__t170               4.51558e-06
xvhi.xcore.vss__t353               1.13704e-13
xvhi.xcore.vss__t67                4.32281e-06
xvhi.xcore.ibias__t131                 1.26323
xvhi.xcore.tail__t293                  1.23163
xvhi.xcore.vss__t354                1.0885e-13
xvhi.xcore.tail__t192                  1.23163
xvhi.xcore.ibias__t130                 1.26323
xvhi.xcore.vss__t169               4.13071e-06
xvhi.xcore.vss__t355               1.04013e-13
xvhi.xcore.vss__t74                3.93937e-06
xvhi.xcore.ibias__t145                 1.26323
xvhi.xcore.tail__t300                  1.23163
xvhi.xcore.vss__t356               9.91948e-14
xvhi.xcore.tail__t191                  1.23163
xvhi.xcore.ibias__t128                 1.26323
xvhi.xcore.vss__t168               3.74891e-06
xvhi.xcore.vss__t357               9.43988e-14
xvhi.xcore.vss__t65                3.55947e-06
xvhi.xcore.ibias__t127                 1.26323
xvhi.xcore.tail__t291                  1.23163
xvhi.xcore.vss__t358               8.96286e-14
xvhi.xcore.tail__t190                  1.23163
xvhi.xcore.ibias__t126                 1.26323
xvhi.xcore.vss__t167               3.37122e-06
xvhi.xcore.vss__t359               8.48885e-14
xvhi.xcore.vss__t64                3.18439e-06
xvhi.xcore.ibias__t125                 1.26323
xvhi.xcore.tail__t290                  1.23163
xvhi.xcore.vss__t360               8.01838e-14
xvhi.xcore.tail__t189                  1.23163
xvhi.xcore.ibias__t124                 1.26323
xvhi.xcore.vss__t166               2.99922e-06
xvhi.xcore.vss__t361               7.55212e-14
xvhi.xcore.vss__t63                2.81605e-06
xvhi.xcore.ibias__t123                 1.26323
xvhi.xcore.tail__t289                  1.23163
xvhi.xcore.vss__t362               7.09089e-14
xvhi.xcore.tail__t188                  1.23163
xvhi.xcore.ibias__t122                 1.26323
xvhi.xcore.vss__t165                2.6353e-06
xvhi.xcore.vss__t363               6.63575e-14
xvhi.xcore.vss__t62                2.45749e-06
xvhi.xcore.ibias__t121                 1.26323
xvhi.xcore.tail__t288                  1.23163
xvhi.xcore.vss__t364               6.18803e-14
xvhi.xcore.tail__t187                  1.23163
xvhi.xcore.ibias__t120                 1.26323
xvhi.xcore.vss__t164               2.28333e-06
xvhi.xcore.vss__t365               5.74947e-14
xvhi.xcore.vss__t26                 2.1137e-06
xvhi.xcore.ibias__t0                   1.26323
xvhi.xcore.tail__t252                  1.23164
xvhi.xcore.vss__t366               5.32234e-14
xvhi.xcore.tail__t175                  1.23164
xvhi.xcore.ibias__t97                  1.26323
xvhi.xcore.vss__t152                1.9498e-06
xvhi.xcore.vss__t367               4.90962e-14
xvhi.xcore.vss__t42                1.79318e-06
xvhi.xcore.ibias__t78                  1.26323
xvhi.xcore.tail__t268                  1.23164
xvhi.xcore.vss__t368               4.51527e-14
xvhi.xcore.tail__t164                  1.23164
xvhi.xcore.ibias__t77                  1.26323
xvhi.xcore.vss__t141               1.64595e-06
xvhi.xcore.vss__t369               4.14452e-14
xvhi.xcore.vss__t37                1.51083e-06
xvhi.xcore.ibias__t70                  1.26323
xvhi.xcore.tail__t263                  1.23164
xvhi.xcore.vss__t370                3.8043e-14
xvhi.xcore.tail__t167                  1.23164
xvhi.xcore.ibias__t82                  1.26323
xvhi.xcore.vss__t144               1.39137e-06
xvhi.xcore.vss__t371                3.5035e-14
xvhi.xcore.vss__t39                1.29192e-06
xvhi.xcore.ibias__t72                  1.26323
xvhi.xcore.tail__t265                  1.23164
xvhi.xcore.vss__t372               3.25307e-14
xvhi.xcore.tail__t162                  1.23164
xvhi.xcore.ibias__t73                  1.26323
xvhi.xcore.vss__t139               1.21739e-06
xvhi.xcore.vss__t373               3.06539e-14
xvhi.xcore.vss__t40                1.17253e-06
xvhi.xcore.ibias__t74                  1.26323
xvhi.xcore.tail__t266                  1.23164
xvhi.xcore.vss__t374               2.95245e-14
xvhi.xcore.tail__t163                  1.23164
xvhi.xcore.ibias__t75                  1.26323
xvhi.xcore.vss__t140               1.16081e-06
xvhi.xcore.vss__t375               2.92293e-14
xvhi.xcore.vss__t41                1.18319e-06
xvhi.xcore.ibias__t76                  1.26323
xvhi.xcore.tail__t267                  1.23164
xvhi.xcore.vss__t376                2.9793e-14
xvhi.xcore.tail__t129                  1.23164
xvhi.xcore.ibias__t9                   1.26323
xvhi.xcore.vss__t107               1.23784e-06
xvhi.xcore.vss__t377               3.11691e-14
xvhi.xcore.vss__t6                 1.32076e-06
xvhi.xcore.ibias__t8                   1.26323
xvhi.xcore.tail__t232                  1.23164
xvhi.xcore.vss__t378               3.32569e-14
xvhi.xcore.tail__t128                  1.23164
xvhi.xcore.ibias__t7                   1.26323
xvhi.xcore.vss__t106               1.42701e-06
xvhi.xcore.vss__t379               3.59325e-14
xvhi.xcore.vss__t5                 1.55183e-06
xvhi.xcore.ibias__t6                   1.26323
xvhi.xcore.tail__t231                  1.23164
xvhi.xcore.vss__t380               3.90755e-14
xvhi.xcore.tail__t141                  1.23164
xvhi.xcore.ibias__t31                  1.26323
xvhi.xcore.vss__t119                1.6911e-06
xvhi.xcore.vss__t381               4.25824e-14
xvhi.xcore.vss__t4                 1.84155e-06
xvhi.xcore.ibias__t5                   1.26323
xvhi.xcore.tail__t230                  1.23164
xvhi.xcore.vss__t382               4.63707e-14
xvhi.xcore.tail__t158                  1.23164
xvhi.xcore.ibias__t62                  1.26323
xvhi.xcore.vss__t135               2.00065e-06
xvhi.xcore.vss__t383               5.03771e-14
xvhi.xcore.vss__t33                 2.1665e-06
xvhi.xcore.ibias__t63                  1.26323
xvhi.xcore.tail__t259                  1.23164
xvhi.xcore.vss__t384               5.45534e-14
xvhi.xcore.tail__t159                  1.23164
xvhi.xcore.ibias__t64                  1.26323
xvhi.xcore.vss__t136               2.33767e-06
xvhi.xcore.vss__t385               5.88636e-14
xvhi.xcore.vss__t34                2.51307e-06
xvhi.xcore.ibias__t65                  1.26323
xvhi.xcore.tail__t260                  1.23164
xvhi.xcore.vss__t386               6.32802e-14
xvhi.xcore.tail__t160                  1.23164
xvhi.xcore.ibias__t66                  1.26323
xvhi.xcore.vss__t137               2.69186e-06
xvhi.xcore.vss__t387               6.77825e-14
xvhi.xcore.vss__t35                2.87343e-06
xvhi.xcore.ibias__t67                  1.26323
xvhi.xcore.tail__t261                  1.23164
xvhi.xcore.vss__t388               7.23545e-14
xvhi.xcore.tail__t161                  1.23164
xvhi.xcore.ibias__t68                  1.26323
xvhi.xcore.vss__t138               3.05727e-06
xvhi.xcore.vss__t389               7.69838e-14
xvhi.xcore.vss__t36                3.24299e-06
xvhi.xcore.ibias__t69                  1.26323
xvhi.xcore.tail__t262                  1.23164
xvhi.xcore.vss__t390               8.16606e-14
xvhi.xcore.tail__t130                  1.23164
xvhi.xcore.ibias__t10                  1.26323
xvhi.xcore.vss__t108                3.4303e-06
xvhi.xcore.vss__t391               8.63772e-14
xvhi.xcore.vss__t13                3.61894e-06
xvhi.xcore.ibias__t23                  1.26323
xvhi.xcore.tail__t239                  1.23164
xvhi.xcore.vss__t392               9.11274e-14
xvhi.xcore.tail__t137                  1.23164
xvhi.xcore.ibias__t24                  1.26323
xvhi.xcore.vss__t115               3.80871e-06
xvhi.xcore.vss__t393               9.59063e-14
xvhi.xcore.vss__t14                3.99947e-06
xvhi.xcore.ibias__t25                  1.26323
xvhi.xcore.tail__t240                  1.23164
xvhi.xcore.vss__t394                1.0071e-13
xvhi.xcore.tail__t138                  1.23164
xvhi.xcore.ibias__t26                  1.26323
xvhi.xcore.vss__t116               4.19106e-06
xvhi.xcore.vss__t395               1.05534e-13
xvhi.xcore.vss__t15                4.38338e-06
xvhi.xcore.ibias__t27                  1.26323
xvhi.xcore.tail__t241                  1.23164
xvhi.xcore.vss__t396               1.10377e-13
xvhi.xcore.tail__t139                  1.23164
xvhi.xcore.ibias__t28                  1.26323
xvhi.xcore.vss__t117               4.57635e-06
xvhi.xcore.vss__t397               1.15237e-13
xvhi.xcore.vss__t16                4.76987e-06
xvhi.xcore.ibias__t29                  1.26323
xvhi.xcore.tail__t242                  1.23165
xvhi.xcore.vss__t398                1.2011e-13
xvhi.xcore.tail__t140                  1.23165
xvhi.xcore.ibias__t30                  1.26323
xvhi.xcore.vss__t118               4.96389e-06
xvhi.xcore.vss__t399               1.24996e-13
xvhi.xcore.vss__t21                5.15835e-06
xvhi.xcore.ibias__t41                  1.26323
xvhi.xcore.tail__t247                  1.23165
xvhi.xcore.vss__t400               1.29893e-13
xvhi.xcore.tail__t142                  1.23165
xvhi.xcore.ibias__t32                  1.26323
xvhi.xcore.vss__t120                5.3532e-06
xvhi.xcore.vss__t401               1.34799e-13
xvhi.xcore.vss__t17                 5.5484e-06
xvhi.xcore.ibias__t33                  1.26323
xvhi.xcore.tail__t243                  1.23164
xvhi.xcore.vss__t402               1.39715e-13
xvhi.xcore.tail__t143                  1.23164
xvhi.xcore.ibias__t34                  1.26323
xvhi.xcore.vss__t121               5.74392e-06
xvhi.xcore.vss__t403               1.44638e-13
xvhi.xcore.vss__t18                5.93972e-06
xvhi.xcore.ibias__t35                  1.26323
xvhi.xcore.tail__t244                  1.23164
xvhi.xcore.vss__t404               1.49569e-13
xvhi.xcore.tail__t144                  1.23164
xvhi.xcore.ibias__t36                  1.26323
xvhi.xcore.vss__t122               6.13577e-06
xvhi.xcore.vss__t405               1.54506e-13
xvhi.xcore.vss__t19                6.33206e-06
xvhi.xcore.ibias__t37                  1.26323
xvhi.xcore.tail__t245                  1.23164
xvhi.xcore.vss__t406               1.59449e-13
xvhi.xcore.tail__t145                  1.23164
xvhi.xcore.ibias__t38                  1.26323
xvhi.xcore.vss__t123               6.52856e-06
xvhi.xcore.vss__t407               1.64397e-13
xvhi.xcore.vss__t20                6.72525e-06
xvhi.xcore.ibias__t39                  1.26323
xvhi.xcore.tail__t246                  1.23164
xvhi.xcore.vss__t408                1.6935e-13
xvhi.xcore.tail__t146                  1.23164
xvhi.xcore.ibias__t40                  1.26323
xvhi.xcore.vss__t124               6.92212e-06
xvhi.xcore.vss__t409               1.74308e-13
xvhi.xcore.vss__t8                 7.11915e-06
xvhi.xcore.ibias__t12                  1.26323
xvhi.xcore.tail__t234                  1.23164
xvhi.xcore.vss__t410               1.79269e-13
xvhi.xcore.tail__t135                  1.23164
xvhi.xcore.ibias__t21                  1.26323
xvhi.xcore.vss__t113               7.31633e-06
xvhi.xcore.vss__t411               1.84235e-13
xvhi.xcore.vss__t9                 7.51364e-06
xvhi.xcore.ibias__t13                  1.26323
xvhi.xcore.tail__t235                  1.23164
xvhi.xcore.vss__t412               1.89203e-13
xvhi.xcore.tail__t131                  1.23164
xvhi.xcore.ibias__t14                  1.26323
xvhi.xcore.vss__t109               7.71109e-06
xvhi.xcore.vss__t413               1.94175e-13
xvhi.xcore.vss__t10                7.90865e-06
xvhi.xcore.ibias__t15                  1.26323
xvhi.xcore.tail__t236                  1.23164
xvhi.xcore.vss__t414                1.9915e-13
xvhi.xcore.tail__t134                  1.23164
xvhi.xcore.ibias__t20                  1.26323
xvhi.xcore.vss__t112               8.10631e-06
xvhi.xcore.vss__t415               2.04128e-13
xvhi.xcore.vss__t12                8.30408e-06
xvhi.xcore.ibias__t19                  1.26323
xvhi.xcore.tail__t238                  1.23164
xvhi.xcore.vss__t416               2.09108e-13
xvhi.xcore.tail__t133                  1.23164
xvhi.xcore.ibias__t18                  1.26323
xvhi.xcore.vss__t111               8.50194e-06
xvhi.xcore.vss__t417               2.14091e-13
xvhi.xcore.vss__t11                8.69989e-06
xvhi.xcore.ibias__t17                  1.26323
xvhi.xcore.tail__t237                  1.23164
xvhi.xcore.vss__t418               2.19076e-13
xvhi.xcore.tail__t132                  1.23164
xvhi.xcore.ibias__t16                  1.26323
xvhi.xcore.vss__t110               8.89792e-06
xvhi.xcore.vss__t419               2.24063e-13
xvhi.xcore.vss__t7                 9.09602e-06
xvhi.xcore.ibias__t11                  1.26323
xvhi.xcore.tail__t233                  1.23164
xvhi.xcore.vss__t420               2.29051e-13
xvhi.xcore.tail__t136                  1.23164
xvhi.xcore.ibias__t22                  1.26323
xvhi.xcore.vss__t114                9.2942e-06
xvhi.xcore.vss__t421               2.34042e-13
xvhi.xcore.vss__t23                9.49244e-06
xvhi.xcore.ibias__t45                  1.26323
xvhi.xcore.tail__t249                  1.23164
xvhi.xcore.vss__t422               2.39034e-13
xvhi.xcore.tail__t150                  1.23164
xvhi.xcore.ibias__t46                  1.26323
xvhi.xcore.vss__t127               9.69075e-06
xvhi.xcore.vss__t423               2.44028e-13
xvhi.xcore.vss__t24                9.88911e-06
xvhi.xcore.ibias__t47                  1.26323
xvhi.xcore.tail__t250                  1.23164
xvhi.xcore.vss__t424               2.49023e-13
xvhi.xcore.tail__t151                  1.23164
xvhi.xcore.ibias__t48                  1.26323
xvhi.xcore.vss__t128               1.00875e-05
xvhi.xcore.vss__t425                2.5402e-13
xvhi.xcore.vss__t25                 1.0286e-05
xvhi.xcore.ibias__t49                  1.26323
xvhi.xcore.tail__t251                  1.23164
xvhi.xcore.vss__t426               2.59018e-13
xvhi.xcore.tail__t152                  1.23164
xvhi.xcore.ibias__t50                  1.26323
xvhi.xcore.vss__t129               1.04845e-05
xvhi.xcore.vss__t427               2.64017e-13
xvhi.xcore.vss__t32                1.06831e-05
xvhi.xcore.ibias__t61                  1.26323
xvhi.xcore.tail__t258                  1.23164
xvhi.xcore.vss__t428               2.69018e-13
xvhi.xcore.tail__t153                  1.23164
xvhi.xcore.ibias__t51                  1.26323
xvhi.xcore.vss__t130               1.08817e-05
xvhi.xcore.vss__t429               2.74019e-13
xvhi.xcore.vss__t27                1.10803e-05
xvhi.xcore.ibias__t52                  1.26323
xvhi.xcore.tail__t253                  1.23164
xvhi.xcore.vss__t430               2.79022e-13
xvhi.xcore.tail__t154                  1.23164
xvhi.xcore.ibias__t53                  1.26323
xvhi.xcore.vss__t131                1.1279e-05
xvhi.xcore.vss__t431               2.84025e-13
xvhi.xcore.vss__t28                1.14778e-05
xvhi.xcore.ibias__t54                  1.26323
xvhi.xcore.tail__t254                  1.23164
xvhi.xcore.vss__t432                2.8903e-13
xvhi.xcore.tail__t155                  1.23163
xvhi.xcore.ibias__t55                  1.26323
xvhi.xcore.vss__t132               1.16765e-05
xvhi.xcore.vss__t433               2.94035e-13
xvhi.xcore.vss__t29                1.18753e-05
xvhi.xcore.ibias__t56                  1.26323
xvhi.xcore.tail__t255                  1.23163
xvhi.xcore.vss__t434               2.99042e-13
xvhi.xcore.tail__t156                  1.23163
xvhi.xcore.ibias__t57                  1.26323
xvhi.xcore.vss__t133               1.20741e-05
xvhi.xcore.vss__t435               3.04049e-13
xvhi.xcore.vss__t30                 1.2273e-05
xvhi.xcore.ibias__t58                  1.26323
xvhi.xcore.tail__t256                  1.23163
xvhi.xcore.vss__t436               3.09057e-13
xvhi.xcore.tail__t157                  1.23163
xvhi.xcore.ibias__t59                  1.26323
xvhi.xcore.vss__t134               1.24719e-05
xvhi.xcore.vss__t437               3.14065e-13
xvhi.xcore.vss__t31                1.26708e-05
xvhi.xcore.ibias__t60                  1.26323
xvhi.xcore.tail__t257                  1.23163
xvhi.xcore.vss__t438               3.19074e-13
xvhi.xcore.tail__t211                  1.23163
xvhi.xcore.ibias__t176                 1.26323
xvhi.xcore.vss__t193               1.28697e-05
xvhi.xcore.vss__t439               3.24084e-13
xvhi.xcore.vss__t88                1.30687e-05
xvhi.xcore.ibias__t175                 1.26323
xvhi.xcore.tail__t311                  1.23163
xvhi.xcore.vss__t440               3.29095e-13
xvhi.xcore.tail__t165                  1.23163
xvhi.xcore.ibias__t79                  1.26323
xvhi.xcore.vss__t142               1.32677e-05
xvhi.xcore.vss__t441               3.34106e-13
xvhi.xcore.vss__t43                1.34667e-05
xvhi.xcore.ibias__t80                  1.26323
xvhi.xcore.tail__t269                  1.23163
xvhi.xcore.vss__t442               3.39118e-13
xvhi.xcore.tail__t166                  1.23163
xvhi.xcore.ibias__t81                  1.26323
xvhi.xcore.vss__t143               1.36657e-05
xvhi.xcore.vss__t443                3.4413e-13
xvhi.xcore.vss__t38                1.38648e-05
xvhi.xcore.ibias__t71                  1.26323
xvhi.xcore.tail__t264                  1.23163
xvhi.xcore.vss__t444               3.49143e-13
xvhi.xcore.tail__t147                  1.23163
xvhi.xcore.ibias__t42                  1.26323
xvhi.xcore.vss__t125               1.40638e-05
xvhi.xcore.vss__t445               3.54156e-13
xvhi.xcore.vss__t22                1.42629e-05
xvhi.xcore.ibias__t43                  1.26323
xvhi.xcore.tail__t248                  1.23163
xvhi.xcore.vss__t446                3.5917e-13
xvhi.xcore.tail__t148                  1.23163
xvhi.xcore.ibias__t44                  1.26323
xvhi.xcore.vss__t126                1.4462e-05
xvhi.xcore.vss__t447               3.64184e-13
xvhi.xcore.vss__t0                 1.46612e-05
xvhi.xcore.ibias__t1                   1.26323
xvhi.xcore.tail__t149                  1.23163
xvhi.xcore.vss__t456               3.69199e-13
xvhi.xcore.tail__t229                   1.2316
xvhi.xcore.ibias__t2                   1.26323
xvhi.xcore.vss__t1                 2.51657e-05
xvhi.xcore.vss__t458               6.33742e-13
xvhi.xcore.vss__t189               2.49662e-05
xvhi.xcore.ibias__t170                 1.26323
xvhi.xcore.tail__t228                   1.2316
xvhi.xcore.vss__t250               6.28717e-13
xvhi.xcore.tail__t209                   1.2316
xvhi.xcore.ibias__t169                 1.26323
xvhi.xcore.vss__t188               2.47667e-05
xvhi.xcore.vss__t251               6.23692e-13
xvhi.xcore.vss__t86                2.45671e-05
xvhi.xcore.ibias__t168                 1.26323
xvhi.xcore.tail__t309                   1.2316
xvhi.xcore.vss__t252               6.18667e-13
xvhi.xcore.tail__t208                   1.2316
xvhi.xcore.ibias__t167                 1.26323
xvhi.xcore.vss__t187               2.43676e-05
xvhi.xcore.vss__t253               6.13642e-13
xvhi.xcore.vss__t85                2.41681e-05
xvhi.xcore.ibias__t166                 1.26323
xvhi.xcore.tail__t308                   1.2316
xvhi.xcore.vss__t254               6.08617e-13
xvhi.xcore.tail__t207                   1.2316
xvhi.xcore.ibias__t165                 1.26323
xvhi.xcore.vss__t186               2.39686e-05
xvhi.xcore.vss__t255               6.03593e-13
xvhi.xcore.vss__t84                2.37691e-05
xvhi.xcore.ibias__t164                 1.26323
xvhi.xcore.tail__t307                   1.2316
xvhi.xcore.vss__t256               5.98568e-13
xvhi.xcore.tail__t210                   1.2316
xvhi.xcore.ibias__t173                 1.26323
xvhi.xcore.vss__t191               2.35696e-05
xvhi.xcore.vss__t257               5.93544e-13
xvhi.xcore.vss__t87                2.33701e-05
xvhi.xcore.ibias__t172                 1.26323
xvhi.xcore.tail__t310                   1.2316
xvhi.xcore.vss__t258                5.8852e-13
xvhi.xcore.tail__t219                   1.2316
xvhi.xcore.ibias__t195                 1.26323
xvhi.xcore.vss__t201               2.31706e-05
xvhi.xcore.vss__t259               5.83495e-13
xvhi.xcore.vss__t99                2.29712e-05
xvhi.xcore.ibias__t194                 1.26323
xvhi.xcore.tail__t321                   1.2316
xvhi.xcore.vss__t260               5.78471e-13
xvhi.xcore.tail__t227                   1.2316
xvhi.xcore.ibias__t209                 1.26323
xvhi.xcore.vss__t209               2.27717e-05
xvhi.xcore.vss__t261               5.73447e-13
xvhi.xcore.vss__t97                2.25722e-05
xvhi.xcore.ibias__t192                 1.26323
xvhi.xcore.tail__t319                   1.2316
xvhi.xcore.vss__t262               5.68423e-13
xvhi.xcore.tail__t218                   1.2316
xvhi.xcore.ibias__t191                 1.26323
xvhi.xcore.vss__t200               2.23727e-05
xvhi.xcore.vss__t263                 5.634e-13
xvhi.xcore.vss__t96                2.21732e-05
xvhi.xcore.ibias__t190                 1.26323
xvhi.xcore.tail__t318                   1.2316
xvhi.xcore.vss__t264               5.58376e-13
xvhi.xcore.tail__t217                   1.2316
xvhi.xcore.ibias__t189                 1.26323
xvhi.xcore.vss__t199               2.19738e-05
xvhi.xcore.vss__t265               5.53352e-13
xvhi.xcore.vss__t95                2.17743e-05
xvhi.xcore.ibias__t188                 1.26323
xvhi.xcore.tail__t317                   1.2316
xvhi.xcore.vss__t266               5.48329e-13
xvhi.xcore.tail__t216                   1.2316
xvhi.xcore.ibias__t187                 1.26323
xvhi.xcore.vss__t198               2.15749e-05
xvhi.xcore.vss__t267               5.43306e-13
xvhi.xcore.vss__t94                2.13754e-05
xvhi.xcore.ibias__t186                 1.26323
xvhi.xcore.tail__t316                   1.2316
xvhi.xcore.vss__t268               5.38283e-13
xvhi.xcore.tail__t215                   1.2316
xvhi.xcore.ibias__t185                 1.26323
xvhi.xcore.vss__t197                2.1176e-05
xvhi.xcore.vss__t269                5.3326e-13
xvhi.xcore.vss__t93                2.09765e-05
xvhi.xcore.ibias__t184                 1.26323
xvhi.xcore.tail__t315                   1.2316
xvhi.xcore.vss__t270               5.28237e-13
xvhi.xcore.tail__t214                   1.2316
xvhi.xcore.ibias__t183                 1.26323
xvhi.xcore.vss__t196               2.07771e-05
xvhi.xcore.vss__t271               5.23214e-13
xvhi.xcore.vss__t92                2.05777e-05
xvhi.xcore.ibias__t182                 1.26323
xvhi.xcore.tail__t314                   1.2316
xvhi.xcore.vss__t272               5.18192e-13
xvhi.xcore.tail__t213                   1.2316
xvhi.xcore.ibias__t181                 1.26323
xvhi.xcore.vss__t195               2.03782e-05
xvhi.xcore.vss__t273               5.13169e-13
xvhi.xcore.vss__t91                2.01788e-05
xvhi.xcore.ibias__t180                 1.26323
xvhi.xcore.tail__t313                  1.23161
xvhi.xcore.vss__t274               5.08147e-13
xvhi.xcore.tail__t212                  1.23161
xvhi.xcore.ibias__t179                 1.26323
xvhi.xcore.vss__t194               1.99794e-05
xvhi.xcore.vss__t275               5.03125e-13
xvhi.xcore.vss__t90                  1.978e-05
xvhi.xcore.ibias__t178                 1.26323
xvhi.xcore.tail__t312                  1.23161
xvhi.xcore.vss__t276               4.98103e-13
xvhi.xcore.tail__t206                  1.23161
xvhi.xcore.ibias__t161                 1.26323
xvhi.xcore.vss__t184               1.95806e-05
xvhi.xcore.vss__t277               4.93081e-13
xvhi.xcore.vss__t57                1.93812e-05
xvhi.xcore.ibias__t112                 1.26323
xvhi.xcore.tail__t283                  1.23161
xvhi.xcore.vss__t278               4.88059e-13
xvhi.xcore.tail__t183                  1.23161
xvhi.xcore.ibias__t111                 1.26323
xvhi.xcore.vss__t160               1.91818e-05
xvhi.xcore.vss__t279               4.83038e-13
xvhi.xcore.vss__t56                1.89824e-05
xvhi.xcore.ibias__t110                 1.26323
xvhi.xcore.tail__t282                  1.23161
xvhi.xcore.vss__t280               4.78017e-13
xvhi.xcore.tail__t182                  1.23161
xvhi.xcore.ibias__t109                 1.26323
xvhi.xcore.vss__t159               1.87831e-05
xvhi.xcore.vss__t281               4.72996e-13
xvhi.xcore.vss__t55                1.85837e-05
xvhi.xcore.ibias__t108                 1.26323
xvhi.xcore.tail__t281                  1.23161
xvhi.xcore.vss__t282               4.67975e-13
xvhi.xcore.tail__t181                  1.23161
xvhi.xcore.ibias__t107                 1.26323
xvhi.xcore.vss__t158               1.83843e-05
xvhi.xcore.vss__t283               4.62954e-13
xvhi.xcore.vss__t54                 1.8185e-05
xvhi.xcore.ibias__t106                 1.26323
xvhi.xcore.tail__t280                  1.23161
xvhi.xcore.vss__t284               4.57934e-13
xvhi.xcore.tail__t180                  1.23161
xvhi.xcore.ibias__t105                 1.26323
xvhi.xcore.vss__t157               1.79856e-05
xvhi.xcore.vss__t285               4.52914e-13
xvhi.xcore.vss__t53                1.77863e-05
xvhi.xcore.ibias__t104                 1.26323
xvhi.xcore.tail__t279                  1.23161
xvhi.xcore.vss__t286               4.47894e-13
xvhi.xcore.tail__t205                  1.23161
xvhi.xcore.ibias__t156                 1.26323
xvhi.xcore.vss__t182                1.7587e-05
xvhi.xcore.vss__t287               4.42874e-13
xvhi.xcore.vss__t79                1.73877e-05
xvhi.xcore.ibias__t155                 1.26323
xvhi.xcore.tail__t305                  1.23161
xvhi.xcore.vss__t288               4.37855e-13
xvhi.xcore.tail__t204                  1.23161
xvhi.xcore.ibias__t154                 1.26323
xvhi.xcore.vss__t181               1.71884e-05
xvhi.xcore.vss__t289               4.32835e-13
xvhi.xcore.vss__t78                1.69891e-05
xvhi.xcore.ibias__t153                 1.26323
xvhi.xcore.tail__t304                  1.23161
xvhi.xcore.vss__t290               4.27817e-13
xvhi.xcore.tail__t203                  1.23161
xvhi.xcore.ibias__t152                 1.26323
xvhi.xcore.vss__t180               1.67898e-05
xvhi.xcore.vss__t291               4.22798e-13
xvhi.xcore.vss__t77                1.65905e-05
xvhi.xcore.ibias__t151                 1.26323
xvhi.xcore.tail__t303                  1.23161
xvhi.xcore.vss__t292               4.17779e-13
xvhi.xcore.tail__t202                  1.23161
xvhi.xcore.ibias__t150                 1.26323
xvhi.xcore.vss__t179               1.63913e-05
xvhi.xcore.vss__t293               4.12761e-13
xvhi.xcore.vss__t76                 1.6192e-05
xvhi.xcore.ibias__t149                 1.26323
xvhi.xcore.tail__t302                  1.23161
xvhi.xcore.vss__t294               4.07744e-13
xvhi.xcore.tail__t201                  1.23161
xvhi.xcore.ibias__t148                 1.26323
xvhi.xcore.vss__t178               1.59928e-05
xvhi.xcore.vss__t295               4.02726e-13
xvhi.xcore.vss__t75                1.57936e-05
xvhi.xcore.ibias__t147                 1.26323
xvhi.xcore.tail__t301                  1.23161
xvhi.xcore.vss__t296               3.97709e-13
xvhi.xcore.tail__t200                  1.23161
xvhi.xcore.ibias__t146                 1.26323
xvhi.xcore.vss__t177               1.55944e-05
xvhi.xcore.vss__t297               3.92692e-13
xvhi.xcore.vss__t98                1.53952e-05
xvhi.xcore.ibias__t193                 1.26323
xvhi.xcore.tail__t320                  1.23161
xvhi.xcore.vss__t298               3.87676e-13
xvhi.xcore.tail__t226                  1.23161
xvhi.xcore.ibias__t208                 1.26323
xvhi.xcore.vss__t208                1.5196e-05
xvhi.xcore.vss__t299                3.8266e-13
xvhi.xcore.vss__t105               1.49968e-05
xvhi.xcore.ibias__t207                 1.26323
xvhi.xcore.tail__t327                  1.23161
xvhi.xcore.vss__t300               3.77644e-13
xvhi.xcore.tail__t225                  1.23161
xvhi.xcore.ibias__t206                 1.26323
xvhi.xcore.vss__t207               1.47977e-05
xvhi.xcore.vss__t301               3.72629e-13
xvhi.xcore.vss__t104               1.45985e-05
xvhi.xcore.ibias__t205                 1.26323
xvhi.xcore.tail__t326                  1.23161
xvhi.xcore.vss__t302               3.67614e-13
xvhi.xcore.tail__t224                  1.23161
xvhi.xcore.ibias__t204                 1.26323
xvhi.xcore.vss__t206               1.43994e-05
xvhi.xcore.vss__t303               3.62599e-13
xvhi.xcore.vss__t103               1.42003e-05
xvhi.xcore.ibias__t203                 1.26323
xvhi.xcore.tail__t325                  1.23161
xvhi.xcore.vss__t304               3.57585e-13
xvhi.xcore.tail__t223                  1.23162
xvhi.xcore.ibias__t202                 1.26323
xvhi.xcore.vss__t205               1.40012e-05
xvhi.xcore.vss__t305               3.52572e-13
xvhi.xcore.vss__t102               1.38021e-05
xvhi.xcore.ibias__t201                 1.26323
xvhi.xcore.tail__t324                  1.23162
xvhi.xcore.vss__t306               3.47559e-13
xvhi.xcore.tail__t222                  1.23162
xvhi.xcore.ibias__t200                 1.26323
xvhi.xcore.vss__t204               1.36031e-05
xvhi.xcore.vss__t307               3.42546e-13
xvhi.xcore.vss__t101               1.34041e-05
xvhi.xcore.ibias__t199                 1.26323
xvhi.xcore.tail__t323                  1.23162
xvhi.xcore.vss__t308               3.37534e-13
xvhi.xcore.tail__t221                  1.23162
xvhi.xcore.ibias__t198                 1.26323
xvhi.xcore.vss__t203               1.32051e-05
xvhi.xcore.vss__t309               3.32523e-13
xvhi.xcore.vss__t100               1.30061e-05
xvhi.xcore.ibias__t197                 1.26323
xvhi.xcore.tail__t322                  1.23162
xvhi.xcore.vss__t310               3.27512e-13
xvhi.xcore.tail__t220                  1.23162
xvhi.xcore.ibias__t196                 1.26323
xvhi.xcore.vss__t202               1.28071e-05
xvhi.xcore.vss__t311               3.22502e-13
xvhi.xcore.vss__t80                1.26082e-05
xvhi.xcore.ibias__t157                 1.26323
xvhi.xcore.tail__t306                  1.23162
xvhi.xcore.vss__t312               3.17492e-13
xvhi.xcore.tail__t185                  1.23162
xvhi.xcore.ibias__t116                 1.26323
xvhi.xcore.vss__t162               1.24093e-05
xvhi.xcore.vss__t313               3.12483e-13
xvhi.xcore.vss__t59                1.22104e-05
xvhi.xcore.ibias__t115                 1.26323
xvhi.xcore.tail__t285                  1.23162
xvhi.xcore.vss__t314               3.07475e-13
xvhi.xcore.tail__t184                  1.23162
xvhi.xcore.ibias__t114                 1.26323
xvhi.xcore.vss__t161               1.20116e-05
xvhi.xcore.vss__t315               3.02467e-13
xvhi.xcore.vss__t71                1.18128e-05
xvhi.xcore.ibias__t139                 1.26323
xvhi.xcore.tail__t297                  1.23162
xvhi.xcore.vss__t316               2.97461e-13
xvhi.xcore.tail__t196                  1.23162
xvhi.xcore.ibias__t138                 1.26323
xvhi.xcore.vss__t173                1.1614e-05
xvhi.xcore.vss__t317               2.92455e-13
xvhi.xcore.vss__t70                1.14152e-05
xvhi.xcore.ibias__t137                 1.26323
xvhi.xcore.tail__t296                  1.23162
xvhi.xcore.vss__t318                2.8745e-13
xvhi.xcore.tail__t195                  1.23162
xvhi.xcore.ibias__t136                 1.26323
xvhi.xcore.vss__t172               1.12165e-05
xvhi.xcore.vss__t319               2.82445e-13
xvhi.xcore.vss__t69                1.10178e-05
xvhi.xcore.ibias__t135                 1.26323
xvhi.xcore.tail__t295                  1.23162
xvhi.xcore.vss__t320               2.77442e-13
xvhi.xcore.tail__t194                  1.23162
xvhi.xcore.ibias__t134                 1.26323
xvhi.xcore.vss__t171               1.08192e-05
xvhi.xcore.vss__t321                2.7244e-13
xvhi.xcore.vss__t61                1.06206e-05
xvhi.xcore.ibias__t119                 1.26323
xvhi.xcore.tail__t287                  1.23162
xvhi.xcore.vss__t322               2.67439e-13
xvhi.xcore.tail__t179                  1.23162
xvhi.xcore.ibias__t103                 1.26323
xvhi.xcore.vss__t156               1.04221e-05
xvhi.xcore.vss__t323               2.62439e-13
xvhi.xcore.vss__t48                1.02236e-05
xvhi.xcore.ibias__t92                  1.26323
xvhi.xcore.tail__t274                  1.23162
xvhi.xcore.vss__t324                2.5744e-13
xvhi.xcore.tail__t178                  1.23162
xvhi.xcore.ibias__t102                 1.26323
xvhi.xcore.vss__t155               1.00251e-05
xvhi.xcore.vss__t325               2.52443e-13
xvhi.xcore.vss__t52                 9.8267e-06
xvhi.xcore.ibias__t101                 1.26323
xvhi.xcore.tail__t278                  1.23162
xvhi.xcore.vss__t326               2.47447e-13
xvhi.xcore.tail__t177                  1.23162
xvhi.xcore.ibias__t100                 1.26323
xvhi.xcore.vss__t154               9.62836e-06
xvhi.xcore.vss__t327               2.42452e-13
xvhi.xcore.vss__t51                9.43007e-06
xvhi.xcore.ibias__t99                  1.26323
xvhi.xcore.tail__t277                  1.23162
xvhi.xcore.vss__t328               2.37459e-13
xvhi.xcore.tail__t176                  1.23162
xvhi.xcore.ibias__t98                  1.26323
xvhi.xcore.vss__t153               9.23185e-06
xvhi.xcore.vss__t329               2.32467e-13
xvhi.xcore.vss__t58                9.03369e-06
xvhi.xcore.ibias__t113                 1.26323
xvhi.xcore.tail__t284                  1.23162
xvhi.xcore.vss__t330               2.27477e-13
xvhi.xcore.tail__t174                  1.23162
xvhi.xcore.ibias__t96                  1.26323
xvhi.xcore.vss__t151               8.83561e-06
xvhi.xcore.vss__t331               2.22489e-13
xvhi.xcore.vss__t50                8.63761e-06
xvhi.xcore.ibias__t95                  1.26323
xvhi.xcore.tail__t276                  1.23162
xvhi.xcore.vss__t332               2.17503e-13
xvhi.xcore.tail__t173                  1.23162
xvhi.xcore.ibias__t94                  1.26323
xvhi.xcore.vss__t150               8.43969e-06
xvhi.xcore.vss__t333               2.12519e-13
xvhi.xcore.vss__t49                8.24186e-06
xvhi.xcore.ibias__t93                  1.26323
xvhi.xcore.tail__t275                  1.23162
xvhi.xcore.vss__t334               2.07537e-13
xvhi.xcore.tail__t172                  1.23162
xvhi.xcore.ibias__t91                  1.26323
xvhi.xcore.vss__t149               8.04412e-06
xvhi.xcore.vss__t335               2.02558e-13
xvhi.xcore.vss__t47                7.84649e-06
xvhi.xcore.ibias__t90                  1.26323
xvhi.xcore.tail__t273                  1.23163
xvhi.xcore.vss__t336               1.97581e-13
xvhi.xcore.tail__t171                  1.23163
xvhi.xcore.ibias__t89                  1.26323
xvhi.xcore.vss__t148               7.64896e-06
xvhi.xcore.vss__t337               1.92607e-13
xvhi.xcore.vss__t46                7.45156e-06
xvhi.xcore.ibias__t88                  1.26323
xvhi.xcore.tail__t272                  1.23163
xvhi.xcore.vss__t338               1.87636e-13
xvhi.xcore.tail__t170                  1.23163
xvhi.xcore.ibias__t87                  1.26323
xvhi.xcore.vss__t147               7.25429e-06
xvhi.xcore.vss__t339               1.82668e-13
xvhi.xcore.vss__t45                7.05715e-06
xvhi.xcore.ibias__t86                  1.26323
xvhi.xcore.tail__t271                  1.23163
xvhi.xcore.vss__t340               1.77704e-13
xvhi.xcore.tail__t169                  1.23163
xvhi.xcore.ibias__t85                  1.26323
xvhi.xcore.vss__t146               6.86017e-06
xvhi.xcore.vss__t341               1.72744e-13
xvhi.xcore.vss__t44                6.66336e-06
xvhi.xcore.ibias__t84                  1.26323
xvhi.xcore.tail__t270                  1.23163
xvhi.xcore.vss__t342               1.67788e-13
xvhi.xcore.tail__t168                  1.23163
xvhi.xcore.ibias__t83                  1.26323
xvhi.xcore.vss__t145               6.46672e-06
xvhi.xcore.vss__t343               1.62836e-13
xvhi.xcore.vss__t66                6.27029e-06
xvhi.xcore.ibias__t129                 1.26323
xvhi.xcore.tail__t292                  1.23163
xvhi.xcore.vss__t344                1.5789e-13
xvhi.xcore.tail__t199                  1.23163
xvhi.xcore.ibias__t144                 1.26323
xvhi.xcore.vss__t176               6.07407e-06
xvhi.xcore.vss__t345               1.52949e-13
xvhi.xcore.vss__t73                5.87809e-06
xvhi.xcore.ibias__t143                 1.26323
xvhi.xcore.tail__t299                  1.23163
xvhi.xcore.vss__t346               1.48014e-13
xvhi.xcore.tail__t198                  1.23163
xvhi.xcore.ibias__t142                 1.26323
xvhi.xcore.vss__t175               5.68238e-06
xvhi.xcore.vss__t347               1.43086e-13
xvhi.xcore.vss__t72                5.48696e-06
xvhi.xcore.ibias__t141                 1.26323
xvhi.xcore.tail__t298                  1.23163
xvhi.xcore.vss__t348               1.38165e-13
xvhi.xcore.outp__t53                   3.13046
xvhi.xcore.inp__t1                       2.805
xvhi.xcore.tail__t0                     1.2317
xvhi.xcore.vss__t460               3.93341e-10
xvhi.xcore.tail__t119                   1.2317
xvhi.xcore.inp__t53                      2.805
xvhi.xcore.outp__t52                   3.13046
xvhi.xcore.vss__t462               3.97057e-10
xvhi.xcore.outp__t46                   3.13046
xvhi.xcore.inp__t52                      2.805
xvhi.xcore.tail__t118                   1.2317
xvhi.xcore.vss__t463               4.00773e-10
xvhi.xcore.tail__t58                    1.2317
xvhi.xcore.inp__t61                      2.805
xvhi.xcore.outp__t82                   3.13046
xvhi.xcore.vss__t464                4.0449e-10
xvhi.xcore.outp__t30                   3.13046
xvhi.xcore.inp__t24                      2.805
xvhi.xcore.tail__t98                   1.23171
xvhi.xcore.vss__t465               4.08206e-10
xvhi.xcore.tail__t38                   1.23171
xvhi.xcore.inp__t23                      2.805
xvhi.xcore.outp__t64                   3.13046
xvhi.xcore.vss__t466               4.11922e-10
xvhi.xcore.outp__t29                   3.13045
xvhi.xcore.inp__t22                      2.805
xvhi.xcore.tail__t97                   1.23171
xvhi.xcore.vss__t467               4.15639e-10
xvhi.xcore.tail__t37                   1.23171
xvhi.xcore.inp__t21                      2.805
xvhi.xcore.outp__t63                   3.13045
xvhi.xcore.vss__t468               4.19355e-10
xvhi.xcore.outp__t28                   3.13045
xvhi.xcore.inp__t20                      2.805
xvhi.xcore.tail__t96                   1.23171
xvhi.xcore.vss__t469               4.23071e-10
xvhi.xcore.tail__t36                   1.23171
xvhi.xcore.inp__t19                      2.805
xvhi.xcore.outp__t62                   3.13045
xvhi.xcore.vss__t470               4.26788e-10
xvhi.xcore.outp__t27                   3.13045
xvhi.xcore.inp__t18                      2.805
xvhi.xcore.tail__t95                   1.23171
xvhi.xcore.vss__t471               4.30504e-10
xvhi.xcore.tail__t35                   1.23171
xvhi.xcore.inp__t17                      2.805
xvhi.xcore.outp__t61                   3.13045
xvhi.xcore.vss__t472                4.3422e-10
xvhi.xcore.outp__t26                   3.13044
xvhi.xcore.inp__t16                      2.805
xvhi.xcore.tail__t94                   1.23171
xvhi.xcore.vss__t473               4.37937e-10
xvhi.xcore.tail__t33                   1.23171
xvhi.xcore.inp__t15                      2.805
xvhi.xcore.outp__t60                   3.13044
xvhi.xcore.vss__t474               4.41653e-10
xvhi.xcore.outp__t47                   3.13044
xvhi.xcore.inp__t54                      2.805
xvhi.xcore.tail__t120                  1.23171
xvhi.xcore.vss__t475               4.45369e-10
xvhi.xcore.tail__t54                   1.23171
xvhi.xcore.inp__t55                      2.805
xvhi.xcore.outp__t78                   3.13044
xvhi.xcore.vss__t476               4.49085e-10
xvhi.xcore.outp__t51                   3.13044
xvhi.xcore.inp__t63                      2.805
xvhi.xcore.tail__t126                  1.23171
xvhi.xcore.vss__t477               4.52801e-10
xvhi.xcore.tail__t57                   1.23172
xvhi.xcore.inp__t60                      2.805
xvhi.xcore.outp__t81                   3.13044
xvhi.xcore.vss__t478               4.56517e-10
xvhi.xcore.outp__t49                   3.13044
xvhi.xcore.inp__t59                      2.805
xvhi.xcore.tail__t122                  1.23172
xvhi.xcore.vss__t479               4.60233e-10
xvhi.xcore.tail__t56                   1.23172
xvhi.xcore.inp__t58                      2.805
xvhi.xcore.outp__t80                   3.13043
xvhi.xcore.vss__t480               4.63949e-10
xvhi.xcore.outp__t48                   3.13043
xvhi.xcore.inp__t57                      2.805
xvhi.xcore.tail__t121                  1.23172
xvhi.xcore.vss__t481               4.67665e-10
xvhi.xcore.tail__t55                   1.23172
xvhi.xcore.inp__t56                      2.805
xvhi.xcore.outp__t79                   3.13043
xvhi.xcore.vss__t482               4.71381e-10
xvhi.xcore.outp__t24                   3.13043
xvhi.xcore.inp__t11                      2.805
xvhi.xcore.tail__t92                   1.23172
xvhi.xcore.vss__t483               4.75097e-10
xvhi.xcore.tail__t30                   1.23172
xvhi.xcore.inp__t10                      2.805
xvhi.xcore.outp__t57                   3.13043
xvhi.xcore.vss__t484               4.78812e-10
xvhi.xcore.outp__t23                   3.13043
xvhi.xcore.inp__t9                       2.805
xvhi.xcore.tail__t88                   1.23172
xvhi.xcore.vss__t485               4.82528e-10
xvhi.xcore.tail__t32                   1.23172
xvhi.xcore.inp__t14                      2.805
xvhi.xcore.outp__t59                   3.13042
xvhi.xcore.vss__t486               4.86244e-10
xvhi.xcore.outp__t25                   3.13042
xvhi.xcore.inp__t13                      2.805
xvhi.xcore.tail__t93                   1.23172
xvhi.xcore.vss__t487               4.89959e-10
xvhi.xcore.tail__t60                   1.23172
xvhi.xcore.inp__t0                       2.805
xvhi.xcore.outp__t83                   3.13042
xvhi.xcore.vss__t488               4.93675e-10
xvhi.xcore.outp__t50                   3.13042
xvhi.xcore.inp__t62                      2.805
xvhi.xcore.tail__t123                  1.23172
xvhi.xcore.vss__t489                4.9739e-10
xvhi.xcore.tail__t42                   1.23173
xvhi.xcore.inp__t29                      2.805
xvhi.xcore.outp__t67                   3.13042
xvhi.xcore.vss__t490               5.01106e-10
xvhi.xcore.outp__t32                   3.13042
xvhi.xcore.inp__t28                      2.805
xvhi.xcore.tail__t102                  1.23173
xvhi.xcore.vss__t491               5.04821e-10
xvhi.xcore.tail__t41                   1.23173
xvhi.xcore.inp__t27                      2.805
xvhi.xcore.outp__t66                   3.13041
xvhi.xcore.vss__t492               5.08536e-10
xvhi.xcore.outp__t31                   3.13041
xvhi.xcore.inp__t26                      2.805
xvhi.xcore.tail__t101                  1.23173
xvhi.xcore.vss__t493               5.12251e-10
xvhi.xcore.tail__t40                   1.23173
xvhi.xcore.inp__t25                      2.805
xvhi.xcore.outp__t65                   3.13041
xvhi.xcore.vss__t494               5.15966e-10
xvhi.xcore.outp__t20                   3.13041
xvhi.xcore.inp__t4                       2.805
xvhi.xcore.tail__t74                   1.23173
xvhi.xcore.vss__t495               5.19681e-10
xvhi.xcore.tail__t14                   1.23173
xvhi.xcore.inp__t3                       2.805
xvhi.xcore.outp__t54                   3.13041
xvhi.xcore.vss__t496               5.23396e-10
xvhi.xcore.outp__t22                   3.13041
xvhi.xcore.inp__t7                       2.805
xvhi.xcore.tail__t76                   1.23173
xvhi.xcore.vss__t497               5.27111e-10
xvhi.xcore.tail__t16                   1.23173
xvhi.xcore.inp__t6                       2.805
xvhi.xcore.outp__t55                   3.13041
xvhi.xcore.vss__t498               5.30825e-10
xvhi.xcore.outp__t21                    3.1304
xvhi.xcore.inp__t5                       2.805
xvhi.xcore.tail__t75                   1.23173
xvhi.xcore.vss__t499                5.3454e-10
xvhi.xcore.tail__t19                   1.23173
xvhi.xcore.inp__t8                       2.805
xvhi.xcore.outp__t56                    3.1304
xvhi.xcore.vss__t500               5.38255e-10
xvhi.xcore.outp__t45                    3.1304
xvhi.xcore.inp__t50                      2.805
xvhi.xcore.tail__t116                  1.23173
xvhi.xcore.vss__t501               5.41969e-10
xvhi.xcore.tail__t51                   1.23173
xvhi.xcore.inp__t49                      2.805
xvhi.xcore.outp__t76                    3.1304
xvhi.xcore.vss__t502               5.45683e-10
xvhi.xcore.outp__t44                    3.1304
xvhi.xcore.inp__t48                      2.805
xvhi.xcore.tail__t115                  1.23174
xvhi.xcore.vss__t503               5.49397e-10
xvhi.xcore.tail__t50                   1.23174
xvhi.xcore.inp__t47                      2.805
xvhi.xcore.outp__t75                    3.1304
xvhi.xcore.vss__t504               5.53112e-10
xvhi.xcore.outp__t43                   3.13039
xvhi.xcore.inp__t46                      2.805
xvhi.xcore.tail__t114                  1.23174
xvhi.xcore.vss__t505               5.56826e-10
xvhi.xcore.tail__t49                   1.23174
xvhi.xcore.inp__t45                      2.805
xvhi.xcore.outp__t74                   3.13039
xvhi.xcore.vss__t506                5.6054e-10
xvhi.xcore.outp__t42                   3.13039
xvhi.xcore.inp__t44                      2.805
xvhi.xcore.tail__t113                  1.23174
xvhi.xcore.vss__t507               5.64253e-10
xvhi.xcore.tail__t48                   1.23174
xvhi.xcore.inp__t43                      2.805
xvhi.xcore.outp__t73                   3.13039
xvhi.xcore.vss__t508               5.67967e-10
xvhi.xcore.outp__t41                   3.13039
xvhi.xcore.inp__t42                      2.805
xvhi.xcore.tail__t112                  1.23174
xvhi.xcore.vss__t509               5.71681e-10
xvhi.xcore.tail__t47                   1.23174
xvhi.xcore.inp__t41                      2.805
xvhi.xcore.outp__t72                   3.13039
xvhi.xcore.vss__t510               5.75394e-10
xvhi.xcore.outp__t40                   3.13038
xvhi.xcore.inp__t40                      2.805
xvhi.xcore.tail__t111                  1.23174
xvhi.xcore.vss__t511               5.79108e-10
xvhi.xcore.tail__t46                   1.23174
xvhi.xcore.inp__t39                      2.805
xvhi.xcore.outp__t71                   3.13038
xvhi.xcore.vss__t512               5.82821e-10
xvhi.xcore.outp__t39                   3.13038
xvhi.xcore.inp__t38                      2.805
xvhi.xcore.tail__t110                  1.23174
xvhi.xcore.vss__t513               5.86534e-10
xvhi.xcore.tail__t53                   1.23174
xvhi.xcore.inp__t51                      2.805
xvhi.xcore.outp__t77                   3.13038
xvhi.xcore.vss__t514               5.90247e-10
xvhi.xcore.outp__t38                   3.13038
xvhi.xcore.inp__t37                      2.805
xvhi.xcore.tail__t108                  1.23174
xvhi.xcore.vss__t515                5.9396e-10
xvhi.xcore.tail__t45                   1.23175
xvhi.xcore.inp__t36                      2.805
xvhi.xcore.outp__t70                   3.13038
xvhi.xcore.vss__t516               5.97673e-10
xvhi.xcore.outp__t37                   3.13037
xvhi.xcore.inp__t35                      2.805
xvhi.xcore.tail__t107                  1.23175
xvhi.xcore.vss__t517               6.01386e-10
xvhi.xcore.tail__t44                   1.23175
xvhi.xcore.inp__t34                      2.805
xvhi.xcore.outp__t69                   3.13037
xvhi.xcore.vss__t518               6.05099e-10
xvhi.xcore.outp__t36                   3.13037
xvhi.xcore.inp__t33                      2.805
xvhi.xcore.tail__t106                  1.23175
xvhi.xcore.vss__t519               6.08811e-10
xvhi.xcore.tail__t31                   1.23175
xvhi.xcore.inp__t12                      2.805
xvhi.xcore.outp__t58                   3.13037
xvhi.xcore.vss__t520               6.12524e-10
xvhi.xcore.outp__t35                   3.13037
xvhi.xcore.inp__t32                      2.805
xvhi.xcore.tail__t104                  1.23175
xvhi.xcore.vss__t521               6.16236e-10
xvhi.xcore.tail__t43                   1.23175
xvhi.xcore.inp__t31                      2.805
xvhi.xcore.outp__t68                   3.13037
xvhi.xcore.vss__t522               6.19948e-10
xvhi.xcore.outp__t33                   3.13036
xvhi.xcore.inp__t30                      2.805
xvhi.xcore.tail__t103                  1.23175
xvhi.xcore.vss__t523                6.2366e-10
xvhi.xcore.tail__t1                    1.23175
xvhi.xcore.inp__t2                       2.805
xvhi.xcore.outp__t34                   3.13036
xvhi.xcore.vss__t586               6.27372e-10
xvhi.xcore.ibias__t215                 1.26049
xvhi.xcore.ibias__t3                   1.26323
xvhi.xcore.vss__t2                 2.51858e-05
xvhi.xcore.vss__t459               6.61835e-13
xvhi.xcore.vss__t81                2.49859e-05
xvhi.xcore.ibias__t158                 1.26323
xvhi.xcore.ibias__t216                 1.26052
xvhi.xcore.vss__t448               6.56617e-13
xvhi.xcore.ibias__t213                 1.26055
xvhi.xcore.ibias__t171                 1.26323
xvhi.xcore.vss__t190               2.47861e-05
xvhi.xcore.vss__t449               6.51398e-13
xvhi.xcore.vss__t83                2.45863e-05
xvhi.xcore.ibias__t163                 1.26323
xvhi.xcore.ibias__t218                 1.26058
xvhi.xcore.vss__t450               6.46178e-13
xvhi.xcore.ibias__t212                 1.26061
xvhi.xcore.ibias__t162                 1.26323
xvhi.xcore.vss__t185               2.43865e-05
xvhi.xcore.vss__t451               6.40958e-13
xvhi.xcore.vss__t89                2.41867e-05
xvhi.xcore.ibias__t177                 1.26323
xvhi.xcore.ibias__t219                 1.26064
xvhi.xcore.vss__t452               6.35738e-13
xvhi.xcore.ibias__t211                 1.26067
xvhi.xcore.ibias__t160                 1.26323
xvhi.xcore.vss__t183               2.39868e-05
xvhi.xcore.vss__t453               6.30517e-13
xvhi.xcore.vss__t82                 2.3787e-05
xvhi.xcore.ibias__t159                 1.26323
xvhi.xcore.ibias__t217                  1.2607
xvhi.xcore.vss__t454               6.25295e-13
xvhi.xcore.ibias__t214                 1.26073
xvhi.xcore.ibias__t174                 1.26323
xvhi.xcore.vss__t192               2.35872e-05
xvhi.xcore.vss__t455               6.20074e-13
xvhi.xcore.vss__t3                 2.33874e-05
xvhi.xcore.ibias__t4                   1.26323
xvhi.xcore.ibias__t210                 1.26076
xvhi.xcore.vss__t457               6.14851e-13
xvhi.xcore.outn__t52                      3.63
xvhi.xcore.inn__t1                       1.815
xvhi.xcore.tail__t3                    1.23165
xvhi.xcore.vss__t461               1.56519e-12
xvhi.xcore.tail__t62                   1.23165
xvhi.xcore.inn__t58                      1.815
xvhi.xcore.outn__t81                      3.63
xvhi.xcore.vss__t524               1.58004e-12
xvhi.xcore.outn__t49                      3.63
xvhi.xcore.inn__t59                      1.815
xvhi.xcore.tail__t124                  1.23165
xvhi.xcore.vss__t525                1.5949e-12
xvhi.xcore.tail__t63                   1.23165
xvhi.xcore.inn__t60                      1.815
xvhi.xcore.outn__t82                      3.63
xvhi.xcore.vss__t526               1.60975e-12
xvhi.xcore.outn__t50                      3.63
xvhi.xcore.inn__t61                      1.815
xvhi.xcore.tail__t125                  1.23165
xvhi.xcore.vss__t527               1.62461e-12
xvhi.xcore.tail__t64                   1.23165
xvhi.xcore.inn__t62                      1.815
xvhi.xcore.outn__t83                      3.63
xvhi.xcore.vss__t528               1.63946e-12
xvhi.xcore.outn__t46                      3.63
xvhi.xcore.inn__t52                      1.815
xvhi.xcore.tail__t105                  1.23165
xvhi.xcore.vss__t529               1.65432e-12
xvhi.xcore.tail__t15                   1.23165
xvhi.xcore.inn__t21                      1.815
xvhi.xcore.outn__t63                      3.63
xvhi.xcore.vss__t530               1.66917e-12
xvhi.xcore.outn__t45                      3.63
xvhi.xcore.inn__t51                      1.815
xvhi.xcore.tail__t100                  1.23165
xvhi.xcore.vss__t531               1.68403e-12
xvhi.xcore.tail__t34                   1.23165
xvhi.xcore.inn__t48                      1.815
xvhi.xcore.outn__t76                      3.63
xvhi.xcore.vss__t532               1.69888e-12
xvhi.xcore.outn__t44                      3.63
xvhi.xcore.inn__t50                      1.815
xvhi.xcore.tail__t99                   1.23165
xvhi.xcore.vss__t533               1.71374e-12
xvhi.xcore.tail__t61                   1.23165
xvhi.xcore.inn__t57                      1.815
xvhi.xcore.outn__t80                      3.63
xvhi.xcore.vss__t534                1.7286e-12
xvhi.xcore.outn__t40                      3.63
xvhi.xcore.inn__t42                      1.815
xvhi.xcore.tail__t87                   1.23165
xvhi.xcore.vss__t535               1.74345e-12
xvhi.xcore.tail__t27                   1.23165
xvhi.xcore.inn__t41                      1.815
xvhi.xcore.outn__t73                      3.63
xvhi.xcore.vss__t536               1.75831e-12
xvhi.xcore.outn__t39                      3.63
xvhi.xcore.inn__t40                      1.815
xvhi.xcore.tail__t86                   1.23165
xvhi.xcore.vss__t537               1.77317e-12
xvhi.xcore.tail__t26                   1.23165
xvhi.xcore.inn__t39                      1.815
xvhi.xcore.outn__t72                      3.63
xvhi.xcore.vss__t538               1.78803e-12
xvhi.xcore.outn__t38                      3.63
xvhi.xcore.inn__t38                      1.815
xvhi.xcore.tail__t85                   1.23165
xvhi.xcore.vss__t539               1.80289e-12
xvhi.xcore.tail__t25                   1.23165
xvhi.xcore.inn__t37                      1.815
xvhi.xcore.outn__t71                      3.63
xvhi.xcore.vss__t540               1.81775e-12
xvhi.xcore.outn__t47                      3.63
xvhi.xcore.inn__t53                      1.815
xvhi.xcore.tail__t109                  1.23165
xvhi.xcore.vss__t541               1.83261e-12
xvhi.xcore.tail__t52                   1.23165
xvhi.xcore.inn__t55                      1.815
xvhi.xcore.outn__t78                      3.63
xvhi.xcore.vss__t542               1.84746e-12
xvhi.xcore.outn__t48                      3.63
xvhi.xcore.inn__t54                      1.815
xvhi.xcore.tail__t117                  1.23165
xvhi.xcore.vss__t543               1.86232e-12
xvhi.xcore.tail__t39                   1.23165
xvhi.xcore.inn__t49                      1.815
xvhi.xcore.outn__t77                      3.63
xvhi.xcore.vss__t544               1.87718e-12
xvhi.xcore.outn__t41                      3.63
xvhi.xcore.inn__t43                      1.815
xvhi.xcore.tail__t89                   1.23165
xvhi.xcore.vss__t545               1.89204e-12
xvhi.xcore.tail__t29                   1.23165
xvhi.xcore.inn__t47                      1.815
xvhi.xcore.outn__t75                      3.63
xvhi.xcore.vss__t546                1.9069e-12
xvhi.xcore.outn__t43                      3.63
xvhi.xcore.inn__t46                      1.815
xvhi.xcore.tail__t91                   1.23165
xvhi.xcore.vss__t547               1.92177e-12
xvhi.xcore.tail__t28                   1.23165
xvhi.xcore.inn__t45                      1.815
xvhi.xcore.outn__t74                      3.63
xvhi.xcore.vss__t548               1.93663e-12
xvhi.xcore.outn__t42                      3.63
xvhi.xcore.inn__t44                      1.815
xvhi.xcore.tail__t90                   1.23165
xvhi.xcore.vss__t549               1.95149e-12
xvhi.xcore.tail__t59                   1.23165
xvhi.xcore.inn__t56                      1.815
xvhi.xcore.outn__t79                      3.63
xvhi.xcore.vss__t550               1.96635e-12
xvhi.xcore.outn__t51                      3.63
xvhi.xcore.inn__t63                      1.815
xvhi.xcore.tail__t127                  1.23165
xvhi.xcore.vss__t551               1.98121e-12
xvhi.xcore.tail__t13                   1.23165
xvhi.xcore.inn__t19                      1.815
xvhi.xcore.outn__t62                      3.63
xvhi.xcore.vss__t552               1.99607e-12
xvhi.xcore.outn__t28                      3.63
xvhi.xcore.inn__t18                      1.815
xvhi.xcore.tail__t72                   1.23165
xvhi.xcore.vss__t553               2.01093e-12
xvhi.xcore.tail__t12                   1.23165
xvhi.xcore.inn__t17                      1.815
xvhi.xcore.outn__t61                      3.63
xvhi.xcore.vss__t554                2.0258e-12
xvhi.xcore.outn__t27                      3.63
xvhi.xcore.inn__t16                      1.815
xvhi.xcore.tail__t71                   1.23165
xvhi.xcore.vss__t555               2.04066e-12
xvhi.xcore.tail__t11                   1.23165
xvhi.xcore.inn__t15                      1.815
xvhi.xcore.outn__t60                      3.63
xvhi.xcore.vss__t556               2.05552e-12
xvhi.xcore.outn__t26                      3.63
xvhi.xcore.inn__t14                      1.815
xvhi.xcore.tail__t70                   1.23165
xvhi.xcore.vss__t557               2.07038e-12
xvhi.xcore.tail__t10                   1.23165
xvhi.xcore.inn__t13                      1.815
xvhi.xcore.outn__t59                      3.63
xvhi.xcore.vss__t558               2.08525e-12
xvhi.xcore.outn__t25                      3.63
xvhi.xcore.inn__t12                      1.815
xvhi.xcore.tail__t69                   1.23165
xvhi.xcore.vss__t559               2.10011e-12
xvhi.xcore.tail__t6                    1.23165
xvhi.xcore.inn__t5                       1.815
xvhi.xcore.outn__t55                      3.63
xvhi.xcore.vss__t560               2.11497e-12
xvhi.xcore.outn__t24                      3.63
xvhi.xcore.inn__t11                      1.815
xvhi.xcore.tail__t68                   1.23165
xvhi.xcore.vss__t561               2.12984e-12
xvhi.xcore.tail__t4                    1.23165
xvhi.xcore.inn__t2                       1.815
xvhi.xcore.outn__t53                      3.63
xvhi.xcore.vss__t562                2.1447e-12
xvhi.xcore.outn__t21                      3.63
xvhi.xcore.inn__t3                       1.815
xvhi.xcore.tail__t65                   1.23165
xvhi.xcore.vss__t563               2.15957e-12
xvhi.xcore.tail__t5                    1.23165
xvhi.xcore.inn__t4                       1.815
xvhi.xcore.outn__t54                      3.63
xvhi.xcore.vss__t564               2.17443e-12
xvhi.xcore.outn__t22                      3.63
xvhi.xcore.inn__t6                       1.815
xvhi.xcore.tail__t66                   1.23165
xvhi.xcore.vss__t565               2.18929e-12
xvhi.xcore.tail__t7                    1.23165
xvhi.xcore.inn__t7                       1.815
xvhi.xcore.outn__t56                      3.63
xvhi.xcore.vss__t566               2.20416e-12
xvhi.xcore.outn__t23                      3.63
xvhi.xcore.inn__t8                       1.815
xvhi.xcore.tail__t67                   1.23165
xvhi.xcore.vss__t567               2.21902e-12
xvhi.xcore.tail__t8                    1.23165
xvhi.xcore.inn__t9                       1.815
xvhi.xcore.outn__t57                      3.63
xvhi.xcore.vss__t568               2.23389e-12
xvhi.xcore.outn__t29                      3.63
xvhi.xcore.inn__t20                      1.815
xvhi.xcore.tail__t73                   1.23165
xvhi.xcore.vss__t569               2.24875e-12
xvhi.xcore.tail__t9                    1.23165
xvhi.xcore.inn__t10                      1.815
xvhi.xcore.outn__t58                      3.63
xvhi.xcore.vss__t570               2.26362e-12
xvhi.xcore.outn__t36                      3.63
xvhi.xcore.inn__t35                      1.815
xvhi.xcore.tail__t83                   1.23165
xvhi.xcore.vss__t571               2.27848e-12
xvhi.xcore.tail__t24                   1.23165
xvhi.xcore.inn__t34                      1.815
xvhi.xcore.outn__t70                      3.63
xvhi.xcore.vss__t572               2.29335e-12
xvhi.xcore.outn__t35                      3.63
xvhi.xcore.inn__t33                      1.815
xvhi.xcore.tail__t82                   1.23165
xvhi.xcore.vss__t573               2.30821e-12
xvhi.xcore.tail__t23                   1.23165
xvhi.xcore.inn__t32                      1.815
xvhi.xcore.outn__t69                      3.63
xvhi.xcore.vss__t574               2.32308e-12
xvhi.xcore.outn__t34                      3.63
xvhi.xcore.inn__t31                      1.815
xvhi.xcore.tail__t81                   1.23165
xvhi.xcore.vss__t575               2.33795e-12
xvhi.xcore.tail__t22                   1.23165
xvhi.xcore.inn__t30                      1.815
xvhi.xcore.outn__t68                      3.63
xvhi.xcore.vss__t576               2.35281e-12
xvhi.xcore.outn__t33                      3.63
xvhi.xcore.inn__t29                      1.815
xvhi.xcore.tail__t80                   1.23165
xvhi.xcore.vss__t577               2.36768e-12
xvhi.xcore.tail__t21                   1.23165
xvhi.xcore.inn__t28                      1.815
xvhi.xcore.outn__t67                      3.63
xvhi.xcore.vss__t578               2.38254e-12
xvhi.xcore.outn__t32                      3.63
xvhi.xcore.inn__t27                      1.815
xvhi.xcore.tail__t79                   1.23165
xvhi.xcore.vss__t579               2.39741e-12
xvhi.xcore.tail__t20                   1.23165
xvhi.xcore.inn__t26                      1.815
xvhi.xcore.outn__t66                      3.63
xvhi.xcore.vss__t580               2.41228e-12
xvhi.xcore.outn__t37                      3.63
xvhi.xcore.inn__t36                      1.815
xvhi.xcore.tail__t84                   1.23165
xvhi.xcore.vss__t581               2.42714e-12
xvhi.xcore.tail__t18                   1.23165
xvhi.xcore.inn__t25                      1.815
xvhi.xcore.outn__t65                      3.63
xvhi.xcore.vss__t582               2.44201e-12
xvhi.xcore.outn__t31                      3.63
xvhi.xcore.inn__t24                      1.815
xvhi.xcore.tail__t78                   1.23165
xvhi.xcore.vss__t583               2.45688e-12
xvhi.xcore.tail__t17                   1.23165
xvhi.xcore.inn__t23                      1.815
xvhi.xcore.outn__t64                      3.63
xvhi.xcore.vss__t584               2.47174e-12
xvhi.xcore.outn__t30                      3.63
xvhi.xcore.inn__t22                      1.815
xvhi.xcore.tail__t77                   1.23165
xvhi.xcore.vss__t585               2.48661e-12
xvhi.xcore.tail__t2                    1.23165
xvhi.xcore.inn__t0                       1.815
xvhi.xcore.outn__t20                      3.63
xvhi.xcore.vss__t587               2.50148e-12
xvhi.xcore.vss__t210                 2.915e-12
xvhi.xcore.outp__t16                   3.13057
xvhi.xcore.vss__t211               2.88074e-12
xvhi.xcore.outp__t17                   3.13057
xvhi.xcore.vss__t212                2.8465e-12
xvhi.xcore.outp__t18                   3.13057
xvhi.xcore.vss__t213                2.8123e-12
xvhi.xcore.outp__t19                   3.13057
xvhi.xcore.vss__t214               2.77812e-12
xvhi.xcore.outp__t0                    3.13057
xvhi.xcore.vss__t215               2.74398e-12
xvhi.xcore.outp__t1                    3.13057
xvhi.xcore.vss__t216               2.70986e-12
xvhi.xcore.outp__t2                    3.13057
xvhi.xcore.vss__t217               2.67578e-12
xvhi.xcore.outp__t3                    3.13057
xvhi.xcore.vss__t218               2.64173e-12
xvhi.xcore.outp__t4                    3.13057
xvhi.xcore.vss__t219               2.60772e-12
xvhi.xcore.outp__t15                   3.13057
xvhi.xcore.vss__t220               2.57375e-12
xvhi.xcore.outp__t6                    3.13057
xvhi.xcore.vss__t221               2.53982e-12
xvhi.xcore.outp__t7                    3.13057
xvhi.xcore.vss__t222               2.50592e-12
xvhi.xcore.outp__t8                    3.13057
xvhi.xcore.vss__t223               2.47207e-12
xvhi.xcore.outp__t9                    3.13057
xvhi.xcore.vss__t224               2.43826e-12
xvhi.xcore.outp__t10                   3.13057
xvhi.xcore.vss__t225                2.4045e-12
xvhi.xcore.outp__t11                   3.13057
xvhi.xcore.vss__t226               2.37078e-12
xvhi.xcore.outp__t12                   3.13057
xvhi.xcore.vss__t227               2.33712e-12
xvhi.xcore.outp__t13                   3.13057
xvhi.xcore.vss__t228                2.3035e-12
xvhi.xcore.outp__t14                   3.13057
xvhi.xcore.vss__t229               2.26994e-12
xvhi.xcore.outp__t5                    3.13057
xvhi.xcore.vss__t230               2.40302e-12
xvhi.xcore.outn__t0                       3.63
xvhi.xcore.vss__t231                2.4415e-12
xvhi.xcore.outn__t5                       3.63
xvhi.xcore.vss__t232               2.48006e-12
xvhi.xcore.outn__t6                       3.63
xvhi.xcore.vss__t233                2.5187e-12
xvhi.xcore.outn__t7                       3.63
xvhi.xcore.vss__t234               2.55742e-12
xvhi.xcore.outn__t8                       3.63
xvhi.xcore.vss__t235                2.5962e-12
xvhi.xcore.outn__t9                       3.63
xvhi.xcore.vss__t236               2.63506e-12
xvhi.xcore.outn__t10                      3.63
xvhi.xcore.vss__t237               2.67397e-12
xvhi.xcore.outn__t11                      3.63
xvhi.xcore.vss__t238               2.71296e-12
xvhi.xcore.outn__t12                      3.63
xvhi.xcore.vss__t239                 2.752e-12
xvhi.xcore.outn__t13                      3.63
xvhi.xcore.vss__t240                2.7911e-12
xvhi.xcore.outn__t14                      3.63
xvhi.xcore.vss__t241               2.83025e-12
xvhi.xcore.outn__t15                      3.63
xvhi.xcore.vss__t242               2.86945e-12
xvhi.xcore.outn__t16                      3.63
xvhi.xcore.vss__t243               2.90871e-12
xvhi.xcore.outn__t17                      3.63
xvhi.xcore.vss__t244               2.94802e-12
xvhi.xcore.outn__t19                      3.63
xvhi.xcore.vss__t245               2.98737e-12
xvhi.xcore.outn__t18                      3.63
xvhi.xcore.vss__t246               3.02676e-12
xvhi.xcore.outn__t1                       3.63
xvhi.xcore.vss__t247                3.0662e-12
xvhi.xcore.outn__t2                       3.63
xvhi.xcore.vss__t248               3.10568e-12
xvhi.xcore.outn__t3                       3.63
xvhi.xcore.vss__t249                3.1452e-12
xvhi.xcore.outn__t4                       3.63
ib_vhi                                 1.26323
xvhi.xcore.vsubs                             0
outn_vhi                                  3.63
outp_vhi                               3.13057
xvhi.tail                              1.23165
xz.xcore.tail__t186                    1.21827
xz.xcore.ibias__t118                   1.26323
xz.xcore.vss__t163                 5.28882e-06
xz.xcore.vss__t349                 1.31026e-13
xz.xcore.vss__t60                   5.0942e-06
xz.xcore.ibias__t117                   1.26323
xz.xcore.tail__t286                    1.21827
xz.xcore.vss__t350                 1.26205e-13
xz.xcore.tail__t197                    1.21827
xz.xcore.ibias__t140                   1.26323
xz.xcore.vss__t174                 4.89999e-06
xz.xcore.vss__t351                 1.21393e-13
xz.xcore.vss__t68                  4.70623e-06
xz.xcore.ibias__t133                   1.26323
xz.xcore.tail__t294                    1.21827
xz.xcore.vss__t352                 1.16593e-13
xz.xcore.tail__t193                    1.21827
xz.xcore.ibias__t132                   1.26323
xz.xcore.vss__t170                 4.51298e-06
xz.xcore.vss__t353                 1.11805e-13
xz.xcore.vss__t67                  4.32032e-06
xz.xcore.ibias__t131                   1.26323
xz.xcore.tail__t293                    1.21827
xz.xcore.vss__t354                 1.07032e-13
xz.xcore.tail__t192                    1.21827
xz.xcore.ibias__t130                   1.26323
xz.xcore.vss__t169                 4.12833e-06
xz.xcore.vss__t355                 1.02275e-13
xz.xcore.vss__t74                   3.9371e-06
xz.xcore.ibias__t145                   1.26323
xz.xcore.tail__t300                    1.21827
xz.xcore.vss__t356                 9.75378e-14
xz.xcore.tail__t191                    1.21827
xz.xcore.ibias__t128                   1.26323
xz.xcore.vss__t168                 3.74675e-06
xz.xcore.vss__t357                  9.2822e-14
xz.xcore.vss__t65                  3.55742e-06
xz.xcore.ibias__t127                   1.26323
xz.xcore.tail__t291                    1.21827
xz.xcore.vss__t358                 8.81315e-14
xz.xcore.tail__t190                    1.21827
xz.xcore.ibias__t126                   1.26323
xz.xcore.vss__t167                 3.36928e-06
xz.xcore.vss__t359                 8.34705e-14
xz.xcore.vss__t64                  3.18255e-06
xz.xcore.ibias__t125                   1.26323
xz.xcore.tail__t290                    1.21827
xz.xcore.vss__t360                 7.88444e-14
xz.xcore.tail__t189                    1.21827
xz.xcore.ibias__t124                   1.26323
xz.xcore.vss__t166                 2.99749e-06
xz.xcore.vss__t361                 7.42597e-14
xz.xcore.vss__t63                  2.81443e-06
xz.xcore.ibias__t123                   1.26323
xz.xcore.tail__t289                    1.21827
xz.xcore.vss__t362                 6.97244e-14
xz.xcore.tail__t188                    1.21827
xz.xcore.ibias__t122                   1.26323
xz.xcore.vss__t165                 2.63378e-06
xz.xcore.vss__t363                  6.5249e-14
xz.xcore.vss__t62                  2.45608e-06
xz.xcore.ibias__t121                   1.26323
xz.xcore.tail__t288                    1.21827
xz.xcore.vss__t364                 6.08466e-14
xz.xcore.tail__t187                    1.21827
xz.xcore.ibias__t120                   1.26323
xz.xcore.vss__t164                 2.28201e-06
xz.xcore.vss__t365                 5.65343e-14
xz.xcore.vss__t26                  2.11248e-06
xz.xcore.ibias__t0                     1.26323
xz.xcore.tail__t252                    1.21827
xz.xcore.vss__t366                 5.23343e-14
xz.xcore.tail__t175                    1.21827
xz.xcore.ibias__t97                    1.26323
xz.xcore.vss__t152                 1.94867e-06
xz.xcore.vss__t367                 4.82761e-14
xz.xcore.vss__t42                  1.79215e-06
xz.xcore.ibias__t78                    1.26323
xz.xcore.tail__t268                    1.21827
xz.xcore.vss__t368                 4.43984e-14
xz.xcore.tail__t164                    1.21827
xz.xcore.ibias__t77                    1.26323
xz.xcore.vss__t141                   1.645e-06
xz.xcore.vss__t369                 4.07529e-14
xz.xcore.vss__t37                  1.50996e-06
xz.xcore.ibias__t70                    1.26323
xz.xcore.tail__t263                    1.21827
xz.xcore.vss__t370                 3.74075e-14
xz.xcore.tail__t167                    1.21827
xz.xcore.ibias__t82                    1.26323
xz.xcore.vss__t144                 1.39057e-06
xz.xcore.vss__t371                 3.44497e-14
xz.xcore.vss__t39                  1.29118e-06
xz.xcore.ibias__t72                    1.26323
xz.xcore.tail__t265                    1.21827
xz.xcore.vss__t372                 3.19873e-14
xz.xcore.tail__t162                    1.21827
xz.xcore.ibias__t73                    1.26323
xz.xcore.vss__t139                 1.21669e-06
xz.xcore.vss__t373                 3.01419e-14
xz.xcore.vss__t40                  1.17186e-06
xz.xcore.ibias__t74                    1.26323
xz.xcore.tail__t266                    1.21828
xz.xcore.vss__t374                 2.90313e-14
xz.xcore.tail__t163                    1.21828
xz.xcore.ibias__t75                    1.26323
xz.xcore.vss__t140                 1.16014e-06
xz.xcore.vss__t375                  2.8741e-14
xz.xcore.vss__t41                  1.18251e-06
xz.xcore.ibias__t76                    1.26323
xz.xcore.tail__t267                    1.21828
xz.xcore.vss__t376                 2.92953e-14
xz.xcore.tail__t129                    1.21828
xz.xcore.ibias__t9                     1.26323
xz.xcore.vss__t107                 1.23713e-06
xz.xcore.vss__t377                 3.06484e-14
xz.xcore.vss__t6                   1.31999e-06
xz.xcore.ibias__t8                     1.26323
xz.xcore.tail__t232                    1.21828
xz.xcore.vss__t378                 3.27013e-14
xz.xcore.tail__t128                    1.21828
xz.xcore.ibias__t7                     1.26323
xz.xcore.vss__t106                 1.42619e-06
xz.xcore.vss__t379                 3.53323e-14
xz.xcore.vss__t5                   1.55094e-06
xz.xcore.ibias__t6                     1.26323
xz.xcore.tail__t231                    1.21828
xz.xcore.vss__t380                 3.84227e-14
xz.xcore.tail__t141                    1.21828
xz.xcore.ibias__t31                    1.26323
xz.xcore.vss__t119                 1.69013e-06
xz.xcore.vss__t381                  4.1871e-14
xz.xcore.vss__t4                   1.84049e-06
xz.xcore.ibias__t5                     1.26323
xz.xcore.tail__t230                    1.21828
xz.xcore.vss__t382                 4.55961e-14
xz.xcore.tail__t158                    1.21828
xz.xcore.ibias__t62                    1.26323
xz.xcore.vss__t135                  1.9995e-06
xz.xcore.vss__t383                 4.95355e-14
xz.xcore.vss__t33                  2.16526e-06
xz.xcore.ibias__t63                    1.26323
xz.xcore.tail__t259                    1.21828
xz.xcore.vss__t384                 5.36421e-14
xz.xcore.tail__t159                    1.21828
xz.xcore.ibias__t64                    1.26323
xz.xcore.vss__t136                 2.33633e-06
xz.xcore.vss__t385                 5.78802e-14
xz.xcore.vss__t34                  2.51162e-06
xz.xcore.ibias__t65                    1.26323
xz.xcore.tail__t260                    1.21828
xz.xcore.vss__t386                 6.22231e-14
xz.xcore.tail__t160                    1.21828
xz.xcore.ibias__t66                    1.26323
xz.xcore.vss__t137                 2.69032e-06
xz.xcore.vss__t387                 6.66502e-14
xz.xcore.vss__t35                  2.87177e-06
xz.xcore.ibias__t67                    1.26323
xz.xcore.tail__t261                    1.21828
xz.xcore.vss__t388                 7.11458e-14
xz.xcore.tail__t161                    1.21828
xz.xcore.ibias__t68                    1.26323
xz.xcore.vss__t138                 3.05551e-06
xz.xcore.vss__t389                 7.56977e-14
xz.xcore.vss__t36                  3.24113e-06
xz.xcore.ibias__t69                    1.26323
xz.xcore.tail__t262                    1.21828
xz.xcore.vss__t390                 8.02964e-14
xz.xcore.tail__t130                    1.21828
xz.xcore.ibias__t10                    1.26323
xz.xcore.vss__t108                 3.42832e-06
xz.xcore.vss__t391                 8.49342e-14
xz.xcore.vss__t13                  3.61685e-06
xz.xcore.ibias__t23                    1.26323
xz.xcore.tail__t239                    1.21828
xz.xcore.vss__t392                 8.96051e-14
xz.xcore.tail__t137                    1.21828
xz.xcore.ibias__t24                    1.26323
xz.xcore.vss__t115                 3.80652e-06
xz.xcore.vss__t393                 9.43041e-14
xz.xcore.vss__t14                  3.99716e-06
xz.xcore.ibias__t25                    1.26323
xz.xcore.tail__t240                    1.21828
xz.xcore.vss__t394                 9.90273e-14
xz.xcore.tail__t138                    1.21828
xz.xcore.ibias__t26                    1.26323
xz.xcore.vss__t116                 4.18865e-06
xz.xcore.vss__t395                 1.03771e-13
xz.xcore.vss__t15                  4.38086e-06
xz.xcore.ibias__t27                    1.26323
xz.xcore.tail__t241                    1.21828
xz.xcore.vss__t396                 1.08534e-13
xz.xcore.tail__t139                    1.21828
xz.xcore.ibias__t28                    1.26323
xz.xcore.vss__t117                 4.57371e-06
xz.xcore.vss__t397                 1.13312e-13
xz.xcore.vss__t16                  4.76712e-06
xz.xcore.ibias__t29                    1.26323
xz.xcore.tail__t242                    1.21828
xz.xcore.vss__t398                 1.18103e-13
xz.xcore.tail__t140                    1.21828
xz.xcore.ibias__t30                    1.26323
xz.xcore.vss__t118                 4.96103e-06
xz.xcore.vss__t399                 1.22908e-13
xz.xcore.vss__t21                  5.15538e-06
xz.xcore.ibias__t41                    1.26323
xz.xcore.tail__t247                    1.21828
xz.xcore.vss__t400                 1.27723e-13
xz.xcore.tail__t142                    1.21828
xz.xcore.ibias__t32                    1.26323
xz.xcore.vss__t120                 5.35012e-06
xz.xcore.vss__t401                 1.32547e-13
xz.xcore.vss__t17                  5.54521e-06
xz.xcore.ibias__t33                    1.26323
xz.xcore.tail__t243                    1.21828
xz.xcore.vss__t402                 1.37381e-13
xz.xcore.tail__t143                    1.21828
xz.xcore.ibias__t34                    1.26323
xz.xcore.vss__t121                 5.74061e-06
xz.xcore.vss__t403                 1.42222e-13
xz.xcore.vss__t18                   5.9363e-06
xz.xcore.ibias__t35                    1.26323
xz.xcore.tail__t244                    1.21828
xz.xcore.vss__t404                  1.4707e-13
xz.xcore.tail__t144                    1.21828
xz.xcore.ibias__t36                    1.26323
xz.xcore.vss__t122                 6.13224e-06
xz.xcore.vss__t405                 1.51925e-13
xz.xcore.vss__t19                  6.32842e-06
xz.xcore.ibias__t37                    1.26323
xz.xcore.tail__t245                    1.21828
xz.xcore.vss__t406                 1.56785e-13
xz.xcore.tail__t145                    1.21828
xz.xcore.ibias__t38                    1.26323
xz.xcore.vss__t123                  6.5248e-06
xz.xcore.vss__t407                 1.61651e-13
xz.xcore.vss__t20                  6.72138e-06
xz.xcore.ibias__t39                    1.26323
xz.xcore.tail__t246                    1.21828
xz.xcore.vss__t408                 1.66521e-13
xz.xcore.tail__t146                    1.21828
xz.xcore.ibias__t40                    1.26323
xz.xcore.vss__t124                 6.91814e-06
xz.xcore.vss__t409                 1.71396e-13
xz.xcore.vss__t8                   7.11505e-06
xz.xcore.ibias__t12                    1.26323
xz.xcore.tail__t234                    1.21828
xz.xcore.vss__t410                 1.76274e-13
xz.xcore.tail__t135                    1.21828
xz.xcore.ibias__t21                    1.26323
xz.xcore.vss__t113                 7.31212e-06
xz.xcore.vss__t411                 1.81157e-13
xz.xcore.vss__t9                   7.50932e-06
xz.xcore.ibias__t13                    1.26323
xz.xcore.tail__t235                    1.21828
xz.xcore.vss__t412                 1.86043e-13
xz.xcore.tail__t131                    1.21828
xz.xcore.ibias__t14                    1.26323
xz.xcore.vss__t109                 7.70665e-06
xz.xcore.vss__t413                 1.90932e-13
xz.xcore.vss__t10                  7.90409e-06
xz.xcore.ibias__t15                    1.26323
xz.xcore.tail__t236                    1.21828
xz.xcore.vss__t414                 1.95824e-13
xz.xcore.tail__t134                    1.21828
xz.xcore.ibias__t20                    1.26323
xz.xcore.vss__t112                 8.10165e-06
xz.xcore.vss__t415                 2.00718e-13
xz.xcore.vss__t12                   8.2993e-06
xz.xcore.ibias__t19                    1.26323
xz.xcore.tail__t238                    1.21828
xz.xcore.vss__t416                 2.05615e-13
xz.xcore.tail__t133                    1.21828
xz.xcore.ibias__t18                    1.26323
xz.xcore.vss__t111                 8.49705e-06
xz.xcore.vss__t417                 2.10515e-13
xz.xcore.vss__t11                  8.69488e-06
xz.xcore.ibias__t17                    1.26323
xz.xcore.tail__t237                    1.21828
xz.xcore.vss__t418                 2.15416e-13
xz.xcore.tail__t132                    1.21828
xz.xcore.ibias__t16                    1.26323
xz.xcore.vss__t110                  8.8928e-06
xz.xcore.vss__t419                  2.2032e-13
xz.xcore.vss__t7                   9.09079e-06
xz.xcore.ibias__t11                    1.26323
xz.xcore.tail__t233                    1.21828
xz.xcore.vss__t420                 2.25225e-13
xz.xcore.tail__t136                    1.21828
xz.xcore.ibias__t22                    1.26323
xz.xcore.vss__t114                 9.28885e-06
xz.xcore.vss__t421                 2.30132e-13
xz.xcore.vss__t23                  9.48698e-06
xz.xcore.ibias__t45                    1.26323
xz.xcore.tail__t249                    1.21828
xz.xcore.vss__t422                 2.35041e-13
xz.xcore.tail__t150                    1.21828
xz.xcore.ibias__t46                    1.26323
xz.xcore.vss__t127                 9.68517e-06
xz.xcore.vss__t423                 2.39952e-13
xz.xcore.vss__t24                  9.88342e-06
xz.xcore.ibias__t47                    1.26323
xz.xcore.tail__t250                    1.21828
xz.xcore.vss__t424                 2.44864e-13
xz.xcore.tail__t151                    1.21827
xz.xcore.ibias__t48                    1.26323
xz.xcore.vss__t128                 1.00817e-05
xz.xcore.vss__t425                 2.49777e-13
xz.xcore.vss__t25                  1.02801e-05
xz.xcore.ibias__t49                    1.26323
xz.xcore.tail__t251                    1.21827
xz.xcore.vss__t426                 2.54691e-13
xz.xcore.tail__t152                    1.21827
xz.xcore.ibias__t50                    1.26323
xz.xcore.vss__t129                 1.04785e-05
xz.xcore.vss__t427                 2.59607e-13
xz.xcore.vss__t32                  1.06769e-05
xz.xcore.ibias__t61                    1.26323
xz.xcore.tail__t258                    1.21827
xz.xcore.vss__t428                 2.64524e-13
xz.xcore.tail__t153                    1.21827
xz.xcore.ibias__t51                    1.26323
xz.xcore.vss__t130                 1.08754e-05
xz.xcore.vss__t429                 2.69442e-13
xz.xcore.vss__t27                   1.1074e-05
xz.xcore.ibias__t52                    1.26323
xz.xcore.tail__t253                    1.21827
xz.xcore.vss__t430                 2.74361e-13
xz.xcore.tail__t154                    1.21827
xz.xcore.ibias__t53                    1.26323
xz.xcore.vss__t131                 1.12725e-05
xz.xcore.vss__t431                 2.79281e-13
xz.xcore.vss__t28                  1.14712e-05
xz.xcore.ibias__t54                    1.26323
xz.xcore.tail__t254                    1.21827
xz.xcore.vss__t432                 2.84202e-13
xz.xcore.tail__t155                    1.21827
xz.xcore.ibias__t55                    1.26323
xz.xcore.vss__t132                 1.16698e-05
xz.xcore.vss__t433                 2.89124e-13
xz.xcore.vss__t29                  1.18685e-05
xz.xcore.ibias__t56                    1.26323
xz.xcore.tail__t255                    1.21827
xz.xcore.vss__t434                 2.94047e-13
xz.xcore.tail__t156                    1.21827
xz.xcore.ibias__t57                    1.26323
xz.xcore.vss__t133                 1.20672e-05
xz.xcore.vss__t435                  2.9897e-13
xz.xcore.vss__t30                  1.22659e-05
xz.xcore.ibias__t58                    1.26323
xz.xcore.tail__t256                    1.21827
xz.xcore.vss__t436                 3.03894e-13
xz.xcore.tail__t157                    1.21827
xz.xcore.ibias__t59                    1.26323
xz.xcore.vss__t134                 1.24647e-05
xz.xcore.vss__t437                 3.08819e-13
xz.xcore.vss__t31                  1.26635e-05
xz.xcore.ibias__t60                    1.26323
xz.xcore.tail__t257                    1.21827
xz.xcore.vss__t438                 3.13745e-13
xz.xcore.tail__t211                    1.21827
xz.xcore.ibias__t176                   1.26323
xz.xcore.vss__t193                 1.28623e-05
xz.xcore.vss__t439                 3.18671e-13
xz.xcore.vss__t88                  1.30612e-05
xz.xcore.ibias__t175                   1.26323
xz.xcore.tail__t311                    1.21827
xz.xcore.vss__t440                 3.23598e-13
xz.xcore.tail__t165                    1.21827
xz.xcore.ibias__t79                    1.26323
xz.xcore.vss__t142                   1.326e-05
xz.xcore.vss__t441                 3.28525e-13
xz.xcore.vss__t43                  1.34589e-05
xz.xcore.ibias__t80                    1.26323
xz.xcore.tail__t269                    1.21827
xz.xcore.vss__t442                 3.33453e-13
xz.xcore.tail__t166                    1.21827
xz.xcore.ibias__t81                    1.26323
xz.xcore.vss__t143                 1.36579e-05
xz.xcore.vss__t443                 3.38382e-13
xz.xcore.vss__t38                  1.38568e-05
xz.xcore.ibias__t71                    1.26323
xz.xcore.tail__t264                    1.21827
xz.xcore.vss__t444                 3.43311e-13
xz.xcore.tail__t147                    1.21827
xz.xcore.ibias__t42                    1.26323
xz.xcore.vss__t125                 1.40557e-05
xz.xcore.vss__t445                 3.48241e-13
xz.xcore.vss__t22                  1.42547e-05
xz.xcore.ibias__t43                    1.26323
xz.xcore.tail__t248                    1.21827
xz.xcore.vss__t446                 3.53171e-13
xz.xcore.tail__t148                    1.21827
xz.xcore.ibias__t44                    1.26323
xz.xcore.vss__t126                 1.44537e-05
xz.xcore.vss__t447                 3.58101e-13
xz.xcore.vss__t0                   1.46527e-05
xz.xcore.ibias__t1                     1.26323
xz.xcore.tail__t149                    1.21827
xz.xcore.vss__t456                 3.63032e-13
xz.xcore.tail__t229                    1.21823
xz.xcore.ibias__t2                     1.26323
xz.xcore.vss__t1                   2.51512e-05
xz.xcore.vss__t458                 6.23159e-13
xz.xcore.vss__t189                 2.49518e-05
xz.xcore.ibias__t170                   1.26323
xz.xcore.tail__t228                    1.21823
xz.xcore.vss__t250                 6.18218e-13
xz.xcore.tail__t209                    1.21823
xz.xcore.ibias__t169                   1.26323
xz.xcore.vss__t188                 2.47524e-05
xz.xcore.vss__t251                 6.13277e-13
xz.xcore.vss__t86                   2.4553e-05
xz.xcore.ibias__t168                   1.26323
xz.xcore.tail__t309                    1.21824
xz.xcore.vss__t252                 6.08336e-13
xz.xcore.tail__t208                    1.21824
xz.xcore.ibias__t167                   1.26323
xz.xcore.vss__t187                 2.43536e-05
xz.xcore.vss__t253                 6.03395e-13
xz.xcore.vss__t85                  2.41542e-05
xz.xcore.ibias__t166                   1.26323
xz.xcore.tail__t308                    1.21824
xz.xcore.vss__t254                 5.98454e-13
xz.xcore.tail__t207                    1.21824
xz.xcore.ibias__t165                   1.26323
xz.xcore.vss__t186                 2.39548e-05
xz.xcore.vss__t255                 5.93514e-13
xz.xcore.vss__t84                  2.37554e-05
xz.xcore.ibias__t164                   1.26323
xz.xcore.tail__t307                    1.21824
xz.xcore.vss__t256                 5.88573e-13
xz.xcore.tail__t210                    1.21824
xz.xcore.ibias__t173                   1.26323
xz.xcore.vss__t191                 2.35561e-05
xz.xcore.vss__t257                 5.83633e-13
xz.xcore.vss__t87                  2.33567e-05
xz.xcore.ibias__t172                   1.26323
xz.xcore.tail__t310                    1.21824
xz.xcore.vss__t258                 5.78692e-13
xz.xcore.tail__t219                    1.21824
xz.xcore.ibias__t195                   1.26323
xz.xcore.vss__t201                 2.31573e-05
xz.xcore.vss__t259                 5.73752e-13
xz.xcore.vss__t99                  2.29579e-05
xz.xcore.ibias__t194                   1.26323
xz.xcore.tail__t321                    1.21824
xz.xcore.vss__t260                 5.68812e-13
xz.xcore.tail__t227                    1.21824
xz.xcore.ibias__t209                   1.26323
xz.xcore.vss__t209                 2.27586e-05
xz.xcore.vss__t261                 5.63871e-13
xz.xcore.vss__t97                  2.25592e-05
xz.xcore.ibias__t192                   1.26323
xz.xcore.tail__t319                    1.21824
xz.xcore.vss__t262                 5.58931e-13
xz.xcore.tail__t218                    1.21824
xz.xcore.ibias__t191                   1.26323
xz.xcore.vss__t200                 2.23598e-05
xz.xcore.vss__t263                 5.53991e-13
xz.xcore.vss__t96                  2.21605e-05
xz.xcore.ibias__t190                   1.26323
xz.xcore.tail__t318                    1.21824
xz.xcore.vss__t264                 5.49052e-13
xz.xcore.tail__t217                    1.21824
xz.xcore.ibias__t189                   1.26323
xz.xcore.vss__t199                 2.19611e-05
xz.xcore.vss__t265                 5.44112e-13
xz.xcore.vss__t95                  2.17618e-05
xz.xcore.ibias__t188                   1.26323
xz.xcore.tail__t317                    1.21824
xz.xcore.vss__t266                 5.39172e-13
xz.xcore.tail__t216                    1.21824
xz.xcore.ibias__t187                   1.26323
xz.xcore.vss__t198                 2.15624e-05
xz.xcore.vss__t267                 5.34233e-13
xz.xcore.vss__t94                  2.13631e-05
xz.xcore.ibias__t186                   1.26323
xz.xcore.tail__t316                    1.21824
xz.xcore.vss__t268                 5.29294e-13
xz.xcore.tail__t215                    1.21824
xz.xcore.ibias__t185                   1.26323
xz.xcore.vss__t197                 2.11638e-05
xz.xcore.vss__t269                 5.24355e-13
xz.xcore.vss__t93                  2.09644e-05
xz.xcore.ibias__t184                   1.26323
xz.xcore.tail__t315                    1.21824
xz.xcore.vss__t270                 5.19416e-13
xz.xcore.tail__t214                    1.21824
xz.xcore.ibias__t183                   1.26323
xz.xcore.vss__t196                 2.07651e-05
xz.xcore.vss__t271                 5.14477e-13
xz.xcore.vss__t92                  2.05658e-05
xz.xcore.ibias__t182                   1.26323
xz.xcore.tail__t314                    1.21824
xz.xcore.vss__t272                 5.09538e-13
xz.xcore.tail__t213                    1.21824
xz.xcore.ibias__t181                   1.26323
xz.xcore.vss__t195                 2.03665e-05
xz.xcore.vss__t273                 5.04599e-13
xz.xcore.vss__t91                  2.01672e-05
xz.xcore.ibias__t180                   1.26323
xz.xcore.tail__t313                    1.21824
xz.xcore.vss__t274                 4.99661e-13
xz.xcore.tail__t212                    1.21824
xz.xcore.ibias__t179                   1.26323
xz.xcore.vss__t194                 1.99679e-05
xz.xcore.vss__t275                 4.94723e-13
xz.xcore.vss__t90                  1.97686e-05
xz.xcore.ibias__t178                   1.26323
xz.xcore.tail__t312                    1.21824
xz.xcore.vss__t276                 4.89785e-13
xz.xcore.tail__t206                    1.21824
xz.xcore.ibias__t161                   1.26323
xz.xcore.vss__t184                 1.95693e-05
xz.xcore.vss__t277                 4.84847e-13
xz.xcore.vss__t57                    1.937e-05
xz.xcore.ibias__t112                   1.26323
xz.xcore.tail__t283                    1.21824
xz.xcore.vss__t278                 4.79909e-13
xz.xcore.tail__t183                    1.21824
xz.xcore.ibias__t111                   1.26323
xz.xcore.vss__t160                 1.91708e-05
xz.xcore.vss__t279                 4.74971e-13
xz.xcore.vss__t56                  1.89715e-05
xz.xcore.ibias__t110                   1.26323
xz.xcore.tail__t282                    1.21824
xz.xcore.vss__t280                 4.70034e-13
xz.xcore.tail__t182                    1.21824
xz.xcore.ibias__t109                   1.26323
xz.xcore.vss__t159                 1.87722e-05
xz.xcore.vss__t281                 4.65097e-13
xz.xcore.vss__t55                   1.8573e-05
xz.xcore.ibias__t108                   1.26323
xz.xcore.tail__t281                    1.21825
xz.xcore.vss__t282                  4.6016e-13
xz.xcore.tail__t181                    1.21825
xz.xcore.ibias__t107                   1.26323
xz.xcore.vss__t158                 1.83738e-05
xz.xcore.vss__t283                 4.55223e-13
xz.xcore.vss__t54                  1.81745e-05
xz.xcore.ibias__t106                   1.26323
xz.xcore.tail__t280                    1.21825
xz.xcore.vss__t284                 4.50286e-13
xz.xcore.tail__t180                    1.21825
xz.xcore.ibias__t105                   1.26323
xz.xcore.vss__t157                 1.79753e-05
xz.xcore.vss__t285                  4.4535e-13
xz.xcore.vss__t53                  1.77761e-05
xz.xcore.ibias__t104                   1.26323
xz.xcore.tail__t279                    1.21825
xz.xcore.vss__t286                 4.40414e-13
xz.xcore.tail__t205                    1.21825
xz.xcore.ibias__t156                   1.26323
xz.xcore.vss__t182                 1.75769e-05
xz.xcore.vss__t287                 4.35478e-13
xz.xcore.vss__t79                  1.73777e-05
xz.xcore.ibias__t155                   1.26323
xz.xcore.tail__t305                    1.21825
xz.xcore.vss__t288                 4.30542e-13
xz.xcore.tail__t204                    1.21825
xz.xcore.ibias__t154                   1.26323
xz.xcore.vss__t181                 1.71785e-05
xz.xcore.vss__t289                 4.25607e-13
xz.xcore.vss__t78                  1.69793e-05
xz.xcore.ibias__t153                   1.26323
xz.xcore.tail__t304                    1.21825
xz.xcore.vss__t290                 4.20672e-13
xz.xcore.tail__t203                    1.21825
xz.xcore.ibias__t152                   1.26323
xz.xcore.vss__t180                 1.67801e-05
xz.xcore.vss__t291                 4.15737e-13
xz.xcore.vss__t77                   1.6581e-05
xz.xcore.ibias__t151                   1.26323
xz.xcore.tail__t303                    1.21825
xz.xcore.vss__t292                 4.10802e-13
xz.xcore.tail__t202                    1.21825
xz.xcore.ibias__t150                   1.26323
xz.xcore.vss__t179                 1.63818e-05
xz.xcore.vss__t293                 4.05868e-13
xz.xcore.vss__t76                  1.61827e-05
xz.xcore.ibias__t149                   1.26323
xz.xcore.tail__t302                    1.21825
xz.xcore.vss__t294                 4.00934e-13
xz.xcore.tail__t201                    1.21825
xz.xcore.ibias__t148                   1.26323
xz.xcore.vss__t178                 1.59836e-05
xz.xcore.vss__t295                    3.96e-13
xz.xcore.vss__t75                  1.57845e-05
xz.xcore.ibias__t147                   1.26323
xz.xcore.tail__t301                    1.21825
xz.xcore.vss__t296                 3.91067e-13
xz.xcore.tail__t200                    1.21825
xz.xcore.ibias__t146                   1.26323
xz.xcore.vss__t177                 1.55854e-05
xz.xcore.vss__t297                 3.86134e-13
xz.xcore.vss__t98                  1.53863e-05
xz.xcore.ibias__t193                   1.26323
xz.xcore.tail__t320                    1.21825
xz.xcore.vss__t298                 3.81201e-13
xz.xcore.tail__t226                    1.21825
xz.xcore.ibias__t208                   1.26323
xz.xcore.vss__t208                 1.51872e-05
xz.xcore.vss__t299                 3.76269e-13
xz.xcore.vss__t105                 1.49882e-05
xz.xcore.ibias__t207                   1.26323
xz.xcore.tail__t327                    1.21825
xz.xcore.vss__t300                 3.71337e-13
xz.xcore.tail__t225                    1.21825
xz.xcore.ibias__t206                   1.26323
xz.xcore.vss__t207                 1.47891e-05
xz.xcore.vss__t301                 3.66405e-13
xz.xcore.vss__t104                 1.45901e-05
xz.xcore.ibias__t205                   1.26323
xz.xcore.tail__t326                    1.21825
xz.xcore.vss__t302                 3.61474e-13
xz.xcore.tail__t224                    1.21825
xz.xcore.ibias__t204                   1.26323
xz.xcore.vss__t206                 1.43911e-05
xz.xcore.vss__t303                 3.56543e-13
xz.xcore.vss__t103                 1.41921e-05
xz.xcore.ibias__t203                   1.26323
xz.xcore.tail__t325                    1.21825
xz.xcore.vss__t304                 3.51613e-13
xz.xcore.tail__t223                    1.21825
xz.xcore.ibias__t202                   1.26323
xz.xcore.vss__t205                 1.39932e-05
xz.xcore.vss__t305                 3.46683e-13
xz.xcore.vss__t102                 1.37942e-05
xz.xcore.ibias__t201                   1.26323
xz.xcore.tail__t324                    1.21825
xz.xcore.vss__t306                 3.41754e-13
xz.xcore.tail__t222                    1.21825
xz.xcore.ibias__t200                   1.26323
xz.xcore.vss__t204                 1.35953e-05
xz.xcore.vss__t307                 3.36825e-13
xz.xcore.vss__t101                 1.33964e-05
xz.xcore.ibias__t199                   1.26323
xz.xcore.tail__t323                    1.21825
xz.xcore.vss__t308                 3.31897e-13
xz.xcore.tail__t221                    1.21825
xz.xcore.ibias__t198                   1.26323
xz.xcore.vss__t203                 1.31975e-05
xz.xcore.vss__t309                 3.26969e-13
xz.xcore.vss__t100                 1.29986e-05
xz.xcore.ibias__t197                   1.26323
xz.xcore.tail__t322                    1.21825
xz.xcore.vss__t310                 3.22042e-13
xz.xcore.tail__t220                    1.21825
xz.xcore.ibias__t196                   1.26323
xz.xcore.vss__t202                 1.27998e-05
xz.xcore.vss__t311                 3.17115e-13
xz.xcore.vss__t80                   1.2601e-05
xz.xcore.ibias__t157                   1.26323
xz.xcore.tail__t306                    1.21825
xz.xcore.vss__t312                 3.12189e-13
xz.xcore.tail__t185                    1.21826
xz.xcore.ibias__t116                   1.26323
xz.xcore.vss__t162                 1.24022e-05
xz.xcore.vss__t313                 3.07264e-13
xz.xcore.vss__t59                  1.22034e-05
xz.xcore.ibias__t115                   1.26323
xz.xcore.tail__t285                    1.21826
xz.xcore.vss__t314                 3.02339e-13
xz.xcore.tail__t184                    1.21826
xz.xcore.ibias__t114                   1.26323
xz.xcore.vss__t161                 1.20047e-05
xz.xcore.vss__t315                 2.97416e-13
xz.xcore.vss__t71                   1.1806e-05
xz.xcore.ibias__t139                   1.26323
xz.xcore.tail__t297                    1.21826
xz.xcore.vss__t316                 2.92492e-13
xz.xcore.tail__t196                    1.21826
xz.xcore.ibias__t138                   1.26323
xz.xcore.vss__t173                 1.16073e-05
xz.xcore.vss__t317                  2.8757e-13
xz.xcore.vss__t70                  1.14087e-05
xz.xcore.ibias__t137                   1.26323
xz.xcore.tail__t296                    1.21826
xz.xcore.vss__t318                 2.82649e-13
xz.xcore.tail__t195                    1.21826
xz.xcore.ibias__t136                   1.26323
xz.xcore.vss__t172                 1.12101e-05
xz.xcore.vss__t319                 2.77728e-13
xz.xcore.vss__t69                  1.10115e-05
xz.xcore.ibias__t135                   1.26323
xz.xcore.tail__t295                    1.21826
xz.xcore.vss__t320                 2.72808e-13
xz.xcore.tail__t194                    1.21826
xz.xcore.ibias__t134                   1.26323
xz.xcore.vss__t171                  1.0813e-05
xz.xcore.vss__t321                  2.6789e-13
xz.xcore.vss__t61                  1.06145e-05
xz.xcore.ibias__t119                   1.26323
xz.xcore.tail__t287                    1.21826
xz.xcore.vss__t322                 2.62972e-13
xz.xcore.tail__t179                    1.21826
xz.xcore.ibias__t103                   1.26323
xz.xcore.vss__t156                 1.04161e-05
xz.xcore.vss__t323                 2.58056e-13
xz.xcore.vss__t48                  1.02177e-05
xz.xcore.ibias__t92                    1.26323
xz.xcore.tail__t274                    1.21826
xz.xcore.vss__t324                  2.5314e-13
xz.xcore.tail__t178                    1.21826
xz.xcore.ibias__t102                   1.26323
xz.xcore.vss__t155                 1.00193e-05
xz.xcore.vss__t325                 2.48226e-13
xz.xcore.vss__t52                  9.82105e-06
xz.xcore.ibias__t101                   1.26323
xz.xcore.tail__t278                    1.21826
xz.xcore.vss__t326                 2.43314e-13
xz.xcore.tail__t177                    1.21826
xz.xcore.ibias__t100                   1.26323
xz.xcore.vss__t154                 9.62281e-06
xz.xcore.vss__t327                 2.38402e-13
xz.xcore.vss__t51                  9.42464e-06
xz.xcore.ibias__t99                    1.26323
xz.xcore.tail__t277                    1.21826
xz.xcore.vss__t328                 2.33492e-13
xz.xcore.tail__t176                    1.21826
xz.xcore.ibias__t98                    1.26323
xz.xcore.vss__t153                 9.22654e-06
xz.xcore.vss__t329                 2.28584e-13
xz.xcore.vss__t58                   9.0285e-06
xz.xcore.ibias__t113                   1.26323
xz.xcore.tail__t284                    1.21826
xz.xcore.vss__t330                 2.23678e-13
xz.xcore.tail__t174                    1.21826
xz.xcore.ibias__t96                    1.26323
xz.xcore.vss__t151                 8.83053e-06
xz.xcore.vss__t331                 2.18773e-13
xz.xcore.vss__t50                  8.63264e-06
xz.xcore.ibias__t95                    1.26323
xz.xcore.tail__t276                    1.21826
xz.xcore.vss__t332                  2.1387e-13
xz.xcore.tail__t173                    1.21826
xz.xcore.ibias__t94                    1.26323
xz.xcore.vss__t150                 8.43483e-06
xz.xcore.vss__t333                 2.08969e-13
xz.xcore.vss__t49                  8.23711e-06
xz.xcore.ibias__t93                    1.26323
xz.xcore.tail__t275                    1.21826
xz.xcore.vss__t334                 2.04071e-13
xz.xcore.tail__t172                    1.21826
xz.xcore.ibias__t91                    1.26323
xz.xcore.vss__t149                 8.03949e-06
xz.xcore.vss__t335                 1.99174e-13
xz.xcore.vss__t47                  7.84197e-06
xz.xcore.ibias__t90                    1.26323
xz.xcore.tail__t273                    1.21826
xz.xcore.vss__t336                 1.94281e-13
xz.xcore.tail__t171                    1.21826
xz.xcore.ibias__t89                    1.26323
xz.xcore.vss__t148                 7.64456e-06
xz.xcore.vss__t337                  1.8939e-13
xz.xcore.vss__t46                  7.44727e-06
xz.xcore.ibias__t88                    1.26323
xz.xcore.tail__t272                    1.21826
xz.xcore.vss__t338                 1.84502e-13
xz.xcore.tail__t170                    1.21826
xz.xcore.ibias__t87                    1.26323
xz.xcore.vss__t147                 7.25011e-06
xz.xcore.vss__t339                 1.79617e-13
xz.xcore.vss__t45                  7.05309e-06
xz.xcore.ibias__t86                    1.26323
xz.xcore.tail__t271                    1.21826
xz.xcore.vss__t340                 1.74736e-13
xz.xcore.tail__t169                    1.21826
xz.xcore.ibias__t85                    1.26323
xz.xcore.vss__t146                 6.85622e-06
xz.xcore.vss__t341                 1.69859e-13
xz.xcore.vss__t44                  6.65952e-06
xz.xcore.ibias__t84                    1.26323
xz.xcore.tail__t270                    1.21826
xz.xcore.vss__t342                 1.64985e-13
xz.xcore.tail__t168                    1.21826
xz.xcore.ibias__t83                    1.26323
xz.xcore.vss__t145                   6.463e-06
xz.xcore.vss__t343                 1.60117e-13
xz.xcore.vss__t66                  6.26668e-06
xz.xcore.ibias__t129                   1.26323
xz.xcore.tail__t292                    1.21827
xz.xcore.vss__t344                 1.55253e-13
xz.xcore.tail__t199                    1.21827
xz.xcore.ibias__t144                   1.26323
xz.xcore.vss__t176                 6.07058e-06
xz.xcore.vss__t345                 1.50394e-13
xz.xcore.vss__t73                  5.87471e-06
xz.xcore.ibias__t143                   1.26323
xz.xcore.tail__t299                    1.21827
xz.xcore.vss__t346                 1.45542e-13
xz.xcore.tail__t198                    1.21827
xz.xcore.ibias__t142                   1.26323
xz.xcore.vss__t175                 5.67911e-06
xz.xcore.vss__t347                 1.40696e-13
xz.xcore.vss__t72                   5.4838e-06
xz.xcore.ibias__t141                   1.26323
xz.xcore.tail__t298                    1.21827
xz.xcore.vss__t348                 1.35857e-13
xz.xcore.outp__t53                     2.80076
xz.xcore.inp__t1                         2.805
xz.xcore.tail__t0                      1.21834
xz.xcore.vss__t460                 8.73397e-12
xz.xcore.tail__t119                    1.21834
xz.xcore.inp__t53                        2.805
xz.xcore.outp__t52                     2.80075
xz.xcore.vss__t462                 8.81643e-12
xz.xcore.outp__t46                     2.80075
xz.xcore.inp__t52                        2.805
xz.xcore.tail__t118                    1.21834
xz.xcore.vss__t463                 8.89889e-12
xz.xcore.tail__t58                     1.21834
xz.xcore.inp__t61                        2.805
xz.xcore.outp__t82                     2.80075
xz.xcore.vss__t464                 8.98135e-12
xz.xcore.outp__t30                     2.80075
xz.xcore.inp__t24                        2.805
xz.xcore.tail__t98                     1.21834
xz.xcore.vss__t465                 9.06381e-12
xz.xcore.tail__t38                     1.21834
xz.xcore.inp__t23                        2.805
xz.xcore.outp__t64                     2.80075
xz.xcore.vss__t466                 9.14627e-12
xz.xcore.outp__t29                     2.80075
xz.xcore.inp__t22                        2.805
xz.xcore.tail__t97                     1.21834
xz.xcore.vss__t467                 9.22873e-12
xz.xcore.tail__t37                     1.21835
xz.xcore.inp__t21                        2.805
xz.xcore.outp__t63                     2.80074
xz.xcore.vss__t468                 9.31118e-12
xz.xcore.outp__t28                     2.80074
xz.xcore.inp__t20                        2.805
xz.xcore.tail__t96                     1.21835
xz.xcore.vss__t469                 9.39364e-12
xz.xcore.tail__t36                     1.21835
xz.xcore.inp__t19                        2.805
xz.xcore.outp__t62                     2.80074
xz.xcore.vss__t470                 9.47609e-12
xz.xcore.outp__t27                     2.80074
xz.xcore.inp__t18                        2.805
xz.xcore.tail__t95                     1.21835
xz.xcore.vss__t471                 9.55854e-12
xz.xcore.tail__t35                     1.21835
xz.xcore.inp__t17                        2.805
xz.xcore.outp__t61                     2.80074
xz.xcore.vss__t472                 9.64099e-12
xz.xcore.outp__t26                     2.80074
xz.xcore.inp__t16                        2.805
xz.xcore.tail__t94                     1.21835
xz.xcore.vss__t473                 9.72344e-12
xz.xcore.tail__t33                     1.21835
xz.xcore.inp__t15                        2.805
xz.xcore.outp__t60                     2.80073
xz.xcore.vss__t474                 9.80589e-12
xz.xcore.outp__t47                     2.80073
xz.xcore.inp__t54                        2.805
xz.xcore.tail__t120                    1.21835
xz.xcore.vss__t475                 9.88833e-12
xz.xcore.tail__t54                     1.21835
xz.xcore.inp__t55                        2.805
xz.xcore.outp__t78                     2.80073
xz.xcore.vss__t476                 9.97078e-12
xz.xcore.outp__t51                     2.80073
xz.xcore.inp__t63                        2.805
xz.xcore.tail__t126                    1.21835
xz.xcore.vss__t477                 1.00532e-11
xz.xcore.tail__t57                     1.21835
xz.xcore.inp__t60                        2.805
xz.xcore.outp__t81                     2.80073
xz.xcore.vss__t478                 1.01357e-11
xz.xcore.outp__t49                     2.80073
xz.xcore.inp__t59                        2.805
xz.xcore.tail__t122                    1.21835
xz.xcore.vss__t479                 1.02181e-11
xz.xcore.tail__t56                     1.21835
xz.xcore.inp__t58                        2.805
xz.xcore.outp__t80                     2.80073
xz.xcore.vss__t480                 1.03005e-11
xz.xcore.outp__t48                     2.80072
xz.xcore.inp__t57                        2.805
xz.xcore.tail__t121                    1.21836
xz.xcore.vss__t481                  1.0383e-11
xz.xcore.tail__t55                     1.21836
xz.xcore.inp__t56                        2.805
xz.xcore.outp__t79                     2.80072
xz.xcore.vss__t482                 1.04654e-11
xz.xcore.outp__t24                     2.80072
xz.xcore.inp__t11                        2.805
xz.xcore.tail__t92                     1.21836
xz.xcore.vss__t483                 1.05478e-11
xz.xcore.tail__t30                     1.21836
xz.xcore.inp__t10                        2.805
xz.xcore.outp__t57                     2.80072
xz.xcore.vss__t484                 1.06302e-11
xz.xcore.outp__t23                     2.80072
xz.xcore.inp__t9                         2.805
xz.xcore.tail__t88                     1.21836
xz.xcore.vss__t485                 1.07127e-11
xz.xcore.tail__t32                     1.21836
xz.xcore.inp__t14                        2.805
xz.xcore.outp__t59                     2.80072
xz.xcore.vss__t486                 1.07951e-11
xz.xcore.outp__t25                     2.80071
xz.xcore.inp__t13                        2.805
xz.xcore.tail__t93                     1.21836
xz.xcore.vss__t487                 1.08775e-11
xz.xcore.tail__t60                     1.21836
xz.xcore.inp__t0                         2.805
xz.xcore.outp__t83                     2.80071
xz.xcore.vss__t488                 1.09599e-11
xz.xcore.outp__t50                     2.80071
xz.xcore.inp__t62                        2.805
xz.xcore.tail__t123                    1.21836
xz.xcore.vss__t489                 1.10423e-11
xz.xcore.tail__t42                     1.21836
xz.xcore.inp__t29                        2.805
xz.xcore.outp__t67                     2.80071
xz.xcore.vss__t490                 1.11247e-11
xz.xcore.outp__t32                     2.80071
xz.xcore.inp__t28                        2.805
xz.xcore.tail__t102                    1.21836
xz.xcore.vss__t491                 1.12071e-11
xz.xcore.tail__t41                     1.21836
xz.xcore.inp__t27                        2.805
xz.xcore.outp__t66                     2.80071
xz.xcore.vss__t492                 1.12895e-11
xz.xcore.outp__t31                      2.8007
xz.xcore.inp__t26                        2.805
xz.xcore.tail__t101                    1.21836
xz.xcore.vss__t493                 1.13719e-11
xz.xcore.tail__t40                     1.21837
xz.xcore.inp__t25                        2.805
xz.xcore.outp__t65                      2.8007
xz.xcore.vss__t494                 1.14543e-11
xz.xcore.outp__t20                      2.8007
xz.xcore.inp__t4                         2.805
xz.xcore.tail__t74                     1.21837
xz.xcore.vss__t495                 1.15367e-11
xz.xcore.tail__t14                     1.21837
xz.xcore.inp__t3                         2.805
xz.xcore.outp__t54                      2.8007
xz.xcore.vss__t496                 1.16191e-11
xz.xcore.outp__t22                      2.8007
xz.xcore.inp__t7                         2.805
xz.xcore.tail__t76                     1.21837
xz.xcore.vss__t497                 1.17015e-11
xz.xcore.tail__t16                     1.21837
xz.xcore.inp__t6                         2.805
xz.xcore.outp__t55                      2.8007
xz.xcore.vss__t498                 1.17839e-11
xz.xcore.outp__t21                     2.80069
xz.xcore.inp__t5                         2.805
xz.xcore.tail__t75                     1.21837
xz.xcore.vss__t499                 1.18663e-11
xz.xcore.tail__t19                     1.21837
xz.xcore.inp__t8                         2.805
xz.xcore.outp__t56                     2.80069
xz.xcore.vss__t500                 1.19487e-11
xz.xcore.outp__t45                     2.80069
xz.xcore.inp__t50                        2.805
xz.xcore.tail__t116                    1.21837
xz.xcore.vss__t501                  1.2031e-11
xz.xcore.tail__t51                     1.21837
xz.xcore.inp__t49                        2.805
xz.xcore.outp__t76                     2.80069
xz.xcore.vss__t502                 1.21134e-11
xz.xcore.outp__t44                     2.80069
xz.xcore.inp__t48                        2.805
xz.xcore.tail__t115                    1.21837
xz.xcore.vss__t503                 1.21958e-11
xz.xcore.tail__t50                     1.21837
xz.xcore.inp__t47                        2.805
xz.xcore.outp__t75                     2.80069
xz.xcore.vss__t504                 1.22782e-11
xz.xcore.outp__t43                     2.80069
xz.xcore.inp__t46                        2.805
xz.xcore.tail__t114                    1.21837
xz.xcore.vss__t505                 1.23605e-11
xz.xcore.tail__t49                     1.21837
xz.xcore.inp__t45                        2.805
xz.xcore.outp__t74                     2.80068
xz.xcore.vss__t506                 1.24429e-11
xz.xcore.outp__t42                     2.80068
xz.xcore.inp__t44                        2.805
xz.xcore.tail__t113                    1.21838
xz.xcore.vss__t507                 1.25252e-11
xz.xcore.tail__t48                     1.21838
xz.xcore.inp__t43                        2.805
xz.xcore.outp__t73                     2.80068
xz.xcore.vss__t508                 1.26076e-11
xz.xcore.outp__t41                     2.80068
xz.xcore.inp__t42                        2.805
xz.xcore.tail__t112                    1.21838
xz.xcore.vss__t509                 1.26899e-11
xz.xcore.tail__t47                     1.21838
xz.xcore.inp__t41                        2.805
xz.xcore.outp__t72                     2.80068
xz.xcore.vss__t510                 1.27723e-11
xz.xcore.outp__t40                     2.80068
xz.xcore.inp__t40                        2.805
xz.xcore.tail__t111                    1.21838
xz.xcore.vss__t511                 1.28546e-11
xz.xcore.tail__t46                     1.21838
xz.xcore.inp__t39                        2.805
xz.xcore.outp__t71                     2.80067
xz.xcore.vss__t512                  1.2937e-11
xz.xcore.outp__t39                     2.80067
xz.xcore.inp__t38                        2.805
xz.xcore.tail__t110                    1.21838
xz.xcore.vss__t513                 1.30193e-11
xz.xcore.tail__t53                     1.21838
xz.xcore.inp__t51                        2.805
xz.xcore.outp__t77                     2.80067
xz.xcore.vss__t514                 1.31016e-11
xz.xcore.outp__t38                     2.80067
xz.xcore.inp__t37                        2.805
xz.xcore.tail__t108                    1.21838
xz.xcore.vss__t515                  1.3184e-11
xz.xcore.tail__t45                     1.21838
xz.xcore.inp__t36                        2.805
xz.xcore.outp__t70                     2.80067
xz.xcore.vss__t516                 1.32663e-11
xz.xcore.outp__t37                     2.80067
xz.xcore.inp__t35                        2.805
xz.xcore.tail__t107                    1.21838
xz.xcore.vss__t517                 1.33486e-11
xz.xcore.tail__t44                     1.21838
xz.xcore.inp__t34                        2.805
xz.xcore.outp__t69                     2.80066
xz.xcore.vss__t518                 1.34309e-11
xz.xcore.outp__t36                     2.80066
xz.xcore.inp__t33                        2.805
xz.xcore.tail__t106                    1.21838
xz.xcore.vss__t519                 1.35133e-11
xz.xcore.tail__t31                     1.21839
xz.xcore.inp__t12                        2.805
xz.xcore.outp__t58                     2.80066
xz.xcore.vss__t520                 1.35956e-11
xz.xcore.outp__t35                     2.80066
xz.xcore.inp__t32                        2.805
xz.xcore.tail__t104                    1.21839
xz.xcore.vss__t521                 1.36779e-11
xz.xcore.tail__t43                     1.21839
xz.xcore.inp__t31                        2.805
xz.xcore.outp__t68                     2.80066
xz.xcore.vss__t522                 1.37602e-11
xz.xcore.outp__t33                     2.80066
xz.xcore.inp__t30                        2.805
xz.xcore.tail__t103                    1.21839
xz.xcore.vss__t523                 1.38425e-11
xz.xcore.tail__t1                      1.21839
xz.xcore.inp__t2                         2.805
xz.xcore.outp__t34                     2.80065
xz.xcore.vss__t586                 1.39248e-11
xz.xcore.ibias__t215                   1.26049
xz.xcore.ibias__t3                     1.26323
xz.xcore.vss__t2                   2.51858e-05
xz.xcore.vss__t459                 6.61835e-13
xz.xcore.vss__t81                  2.49859e-05
xz.xcore.ibias__t158                   1.26323
xz.xcore.ibias__t216                   1.26052
xz.xcore.vss__t448                 6.56617e-13
xz.xcore.ibias__t213                   1.26055
xz.xcore.ibias__t171                   1.26323
xz.xcore.vss__t190                 2.47861e-05
xz.xcore.vss__t449                 6.51398e-13
xz.xcore.vss__t83                  2.45863e-05
xz.xcore.ibias__t163                   1.26323
xz.xcore.ibias__t218                   1.26058
xz.xcore.vss__t450                 6.46178e-13
xz.xcore.ibias__t212                   1.26061
xz.xcore.ibias__t162                   1.26323
xz.xcore.vss__t185                 2.43865e-05
xz.xcore.vss__t451                 6.40958e-13
xz.xcore.vss__t89                  2.41867e-05
xz.xcore.ibias__t177                   1.26323
xz.xcore.ibias__t219                   1.26064
xz.xcore.vss__t452                 6.35738e-13
xz.xcore.ibias__t211                   1.26067
xz.xcore.ibias__t160                   1.26323
xz.xcore.vss__t183                 2.39868e-05
xz.xcore.vss__t453                 6.30517e-13
xz.xcore.vss__t82                   2.3787e-05
xz.xcore.ibias__t159                   1.26323
xz.xcore.ibias__t217                    1.2607
xz.xcore.vss__t454                 6.25295e-13
xz.xcore.ibias__t214                   1.26073
xz.xcore.ibias__t174                   1.26323
xz.xcore.vss__t192                 2.35872e-05
xz.xcore.vss__t455                 6.20074e-13
xz.xcore.vss__t3                   2.33874e-05
xz.xcore.ibias__t4                     1.26323
xz.xcore.ibias__t210                   1.26076
xz.xcore.vss__t457                 6.14851e-13
xz.xcore.outn__t52                         3.3
xz.xcore.inn__t1                         1.815
xz.xcore.tail__t3                      1.21828
xz.xcore.vss__t461                 1.44904e-12
xz.xcore.tail__t62                     1.21828
xz.xcore.inn__t58                        1.815
xz.xcore.outn__t81                         3.3
xz.xcore.vss__t524                 1.46279e-12
xz.xcore.outn__t49                         3.3
xz.xcore.inn__t59                        1.815
xz.xcore.tail__t124                    1.21828
xz.xcore.vss__t525                 1.47654e-12
xz.xcore.tail__t63                     1.21828
xz.xcore.inn__t60                        1.815
xz.xcore.outn__t82                         3.3
xz.xcore.vss__t526                 1.49029e-12
xz.xcore.outn__t50                         3.3
xz.xcore.inn__t61                        1.815
xz.xcore.tail__t125                    1.21828
xz.xcore.vss__t527                 1.50405e-12
xz.xcore.tail__t64                     1.21828
xz.xcore.inn__t62                        1.815
xz.xcore.outn__t83                         3.3
xz.xcore.vss__t528                  1.5178e-12
xz.xcore.outn__t46                         3.3
xz.xcore.inn__t52                        1.815
xz.xcore.tail__t105                    1.21828
xz.xcore.vss__t529                 1.53155e-12
xz.xcore.tail__t15                     1.21828
xz.xcore.inn__t21                        1.815
xz.xcore.outn__t63                         3.3
xz.xcore.vss__t530                 1.54531e-12
xz.xcore.outn__t45                         3.3
xz.xcore.inn__t51                        1.815
xz.xcore.tail__t100                    1.21828
xz.xcore.vss__t531                 1.55906e-12
xz.xcore.tail__t34                     1.21828
xz.xcore.inn__t48                        1.815
xz.xcore.outn__t76                         3.3
xz.xcore.vss__t532                 1.57281e-12
xz.xcore.outn__t44                         3.3
xz.xcore.inn__t50                        1.815
xz.xcore.tail__t99                     1.21828
xz.xcore.vss__t533                 1.58657e-12
xz.xcore.tail__t61                     1.21828
xz.xcore.inn__t57                        1.815
xz.xcore.outn__t80                         3.3
xz.xcore.vss__t534                 1.60032e-12
xz.xcore.outn__t40                         3.3
xz.xcore.inn__t42                        1.815
xz.xcore.tail__t87                     1.21828
xz.xcore.vss__t535                 1.61408e-12
xz.xcore.tail__t27                     1.21828
xz.xcore.inn__t41                        1.815
xz.xcore.outn__t73                         3.3
xz.xcore.vss__t536                 1.62783e-12
xz.xcore.outn__t39                         3.3
xz.xcore.inn__t40                        1.815
xz.xcore.tail__t86                     1.21828
xz.xcore.vss__t537                 1.64159e-12
xz.xcore.tail__t26                     1.21828
xz.xcore.inn__t39                        1.815
xz.xcore.outn__t72                         3.3
xz.xcore.vss__t538                 1.65534e-12
xz.xcore.outn__t38                         3.3
xz.xcore.inn__t38                        1.815
xz.xcore.tail__t85                     1.21828
xz.xcore.vss__t539                  1.6691e-12
xz.xcore.tail__t25                     1.21828
xz.xcore.inn__t37                        1.815
xz.xcore.outn__t71                         3.3
xz.xcore.vss__t540                 1.68285e-12
xz.xcore.outn__t47                         3.3
xz.xcore.inn__t53                        1.815
xz.xcore.tail__t109                    1.21828
xz.xcore.vss__t541                 1.69661e-12
xz.xcore.tail__t52                     1.21828
xz.xcore.inn__t55                        1.815
xz.xcore.outn__t78                         3.3
xz.xcore.vss__t542                 1.71037e-12
xz.xcore.outn__t48                         3.3
xz.xcore.inn__t54                        1.815
xz.xcore.tail__t117                    1.21828
xz.xcore.vss__t543                 1.72412e-12
xz.xcore.tail__t39                     1.21828
xz.xcore.inn__t49                        1.815
xz.xcore.outn__t77                         3.3
xz.xcore.vss__t544                 1.73788e-12
xz.xcore.outn__t41                         3.3
xz.xcore.inn__t43                        1.815
xz.xcore.tail__t89                     1.21828
xz.xcore.vss__t545                 1.75164e-12
xz.xcore.tail__t29                     1.21828
xz.xcore.inn__t47                        1.815
xz.xcore.outn__t75                         3.3
xz.xcore.vss__t546                  1.7654e-12
xz.xcore.outn__t43                         3.3
xz.xcore.inn__t46                        1.815
xz.xcore.tail__t91                     1.21828
xz.xcore.vss__t547                 1.77916e-12
xz.xcore.tail__t28                     1.21828
xz.xcore.inn__t45                        1.815
xz.xcore.outn__t74                         3.3
xz.xcore.vss__t548                 1.79291e-12
xz.xcore.outn__t42                         3.3
xz.xcore.inn__t44                        1.815
xz.xcore.tail__t90                     1.21828
xz.xcore.vss__t549                 1.80667e-12
xz.xcore.tail__t59                     1.21828
xz.xcore.inn__t56                        1.815
xz.xcore.outn__t79                         3.3
xz.xcore.vss__t550                 1.82043e-12
xz.xcore.outn__t51                         3.3
xz.xcore.inn__t63                        1.815
xz.xcore.tail__t127                    1.21828
xz.xcore.vss__t551                 1.83419e-12
xz.xcore.tail__t13                     1.21828
xz.xcore.inn__t19                        1.815
xz.xcore.outn__t62                         3.3
xz.xcore.vss__t552                 1.84795e-12
xz.xcore.outn__t28                         3.3
xz.xcore.inn__t18                        1.815
xz.xcore.tail__t72                     1.21828
xz.xcore.vss__t553                 1.86171e-12
xz.xcore.tail__t12                     1.21828
xz.xcore.inn__t17                        1.815
xz.xcore.outn__t61                         3.3
xz.xcore.vss__t554                 1.87547e-12
xz.xcore.outn__t27                         3.3
xz.xcore.inn__t16                        1.815
xz.xcore.tail__t71                     1.21828
xz.xcore.vss__t555                 1.88923e-12
xz.xcore.tail__t11                     1.21828
xz.xcore.inn__t15                        1.815
xz.xcore.outn__t60                         3.3
xz.xcore.vss__t556                 1.90299e-12
xz.xcore.outn__t26                         3.3
xz.xcore.inn__t14                        1.815
xz.xcore.tail__t70                     1.21828
xz.xcore.vss__t557                 1.91675e-12
xz.xcore.tail__t10                     1.21828
xz.xcore.inn__t13                        1.815
xz.xcore.outn__t59                         3.3
xz.xcore.vss__t558                 1.93051e-12
xz.xcore.outn__t25                         3.3
xz.xcore.inn__t12                        1.815
xz.xcore.tail__t69                     1.21828
xz.xcore.vss__t559                 1.94427e-12
xz.xcore.tail__t6                      1.21828
xz.xcore.inn__t5                         1.815
xz.xcore.outn__t55                         3.3
xz.xcore.vss__t560                 1.95803e-12
xz.xcore.outn__t24                         3.3
xz.xcore.inn__t11                        1.815
xz.xcore.tail__t68                     1.21828
xz.xcore.vss__t561                 1.97179e-12
xz.xcore.tail__t4                      1.21828
xz.xcore.inn__t2                         1.815
xz.xcore.outn__t53                         3.3
xz.xcore.vss__t562                 1.98555e-12
xz.xcore.outn__t21                         3.3
xz.xcore.inn__t3                         1.815
xz.xcore.tail__t65                     1.21828
xz.xcore.vss__t563                 1.99931e-12
xz.xcore.tail__t5                      1.21828
xz.xcore.inn__t4                         1.815
xz.xcore.outn__t54                         3.3
xz.xcore.vss__t564                 2.01307e-12
xz.xcore.outn__t22                         3.3
xz.xcore.inn__t6                         1.815
xz.xcore.tail__t66                     1.21828
xz.xcore.vss__t565                 2.02683e-12
xz.xcore.tail__t7                      1.21828
xz.xcore.inn__t7                         1.815
xz.xcore.outn__t56                         3.3
xz.xcore.vss__t566                 2.04059e-12
xz.xcore.outn__t23                         3.3
xz.xcore.inn__t8                         1.815
xz.xcore.tail__t67                     1.21828
xz.xcore.vss__t567                 2.05435e-12
xz.xcore.tail__t8                      1.21828
xz.xcore.inn__t9                         1.815
xz.xcore.outn__t57                         3.3
xz.xcore.vss__t568                 2.06812e-12
xz.xcore.outn__t29                         3.3
xz.xcore.inn__t20                        1.815
xz.xcore.tail__t73                     1.21828
xz.xcore.vss__t569                 2.08188e-12
xz.xcore.tail__t9                      1.21828
xz.xcore.inn__t10                        1.815
xz.xcore.outn__t58                         3.3
xz.xcore.vss__t570                 2.09564e-12
xz.xcore.outn__t36                         3.3
xz.xcore.inn__t35                        1.815
xz.xcore.tail__t83                     1.21828
xz.xcore.vss__t571                  2.1094e-12
xz.xcore.tail__t24                     1.21828
xz.xcore.inn__t34                        1.815
xz.xcore.outn__t70                         3.3
xz.xcore.vss__t572                 2.12316e-12
xz.xcore.outn__t35                         3.3
xz.xcore.inn__t33                        1.815
xz.xcore.tail__t82                     1.21828
xz.xcore.vss__t573                 2.13693e-12
xz.xcore.tail__t23                     1.21828
xz.xcore.inn__t32                        1.815
xz.xcore.outn__t69                         3.3
xz.xcore.vss__t574                 2.15069e-12
xz.xcore.outn__t34                         3.3
xz.xcore.inn__t31                        1.815
xz.xcore.tail__t81                     1.21828
xz.xcore.vss__t575                 2.16445e-12
xz.xcore.tail__t22                     1.21828
xz.xcore.inn__t30                        1.815
xz.xcore.outn__t68                         3.3
xz.xcore.vss__t576                 2.17821e-12
xz.xcore.outn__t33                         3.3
xz.xcore.inn__t29                        1.815
xz.xcore.tail__t80                     1.21828
xz.xcore.vss__t577                 2.19198e-12
xz.xcore.tail__t21                     1.21828
xz.xcore.inn__t28                        1.815
xz.xcore.outn__t67                         3.3
xz.xcore.vss__t578                 2.20574e-12
xz.xcore.outn__t32                         3.3
xz.xcore.inn__t27                        1.815
xz.xcore.tail__t79                     1.21828
xz.xcore.vss__t579                  2.2195e-12
xz.xcore.tail__t20                     1.21828
xz.xcore.inn__t26                        1.815
xz.xcore.outn__t66                         3.3
xz.xcore.vss__t580                 2.23327e-12
xz.xcore.outn__t37                         3.3
xz.xcore.inn__t36                        1.815
xz.xcore.tail__t84                     1.21828
xz.xcore.vss__t581                 2.24703e-12
xz.xcore.tail__t18                     1.21828
xz.xcore.inn__t25                        1.815
xz.xcore.outn__t65                         3.3
xz.xcore.vss__t582                 2.26079e-12
xz.xcore.outn__t31                         3.3
xz.xcore.inn__t24                        1.815
xz.xcore.tail__t78                     1.21828
xz.xcore.vss__t583                 2.27456e-12
xz.xcore.tail__t17                     1.21828
xz.xcore.inn__t23                        1.815
xz.xcore.outn__t64                         3.3
xz.xcore.vss__t584                 2.28832e-12
xz.xcore.outn__t30                         3.3
xz.xcore.inn__t22                        1.815
xz.xcore.tail__t77                     1.21828
xz.xcore.vss__t585                 2.30208e-12
xz.xcore.tail__t2                      1.21828
xz.xcore.inn__t0                         1.815
xz.xcore.outn__t20                         3.3
xz.xcore.vss__t587                 2.31585e-12
xz.xcore.vss__t210                   2.608e-12
xz.xcore.outp__t16                     2.80086
xz.xcore.vss__t211                 2.57734e-12
xz.xcore.outp__t17                     2.80086
xz.xcore.vss__t212                 2.54671e-12
xz.xcore.outp__t18                     2.80086
xz.xcore.vss__t213                 2.51611e-12
xz.xcore.outp__t19                     2.80086
xz.xcore.vss__t214                 2.48553e-12
xz.xcore.outp__t0                      2.80086
xz.xcore.vss__t215                 2.45498e-12
xz.xcore.outp__t1                      2.80086
xz.xcore.vss__t216                 2.42446e-12
xz.xcore.outp__t2                      2.80086
xz.xcore.vss__t217                 2.39397e-12
xz.xcore.outp__t3                      2.80086
xz.xcore.vss__t218                 2.36351e-12
xz.xcore.outp__t4                      2.80086
xz.xcore.vss__t219                 2.33308e-12
xz.xcore.outp__t15                     2.80086
xz.xcore.vss__t220                 2.30269e-12
xz.xcore.outp__t6                      2.80086
xz.xcore.vss__t221                 2.27233e-12
xz.xcore.outp__t7                      2.80086
xz.xcore.vss__t222                   2.242e-12
xz.xcore.outp__t8                      2.80086
xz.xcore.vss__t223                 2.21171e-12
xz.xcore.outp__t9                      2.80086
xz.xcore.vss__t224                 2.18147e-12
xz.xcore.outp__t10                     2.80086
xz.xcore.vss__t225                 2.15126e-12
xz.xcore.outp__t11                     2.80086
xz.xcore.vss__t226                  2.1211e-12
xz.xcore.outp__t12                     2.80086
xz.xcore.vss__t227                 2.09098e-12
xz.xcore.outp__t13                     2.80086
xz.xcore.vss__t228                  2.0609e-12
xz.xcore.outp__t14                     2.80086
xz.xcore.vss__t229                 2.03088e-12
xz.xcore.outp__t5                      2.80086
xz.xcore.vss__t230                 2.18457e-12
xz.xcore.outn__t0                          3.3
xz.xcore.vss__t231                 2.21955e-12
xz.xcore.outn__t5                          3.3
xz.xcore.vss__t232                  2.2546e-12
xz.xcore.outn__t6                          3.3
xz.xcore.vss__t233                 2.28973e-12
xz.xcore.outn__t7                          3.3
xz.xcore.vss__t234                 2.32492e-12
xz.xcore.outn__t8                          3.3
xz.xcore.vss__t235                 2.36018e-12
xz.xcore.outn__t9                          3.3
xz.xcore.vss__t236                 2.39551e-12
xz.xcore.outn__t10                         3.3
xz.xcore.vss__t237                 2.43089e-12
xz.xcore.outn__t11                         3.3
xz.xcore.vss__t238                 2.46632e-12
xz.xcore.outn__t12                         3.3
xz.xcore.vss__t239                 2.50182e-12
xz.xcore.outn__t13                         3.3
xz.xcore.vss__t240                 2.53736e-12
xz.xcore.outn__t14                         3.3
xz.xcore.vss__t241                 2.57295e-12
xz.xcore.outn__t15                         3.3
xz.xcore.vss__t242                 2.60859e-12
xz.xcore.outn__t16                         3.3
xz.xcore.vss__t243                 2.64428e-12
xz.xcore.outn__t17                         3.3
xz.xcore.vss__t244                 2.68001e-12
xz.xcore.outn__t19                         3.3
xz.xcore.vss__t245                 2.71579e-12
xz.xcore.outn__t18                         3.3
xz.xcore.vss__t246                  2.7516e-12
xz.xcore.outn__t1                          3.3
xz.xcore.vss__t247                 2.78746e-12
xz.xcore.outn__t2                          3.3
xz.xcore.vss__t248                 2.82335e-12
xz.xcore.outn__t3                          3.3
xz.xcore.vss__t249                 2.85928e-12
xz.xcore.outn__t4                          3.3
ib_z                                   1.26323
xz.xcore.vsubs                               0
outn_z                                     3.3
outp_z                                 2.80086
xz.tail                                1.21828
vss_z                                        0
xza.xcore.tail__t186                    1.2098
xza.xcore.ibias__t118                  1.26323
xza.xcore.vss__t163                5.28688e-06
xza.xcore.vss__t349                1.29736e-13
xza.xcore.vss__t60                 5.09233e-06
xza.xcore.ibias__t117                  1.26323
xza.xcore.tail__t286                    1.2098
xza.xcore.vss__t350                1.24962e-13
xza.xcore.tail__t197                    1.2098
xza.xcore.ibias__t140                  1.26323
xza.xcore.vss__t174                4.89819e-06
xza.xcore.vss__t351                1.20198e-13
xza.xcore.vss__t68                  4.7045e-06
xza.xcore.ibias__t133                  1.26323
xza.xcore.tail__t294                    1.2098
xza.xcore.vss__t352                1.15445e-13
xza.xcore.tail__t193                    1.2098
xza.xcore.ibias__t132                  1.26323
xza.xcore.vss__t170                4.51133e-06
xza.xcore.vss__t353                1.10704e-13
xza.xcore.vss__t67                 4.31874e-06
xza.xcore.ibias__t131                  1.26323
xza.xcore.tail__t293                    1.2098
xza.xcore.vss__t354                1.05978e-13
xza.xcore.tail__t192                    1.2098
xza.xcore.ibias__t130                  1.26323
xza.xcore.vss__t169                4.12681e-06
xza.xcore.vss__t355                1.01269e-13
xza.xcore.vss__t74                 3.93565e-06
xza.xcore.ibias__t145                  1.26323
xza.xcore.tail__t300                    1.2098
xza.xcore.vss__t356                9.65775e-14
xza.xcore.tail__t191                    1.2098
xza.xcore.ibias__t128                  1.26323
xza.xcore.vss__t168                3.74537e-06
xza.xcore.vss__t357                9.19081e-14
xza.xcore.vss__t65                 3.55611e-06
xza.xcore.ibias__t127                  1.26323
xza.xcore.tail__t291                    1.2098
xza.xcore.vss__t358                8.72638e-14
xza.xcore.tail__t190                    1.2098
xza.xcore.ibias__t126                  1.26323
xza.xcore.vss__t167                3.36805e-06
xza.xcore.vss__t359                8.26487e-14
xza.xcore.vss__t64                 3.18139e-06
xza.xcore.ibias__t125                  1.26323
xza.xcore.tail__t290                    1.2098
xza.xcore.vss__t360                7.80682e-14
xza.xcore.tail__t189                   1.20981
xza.xcore.ibias__t124                  1.26323
xza.xcore.vss__t166                2.99639e-06
xza.xcore.vss__t361                7.35286e-14
xza.xcore.vss__t63                  2.8134e-06
xza.xcore.ibias__t123                  1.26323
xza.xcore.tail__t289                   1.20981
xza.xcore.vss__t362                 6.9038e-14
xza.xcore.tail__t188                   1.20981
xza.xcore.ibias__t122                  1.26323
xza.xcore.vss__t165                2.63281e-06
xza.xcore.vss__t363                6.46066e-14
xza.xcore.vss__t62                 2.45518e-06
xza.xcore.ibias__t121                  1.26323
xza.xcore.tail__t288                   1.20981
xza.xcore.vss__t364                6.02475e-14
xza.xcore.tail__t187                   1.20981
xza.xcore.ibias__t120                  1.26323
xza.xcore.vss__t164                2.28118e-06
xza.xcore.vss__t365                5.59777e-14
xza.xcore.vss__t26                 2.11171e-06
xza.xcore.ibias__t0                    1.26323
xza.xcore.tail__t252                   1.20981
xza.xcore.vss__t366                5.18191e-14
xza.xcore.tail__t175                   1.20981
xza.xcore.ibias__t97                   1.26323
xza.xcore.vss__t152                1.94796e-06
xza.xcore.vss__t367                4.78008e-14
xza.xcore.vss__t42                 1.79149e-06
xza.xcore.ibias__t78                   1.26323
xza.xcore.tail__t268                   1.20981
xza.xcore.vss__t368                4.39613e-14
xza.xcore.tail__t164                   1.20981
xza.xcore.ibias__t77                   1.26323
xza.xcore.vss__t141                 1.6444e-06
xza.xcore.vss__t369                4.03517e-14
xza.xcore.vss__t37                 1.50941e-06
xza.xcore.ibias__t70                   1.26323
xza.xcore.tail__t263                   1.20981
xza.xcore.vss__t370                3.70392e-14
xza.xcore.tail__t167                   1.20981
xza.xcore.ibias__t82                   1.26323
xza.xcore.vss__t144                1.39006e-06
xza.xcore.vss__t371                3.41105e-14
xza.xcore.vss__t39                  1.2907e-06
xza.xcore.ibias__t72                   1.26323
xza.xcore.tail__t265                   1.20981
xza.xcore.vss__t372                3.16724e-14
xza.xcore.tail__t162                   1.20981
xza.xcore.ibias__t73                   1.26323
xza.xcore.vss__t139                1.21624e-06
xza.xcore.vss__t373                2.98451e-14
xza.xcore.vss__t40                 1.17143e-06
xza.xcore.ibias__t74                   1.26323
xza.xcore.tail__t266                   1.20981
xza.xcore.vss__t374                2.87455e-14
xza.xcore.tail__t163                   1.20981
xza.xcore.ibias__t75                   1.26323
xza.xcore.vss__t140                1.15971e-06
xza.xcore.vss__t375                 2.8458e-14
xza.xcore.vss__t41                 1.18208e-06
xza.xcore.ibias__t76                   1.26323
xza.xcore.tail__t267                   1.20981
xza.xcore.vss__t376                2.90068e-14
xza.xcore.tail__t129                   1.20981
xza.xcore.ibias__t9                    1.26323
xza.xcore.vss__t107                1.23667e-06
xza.xcore.vss__t377                3.03466e-14
xza.xcore.vss__t6                  1.31951e-06
xza.xcore.ibias__t8                    1.26323
xza.xcore.tail__t232                   1.20981
xza.xcore.vss__t378                3.23793e-14
xza.xcore.tail__t128                   1.20981
xza.xcore.ibias__t7                    1.26323
xza.xcore.vss__t106                1.42567e-06
xza.xcore.vss__t379                3.49844e-14
xza.xcore.vss__t5                  1.55037e-06
xza.xcore.ibias__t6                    1.26323
xza.xcore.tail__t231                   1.20981
xza.xcore.vss__t380                3.80444e-14
xza.xcore.tail__t141                   1.20981
xza.xcore.ibias__t31                   1.26323
xza.xcore.vss__t119                1.68951e-06
xza.xcore.vss__t381                4.14588e-14
xza.xcore.vss__t4                  1.83981e-06
xza.xcore.ibias__t5                    1.26323
xza.xcore.tail__t230                   1.20981
xza.xcore.vss__t382                4.51472e-14
xza.xcore.tail__t158                   1.20981
xza.xcore.ibias__t62                   1.26323
xza.xcore.vss__t135                1.99876e-06
xza.xcore.vss__t383                4.90478e-14
xza.xcore.vss__t33                 2.16446e-06
xza.xcore.ibias__t63                   1.26323
xza.xcore.tail__t259                   1.20981
xza.xcore.vss__t384                5.31139e-14
xza.xcore.tail__t159                   1.20981
xza.xcore.ibias__t64                   1.26323
xza.xcore.vss__t136                2.33547e-06
xza.xcore.vss__t385                5.73104e-14
xza.xcore.vss__t34                  2.5107e-06
xza.xcore.ibias__t65                   1.26323
xza.xcore.tail__t260                   1.20981
xza.xcore.vss__t386                6.16105e-14
xza.xcore.tail__t160                   1.20981
xza.xcore.ibias__t66                   1.26323
xza.xcore.vss__t137                2.68933e-06
xza.xcore.vss__t387                 6.5994e-14
xza.xcore.vss__t35                 2.87072e-06
xza.xcore.ibias__t67                   1.26323
xza.xcore.tail__t261                   1.20981
xza.xcore.vss__t388                7.04453e-14
xza.xcore.tail__t161                   1.20981
xza.xcore.ibias__t68                   1.26323
xza.xcore.vss__t138                3.05439e-06
xza.xcore.vss__t389                7.49524e-14
xza.xcore.vss__t36                 3.23993e-06
xza.xcore.ibias__t69                   1.26323
xza.xcore.tail__t262                   1.20981
xza.xcore.vss__t390                7.95058e-14
xza.xcore.tail__t130                   1.20981
xza.xcore.ibias__t10                   1.26323
xza.xcore.vss__t108                3.42706e-06
xza.xcore.vss__t391                 8.4098e-14
xza.xcore.vss__t13                 3.61553e-06
xza.xcore.ibias__t23                   1.26323
xza.xcore.tail__t239                   1.20982
xza.xcore.vss__t392                8.87229e-14
xza.xcore.tail__t137                   1.20982
xza.xcore.ibias__t24                   1.26323
xza.xcore.vss__t115                3.80512e-06
xza.xcore.vss__t393                9.33756e-14
xza.xcore.vss__t14                  3.9957e-06
xza.xcore.ibias__t25                   1.26323
xza.xcore.tail__t240                   1.20982
xza.xcore.vss__t394                9.80523e-14
xza.xcore.tail__t138                   1.20982
xza.xcore.ibias__t26                   1.26323
xza.xcore.vss__t116                4.18711e-06
xza.xcore.vss__t395                 1.0275e-13
xza.xcore.vss__t15                 4.37925e-06
xza.xcore.ibias__t27                   1.26323
xza.xcore.tail__t241                   1.20982
xza.xcore.vss__t396                1.07465e-13
xza.xcore.tail__t139                   1.20982
xza.xcore.ibias__t28                   1.26323
xza.xcore.vss__t117                4.57203e-06
xza.xcore.vss__t397                1.12196e-13
xza.xcore.vss__t16                 4.76537e-06
xza.xcore.ibias__t29                   1.26323
xza.xcore.tail__t242                   1.20982
xza.xcore.vss__t398                1.16941e-13
xza.xcore.tail__t140                   1.20982
xza.xcore.ibias__t30                   1.26323
xza.xcore.vss__t118                4.95921e-06
xza.xcore.vss__t399                1.21697e-13
xza.xcore.vss__t21                 5.15349e-06
xza.xcore.ibias__t41                   1.26323
xza.xcore.tail__t247                   1.20982
xza.xcore.vss__t400                1.26465e-13
xza.xcore.tail__t142                   1.20982
xza.xcore.ibias__t32                   1.26323
xza.xcore.vss__t120                5.34815e-06
xza.xcore.vss__t401                1.31242e-13
xza.xcore.vss__t17                 5.54317e-06
xza.xcore.ibias__t33                   1.26323
xza.xcore.tail__t243                   1.20982
xza.xcore.vss__t402                1.36028e-13
xza.xcore.tail__t143                   1.20982
xza.xcore.ibias__t34                   1.26323
xza.xcore.vss__t121                 5.7385e-06
xza.xcore.vss__t403                1.40822e-13
xza.xcore.vss__t18                 5.93412e-06
xza.xcore.ibias__t35                   1.26323
xza.xcore.tail__t244                   1.20982
xza.xcore.vss__t404                1.45622e-13
xza.xcore.tail__t144                   1.20982
xza.xcore.ibias__t36                   1.26323
xza.xcore.vss__t122                6.12999e-06
xza.xcore.vss__t405                1.50429e-13
xza.xcore.vss__t19                 6.32609e-06
xza.xcore.ibias__t37                   1.26323
xza.xcore.tail__t245                   1.20982
xza.xcore.vss__t406                1.55241e-13
xza.xcore.tail__t145                   1.20982
xza.xcore.ibias__t38                   1.26323
xza.xcore.vss__t123                6.52241e-06
xza.xcore.vss__t407                1.60059e-13
xza.xcore.vss__t20                 6.71891e-06
xza.xcore.ibias__t39                   1.26323
xza.xcore.tail__t246                   1.20981
xza.xcore.vss__t408                1.64881e-13
xza.xcore.tail__t146                   1.20981
xza.xcore.ibias__t40                   1.26323
xza.xcore.vss__t124                 6.9156e-06
xza.xcore.vss__t409                1.69708e-13
xza.xcore.vss__t8                  7.11244e-06
xza.xcore.ibias__t12                   1.26323
xza.xcore.tail__t234                   1.20981
xza.xcore.vss__t410                1.74539e-13
xza.xcore.tail__t135                   1.20981
xza.xcore.ibias__t21                   1.26323
xza.xcore.vss__t113                7.30943e-06
xza.xcore.vss__t411                1.79373e-13
xza.xcore.vss__t9                  7.50656e-06
xza.xcore.ibias__t13                   1.26323
xza.xcore.tail__t235                   1.20981
xza.xcore.vss__t412                1.84211e-13
xza.xcore.tail__t131                   1.20981
xza.xcore.ibias__t14                   1.26323
xza.xcore.vss__t109                7.70382e-06
xza.xcore.vss__t413                1.89052e-13
xza.xcore.vss__t10                 7.90119e-06
xza.xcore.ibias__t15                   1.26323
xza.xcore.tail__t236                   1.20981
xza.xcore.vss__t414                1.93896e-13
xza.xcore.tail__t134                   1.20981
xza.xcore.ibias__t20                   1.26323
xza.xcore.vss__t112                8.09867e-06
xza.xcore.vss__t415                1.98742e-13
xza.xcore.vss__t12                 8.29625e-06
xza.xcore.ibias__t19                   1.26323
xza.xcore.tail__t238                   1.20981
xza.xcore.vss__t416                2.03591e-13
xza.xcore.tail__t133                   1.20981
xza.xcore.ibias__t18                   1.26323
xza.xcore.vss__t111                8.49393e-06
xza.xcore.vss__t417                2.08442e-13
xza.xcore.vss__t11                 8.69169e-06
xza.xcore.ibias__t17                   1.26323
xza.xcore.tail__t237                   1.20981
xza.xcore.vss__t418                2.13295e-13
xza.xcore.tail__t132                   1.20981
xza.xcore.ibias__t16                   1.26323
xza.xcore.vss__t110                8.88953e-06
xza.xcore.vss__t419                2.18151e-13
xza.xcore.vss__t7                  9.08745e-06
xza.xcore.ibias__t11                   1.26323
xza.xcore.tail__t233                   1.20981
xza.xcore.vss__t420                2.23008e-13
xza.xcore.tail__t136                   1.20981
xza.xcore.ibias__t22                   1.26323
xza.xcore.vss__t114                9.28544e-06
xza.xcore.vss__t421                2.27867e-13
xza.xcore.vss__t23                 9.48349e-06
xza.xcore.ibias__t45                   1.26323
xza.xcore.tail__t249                   1.20981
xza.xcore.vss__t422                2.32727e-13
xza.xcore.tail__t150                   1.20981
xza.xcore.ibias__t46                   1.26323
xza.xcore.vss__t127                9.68161e-06
xza.xcore.vss__t423                2.37589e-13
xza.xcore.vss__t24                 9.87979e-06
xza.xcore.ibias__t47                   1.26323
xza.xcore.tail__t250                   1.20981
xza.xcore.vss__t424                2.42453e-13
xza.xcore.tail__t151                   1.20981
xza.xcore.ibias__t48                   1.26323
xza.xcore.vss__t128                 1.0078e-05
xza.xcore.vss__t425                2.47318e-13
xza.xcore.vss__t25                 1.02763e-05
xza.xcore.ibias__t49                   1.26323
xza.xcore.tail__t251                   1.20981
xza.xcore.vss__t426                2.52184e-13
xza.xcore.tail__t152                   1.20981
xza.xcore.ibias__t50                   1.26323
xza.xcore.vss__t129                1.04746e-05
xza.xcore.vss__t427                2.57051e-13
xza.xcore.vss__t32                  1.0673e-05
xza.xcore.ibias__t61                   1.26323
xza.xcore.tail__t258                   1.20981
xza.xcore.vss__t428                 2.6192e-13
xza.xcore.tail__t153                   1.20981
xza.xcore.ibias__t51                   1.26323
xza.xcore.vss__t130                1.08714e-05
xza.xcore.vss__t429                2.66789e-13
xza.xcore.vss__t27                 1.10699e-05
xza.xcore.ibias__t52                   1.26323
xza.xcore.tail__t253                   1.20981
xza.xcore.vss__t430                 2.7166e-13
xza.xcore.tail__t154                   1.20981
xza.xcore.ibias__t53                   1.26323
xza.xcore.vss__t131                1.12684e-05
xza.xcore.vss__t431                2.76532e-13
xza.xcore.vss__t28                 1.14669e-05
xza.xcore.ibias__t54                   1.26323
xza.xcore.tail__t254                   1.20981
xza.xcore.vss__t432                2.81404e-13
xza.xcore.tail__t155                   1.20981
xza.xcore.ibias__t55                   1.26323
xza.xcore.vss__t132                1.16655e-05
xza.xcore.vss__t433                2.86277e-13
xza.xcore.vss__t29                 1.18641e-05
xza.xcore.ibias__t56                   1.26323
xza.xcore.tail__t255                   1.20981
xza.xcore.vss__t434                2.91152e-13
xza.xcore.tail__t156                   1.20981
xza.xcore.ibias__t57                   1.26323
xza.xcore.vss__t133                1.20628e-05
xza.xcore.vss__t435                2.96027e-13
xza.xcore.vss__t30                 1.22614e-05
xza.xcore.ibias__t58                   1.26323
xza.xcore.tail__t256                   1.20981
xza.xcore.vss__t436                3.00902e-13
xza.xcore.tail__t157                   1.20981
xza.xcore.ibias__t59                   1.26323
xza.xcore.vss__t134                1.24601e-05
xza.xcore.vss__t437                3.05779e-13
xza.xcore.vss__t31                 1.26589e-05
xza.xcore.ibias__t60                   1.26323
xza.xcore.tail__t257                   1.20981
xza.xcore.vss__t438                3.10656e-13
xza.xcore.tail__t211                    1.2098
xza.xcore.ibias__t176                  1.26323
xza.xcore.vss__t193                1.28576e-05
xza.xcore.vss__t439                3.15534e-13
xza.xcore.vss__t88                 1.30564e-05
xza.xcore.ibias__t175                  1.26323
xza.xcore.tail__t311                    1.2098
xza.xcore.vss__t440                3.20412e-13
xza.xcore.tail__t165                    1.2098
xza.xcore.ibias__t79                   1.26323
xza.xcore.vss__t142                1.32552e-05
xza.xcore.vss__t441                3.25291e-13
xza.xcore.vss__t43                  1.3454e-05
xza.xcore.ibias__t80                   1.26323
xza.xcore.tail__t269                    1.2098
xza.xcore.vss__t442                3.30171e-13
xza.xcore.tail__t166                    1.2098
xza.xcore.ibias__t81                   1.26323
xza.xcore.vss__t143                1.36528e-05
xza.xcore.vss__t443                3.35051e-13
xza.xcore.vss__t38                 1.38517e-05
xza.xcore.ibias__t71                   1.26323
xza.xcore.tail__t264                    1.2098
xza.xcore.vss__t444                3.39931e-13
xza.xcore.tail__t147                    1.2098
xza.xcore.ibias__t42                   1.26323
xza.xcore.vss__t125                1.40506e-05
xza.xcore.vss__t445                3.44812e-13
xza.xcore.vss__t22                 1.42495e-05
xza.xcore.ibias__t43                   1.26323
xza.xcore.tail__t248                    1.2098
xza.xcore.vss__t446                3.49694e-13
xza.xcore.tail__t148                    1.2098
xza.xcore.ibias__t44                   1.26323
xza.xcore.vss__t126                1.44484e-05
xza.xcore.vss__t447                3.54576e-13
xza.xcore.vss__t0                  1.46473e-05
xza.xcore.ibias__t1                    1.26323
xza.xcore.tail__t149                    1.2098
xza.xcore.vss__t456                3.59458e-13
xza.xcore.tail__t229                   1.20977
xza.xcore.ibias__t2                    1.26323
xza.xcore.vss__t1                   2.5142e-05
xza.xcore.vss__t458                6.17026e-13
xza.xcore.vss__t189                2.49427e-05
xza.xcore.ibias__t170                  1.26323
xza.xcore.tail__t228                   1.20977
xza.xcore.vss__t250                6.12134e-13
xza.xcore.tail__t209                   1.20977
xza.xcore.ibias__t169                  1.26323
xza.xcore.vss__t188                2.47433e-05
xza.xcore.vss__t251                6.07241e-13
xza.xcore.vss__t86                  2.4544e-05
xza.xcore.ibias__t168                  1.26323
xza.xcore.tail__t309                   1.20977
xza.xcore.vss__t252                6.02349e-13
xza.xcore.tail__t208                   1.20977
xza.xcore.ibias__t167                  1.26323
xza.xcore.vss__t187                2.43447e-05
xza.xcore.vss__t253                5.97456e-13
xza.xcore.vss__t85                 2.41454e-05
xza.xcore.ibias__t166                  1.26323
xza.xcore.tail__t308                   1.20977
xza.xcore.vss__t254                5.92564e-13
xza.xcore.tail__t207                   1.20977
xza.xcore.ibias__t165                  1.26323
xza.xcore.vss__t186                 2.3946e-05
xza.xcore.vss__t255                5.87672e-13
xza.xcore.vss__t84                 2.37467e-05
xza.xcore.ibias__t164                  1.26323
xza.xcore.tail__t307                   1.20977
xza.xcore.vss__t256                 5.8278e-13
xza.xcore.tail__t210                   1.20977
xza.xcore.ibias__t173                  1.26323
xza.xcore.vss__t191                2.35474e-05
xza.xcore.vss__t257                5.77888e-13
xza.xcore.vss__t87                 2.33481e-05
xza.xcore.ibias__t172                  1.26323
xza.xcore.tail__t310                   1.20977
xza.xcore.vss__t258                5.72996e-13
xza.xcore.tail__t219                   1.20977
xza.xcore.ibias__t195                  1.26323
xza.xcore.vss__t201                2.31488e-05
xza.xcore.vss__t259                5.68105e-13
xza.xcore.vss__t99                 2.29495e-05
xza.xcore.ibias__t194                  1.26323
xza.xcore.tail__t321                   1.20977
xza.xcore.vss__t260                5.63213e-13
xza.xcore.tail__t227                   1.20977
xza.xcore.ibias__t209                  1.26323
xza.xcore.vss__t209                2.27502e-05
xza.xcore.vss__t261                5.58321e-13
xza.xcore.vss__t97                 2.25509e-05
xza.xcore.ibias__t192                  1.26323
xza.xcore.tail__t319                   1.20977
xza.xcore.vss__t262                 5.5343e-13
xza.xcore.tail__t218                   1.20977
xza.xcore.ibias__t191                  1.26323
xza.xcore.vss__t200                2.23516e-05
xza.xcore.vss__t263                5.48539e-13
xza.xcore.vss__t96                 2.21523e-05
xza.xcore.ibias__t190                  1.26323
xza.xcore.tail__t318                   1.20977
xza.xcore.vss__t264                5.43648e-13
xza.xcore.tail__t217                   1.20977
xza.xcore.ibias__t189                  1.26323
xza.xcore.vss__t199                2.19531e-05
xza.xcore.vss__t265                5.38757e-13
xza.xcore.vss__t95                 2.17538e-05
xza.xcore.ibias__t188                  1.26323
xza.xcore.tail__t317                   1.20977
xza.xcore.vss__t266                5.33866e-13
xza.xcore.tail__t216                   1.20977
xza.xcore.ibias__t187                  1.26323
xza.xcore.vss__t198                2.15545e-05
xza.xcore.vss__t267                5.28975e-13
xza.xcore.vss__t94                 2.13553e-05
xza.xcore.ibias__t186                  1.26323
xza.xcore.tail__t316                   1.20977
xza.xcore.vss__t268                5.24084e-13
xza.xcore.tail__t215                   1.20978
xza.xcore.ibias__t185                  1.26323
xza.xcore.vss__t197                 2.1156e-05
xza.xcore.vss__t269                5.19194e-13
xza.xcore.vss__t93                 2.09568e-05
xza.xcore.ibias__t184                  1.26323
xza.xcore.tail__t315                   1.20978
xza.xcore.vss__t270                5.14303e-13
xza.xcore.tail__t214                   1.20978
xza.xcore.ibias__t183                  1.26323
xza.xcore.vss__t196                2.07575e-05
xza.xcore.vss__t271                5.09413e-13
xza.xcore.vss__t92                 2.05583e-05
xza.xcore.ibias__t182                  1.26323
xza.xcore.tail__t314                   1.20978
xza.xcore.vss__t272                5.04523e-13
xza.xcore.tail__t213                   1.20978
xza.xcore.ibias__t181                  1.26323
xza.xcore.vss__t195                 2.0359e-05
xza.xcore.vss__t273                4.99633e-13
xza.xcore.vss__t91                 2.01598e-05
xza.xcore.ibias__t180                  1.26323
xza.xcore.tail__t313                   1.20978
xza.xcore.vss__t274                4.94743e-13
xza.xcore.tail__t212                   1.20978
xza.xcore.ibias__t179                  1.26323
xza.xcore.vss__t194                1.99606e-05
xza.xcore.vss__t275                4.89853e-13
xza.xcore.vss__t90                 1.97613e-05
xza.xcore.ibias__t178                  1.26323
xza.xcore.tail__t312                   1.20978
xza.xcore.vss__t276                4.84964e-13
xza.xcore.tail__t206                   1.20978
xza.xcore.ibias__t161                  1.26323
xza.xcore.vss__t184                1.95621e-05
xza.xcore.vss__t277                4.80074e-13
xza.xcore.vss__t57                 1.93629e-05
xza.xcore.ibias__t112                  1.26323
xza.xcore.tail__t283                   1.20978
xza.xcore.vss__t278                4.75185e-13
xza.xcore.tail__t183                   1.20978
xza.xcore.ibias__t111                  1.26323
xza.xcore.vss__t160                1.91637e-05
xza.xcore.vss__t279                4.70296e-13
xza.xcore.vss__t56                 1.89645e-05
xza.xcore.ibias__t110                  1.26323
xza.xcore.tail__t282                   1.20978
xza.xcore.vss__t280                4.65407e-13
xza.xcore.tail__t182                   1.20978
xza.xcore.ibias__t109                  1.26323
xza.xcore.vss__t159                1.87654e-05
xza.xcore.vss__t281                4.60519e-13
xza.xcore.vss__t55                 1.85662e-05
xza.xcore.ibias__t108                  1.26323
xza.xcore.tail__t281                   1.20978
xza.xcore.vss__t282                 4.5563e-13
xza.xcore.tail__t181                   1.20978
xza.xcore.ibias__t107                  1.26323
xza.xcore.vss__t158                 1.8367e-05
xza.xcore.vss__t283                4.50742e-13
xza.xcore.vss__t54                 1.81679e-05
xza.xcore.ibias__t106                  1.26323
xza.xcore.tail__t280                   1.20978
xza.xcore.vss__t284                4.45854e-13
xza.xcore.tail__t180                   1.20978
xza.xcore.ibias__t105                  1.26323
xza.xcore.vss__t157                1.79687e-05
xza.xcore.vss__t285                4.40966e-13
xza.xcore.vss__t53                 1.77696e-05
xza.xcore.ibias__t104                  1.26323
xza.xcore.tail__t279                   1.20978
xza.xcore.vss__t286                4.36079e-13
xza.xcore.tail__t205                   1.20978
xza.xcore.ibias__t156                  1.26323
xza.xcore.vss__t182                1.75704e-05
xza.xcore.vss__t287                4.31192e-13
xza.xcore.vss__t79                 1.73713e-05
xza.xcore.ibias__t155                  1.26323
xza.xcore.tail__t305                   1.20978
xza.xcore.vss__t288                4.26304e-13
xza.xcore.tail__t204                   1.20978
xza.xcore.ibias__t154                  1.26323
xza.xcore.vss__t181                1.71722e-05
xza.xcore.vss__t289                4.21418e-13
xza.xcore.vss__t78                 1.69731e-05
xza.xcore.ibias__t153                  1.26323
xza.xcore.tail__t304                   1.20978
xza.xcore.vss__t290                4.16531e-13
xza.xcore.tail__t203                   1.20978
xza.xcore.ibias__t152                  1.26323
xza.xcore.vss__t180                 1.6774e-05
xza.xcore.vss__t291                4.11645e-13
xza.xcore.vss__t77                 1.65749e-05
xza.xcore.ibias__t151                  1.26323
xza.xcore.tail__t303                   1.20978
xza.xcore.vss__t292                4.06759e-13
xza.xcore.tail__t202                   1.20978
xza.xcore.ibias__t150                  1.26323
xza.xcore.vss__t179                1.63758e-05
xza.xcore.vss__t293                4.01873e-13
xza.xcore.vss__t76                 1.61768e-05
xza.xcore.ibias__t149                  1.26323
xza.xcore.tail__t302                   1.20978
xza.xcore.vss__t294                3.96987e-13
xza.xcore.tail__t201                   1.20978
xza.xcore.ibias__t148                  1.26323
xza.xcore.vss__t178                1.59777e-05
xza.xcore.vss__t295                3.92102e-13
xza.xcore.vss__t75                 1.57787e-05
xza.xcore.ibias__t147                  1.26323
xza.xcore.tail__t301                   1.20978
xza.xcore.vss__t296                3.87217e-13
xza.xcore.tail__t200                   1.20978
xza.xcore.ibias__t146                  1.26323
xza.xcore.vss__t177                1.55797e-05
xza.xcore.vss__t297                3.82333e-13
xza.xcore.vss__t98                 1.53806e-05
xza.xcore.ibias__t193                  1.26323
xza.xcore.tail__t320                   1.20978
xza.xcore.vss__t298                3.77449e-13
xza.xcore.tail__t226                   1.20979
xza.xcore.ibias__t208                  1.26323
xza.xcore.vss__t208                1.51817e-05
xza.xcore.vss__t299                3.72565e-13
xza.xcore.vss__t105                1.49827e-05
xza.xcore.ibias__t207                  1.26323
xza.xcore.tail__t327                   1.20979
xza.xcore.vss__t300                3.67682e-13
xza.xcore.tail__t225                   1.20979
xza.xcore.ibias__t206                  1.26323
xza.xcore.vss__t207                1.47837e-05
xza.xcore.vss__t301                3.62799e-13
xza.xcore.vss__t104                1.45848e-05
xza.xcore.ibias__t205                  1.26323
xza.xcore.tail__t326                   1.20979
xza.xcore.vss__t302                3.57916e-13
xza.xcore.tail__t224                   1.20979
xza.xcore.ibias__t204                  1.26323
xza.xcore.vss__t206                1.43858e-05
xza.xcore.vss__t303                3.53034e-13
xza.xcore.vss__t103                1.41869e-05
xza.xcore.ibias__t203                  1.26323
xza.xcore.tail__t325                   1.20979
xza.xcore.vss__t304                3.48152e-13
xza.xcore.tail__t223                   1.20979
xza.xcore.ibias__t202                  1.26323
xza.xcore.vss__t205                 1.3988e-05
xza.xcore.vss__t305                3.43271e-13
xza.xcore.vss__t102                1.37891e-05
xza.xcore.ibias__t201                  1.26323
xza.xcore.tail__t324                   1.20979
xza.xcore.vss__t306                 3.3839e-13
xza.xcore.tail__t222                   1.20979
xza.xcore.ibias__t200                  1.26323
xza.xcore.vss__t204                1.35903e-05
xza.xcore.vss__t307                3.33509e-13
xza.xcore.vss__t101                1.33914e-05
xza.xcore.ibias__t199                  1.26323
xza.xcore.tail__t323                   1.20979
xza.xcore.vss__t308                 3.2863e-13
xza.xcore.tail__t221                   1.20979
xza.xcore.ibias__t198                  1.26323
xza.xcore.vss__t203                1.31926e-05
xza.xcore.vss__t309                 3.2375e-13
xza.xcore.vss__t100                1.29938e-05
xza.xcore.ibias__t197                  1.26323
xza.xcore.tail__t322                   1.20979
xza.xcore.vss__t310                3.18872e-13
xza.xcore.tail__t220                   1.20979
xza.xcore.ibias__t196                  1.26323
xza.xcore.vss__t202                1.27951e-05
xza.xcore.vss__t311                3.13994e-13
xza.xcore.vss__t80                 1.25963e-05
xza.xcore.ibias__t157                  1.26323
xza.xcore.tail__t306                   1.20979
xza.xcore.vss__t312                3.09116e-13
xza.xcore.tail__t185                   1.20979
xza.xcore.ibias__t116                  1.26323
xza.xcore.vss__t162                1.23976e-05
xza.xcore.vss__t313                3.04239e-13
xza.xcore.vss__t59                 1.21989e-05
xza.xcore.ibias__t115                  1.26323
xza.xcore.tail__t285                   1.20979
xza.xcore.vss__t314                2.99363e-13
xza.xcore.tail__t184                   1.20979
xza.xcore.ibias__t114                  1.26323
xza.xcore.vss__t161                1.20003e-05
xza.xcore.vss__t315                2.94488e-13
xza.xcore.vss__t71                 1.18016e-05
xza.xcore.ibias__t139                  1.26323
xza.xcore.tail__t297                   1.20979
xza.xcore.vss__t316                2.89613e-13
xza.xcore.tail__t196                   1.20979
xza.xcore.ibias__t138                  1.26323
xza.xcore.vss__t173                 1.1603e-05
xza.xcore.vss__t317                2.84739e-13
xza.xcore.vss__t70                 1.14045e-05
xza.xcore.ibias__t137                  1.26323
xza.xcore.tail__t296                   1.20979
xza.xcore.vss__t318                2.79866e-13
xza.xcore.tail__t195                   1.20979
xza.xcore.ibias__t136                  1.26323
xza.xcore.vss__t172                1.12059e-05
xza.xcore.vss__t319                2.74994e-13
xza.xcore.vss__t69                 1.10075e-05
xza.xcore.ibias__t135                  1.26323
xza.xcore.tail__t295                   1.20979
xza.xcore.vss__t320                2.70123e-13
xza.xcore.tail__t194                   1.20979
xza.xcore.ibias__t134                  1.26323
xza.xcore.vss__t171                 1.0809e-05
xza.xcore.vss__t321                2.65253e-13
xza.xcore.vss__t61                 1.06106e-05
xza.xcore.ibias__t119                  1.26323
xza.xcore.tail__t287                   1.20979
xza.xcore.vss__t322                2.60383e-13
xza.xcore.tail__t179                   1.20979
xza.xcore.ibias__t103                  1.26323
xza.xcore.vss__t156                1.04122e-05
xza.xcore.vss__t323                2.55515e-13
xza.xcore.vss__t48                 1.02139e-05
xza.xcore.ibias__t92                   1.26323
xza.xcore.tail__t274                   1.20979
xza.xcore.vss__t324                2.50648e-13
xza.xcore.tail__t178                   1.20979
xza.xcore.ibias__t102                  1.26323
xza.xcore.vss__t155                1.00157e-05
xza.xcore.vss__t325                2.45783e-13
xza.xcore.vss__t52                 9.81744e-06
xza.xcore.ibias__t101                  1.26323
xza.xcore.tail__t278                   1.20979
xza.xcore.vss__t326                2.40918e-13
xza.xcore.tail__t177                   1.20979
xza.xcore.ibias__t100                  1.26323
xza.xcore.vss__t154                9.61928e-06
xza.xcore.vss__t327                2.36055e-13
xza.xcore.vss__t51                 9.42118e-06
xza.xcore.ibias__t99                   1.26323
xza.xcore.tail__t277                   1.20979
xza.xcore.vss__t328                2.31194e-13
xza.xcore.tail__t176                   1.20979
xza.xcore.ibias__t98                   1.26323
xza.xcore.vss__t153                9.22315e-06
xza.xcore.vss__t329                2.26334e-13
xza.xcore.vss__t58                 9.02518e-06
xza.xcore.ibias__t113                  1.26323
xza.xcore.tail__t284                    1.2098
xza.xcore.vss__t330                2.21476e-13
xza.xcore.tail__t174                    1.2098
xza.xcore.ibias__t96                   1.26323
xza.xcore.vss__t151                8.82728e-06
xza.xcore.vss__t331                2.16619e-13
xza.xcore.vss__t50                 8.62947e-06
xza.xcore.ibias__t95                   1.26323
xza.xcore.tail__t276                    1.2098
xza.xcore.vss__t332                2.11765e-13
xza.xcore.tail__t173                    1.2098
xza.xcore.ibias__t94                   1.26323
xza.xcore.vss__t150                8.43173e-06
xza.xcore.vss__t333                2.06912e-13
xza.xcore.vss__t49                 8.23409e-06
xza.xcore.ibias__t93                   1.26323
xza.xcore.tail__t275                    1.2098
xza.xcore.vss__t334                2.02062e-13
xza.xcore.tail__t172                    1.2098
xza.xcore.ibias__t91                   1.26323
xza.xcore.vss__t149                8.03654e-06
xza.xcore.vss__t335                1.97214e-13
xza.xcore.vss__t47                 7.83909e-06
xza.xcore.ibias__t90                   1.26323
xza.xcore.tail__t273                    1.2098
xza.xcore.vss__t336                1.92368e-13
xza.xcore.tail__t171                    1.2098
xza.xcore.ibias__t89                   1.26323
xza.xcore.vss__t148                7.64175e-06
xza.xcore.vss__t337                1.87525e-13
xza.xcore.vss__t46                 7.44454e-06
xza.xcore.ibias__t88                   1.26323
xza.xcore.tail__t272                    1.2098
xza.xcore.vss__t338                1.82686e-13
xza.xcore.tail__t170                    1.2098
xza.xcore.ibias__t87                   1.26323
xza.xcore.vss__t147                7.24745e-06
xza.xcore.vss__t339                1.77849e-13
xza.xcore.vss__t45                  7.0505e-06
xza.xcore.ibias__t86                   1.26323
xza.xcore.tail__t271                    1.2098
xza.xcore.vss__t340                1.73016e-13
xza.xcore.tail__t169                    1.2098
xza.xcore.ibias__t85                   1.26323
xza.xcore.vss__t146                6.85371e-06
xza.xcore.vss__t341                1.68186e-13
xza.xcore.vss__t44                 6.65708e-06
xza.xcore.ibias__t84                   1.26323
xza.xcore.tail__t270                    1.2098
xza.xcore.vss__t342                1.63361e-13
xza.xcore.tail__t168                    1.2098
xza.xcore.ibias__t83                   1.26323
xza.xcore.vss__t145                6.46063e-06
xza.xcore.vss__t343                 1.5854e-13
xza.xcore.vss__t66                 6.26438e-06
xza.xcore.ibias__t129                  1.26323
xza.xcore.tail__t292                    1.2098
xza.xcore.vss__t344                1.53724e-13
xza.xcore.tail__t199                    1.2098
xza.xcore.ibias__t144                  1.26323
xza.xcore.vss__t176                6.06835e-06
xza.xcore.vss__t345                1.48914e-13
xza.xcore.vss__t73                 5.87255e-06
xza.xcore.ibias__t143                  1.26323
xza.xcore.tail__t299                    1.2098
xza.xcore.vss__t346                1.44109e-13
xza.xcore.tail__t198                    1.2098
xza.xcore.ibias__t142                  1.26323
xza.xcore.vss__t175                5.67703e-06
xza.xcore.vss__t347                1.39311e-13
xza.xcore.vss__t72                 5.48179e-06
xza.xcore.ibias__t141                  1.26323
xza.xcore.tail__t298                    1.2098
xza.xcore.vss__t348                1.34519e-13
xza.xcore.outp__t53                    2.59989
xza.xcore.inp__t1                        2.805
xza.xcore.tail__t0                     1.20987
xza.xcore.vss__t460                1.42288e-12
xza.xcore.tail__t119                   1.20988
xza.xcore.inp__t53                       2.805
xza.xcore.outp__t52                    2.59989
xza.xcore.vss__t462                1.43635e-12
xza.xcore.outp__t46                    2.59989
xza.xcore.inp__t52                       2.805
xza.xcore.tail__t118                   1.20988
xza.xcore.vss__t463                1.44981e-12
xza.xcore.tail__t58                    1.20988
xza.xcore.inp__t61                       2.805
xza.xcore.outp__t82                    2.59989
xza.xcore.vss__t464                1.46328e-12
xza.xcore.outp__t30                    2.59989
xza.xcore.inp__t24                       2.805
xza.xcore.tail__t98                    1.20988
xza.xcore.vss__t465                1.47675e-12
xza.xcore.tail__t38                    1.20988
xza.xcore.inp__t23                       2.805
xza.xcore.outp__t64                    2.59988
xza.xcore.vss__t466                1.49021e-12
xza.xcore.outp__t29                    2.59988
xza.xcore.inp__t22                       2.805
xza.xcore.tail__t97                    1.20988
xza.xcore.vss__t467                1.50368e-12
xza.xcore.tail__t37                    1.20988
xza.xcore.inp__t21                       2.805
xza.xcore.outp__t63                    2.59988
xza.xcore.vss__t468                1.51715e-12
xza.xcore.outp__t28                    2.59988
xza.xcore.inp__t20                       2.805
xza.xcore.tail__t96                    1.20988
xza.xcore.vss__t469                1.53061e-12
xza.xcore.tail__t36                    1.20988
xza.xcore.inp__t19                       2.805
xza.xcore.outp__t62                    2.59988
xza.xcore.vss__t470                1.54408e-12
xza.xcore.outp__t27                    2.59988
xza.xcore.inp__t18                       2.805
xza.xcore.tail__t95                    1.20988
xza.xcore.vss__t471                1.55755e-12
xza.xcore.tail__t35                    1.20988
xza.xcore.inp__t17                       2.805
xza.xcore.outp__t61                    2.59987
xza.xcore.vss__t472                1.57102e-12
xza.xcore.outp__t26                    2.59987
xza.xcore.inp__t16                       2.805
xza.xcore.tail__t94                    1.20988
xza.xcore.vss__t473                1.58449e-12
xza.xcore.tail__t33                    1.20988
xza.xcore.inp__t15                       2.805
xza.xcore.outp__t60                    2.59987
xza.xcore.vss__t474                1.59796e-12
xza.xcore.outp__t47                    2.59987
xza.xcore.inp__t54                       2.805
xza.xcore.tail__t120                   1.20989
xza.xcore.vss__t475                1.61143e-12
xza.xcore.tail__t54                    1.20989
xza.xcore.inp__t55                       2.805
xza.xcore.outp__t78                    2.59987
xza.xcore.vss__t476                 1.6249e-12
xza.xcore.outp__t51                    2.59987
xza.xcore.inp__t63                       2.805
xza.xcore.tail__t126                   1.20989
xza.xcore.vss__t477                1.63837e-12
xza.xcore.tail__t57                    1.20989
xza.xcore.inp__t60                       2.805
xza.xcore.outp__t81                    2.59986
xza.xcore.vss__t478                1.65184e-12
xza.xcore.outp__t49                    2.59986
xza.xcore.inp__t59                       2.805
xza.xcore.tail__t122                   1.20989
xza.xcore.vss__t479                1.66531e-12
xza.xcore.tail__t56                    1.20989
xza.xcore.inp__t58                       2.805
xza.xcore.outp__t80                    2.59986
xza.xcore.vss__t480                1.67878e-12
xza.xcore.outp__t48                    2.59986
xza.xcore.inp__t57                       2.805
xza.xcore.tail__t121                   1.20989
xza.xcore.vss__t481                1.69225e-12
xza.xcore.tail__t55                    1.20989
xza.xcore.inp__t56                       2.805
xza.xcore.outp__t79                    2.59986
xza.xcore.vss__t482                1.70572e-12
xza.xcore.outp__t24                    2.59986
xza.xcore.inp__t11                       2.805
xza.xcore.tail__t92                    1.20989
xza.xcore.vss__t483                1.71919e-12
xza.xcore.tail__t30                    1.20989
xza.xcore.inp__t10                       2.805
xza.xcore.outp__t57                    2.59986
xza.xcore.vss__t484                1.73266e-12
xza.xcore.outp__t23                    2.59985
xza.xcore.inp__t9                        2.805
xza.xcore.tail__t88                    1.20989
xza.xcore.vss__t485                1.74613e-12
xza.xcore.tail__t32                    1.20989
xza.xcore.inp__t14                       2.805
xza.xcore.outp__t59                    2.59985
xza.xcore.vss__t486                1.75961e-12
xza.xcore.outp__t25                    2.59985
xza.xcore.inp__t13                       2.805
xza.xcore.tail__t93                    1.20989
xza.xcore.vss__t487                1.77308e-12
xza.xcore.tail__t60                     1.2099
xza.xcore.inp__t0                        2.805
xza.xcore.outp__t83                    2.59985
xza.xcore.vss__t488                1.78655e-12
xza.xcore.outp__t50                    2.59985
xza.xcore.inp__t62                       2.805
xza.xcore.tail__t123                    1.2099
xza.xcore.vss__t489                1.80002e-12
xza.xcore.tail__t42                     1.2099
xza.xcore.inp__t29                       2.805
xza.xcore.outp__t67                    2.59985
xza.xcore.vss__t490                 1.8135e-12
xza.xcore.outp__t32                    2.59984
xza.xcore.inp__t28                       2.805
xza.xcore.tail__t102                    1.2099
xza.xcore.vss__t491                1.82697e-12
xza.xcore.tail__t41                     1.2099
xza.xcore.inp__t27                       2.805
xza.xcore.outp__t66                    2.59984
xza.xcore.vss__t492                1.84044e-12
xza.xcore.outp__t31                    2.59984
xza.xcore.inp__t26                       2.805
xza.xcore.tail__t101                    1.2099
xza.xcore.vss__t493                1.85392e-12
xza.xcore.tail__t40                     1.2099
xza.xcore.inp__t25                       2.805
xza.xcore.outp__t65                    2.59984
xza.xcore.vss__t494                1.86739e-12
xza.xcore.outp__t20                    2.59984
xza.xcore.inp__t4                        2.805
xza.xcore.tail__t74                     1.2099
xza.xcore.vss__t495                1.88086e-12
xza.xcore.tail__t14                     1.2099
xza.xcore.inp__t3                        2.805
xza.xcore.outp__t54                    2.59984
xza.xcore.vss__t496                1.89434e-12
xza.xcore.outp__t22                    2.59983
xza.xcore.inp__t7                        2.805
xza.xcore.tail__t76                     1.2099
xza.xcore.vss__t497                1.90781e-12
xza.xcore.tail__t16                     1.2099
xza.xcore.inp__t6                        2.805
xza.xcore.outp__t55                    2.59983
xza.xcore.vss__t498                1.92128e-12
xza.xcore.outp__t21                    2.59983
xza.xcore.inp__t5                        2.805
xza.xcore.tail__t75                     1.2099
xza.xcore.vss__t499                1.93476e-12
xza.xcore.tail__t19                     1.2099
xza.xcore.inp__t8                        2.805
xza.xcore.outp__t56                    2.59983
xza.xcore.vss__t500                1.94823e-12
xza.xcore.outp__t45                    2.59983
xza.xcore.inp__t50                       2.805
xza.xcore.tail__t116                   1.20991
xza.xcore.vss__t501                 1.9617e-12
xza.xcore.tail__t51                    1.20991
xza.xcore.inp__t49                       2.805
xza.xcore.outp__t76                    2.59983
xza.xcore.vss__t502                1.97518e-12
xza.xcore.outp__t44                    2.59982
xza.xcore.inp__t48                       2.805
xza.xcore.tail__t115                   1.20991
xza.xcore.vss__t503                1.98865e-12
xza.xcore.tail__t50                    1.20991
xza.xcore.inp__t47                       2.805
xza.xcore.outp__t75                    2.59982
xza.xcore.vss__t504                2.00213e-12
xza.xcore.outp__t43                    2.59982
xza.xcore.inp__t46                       2.805
xza.xcore.tail__t114                   1.20991
xza.xcore.vss__t505                 2.0156e-12
xza.xcore.tail__t49                    1.20991
xza.xcore.inp__t45                       2.805
xza.xcore.outp__t74                    2.59982
xza.xcore.vss__t506                2.02907e-12
xza.xcore.outp__t42                    2.59982
xza.xcore.inp__t44                       2.805
xza.xcore.tail__t113                   1.20991
xza.xcore.vss__t507                2.04255e-12
xza.xcore.tail__t48                    1.20991
xza.xcore.inp__t43                       2.805
xza.xcore.outp__t73                    2.59982
xza.xcore.vss__t508                2.05602e-12
xza.xcore.outp__t41                    2.59982
xza.xcore.inp__t42                       2.805
xza.xcore.tail__t112                   1.20991
xza.xcore.vss__t509                 2.0695e-12
xza.xcore.tail__t47                    1.20991
xza.xcore.inp__t41                       2.805
xza.xcore.outp__t72                    2.59981
xza.xcore.vss__t510                2.08297e-12
xza.xcore.outp__t40                    2.59981
xza.xcore.inp__t40                       2.805
xza.xcore.tail__t111                   1.20991
xza.xcore.vss__t511                2.09645e-12
xza.xcore.tail__t46                    1.20991
xza.xcore.inp__t39                       2.805
xza.xcore.outp__t71                    2.59981
xza.xcore.vss__t512                2.10992e-12
xza.xcore.outp__t39                    2.59981
xza.xcore.inp__t38                       2.805
xza.xcore.tail__t110                   1.20991
xza.xcore.vss__t513                 2.1234e-12
xza.xcore.tail__t53                    1.20992
xza.xcore.inp__t51                       2.805
xza.xcore.outp__t77                    2.59981
xza.xcore.vss__t514                2.13687e-12
xza.xcore.outp__t38                    2.59981
xza.xcore.inp__t37                       2.805
xza.xcore.tail__t108                   1.20992
xza.xcore.vss__t515                2.15034e-12
xza.xcore.tail__t45                    1.20992
xza.xcore.inp__t36                       2.805
xza.xcore.outp__t70                     2.5998
xza.xcore.vss__t516                2.16382e-12
xza.xcore.outp__t37                     2.5998
xza.xcore.inp__t35                       2.805
xza.xcore.tail__t107                   1.20992
xza.xcore.vss__t517                2.17729e-12
xza.xcore.tail__t44                    1.20992
xza.xcore.inp__t34                       2.805
xza.xcore.outp__t69                     2.5998
xza.xcore.vss__t518                2.19077e-12
xza.xcore.outp__t36                     2.5998
xza.xcore.inp__t33                       2.805
xza.xcore.tail__t106                   1.20992
xza.xcore.vss__t519                2.20424e-12
xza.xcore.tail__t31                    1.20992
xza.xcore.inp__t12                       2.805
xza.xcore.outp__t58                     2.5998
xza.xcore.vss__t520                2.21772e-12
xza.xcore.outp__t35                     2.5998
xza.xcore.inp__t32                       2.805
xza.xcore.tail__t104                   1.20992
xza.xcore.vss__t521                2.23119e-12
xza.xcore.tail__t43                    1.20992
xza.xcore.inp__t31                       2.805
xza.xcore.outp__t68                    2.59979
xza.xcore.vss__t522                2.24467e-12
xza.xcore.outp__t33                    2.59979
xza.xcore.inp__t30                       2.805
xza.xcore.tail__t103                   1.20992
xza.xcore.vss__t523                2.25814e-12
xza.xcore.tail__t1                     1.20992
xza.xcore.inp__t2                        2.805
xza.xcore.outp__t34                    2.59979
xza.xcore.vss__t586                2.27161e-12
xza.xcore.ibias__t215                  1.26049
xza.xcore.ibias__t3                    1.26323
xza.xcore.vss__t2                  2.51858e-05
xza.xcore.vss__t459                6.61835e-13
xza.xcore.vss__t81                 2.49859e-05
xza.xcore.ibias__t158                  1.26323
xza.xcore.ibias__t216                  1.26052
xza.xcore.vss__t448                6.56617e-13
xza.xcore.ibias__t213                  1.26055
xza.xcore.ibias__t171                  1.26323
xza.xcore.vss__t190                2.47861e-05
xza.xcore.vss__t449                6.51398e-13
xza.xcore.vss__t83                 2.45863e-05
xza.xcore.ibias__t163                  1.26323
xza.xcore.ibias__t218                  1.26058
xza.xcore.vss__t450                6.46178e-13
xza.xcore.ibias__t212                  1.26061
xza.xcore.ibias__t162                  1.26323
xza.xcore.vss__t185                2.43865e-05
xza.xcore.vss__t451                6.40958e-13
xza.xcore.vss__t89                 2.41867e-05
xza.xcore.ibias__t177                  1.26323
xza.xcore.ibias__t219                  1.26064
xza.xcore.vss__t452                6.35738e-13
xza.xcore.ibias__t211                  1.26067
xza.xcore.ibias__t160                  1.26323
xza.xcore.vss__t183                2.39868e-05
xza.xcore.vss__t453                6.30517e-13
xza.xcore.vss__t82                  2.3787e-05
xza.xcore.ibias__t159                  1.26323
xza.xcore.ibias__t217                   1.2607
xza.xcore.vss__t454                6.25295e-13
xza.xcore.ibias__t214                  1.26073
xza.xcore.ibias__t174                  1.26323
xza.xcore.vss__t192                2.35872e-05
xza.xcore.vss__t455                6.20074e-13
xza.xcore.vss__t3                  2.33874e-05
xza.xcore.ibias__t4                    1.26323
xza.xcore.ibias__t210                  1.26076
xza.xcore.vss__t457                6.14851e-13
xza.xcore.outn__t52                        3.3
xza.xcore.inn__t1                        1.815
xza.xcore.tail__t3                     1.20982
xza.xcore.vss__t461                1.44745e-12
xza.xcore.tail__t62                    1.20982
xza.xcore.inn__t58                       1.815
xza.xcore.outn__t81                        3.3
xza.xcore.vss__t524                1.46119e-12
xza.xcore.outn__t49                        3.3
xza.xcore.inn__t59                       1.815
xza.xcore.tail__t124                   1.20982
xza.xcore.vss__t525                1.47493e-12
xza.xcore.tail__t63                    1.20982
xza.xcore.inn__t60                       1.815
xza.xcore.outn__t82                        3.3
xza.xcore.vss__t526                1.48866e-12
xza.xcore.outn__t50                        3.3
xza.xcore.inn__t61                       1.815
xza.xcore.tail__t125                   1.20982
xza.xcore.vss__t527                 1.5024e-12
xza.xcore.tail__t64                    1.20982
xza.xcore.inn__t62                       1.815
xza.xcore.outn__t83                        3.3
xza.xcore.vss__t528                1.51614e-12
xza.xcore.outn__t46                        3.3
xza.xcore.inn__t52                       1.815
xza.xcore.tail__t105                   1.20982
xza.xcore.vss__t529                1.52987e-12
xza.xcore.tail__t15                    1.20982
xza.xcore.inn__t21                       1.815
xza.xcore.outn__t63                        3.3
xza.xcore.vss__t530                1.54361e-12
xza.xcore.outn__t45                        3.3
xza.xcore.inn__t51                       1.815
xza.xcore.tail__t100                   1.20982
xza.xcore.vss__t531                1.55735e-12
xza.xcore.tail__t34                    1.20982
xza.xcore.inn__t48                       1.815
xza.xcore.outn__t76                        3.3
xza.xcore.vss__t532                1.57109e-12
xza.xcore.outn__t44                        3.3
xza.xcore.inn__t50                       1.815
xza.xcore.tail__t99                    1.20982
xza.xcore.vss__t533                1.58483e-12
xza.xcore.tail__t61                    1.20982
xza.xcore.inn__t57                       1.815
xza.xcore.outn__t80                        3.3
xza.xcore.vss__t534                1.59857e-12
xza.xcore.outn__t40                        3.3
xza.xcore.inn__t42                       1.815
xza.xcore.tail__t87                    1.20982
xza.xcore.vss__t535                1.61231e-12
xza.xcore.tail__t27                    1.20982
xza.xcore.inn__t41                       1.815
xza.xcore.outn__t73                        3.3
xza.xcore.vss__t536                1.62605e-12
xza.xcore.outn__t39                        3.3
xza.xcore.inn__t40                       1.815
xza.xcore.tail__t86                    1.20982
xza.xcore.vss__t537                1.63979e-12
xza.xcore.tail__t26                    1.20982
xza.xcore.inn__t39                       1.815
xza.xcore.outn__t72                        3.3
xza.xcore.vss__t538                1.65353e-12
xza.xcore.outn__t38                        3.3
xza.xcore.inn__t38                       1.815
xza.xcore.tail__t85                    1.20982
xza.xcore.vss__t539                1.66727e-12
xza.xcore.tail__t25                    1.20982
xza.xcore.inn__t37                       1.815
xza.xcore.outn__t71                        3.3
xza.xcore.vss__t540                1.68101e-12
xza.xcore.outn__t47                        3.3
xza.xcore.inn__t53                       1.815
xza.xcore.tail__t109                   1.20982
xza.xcore.vss__t541                1.69475e-12
xza.xcore.tail__t52                    1.20982
xza.xcore.inn__t55                       1.815
xza.xcore.outn__t78                        3.3
xza.xcore.vss__t542                1.70849e-12
xza.xcore.outn__t48                        3.3
xza.xcore.inn__t54                       1.815
xza.xcore.tail__t117                   1.20982
xza.xcore.vss__t543                1.72224e-12
xza.xcore.tail__t39                    1.20982
xza.xcore.inn__t49                       1.815
xza.xcore.outn__t77                        3.3
xza.xcore.vss__t544                1.73598e-12
xza.xcore.outn__t41                        3.3
xza.xcore.inn__t43                       1.815
xza.xcore.tail__t89                    1.20982
xza.xcore.vss__t545                1.74972e-12
xza.xcore.tail__t29                    1.20982
xza.xcore.inn__t47                       1.815
xza.xcore.outn__t75                        3.3
xza.xcore.vss__t546                1.76346e-12
xza.xcore.outn__t43                        3.3
xza.xcore.inn__t46                       1.815
xza.xcore.tail__t91                    1.20982
xza.xcore.vss__t547                1.77721e-12
xza.xcore.tail__t28                    1.20982
xza.xcore.inn__t45                       1.815
xza.xcore.outn__t74                        3.3
xza.xcore.vss__t548                1.79095e-12
xza.xcore.outn__t42                        3.3
xza.xcore.inn__t44                       1.815
xza.xcore.tail__t90                    1.20982
xza.xcore.vss__t549                1.80469e-12
xza.xcore.tail__t59                    1.20982
xza.xcore.inn__t56                       1.815
xza.xcore.outn__t79                        3.3
xza.xcore.vss__t550                1.81844e-12
xza.xcore.outn__t51                        3.3
xza.xcore.inn__t63                       1.815
xza.xcore.tail__t127                   1.20982
xza.xcore.vss__t551                1.83218e-12
xza.xcore.tail__t13                    1.20982
xza.xcore.inn__t19                       1.815
xza.xcore.outn__t62                        3.3
xza.xcore.vss__t552                1.84592e-12
xza.xcore.outn__t28                        3.3
xza.xcore.inn__t18                       1.815
xza.xcore.tail__t72                    1.20982
xza.xcore.vss__t553                1.85967e-12
xza.xcore.tail__t12                    1.20982
xza.xcore.inn__t17                       1.815
xza.xcore.outn__t61                        3.3
xza.xcore.vss__t554                1.87341e-12
xza.xcore.outn__t27                        3.3
xza.xcore.inn__t16                       1.815
xza.xcore.tail__t71                    1.20982
xza.xcore.vss__t555                1.88716e-12
xza.xcore.tail__t11                    1.20982
xza.xcore.inn__t15                       1.815
xza.xcore.outn__t60                        3.3
xza.xcore.vss__t556                 1.9009e-12
xza.xcore.outn__t26                        3.3
xza.xcore.inn__t14                       1.815
xza.xcore.tail__t70                    1.20982
xza.xcore.vss__t557                1.91465e-12
xza.xcore.tail__t10                    1.20982
xza.xcore.inn__t13                       1.815
xza.xcore.outn__t59                        3.3
xza.xcore.vss__t558                1.92839e-12
xza.xcore.outn__t25                        3.3
xza.xcore.inn__t12                       1.815
xza.xcore.tail__t69                    1.20982
xza.xcore.vss__t559                1.94214e-12
xza.xcore.tail__t6                     1.20982
xza.xcore.inn__t5                        1.815
xza.xcore.outn__t55                        3.3
xza.xcore.vss__t560                1.95588e-12
xza.xcore.outn__t24                        3.3
xza.xcore.inn__t11                       1.815
xza.xcore.tail__t68                    1.20982
xza.xcore.vss__t561                1.96963e-12
xza.xcore.tail__t4                     1.20982
xza.xcore.inn__t2                        1.815
xza.xcore.outn__t53                        3.3
xza.xcore.vss__t562                1.98337e-12
xza.xcore.outn__t21                        3.3
xza.xcore.inn__t3                        1.815
xza.xcore.tail__t65                    1.20982
xza.xcore.vss__t563                1.99712e-12
xza.xcore.tail__t5                     1.20982
xza.xcore.inn__t4                        1.815
xza.xcore.outn__t54                        3.3
xza.xcore.vss__t564                2.01086e-12
xza.xcore.outn__t22                        3.3
xza.xcore.inn__t6                        1.815
xza.xcore.tail__t66                    1.20982
xza.xcore.vss__t565                2.02461e-12
xza.xcore.tail__t7                     1.20982
xza.xcore.inn__t7                        1.815
xza.xcore.outn__t56                        3.3
xza.xcore.vss__t566                2.03836e-12
xza.xcore.outn__t23                        3.3
xza.xcore.inn__t8                        1.815
xza.xcore.tail__t67                    1.20982
xza.xcore.vss__t567                 2.0521e-12
xza.xcore.tail__t8                     1.20982
xza.xcore.inn__t9                        1.815
xza.xcore.outn__t57                        3.3
xza.xcore.vss__t568                2.06585e-12
xza.xcore.outn__t29                        3.3
xza.xcore.inn__t20                       1.815
xza.xcore.tail__t73                    1.20982
xza.xcore.vss__t569                 2.0796e-12
xza.xcore.tail__t9                     1.20982
xza.xcore.inn__t10                       1.815
xza.xcore.outn__t58                        3.3
xza.xcore.vss__t570                2.09334e-12
xza.xcore.outn__t36                        3.3
xza.xcore.inn__t35                       1.815
xza.xcore.tail__t83                    1.20982
xza.xcore.vss__t571                2.10709e-12
xza.xcore.tail__t24                    1.20982
xza.xcore.inn__t34                       1.815
xza.xcore.outn__t70                        3.3
xza.xcore.vss__t572                2.12084e-12
xza.xcore.outn__t35                        3.3
xza.xcore.inn__t33                       1.815
xza.xcore.tail__t82                    1.20982
xza.xcore.vss__t573                2.13459e-12
xza.xcore.tail__t23                    1.20982
xza.xcore.inn__t32                       1.815
xza.xcore.outn__t69                        3.3
xza.xcore.vss__t574                2.14833e-12
xza.xcore.outn__t34                        3.3
xza.xcore.inn__t31                       1.815
xza.xcore.tail__t81                    1.20982
xza.xcore.vss__t575                2.16208e-12
xza.xcore.tail__t22                    1.20982
xza.xcore.inn__t30                       1.815
xza.xcore.outn__t68                        3.3
xza.xcore.vss__t576                2.17583e-12
xza.xcore.outn__t33                        3.3
xza.xcore.inn__t29                       1.815
xza.xcore.tail__t80                    1.20982
xza.xcore.vss__t577                2.18958e-12
xza.xcore.tail__t21                    1.20982
xza.xcore.inn__t28                       1.815
xza.xcore.outn__t67                        3.3
xza.xcore.vss__t578                2.20332e-12
xza.xcore.outn__t32                        3.3
xza.xcore.inn__t27                       1.815
xza.xcore.tail__t79                    1.20982
xza.xcore.vss__t579                2.21707e-12
xza.xcore.tail__t20                    1.20982
xza.xcore.inn__t26                       1.815
xza.xcore.outn__t66                        3.3
xza.xcore.vss__t580                2.23082e-12
xza.xcore.outn__t37                        3.3
xza.xcore.inn__t36                       1.815
xza.xcore.tail__t84                    1.20982
xza.xcore.vss__t581                2.24457e-12
xza.xcore.tail__t18                    1.20982
xza.xcore.inn__t25                       1.815
xza.xcore.outn__t65                        3.3
xza.xcore.vss__t582                2.25832e-12
xza.xcore.outn__t31                        3.3
xza.xcore.inn__t24                       1.815
xza.xcore.tail__t78                    1.20982
xza.xcore.vss__t583                2.27206e-12
xza.xcore.tail__t17                    1.20982
xza.xcore.inn__t23                       1.815
xza.xcore.outn__t64                        3.3
xza.xcore.vss__t584                2.28581e-12
xza.xcore.outn__t30                        3.3
xza.xcore.inn__t22                       1.815
xza.xcore.tail__t77                    1.20982
xza.xcore.vss__t585                2.29956e-12
xza.xcore.tail__t2                     1.20982
xza.xcore.inn__t0                        1.815
xza.xcore.outn__t20                        3.3
xza.xcore.vss__t587                2.31331e-12
xza.xcore.vss__t210                2.42096e-12
xza.xcore.outp__t16                        2.6
xza.xcore.vss__t211                2.39251e-12
xza.xcore.outp__t17                        2.6
xza.xcore.vss__t212                2.36408e-12
xza.xcore.outp__t18                        2.6
xza.xcore.vss__t213                2.33567e-12
xza.xcore.outp__t19                        2.6
xza.xcore.vss__t214                2.30728e-12
xza.xcore.outp__t0                         2.6
xza.xcore.vss__t215                2.27892e-12
xza.xcore.outp__t1                         2.6
xza.xcore.vss__t216                2.25059e-12
xza.xcore.outp__t2                         2.6
xza.xcore.vss__t217                2.22229e-12
xza.xcore.outp__t3                         2.6
xza.xcore.vss__t218                2.19401e-12
xza.xcore.outp__t4                         2.6
xza.xcore.vss__t219                2.16576e-12
xza.xcore.outp__t15                        2.6
xza.xcore.vss__t220                2.13755e-12
xza.xcore.outp__t6                         2.6
xza.xcore.vss__t221                2.10937e-12
xza.xcore.outp__t7                         2.6
xza.xcore.vss__t222                2.08122e-12
xza.xcore.outp__t8                         2.6
xza.xcore.vss__t223                 2.0531e-12
xza.xcore.outp__t9                         2.6
xza.xcore.vss__t224                2.02502e-12
xza.xcore.outp__t10                        2.6
xza.xcore.vss__t225                1.99698e-12
xza.xcore.outp__t11                        2.6
xza.xcore.vss__t226                1.96898e-12
xza.xcore.outp__t12                        2.6
xza.xcore.vss__t227                1.94102e-12
xza.xcore.outp__t13                        2.6
xza.xcore.vss__t228                 1.9131e-12
xza.xcore.outp__t14                        2.6
xza.xcore.vss__t229                1.88523e-12
xza.xcore.outp__t5                         2.6
xza.xcore.vss__t230                2.18457e-12
xza.xcore.outn__t0                         3.3
xza.xcore.vss__t231                2.21955e-12
xza.xcore.outn__t5                         3.3
xza.xcore.vss__t232                 2.2546e-12
xza.xcore.outn__t6                         3.3
xza.xcore.vss__t233                2.28973e-12
xza.xcore.outn__t7                         3.3
xza.xcore.vss__t234                2.32492e-12
xza.xcore.outn__t8                         3.3
xza.xcore.vss__t235                2.36018e-12
xza.xcore.outn__t9                         3.3
xza.xcore.vss__t236                 2.3955e-12
xza.xcore.outn__t10                        3.3
xza.xcore.vss__t237                2.43089e-12
xza.xcore.outn__t11                        3.3
xza.xcore.vss__t238                2.46632e-12
xza.xcore.outn__t12                        3.3
xza.xcore.vss__t239                2.50182e-12
xza.xcore.outn__t13                        3.3
xza.xcore.vss__t240                2.53736e-12
xza.xcore.outn__t14                        3.3
xza.xcore.vss__t241                2.57295e-12
xza.xcore.outn__t15                        3.3
xza.xcore.vss__t242                2.60859e-12
xza.xcore.outn__t16                        3.3
xza.xcore.vss__t243                2.64428e-12
xza.xcore.outn__t17                        3.3
xza.xcore.vss__t244                2.68001e-12
xza.xcore.outn__t19                        3.3
xza.xcore.vss__t245                2.71579e-12
xza.xcore.outn__t18                        3.3
xza.xcore.vss__t246                 2.7516e-12
xza.xcore.outn__t1                         3.3
xza.xcore.vss__t247                2.78746e-12
xza.xcore.outn__t2                         3.3
xza.xcore.vss__t248                2.82335e-12
xza.xcore.outn__t3                         3.3
xza.xcore.vss__t249                2.85928e-12
xza.xcore.outn__t4                         3.3
ib_za                                  1.26323
xza.xcore.vsubs                              0
outn_za                                    3.3
outp_za                                    2.6
xza.tail                               1.20982
xzb.xcore.tail__t186                    1.2264
xzb.xcore.ibias__t118                  1.26323
xzb.xcore.vss__t163                5.29068e-06
xzb.xcore.vss__t349                 1.3235e-13
xzb.xcore.vss__t60                 5.09599e-06
xzb.xcore.ibias__t117                  1.26323
xzb.xcore.tail__t286                    1.2264
xzb.xcore.vss__t350                1.27479e-13
xzb.xcore.tail__t197                    1.2264
xzb.xcore.ibias__t140                  1.26323
xzb.xcore.vss__t174                4.90171e-06
xzb.xcore.vss__t351                1.22619e-13
xzb.xcore.vss__t68                 4.70788e-06
xzb.xcore.ibias__t133                  1.26323
xzb.xcore.tail__t294                    1.2264
xzb.xcore.vss__t352                 1.1777e-13
xzb.xcore.tail__t193                    1.2264
xzb.xcore.ibias__t132                  1.26323
xzb.xcore.vss__t170                4.51457e-06
xzb.xcore.vss__t353                1.12934e-13
xzb.xcore.vss__t67                 4.32184e-06
xzb.xcore.ibias__t131                  1.26323
xzb.xcore.tail__t293                    1.2264
xzb.xcore.vss__t354                1.08113e-13
xzb.xcore.tail__t192                    1.2264
xzb.xcore.ibias__t130                  1.26323
xzb.xcore.vss__t169                4.12978e-06
xzb.xcore.vss__t355                1.03308e-13
xzb.xcore.vss__t74                 3.93848e-06
xzb.xcore.ibias__t145                  1.26323
xzb.xcore.tail__t300                    1.2264
xzb.xcore.vss__t356                 9.8523e-14
xzb.xcore.tail__t191                    1.2264
xzb.xcore.ibias__t128                  1.26323
xzb.xcore.vss__t168                3.74806e-06
xzb.xcore.vss__t357                9.37595e-14
xzb.xcore.vss__t65                 3.55867e-06
xzb.xcore.ibias__t127                  1.26323
xzb.xcore.tail__t291                    1.2264
xzb.xcore.vss__t358                8.90216e-14
xzb.xcore.tail__t190                    1.2264
xzb.xcore.ibias__t126                  1.26323
xzb.xcore.vss__t167                3.37047e-06
xzb.xcore.vss__t359                8.43136e-14
xzb.xcore.vss__t64                 3.18367e-06
xzb.xcore.ibias__t125                  1.26323
xzb.xcore.tail__t290                    1.2264
xzb.xcore.vss__t360                7.96408e-14
xzb.xcore.tail__t189                    1.2264
xzb.xcore.ibias__t124                  1.26323
xzb.xcore.vss__t166                2.99854e-06
xzb.xcore.vss__t361                7.50097e-14
xzb.xcore.vss__t63                 2.81542e-06
xzb.xcore.ibias__t123                  1.26323
xzb.xcore.tail__t289                    1.2264
xzb.xcore.vss__t362                7.04287e-14
xzb.xcore.tail__t188                    1.2264
xzb.xcore.ibias__t122                  1.26323
xzb.xcore.vss__t165                2.63471e-06
xzb.xcore.vss__t363                6.59081e-14
xzb.xcore.vss__t62                 2.45694e-06
xzb.xcore.ibias__t121                  1.26323
xzb.xcore.tail__t288                    1.2264
xzb.xcore.vss__t364                6.14612e-14
xzb.xcore.tail__t187                    1.2264
xzb.xcore.ibias__t120                  1.26323
xzb.xcore.vss__t164                2.28282e-06
xzb.xcore.vss__t365                5.71053e-14
xzb.xcore.vss__t26                 2.11323e-06
xzb.xcore.ibias__t0                    1.26323
xzb.xcore.tail__t252                    1.2264
xzb.xcore.vss__t366                 5.2863e-14
xzb.xcore.tail__t175                    1.2264
xzb.xcore.ibias__t97                   1.26323
xzb.xcore.vss__t152                1.94936e-06
xzb.xcore.vss__t367                4.87637e-14
xzb.xcore.vss__t42                 1.79278e-06
xzb.xcore.ibias__t78                   1.26323
xzb.xcore.tail__t268                    1.2264
xzb.xcore.vss__t368                4.48469e-14
xzb.xcore.tail__t164                   1.22641
xzb.xcore.ibias__t77                   1.26323
xzb.xcore.vss__t141                1.64558e-06
xzb.xcore.vss__t369                4.11646e-14
xzb.xcore.vss__t37                 1.51049e-06
xzb.xcore.ibias__t70                   1.26323
xzb.xcore.tail__t263                   1.22641
xzb.xcore.vss__t370                3.77854e-14
xzb.xcore.tail__t167                   1.22641
xzb.xcore.ibias__t82                   1.26323
xzb.xcore.vss__t144                1.39106e-06
xzb.xcore.vss__t371                3.47977e-14
xzb.xcore.vss__t39                 1.29163e-06
xzb.xcore.ibias__t72                   1.26323
xzb.xcore.tail__t265                   1.22641
xzb.xcore.vss__t372                3.23104e-14
xzb.xcore.tail__t162                   1.22641
xzb.xcore.ibias__t73                   1.26323
xzb.xcore.vss__t139                1.21711e-06
xzb.xcore.vss__t373                3.04463e-14
xzb.xcore.vss__t40                 1.17227e-06
xzb.xcore.ibias__t74                   1.26323
xzb.xcore.tail__t266                   1.22641
xzb.xcore.vss__t374                2.93246e-14
xzb.xcore.tail__t163                   1.22641
xzb.xcore.ibias__t75                   1.26323
xzb.xcore.vss__t140                1.16055e-06
xzb.xcore.vss__t375                2.90313e-14
xzb.xcore.vss__t41                 1.18293e-06
xzb.xcore.ibias__t76                   1.26323
xzb.xcore.tail__t267                   1.22641
xzb.xcore.vss__t376                2.95912e-14
xzb.xcore.tail__t129                   1.22641
xzb.xcore.ibias__t9                    1.26323
xzb.xcore.vss__t107                1.23756e-06
xzb.xcore.vss__t377                 3.0958e-14
xzb.xcore.vss__t6                  1.32046e-06
xzb.xcore.ibias__t8                    1.26323
xzb.xcore.tail__t232                   1.22641
xzb.xcore.vss__t378                3.30316e-14
xzb.xcore.tail__t128                   1.22641
xzb.xcore.ibias__t7                    1.26323
xzb.xcore.vss__t106                1.42669e-06
xzb.xcore.vss__t379                3.56892e-14
xzb.xcore.vss__t5                  1.55148e-06
xzb.xcore.ibias__t6                    1.26323
xzb.xcore.tail__t231                   1.22641
xzb.xcore.vss__t380                3.88108e-14
xzb.xcore.tail__t141                   1.22641
xzb.xcore.ibias__t31                   1.26323
xzb.xcore.vss__t119                1.69072e-06
xzb.xcore.vss__t381                 4.2294e-14
xzb.xcore.vss__t4                  1.84113e-06
xzb.xcore.ibias__t5                    1.26323
xzb.xcore.tail__t230                   1.22641
xzb.xcore.vss__t382                4.60567e-14
xzb.xcore.tail__t158                   1.22641
xzb.xcore.ibias__t62                   1.26323
xzb.xcore.vss__t135                 2.0002e-06
xzb.xcore.vss__t383                5.00359e-14
xzb.xcore.vss__t33                 2.16602e-06
xzb.xcore.ibias__t63                   1.26323
xzb.xcore.tail__t259                   1.22641
xzb.xcore.vss__t384                5.41839e-14
xzb.xcore.tail__t159                   1.22641
xzb.xcore.ibias__t64                   1.26323
xzb.xcore.vss__t136                2.33715e-06
xzb.xcore.vss__t385                5.84649e-14
xzb.xcore.vss__t34                  2.5125e-06
xzb.xcore.ibias__t65                   1.26323
xzb.xcore.tail__t260                   1.22641
xzb.xcore.vss__t386                6.28516e-14
xzb.xcore.tail__t160                   1.22641
xzb.xcore.ibias__t66                   1.26323
xzb.xcore.vss__t137                2.69126e-06
xzb.xcore.vss__t387                6.73234e-14
xzb.xcore.vss__t35                 2.87278e-06
xzb.xcore.ibias__t67                   1.26323
xzb.xcore.tail__t261                   1.22641
xzb.xcore.vss__t388                7.18645e-14
xzb.xcore.tail__t161                   1.22641
xzb.xcore.ibias__t68                   1.26323
xzb.xcore.vss__t138                3.05658e-06
xzb.xcore.vss__t389                7.64624e-14
xzb.xcore.vss__t36                 3.24226e-06
xzb.xcore.ibias__t69                   1.26323
xzb.xcore.tail__t262                   1.22641
xzb.xcore.vss__t390                8.11075e-14
xzb.xcore.tail__t130                   1.22641
xzb.xcore.ibias__t10                   1.26323
xzb.xcore.vss__t108                3.42953e-06
xzb.xcore.vss__t391                8.57922e-14
xzb.xcore.vss__t13                 3.61812e-06
xzb.xcore.ibias__t23                   1.26323
xzb.xcore.tail__t239                   1.22641
xzb.xcore.vss__t392                9.05102e-14
xzb.xcore.tail__t137                   1.22641
xzb.xcore.ibias__t24                   1.26323
xzb.xcore.vss__t115                3.80786e-06
xzb.xcore.vss__t393                9.52567e-14
xzb.xcore.vss__t14                 3.99857e-06
xzb.xcore.ibias__t25                   1.26323
xzb.xcore.tail__t240                   1.22641
xzb.xcore.vss__t394                1.00028e-13
xzb.xcore.tail__t138                   1.22641
xzb.xcore.ibias__t26                   1.26323
xzb.xcore.vss__t116                4.19012e-06
xzb.xcore.vss__t395                 1.0482e-13
xzb.xcore.vss__t15                  4.3824e-06
xzb.xcore.ibias__t27                   1.26323
xzb.xcore.tail__t241                   1.22641
xzb.xcore.vss__t396                 1.0963e-13
xzb.xcore.tail__t139                   1.22641
xzb.xcore.ibias__t28                   1.26323
xzb.xcore.vss__t117                4.57532e-06
xzb.xcore.vss__t397                1.14456e-13
xzb.xcore.vss__t16                  4.7688e-06
xzb.xcore.ibias__t29                   1.26323
xzb.xcore.tail__t242                   1.22641
xzb.xcore.vss__t398                1.19296e-13
xzb.xcore.tail__t140                   1.22641
xzb.xcore.ibias__t30                   1.26323
xzb.xcore.vss__t118                4.96277e-06
xzb.xcore.vss__t399                1.24149e-13
xzb.xcore.vss__t21                 5.15719e-06
xzb.xcore.ibias__t41                   1.26323
xzb.xcore.tail__t247                   1.22641
xzb.xcore.vss__t400                1.29013e-13
xzb.xcore.tail__t142                   1.22641
xzb.xcore.ibias__t32                   1.26323
xzb.xcore.vss__t120                  5.352e-06
xzb.xcore.vss__t401                1.33886e-13
xzb.xcore.vss__t17                 5.54715e-06
xzb.xcore.ibias__t33                   1.26323
xzb.xcore.tail__t243                   1.22641
xzb.xcore.vss__t402                1.38768e-13
xzb.xcore.tail__t143                   1.22641
xzb.xcore.ibias__t34                   1.26323
xzb.xcore.vss__t121                5.74263e-06
xzb.xcore.vss__t403                1.43659e-13
xzb.xcore.vss__t18                 5.93838e-06
xzb.xcore.ibias__t35                   1.26323
xzb.xcore.tail__t244                   1.22641
xzb.xcore.vss__t404                1.48556e-13
xzb.xcore.tail__t144                   1.22641
xzb.xcore.ibias__t36                   1.26323
xzb.xcore.vss__t122                6.13439e-06
xzb.xcore.vss__t405                1.53459e-13
xzb.xcore.vss__t19                 6.33064e-06
xzb.xcore.ibias__t37                   1.26323
xzb.xcore.tail__t245                   1.22641
xzb.xcore.vss__t406                1.58369e-13
xzb.xcore.tail__t145                   1.22641
xzb.xcore.ibias__t38                   1.26323
xzb.xcore.vss__t123                6.52709e-06
xzb.xcore.vss__t407                1.63283e-13
xzb.xcore.vss__t20                 6.72374e-06
xzb.xcore.ibias__t39                   1.26323
xzb.xcore.tail__t246                   1.22641
xzb.xcore.vss__t408                1.68203e-13
xzb.xcore.tail__t146                   1.22641
xzb.xcore.ibias__t40                   1.26323
xzb.xcore.vss__t124                6.92056e-06
xzb.xcore.vss__t409                1.73127e-13
xzb.xcore.vss__t8                  7.11755e-06
xzb.xcore.ibias__t12                   1.26323
xzb.xcore.tail__t234                   1.22641
xzb.xcore.vss__t410                1.78055e-13
xzb.xcore.tail__t135                   1.22641
xzb.xcore.ibias__t21                   1.26323
xzb.xcore.vss__t113                7.31468e-06
xzb.xcore.vss__t411                1.82987e-13
xzb.xcore.vss__t9                  7.51196e-06
xzb.xcore.ibias__t13                   1.26323
xzb.xcore.tail__t235                   1.22641
xzb.xcore.vss__t412                1.87922e-13
xzb.xcore.tail__t131                   1.22641
xzb.xcore.ibias__t14                   1.26323
xzb.xcore.vss__t109                7.70935e-06
xzb.xcore.vss__t413                 1.9286e-13
xzb.xcore.vss__t10                 7.90687e-06
xzb.xcore.ibias__t15                   1.26323
xzb.xcore.tail__t236                   1.22641
xzb.xcore.vss__t414                1.97802e-13
xzb.xcore.tail__t134                   1.22641
xzb.xcore.ibias__t20                   1.26323
xzb.xcore.vss__t112                8.10449e-06
xzb.xcore.vss__t415                2.02746e-13
xzb.xcore.vss__t12                 8.30221e-06
xzb.xcore.ibias__t19                   1.26323
xzb.xcore.tail__t238                   1.22641
xzb.xcore.vss__t416                2.07692e-13
xzb.xcore.tail__t133                   1.22641
xzb.xcore.ibias__t18                   1.26323
xzb.xcore.vss__t111                8.50003e-06
xzb.xcore.vss__t417                2.12641e-13
xzb.xcore.vss__t11                 8.69793e-06
xzb.xcore.ibias__t17                   1.26323
xzb.xcore.tail__t237                   1.22641
xzb.xcore.vss__t418                2.17592e-13
xzb.xcore.tail__t132                   1.22641
xzb.xcore.ibias__t16                   1.26323
xzb.xcore.vss__t110                8.89592e-06
xzb.xcore.vss__t419                2.22545e-13
xzb.xcore.vss__t7                  9.09398e-06
xzb.xcore.ibias__t11                   1.26323
xzb.xcore.tail__t233                   1.22641
xzb.xcore.vss__t420                  2.275e-13
xzb.xcore.tail__t136                   1.22641
xzb.xcore.ibias__t22                   1.26323
xzb.xcore.vss__t114                9.29211e-06
xzb.xcore.vss__t421                2.32457e-13
xzb.xcore.vss__t23                 9.49031e-06
xzb.xcore.ibias__t45                   1.26323
xzb.xcore.tail__t249                   1.22641
xzb.xcore.vss__t422                2.37415e-13
xzb.xcore.tail__t150                   1.22641
xzb.xcore.ibias__t46                   1.26323
xzb.xcore.vss__t127                9.68857e-06
xzb.xcore.vss__t423                2.42375e-13
xzb.xcore.vss__t24                 9.88689e-06
xzb.xcore.ibias__t47                   1.26323
xzb.xcore.tail__t250                   1.22641
xzb.xcore.vss__t424                2.47337e-13
xzb.xcore.tail__t151                   1.22641
xzb.xcore.ibias__t48                   1.26323
xzb.xcore.vss__t128                1.00853e-05
xzb.xcore.vss__t425                  2.523e-13
xzb.xcore.vss__t25                 1.02837e-05
xzb.xcore.ibias__t49                   1.26323
xzb.xcore.tail__t251                   1.22641
xzb.xcore.vss__t426                2.57264e-13
xzb.xcore.tail__t152                   1.22641
xzb.xcore.ibias__t50                   1.26323
xzb.xcore.vss__t129                1.04822e-05
xzb.xcore.vss__t427                2.62229e-13
xzb.xcore.vss__t32                 1.06807e-05
xzb.xcore.ibias__t61                   1.26323
xzb.xcore.tail__t258                   1.22641
xzb.xcore.vss__t428                2.67196e-13
xzb.xcore.tail__t153                   1.22641
xzb.xcore.ibias__t51                   1.26323
xzb.xcore.vss__t130                1.08792e-05
xzb.xcore.vss__t429                2.72164e-13
xzb.xcore.vss__t27                 1.10779e-05
xzb.xcore.ibias__t52                   1.26323
xzb.xcore.tail__t253                   1.22641
xzb.xcore.vss__t430                2.77132e-13
xzb.xcore.tail__t154                    1.2264
xzb.xcore.ibias__t53                   1.26323
xzb.xcore.vss__t131                1.12765e-05
xzb.xcore.vss__t431                2.82102e-13
xzb.xcore.vss__t28                 1.14752e-05
xzb.xcore.ibias__t54                   1.26323
xzb.xcore.tail__t254                    1.2264
xzb.xcore.vss__t432                2.87073e-13
xzb.xcore.tail__t155                    1.2264
xzb.xcore.ibias__t55                   1.26323
xzb.xcore.vss__t132                1.16739e-05
xzb.xcore.vss__t433                2.92044e-13
xzb.xcore.vss__t29                 1.18726e-05
xzb.xcore.ibias__t56                   1.26323
xzb.xcore.tail__t255                    1.2264
xzb.xcore.vss__t434                2.97016e-13
xzb.xcore.tail__t156                    1.2264
xzb.xcore.ibias__t57                   1.26323
xzb.xcore.vss__t133                1.20714e-05
xzb.xcore.vss__t435                 3.0199e-13
xzb.xcore.vss__t30                 1.22702e-05
xzb.xcore.ibias__t58                   1.26323
xzb.xcore.tail__t256                    1.2264
xzb.xcore.vss__t436                3.06964e-13
xzb.xcore.tail__t157                    1.2264
xzb.xcore.ibias__t59                   1.26323
xzb.xcore.vss__t134                1.24691e-05
xzb.xcore.vss__t437                3.11938e-13
xzb.xcore.vss__t31                 1.26679e-05
xzb.xcore.ibias__t60                   1.26323
xzb.xcore.tail__t257                    1.2264
xzb.xcore.vss__t438                3.16914e-13
xzb.xcore.tail__t211                    1.2264
xzb.xcore.ibias__t176                  1.26323
xzb.xcore.vss__t193                1.28668e-05
xzb.xcore.vss__t439                 3.2189e-13
xzb.xcore.vss__t88                 1.30658e-05
xzb.xcore.ibias__t175                  1.26323
xzb.xcore.tail__t311                    1.2264
xzb.xcore.vss__t440                3.26866e-13
xzb.xcore.tail__t165                    1.2264
xzb.xcore.ibias__t79                   1.26323
xzb.xcore.vss__t142                1.32647e-05
xzb.xcore.vss__t441                3.31843e-13
xzb.xcore.vss__t43                 1.34637e-05
xzb.xcore.ibias__t80                   1.26323
xzb.xcore.tail__t269                    1.2264
xzb.xcore.vss__t442                3.36821e-13
xzb.xcore.tail__t166                    1.2264
xzb.xcore.ibias__t81                   1.26323
xzb.xcore.vss__t143                1.36626e-05
xzb.xcore.vss__t443                  3.418e-13
xzb.xcore.vss__t38                 1.38617e-05
xzb.xcore.ibias__t71                   1.26323
xzb.xcore.tail__t264                    1.2264
xzb.xcore.vss__t444                3.46778e-13
xzb.xcore.tail__t147                    1.2264
xzb.xcore.ibias__t42                   1.26323
xzb.xcore.vss__t125                1.40607e-05
xzb.xcore.vss__t445                3.51758e-13
xzb.xcore.vss__t22                 1.42597e-05
xzb.xcore.ibias__t43                   1.26323
xzb.xcore.tail__t248                    1.2264
xzb.xcore.vss__t446                3.56738e-13
xzb.xcore.tail__t148                    1.2264
xzb.xcore.ibias__t44                   1.26323
xzb.xcore.vss__t126                1.44588e-05
xzb.xcore.vss__t447                3.61718e-13
xzb.xcore.vss__t0                  1.46579e-05
xzb.xcore.ibias__t1                    1.26323
xzb.xcore.tail__t149                    1.2264
xzb.xcore.vss__t456                3.66699e-13
xzb.xcore.tail__t229                   1.22637
xzb.xcore.ibias__t2                    1.26323
xzb.xcore.vss__t1                    2.516e-05
xzb.xcore.vss__t458                6.29451e-13
xzb.xcore.vss__t189                2.49606e-05
xzb.xcore.ibias__t170                  1.26323
xzb.xcore.tail__t228                   1.22637
xzb.xcore.vss__t250                 6.2446e-13
xzb.xcore.tail__t209                   1.22637
xzb.xcore.ibias__t169                  1.26323
xzb.xcore.vss__t188                2.47611e-05
xzb.xcore.vss__t251                6.19469e-13
xzb.xcore.vss__t86                 2.45616e-05
xzb.xcore.ibias__t168                  1.26323
xzb.xcore.tail__t309                   1.22637
xzb.xcore.vss__t252                6.14479e-13
xzb.xcore.tail__t208                   1.22637
xzb.xcore.ibias__t167                  1.26323
xzb.xcore.vss__t187                2.43622e-05
xzb.xcore.vss__t253                6.09488e-13
xzb.xcore.vss__t85                 2.41627e-05
xzb.xcore.ibias__t166                  1.26323
xzb.xcore.tail__t308                   1.22637
xzb.xcore.vss__t254                6.04497e-13
xzb.xcore.tail__t207                   1.22637
xzb.xcore.ibias__t165                  1.26323
xzb.xcore.vss__t186                2.39632e-05
xzb.xcore.vss__t255                5.99506e-13
xzb.xcore.vss__t84                 2.37638e-05
xzb.xcore.ibias__t164                  1.26323
xzb.xcore.tail__t307                   1.22637
xzb.xcore.vss__t256                5.94516e-13
xzb.xcore.tail__t210                   1.22637
xzb.xcore.ibias__t173                  1.26323
xzb.xcore.vss__t191                2.35643e-05
xzb.xcore.vss__t257                5.89526e-13
xzb.xcore.vss__t87                 2.33649e-05
xzb.xcore.ibias__t172                  1.26323
xzb.xcore.tail__t310                   1.22637
xzb.xcore.vss__t258                5.84535e-13
xzb.xcore.tail__t219                   1.22637
xzb.xcore.ibias__t195                  1.26323
xzb.xcore.vss__t201                2.31654e-05
xzb.xcore.vss__t259                5.79545e-13
xzb.xcore.vss__t99                  2.2966e-05
xzb.xcore.ibias__t194                  1.26323
xzb.xcore.tail__t321                   1.22637
xzb.xcore.vss__t260                5.74555e-13
xzb.xcore.tail__t227                   1.22637
xzb.xcore.ibias__t209                  1.26323
xzb.xcore.vss__t209                2.27666e-05
xzb.xcore.vss__t261                5.69565e-13
xzb.xcore.vss__t97                 2.25671e-05
xzb.xcore.ibias__t192                  1.26323
xzb.xcore.tail__t319                   1.22637
xzb.xcore.vss__t262                5.64575e-13
xzb.xcore.tail__t218                   1.22637
xzb.xcore.ibias__t191                  1.26323
xzb.xcore.vss__t200                2.23677e-05
xzb.xcore.vss__t263                5.59585e-13
xzb.xcore.vss__t96                 2.21683e-05
xzb.xcore.ibias__t190                  1.26323
xzb.xcore.tail__t318                   1.22637
xzb.xcore.vss__t264                5.54596e-13
xzb.xcore.tail__t217                   1.22637
xzb.xcore.ibias__t189                  1.26323
xzb.xcore.vss__t199                2.19688e-05
xzb.xcore.vss__t265                5.49606e-13
xzb.xcore.vss__t95                 2.17694e-05
xzb.xcore.ibias__t188                  1.26323
xzb.xcore.tail__t317                   1.22637
xzb.xcore.vss__t266                5.44617e-13
xzb.xcore.tail__t216                   1.22637
xzb.xcore.ibias__t187                  1.26323
xzb.xcore.vss__t198                  2.157e-05
xzb.xcore.vss__t267                5.39628e-13
xzb.xcore.vss__t94                 2.13706e-05
xzb.xcore.ibias__t186                  1.26323
xzb.xcore.tail__t316                   1.22637
xzb.xcore.vss__t268                5.34638e-13
xzb.xcore.tail__t215                   1.22637
xzb.xcore.ibias__t185                  1.26323
xzb.xcore.vss__t197                2.11712e-05
xzb.xcore.vss__t269                5.29649e-13
xzb.xcore.vss__t93                 2.09718e-05
xzb.xcore.ibias__t184                  1.26323
xzb.xcore.tail__t315                   1.22637
xzb.xcore.vss__t270                 5.2466e-13
xzb.xcore.tail__t214                   1.22637
xzb.xcore.ibias__t183                  1.26323
xzb.xcore.vss__t196                2.07724e-05
xzb.xcore.vss__t271                5.19672e-13
xzb.xcore.vss__t92                  2.0573e-05
xzb.xcore.ibias__t182                  1.26323
xzb.xcore.tail__t314                   1.22637
xzb.xcore.vss__t272                5.14683e-13
xzb.xcore.tail__t213                   1.22637
xzb.xcore.ibias__t181                  1.26323
xzb.xcore.vss__t195                2.03737e-05
xzb.xcore.vss__t273                5.09695e-13
xzb.xcore.vss__t91                 2.01743e-05
xzb.xcore.ibias__t180                  1.26323
xzb.xcore.tail__t313                   1.22637
xzb.xcore.vss__t274                5.04706e-13
xzb.xcore.tail__t212                   1.22637
xzb.xcore.ibias__t179                  1.26323
xzb.xcore.vss__t194                1.99749e-05
xzb.xcore.vss__t275                4.99718e-13
xzb.xcore.vss__t90                 1.97755e-05
xzb.xcore.ibias__t178                  1.26323
xzb.xcore.tail__t312                   1.22637
xzb.xcore.vss__t276                 4.9473e-13
xzb.xcore.tail__t206                   1.22638
xzb.xcore.ibias__t161                  1.26323
xzb.xcore.vss__t184                1.95762e-05
xzb.xcore.vss__t277                4.89743e-13
xzb.xcore.vss__t57                 1.93768e-05
xzb.xcore.ibias__t112                  1.26323
xzb.xcore.tail__t283                   1.22638
xzb.xcore.vss__t278                4.84755e-13
xzb.xcore.tail__t183                   1.22638
xzb.xcore.ibias__t111                  1.26323
xzb.xcore.vss__t160                1.91775e-05
xzb.xcore.vss__t279                4.79768e-13
xzb.xcore.vss__t56                 1.89782e-05
xzb.xcore.ibias__t110                  1.26323
xzb.xcore.tail__t282                   1.22638
xzb.xcore.vss__t280                 4.7478e-13
xzb.xcore.tail__t182                   1.22638
xzb.xcore.ibias__t109                  1.26323
xzb.xcore.vss__t159                1.87788e-05
xzb.xcore.vss__t281                4.69793e-13
xzb.xcore.vss__t55                 1.85795e-05
xzb.xcore.ibias__t108                  1.26323
xzb.xcore.tail__t281                   1.22638
xzb.xcore.vss__t282                4.64807e-13
xzb.xcore.tail__t181                   1.22638
xzb.xcore.ibias__t107                  1.26323
xzb.xcore.vss__t158                1.83802e-05
xzb.xcore.vss__t283                 4.5982e-13
xzb.xcore.vss__t54                 1.81809e-05
xzb.xcore.ibias__t106                  1.26323
xzb.xcore.tail__t280                   1.22638
xzb.xcore.vss__t284                4.54833e-13
xzb.xcore.tail__t180                   1.22638
xzb.xcore.ibias__t105                  1.26323
xzb.xcore.vss__t157                1.79816e-05
xzb.xcore.vss__t285                4.49847e-13
xzb.xcore.vss__t53                 1.77823e-05
xzb.xcore.ibias__t104                  1.26323
xzb.xcore.tail__t279                   1.22638
xzb.xcore.vss__t286                4.44861e-13
xzb.xcore.tail__t205                   1.22638
xzb.xcore.ibias__t156                  1.26323
xzb.xcore.vss__t182                 1.7583e-05
xzb.xcore.vss__t287                4.39876e-13
xzb.xcore.vss__t79                 1.73838e-05
xzb.xcore.ibias__t155                  1.26323
xzb.xcore.tail__t305                   1.22638
xzb.xcore.vss__t288                 4.3489e-13
xzb.xcore.tail__t204                   1.22638
xzb.xcore.ibias__t154                  1.26323
xzb.xcore.vss__t181                1.71845e-05
xzb.xcore.vss__t289                4.29905e-13
xzb.xcore.vss__t78                 1.69853e-05
xzb.xcore.ibias__t153                  1.26323
xzb.xcore.tail__t304                   1.22638
xzb.xcore.vss__t290                 4.2492e-13
xzb.xcore.tail__t203                   1.22638
xzb.xcore.ibias__t152                  1.26323
xzb.xcore.vss__t180                 1.6786e-05
xzb.xcore.vss__t291                4.19935e-13
xzb.xcore.vss__t77                 1.65868e-05
xzb.xcore.ibias__t151                  1.26323
xzb.xcore.tail__t303                   1.22638
xzb.xcore.vss__t292                4.14951e-13
xzb.xcore.tail__t202                   1.22638
xzb.xcore.ibias__t150                  1.26323
xzb.xcore.vss__t179                1.63876e-05
xzb.xcore.vss__t293                4.09967e-13
xzb.xcore.vss__t76                 1.61884e-05
xzb.xcore.ibias__t149                  1.26323
xzb.xcore.tail__t302                   1.22638
xzb.xcore.vss__t294                4.04983e-13
xzb.xcore.tail__t201                   1.22638
xzb.xcore.ibias__t148                  1.26323
xzb.xcore.vss__t178                1.59892e-05
xzb.xcore.vss__t295                3.99999e-13
xzb.xcore.vss__t75                   1.579e-05
xzb.xcore.ibias__t147                  1.26323
xzb.xcore.tail__t301                   1.22638
xzb.xcore.vss__t296                3.95016e-13
xzb.xcore.tail__t200                   1.22638
xzb.xcore.ibias__t146                  1.26323
xzb.xcore.vss__t177                1.55908e-05
xzb.xcore.vss__t297                3.90033e-13
xzb.xcore.vss__t98                 1.53917e-05
xzb.xcore.ibias__t193                  1.26323
xzb.xcore.tail__t320                   1.22638
xzb.xcore.vss__t298                3.85051e-13
xzb.xcore.tail__t226                   1.22638
xzb.xcore.ibias__t208                  1.26323
xzb.xcore.vss__t208                1.51926e-05
xzb.xcore.vss__t299                3.80069e-13
xzb.xcore.vss__t105                1.49934e-05
xzb.xcore.ibias__t207                  1.26323
xzb.xcore.tail__t327                   1.22638
xzb.xcore.vss__t300                3.75087e-13
xzb.xcore.tail__t225                   1.22638
xzb.xcore.ibias__t206                  1.26323
xzb.xcore.vss__t207                1.47943e-05
xzb.xcore.vss__t301                3.70106e-13
xzb.xcore.vss__t104                1.45952e-05
xzb.xcore.ibias__t205                  1.26323
xzb.xcore.tail__t326                   1.22638
xzb.xcore.vss__t302                3.65125e-13
xzb.xcore.tail__t224                   1.22638
xzb.xcore.ibias__t204                  1.26323
xzb.xcore.vss__t206                1.43962e-05
xzb.xcore.vss__t303                3.60144e-13
xzb.xcore.vss__t103                1.41971e-05
xzb.xcore.ibias__t203                  1.26323
xzb.xcore.tail__t325                   1.22638
xzb.xcore.vss__t304                3.55164e-13
xzb.xcore.tail__t223                   1.22638
xzb.xcore.ibias__t202                  1.26323
xzb.xcore.vss__t205                1.39981e-05
xzb.xcore.vss__t305                3.50184e-13
xzb.xcore.vss__t102                 1.3799e-05
xzb.xcore.ibias__t201                  1.26323
xzb.xcore.tail__t324                   1.22638
xzb.xcore.vss__t306                3.45205e-13
xzb.xcore.tail__t222                   1.22639
xzb.xcore.ibias__t200                  1.26323
xzb.xcore.vss__t204                   1.36e-05
xzb.xcore.vss__t307                3.40227e-13
xzb.xcore.vss__t101                1.34011e-05
xzb.xcore.ibias__t199                  1.26323
xzb.xcore.tail__t323                   1.22639
xzb.xcore.vss__t308                3.35249e-13
xzb.xcore.tail__t221                   1.22639
xzb.xcore.ibias__t198                  1.26323
xzb.xcore.vss__t203                1.32021e-05
xzb.xcore.vss__t309                3.30271e-13
xzb.xcore.vss__t100                1.30032e-05
xzb.xcore.ibias__t197                  1.26323
xzb.xcore.tail__t322                   1.22639
xzb.xcore.vss__t310                3.25294e-13
xzb.xcore.tail__t220                   1.22639
xzb.xcore.ibias__t196                  1.26323
xzb.xcore.vss__t202                1.28043e-05
xzb.xcore.vss__t311                3.20318e-13
xzb.xcore.vss__t80                 1.26054e-05
xzb.xcore.ibias__t157                  1.26323
xzb.xcore.tail__t306                   1.22639
xzb.xcore.vss__t312                3.15342e-13
xzb.xcore.tail__t185                   1.22639
xzb.xcore.ibias__t116                  1.26323
xzb.xcore.vss__t162                1.24065e-05
xzb.xcore.vss__t313                3.10367e-13
xzb.xcore.vss__t59                 1.22077e-05
xzb.xcore.ibias__t115                  1.26323
xzb.xcore.tail__t285                   1.22639
xzb.xcore.vss__t314                3.05393e-13
xzb.xcore.tail__t184                   1.22639
xzb.xcore.ibias__t114                  1.26323
xzb.xcore.vss__t161                1.20089e-05
xzb.xcore.vss__t315                3.00419e-13
xzb.xcore.vss__t71                 1.18101e-05
xzb.xcore.ibias__t139                  1.26323
xzb.xcore.tail__t297                   1.22639
xzb.xcore.vss__t316                2.95446e-13
xzb.xcore.tail__t196                   1.22639
xzb.xcore.ibias__t138                  1.26323
xzb.xcore.vss__t173                1.16114e-05
xzb.xcore.vss__t317                2.90474e-13
xzb.xcore.vss__t70                 1.14127e-05
xzb.xcore.ibias__t137                  1.26323
xzb.xcore.tail__t296                   1.22639
xzb.xcore.vss__t318                2.85503e-13
xzb.xcore.tail__t195                   1.22639
xzb.xcore.ibias__t136                  1.26323
xzb.xcore.vss__t172                 1.1214e-05
xzb.xcore.vss__t319                2.80533e-13
xzb.xcore.vss__t69                 1.10154e-05
xzb.xcore.ibias__t135                  1.26323
xzb.xcore.tail__t295                   1.22639
xzb.xcore.vss__t320                2.75564e-13
xzb.xcore.tail__t194                   1.22639
xzb.xcore.ibias__t134                  1.26323
xzb.xcore.vss__t171                1.08168e-05
xzb.xcore.vss__t321                2.70595e-13
xzb.xcore.vss__t61                 1.06182e-05
xzb.xcore.ibias__t119                  1.26323
xzb.xcore.tail__t287                   1.22639
xzb.xcore.vss__t322                2.65628e-13
xzb.xcore.tail__t179                   1.22639
xzb.xcore.ibias__t103                  1.26323
xzb.xcore.vss__t156                1.04197e-05
xzb.xcore.vss__t323                2.60662e-13
xzb.xcore.vss__t48                 1.02213e-05
xzb.xcore.ibias__t92                   1.26323
xzb.xcore.tail__t274                   1.22639
xzb.xcore.vss__t324                2.55697e-13
xzb.xcore.tail__t178                   1.22639
xzb.xcore.ibias__t102                  1.26323
xzb.xcore.vss__t155                1.00228e-05
xzb.xcore.vss__t325                2.50733e-13
xzb.xcore.vss__t52                 9.82449e-06
xzb.xcore.ibias__t101                  1.26323
xzb.xcore.tail__t278                   1.22639
xzb.xcore.vss__t326                2.45771e-13
xzb.xcore.tail__t177                   1.22639
xzb.xcore.ibias__t100                  1.26323
xzb.xcore.vss__t154                9.62619e-06
xzb.xcore.vss__t327                 2.4081e-13
xzb.xcore.vss__t51                 9.42795e-06
xzb.xcore.ibias__t99                   1.26323
xzb.xcore.tail__t277                   1.22639
xzb.xcore.vss__t328                2.35851e-13
xzb.xcore.tail__t176                   1.22639
xzb.xcore.ibias__t98                   1.26323
xzb.xcore.vss__t153                9.22977e-06
xzb.xcore.vss__t329                2.30893e-13
xzb.xcore.vss__t58                 9.03166e-06
xzb.xcore.ibias__t113                  1.26323
xzb.xcore.tail__t284                   1.22639
xzb.xcore.vss__t330                2.25937e-13
xzb.xcore.tail__t174                   1.22639
xzb.xcore.ibias__t96                   1.26323
xzb.xcore.vss__t151                8.83363e-06
xzb.xcore.vss__t331                2.20982e-13
xzb.xcore.vss__t50                 8.63567e-06
xzb.xcore.ibias__t95                   1.26323
xzb.xcore.tail__t276                   1.22639
xzb.xcore.vss__t332                 2.1603e-13
xzb.xcore.tail__t173                   1.22639
xzb.xcore.ibias__t94                   1.26323
xzb.xcore.vss__t150                8.43779e-06
xzb.xcore.vss__t333                 2.1108e-13
xzb.xcore.vss__t49                    8.24e-06
xzb.xcore.ibias__t93                   1.26323
xzb.xcore.tail__t275                   1.22639
xzb.xcore.vss__t334                2.06132e-13
xzb.xcore.tail__t172                   1.22639
xzb.xcore.ibias__t91                   1.26323
xzb.xcore.vss__t149                8.04231e-06
xzb.xcore.vss__t335                2.01186e-13
xzb.xcore.vss__t47                 7.84472e-06
xzb.xcore.ibias__t90                   1.26323
xzb.xcore.tail__t273                   1.22639
xzb.xcore.vss__t336                1.96243e-13
xzb.xcore.tail__t171                   1.22639
xzb.xcore.ibias__t89                   1.26323
xzb.xcore.vss__t148                7.64724e-06
xzb.xcore.vss__t337                1.91303e-13
xzb.xcore.vss__t46                 7.44988e-06
xzb.xcore.ibias__t88                   1.26323
xzb.xcore.tail__t272                    1.2264
xzb.xcore.vss__t338                1.86365e-13
xzb.xcore.tail__t170                    1.2264
xzb.xcore.ibias__t87                   1.26323
xzb.xcore.vss__t147                7.25266e-06
xzb.xcore.vss__t339                1.81431e-13
xzb.xcore.vss__t45                 7.05557e-06
xzb.xcore.ibias__t86                   1.26323
xzb.xcore.tail__t271                    1.2264
xzb.xcore.vss__t340                1.76501e-13
xzb.xcore.tail__t169                    1.2264
xzb.xcore.ibias__t85                   1.26323
xzb.xcore.vss__t146                6.85863e-06
xzb.xcore.vss__t341                1.71574e-13
xzb.xcore.vss__t44                 6.66186e-06
xzb.xcore.ibias__t84                   1.26323
xzb.xcore.tail__t270                    1.2264
xzb.xcore.vss__t342                1.66652e-13
xzb.xcore.tail__t168                    1.2264
xzb.xcore.ibias__t83                   1.26323
xzb.xcore.vss__t145                6.46527e-06
xzb.xcore.vss__t343                1.61734e-13
xzb.xcore.vss__t66                 6.26888e-06
xzb.xcore.ibias__t129                  1.26323
xzb.xcore.tail__t292                    1.2264
xzb.xcore.vss__t344                1.56821e-13
xzb.xcore.tail__t199                    1.2264
xzb.xcore.ibias__t144                  1.26323
xzb.xcore.vss__t176                6.07271e-06
xzb.xcore.vss__t345                1.51913e-13
xzb.xcore.vss__t73                 5.87677e-06
xzb.xcore.ibias__t143                  1.26323
xzb.xcore.tail__t299                    1.2264
xzb.xcore.vss__t346                1.47012e-13
xzb.xcore.tail__t198                    1.2264
xzb.xcore.ibias__t142                  1.26323
xzb.xcore.vss__t175                 5.6811e-06
xzb.xcore.vss__t347                1.42117e-13
xzb.xcore.vss__t72                 5.48573e-06
xzb.xcore.ibias__t141                  1.26323
xzb.xcore.tail__t298                    1.2264
xzb.xcore.vss__t348                1.37229e-13
xzb.xcore.outp__t53                    2.99989
xzb.xcore.inp__t1                        2.805
xzb.xcore.tail__t0                     1.22647
xzb.xcore.vss__t460                1.02129e-10
xzb.xcore.tail__t119                   1.22647
xzb.xcore.inp__t53                       2.805
xzb.xcore.outp__t52                    2.99989
xzb.xcore.vss__t462                1.03093e-10
xzb.xcore.outp__t46                    2.99989
xzb.xcore.inp__t52                       2.805
xzb.xcore.tail__t118                   1.22647
xzb.xcore.vss__t463                1.04058e-10
xzb.xcore.tail__t58                    1.22647
xzb.xcore.inp__t61                       2.805
xzb.xcore.outp__t82                    2.99989
xzb.xcore.vss__t464                1.05023e-10
xzb.xcore.outp__t30                    2.99989
xzb.xcore.inp__t24                       2.805
xzb.xcore.tail__t98                    1.22647
xzb.xcore.vss__t465                1.05987e-10
xzb.xcore.tail__t38                    1.22648
xzb.xcore.inp__t23                       2.805
xzb.xcore.outp__t64                    2.99988
xzb.xcore.vss__t466                1.06952e-10
xzb.xcore.outp__t29                    2.99988
xzb.xcore.inp__t22                       2.805
xzb.xcore.tail__t97                    1.22648
xzb.xcore.vss__t467                1.07916e-10
xzb.xcore.tail__t37                    1.22648
xzb.xcore.inp__t21                       2.805
xzb.xcore.outp__t63                    2.99988
xzb.xcore.vss__t468                1.08881e-10
xzb.xcore.outp__t28                    2.99988
xzb.xcore.inp__t20                       2.805
xzb.xcore.tail__t96                    1.22648
xzb.xcore.vss__t469                1.09845e-10
xzb.xcore.tail__t36                    1.22648
xzb.xcore.inp__t19                       2.805
xzb.xcore.outp__t62                    2.99988
xzb.xcore.vss__t470                 1.1081e-10
xzb.xcore.outp__t27                    2.99988
xzb.xcore.inp__t18                       2.805
xzb.xcore.tail__t95                    1.22648
xzb.xcore.vss__t471                1.11774e-10
xzb.xcore.tail__t35                    1.22648
xzb.xcore.inp__t17                       2.805
xzb.xcore.outp__t61                    2.99987
xzb.xcore.vss__t472                1.12739e-10
xzb.xcore.outp__t26                    2.99987
xzb.xcore.inp__t16                       2.805
xzb.xcore.tail__t94                    1.22648
xzb.xcore.vss__t473                1.13703e-10
xzb.xcore.tail__t33                    1.22648
xzb.xcore.inp__t15                       2.805
xzb.xcore.outp__t60                    2.99987
xzb.xcore.vss__t474                1.14668e-10
xzb.xcore.outp__t47                    2.99987
xzb.xcore.inp__t54                       2.805
xzb.xcore.tail__t120                   1.22648
xzb.xcore.vss__t475                1.15632e-10
xzb.xcore.tail__t54                    1.22648
xzb.xcore.inp__t55                       2.805
xzb.xcore.outp__t78                    2.99987
xzb.xcore.vss__t476                1.16597e-10
xzb.xcore.outp__t51                    2.99987
xzb.xcore.inp__t63                       2.805
xzb.xcore.tail__t126                   1.22648
xzb.xcore.vss__t477                1.17561e-10
xzb.xcore.tail__t57                    1.22648
xzb.xcore.inp__t60                       2.805
xzb.xcore.outp__t81                    2.99986
xzb.xcore.vss__t478                1.18526e-10
xzb.xcore.outp__t49                    2.99986
xzb.xcore.inp__t59                       2.805
xzb.xcore.tail__t122                   1.22649
xzb.xcore.vss__t479                 1.1949e-10
xzb.xcore.tail__t56                    1.22649
xzb.xcore.inp__t58                       2.805
xzb.xcore.outp__t80                    2.99986
xzb.xcore.vss__t480                1.20454e-10
xzb.xcore.outp__t48                    2.99986
xzb.xcore.inp__t57                       2.805
xzb.xcore.tail__t121                   1.22649
xzb.xcore.vss__t481                1.21419e-10
xzb.xcore.tail__t55                    1.22649
xzb.xcore.inp__t56                       2.805
xzb.xcore.outp__t79                    2.99986
xzb.xcore.vss__t482                1.22383e-10
xzb.xcore.outp__t24                    2.99986
xzb.xcore.inp__t11                       2.805
xzb.xcore.tail__t92                    1.22649
xzb.xcore.vss__t483                1.23347e-10
xzb.xcore.tail__t30                    1.22649
xzb.xcore.inp__t10                       2.805
xzb.xcore.outp__t57                    2.99986
xzb.xcore.vss__t484                1.24312e-10
xzb.xcore.outp__t23                    2.99985
xzb.xcore.inp__t9                        2.805
xzb.xcore.tail__t88                    1.22649
xzb.xcore.vss__t485                1.25276e-10
xzb.xcore.tail__t32                    1.22649
xzb.xcore.inp__t14                       2.805
xzb.xcore.outp__t59                    2.99985
xzb.xcore.vss__t486                 1.2624e-10
xzb.xcore.outp__t25                    2.99985
xzb.xcore.inp__t13                       2.805
xzb.xcore.tail__t93                    1.22649
xzb.xcore.vss__t487                1.27204e-10
xzb.xcore.tail__t60                    1.22649
xzb.xcore.inp__t0                        2.805
xzb.xcore.outp__t83                    2.99985
xzb.xcore.vss__t488                1.28169e-10
xzb.xcore.outp__t50                    2.99985
xzb.xcore.inp__t62                       2.805
xzb.xcore.tail__t123                   1.22649
xzb.xcore.vss__t489                1.29133e-10
xzb.xcore.tail__t42                    1.22649
xzb.xcore.inp__t29                       2.805
xzb.xcore.outp__t67                    2.99985
xzb.xcore.vss__t490                1.30097e-10
xzb.xcore.outp__t32                    2.99984
xzb.xcore.inp__t28                       2.805
xzb.xcore.tail__t102                    1.2265
xzb.xcore.vss__t491                1.31061e-10
xzb.xcore.tail__t41                     1.2265
xzb.xcore.inp__t27                       2.805
xzb.xcore.outp__t66                    2.99984
xzb.xcore.vss__t492                1.32025e-10
xzb.xcore.outp__t31                    2.99984
xzb.xcore.inp__t26                       2.805
xzb.xcore.tail__t101                    1.2265
xzb.xcore.vss__t493                1.32989e-10
xzb.xcore.tail__t40                     1.2265
xzb.xcore.inp__t25                       2.805
xzb.xcore.outp__t65                    2.99984
xzb.xcore.vss__t494                1.33953e-10
xzb.xcore.outp__t20                    2.99984
xzb.xcore.inp__t4                        2.805
xzb.xcore.tail__t74                     1.2265
xzb.xcore.vss__t495                1.34917e-10
xzb.xcore.tail__t14                     1.2265
xzb.xcore.inp__t3                        2.805
xzb.xcore.outp__t54                    2.99984
xzb.xcore.vss__t496                1.35881e-10
xzb.xcore.outp__t22                    2.99983
xzb.xcore.inp__t7                        2.805
xzb.xcore.tail__t76                     1.2265
xzb.xcore.vss__t497                1.36845e-10
xzb.xcore.tail__t16                     1.2265
xzb.xcore.inp__t6                        2.805
xzb.xcore.outp__t55                    2.99983
xzb.xcore.vss__t498                1.37809e-10
xzb.xcore.outp__t21                    2.99983
xzb.xcore.inp__t5                        2.805
xzb.xcore.tail__t75                     1.2265
xzb.xcore.vss__t499                1.38773e-10
xzb.xcore.tail__t19                     1.2265
xzb.xcore.inp__t8                        2.805
xzb.xcore.outp__t56                    2.99983
xzb.xcore.vss__t500                1.39737e-10
xzb.xcore.outp__t45                    2.99983
xzb.xcore.inp__t50                       2.805
xzb.xcore.tail__t116                    1.2265
xzb.xcore.vss__t501                1.40701e-10
xzb.xcore.tail__t51                     1.2265
xzb.xcore.inp__t49                       2.805
xzb.xcore.outp__t76                    2.99983
xzb.xcore.vss__t502                1.41665e-10
xzb.xcore.outp__t44                    2.99982
xzb.xcore.inp__t48                       2.805
xzb.xcore.tail__t115                    1.2265
xzb.xcore.vss__t503                1.42628e-10
xzb.xcore.tail__t50                    1.22651
xzb.xcore.inp__t47                       2.805
xzb.xcore.outp__t75                    2.99982
xzb.xcore.vss__t504                1.43592e-10
xzb.xcore.outp__t43                    2.99982
xzb.xcore.inp__t46                       2.805
xzb.xcore.tail__t114                   1.22651
xzb.xcore.vss__t505                1.44556e-10
xzb.xcore.tail__t49                    1.22651
xzb.xcore.inp__t45                       2.805
xzb.xcore.outp__t74                    2.99982
xzb.xcore.vss__t506                 1.4552e-10
xzb.xcore.outp__t42                    2.99982
xzb.xcore.inp__t44                       2.805
xzb.xcore.tail__t113                   1.22651
xzb.xcore.vss__t507                1.46483e-10
xzb.xcore.tail__t48                    1.22651
xzb.xcore.inp__t43                       2.805
xzb.xcore.outp__t73                    2.99982
xzb.xcore.vss__t508                1.47447e-10
xzb.xcore.outp__t41                    2.99981
xzb.xcore.inp__t42                       2.805
xzb.xcore.tail__t112                   1.22651
xzb.xcore.vss__t509                 1.4841e-10
xzb.xcore.tail__t47                    1.22651
xzb.xcore.inp__t41                       2.805
xzb.xcore.outp__t72                    2.99981
xzb.xcore.vss__t510                1.49374e-10
xzb.xcore.outp__t40                    2.99981
xzb.xcore.inp__t40                       2.805
xzb.xcore.tail__t111                   1.22651
xzb.xcore.vss__t511                1.50337e-10
xzb.xcore.tail__t46                    1.22651
xzb.xcore.inp__t39                       2.805
xzb.xcore.outp__t71                    2.99981
xzb.xcore.vss__t512                1.51301e-10
xzb.xcore.outp__t39                    2.99981
xzb.xcore.inp__t38                       2.805
xzb.xcore.tail__t110                   1.22651
xzb.xcore.vss__t513                1.52264e-10
xzb.xcore.tail__t53                    1.22651
xzb.xcore.inp__t51                       2.805
xzb.xcore.outp__t77                    2.99981
xzb.xcore.vss__t514                1.53228e-10
xzb.xcore.outp__t38                    2.99981
xzb.xcore.inp__t37                       2.805
xzb.xcore.tail__t108                   1.22651
xzb.xcore.vss__t515                1.54191e-10
xzb.xcore.tail__t45                    1.22651
xzb.xcore.inp__t36                       2.805
xzb.xcore.outp__t70                     2.9998
xzb.xcore.vss__t516                1.55154e-10
xzb.xcore.outp__t37                     2.9998
xzb.xcore.inp__t35                       2.805
xzb.xcore.tail__t107                   1.22652
xzb.xcore.vss__t517                1.56118e-10
xzb.xcore.tail__t44                    1.22652
xzb.xcore.inp__t34                       2.805
xzb.xcore.outp__t69                     2.9998
xzb.xcore.vss__t518                1.57081e-10
xzb.xcore.outp__t36                     2.9998
xzb.xcore.inp__t33                       2.805
xzb.xcore.tail__t106                   1.22652
xzb.xcore.vss__t519                1.58044e-10
xzb.xcore.tail__t31                    1.22652
xzb.xcore.inp__t12                       2.805
xzb.xcore.outp__t58                     2.9998
xzb.xcore.vss__t520                1.59007e-10
xzb.xcore.outp__t35                     2.9998
xzb.xcore.inp__t32                       2.805
xzb.xcore.tail__t104                   1.22652
xzb.xcore.vss__t521                1.59971e-10
xzb.xcore.tail__t43                    1.22652
xzb.xcore.inp__t31                       2.805
xzb.xcore.outp__t68                    2.99979
xzb.xcore.vss__t522                1.60934e-10
xzb.xcore.outp__t33                    2.99979
xzb.xcore.inp__t30                       2.805
xzb.xcore.tail__t103                   1.22652
xzb.xcore.vss__t523                1.61897e-10
xzb.xcore.tail__t1                     1.22652
xzb.xcore.inp__t2                        2.805
xzb.xcore.outp__t34                    2.99979
xzb.xcore.vss__t586                 1.6286e-10
xzb.xcore.ibias__t215                  1.26049
xzb.xcore.ibias__t3                    1.26323
xzb.xcore.vss__t2                  2.51858e-05
xzb.xcore.vss__t459                6.61835e-13
xzb.xcore.vss__t81                 2.49859e-05
xzb.xcore.ibias__t158                  1.26323
xzb.xcore.ibias__t216                  1.26052
xzb.xcore.vss__t448                6.56617e-13
xzb.xcore.ibias__t213                  1.26055
xzb.xcore.ibias__t171                  1.26323
xzb.xcore.vss__t190                2.47861e-05
xzb.xcore.vss__t449                6.51398e-13
xzb.xcore.vss__t83                 2.45863e-05
xzb.xcore.ibias__t163                  1.26323
xzb.xcore.ibias__t218                  1.26058
xzb.xcore.vss__t450                6.46178e-13
xzb.xcore.ibias__t212                  1.26061
xzb.xcore.ibias__t162                  1.26323
xzb.xcore.vss__t185                2.43865e-05
xzb.xcore.vss__t451                6.40958e-13
xzb.xcore.vss__t89                 2.41867e-05
xzb.xcore.ibias__t177                  1.26323
xzb.xcore.ibias__t219                  1.26064
xzb.xcore.vss__t452                6.35738e-13
xzb.xcore.ibias__t211                  1.26067
xzb.xcore.ibias__t160                  1.26323
xzb.xcore.vss__t183                2.39868e-05
xzb.xcore.vss__t453                6.30517e-13
xzb.xcore.vss__t82                  2.3787e-05
xzb.xcore.ibias__t159                  1.26323
xzb.xcore.ibias__t217                   1.2607
xzb.xcore.vss__t454                6.25295e-13
xzb.xcore.ibias__t214                  1.26073
xzb.xcore.ibias__t174                  1.26323
xzb.xcore.vss__t192                2.35872e-05
xzb.xcore.vss__t455                6.20074e-13
xzb.xcore.vss__t3                  2.33874e-05
xzb.xcore.ibias__t4                    1.26323
xzb.xcore.ibias__t210                  1.26076
xzb.xcore.vss__t457                6.14851e-13
xzb.xcore.outn__t52                        3.3
xzb.xcore.inn__t1                        1.815
xzb.xcore.tail__t3                     1.22642
xzb.xcore.vss__t461                1.45093e-12
xzb.xcore.tail__t62                    1.22642
xzb.xcore.inn__t58                       1.815
xzb.xcore.outn__t81                        3.3
xzb.xcore.vss__t524                 1.4647e-12
xzb.xcore.outn__t49                        3.3
xzb.xcore.inn__t59                       1.815
xzb.xcore.tail__t124                   1.22642
xzb.xcore.vss__t525                1.47847e-12
xzb.xcore.tail__t63                    1.22642
xzb.xcore.inn__t60                       1.815
xzb.xcore.outn__t82                        3.3
xzb.xcore.vss__t526                1.49224e-12
xzb.xcore.outn__t50                        3.3
xzb.xcore.inn__t61                       1.815
xzb.xcore.tail__t125                   1.22642
xzb.xcore.vss__t527                1.50601e-12
xzb.xcore.tail__t64                    1.22642
xzb.xcore.inn__t62                       1.815
xzb.xcore.outn__t83                        3.3
xzb.xcore.vss__t528                1.51978e-12
xzb.xcore.outn__t46                        3.3
xzb.xcore.inn__t52                       1.815
xzb.xcore.tail__t105                   1.22642
xzb.xcore.vss__t529                1.53355e-12
xzb.xcore.tail__t15                    1.22642
xzb.xcore.inn__t21                       1.815
xzb.xcore.outn__t63                        3.3
xzb.xcore.vss__t530                1.54732e-12
xzb.xcore.outn__t45                        3.3
xzb.xcore.inn__t51                       1.815
xzb.xcore.tail__t100                   1.22642
xzb.xcore.vss__t531                1.56109e-12
xzb.xcore.tail__t34                    1.22642
xzb.xcore.inn__t48                       1.815
xzb.xcore.outn__t76                        3.3
xzb.xcore.vss__t532                1.57487e-12
xzb.xcore.outn__t44                        3.3
xzb.xcore.inn__t50                       1.815
xzb.xcore.tail__t99                    1.22642
xzb.xcore.vss__t533                1.58864e-12
xzb.xcore.tail__t61                    1.22642
xzb.xcore.inn__t57                       1.815
xzb.xcore.outn__t80                        3.3
xzb.xcore.vss__t534                1.60241e-12
xzb.xcore.outn__t40                        3.3
xzb.xcore.inn__t42                       1.815
xzb.xcore.tail__t87                    1.22642
xzb.xcore.vss__t535                1.61618e-12
xzb.xcore.tail__t27                    1.22642
xzb.xcore.inn__t41                       1.815
xzb.xcore.outn__t73                        3.3
xzb.xcore.vss__t536                1.62996e-12
xzb.xcore.outn__t39                        3.3
xzb.xcore.inn__t40                       1.815
xzb.xcore.tail__t86                    1.22642
xzb.xcore.vss__t537                1.64373e-12
xzb.xcore.tail__t26                    1.22642
xzb.xcore.inn__t39                       1.815
xzb.xcore.outn__t72                        3.3
xzb.xcore.vss__t538                 1.6575e-12
xzb.xcore.outn__t38                        3.3
xzb.xcore.inn__t38                       1.815
xzb.xcore.tail__t85                    1.22642
xzb.xcore.vss__t539                1.67128e-12
xzb.xcore.tail__t25                    1.22642
xzb.xcore.inn__t37                       1.815
xzb.xcore.outn__t71                        3.3
xzb.xcore.vss__t540                1.68505e-12
xzb.xcore.outn__t47                        3.3
xzb.xcore.inn__t53                       1.815
xzb.xcore.tail__t109                   1.22642
xzb.xcore.vss__t541                1.69883e-12
xzb.xcore.tail__t52                    1.22642
xzb.xcore.inn__t55                       1.815
xzb.xcore.outn__t78                        3.3
xzb.xcore.vss__t542                 1.7126e-12
xzb.xcore.outn__t48                        3.3
xzb.xcore.inn__t54                       1.815
xzb.xcore.tail__t117                   1.22642
xzb.xcore.vss__t543                1.72638e-12
xzb.xcore.tail__t39                    1.22642
xzb.xcore.inn__t49                       1.815
xzb.xcore.outn__t77                        3.3
xzb.xcore.vss__t544                1.74015e-12
xzb.xcore.outn__t41                        3.3
xzb.xcore.inn__t43                       1.815
xzb.xcore.tail__t89                    1.22642
xzb.xcore.vss__t545                1.75393e-12
xzb.xcore.tail__t29                    1.22642
xzb.xcore.inn__t47                       1.815
xzb.xcore.outn__t75                        3.3
xzb.xcore.vss__t546                 1.7677e-12
xzb.xcore.outn__t43                        3.3
xzb.xcore.inn__t46                       1.815
xzb.xcore.tail__t91                    1.22642
xzb.xcore.vss__t547                1.78148e-12
xzb.xcore.tail__t28                    1.22642
xzb.xcore.inn__t45                       1.815
xzb.xcore.outn__t74                        3.3
xzb.xcore.vss__t548                1.79525e-12
xzb.xcore.outn__t42                        3.3
xzb.xcore.inn__t44                       1.815
xzb.xcore.tail__t90                    1.22642
xzb.xcore.vss__t549                1.80903e-12
xzb.xcore.tail__t59                    1.22642
xzb.xcore.inn__t56                       1.815
xzb.xcore.outn__t79                        3.3
xzb.xcore.vss__t550                1.82281e-12
xzb.xcore.outn__t51                        3.3
xzb.xcore.inn__t63                       1.815
xzb.xcore.tail__t127                   1.22642
xzb.xcore.vss__t551                1.83658e-12
xzb.xcore.tail__t13                    1.22642
xzb.xcore.inn__t19                       1.815
xzb.xcore.outn__t62                        3.3
xzb.xcore.vss__t552                1.85036e-12
xzb.xcore.outn__t28                        3.3
xzb.xcore.inn__t18                       1.815
xzb.xcore.tail__t72                    1.22642
xzb.xcore.vss__t553                1.86414e-12
xzb.xcore.tail__t12                    1.22642
xzb.xcore.inn__t17                       1.815
xzb.xcore.outn__t61                        3.3
xzb.xcore.vss__t554                1.87792e-12
xzb.xcore.outn__t27                        3.3
xzb.xcore.inn__t16                       1.815
xzb.xcore.tail__t71                    1.22642
xzb.xcore.vss__t555                1.89169e-12
xzb.xcore.tail__t11                    1.22642
xzb.xcore.inn__t15                       1.815
xzb.xcore.outn__t60                        3.3
xzb.xcore.vss__t556                1.90547e-12
xzb.xcore.outn__t26                        3.3
xzb.xcore.inn__t14                       1.815
xzb.xcore.tail__t70                    1.22642
xzb.xcore.vss__t557                1.91925e-12
xzb.xcore.tail__t10                    1.22642
xzb.xcore.inn__t13                       1.815
xzb.xcore.outn__t59                        3.3
xzb.xcore.vss__t558                1.93303e-12
xzb.xcore.outn__t25                        3.3
xzb.xcore.inn__t12                       1.815
xzb.xcore.tail__t69                    1.22642
xzb.xcore.vss__t559                1.94681e-12
xzb.xcore.tail__t6                     1.22642
xzb.xcore.inn__t5                        1.815
xzb.xcore.outn__t55                        3.3
xzb.xcore.vss__t560                1.96058e-12
xzb.xcore.outn__t24                        3.3
xzb.xcore.inn__t11                       1.815
xzb.xcore.tail__t68                    1.22642
xzb.xcore.vss__t561                1.97436e-12
xzb.xcore.tail__t4                     1.22642
xzb.xcore.inn__t2                        1.815
xzb.xcore.outn__t53                        3.3
xzb.xcore.vss__t562                1.98814e-12
xzb.xcore.outn__t21                        3.3
xzb.xcore.inn__t3                        1.815
xzb.xcore.tail__t65                    1.22642
xzb.xcore.vss__t563                2.00192e-12
xzb.xcore.tail__t5                     1.22642
xzb.xcore.inn__t4                        1.815
xzb.xcore.outn__t54                        3.3
xzb.xcore.vss__t564                 2.0157e-12
xzb.xcore.outn__t22                        3.3
xzb.xcore.inn__t6                        1.815
xzb.xcore.tail__t66                    1.22642
xzb.xcore.vss__t565                2.02948e-12
xzb.xcore.tail__t7                     1.22642
xzb.xcore.inn__t7                        1.815
xzb.xcore.outn__t56                        3.3
xzb.xcore.vss__t566                2.04326e-12
xzb.xcore.outn__t23                        3.3
xzb.xcore.inn__t8                        1.815
xzb.xcore.tail__t67                    1.22642
xzb.xcore.vss__t567                2.05704e-12
xzb.xcore.tail__t8                     1.22642
xzb.xcore.inn__t9                        1.815
xzb.xcore.outn__t57                        3.3
xzb.xcore.vss__t568                2.07082e-12
xzb.xcore.outn__t29                        3.3
xzb.xcore.inn__t20                       1.815
xzb.xcore.tail__t73                    1.22642
xzb.xcore.vss__t569                 2.0846e-12
xzb.xcore.tail__t9                     1.22642
xzb.xcore.inn__t10                       1.815
xzb.xcore.outn__t58                        3.3
xzb.xcore.vss__t570                2.09838e-12
xzb.xcore.outn__t36                        3.3
xzb.xcore.inn__t35                       1.815
xzb.xcore.tail__t83                    1.22642
xzb.xcore.vss__t571                2.11216e-12
xzb.xcore.tail__t24                    1.22642
xzb.xcore.inn__t34                       1.815
xzb.xcore.outn__t70                        3.3
xzb.xcore.vss__t572                2.12594e-12
xzb.xcore.outn__t35                        3.3
xzb.xcore.inn__t33                       1.815
xzb.xcore.tail__t82                    1.22642
xzb.xcore.vss__t573                2.13972e-12
xzb.xcore.tail__t23                    1.22642
xzb.xcore.inn__t32                       1.815
xzb.xcore.outn__t69                        3.3
xzb.xcore.vss__t574                 2.1535e-12
xzb.xcore.outn__t34                        3.3
xzb.xcore.inn__t31                       1.815
xzb.xcore.tail__t81                    1.22642
xzb.xcore.vss__t575                2.16728e-12
xzb.xcore.tail__t22                    1.22642
xzb.xcore.inn__t30                       1.815
xzb.xcore.outn__t68                        3.3
xzb.xcore.vss__t576                2.18106e-12
xzb.xcore.outn__t33                        3.3
xzb.xcore.inn__t29                       1.815
xzb.xcore.tail__t80                    1.22642
xzb.xcore.vss__t577                2.19484e-12
xzb.xcore.tail__t21                    1.22642
xzb.xcore.inn__t28                       1.815
xzb.xcore.outn__t67                        3.3
xzb.xcore.vss__t578                2.20862e-12
xzb.xcore.outn__t32                        3.3
xzb.xcore.inn__t27                       1.815
xzb.xcore.tail__t79                    1.22642
xzb.xcore.vss__t579                 2.2224e-12
xzb.xcore.tail__t20                    1.22642
xzb.xcore.inn__t26                       1.815
xzb.xcore.outn__t66                        3.3
xzb.xcore.vss__t580                2.23618e-12
xzb.xcore.outn__t37                        3.3
xzb.xcore.inn__t36                       1.815
xzb.xcore.tail__t84                    1.22642
xzb.xcore.vss__t581                2.24996e-12
xzb.xcore.tail__t18                    1.22642
xzb.xcore.inn__t25                       1.815
xzb.xcore.outn__t65                        3.3
xzb.xcore.vss__t582                2.26375e-12
xzb.xcore.outn__t31                        3.3
xzb.xcore.inn__t24                       1.815
xzb.xcore.tail__t78                    1.22642
xzb.xcore.vss__t583                2.27753e-12
xzb.xcore.tail__t17                    1.22642
xzb.xcore.inn__t23                       1.815
xzb.xcore.outn__t64                        3.3
xzb.xcore.vss__t584                2.29131e-12
xzb.xcore.outn__t30                        3.3
xzb.xcore.inn__t22                       1.815
xzb.xcore.tail__t77                    1.22642
xzb.xcore.vss__t585                2.30509e-12
xzb.xcore.tail__t2                     1.22642
xzb.xcore.inn__t0                        1.815
xzb.xcore.outn__t20                        3.3
xzb.xcore.vss__t587                2.31887e-12
xzb.xcore.vss__t210                2.79342e-12
xzb.xcore.outp__t16                          3
xzb.xcore.vss__t211                2.76059e-12
xzb.xcore.outp__t17                          3
xzb.xcore.vss__t212                2.72778e-12
xzb.xcore.outp__t18                          3
xzb.xcore.vss__t213                  2.695e-12
xzb.xcore.outp__t19                          3
xzb.xcore.vss__t214                2.66225e-12
xzb.xcore.outp__t0                           3
xzb.xcore.vss__t215                2.62953e-12
xzb.xcore.outp__t1                           3
xzb.xcore.vss__t216                2.59684e-12
xzb.xcore.outp__t2                           3
xzb.xcore.vss__t217                2.56418e-12
xzb.xcore.outp__t3                           3
xzb.xcore.vss__t218                2.53155e-12
xzb.xcore.outp__t4                           3
xzb.xcore.vss__t219                2.49896e-12
xzb.xcore.outp__t15                          3
xzb.xcore.vss__t220                 2.4664e-12
xzb.xcore.outp__t6                           3
xzb.xcore.vss__t221                2.43388e-12
xzb.xcore.outp__t7                           3
xzb.xcore.vss__t222                 2.4014e-12
xzb.xcore.outp__t8                           3
xzb.xcore.vss__t223                2.36896e-12
xzb.xcore.outp__t9                           3
xzb.xcore.vss__t224                2.33657e-12
xzb.xcore.outp__t10                          3
xzb.xcore.vss__t225                2.30421e-12
xzb.xcore.outp__t11                          3
xzb.xcore.vss__t226                 2.2719e-12
xzb.xcore.outp__t12                          3
xzb.xcore.vss__t227                2.23964e-12
xzb.xcore.outp__t13                          3
xzb.xcore.vss__t228                2.20743e-12
xzb.xcore.outp__t14                          3
xzb.xcore.vss__t229                2.17527e-12
xzb.xcore.outp__t5                           3
xzb.xcore.vss__t230                2.18457e-12
xzb.xcore.outn__t0                         3.3
xzb.xcore.vss__t231                2.21955e-12
xzb.xcore.outn__t5                         3.3
xzb.xcore.vss__t232                 2.2546e-12
xzb.xcore.outn__t6                         3.3
xzb.xcore.vss__t233                2.28973e-12
xzb.xcore.outn__t7                         3.3
xzb.xcore.vss__t234                2.32492e-12
xzb.xcore.outn__t8                         3.3
xzb.xcore.vss__t235                2.36018e-12
xzb.xcore.outn__t9                         3.3
xzb.xcore.vss__t236                2.39551e-12
xzb.xcore.outn__t10                        3.3
xzb.xcore.vss__t237                2.43089e-12
xzb.xcore.outn__t11                        3.3
xzb.xcore.vss__t238                2.46632e-12
xzb.xcore.outn__t12                        3.3
xzb.xcore.vss__t239                2.50182e-12
xzb.xcore.outn__t13                        3.3
xzb.xcore.vss__t240                2.53736e-12
xzb.xcore.outn__t14                        3.3
xzb.xcore.vss__t241                2.57295e-12
xzb.xcore.outn__t15                        3.3
xzb.xcore.vss__t242                2.60859e-12
xzb.xcore.outn__t16                        3.3
xzb.xcore.vss__t243                2.64428e-12
xzb.xcore.outn__t17                        3.3
xzb.xcore.vss__t244                2.68001e-12
xzb.xcore.outn__t19                        3.3
xzb.xcore.vss__t245                2.71579e-12
xzb.xcore.outn__t18                        3.3
xzb.xcore.vss__t246                 2.7516e-12
xzb.xcore.outn__t1                         3.3
xzb.xcore.vss__t247                2.78746e-12
xzb.xcore.outn__t2                         3.3
xzb.xcore.vss__t248                2.82335e-12
xzb.xcore.outn__t3                         3.3
xzb.xcore.vss__t249                2.85928e-12
xzb.xcore.outn__t4                         3.3
ib_zb                                  1.26323
xzb.xcore.vsubs                              0
outn_zb                                    3.3
outp_zb                                      3
xzb.tail                               1.22642
ediff_cmis#branch                            0
ediff_c2#branch                              0
ediff_c1#branch                              0
ediff_c0#branch                              0
einref#branch                                0
vforce_zb#branch                   -0.00998625
vforce_za#branch                   -0.00997906
vsens_z#branch                       0.0104827
vwinc#branch                                 0
vwin#branch                                  0
vinnz#branch                      -1.09099e-14
vinpz#branch                      -7.18225e-15
vinn#branch                       -5.27901e-14
vinp#branch                         6.5183e-14
vavcchi#branch                     -0.00998855
vavcclo#branch                     -0.00997661
vavcc#branch                        -0.0499136

 Reference value :  0.00000e+00
 Reference value :  1.85600e-10
 Reference value :  5.45600e-10
 Reference value :  9.05600e-10
 Reference value :  1.28560e-09
 Reference value :  1.68560e-09
 Reference value :  2.06560e-09
 Reference value :  2.42560e-09
 Reference value :  2.78560e-09
 Reference value :  3.14560e-09
 Reference value :  3.50560e-09
 Reference value :  3.86560e-09
 Reference value :  4.22560e-09
 Reference value :  4.58560e-09
 Reference value :  4.94560e-09
 Reference value :  5.30560e-09
 Reference value :  5.66560e-09
 Reference value :  6.02560e-09
 Reference value :  6.38560e-09
 Reference value :  6.76560e-09
 Reference value :  7.12560e-09
 Reference value :  7.48560e-09
 Reference value :  7.86560e-09
 Reference value :  8.22560e-09
 Reference value :  8.58560e-09
 Reference value :  8.94560e-09
 Reference value :  9.32560e-09
 Reference value :  9.72560e-09
 Reference value :  1.00856e-08
 Reference value :  1.04456e-08
 Reference value :  1.08056e-08
 Reference value :  1.11856e-08
 Reference value :  1.15456e-08
 Reference value :  1.19056e-08
 Reference value :  1.21214e-08
 Reference value :  1.21341e-08
 Reference value :  1.21555e-08
 Reference value :  1.21801e-08
 Reference value :  1.21979e-08
 Reference value :  1.22042e-08
 Reference value :  1.22303e-08
 Reference value :  1.22871e-08
 Reference value :  1.24790e-08
 Reference value :  1.28390e-08
 Reference value :  1.31990e-08
 Reference value :  1.34681e-08
 Reference value :  1.34776e-08
 Reference value :  1.35010e-08
 Reference value :  1.35220e-08
 Reference value :  1.35442e-08
 Reference value :  1.35498e-08
 Reference value :  1.35648e-08
 Reference value :  1.36080e-08
 Reference value :  1.37089e-08
 Reference value :  1.37941e-08
 Reference value :  1.39088e-08
 Reference value :  1.42688e-08
 Reference value :  1.44162e-08
 Reference value :  1.47475e-08
 Reference value :  1.48171e-08
 Reference value :  1.48368e-08
 Reference value :  1.48551e-08
 Reference value :  1.48787e-08
 Reference value :  1.48949e-08
 Reference value :  1.49041e-08
 Reference value :  1.49378e-08
 Reference value :  1.50029e-08
 Reference value :  1.52190e-08
 Reference value :  1.53756e-08
 Reference value :  1.57356e-08
 Reference value :  1.58543e-08
 Reference value :  1.61616e-08
 Reference value :  1.61711e-08
 Reference value :  1.61945e-08
 Reference value :  1.62155e-08
 Reference value :  1.62377e-08
 Reference value :  1.62443e-08
 Reference value :  1.62625e-08
 Reference value :  1.63106e-08
 Reference value :  1.64233e-08
 Reference value :  1.65677e-08
 Reference value :  1.68624e-08
 Reference value :  1.71054e-08
 Reference value :  1.73411e-08
 Reference value :  1.75087e-08
 Reference value :  1.75224e-08
 Reference value :  1.75436e-08
 Reference value :  1.75679e-08
 Reference value :  1.75870e-08
 Reference value :  1.75924e-08
 Reference value :  1.76206e-08
 Reference value :  1.76806e-08
 Reference value :  1.78985e-08
 Reference value :  1.80492e-08
 Reference value :  1.84292e-08
 Reference value :  1.85679e-08
 Reference value :  1.88553e-08
 Reference value :  1.88648e-08
 Reference value :  1.88881e-08
 Reference value :  1.89091e-08
 Reference value :  1.89313e-08
 Reference value :  1.89379e-08
 Reference value :  1.89540e-08
 Reference value :  1.89996e-08
 Reference value :  1.90969e-08
 Reference value :  1.92605e-08
 Reference value :  1.95160e-08
 Reference value :  1.97986e-08
 Reference value :  1.99947e-08
 Reference value :  2.02022e-08
 Reference value :  2.02141e-08
 Reference value :  2.02356e-08
 Reference value :  2.02591e-08
 Reference value :  2.02791e-08
 Reference value :  2.02849e-08
 Reference value :  2.03108e-08
 Reference value :  2.03674e-08
 Reference value :  2.05581e-08
 Reference value :  2.06628e-08
 Reference value :  2.10228e-08
 Reference value :  2.11547e-08
 Reference value :  2.12894e-08
 Reference value :  2.14694e-08
 Reference value :  2.14865e-08
 Reference value :  2.15048e-08
 Reference value :  2.15332e-08
 Reference value :  2.15488e-08
 Reference value :  2.15554e-08
 Reference value :  2.15807e-08
 Reference value :  2.16442e-08
 Reference value :  2.18258e-08
 Reference value :  2.21858e-08
 Reference value :  2.25458e-08
 Reference value :  2.28858e-08
 Reference value :  2.32458e-08
 Reference value :  2.36058e-08
 Reference value :  2.39658e-08
 Reference value :  2.43258e-08
 Reference value :  2.46858e-08
 Reference value :  2.50458e-08
 Reference value :  2.54058e-08
 Reference value :  2.57658e-08
 Reference value :  2.61258e-08
 Reference value :  2.64858e-08
 Reference value :  2.68458e-08
 Reference value :  2.72258e-08
 Reference value :  2.75858e-08
 Reference value :  2.79458e-08
 Reference value :  2.83058e-08
 Reference value :  2.86658e-08
 Reference value :  2.90258e-08
 Reference value :  2.93858e-08
 Reference value :  2.97458e-08
 Reference value :  3.01058e-08
 Reference value :  3.04658e-08
 Reference value :  3.08258e-08
 Reference value :  3.11858e-08
 Reference value :  3.15458e-08
 Reference value :  3.19058e-08
 Reference value :  3.22658e-08
 Reference value :  3.26258e-08
 Reference value :  3.29858e-08
 Reference value :  3.33458e-08
 Reference value :  3.36700e-08
 Reference value :  3.36778e-08
 Reference value :  3.37013e-08
 Reference value :  3.37271e-08
 Reference value :  3.37471e-08
 Reference value :  3.37529e-08
 Reference value :  3.37821e-08
 Reference value :  3.38353e-08
 Reference value :  3.40257e-08
 Reference value :  3.43857e-08
 Reference value :  3.47457e-08
 Reference value :  3.50169e-08
 Reference value :  3.50265e-08
 Reference value :  3.50499e-08
 Reference value :  3.50709e-08
 Reference value :  3.50932e-08
 Reference value :  3.50985e-08
 Reference value :  3.51174e-08
 Reference value :  3.51653e-08
 Reference value :  3.52963e-08
 Reference value :  3.56363e-08
 Reference value :  3.59963e-08
 Reference value :  3.63636e-08
 Reference value :  3.63691e-08
 Reference value :  3.63909e-08
 Reference value :  3.64147e-08
 Reference value :  3.64369e-08
 Reference value :  3.64441e-08
 Reference value :  3.64604e-08
 Reference value :  3.65025e-08
 Reference value :  3.66011e-08
 Reference value :  3.69197e-08
 Reference value :  3.72797e-08
 Reference value :  3.76397e-08
 Reference value :  3.77134e-08
 Reference value :  3.77349e-08
 Reference value :  3.77528e-08
 Reference value :  3.77785e-08
 Reference value :  3.77907e-08
 Reference value :  3.78024e-08
 Reference value :  3.78422e-08
 Reference value :  3.79345e-08
 Reference value :  3.83705e-08
 Reference value :  3.87305e-08
 Reference value :  3.90573e-08
 Reference value :  3.90638e-08
 Reference value :  3.90844e-08
 Reference value :  3.91056e-08
 Reference value :  3.91282e-08
 Reference value :  3.91374e-08
 Reference value :  3.91499e-08
 Reference value :  3.91878e-08
 Reference value :  3.92658e-08
 Reference value :  3.95336e-08
 Reference value :  3.98736e-08
 Reference value :  4.02136e-08
 Reference value :  4.04043e-08
 Reference value :  4.04177e-08
 Reference value :  4.04371e-08
 Reference value :  4.04581e-08
 Reference value :  4.04804e-08
 Reference value :  4.04857e-08
 Reference value :  4.05008e-08
 Reference value :  4.05397e-08
 Reference value :  4.06158e-08
 Reference value :  4.08645e-08
 Reference value :  4.12045e-08
 Reference value :  4.15445e-08
 Reference value :  4.17510e-08
 Reference value :  4.17629e-08
 Reference value :  4.17843e-08
 Reference value :  4.18078e-08
 Reference value :  4.18260e-08
 Reference value :  4.18316e-08
 Reference value :  4.18476e-08
 Reference value :  4.18898e-08
 Reference value :  4.19887e-08
 Reference value :  4.22874e-08
 Reference value :  4.26274e-08
 Reference value :  4.29674e-08
 Reference value :  4.30206e-08
 Reference value :  4.30407e-08
 Reference value :  4.30550e-08
 Reference value :  4.30838e-08
 Reference value :  4.30977e-08
 Reference value :  4.31045e-08
 Reference value :  4.31266e-08
 Reference value :  4.31818e-08
 Reference value :  4.33383e-08
 Reference value :  4.36583e-08
 Reference value :  4.39983e-08
 Reference value :  4.43383e-08
 Reference value :  4.46783e-08
 Reference value :  4.50183e-08
 Reference value :  4.53383e-08
 Reference value :  4.56783e-08
 Reference value :  4.60183e-08
 Reference value :  4.63583e-08
 Reference value :  4.66983e-08
 Reference value :  4.70383e-08
 Reference value :  4.73783e-08
 Reference value :  4.77183e-08
 Reference value :  4.80783e-08
 Reference value :  4.84183e-08
 Reference value :  4.87983e-08
 Reference value :  4.91583e-08
 Reference value :  4.95183e-08
 Reference value :  4.98983e-08
 Reference value :  5.02383e-08
 Reference value :  5.06183e-08
 Reference value :  5.09583e-08
 Reference value :  5.13383e-08
 Reference value :  5.16783e-08
 Reference value :  5.20383e-08
 Reference value :  5.24383e-08
 Reference value :  5.27983e-08
 Reference value :  5.31783e-08
 Reference value :  5.35783e-08
 Reference value :  5.39383e-08
 Reference value :  5.42983e-08
 Reference value :  5.46383e-08
 Reference value :  5.50583e-08
 Reference value :  5.52190e-08
 Reference value :  5.52342e-08
 Reference value :  5.52552e-08
 Reference value :  5.52800e-08
 Reference value :  5.52972e-08
 Reference value :  5.53054e-08
 Reference value :  5.53458e-08
 Reference value :  5.54418e-08
 Reference value :  5.57966e-08
 Reference value :  5.61966e-08
 Reference value :  5.65366e-08
 Reference value :  5.65710e-08
 Reference value :  5.65916e-08
 Reference value :  5.66096e-08
 Reference value :  5.66357e-08
 Reference value :  5.66459e-08
 Reference value :  5.66562e-08
 Reference value :  5.66937e-08
 Reference value :  5.67903e-08
 Reference value :  5.71065e-08
 Reference value :  5.74865e-08
 Reference value :  5.78465e-08
 Reference value :  5.79158e-08
 Reference value :  5.79361e-08
 Reference value :  5.79612e-08
 Reference value :  5.79861e-08
 Reference value :  5.79929e-08
 Reference value :  5.80111e-08
 Reference value :  5.80646e-08
 Reference value :  5.82436e-08
 Reference value :  5.86236e-08
 Reference value :  5.90036e-08
 Reference value :  5.92594e-08
 Reference value :  5.92751e-08
 Reference value :  5.92937e-08
 Reference value :  5.93183e-08
 Reference value :  5.93393e-08
 Reference value :  5.93429e-08
 Reference value :  5.93650e-08
 Reference value :  5.94180e-08
 Reference value :  5.95802e-08
 Reference value :  5.99202e-08
 Reference value :  6.02602e-08
 Reference value :  6.06061e-08
 Reference value :  6.06126e-08
 Reference value :  6.06332e-08
 Reference value :  6.06609e-08
 Reference value :  6.06797e-08
 Reference value :  6.06910e-08
 Reference value :  6.07356e-08
 Reference value :  6.08116e-08
No. of Data Rows : 5011
m_ui_ref            =  1.34680e-09 targ=  1.35080e-08 trig=  1.21612e-08
m_spa_in            =  5.38721e-09 targ=  1.75484e-08 trig=  1.21612e-08
m_spb_in            =  4.04040e-09 targ=  1.62016e-08 trig=  1.21612e-08
m_spa_c0            =  5.38721e-09 targ=  1.75590e-08 trig=  1.21718e-08
m_spb_c0            =  4.04050e-09 targ=  1.62123e-08 trig=  1.21718e-08
m_trise_c0          =  4.79729e-11 targ=  1.35399e-08 trig=  1.34920e-08
m_tfall_c0          =  4.66378e-11 targ=  1.48864e-08 trig=  1.48397e-08
m_spa_c1            =  5.38721e-09 targ=  1.75903e-08 trig=  1.22031e-08
m_spb_c1            =  4.04043e-09 targ=  1.62435e-08 trig=  1.22031e-08
m_trise_c1          =  1.25255e-10 targ=  1.36351e-08 trig=  1.35099e-08
m_tfall_c1          =  1.23832e-10 targ=  1.49807e-08 trig=  1.48568e-08
m_spa_c2            =  5.38720e-09 targ=  1.76205e-08 trig=  1.22333e-08
m_spb_c2            =  4.04051e-09 targ=  1.62738e-08 trig=  1.22333e-08
m_trise_c2          =  2.32899e-10 targ=  1.37516e-08 trig=  1.35187e-08
m_tfall_c2          =  2.30560e-10 targ=  1.50962e-08 trig=  1.48656e-08
m_spa_cmis          =  5.38720e-09 targ=  1.76007e-08 trig=  1.22135e-08
m_spb_cmis          =  4.04185e-09 targ=  1.62554e-08 trig=  1.22135e-08
m_dj_ui_c0 = 7.1280018355e-05
m_swing_c0 = 5.0087065112e-01
m_vpp_c0 = 6.0186330781e-01
m_vcm_c0 = 3.0488681051e+00
m_dj_ui_c1 = 2.3017505927e-05
m_swing_c1 = 5.0020651535e-01
m_vpp_c1 = 5.0649908879e-01
m_vcm_c1 = 3.0491357440e+00
m_dj_ui_c2 = 8.0190020649e-05
m_swing_c2 = 4.9925023235e-01
m_vpp_c2 = 5.0344619711e-01
m_vcm_c2 = 3.0498281755e+00
m_dj_ui_cmis = 1.0729127763e-03
m_swing_cmis = 4.9913200752e-01
m_swing_avcclo = 4.9985698137e-01
m_vcm_avcclo = 2.7193156910e+00
m_swing_avcchi = 5.0052867222e-01
m_vcm_avcchi = 3.3789687128e+00
m_vgs_sw_max = 1.6708650626e+00
m_vgd_sw_max = 1.8150007067e+00
m_vds_sw_max = 2.5501509139e+00
m_vgs_tail_max = 1.2664038171e+00
m_vds_tail_max = 1.2314910853e+00
m_swing_dc = 4.9913630251e-01
m_vcm_dc = 3.0504317844e+00
m_ioff_dc = 1.2872831157e-09
m_itail_dc = 9.9827286247e-03
m_icell_dc = 1.0482728631e-02
m_ro_leg = 5.5629074959e+04
Note: Simulation executed from .control section 

Warning: m=xx on .subckt line will override multiplier m hierarchy!

Warning: diode_nd2ps_06v0: IKR too small - model effect disabled!
